  0
SECTION
  2
HEADER
  9
$ACADVER
  1
AC1032
  9
$ACADMAINTVER
 90
       55
  9
$DWGCODEPAGE
  3
ANSI_936
  9
$LASTSAVEDBY
  1
zsn
  9
$REQUIREDVERSIONS
160
                 0
  9
$INSBASE
 10
0.0
 20
0.0
 30
0.0
  9
$EXTMIN
 10
26085.69987153331
 20
-12217.32568945925
 30
-0.0002349674244453
  9
$EXTMAX
 10
26681.46083439738
 20
-11795.96910034746
 30
0.0003524869911651
  9
$LIMMIN
 10
-100.0
 20
-100.0
  9
$LIMMAX
 10
100.0
 20
100.0
  9
$ORTHOMODE
 70
     0
  9
$REGENMODE
 70
     1
  9
$FILLMODE
 70
     1
  9
$QTEXTMODE
 70
     0
  9
$MIRRTEXT
 70
     0
  9
$LTSCALE
 40
10.0
  9
$ATTMODE
 70
     1
  9
$TEXTSIZE
 40
60.0
  9
$TRACEWID
 40
1.0
  9
$TEXTSTYLE
  7
Standard
  9
$CLAYER
  8
0
  9
$CELTYPE
  6
ByLayer
  9
$CECOLOR
 62
   256
  9
$CELTSCALE
 40
1.0
  9
$DISPSILH
 70
     0
  9
$DIMSCALE
 40
1.0
  9
$DIMASZ
 40
1.0
  9
$DIMEXO
 40
2.0
  9
$DIMDLI
 40
0.0
  9
$DIMRND
 40
0.0
  9
$DIMDLE
 40
0.0
  9
$DIMEXE
 40
2.0
  9
$DIMTP
 40
0.0
  9
$DIMTM
 40
0.0
  9
$DIMTXT
 40
2.5
  9
$DIMCEN
 40
0.09
  9
$DIMTSZ
 40
0.0
  9
$DIMTOL
 70
     0
  9
$DIMLIM
 70
     0
  9
$DIMTIH
 70
     0
  9
$DIMTOH
 70
     0
  9
$DIMSE1
 70
     0
  9
$DIMSE2
 70
     0
  9
$DIMTAD
 70
     1
  9
$DIMZIN
 70
     0
  9
$DIMBLK
  1
Oblique
  9
$DIMASO
 70
     1
  9
$DIMSHO
 70
     1
  9
$DIMPOST
  1

  9
$DIMAPOST
  1

  9
$DIMALT
 70
     0
  9
$DIMALTD
 70
     2
  9
$DIMALTF
 40
25.4
  9
$DIMLFAC
 40
20.0
  9
$DIMTOFL
 70
     1
  9
$DIMTVP
 40
0.0
  9
$DIMTIX
 70
     1
  9
$DIMSOXD
 70
     0
  9
$DIMSAH
 70
     0
  9
$DIMBLK1
  1

  9
$DIMBLK2
  1

  9
$DIMSTYLE
  2
BZ
  9
$DIMCLRD
 70
     1
  9
$DIMCLRE
 70
     1
  9
$DIMCLRT
 70
     7
  9
$DIMTFAC
 40
1.4
  9
$DIMGAP
 40
1.0
  9
$DIMJUST
 70
     0
  9
$DIMSD1
 70
     0
  9
$DIMSD2
 70
     0
  9
$DIMTOLJ
 70
     1
  9
$DIMTZIN
 70
     0
  9
$DIMALTZ
 70
     0
  9
$DIMALTTZ
 70
     0
  9
$DIMUPT
 70
     0
  9
$DIMDEC
 70
     0
  9
$DIMTDEC
 70
     0
  9
$DIMALTU
 70
     2
  9
$DIMALTTD
 70
     2
  9
$DIMTXSTY
  7
DXT
  9
$DIMAUNIT
 70
     0
  9
$DIMADEC
 70
     0
  9
$DIMALTRND
 40
0.0
  9
$DIMAZIN
 70
     0
  9
$DIMDSEP
 70
    46
  9
$DIMATFIT
 70
     3
  9
$DIMFRAC
 70
     0
  9
$DIMLDRBLK
  1
Oblique
  9
$DIMLUNIT
 70
     2
  9
$DIMLWD
 70
    -2
  9
$DIMLWE
 70
    -2
  9
$DIMTMOVE
 70
     2
  9
$DIMFXL
 40
1.0
  9
$DIMFXLON
 70
     0
  9
$DIMJOGANG
 40
0.7853981633974483
  9
$DIMTFILL
 70
     0
  9
$DIMTFILLCLR
 70
     0
  9
$DIMARCSYM
 70
     0
  9
$DIMLTYPE
  6

  9
$DIMLTEX1
  6

  9
$DIMLTEX2
  6

  9
$DIMTXTDIRECTION
 70
     0
  9
$LUNITS
 70
     2
  9
$LUPREC
 70
     2
  9
$SKETCHINC
 40
1.0
  9
$FILLETRAD
 40
0.0
  9
$AUNITS
 70
     0
  9
$AUPREC
 70
     0
  9
$MENU
  1
.
  9
$ELEVATION
 40
0.0
  9
$PELEVATION
 40
0.0
  9
$THICKNESS
 40
0.0
  9
$LIMCHECK
 70
     0
  9
$CHAMFERA
 40
2.0
  9
$CHAMFERB
 40
2.0
  9
$CHAMFERC
 40
0.0
  9
$CHAMFERD
 40
0.0
  9
$SKPOLY
 70
     0
  9
$TDCREATE
 40
2456793.611478588
  9
$TDUCREATE
 40
2456793.278145255
  9
$TDUPDATE
 40
2461293.944733658
  9
$TDUUPDATE
 40
2461293.611400324
  9
$TDINDWG
 40
12.3140119676
  9
$TDUSRTIMER
 40
12.3140119676
  9
$USRTIMER
 70
     1
  9
$ANGBASE
 50
0.0
  9
$ANGDIR
 70
     0
  9
$PDMODE
 70
     0
  9
$PDSIZE
 40
0.0
  9
$PLINEWID
 40
0.25
  9
$SPLFRAME
 70
     0
  9
$SPLINETYPE
 70
     6
  9
$SPLINESEGS
 70
     8
  9
$HANDSEED
  5
A8A
  9
$SURFTAB1
 70
     6
  9
$SURFTAB2
 70
     6
  9
$SURFTYPE
 70
     6
  9
$SURFU
 70
     6
  9
$SURFV
 70
     6
  9
$UCSBASE
  2

  9
$UCSNAME
  2

  9
$UCSORG
 10
0.0
 20
0.0
 30
0.0
  9
$UCSXDIR
 10
1.0
 20
0.0
 30
0.0
  9
$UCSYDIR
 10
0.0
 20
1.0
 30
0.0
  9
$UCSORTHOREF
  2

  9
$UCSORTHOVIEW
 70
     0
  9
$UCSORGTOP
 10
0.0
 20
0.0
 30
0.0
  9
$UCSORGBOTTOM
 10
0.0
 20
0.0
 30
0.0
  9
$UCSORGLEFT
 10
0.0
 20
0.0
 30
0.0
  9
$UCSORGRIGHT
 10
0.0
 20
0.0
 30
0.0
  9
$UCSORGFRONT
 10
0.0
 20
0.0
 30
0.0
  9
$UCSORGBACK
 10
0.0
 20
0.0
 30
0.0
  9
$PUCSBASE
  2

  9
$PUCSNAME
  2

  9
$PUCSORG
 10
0.0
 20
0.0
 30
0.0
  9
$PUCSXDIR
 10
1.0
 20
0.0
 30
0.0
  9
$PUCSYDIR
 10
0.0
 20
1.0
 30
0.0
  9
$PUCSORTHOREF
  2

  9
$PUCSORTHOVIEW
 70
     0
  9
$PUCSORGTOP
 10
0.0
 20
0.0
 30
0.0
  9
$PUCSORGBOTTOM
 10
0.0
 20
0.0
 30
0.0
  9
$PUCSORGLEFT
 10
0.0
 20
0.0
 30
0.0
  9
$PUCSORGRIGHT
 10
0.0
 20
0.0
 30
0.0
  9
$PUCSORGFRONT
 10
0.0
 20
0.0
 30
0.0
  9
$PUCSORGBACK
 10
0.0
 20
0.0
 30
0.0
  9
$USERI1
 70
     0
  9
$USERI2
 70
     0
  9
$USERI3
 70
     0
  9
$USERI4
 70
     0
  9
$USERI5
 70
     0
  9
$USERR1
 40
0.0
  9
$USERR2
 40
0.0
  9
$USERR3
 40
0.0
  9
$USERR4
 40
0.0
  9
$USERR5
 40
0.0
  9
$WORLDVIEW
 70
     1
  9
$SHADEDGE
 70
     3
  9
$SHADEDIF
 70
    70
  9
$TILEMODE
 70
     1
  9
$MAXACTVP
 70
    64
  9
$PINSBASE
 10
0.0
 20
0.0
 30
0.0
  9
$PLIMCHECK
 70
     0
  9
$PEXTMIN
 10
0.0
 20
0.0
 30
0.0
  9
$PEXTMAX
 10
0.0
 20
0.0
 30
0.0
  9
$PLIMMIN
 10
0.0
 20
0.0
  9
$PLIMMAX
 10
12.0
 20
9.0
  9
$UNITMODE
 70
     0
  9
$VISRETAIN
 70
     1
  9
$PLINEGEN
 70
     0
  9
$PSLTSCALE
 70
     1
  9
$TREEDEPTH
 70
  3020
  9
$CMLSTYLE
  2
Standard
  9
$CMLJUST
 70
     0
  9
$CMLSCALE
 40
20.0
  9
$PROXYGRAPHICS
 70
     1
  9
$MEASUREMENT
 70
     1
  9
$CELWEIGHT
370
    -1
  9
$ENDCAPS
280
     0
  9
$JOINSTYLE
280
     0
  9
$LWDISPLAY
290
     0
  9
$INSUNITS
 70
     4
  9
$HYPERLINKBASE
  1

  9
$STYLESHEET
  1

  9
$XEDIT
290
     1
  9
$CEPSNTYPE
380
     0
  9
$PSTYLEMODE
290
     1
  9
$FINGERPRINTGUID
  2
{81E69A05-41DC-4689-A5FB-92CD304512AA}
  9
$VERSIONGUID
  2
{9D07022F-3D6E-4904-A80F-F3B4FC13D48D}
  9
$EXTNAMES
290
     1
  9
$PSVPSCALE
 40
0.0
  9
$OLESTARTUP
290
     0
  9
$SORTENTS
280
   127
  9
$INDEXCTL
280
     0
  9
$HIDETEXT
280
     1
  9
$XCLIPFRAME
280
     0
  9
$HALOGAP
280
     0
  9
$OBSCOLOR
 70
   257
  9
$OBSLTYPE
280
     0
  9
$INTERSECTIONDISPLAY
280
     0
  9
$INTERSECTIONCOLOR
 70
   257
  9
$DIMASSOC
280
     2
  9
$PROJECTNAME
  1

  9
$CAMERADISPLAY
290
     0
  9
$LENSLENGTH
 40
50.0
  9
$CAMERAHEIGHT
 40
0.0
  9
$STEPSPERSEC
 40
2.0
  9
$STEPSIZE
 40
6.0
  9
$3DDWFPREC
 40
2.0
  9
$PSOLWIDTH
 40
0.25
  9
$PSOLHEIGHT
 40
4.0
  9
$LOFTANG1
 40
1.570796326794897
  9
$LOFTANG2
 40
1.570796326794897
  9
$LOFTMAG1
 40
0.0
  9
$LOFTMAG2
 40
0.0
  9
$LOFTPARAM
 70
     7
  9
$LOFTNORMALS
280
     1
  9
$LATITUDE
 40
37.795
  9
$LONGITUDE
 40
-122.394
  9
$NORTHDIRECTION
 40
0.0
  9
$TIMEZONE
 70
 -8000
  9
$LIGHTGLYPHDISPLAY
280
     1
  9
$TILEMODELIGHTSYNCH
280
     1
  9
$CMATERIAL
347
40
  9
$SOLIDHIST
280
     0
  9
$SHOWHIST
280
     1
  9
$DWFFRAME
280
     2
  9
$DGNFRAME
280
     2
  9
$REALWORLDSCALE
290
     1
  9
$INTERFERECOLOR
 62
   256
  9
$CSHADOW
280
     0
  9
$SHADOWPLANELOCATION
 40
0.0
  0
ENDSEC
  0
SECTION
  2
CLASSES
  0
CLASS
  1
ACDBDICTIONARYWDFLT
  2
AcDbDictionaryWithDefault
  3
ObjectDBX Classes
 90
        0
 91
        3
280
     0
281
     0
  0
CLASS
  1
ACDBPLACEHOLDER
  2
AcDbPlaceHolder
  3
ObjectDBX Classes
 90
        0
 91
        1
280
     0
281
     0
  0
CLASS
  1
LAYOUT
  2
AcDbLayout
  3
ObjectDBX Classes
 90
        0
 91
        1
280
     0
281
     0
  0
CLASS
  1
DICTIONARYVAR
  2
AcDbDictionaryVar
  3
ObjectDBX Classes
 90
        0
 91
        3
280
     0
281
     0
  0
CLASS
  1
SORTENTSTABLE
  2
AcDbSortentsTable
  3
ObjectDBX Classes
 90
        0
 91
        3
280
     0
281
     0
  0
CLASS
  1
DIMASSOC
  2
AcDbDimAssoc
  3
"AcDbDimAssoc|Product Desc:     AcDim ARX App For Dimension|Company:          Autodesk, Inc.|WEB Address:      www.autodesk.com"
 90
        0
 91
        3
280
     0
281
     0
  0
CLASS
  1
MATERIAL
  2
AcDbMaterial
  3
ObjectDBX Classes
 90
     1153
 91
        3
280
     0
281
     0
  0
CLASS
  1
VISUALSTYLE
  2
AcDbVisualStyle
  3
ObjectDBX Classes
 90
     4095
 91
        3
280
     0
281
     0
  0
CLASS
  1
TABLESTYLE
  2
AcDbTableStyle
  3
ObjectDBX Classes
 90
     4095
 91
        3
280
     0
281
     0
  0
CLASS
  1
SCALE
  2
AcDbScale
  3
ObjectDBX Classes
 90
     1153
 91
        3
280
     0
281
     0
  0
CLASS
  1
MLEADERSTYLE
  2
AcDbMLeaderStyle
  3
ACDB_MLEADERSTYLE_CLASS
 90
     4095
 91
        3
280
     0
281
     0
  0
CLASS
  1
CELLSTYLEMAP
  2
AcDbCellStyleMap
  3
ObjectDBX Classes
 90
     1152
 91
        3
280
     0
281
     0
  0
CLASS
  1
SOLID_BACKGROUND
  2
AcDbSolidBackground
  3
SCENEOE
 90
     4095
 91
        3
280
     0
281
     0
  0
CLASS
  1
NPOCOLLECTION
  2
AcDbImpNonPersistentObjectsCollection
  3
ObjectDBX Classes
 90
     1153
 91
        1
280
     1
281
     0
  0
CLASS
  1
ACAD_EVALUATION_GRAPH
  2
AcDbEvalGraph
  3
ObjectDBX Classes
 90
     1153
 91
        1
280
     1
281
     0
  0
CLASS
  1
ACAECUSTOBJ
  2
AcAeEditorObj
  3
AcAeEditorObj
 90
     1024
 91
        1
280
     1
281
     0
  0
CLASS
  1
ACDB_DYNAMICBLOCKPURGEPREVENTER_VERSION
  2
AcDbDynamicBlockPurgePreventer
  3
ObjectDBX Classes
 90
     1153
 91
        1
280
     1
281
     0
  0
CLASS
  1
EXACXREFPANELOBJECT
  2
ExAcXREFPanelObject
  3
EXAC_ESW
 90
     1025
 91
        1
280
     1
281
     0
  0
CLASS
  1
ACDBDETAILVIEWSTYLE
  2
AcDbDetailViewStyle
  3
ObjectDBX Classes
 90
     1025
 91
        3
280
     0
281
     0
  0
CLASS
  1
ACDBSECTIONVIEWSTYLE
  2
AcDbSectionViewStyle
  3
ObjectDBX Classes
 90
     1025
 91
        3
280
     0
281
     0
  0
ENDSEC
  0
SECTION
  2
TABLES
  0
TABLE
  2
VPORT
  5
2A
330
0
100
AcDbSymbolTable
 70
     1
  0
VPORT
  5
2B
330
2A
100
AcDbSymbolTableRecord
100
AcDbViewportTableRecord
  2
*Active
 70
     0
 10
0.0
 20
0.0
 11
1.0
 21
1.0
 12
26383.58035296534
 22
-12006.64739490335
 13
0.0
 23
0.0
 14
10.0
 24
10.0
 15
10.0
 25
10.0
 16
-1.124745541366603E-32
 26
-6.123031769111886E-17
 36
1.0
 17
0.0
 27
0.0
 37
0.0
 40
424.4510071468831
 41
1.75
 42
50.0
 43
0.0
 44
0.0
 50
0.0
 51
0.0
 71
     0
 72
   300
 73
     1
 74
     3
 75
     0
 76
     0
 77
     0
 78
     0
281
     0
 65
     1
110
0.0
120
0.0
130
0.0
111
1.0
121
0.0
131
0.0
112
0.0
122
1.0
132
0.0
 79
     0
146
0.0
348
2C
 60
     3
 61
     5
292
     1
282
     1
141
0.0
142
0.0
 63
   256
  0
ENDTAB
  0
TABLE
  2
LTYPE
  5
25
330
0
100
AcDbSymbolTable
 70
     4
  0
LTYPE
  5
26
330
25
100
AcDbSymbolTableRecord
100
AcDbLinetypeTableRecord
  2
ByBlock
 70
     0
  3

 72
    65
 73
     0
 40
0.0
  0
LTYPE
  5
27
330
25
100
AcDbSymbolTableRecord
100
AcDbLinetypeTableRecord
  2
ByLayer
 70
     0
  3

 72
    65
 73
     0
 40
0.0
  0
LTYPE
  5
15
330
25
100
AcDbSymbolTableRecord
100
AcDbLinetypeTableRecord
  2
Continuous
 70
     0
  3
Solid line
 72
    65
 73
     0
 40
0.0
  0
LTYPE
  5
24A
330
25
100
AcDbSymbolTableRecord
100
AcDbLinetypeTableRecord
  2
DASHED
 70
     0
  3
Dashed __ __ __ __ __ __ __ __ __ __ __ __ __ _
 72
    65
 73
     2
 40
0.75
 49
0.5
 74
     0
 49
-0.25
 74
     0
  0
LTYPE
  5
489
330
25
100
AcDbSymbolTableRecord
100
AcDbLinetypeTableRecord
  2
DASHDOTX2
 70
     0
  3
Dash dot (2x) ____  .  ____  .  ____  .  ___
 72
    65
 73
     4
 40
2.0
 49
1.0
 74
     0
 49
-0.5
 74
     0
 49
0.0
 74
     0
 49
-0.5
 74
     0
  0
LTYPE
  5
483
330
25
100
AcDbSymbolTableRecord
100
AcDbLinetypeTableRecord
  2
DASHDOT
 70
     0
  3
Dash dot __ . __ . __ . __ . __ . __ . __ . __
 72
    65
 73
     4
 40
1.0
 49
0.5
 74
     0
 49
-0.25
 74
     0
 49
0.0
 74
     0
 49
-0.25
 74
     0
  0
ENDTAB
  0
TABLE
  2
LAYER
  5
1E
102
{ACAD_XDICTIONARY
360
1F
102
}
330
0
100
AcDbSymbolTable
 70
    10
  0
LAYER
  5
6
102
{ACAD_XDICTIONARY
360
7
102
}
330
1E
100
AcDbSymbolTableRecord
100
AcDbLayerTableRecord
  2
0
 70
     0
 62
     7
  6
Continuous
370
    -3
390
9
347
C
348
0
  0
LAYER
  5
7A
330
1E
100
AcDbSymbolTableRecord
100
AcDbLayerTableRecord
  2
Defpoints
 70
     0
 62
     7
  6
Continuous
290
     0
370
    -3
390
9
347
C
348
0
  0
LAYER
  5
E4
102
{ACAD_XDICTIONARY
360
E5
102
}
330
1E
100
AcDbSymbolTableRecord
100
AcDbLayerTableRecord
  2
2
 70
     0
 62
     1
  6
Continuous
370
    -3
390
9
347
C
348
0
  0
LAYER
  5
247
102
{ACAD_XDICTIONARY
360
248
102
}
330
1E
100
AcDbSymbolTableRecord
100
AcDbLayerTableRecord
  2
1
 70
     0
 62
     1
  6
DASHED
370
    -3
390
9
347
C
348
0
  0
LAYER
  5
6B
102
{ACAD_XDICTIONARY
360
6C
102
}
330
1E
100
AcDbSymbolTableRecord
100
AcDbLayerTableRecord
  2
3
 70
     0
 62
     1
  6
Continuous
370
    -3
390
9
347
C
348
0
  0
LAYER
  5
486
102
{ACAD_XDICTIONARY
360
487
102
}
330
1E
100
AcDbSymbolTableRecord
100
AcDbLayerTableRecord
  2
4
 70
     0
 62
     2
  6
DASHDOTX2
370
    -3
390
9
347
C
348
0
  0
LAYER
  5
480
102
{ACAD_XDICTIONARY
360
481
102
}
330
1E
100
AcDbSymbolTableRecord
100
AcDbLayerTableRecord
  2
5
 70
     0
 62
     2
  6
DASHDOT
370
    -3
390
9
347
C
348
0
  0
LAYER
  5
644
102
{ACAD_XDICTIONARY
360
645
102
}
330
1E
100
AcDbSymbolTableRecord
100
AcDbLayerTableRecord
  2
8
 70
     0
 62
     3
  6
Continuous
370
    -3
390
9
347
C
348
0
  0
LAYER
  5
64D
330
1E
100
AcDbSymbolTableRecord
100
AcDbLayerTableRecord
  2
$TD_AUDIT_GENERATED_(64D)
 70
     0
 62
     4
  6
Continuous
370
    -3
390
9
347
C
348
0
  0
LAYER
  5
523
330
1E
100
AcDbSymbolTableRecord
100
AcDbLayerTableRecord
  2
$TD_AUDIT_GENERATED_(523)
 70
     0
 62
     3
  6
Continuous
370
    -3
390
9
347
C
348
0
  0
ENDTAB
  0
TABLE
  2
STYLE
  5
22
330
0
100
AcDbSymbolTable
 70
     6
  0
STYLE
  5
23
330
22
100
AcDbSymbolTableRecord
100
AcDbTextStyleTableRecord
  2
Standard
 70
     0
 40
0.0
 41
0.7
 50
0.0
 71
     0
 42
60.0
  3
SIMPLEX.shx
  4
gbhzfs.shx
  0
STYLE
  5
33
330
22
100
AcDbSymbolTableRecord
100
AcDbTextStyleTableRecord
  2
DXT
 70
     0
 40
0.0
 41
0.72
 50
0.0
 71
     0
 42
3.0
  3
simplex.shx
  4
hztxt.shx
  0
STYLE
  5
50F
330
22
100
AcDbSymbolTableRecord
100
AcDbTextStyleTableRecord
  2
$TD_AUDIT_GENERATED_(50F)
 70
     0
 40
0.0
 41
1.0
 50
0.0
 71
     0
 42
88.04108111815731
  3

  4

1001
ACAD
1000
SimSun
1071
    34306
  0
STYLE
  5
511
330
22
100
AcDbSymbolTableRecord
100
AcDbTextStyleTableRecord
  2
$TD_AUDIT_GENERATED_(511)
 70
     0
 40
0.0
 41
0.8
 50
0.0
 71
     0
 42
500.0
  3
verdanab.ttf
  4

1001
ACAD
1000
Verdana
1071
 33554466
  0
STYLE
  5
53B
330
22
100
AcDbSymbolTableRecord
100
AcDbTextStyleTableRecord
  2
1-1
 70
     0
 40
0.0
 41
1.0
 50
0.0
 71
     0
 42
2.5
  3
simhei.ttf
  4

1001
ACAD
1000
SimHei
1071
    34306
  0
STYLE
  5
506
330
22
100
AcDbSymbolTableRecord
100
AcDbTextStyleTableRecord
  2
1-2
 70
     0
 40
0.0
 41
1.0
 50
0.0
 71
     0
 42
2.5
  3

  4

1001
ACAD
1000
STZhongsong
1071
    34306
  0
ENDTAB
  0
TABLE
  2
VIEW
  5
28
330
0
100
AcDbSymbolTable
 70
     0
  0
ENDTAB
  0
TABLE
  2
UCS
  5
29
330
0
100
AcDbSymbolTable
 70
     0
  0
ENDTAB
  0
TABLE
  2
APPID
  5
2F
330
0
100
AcDbSymbolTable
 70
     5
  0
APPID
  5
30
330
2F
100
AcDbSymbolTableRecord
100
AcDbRegAppTableRecord
  2
ACAD
 70
     0
  0
APPID
  5
3A
330
2F
100
AcDbSymbolTableRecord
100
AcDbRegAppTableRecord
  2
ACAD_DSTYLE_DIMJAG
 70
     0
  0
APPID
  5
3B
330
2F
100
AcDbSymbolTableRecord
100
AcDbRegAppTableRecord
  2
ACAD_DSTYLE_DIMTALN
 70
     0
  0
APPID
  5
19
330
2F
100
AcDbSymbolTableRecord
100
AcDbRegAppTableRecord
  2
ACAD_PSEXT
 70
     0
  0
APPID
  5
542
330
2F
100
AcDbSymbolTableRecord
100
AcDbRegAppTableRecord
  2
AcDbDynamicBlockGUID
 70
     0
  0
ENDTAB
  0
TABLE
  2
DIMSTYLE
  5
31
330
0
100
AcDbSymbolTable
 70
     2
100
AcDbDimStyleTable
  0
DIMSTYLE
105
32
330
31
100
AcDbSymbolTableRecord
100
AcDbDimStyleTableRecord
  2
BZ
 70
     0
 41
1.0
 42
2.0
 43
0.0
 44
2.0
 73
     0
 74
     0
 77
     1
140
2.5
144
20.0
146
1.4
147
1.0
172
     1
174
     1
176
     1
177
     1
271
     0
178
     7
271
     0
272
     0
279
     2
340
33
341
34
342
34
1001
ACAD_DSTYLE_DIMJAG
1070
   388
1040
1.5
1001
ACAD_DSTYLE_DIMTALN
1070
   392
1070
     0
  0
DIMSTYLE
105
6E
102
{ACAD_REACTORS
330
49D
330
4AA
330
4B7
330
4C4
330
4D1
330
54C
330
55B
330
56A
330
579
330
588
330
595
330
5E6
330
5F3
330
602
330
611
330
61E
330
631
330
654
330
663
330
670
330
67D
330
68A
330
697
330
6A4
330
6B1
330
6CD
330
6DA
330
6E7
330
701
330
70E
330
71B
330
728
330
735
330
748
330
755
330
763
330
770
330
77D
330
7DF
330
7EC
330
807
330
814
330
6A
330
7E
330
8B
330
9A
330
A9
330
B8
330
C5
330
D4
330
14F
330
15C
330
169
330
176
330
183
330
190
330
19D
330
1AA
330
1B7
330
1C4
330
1D1
330
1DE
330
1EB
330
878
330
885
330
8A0
330
8AD
330
9C1
330
9D1
330
9E0
330
9ED
330
9FC
330
A09
102
}
330
31
100
AcDbSymbolTableRecord
100
AcDbDimStyleTableRecord
  2
BZ$0
 70
     0
 41
1.0
 42
2.0
 43
0.0
 44
2.0
 73
     0
 74
     0
 77
     1
 78
    12
 79
     3
140
2.5
144
20.0
146
1.4
147
1.0
172
     1
174
     1
176
     1
177
     1
271
     0
178
     7
179
     4
271
     0
272
     0
279
     2
340
33
341
34
342
34
  0
ENDTAB
  0
TABLE
  2
BLOCK_RECORD
  5
1
330
0
100
AcDbSymbolTable
 70
    82
  0
BLOCK_RECORD
  5
2
102
{ACAD_XDICTIONARY
360
3
102
}
330
1
100
AcDbSymbolTableRecord
100
AcDbBlockTableRecord
  2
*Model_Space
340
17
 70
     0
280
     1
281
     0
  0
BLOCK_RECORD
  5
1A
330
1
100
AcDbSymbolTableRecord
100
AcDbBlockTableRecord
  2
*Paper_Space
340
1D
 70
     0
280
     1
281
     0
  0
BLOCK_RECORD
  5
34
102
{ACAD_XDICTIONARY
360
35
102
}
330
1
100
AcDbSymbolTableRecord
100
AcDbBlockTableRecord
  2
_Oblique
340
0
102
{BLKREFS
331
76
331
77
331
85
331
86
331
93
331
94
331
A2
331
A3
331
B1
331
B2
331
BF
331
C0
331
CD
331
CE
331
DC
331
DD
331
155
331
156
331
162
331
163
331
16F
331
170
331
17C
331
17D
331
189
331
18A
331
196
331
197
331
1A3
331
1A4
331
1B0
331
1B1
331
1BD
331
1BE
331
1CA
331
1CB
331
1D7
331
1D8
331
1E4
331
1E5
331
1F3
331
1F4
331
4A3
331
4A4
331
4B0
331
4B1
331
4BD
331
4BE
331
4CA
331
4CB
331
4D7
331
4D8
331
555
331
556
331
564
331
565
331
573
331
574
331
582
331
583
331
58F
331
590
331
59C
331
59D
331
5EC
331
5ED
331
5FB
331
5FC
331
60A
331
60B
331
617
331
618
331
626
331
627
331
639
331
63A
331
65C
331
65D
331
669
331
66A
331
676
331
677
331
683
331
684
331
690
331
691
331
69D
331
69E
331
6AA
331
6AB
331
6B7
331
6B8
331
6D3
331
6D4
331
6E0
331
6E1
331
6EF
331
6F0
331
707
331
708
331
714
331
715
331
721
331
722
331
72E
331
72F
331
73B
331
73C
331
74E
331
74F
331
75B
331
75C
331
769
331
76A
331
776
331
777
331
783
331
784
331
7E5
331
7E6
331
7F2
331
7F3
331
80D
331
80E
331
81A
331
81B
331
87E
331
87F
331
88B
331
88C
331
8A6
331
8A7
331
8B3
331
8B4
331
9C9
331
9CA
331
9D9
331
9DA
331
9E6
331
9E7
331
9F5
331
9F6
331
A02
331
A03
331
A12
331
A13
102
}
 70
     0
280
     1
281
     0
  0
BLOCK_RECORD
  5
F5
102
{ACAD_XDICTIONARY
360
F6
102
}
330
1
100
AcDbSymbolTableRecord
100
AcDbBlockTableRecord
  2
M16X40
340
0
102
{BLKREFS
331
F4
331
100
331
101
331
102
331
103
331
104
331
107
331
108
331
109
331
10A
331
10B
331
10C
331
46B
331
479
331
5A2
331
5A5
331
5D4
331
5D6
331
8FC
331
9C0
331
9D0
102
}
 70
     0
280
     1
281
     0
  0
BLOCK_RECORD
  5
E7
102
{ACAD_XDICTIONARY
360
E8
102
}
330
1
100
AcDbSymbolTableRecord
100
AcDbBlockTableRecord
  2
M16X50
340
0
102
{BLKREFS
331
E3
331
F3
331
105
331
106
331
10D
331
10E
331
469
331
46A
331
46C
331
46D
331
46E
331
46F
331
470
331
477
331
478
331
47A
331
47B
331
47C
331
47D
331
47E
331
5D5
331
5D7
331
8F8
102
}
 70
     0
280
     1
281
     0
  0
BLOCK_RECORD
  5
226
102
{ACAD_XDICTIONARY
360
227
102
}
330
1
100
AcDbSymbolTableRecord
100
AcDbBlockTableRecord
  2
M20X45
340
0
102
{BLKREFS
331
225
331
22C
331
22D
331
22E
331
22F
331
230
331
231
331
232
331
5B2
331
5B3
331
5B4
331
5B5
331
5B6
331
5B7
331
5B8
331
5B9
331
6C0
331
6C6
331
6C7
331
6C8
331
6C9
331
6CA
331
6CB
331
6CC
331
6F9
331
6FA
331
6FB
331
6FC
331
6FD
331
6FE
331
6FF
331
700
331
8F4
102
}
 70
     0
280
     1
281
     0
  0
BLOCK_RECORD
  5
234
102
{ACAD_XDICTIONARY
360
235
102
}
330
1
100
AcDbSymbolTableRecord
100
AcDbBlockTableRecord
  2
M20X55
340
0
102
{BLKREFS
331
233
331
23B
331
23C
331
23D
331
23E
331
23F
331
240
331
241
331
8F0
102
}
 70
     0
280
     1
281
     0
  0
BLOCK_RECORD
  5
50C
330
1
100
AcDbSymbolTableRecord
100
AcDbBlockTableRecord
  2
logo
340
0
310
2800000020000000200000000100080000000000000400000000000000000000000000000000000000000000000080000080000000808000800000008000800080800000C0C0C000C0DCC000F0CAA6000020400000206000002080000020A0000020C0000020E00000400000004020000040400000406000004080000040A0
310
000040C0000040E00000600000006020000060400000606000006080000060A0000060C0000060E00000800000008020000080400000806000008080000080A0000080C0000080E00000A0000000A0200000A0400000A0600000A0800000A0A00000A0C00000A0E00000C0000000C0200000C0400000C0600000C0800000C0
310
A00000C0C00000C0E00000E0000000E0200000E0400000E0600000E0800000E0A00000E0C00000E0E00040000000400020004000400040006000400080004000A0004000C0004000E00040200000402020004020400040206000402080004020A0004020C0004020E000404000004040200040404000404060004040800040
310
40A0004040C0004040E00040600000406020004060400040606000406080004060A0004060C0004060E00040800000408020004080400040806000408080004080A0004080C0004080E00040A0000040A0200040A0400040A0600040A0800040A0A00040A0C00040A0E00040C0000040C0200040C0400040C0600040C08000
310
40C0A00040C0C00040C0E00040E0000040E0200040E0400040E0600040E0800040E0A00040E0C00040E0E00080000000800020008000400080006000800080008000A0008000C0008000E00080200000802020008020400080206000802080008020A0008020C0008020E00080400000804020008040400080406000804080
310
008040A0008040C0008040E00080600000806020008060400080606000806080008060A0008060C0008060E00080800000808020008080400080806000808080008080A0008080C0008080E00080A0000080A0200080A0400080A0600080A0800080A0A00080A0C00080A0E00080C0000080C0200080C0400080C0600080C0
310
800080C0A00080C0C00080C0E00080E0000080E0200080E0400080E0600080E0800080E0A00080E0C00080E0E000C0000000C0002000C0004000C0006000C0008000C000A000C000C000C000E000C0200000C0202000C0204000C0206000C0208000C020A000C020C000C020E000C0400000C0402000C0404000C0406000C0
310
408000C040A000C040C000C040E000C0600000C0602000C0604000C0606000C0608000C060A000C060C000C060E000C0800000C0802000C0804000C0806000C0808000C080A000C080C000C080E000C0A00000C0A02000C0A04000C0A06000C0A08000C0A0A000C0A0C000C0A0E000C0C00000C0C02000C0C04000C0C06000
310
C0C08000C0C0A000F0FBFF00A4A0A000808080000000FF0000FF000000FFFF00FF000000FF00FF00FFFF0000FFFFFF00000000000000000000000000000000000000000000000000000000000000000000000000000000000000000000000000000000000000000000000000000000000000000000000000000000FFFFFFFF
310
FFFFFFFFFFFF0000000000000000000000000000000000000000FFFFFFFFFFFFFFFFFFFFFFFFFFFF00000000000000000000000000000000FFFFFFFFFFFFFFFFFFFFFFFFFFFFFFFFFF000000000000000000000000000000FFFFFFFFFF0000FFFFFFFFFF00FFFFFFFFFFFF0000000000000000000000FFFFFFFFFF0000FFFF
310
0000FFFF00FFFF00FFFFFFFFFF000000000000000000FFFFFFFF0000FFFFFF0000FFFF00000000FFFFFFFFFFFF0000000000000000FFFFFFFFFFFFFF00FFFF00FF00FF0000000000FFFFFFFF000000000000000000FFFFFFFFFFFFFFFFFFFFFF00FFFFFFFF0000000000FF00FFFFFF000000000000FFFFFF00FFFF000000FF
310
00FFFFFFFFFFFFFF000000FF00FFFFFF0000000000FFFFFFFFFFFF00FFFFFFFF00FFFFFFFF0000FFFFFFFF00FFFFFFFF0000000000FFFFFFFFFFFFFFFFFFFFFFFFFFFF0000FFFFFF00FFFFFFFFFFFF000000000000FF00FFFFFF00FFFFFFFFFFFF0000FFFFFFFFFFFFFFFF00FFFFFFFFFF00000000FFFFFFFFFFFFFF00FFFF
310
00FF00000000000000FFFF00FF00FFFFFFFF00000000FFFFFFFF0000FF00FFFF00FF000000000000000000FF00FFFFFFFFFF00000000FFFFFFFF0000FFFF00FF00FF00000000000000000000FF0000FFFFFF00000000FFFFFFFFFF00FF00FFFFFF000000000000000000000000FFFFFFFFFF00000000FFFFFF00FF00FF00FF
310
00FF00000000000000000000000000FFFFFFFF00000000FFFFFFFFFF00FF00FF00FF000000000000000000000000FF00FFFFFF00000000FFFFFFFFFFFF00FFFF00FFFF0000000000000000000000FFFFFFFFFF0000000000FFFFFF00FF00FFFF00FFFF00000000000000000000FF00FFFFFF00000000000000000000FFFFFF
310
00FF00FF00000000000000000000FFFFFFFF00000000000000000000FF00FFFFFFFF0000FF0000000000000000FFFFFFFFFFFF0000000000000000FFFFFFFFFFFFFFFF00FFFF0000000000FFFFFFFFFFFFFF000000000000000000FFFFFFFF0000FFFFFF00FF00FFFFFFFF0000FFFFFFFF0000000000000000000000FFFF00
310
FFFFFF00FFFFFFFFFFFFFF0000FFFFFFFFFF0000000000000000000000FF00FFFFFFFFFFFFFFFFFFFFFFFFFFFFFFFF0000000000000000000000000000000000FFFFFFFFFFFFFF0000FFFFFFFFFF0000000000000000000000000000000000000000FFFFFFFFFF00FFFF000000000000000000000000000000000000000000
310
000000FFFF0000000000FFFF0000000000000000000000000000000000000000000000000000000000000000000000000000000000000000
102
{BLKREFS
331
50B
102
}
 70
     4
280
     1
281
     0
1001
ACAD
1000
DesignCenter Data
1002
{
1070
     1
1070
     4
1002
}
  0
BLOCK_RECORD
  5
4EB
102
{ACAD_XDICTIONARY
360
4EC
102
}
330
1
100
AcDbSymbolTableRecord
100
AcDbBlockTableRecord
  2
$TD_AUDIT_GENERATED_(4EB)
340
0
102
{BLKREFS
331
4EA
102
}
 70
     4
280
     1
281
     0
1001
ACAD
1000
DesignCenter Data
1002
{
1070
     1
1070
     4
1002
}
  0
BLOCK_RECORD
  5
4F7
102
{ACAD_XDICTIONARY
360
4F8
102
}
330
1
100
AcDbSymbolTableRecord
100
AcDbBlockTableRecord
  2
$TD_AUDIT_GENERATED_(4F7)
340
0
102
{BLKREFS
331
4F6
102
}
 70
     4
280
     1
281
     0
1001
AcDbDynamicBlockGUID
1000
{EF1E7AEC-3D91-4DE7-BF63-6B494DE983A9}
1001
ACAD
1000
DesignCenter Data
1002
{
1070
     1
1070
     4
1002
}
  0
BLOCK_RECORD
  5
4E8
330
1
100
AcDbSymbolTableRecord
100
AcDbBlockTableRecord
  2
GWTKA2
340
0
310
2800000020000000200000000100080000000000000400000000000000000000000000000000000000000000000080000080000000808000800000008000800080800000C0C0C000C0DCC000F0CAA6000020400000206000002080000020A0000020C0000020E00000400000004020000040400000406000004080000040A0
310
000040C0000040E00000600000006020000060400000606000006080000060A0000060C0000060E00000800000008020000080400000806000008080000080A0000080C0000080E00000A0000000A0200000A0400000A0600000A0800000A0A00000A0C00000A0E00000C0000000C0200000C0400000C0600000C0800000C0
310
A00000C0C00000C0E00000E0000000E0200000E0400000E0600000E0800000E0A00000E0C00000E0E00040000000400020004000400040006000400080004000A0004000C0004000E00040200000402020004020400040206000402080004020A0004020C0004020E000404000004040200040404000404060004040800040
310
40A0004040C0004040E00040600000406020004060400040606000406080004060A0004060C0004060E00040800000408020004080400040806000408080004080A0004080C0004080E00040A0000040A0200040A0400040A0600040A0800040A0A00040A0C00040A0E00040C0000040C0200040C0400040C0600040C08000
310
40C0A00040C0C00040C0E00040E0000040E0200040E0400040E0600040E0800040E0A00040E0C00040E0E00080000000800020008000400080006000800080008000A0008000C0008000E00080200000802020008020400080206000802080008020A0008020C0008020E00080400000804020008040400080406000804080
310
008040A0008040C0008040E00080600000806020008060400080606000806080008060A0008060C0008060E00080800000808020008080400080806000808080008080A0008080C0008080E00080A0000080A0200080A0400080A0600080A0800080A0A00080A0C00080A0E00080C0000080C0200080C0400080C0600080C0
310
800080C0A00080C0C00080C0E00080E0000080E0200080E0400080E0600080E0800080E0A00080E0C00080E0E000C0000000C0002000C0004000C0006000C0008000C000A000C000C000C000E000C0200000C0202000C0204000C0206000C0208000C020A000C020C000C020E000C0400000C0402000C0404000C0406000C0
310
408000C040A000C040C000C040E000C0600000C0602000C0604000C0606000C0608000C060A000C060C000C060E000C0800000C0802000C0804000C0806000C0808000C080A000C080C000C080E000C0A00000C0A02000C0A04000C0A06000C0A08000C0A0A000C0A0C000C0A0E000C0C00000C0C02000C0C04000C0C06000
310
C0C08000C0C0A000F0FBFF00A4A0A000808080000000FF0000FF000000FFFF00FF000000FF00FF00FFFF0000FFFFFF0000000000000000000000000000000000000000000000000000000000000000000000000000000000000000000000000000000000000000000000000000000000000000000000000000000000000000
310
000000000000000000000000000000000000000000000000000000000000000000000000000000000000000000000000000000000000000000000000000000000000000000000000000000000000000000000000000000000000000000000000000000000000000000000000000000000000FFFFFFFFFFFFFFFFFFFFFFFFFF
310
FFFFFFFFFFFFFFFFFFFFFFFFFFFFFFFFFF0000FF00FF0000000000000000000000000000000000FFFFFFFFFFFFFFFFFFFF0000FF00FF0000000000000000000000000000000000FFFFFFFFFFFFFFFFFFFF0000FF00FF00000000000000000000000000000000000000000000000000FFFF0000FF00FF000000000000000000
310
00000000000000000000000000000000FFFF0000FF00FF00000000000000000000000000000000000000000000000000FFFF0000FF00FF00000000000000000000000000000000000000000000000000FFFF0000FF00FF00000000000000000000000000000000000000000000000000FFFF0000FF00FF0000000000000000
310
0000000000000000000000000000000000FFFF0000FF00FF00000000000000000000000000000000000000000000000000FFFF0000FF00FF00000000000000000000000000000000000000000000000000FFFF0000FF00FF00000000000000000000000000000000000000000000000000FFFF0000FF00FF00000000000000
310
000000000000000000000000000000000000FFFF0000FF00FF00000000000000000000000000000000000000000000000000FFFF0000FF00FF00000000000000000000000000000000000000000000000000FFFF0000FF00FF00000000000000000000000000000000000000000000000000FFFF0000FF00FF000000000000
310
00000000000000000000000000000000000000FFFF0000FF00FF00000000000000000000000000000000000000000000000000FFFF0000FF00FFFFFF0000000000000000000000000000000000000000000000FFFF0000FFFFFFFFFFFFFFFFFFFFFFFFFFFFFFFFFFFFFFFFFFFFFFFFFFFFFFFFFFFF00000000000000000000
310
00000000000000000000000000000000000000000000000000000000000000000000000000000000000000000000000000000000000000000000000000000000000000000000000000000000000000000000000000000000000000000000000000000000000000000000000000000000000000000000000000000000000000
310
0000000000000000000000000000000000000000000000000000000000000000000000000000000000000000000000000000000000000000
102
{BLKREFS
331
4E7
102
}
 70
     4
280
     1
281
     0
1001
ACAD
1000
DesignCenter Data
1002
{
1070
     1
1070
     4
1002
}
  0
BLOCK_RECORD
  5
49E
330
1
100
AcDbSymbolTableRecord
100
AcDbBlockTableRecord
  2
*D9
340
0
 70
     0
280
     1
281
     0
  0
BLOCK_RECORD
  5
4AB
330
1
100
AcDbSymbolTableRecord
100
AcDbBlockTableRecord
  2
*D10
340
0
 70
     0
280
     1
281
     0
  0
BLOCK_RECORD
  5
4B8
330
1
100
AcDbSymbolTableRecord
100
AcDbBlockTableRecord
  2
*D11
340
0
 70
     0
280
     1
281
     0
  0
BLOCK_RECORD
  5
4C5
330
1
100
AcDbSymbolTableRecord
100
AcDbBlockTableRecord
  2
*D12
340
0
 70
     0
280
     1
281
     0
  0
BLOCK_RECORD
  5
4D2
330
1
100
AcDbSymbolTableRecord
100
AcDbBlockTableRecord
  2
*D13
340
0
 70
     0
280
     1
281
     0
  0
BLOCK_RECORD
  5
56B
330
1
100
AcDbSymbolTableRecord
100
AcDbBlockTableRecord
  2
*D14
340
0
 70
     0
280
     1
281
     0
  0
BLOCK_RECORD
  5
57A
330
1
100
AcDbSymbolTableRecord
100
AcDbBlockTableRecord
  2
*D15
340
0
 70
     0
280
     1
281
     0
  0
BLOCK_RECORD
  5
596
330
1
100
AcDbSymbolTableRecord
100
AcDbBlockTableRecord
  2
*D16
340
0
 70
     0
280
     1
281
     0
  0
BLOCK_RECORD
  5
5E7
330
1
100
AcDbSymbolTableRecord
100
AcDbBlockTableRecord
  2
*D17
340
0
 70
     0
280
     1
281
     0
  0
BLOCK_RECORD
  5
5F4
330
1
100
AcDbSymbolTableRecord
100
AcDbBlockTableRecord
  2
*D18
340
0
 70
     0
280
     1
281
     0
  0
BLOCK_RECORD
  5
603
330
1
100
AcDbSymbolTableRecord
100
AcDbBlockTableRecord
  2
*D19
340
0
 70
     0
280
     1
281
     0
  0
BLOCK_RECORD
  5
612
330
1
100
AcDbSymbolTableRecord
100
AcDbBlockTableRecord
  2
*D20
340
0
 70
     0
280
     1
281
     0
  0
BLOCK_RECORD
  5
61F
330
1
100
AcDbSymbolTableRecord
100
AcDbBlockTableRecord
  2
*D21
340
0
 70
     0
280
     1
281
     0
  0
BLOCK_RECORD
  5
632
330
1
100
AcDbSymbolTableRecord
100
AcDbBlockTableRecord
  2
*D22
340
0
 70
     0
280
     1
281
     0
  0
BLOCK_RECORD
  5
655
330
1
100
AcDbSymbolTableRecord
100
AcDbBlockTableRecord
  2
*D23
340
0
 70
     0
280
     1
281
     0
  0
BLOCK_RECORD
  5
664
330
1
100
AcDbSymbolTableRecord
100
AcDbBlockTableRecord
  2
*D24
340
0
 70
     0
280
     1
281
     0
  0
BLOCK_RECORD
  5
671
330
1
100
AcDbSymbolTableRecord
100
AcDbBlockTableRecord
  2
*D25
340
0
 70
     0
280
     1
281
     0
  0
BLOCK_RECORD
  5
67E
330
1
100
AcDbSymbolTableRecord
100
AcDbBlockTableRecord
  2
*D26
340
0
 70
     0
280
     1
281
     0
  0
BLOCK_RECORD
  5
68B
330
1
100
AcDbSymbolTableRecord
100
AcDbBlockTableRecord
  2
*D27
340
0
 70
     0
280
     1
281
     0
  0
BLOCK_RECORD
  5
698
330
1
100
AcDbSymbolTableRecord
100
AcDbBlockTableRecord
  2
*D28
340
0
 70
     0
280
     1
281
     0
  0
BLOCK_RECORD
  5
6A5
330
1
100
AcDbSymbolTableRecord
100
AcDbBlockTableRecord
  2
*D29
340
0
 70
     0
280
     1
281
     0
  0
BLOCK_RECORD
  5
6B2
330
1
100
AcDbSymbolTableRecord
100
AcDbBlockTableRecord
  2
*D30
340
0
 70
     0
280
     1
281
     0
  0
BLOCK_RECORD
  5
6CE
330
1
100
AcDbSymbolTableRecord
100
AcDbBlockTableRecord
  2
*D31
340
0
 70
     0
280
     1
281
     0
  0
BLOCK_RECORD
  5
6DB
330
1
100
AcDbSymbolTableRecord
100
AcDbBlockTableRecord
  2
*D32
340
0
 70
     0
280
     1
281
     0
  0
BLOCK_RECORD
  5
6E8
330
1
100
AcDbSymbolTableRecord
100
AcDbBlockTableRecord
  2
*D33
340
0
 70
     0
280
     1
281
     0
  0
BLOCK_RECORD
  5
702
330
1
100
AcDbSymbolTableRecord
100
AcDbBlockTableRecord
  2
*D34
340
0
 70
     0
280
     1
281
     0
  0
BLOCK_RECORD
  5
70F
330
1
100
AcDbSymbolTableRecord
100
AcDbBlockTableRecord
  2
*D35
340
0
 70
     0
280
     1
281
     0
  0
BLOCK_RECORD
  5
71C
330
1
100
AcDbSymbolTableRecord
100
AcDbBlockTableRecord
  2
*D36
340
0
 70
     0
280
     1
281
     0
  0
BLOCK_RECORD
  5
729
330
1
100
AcDbSymbolTableRecord
100
AcDbBlockTableRecord
  2
*D37
340
0
 70
     0
280
     1
281
     0
  0
BLOCK_RECORD
  5
736
330
1
100
AcDbSymbolTableRecord
100
AcDbBlockTableRecord
  2
*D38
340
0
 70
     0
280
     1
281
     0
  0
BLOCK_RECORD
  5
749
330
1
100
AcDbSymbolTableRecord
100
AcDbBlockTableRecord
  2
*D39
340
0
 70
     0
280
     1
281
     0
  0
BLOCK_RECORD
  5
756
330
1
100
AcDbSymbolTableRecord
100
AcDbBlockTableRecord
  2
*D40
340
0
 70
     0
280
     1
281
     0
  0
BLOCK_RECORD
  5
764
330
1
100
AcDbSymbolTableRecord
100
AcDbBlockTableRecord
  2
*D41
340
0
 70
     0
280
     1
281
     0
  0
BLOCK_RECORD
  5
771
330
1
100
AcDbSymbolTableRecord
100
AcDbBlockTableRecord
  2
*D42
340
0
 70
     0
280
     1
281
     0
  0
BLOCK_RECORD
  5
77E
330
1
100
AcDbSymbolTableRecord
100
AcDbBlockTableRecord
  2
*D43
340
0
 70
     0
280
     1
281
     0
  0
BLOCK_RECORD
  5
7E0
330
1
100
AcDbSymbolTableRecord
100
AcDbBlockTableRecord
  2
*D44
340
0
 70
     0
280
     1
281
     0
  0
BLOCK_RECORD
  5
7ED
330
1
100
AcDbSymbolTableRecord
100
AcDbBlockTableRecord
  2
*D45
340
0
 70
     0
280
     1
281
     0
  0
BLOCK_RECORD
  5
808
330
1
100
AcDbSymbolTableRecord
100
AcDbBlockTableRecord
  2
*D46
340
0
 70
     0
280
     1
281
     0
  0
BLOCK_RECORD
  5
815
330
1
100
AcDbSymbolTableRecord
100
AcDbBlockTableRecord
  2
*D47
340
0
 70
     0
280
     1
281
     0
  0
BLOCK_RECORD
  5
6F
330
1
100
AcDbSymbolTableRecord
100
AcDbBlockTableRecord
  2
*D48
340
0
 70
     0
280
     1
281
     0
  0
BLOCK_RECORD
  5
7F
330
1
100
AcDbSymbolTableRecord
100
AcDbBlockTableRecord
  2
*D49
340
0
 70
     0
280
     1
281
     0
  0
BLOCK_RECORD
  5
8C
330
1
100
AcDbSymbolTableRecord
100
AcDbBlockTableRecord
  2
*D50
340
0
 70
     0
280
     1
281
     0
  0
BLOCK_RECORD
  5
9B
330
1
100
AcDbSymbolTableRecord
100
AcDbBlockTableRecord
  2
*D51
340
0
 70
     0
280
     1
281
     0
  0
BLOCK_RECORD
  5
AA
330
1
100
AcDbSymbolTableRecord
100
AcDbBlockTableRecord
  2
*D52
340
0
 70
     0
280
     1
281
     0
  0
BLOCK_RECORD
  5
B9
330
1
100
AcDbSymbolTableRecord
100
AcDbBlockTableRecord
  2
*D53
340
0
 70
     0
280
     1
281
     0
  0
BLOCK_RECORD
  5
C6
330
1
100
AcDbSymbolTableRecord
100
AcDbBlockTableRecord
  2
*D54
340
0
 70
     0
280
     1
281
     0
  0
BLOCK_RECORD
  5
D5
330
1
100
AcDbSymbolTableRecord
100
AcDbBlockTableRecord
  2
*D55
340
0
 70
     0
280
     1
281
     0
  0
BLOCK_RECORD
  5
150
330
1
100
AcDbSymbolTableRecord
100
AcDbBlockTableRecord
  2
*D56
340
0
 70
     0
280
     1
281
     0
  0
BLOCK_RECORD
  5
15D
330
1
100
AcDbSymbolTableRecord
100
AcDbBlockTableRecord
  2
*D57
340
0
 70
     0
280
     1
281
     0
  0
BLOCK_RECORD
  5
16A
330
1
100
AcDbSymbolTableRecord
100
AcDbBlockTableRecord
  2
*D58
340
0
 70
     0
280
     1
281
     0
  0
BLOCK_RECORD
  5
177
330
1
100
AcDbSymbolTableRecord
100
AcDbBlockTableRecord
  2
*D59
340
0
 70
     0
280
     1
281
     0
  0
BLOCK_RECORD
  5
184
330
1
100
AcDbSymbolTableRecord
100
AcDbBlockTableRecord
  2
*D60
340
0
 70
     0
280
     1
281
     0
  0
BLOCK_RECORD
  5
191
330
1
100
AcDbSymbolTableRecord
100
AcDbBlockTableRecord
  2
*D61
340
0
 70
     0
280
     1
281
     0
  0
BLOCK_RECORD
  5
19E
330
1
100
AcDbSymbolTableRecord
100
AcDbBlockTableRecord
  2
*D62
340
0
 70
     0
280
     1
281
     0
  0
BLOCK_RECORD
  5
1AB
330
1
100
AcDbSymbolTableRecord
100
AcDbBlockTableRecord
  2
*D63
340
0
 70
     0
280
     1
281
     0
  0
BLOCK_RECORD
  5
1B8
330
1
100
AcDbSymbolTableRecord
100
AcDbBlockTableRecord
  2
*D64
340
0
 70
     0
280
     1
281
     0
  0
BLOCK_RECORD
  5
1C5
330
1
100
AcDbSymbolTableRecord
100
AcDbBlockTableRecord
  2
*D65
340
0
 70
     0
280
     1
281
     0
  0
BLOCK_RECORD
  5
1D2
330
1
100
AcDbSymbolTableRecord
100
AcDbBlockTableRecord
  2
*D66
340
0
 70
     0
280
     1
281
     0
  0
BLOCK_RECORD
  5
1DF
330
1
100
AcDbSymbolTableRecord
100
AcDbBlockTableRecord
  2
*D67
340
0
 70
     0
280
     1
281
     0
  0
BLOCK_RECORD
  5
1EC
330
1
100
AcDbSymbolTableRecord
100
AcDbBlockTableRecord
  2
*D68
340
0
 70
     0
280
     1
281
     0
  0
BLOCK_RECORD
  5
879
330
1
100
AcDbSymbolTableRecord
100
AcDbBlockTableRecord
  2
*D69
340
0
 70
     0
280
     1
281
     0
  0
BLOCK_RECORD
  5
886
330
1
100
AcDbSymbolTableRecord
100
AcDbBlockTableRecord
  2
*D70
340
0
 70
     0
280
     1
281
     0
  0
BLOCK_RECORD
  5
8A1
330
1
100
AcDbSymbolTableRecord
100
AcDbBlockTableRecord
  2
*D71
340
0
 70
     0
280
     1
281
     0
  0
BLOCK_RECORD
  5
8AE
330
1
100
AcDbSymbolTableRecord
100
AcDbBlockTableRecord
  2
*D72
340
0
 70
     0
280
     1
281
     0
  0
BLOCK_RECORD
  5
9D2
330
1
100
AcDbSymbolTableRecord
100
AcDbBlockTableRecord
  2
*D73
340
0
 70
     0
280
     1
281
     0
  0
BLOCK_RECORD
  5
54D
330
1
100
AcDbSymbolTableRecord
100
AcDbBlockTableRecord
  2
*D74
340
0
 70
     0
280
     1
281
     0
  0
BLOCK_RECORD
  5
55C
330
1
100
AcDbSymbolTableRecord
100
AcDbBlockTableRecord
  2
*D75
340
0
 70
     0
280
     1
281
     0
  0
BLOCK_RECORD
  5
589
330
1
100
AcDbSymbolTableRecord
100
AcDbBlockTableRecord
  2
*D76
340
0
 70
     0
280
     1
281
     0
  0
BLOCK_RECORD
  5
9C2
330
1
100
AcDbSymbolTableRecord
100
AcDbBlockTableRecord
  2
*D77
340
0
 70
     0
280
     1
281
     0
  0
BLOCK_RECORD
  5
9E1
330
1
100
AcDbSymbolTableRecord
100
AcDbBlockTableRecord
  2
*D78
340
0
 70
     0
280
     1
281
     0
  0
BLOCK_RECORD
  5
9EE
330
1
100
AcDbSymbolTableRecord
100
AcDbBlockTableRecord
  2
*D79
340
0
 70
     0
280
     1
281
     0
  0
BLOCK_RECORD
  5
9FD
330
1
100
AcDbSymbolTableRecord
100
AcDbBlockTableRecord
  2
*D80
340
0
 70
     0
280
     1
281
     0
  0
BLOCK_RECORD
  5
A0A
330
1
100
AcDbSymbolTableRecord
100
AcDbBlockTableRecord
  2
*D81
340
0
 70
     0
280
     1
281
     0
  0
ENDTAB
  0
ENDSEC
  0
SECTION
  2
BLOCKS
  0
BLOCK
  5
5
330
2
100
AcDbEntity
  8
0
100
AcDbBlockBegin
  2
*Model_Space
 70
     0
 10
0.0
 20
0.0
 30
0.0
  3
*Model_Space
  1

  0
ENDBLK
  5
16
330
2
100
AcDbEntity
  8
0
100
AcDbBlockEnd
  0
BLOCK
  5
1B
330
1A
100
AcDbEntity
 67
     1
  8
0
100
AcDbBlockBegin
  2
*Paper_Space
 70
     0
 10
0.0
 20
0.0
 30
0.0
  3
*Paper_Space
  1

  0
ENDBLK
  5
1C
330
1A
100
AcDbEntity
 67
     1
  8
0
100
AcDbBlockEnd
  0
BLOCK
  5
37
330
34
100
AcDbEntity
  8
0
100
AcDbBlockBegin
  2
_Oblique
 70
     0
 10
0.0
 20
0.0
 30
0.0
  3
_Oblique
  1

  0
LINE
  5
38
330
34
100
AcDbEntity
  8
0
  6
ByBlock
 62
     0
370
    -2
100
AcDbLine
 10
-0.5
 20
-0.5
 30
0.0
 11
0.5
 21
0.5
 31
0.0
  0
ENDBLK
  5
39
330
34
100
AcDbEntity
  8
0
100
AcDbBlockEnd
  0
BLOCK
  5
F8
330
F5
100
AcDbEntity
  8
0
100
AcDbBlockBegin
  2
M16X40
 70
     0
 10
0.0
 20
0.0
 30
0.0
  3
M16X40
  1

  0
CIRCLE
  5
F9
330
F5
100
AcDbEntity
  8
0
100
AcDbCircle
 10
0.0
 20
0.0
 30
0.0
 40
0.2000000029802322
  0
LINE
  5
FA
330
F5
100
AcDbEntity
  8
0
100
AcDbLine
 10
-0.1414200067520142
 20
-0.1414200067520142
 30
0.0
 11
0.1414200067520142
 21
0.1414200067520142
 31
0.0
  0
ARC
  5
FB
330
F5
100
AcDbEntity
  8
0
100
AcDbCircle
 10
0.0
 20
0.0
 30
0.0
 40
0.0399996193615898
100
AcDbArc
 50
225.0000000000001
 51
45.00000000000005
  0
ARC
  5
FC
330
F5
100
AcDbEntity
  8
0
100
AcDbCircle
 10
0.0
 20
0.0
 30
0.0
 40
0.0799992387231797
100
AcDbArc
 50
225.0000000000001
 51
45.00000000000005
  0
ARC
  5
FD
330
F5
100
AcDbEntity
  8
0
100
AcDbCircle
 10
0.0
 20
0.0
 30
0.0
 40
0.1199988633531256
100
AcDbArc
 50
225.0000000000001
 51
45.00000000000005
  0
ARC
  5
FE
330
F5
100
AcDbEntity
  8
0
100
AcDbCircle
 10
0.0
 20
0.0
 30
0.0
 40
0.1599984774463594
100
AcDbArc
 50
225.0000000000001
 51
45.00000000000005
  0
ENDBLK
  5
FF
330
F5
100
AcDbEntity
  8
0
100
AcDbBlockEnd
  0
BLOCK
  5
EA
330
E7
100
AcDbEntity
  8
0
100
AcDbBlockBegin
  2
M16X50
 70
     0
 10
0.0
 20
0.0
 30
0.0
  3
M16X50
  1

  0
CIRCLE
  5
EB
330
E7
100
AcDbEntity
  8
0
100
AcDbCircle
 10
0.0
 20
0.0
 30
0.0
 40
0.2000000029802322
  0
LINE
  5
EC
330
E7
100
AcDbEntity
  8
0
100
AcDbLine
 10
-0.1414200067520142
 20
-0.1414200067520142
 30
0.0
 11
0.1414200067520142
 21
0.1414200067520142
 31
0.0
  0
ARC
  5
ED
330
E7
100
AcDbEntity
  8
0
100
AcDbCircle
 10
0.0
 20
0.0
 30
0.0
 40
0.0399996193615898
100
AcDbArc
 50
225.0000000000001
 51
45.00000000000005
  0
ARC
  5
EE
330
E7
100
AcDbEntity
  8
0
100
AcDbCircle
 10
0.0
 20
0.0
 30
0.0
 40
0.0799992387231797
100
AcDbArc
 50
225.0000000000001
 51
45.00000000000005
  0
ARC
  5
EF
330
E7
100
AcDbEntity
  8
0
100
AcDbCircle
 10
0.0
 20
0.0
 30
0.0
 40
0.1199988633531256
100
AcDbArc
 50
225.0000000000001
 51
45.00000000000005
  0
ARC
  5
F0
330
E7
100
AcDbEntity
  8
0
100
AcDbCircle
 10
0.0
 20
0.0
 30
0.0
 40
0.1599984774463594
100
AcDbArc
 50
225.0000000000001
 51
45.00000000000005
  0
LINE
  5
F1
330
E7
100
AcDbEntity
  8
0
100
AcDbLine
 10
-0.2828427124746191
 20
-0.2828427124746191
 30
0.0
 11
0.282842712474619
 21
0.282842712474619
 31
0.0
  0
ENDBLK
  5
F2
330
E7
100
AcDbEntity
  8
0
100
AcDbBlockEnd
  0
BLOCK
  5
229
330
226
100
AcDbEntity
  8
0
100
AcDbBlockBegin
  2
M20X45
 70
     0
 10
0.0
 20
0.0
 30
0.0
  3
M20X45
  1

  0
CIRCLE
  5
22A
330
226
100
AcDbEntity
  8
0
100
AcDbCircle
 10
0.0
 20
0.0
 30
0.0
 40
0.2000000029802322
  0
ENDBLK
  5
22B
330
226
100
AcDbEntity
  8
0
100
AcDbBlockEnd
  0
BLOCK
  5
237
330
234
100
AcDbEntity
  8
0
100
AcDbBlockBegin
  2
M20X55
 70
     0
 10
0.0
 20
0.0
 30
0.0
  3
M20X55
  1

  0
CIRCLE
  5
238
330
234
100
AcDbEntity
  8
0
100
AcDbCircle
 10
0.0
 20
0.0
 30
0.0
 40
0.2000000029802322
  0
LINE
  5
239
330
234
100
AcDbEntity
  8
0
100
AcDbLine
 10
-0.2828427124746191
 20
-0.2828427124746191
 30
0.0
 11
0.282842712474619
 21
0.282842712474619
 31
0.0
  0
ENDBLK
  5
23A
330
234
100
AcDbEntity
  8
0
100
AcDbBlockEnd
  0
BLOCK
  5
50D
330
50C
100
AcDbEntity
  8
0
 62
     3
100
AcDbBlockBegin
  2
logo
 70
     0
 10
0.0
 20
0.0
 30
0.0
  3
logo
  1

  0
TEXT
  5
50E
330
50C
100
AcDbEntity
  8
0
100
AcDbText
 10
451.9465732074652
 20
89.14765559863525
 30
0.0
 40
1.005104499387758
  1
N
 50
45.46812547204831
 41
0.8
  7
$TD_AUDIT_GENERATED_(50F)
 72
     4
 11
451.8059557150214
 21
89.6892896335105
 31
0.0
100
AcDbText
  0
TEXT
  5
510
330
50C
100
AcDbEntity
  8
0
100
AcDbText
 10
450.8970089985486
 20
97.07060557138732
 30
0.0
 40
1.005104499387758
  1
\M+5CBBE
 50
313.9999999830155
 41
0.8
  7
$TD_AUDIT_GENERATED_(511)
 72
     4
 11
451.6282649048233
 21
97.00766841509329
 31
0.0
100
AcDbText
  0
TEXT
  5
512
330
50C
100
AcDbEntity
  8
0
100
AcDbText
 10
449.6655487072845
 20
97.80458275904302
 30
0.0
 40
1.005104499387758
  1
\M+5B9AB
 50
332.0000000220918
 41
0.8
  7
$TD_AUDIT_GENERATED_(511)
 72
     4
 11
450.3902870335594
 21
97.98917268984957
 31
0.0
100
AcDbText
  0
HATCH
  5
513
330
50C
100
AcDbEntity
  8
0
100
AcDbHatch
 10
0.0
 20
0.0
 30
0.0
210
0.0
220
0.0
230
1.0
  2
SOLID
 70
     1
 71
     0
 91
        5
 92
        1
 93
        8
 72
     4
 94
        3
 73
     0
 74
     0
 95
        9
 96
        5
 40
0.0
 40
0.0
 40
0.0
 40
0.0
 40
0.2241663815802706
 40
0.4614643167746397
 40
0.4614643167746397
 40
0.4614643167746397
 40
0.4614643167746397
 10
446.236022319209
 20
89.47065316716424
 10
446.296923348699
 20
89.42709838784083
 10
446.422292959282
 20
89.3374374121804
 10
446.5612707076975
 20
89.2707397840897
 10
446.6327369761352
 20
89.23644198715726
 97
        0
 72
     4
 94
        3
 73
     0
 74
     0
 95
       26
 96
       22
 40
0.0
 40
0.0
 40
0.0
 40
0.0
 40
0.057603217311697
 40
0.0998147821405393
 40
0.1504586407897344
 40
0.2127194168510028
 40
0.2663297105922637
 40
0.320563421659545
 40
0.3856033483655085
 40
0.4507516626295947
 40
0.5206554591326177
 40
0.5819440420636764
 40
0.6437753388674202
 40
0.7029602690409292
 40
0.7834997370295085
 40
1.020501937707859
 40
1.13439552113683
 40
1.28514441201188
 40
1.413721704973908
 40
1.517232383884393
 40
1.556601052873635
 40
1.556601052873635
 40
1.556601052873635
 40
1.556601052873635
 10
446.6327369761352
 20
89.2364419871572
 10
446.618146463293
 20
89.24892408117086
 10
446.5928640410841
 20
89.27055303789882
 10
446.55528132381
 20
89.30376821031592
 10
446.5153897610032
 20
89.33667536069976
 10
446.474100025448
 20
89.37379786973389
 10
446.4306338663671
 20
89.41017582436683
 10
446.3861157528445
 20
89.44692999884631
 10
446.3451514679193
 20
89.49295701854732
 10
446.3006217141854
 20
89.54255984936975
 10
446.25544255775
 20
89.58995164792486
 10
446.2143550507553
 20
89.63954233981144
 10
446.1703419471964
 20
89.68162634089117
 10
446.1287250528417
 20
89.73454419806416
 10
446.056410594739
 20
89.83714760633751
 10
445.9668184996717
 20
89.95004074524365
 10
445.8798749295204
 20
90.09306474327883
 10
445.8164566406094
 20
90.20774635392178
 10
445.7488879634066
 20
90.3161627169834
 10
445.7092148708214
 20
90.39757408302836
 10
445.6887766474449
 20
90.44060204092324
 10
445.683180324929
 20
90.4524726965737
 97
        0
 72
     4
 94
        3
 73
     0
 74
     0
 95
        9
 96
        5
 40
5.543272291493883
 40
5.543272291493883
 40
5.543272291493883
 40
5.543272291493883
 40
5.872403022592868
 40
6.573153481137538
 40
6.573153481137538
 40
6.573153481137538
 40
6.573153481137538
 10
445.683180324929
 20
90.45247269657364
 10
445.7910207244097
 20
90.43127417298206
 10
446.1305511927326
 20
90.37543792115724
 10
446.473541842043
 20
90.35095951548368
 10
446.7071277818156
 20
90.34498631849482
 97
        0
 72
     4
 94
        3
 73
     0
 74
     0
 95
       16
 96
       12
 40
7.525196457517759
 40
7.525196457517759
 40
7.525196457517759
 40
7.525196457517759
 40
7.698435514731243
 40
8.095589260690783
 40
8.455471495748146
 40
8.774397086495217
 40
9.030973949537257
 40
9.303711859261632
 40
9.37744130907351
 40
9.42505109935746
 40
9.446032685300692
 40
9.446032685300692
 40
9.446032685300692
 40
9.446032685300692
 10
446.7071277818159
 20
90.34498631849482
 10
446.7374310485307
 20
90.29580449256838
 10
446.8405374318268
 20
90.13575858303761
 10
447.010311729013
 20
89.8764864678621
 10
447.2237717274743
 20
89.5875346532303
 10
447.4334818410343
 20
89.35655006917654
 10
447.6251096675971
 20
89.14854913787315
 10
447.7724817594878
 20
89.01154709242354
 10
447.8714528894011
 20
88.92516140079954
 10
447.9058678420226
 20
88.89249912326193
 10
447.9226643339284
 20
88.87698706296754
 10
447.9278022544349
 20
88.87224204042792
 97
        0
 72
     4
 94
        3
 73
     0
 74
     0
 95
        8
 96
        4
 40
0.0
 40
0.0
 40
0.0
 40
0.0
 40
0.0023849449572866
 40
0.0023849449572866
 40
0.0023849449572866
 40
0.0023849449572866
 10
447.9278022544349
 20
88.87224204042792
 10
447.9283858209931
 20
88.87170218313219
 10
447.9289693875514
 20
88.87116232583634
 10
447.9295529541096
 20
88.8706224685406
 97
        0
 72
     2
 10
447.6406112307427
 20
93.2495013072359
 40
4.388401440556144
 50
86.22479244454537
 51
156.7920033932537
 73
     0
 72
     4
 94
        3
 73
     0
 74
     0
 95
       11
 96
        7
 40
6.993801407225128
 40
6.993801407225128
 40
6.993801407225128
 40
6.993801407225128
 40
7.589665414074407
 40
8.123227460410707
 40
8.777741004712693
 40
8.948850637601048
 40
8.948850637601048
 40
8.948850637601048
 40
8.948850637601048
 10
443.6073177033488
 20
91.52016313170196
 10
443.7428842961988
 20
91.37391151337687
 10
444.0133483316822
 20
91.1131582273755
 10
444.5340223072403
 20
90.81520711622164
 10
444.9551542147562
 20
90.64604501737062
 10
445.218714730582
 20
90.56611217125584
 10
445.27362611492
 20
90.55050514847994
 97
        0
 72
     4
 94
        3
 73
     0
 74
     0
 95
       17
 96
       13
 40
6.924526248046507
 40
6.924526248046507
 40
6.924526248046507
 40
6.924526248046507
 40
6.974299861745713
 40
7.083687340324216
 40
7.183444156210336
 40
7.311462081406292
 40
7.446857501580832
 40
7.55273464986723
 40
7.855886365124284
 40
8.147167387145247
 40
8.279801406373
 40
8.388095192127565
 40
8.388095192127565
 40
8.388095192127565
 40
8.388095192127565
 10
445.2736261149198
 20
90.55050514848
 10
445.2816785559287
 20
90.53599946594551
 10
445.3074640599152
 20
90.48962381096396
 10
445.350974224009
 20
90.41495193256401
 10
445.4180973373041
 20
90.32466994733232
 10
445.4882395405082
 20
90.22611412315081
 10
445.5541274432144
 20
90.12162138122477
 10
445.6767009586617
 20
89.9875637804364
 10
445.8244093944538
 20
89.8041807218197
 10
445.9996945891683
 20
89.64455785429817
 10
446.1462672919297
 20
89.52625975857626
 10
446.2027359678825
 20
89.49748366910353
 10
446.236022319209
 20
89.47065316716424
 97
        0
 97
        0
 92
        1
 93
        8
 72
     4
 94
        3
 73
     0
 74
     0
 95
       15
 96
       11
 40
0.0
 40
0.0
 40
0.0
 40
0.0
 40
0.4987467732066163
 40
0.7013259530216552
 40
1.06717765587035
 40
1.555863591533154
 40
2.373610417989843
 40
3.400921402867271
 40
4.144528950496907
 40
4.921283116414468
 40
4.921283116414468
 40
4.921283116414468
 40
4.921283116414468
 10
451.6608608566955
 20
92.38119854079076
 10
451.5441389082271
 20
92.2622301035488
 10
451.3800072563633
 20
92.09493949213936
 10
451.0943349518857
 20
91.88230714852477
 10
450.800634120104
 20
91.68668632582302
 10
450.2970965288926
 20
91.44357331900602
 10
449.5609234444985
 20
91.1885912565345
 10
448.7144899919053
 20
90.99985667139356
 10
447.8648844062955
 20
90.95333058515627
 10
447.357545044176
 20
90.96212353339718
 10
447.0991433965687
 20
90.97927422676611
 97
        0
 72
     4
 94
        3
 73
     0
 74
     0
 95
        9
 96
        5
 40
6.124205566293918
 40
6.124205566293918
 40
6.124205566293918
 40
6.124205566293918
 40
6.550309021250564
 40
6.656753593472368
 40
6.656753593472368
 40
6.656753593472368
 40
6.656753593472368
 10
447.0991433965689
 20
90.97927422676611
 10
447.0341911831663
 20
91.10566851616846
 10
446.9577568978334
 20
91.26604516459037
 10
446.88704178286
 20
91.42888078360824
 10
446.8731307558789
 20
91.46152249026488
 97
        0
 72
     4
 94
        3
 73
     0
 74
     0
 95
       18
 96
       14
 40
3.488374074371862
 40
3.488374074371862
 40
3.488374074371862
 40
3.488374074371862
 40
3.887806745815772
 40
4.416978135454834
 40
5.102881864907689
 40
5.778269700658052
 40
6.291653642830703
 40
6.838032875936091
 40
7.300646943173225
 40
7.769121453811416
 40
8.199365638989676
 40
8.680256300361139
 40
9.018495107481964
 40
9.018495107481964
 40
9.018495107481964
 40
9.018495107481964
 10
446.8731307558789
 20
91.46152249026494
 10
447.0059149441468
 20
91.4513370625553
 10
447.3154633093704
 20
91.4384851438059
 10
447.85394247164
 20
91.45562551666814
 10
448.4804672699941
 20
91.52740644974091
 10
449.0962004350088
 20
91.64126850525804
 10
449.6491661599791
 20
91.8130294451716
 10
450.1265905907619
 20
91.98559402872621
 10
450.5777900759435
 20
92.18393457824101
 10
450.9811304361569
 20
92.39238686098548
 10
451.3783715268235
 20
92.6244928317463
 10
451.7226812099047
 20
92.85973393376668
 10
451.9367667642291
 20
93.02926253340587
 10
452.0251679819874
 20
93.09926508308871
 97
        0
 72
     4
 94
        3
 73
     0
 74
     0
 95
        8
 96
        4
 40
0.0
 40
0.0
 40
0.0
 40
0.0
 40
0.0017177855416153
 40
0.0017177855416153
 40
0.0017177855416153
 40
0.0017177855416153
 10
452.0251679819874
 20
93.09926508308871
 10
452.0256047129747
 20
93.09963539550478
 10
452.026041443962
 20
93.10000570792084
 10
452.0264781749493
 20
93.10037602033691
 97
        0
 72
     2
 10
447.6406112307427
 20
93.2495013072359
 40
4.388401440556144
 50
1.94738219516251
 51
75.76919207558522
 73
     0
 72
     4
 94
        3
 73
     0
 74
     0
 95
        8
 96
        4
 40
0.0
 40
0.0
 40
0.0
 40
0.0
 40
0.0020923791021179
 40
0.0020923791021179
 40
0.0020923791021179
 40
0.0020923791021179
 10
448.7194059047511
 20
88.9957653898561
 10
448.7188955834035
 20
88.99624080773168
 10
448.718385262056
 20
88.9967162256072
 10
448.7178749407085
 20
88.99719164348272
 97
        0
 72
     4
 94
        3
 73
     0
 74
     0
 95
       13
 96
        9
 40
7.370154445551353
 40
7.370154445551353
 40
7.370154445551353
 40
7.370154445551353
 40
7.384670112060126
 40
7.615560347569366
 40
7.856432306933838
 40
8.293501929024398
 40
8.98250490958248
 40
9.23484214211912
 40
9.23484214211912
 40
9.23484214211912
 40
9.23484214211912
 10
448.7178749407085
 20
88.99719164348272
 10
448.7142573844778
 20
89.00040489425521
 10
448.653097971003
 20
89.05472900701665
 10
448.5310874905088
 20
89.16142883704975
 10
448.295975661403
 20
89.35285601112321
 10
447.9803590316783
 20
89.6827999325497
 10
447.6837562807541
 20
90.03469542763384
 10
447.5047004109224
 20
90.29251403016798
 10
447.4582625092328
 20
90.36268876589367
 97
        0
 72
     4
 94
        3
 73
     0
 74
     0
 95
       15
 96
       11
 40
0.0
 40
0.0
 40
0.0
 40
0.0
 40
0.0396490280830779
 40
1.145445618669398
 40
2.065674080291337
 40
3.369619663016798
 40
3.804909353442616
 40
4.135233665046806
 40
4.289277524492026
 40
4.791890366848904
 40
4.791890366848904
 40
4.791890366848904
 40
4.791890366848904
 10
447.4582625092328
 20
90.36268876589367
 10
447.4714557998454
 20
90.36366967092323
 10
447.8525551871041
 20
90.39306124786373
 10
448.5370491039325
 20
90.50122880335306
 10
449.5907368921187
 20
90.84601145468497
 10
450.4152894982694
 20
91.21305696438344
 10
450.9402121293408
 20
91.66159900905177
 10
451.1917571012666
 20
91.84037175486537
 10
451.4071023698107
 20
92.09022663006903
 10
451.55084134052
 20
92.25504477454137
 10
451.6608608566955
 20
92.38119854079076
 97
        0
 97
        0
 92
        1
 93
        6
 72
     4
 94
        3
 73
     0
 74
     0
 95
       21
 96
       17
 40
3.150581735181415
 40
3.150581735181415
 40
3.150581735181415
 40
3.150581735181415
 40
3.579808696638748
 40
4.023604315399971
 40
4.449119913436038
 40
4.899617051385869
 40
5.287157745437676
 40
5.787622231206912
 40
6.188038686120505
 40
6.672494971076138
 40
7.171322985893136
 40
7.735845578088812
 40
8.217568891518575
 40
8.59231953958858
 40
8.835590821903816
 40
8.9816115921349
 40
8.9816115921349
 40
8.9816115921349
 40
8.9816115921349
 10
446.7051257037374
 20
91.889019099368
 10
446.8482008733379
 20
91.88602838522417
 10
447.1394814753971
 20
91.890409164066
 10
447.5713156996419
 20
91.92374341313683
 10
448.0070169171477
 20
91.98653144974429
 10
448.4201301666481
 20
92.06988647015419
 10
448.8520789180016
 20
92.1820600766901
 10
449.2622707333462
 20
92.31079215284734
 10
449.6909047803479
 20
92.4832347543616
 10
450.1105697279888
 20
92.6752410176801
 10
450.5638074936908
 20
92.92255771100628
 10
450.9987564817723
 20
93.19938916618327
 10
451.3759597030528
 20
93.48682264884218
 10
451.6506872928198
 20
93.72978690209908
 10
451.8346652931696
 20
93.90601798795382
 10
451.9246684713125
 20
93.99948656380906
 10
451.9581784181753
 20
94.03479156279667
 97
        0
 72
     2
 10
447.6406112307427
 20
93.2495013072359
 40
4.388401440556144
 50
10.30841805244392
 51
102.9113634823187
 73
     1
 72
     4
 94
        3
 73
     0
 74
     0
 95
       56
 96
       52
 40
3.312575675732061
 40
3.312575675732061
 40
3.312575675732061
 40
3.312575675732061
 40
3.318391505043365
 40
3.380848207226377
 40
3.435782794916687
 40
3.55426477112907
 40
3.630519490547949
 40
3.755692401086849
 40
3.852207924787706
 40
3.992551869445919
 40
4.118307566247655
 40
4.229942193344062
 40
4.351757507598263
 40
4.431547558848829
 40
4.539652604931355
 40
4.659667264389723
 40
4.799394089192074
 40
4.926978488074752
 40
5.058168636691814
 40
5.180442951834922
 40
5.31740367694762
 40
5.470942392176496
 40
5.588513779404578
 40
5.695553560008105
 40
5.867776508687719
 40
6.008119726127337
 40
6.14526862597308
 40
6.308593856940433
 40
6.445721283483012
 40
6.598149873119415
 40
6.804260269526696
 40
6.931829251199067
 40
7.06496032481533
 40
7.203523697489236
 40
7.331988279414631
 40
7.488665631345652
 40
7.644207866042034
 40
7.794557595625662
 40
7.942808822799561
 40
8.095166164498163
 40
8.221993502087265
 40
8.343091109316081
 40
8.41395695465994
 40
8.521731161098288
 40
8.619725495650615
 40
8.72843395942529
 40
8.83418007340063
 40
8.92428678162834
 40
9.054113911850516
 40
9.168842545474352
 40
9.173127030428851
 40
9.173127030428851
 40
9.173127030428851
 40
9.173127030428851
 10
446.6600517335146
 20
97.5269503456081
 10
446.6585245395372
 20
97.52575638062086
 10
446.6406479990751
 20
97.51167648726806
 10
446.6099218923282
 20
97.48435881105007
 10
446.5467601881687
 20
97.43744728725954
 10
446.48352306369
 20
97.3833839923862
 10
446.3989158274235
 20
97.318058290784
 10
446.3342626169301
 20
97.24200763658598
 10
446.2491971838499
 20
97.15654536835638
 10
446.167027238334
 20
97.06760665963094
 10
446.0921518419677
 20
96.9662300178598
 10
446.019765527469
 20
96.87096871936427
 10
445.9556932943008
 20
96.78819492968671
 10
445.9050515179536
 20
96.69807722365664
 10
445.8504881918366
 20
96.61117704490044
 10
445.7845184789446
 20
96.50771468509828
 10
445.7260599180811
 20
96.39243701587219
 10
445.6685091410661
 20
96.27275622082692
 10
445.6101384802228
 20
96.1598850634071
 10
445.5585142711443
 20
96.04033220681055
 10
445.5087566125999
 20
95.91205904343491
 10
445.4580989511694
 20
95.7858047520537
 10
445.4162484865205
 20
95.66685110425675
 10
445.3780594285561
 20
95.54018672879823
 10
445.3371177056008
 20
95.40647481194026
 10
445.2916423882807
 20
95.26353879572105
 10
445.2592912575553
 20
95.12009480657412
 10
445.2297297871858
 20
94.97728445865397
 10
445.1907113235229
 20
94.8312582549276
 10
445.1678172188856
 20
94.66741433178817
 10
445.1399500717589
 20
94.50785404219641
 10
445.116529819677
 20
94.35396438914995
 10
445.1038281006904
 20
94.22144764909973
 10
445.0920946456938
 20
94.08858862678903
 10
445.0772182955327
 20
93.94811801346867
 10
445.06877433306
 20
93.80141034751102
 10
445.0638820862168
 20
93.64731410633061
 10
445.0560423054869
 20
93.49607789731039
 10
445.0582347623072
 20
93.34572201433804
 10
445.060215962729
 20
93.2032522352248
 10
445.0665996267844
 20
93.06997482799454
 10
445.0651795335532
 20
92.96355477292161
 10
445.0754802592144
 20
92.86409950120003
 10
445.0834000259451
 20
92.77225072509611
 10
445.0928059339121
 20
92.66783573862108
 10
445.101833766302
 20
92.5641045747816
 10
445.1090535647775
 20
92.46274172960057
 10
445.1277197354398
 20
92.3557176833969
 10
445.1443223707406
 20
92.24542121086853
 10
445.1567156373594
 20
92.16341369549059
 10
445.1623740408891
 20
92.1241386668625
 10
445.162577472036
 20
92.1227247067651
 97
        0
 72
     4
 94
        3
 73
     0
 74
     0
 95
       10
 96
        6
 40
1.586162538885827
 40
1.586162538885827
 40
1.586162538885827
 40
1.586162538885827
 40
2.071194100565923
 40
2.486699357005002
 40
2.486788559394391
 40
2.486788559394391
 40
2.486788559394391
 40
2.486788559394391
 10
445.162577472036
 20
92.12272470676515
 10
445.3173650340884
 20
92.07583114681387
 10
445.6087558617883
 20
92.00126143794677
 10
445.9057747844824
 20
91.95603196644294
 10
446.0433020922467
 20
91.93886149441744
 10
446.0433316108631
 20
91.9388578091511
 97
        0
 72
     4
 94
        3
 73
     0
 74
     0
 95
       53
 96
       49
 40
0.0
 40
0.0
 40
0.0
 40
0.0
 40
0.1300337471917388
 40
0.466224071899731
 40
0.7825891158204055
 40
1.155885933674857
 40
1.476403966736586
 40
1.750502273210316
 40
2.08170439442799
 40
2.409745300650678
 40
2.731103961501755
 40
3.098788249151716
 40
3.433637640124101
 40
3.715652802792438
 40
3.996982547103072
 40
4.344441565590744
 40
4.559558391482521
 40
4.956755503002683
 40
5.278032479805446
 40
5.395001113812131
 40
5.47055824108942
 40
5.496751745662129
 40
5.510958610028381
 40
5.524304766687864
 40
5.548343492655103
 40
5.564655763696178
 40
5.578858133927172
 40
5.592595877692681
 40
5.602847756834954
 40
5.612602713043281
 40
5.62611384528754
 40
5.63453646148425
 40
5.648906140884049
 40
5.662576481655982
 40
5.672607160057203
 40
5.682356417263424
 40
5.691213135538296
 40
5.703775077157794
 40
5.711394211099979
 40
5.722612125900232
 40
5.734190404588679
 40
5.745074201157167
 40
5.752057506583875
 40
5.761219591049745
 40
5.768448829015005
 40
5.776337971598063
 40
5.782839756287265
 40
5.793493644417593
 40
5.793493644417593
 40
5.793493644417593
 40
5.793493644417593
 10
446.0433316108631
 20
91.9388578091511
 10
446.0304109940325
 20
91.98025183093142
 10
445.9843182199022
 20
92.12865823154982
 10
445.9402411145336
 20
92.38644109729705
 10
445.8740464174189
 20
92.72195808118204
 10
445.8430698151417
 20
93.05766955535074
 10
445.8177879557829
 20
93.37938813007702
 10
445.8167781250943
 20
93.68819638142509
 10
445.8260314333832
 20
93.99917424881636
 10
445.8486337091031
 20
94.3254653241492
 10
445.9001587653686
 20
94.6610925279382
 10
445.9799267755673
 20
94.99281328099943
 10
446.0559540800143
 20
95.31294970656307
 10
446.1718214067489
 20
95.58955881821845
 10
446.2778441619448
 20
95.87432383460913
 10
446.4124029590998
 20
96.122151016656
 10
446.5720003767256
 20
96.3994306805377
 10
446.7522769818058
 20
96.65374337315399
 10
446.928700769234
 20
96.86985566348795
 10
447.0498450027519
 20
96.99105331594234
 10
447.1030819773869
 20
97.0408710983989
 10
447.1317761326854
 20
97.06676911041086
 10
447.1451323261019
 20
97.07870973072494
 10
447.1578586525557
 20
97.09027667832163
 10
447.1709348589043
 20
97.10250064371797
 10
447.184577373409
 20
97.11452800961246
 10
447.1952601929208
 20
97.12470185776732
 10
447.2046038143687
 20
97.13334916802972
 10
447.2129971852287
 20
97.14083846341106
 10
447.2211334026194
 20
97.14849644651298
 10
447.228923622916
 20
97.1556299949101
 10
447.2378129838376
 20
97.16384096342819
 10
447.2468735168661
 20
97.17194318622876
 10
447.2561708650246
 20
97.18058080584234
 10
447.2643434250342
 20
97.18816608902915
 10
447.2714287557403
 20
97.19456286420467
 10
447.2790977355096
 20
97.20157177071957
 10
447.2861882028878
 20
97.20816105670048
 10
447.2937180264921
 20
97.21543238782061
 10
447.3013297026143
 20
97.22213356085581
 10
447.3094394594839
 20
97.22989998608983
 10
447.3169057995899
 20
97.2362809651317
 10
447.3232666522306
 20
97.2426708480678
 10
447.3292615785749
 20
97.24766139945291
 10
447.3350396495591
 20
97.2533331595339
 10
447.3403730566429
 20
97.25818088905316
 10
447.3465961042075
 20
97.26374563719571
 10
447.3508129965692
 20
97.2676083826226
 10
447.3534317396493
 20
97.27000719601148
 97
        0
 72
     4
 94
        3
 73
     0
 74
     0
 95
      160
 96
      156
 40
0.0
 40
0.0
 40
0.0
 40
0.0
 40
0.1107477158696539
 40
0.1174312145756693
 40
0.1271853091298365
 40
0.1367163271431169
 40
0.1453333590380123
 40
0.1561283268376976
 40
0.1673104266620594
 40
0.1839960066494838
 40
0.2039455200536655
 40
0.2296060625483584
 40
0.2552693518759473
 40
0.2811184945144847
 40
0.3095352764788754
 40
0.337175172850663
 40
0.3630078713530387
 40
0.3864999392550619
 40
0.4096573585411288
 40
0.4326335428245247
 40
0.4576978286981253
 40
0.4763879152029193
 40
0.5022326135797408
 40
0.5319784374845814
 40
0.5567323115883612
 40
0.5755939068090948
 40
0.5983445822293212
 40
0.628130051986942
 40
0.6535427561445373
 40
0.6739369991058034
 40
0.6902213010181728
 40
0.7096668000750198
 40
0.7303390503472671
 40
0.7532192640776006
 40
0.7834753981206175
 40
0.8037891038344896
 40
0.8252240769144858
 40
0.8467094301912894
 40
0.8653006394055396
 40
0.886062624037366
 40
0.9043955271012523
 40
0.9225262190336276
 40
0.9425813147136054
 40
0.9584087980959783
 40
0.9751310408466805
 40
0.9920613665400241
 40
1.01234378765005
 40
1.030406107724672
 40
1.043364384635123
 40
1.064515264590926
 40
1.079746794361193
 40
1.097078572584323
 40
1.111032404247666
 40
1.125286160326508
 40
1.137638084605187
 40
1.153566440108332
 40
1.164537279192371
 40
1.174270917037503
 40
1.184708125047926
 40
1.195427607248417
 40
1.210105601452837
 40
1.22276048634133
 40
1.234843234779326
 40
1.247309332311784
 40
1.261176355988959
 40
1.274405750637335
 40
1.289726139891182
 40
1.30433719793271
 40
1.320375811778753
 40
1.331255932051061
 40
1.343091238753967
 40
1.35457166839334
 40
1.367346014366812
 40
1.377319972379365
 40
1.389174992722888
 40
1.399760495784695
 40
1.40973155470026
 40
1.421605794079571
 40
1.435670448725419
 40
1.447175071788926
 40
1.465214311139455
 40
1.475741281399696
 40
1.485484174210874
 40
1.493892275900931
 40
1.503251300595758
 40
1.51556632592467
 40
1.532388548254147
 40
1.545008982694388
 40
1.559034411923492
 40
1.567651720929816
 40
1.574499184581334
 40
1.58290607389516
 40
1.590491070853209
 40
1.599279815279878
 40
1.610908154402809
 40
1.619021751024455
 40
1.625180468235297
 40
1.636636674602325
 40
1.643645099347187
 40
1.651176733842647
 40
1.658497294244557
 40
1.668989860214827
 40
1.676940686613839
 40
1.683290804139898
 40
1.692967067081428
 40
1.698740963146071
 40
1.7046244808274
 40
1.713314684498083
 40
1.72548141788807
 40
1.736405021089046
 40
1.746884957679967
 40
1.755507723694281
 40
1.762406941634038
 40
1.772707394162442
 40
1.781750587527271
 40
1.79153453885394
 40
1.801611730872196
 40
1.811392902326527
 40
1.81828676597302
 40
1.822647681417871
 40
1.829473958237928
 40
1.837582495163095
 40
1.842425949822617
 40
1.850591866006386
 40
1.858710596001808
 40
1.864743519296687
 40
1.872875391168455
 40
1.880336535473477
 40
1.888273508415793
 40
1.896927820238293
 40
1.904419707302538
 40
1.913743135015038
 40
1.923419260974708
 40
1.932908267495248
 40
1.944251653026222
 40
1.953692744276887
 40
1.972954852044431
 40
1.994746628995993
 40
2.018161444664881
 40
2.046924305414614
 40
2.070586725241041
 40
2.094732896049115
 40
2.118101146540499
 40
2.136202529785193
 40
2.154267703650845
 40
2.173655153522503
 40
2.237711843841197
 40
2.395857590566159
 40
2.64751491840506
 40
3.151040366807829
 40
3.408722852245061
 40
4.363534989138262
 40
4.843443075411796
 40
5.600843692168699
 40
5.664922826657165
 40
5.664922826657165
 40
5.664922826657165
 40
5.664922826657165
 10
447.3534317396493
 20
97.27000719601148
 10
447.3310021140087
 20
97.2406871440516
 10
447.3072188859685
 20
97.20959766029995
 10
447.2812790888677
 20
97.1760626818783
 10
447.2762813282934
 20
97.16898866702195
 10
447.2703228833936
 20
97.1618403851889
 10
447.2644870193171
 20
97.15415715663653
 10
447.2582562063658
 20
97.1460840157493
 10
447.2504300117253
 20
97.13584517975471
 10
447.2410472007275
 20
97.1229531737709
 10
447.2275951990528
 20
97.10711329358213
 10
447.2136769880142
 20
97.08784723859316
 10
447.1985345101325
 20
97.06704222533023
 10
447.1812801651336
 20
97.04671512332794
 10
447.1652238940112
 20
97.02461884752387
 10
447.1483917554133
 20
97.00312897015397
 10
447.1329504321607
 20
96.98264039370326
 10
447.1182427478698
 20
96.96347235152007
 10
447.1039326571961
 20
96.94519789117447
 10
447.0898993658086
 20
96.92605719030013
 10
447.0756940227311
 20
96.90890394059892
 10
447.0630819314031
 20
96.88939124972734
 10
447.0509800704617
 20
96.86778987979932
 10
447.0375087179098
 20
96.84464121244764
 10
447.0249144163249
 20
96.8236800524682
 10
447.0136752794849
 20
96.80462509822087
 10
447.0019344142561
 20
96.78392203928325
 10
446.9885995368093
 20
96.76162118497285
 10
446.9756935624789
 20
96.73997752268127
 10
446.965756375499
 20
96.72181578098508
 10
446.9559362430239
 20
96.70588666542642
 10
446.9468658206895
 20
96.68941214392459
 10
446.9357569984784
 20
96.67158404154401
 10
446.9237658728321
 20
96.65009594271692
 10
446.9111775673093
 20
96.62909497666152
 10
446.8990950427497
 20
96.60835637065423
 10
446.8884936956197
 20
96.59013825354805
 10
446.8779391357903
 20
96.57255839029557
 10
446.8679807418364
 20
96.55488936447216
 10
446.8578845677052
 20
96.53852012892895
 10
446.8485819852922
 20
96.52186087306336
 10
446.8390486907781
 20
96.50562299788083
 10
446.8294292515295
 20
96.49034637411347
 10
446.8226529159756
 20
96.4741365642891
 10
446.8158761822958
 20
96.45910791614108
 10
446.8087257608693
 20
96.44260995199858
 10
446.8014639266976
 20
96.42567667748853
 10
446.794425382082
 20
96.41009022507086
 10
446.7875529073801
 20
96.39411496799124
 10
446.7808603179988
 20
96.37909085996074
 10
446.7738003577469
 20
96.36263660835908
 10
446.7676336215252
 20
96.34840983958071
 10
446.7615212093865
 20
96.33451517321458
 10
446.7560250658221
 20
96.32216229828481
 10
446.7505546568284
 20
96.30908130855437
 10
446.7452536136345
 20
96.29711901521421
 10
446.740279800149
 20
96.28596692189365
 10
446.7361692802112
 20
96.2764346815041
 10
446.7319972807811
 20
96.26702090074258
 10
446.7272275431442
 20
96.25606954986574
 10
446.7222553437739
 20
96.24440039906204
 10
446.7169526301227
 20
96.23237929940802
 10
446.7121525533578
 20
96.22094338525659
 10
446.7067839288409
 20
96.20931592718273
 10
446.7016106630829
 20
96.1971846522805
 10
446.6958119738392
 20
96.18428853891328
 10
446.6903106703128
 20
96.17099306642984
 10
446.6840467422594
 20
96.15700751443114
 10
446.6785667236795
 20
96.14429508295024
 10
446.6734586225923
 20
96.13242966023017
 10
446.6687850562093
 20
96.1220328715927
 10
446.6639567540869
 20
96.11101433207881
 10
446.6593498879627
 20
96.10057588741421
 10
446.6548548921955
 20
96.08995313511082
 10
446.6505291324281
 20
96.08005169631332
 10
446.6460293341024
 20
96.07022827458962
 10
446.6418943903218
 20
96.06023827445813
 10
446.6369679895147
 20
96.04932847629442
 10
446.6319448523782
 20
96.03790137656546
 10
446.6267701047011
 20
96.02430525459494
 10
446.6231199095532
 20
96.01144653651585
 10
446.6192675096072
 20
95.99927264793212
 10
446.6165001059339
 20
95.99012232016315
 10
446.6137682730484
 20
95.98136865779406
 10
446.6107316197504
 20
95.97181209919484
 10
446.6069100252951
 20
95.95956226180607
 10
446.6027617303309
 20
95.94627551737807
 10
446.5985092151966
 20
95.93242426733053
 10
446.595061365917
 20
95.92118676026013
 10
446.5920070464783
 20
95.91184226780399
 10
446.5897873139299
 20
95.90419997057819
 10
446.5874387724266
 20
95.89695746624358
 10
446.5850508591875
 20
95.88904969893849
 10
446.5821998110357
 20
95.88016142447867
 10
446.5794781837355
 20
95.87104826272474
 10
446.5767699802727
 20
95.86284925686283
 10
446.574367510043
 20
95.85461560080017
 10
446.5718487057086
 20
95.84680317624003
 10
446.5693366883083
 20
95.83850968999059
 10
446.567132364125
 20
95.83156412689806
 10
446.5645768096897
 20
95.82351161510809
 10
446.5620771461145
 20
95.81529530804704
 10
446.5596085625762
 20
95.80740805361319
 10
446.5571760353703
 20
95.79979472788244
 10
446.5550377557377
 20
95.79284976768207
 10
446.5528579568011
 20
95.78608012909831
 10
446.5510477229186
 20
95.7795416064559
 10
446.5481727093572
 20
95.77110127928773
 10
446.5451325291547
 20
95.7609527159405
 10
446.5417560981696
 20
95.7502840675221
 10
446.5387991293387
 20
95.74072202304802
 10
446.5362662695804
 20
95.73243306171901
 10
446.5337188489391
 20
95.72421115113474
 10
446.5310907463836
 20
95.71586763619774
 10
446.5282059304034
 20
95.70659689408785
 10
446.5253667306104
 20
95.69738993503188
 10
446.522427617721
 20
95.68795642213666
 10
446.5197008632654
 20
95.67946575658505
 10
446.5177041385755
 20
95.67274364748124
 10
446.5158724363848
 20
95.66700155675943
 10
446.51399377959
 20
95.66085005410622
 10
446.5119677944404
 20
95.65457581743061
 10
446.5099765993671
 20
95.64782359436356
 10
446.5078185045588
 20
95.6411192412267
 10
446.5056215284526
 20
95.6340118836759
 10
446.5034308600689
 20
95.62691438772072
 10
446.5012377702428
 20
95.62004733898567
 10
446.4989216013735
 20
95.6125537570419
 10
446.4965911701297
 20
95.60488227917489
 10
446.4941078597039
 20
95.59724774640966
 10
446.4916793261982
 20
95.58911213774752
 10
446.4889770380967
 20
95.5807049021617
 10
446.4861837407116
 20
95.57162895598793
 10
446.4831469917283
 20
95.56192269212465
 10
446.4802025676281
 20
95.55227357849077
 10
446.4760169485223
 20
95.53958247373151
 10
446.4731783057573
 20
95.52294503973519
 10
446.4688869112924
 20
95.50190278362442
 10
446.4638894817904
 20
95.47775335870477
 10
446.4590033116319
 20
95.45295121073411
 10
446.4538215758323
 20
95.42795807798774
 10
446.4494207154078
 20
95.40464290231415
 10
446.4448446945257
 20
95.38325364673534
 10
446.4410483121044
 20
95.36377485003567
 10
446.4373528762637
 20
95.3456292858765
 10
446.4307845154817
 20
95.31243620592431
 10
446.4147304368778
 20
95.23352679693272
 10
446.3826828586521
 20
95.07880196414618
 10
446.3421694683652
 20
94.77691617752629
 10
446.3119613053655
 20
94.44013857467394
 10
446.3108479332084
 20
93.86796131953975
 10
446.3522186510545
 20
93.30368649017208
 10
446.4780704075577
 20
92.58306547214835
 10
446.6055702842646
 20
92.16714106427509
 10
446.6978542116758
 20
91.90911774609003
 10
446.7051257037376
 20
91.889019099368
 97
        0
 97
        0
 92
        1
 93
        6
 72
     4
 94
        3
 73
     0
 74
     0
 95
      182
 96
      178
 40
0.0
 40
0.0
 40
0.0
 40
0.0
 40
0.0004608570517367
 40
0.0009729494474141
 40
0.0016363540590875
 40
0.0023303345230375
 40
0.0030111086512431
 40
0.0037157791883016
 40
0.0044417474296336
 40
0.0051453628955143
 40
0.0058457108451621
 40
0.0066866786930528
 40
0.0076158468232376
 40
0.0084479273527105
 40
0.009117357892274
 40
0.0098732447618965
 40
0.0104669246043033
 40
0.0112879120182304
 40
0.0120939639375117
 40
0.0133150503152903
 40
0.0141420845878485
 40
0.0150856124945886
 40
0.0160343530682034
 40
0.0170494170498098
 40
0.0182152627564697
 40
0.0191778835943859
 40
0.02021885429002
 40
0.0216039574267802
 40
0.0226431291531624
 40
0.0237085940079975
 40
0.024784804151143
 40
0.0259610156830361
 40
0.0268691947890177
 40
0.0278193764751355
 40
0.029008713334361
 40
0.0300971263788275
 40
0.0312206603862568
 40
0.0322461388636397
 40
0.0338052225386787
 40
0.0349109557935424
 40
0.0359159498802699
 40
0.0369636947908207
 40
0.0379818331759885
 40
0.0389619575608237
 40
0.0402352501661673
 40
0.041600163295043
 40
0.0427250679694499
 40
0.0440449973191094
 40
0.045366395635904
 40
0.0468917127909704
 40
0.0482134339391989
 40
0.0492326377690379
 40
0.0502573468264918
 40
0.0517879629975059
 40
0.053004317701275
 40
0.0545983135097645
 40
0.0558073547541555
 40
0.0577756720546503
 40
0.058798123490735
 40
0.0604262997066089
 40
0.0615134730361969
 40
0.0630345618061035
 40
0.0640687594318062
 40
0.0649572381994759
 40
0.0658986911827748
 40
0.0672630360746801
 40
0.0684670944749899
 40
0.0697975057077783
 40
0.0706248305678359
 40
0.0715396151011575
 40
0.0724750269747097
 40
0.0735603355951217
 40
0.075301930394205
 40
0.0774998670637863
 40
0.0787621284134879
 40
0.0802922573730132
 40
0.0811989454043717
 40
0.08200618191791
 40
0.0827677293106331
 40
0.0835355298256289
 40
0.0845190237729586
 40
0.0858358952632763
 40
0.0869110956422041
 40
0.0882174780214062
 40
0.0891805827505775
 40
0.0902608845568213
 40
0.0912652254992066
 40
0.0920771480940162
 40
0.0928681871172973
 40
0.0936015272172201
 40
0.0947209886137988
 40
0.0956208213994727
 40
0.0965679810674416
 40
0.0976386311253129
 40
0.0984871360326426
 40
0.0995995445261069
 40
0.1010865971118794
 40
0.1020854413773498
 40
0.1032406716340323
 40
0.1042452603298389
 40
0.1054942337817878
 40
0.1069376761292079
 40
0.1082153447841134
 40
0.1096418227219575
 40
0.1108114386188248
 40
0.1118828617967959
 40
0.1130566316869884
 40
0.1141382544480658
 40
0.1153754704310354
 40
0.1167108382869029
 40
0.1176812261433391
 40
0.1189549787649838
 40
0.1200606000634158
 40
0.1208396530316786
 40
0.1222807538265694
 40
0.1233970783302719
 40
0.1243074346344418
 40
0.1251525100345359
 40
0.1268539043866664
 40
0.1279833751189703
 40
0.1291200043944449
 40
0.1301321856655542
 40
0.1314827819899106
 40
0.1323788873955422
 40
0.1333871534397205
 40
0.1347115430085196
 40
0.1357453450542793
 40
0.1368692025410944
 40
0.1376653659912846
 40
0.1384244240306752
 40
0.1390377680730266
 40
0.1397038783791403
 40
0.1407170810693928
 40
0.141825101238336
 40
0.1429137193763129
 40
0.1438351799583906
 40
0.1450911403738796
 40
0.1461658000956271
 40
0.1472721306647419
 40
0.1484474065299292
 40
0.1496479121902209
 40
0.1508941784680481
 40
0.1521223838283178
 40
0.1532322790465278
 40
0.1544111465477333
 40
0.1553724303815609
 40
0.1565468438037109
 40
0.1578009413757344
 40
0.1590424608351619
 40
0.1599422936208256
 40
0.1609728715187098
 40
0.1621942659575709
 40
0.1634308407478035
 40
0.1644658551978062
 40
0.1656412877832724
 40
0.1667925538624304
 40
0.1677655831563102
 40
0.1687750501645568
 40
0.1704834691513263
 40
0.1726513907565534
 40
0.1758476125104698
 40
0.1787639746265801
 40
0.1841546140659608
 40
0.1902332356873936
 40
0.1968890799812081
 40
0.2064660553904191
 40
0.2160762412396205
 40
0.2258173677047658
 40
0.2351998526357398
 40
0.2478395738368472
 40
0.2533211732776546
 40
0.4012285880048347
 40
0.4659550722133198
 40
0.5799164568600612
 40
0.7695111713852327
 40
1.116892179648216
 40
1.16096584763539
 40
1.16096584763539
 40
1.16096584763539
 40
1.16096584763539
 10
443.7641111576827
 20
92.8496214268352
 10
443.7642141429387
 20
92.84950743967858
 10
443.764431562739
 20
92.84926679295177
 10
443.7647915901023
 20
92.8488570000664
 10
443.7652148597601
 20
92.84839960223695
 10
443.7656722515751
 20
92.84789723221246
 10
443.7661294044915
 20
92.84737615634157
 10
443.7666086679912
 20
92.84686063773296
 10
443.7670751080502
 20
92.8463233324589
 10
443.7675597680886
 20
92.84580438102466
 10
443.7680525409237
 20
92.84524113140327
 10
443.7686128849036
 20
92.84463754908728
 10
443.7691810100705
 20
92.84398193238661
 10
443.7697299675567
 20
92.8433859555181
 10
443.7702364542295
 20
92.84282947686694
 10
443.7706843693329
 20
92.84232714351543
 10
443.7711783931475
 20
92.8417984637212
 10
443.7716672329636
 20
92.84124251359634
 10
443.7723010578995
 20
92.84053569937714
 10
443.7729496844145
 20
92.83983954147823
 10
443.7736038319986
 20
92.83908666547063
 10
443.7742267410506
 20
92.83842788332021
 10
443.7748598572582
 20
92.8376938835467
 10
443.775572942101
 20
92.8369322592834
 10
443.7762727980753
 20
92.8361523461088
 10
443.7769683417675
 20
92.83535707706693
 10
443.7777318678102
 20
92.83452456622251
 10
443.7785050171613
 20
92.83366641725888
 10
443.7792885573508
 20
92.83280660367694
 10
443.7799870622757
 20
92.83200884186982
 10
443.7807341236087
 20
92.83119328351353
 10
443.781443637831
 20
92.83041447997618
 10
443.7821159961841
 20
92.82965873882961
 10
443.7827972073428
 20
92.82890508006716
 10
443.7835108275319
 20
92.82809973909332
 10
443.7842931790808
 20
92.82727860888002
 10
443.7849810108382
 20
92.82644609318572
 10
443.7858374209479
 20
92.82555413280477
 10
443.7866474000175
 20
92.8246281158398
 10
443.7874735670021
 20
92.82372595475988
 10
443.7881746340227
 20
92.82294047201657
 10
443.788868473946
 20
92.82218780952581
 10
443.7895382747752
 20
92.82142463896429
 10
443.790278884572
 20
92.82062407062625
 10
443.7910705563418
 20
92.8197139203159
 10
443.791928586754
 20
92.81879867009798
 10
443.7927707376439
 20
92.81784809299546
 10
443.7936097106503
 20
92.81691419026345
 10
443.7945433039229
 20
92.81588588576693
 10
443.7954753863939
 20
92.81485541695815
 10
443.7963408030728
 20
92.8139004612031
 10
443.7970806089011
 20
92.81305694320747
 10
443.7978956006998
 20
92.81218758804522
 10
443.7987319887925
 20
92.81124883998308
 10
443.7996935057865
 20
92.81016753986569
 10
443.8005911931941
 20
92.80917289834093
 10
443.8016725678356
 20
92.80800655779439
 10
443.8025977740517
 20
92.80695577471602
 10
443.8036318502318
 20
92.8058150774661
 10
443.804474613876
 20
92.80489732790329
 10
443.805402592124
 20
92.80383271643421
 10
443.8062302526221
 20
92.8029442458635
 10
443.8069904584397
 20
92.80208381226151
 10
443.8076562996239
 20
92.80139939394883
 10
443.808390686768
 20
92.80062842454004
 10
443.8091792066527
 20
92.79976400128709
 10
443.8100740303939
 20
92.79882148585244
 10
443.8108406164711
 20
92.79800412603453
 10
443.8115414571275
 20
92.79725728935131
 10
443.8121479141364
 20
92.79660248139231
 10
443.8128089341544
 20
92.79588095221158
 10
443.8136790090716
 20
92.79497765786562
 10
443.8148206148464
 20
92.79375199009502
 10
443.8160106429284
 20
92.79249088802578
 10
443.8171413941504
 20
92.79127084791361
 10
443.8179876127058
 20
92.79037403791284
 10
443.8187283789564
 20
92.78958623930617
 10
443.8192824438363
 20
92.78897468301506
 10
443.8198221540592
 20
92.78841303808622
 10
443.8203862786786
 20
92.78779377475598
 10
443.8211024126842
 20
92.78706330819892
 10
443.8218445662383
 20
92.78621684432511
 10
443.8227136900066
 20
92.78534195516625
 10
443.8234608062187
 20
92.7845141198286
 10
443.8242358141497
 20
92.78371015774775
 10
443.8249191811537
 20
92.7829582986821
 10
443.8255871383558
 20
92.78226102626269
 10
443.8261745101981
 20
92.7816204136127
 10
443.8267089279259
 20
92.78105393885124
 10
443.8273129192883
 20
92.78041219771006
 10
443.8279271845067
 20
92.7797302917757
 10
443.8286279015313
 20
92.77903215804469
 10
443.8292818453103
 20
92.77831206830348
 10
443.8299272955687
 20
92.77760759773912
 10
443.8306282425051
 20
92.7768796053403
 10
443.8314061662618
 20
92.77603349962004
 10
443.8322329521868
 20
92.77516450374486
 10
443.8330568865326
 20
92.77427328668887
 10
443.833780216451
 20
92.77350817854062
 10
443.8345533826384
 20
92.77267550804498
 10
443.8354042956053
 20
92.77178405310832
 10
443.836301101217
 20
92.7708108472587
 10
443.8372492911162
 20
92.76980469626795
 10
443.8381287843074
 20
92.76885925103187
 10
443.838974320518
 20
92.7679762369284
 10
443.8397442671921
 20
92.7671378218784
 10
443.8405050330039
 20
92.76633098035649
 10
443.8413079021348
 20
92.7654878533105
 10
443.8421267050949
 20
92.76458592658577
 10
443.8429404902008
 20
92.76373000068742
 10
443.8437516646684
 20
92.76285497479387
 10
443.8445187198233
 20
92.76204354086906
 10
443.8452313184453
 20
92.76126849135545
 10
443.8459971191742
 20
92.76046688042868
 10
443.8467573508806
 20
92.75965510895963
 10
443.8475428651038
 20
92.75880707727669
 10
443.8482021255663
 20
92.75811299331417
 10
443.8489864028852
 20
92.7572688354353
 10
443.8498194174783
 20
92.75636998127237
 10
443.8507527963179
 20
92.75543290399122
 10
443.8515086477662
 20
92.75464368471518
 10
443.8523255984358
 20
92.75381106365387
 10
443.8530864924849
 20
92.75303575168238
 10
443.8538359230481
 20
92.75225114103444
 10
443.8545919152266
 20
92.75148507426917
 10
443.8553700640778
 20
92.75067653205582
 10
443.8561809662904
 20
92.74984609235338
 10
443.8568656081948
 20
92.74913847580132
 10
443.8574884291781
 20
92.7484984828302
 10
443.8579911268096
 20
92.7479790447859
 10
443.8584629253066
 20
92.74749003352758
 10
443.8589948063491
 20
92.74694127561003
 10
443.8596439463013
 20
92.74627654460113
 10
443.8603927003655
 20
92.74551224337671
 10
443.8611164277354
 20
92.74476624781158
 10
443.8618733777721
 20
92.74398378971716
 10
443.8626245814405
 20
92.74320221501108
 10
443.8634326097581
 20
92.74238998519508
 10
443.8642037040627
 20
92.74157930558539
 10
443.8650272992666
 20
92.74076123679578
 10
443.8658566754239
 20
92.73988371951049
 10
443.8667078983303
 20
92.73900278460309
 10
443.8675456941171
 20
92.73815095007939
 10
443.8683696318301
 20
92.7373169611721
 10
443.8691155199142
 20
92.7365311999153
 10
443.8698907990561
 20
92.73574399495334
 10
443.870684083663
 20
92.73493934593819
 10
443.871532179086
 20
92.73405766817694
 10
443.8723151685349
 20
92.73324040164897
 10
443.87305149181
 20
92.73248160758203
 10
443.8737910639852
 20
92.73173541356493
 10
443.8746060595456
 20
92.73090592699793
 10
443.8754118434376
 20
92.73006545684115
 10
443.8762070306661
 20
92.72923603513931
 10
443.8769960777736
 20
92.72844031072452
 10
443.8777572884751
 20
92.72764631583641
 10
443.8784916737939
 20
92.72690341962885
 10
443.8793433354572
 20
92.72601550443522
 10
443.8804906155792
 20
92.72485950146108
 10
443.8821153203155
 20
92.72315107473622
 10
443.8840484424059
 20
92.72118084477165
 10
443.8867227730802
 20
92.71843300260076
 10
443.8900874450726
 20
92.71501642415319
 10
443.8942401083198
 20
92.71062672884528
 10
443.8995847999956
 20
92.70545337643796
 10
443.9056686059325
 20
92.69935487752883
 10
443.9125201620323
 20
92.69256956693295
 10
443.919304459544
 20
92.68580860961606
 10
443.9268571054592
 20
92.67838839602643
 10
443.9333703302029
 20
92.67193631582211
 10
443.9725760158469
 20
92.6328753184415
 10
444.0259568752954
 20
92.58345523373629
 10
444.1075752692288
 20
92.51140280896414
 10
444.2028195810931
 20
92.43392180553548
 10
444.3727572844377
 20
92.29889341363554
 10
444.5352426135194
 20
92.19279175219668
 10
444.6476283242391
 20
92.12633619240421
 10
444.6603180183645
 20
92.11891744188944
 97
        0
 72
     4
 94
        3
 73
     0
 74
     0
 95
       15
 96
       11
 40
5.233690822292881
 40
5.233690822292881
 40
5.233690822292881
 40
5.233690822292881
 40
5.303825753327492
 40
5.383027286154253
 40
5.450246723878536
 40
5.541937193395427
 40
5.632391109541941
 40
5.746362704934958
 40
5.868643984550646
 40
5.876945215343023
 40
5.876945215343023
 40
5.876945215343023
 40
5.876945215343023
 10
444.6603180183643
 20
92.11891744188938
 10
444.6648711625921
 20
92.09598046938493
 10
444.6744027432107
 20
92.0470979888484
 10
444.6942264301422
 20
91.97763058604318
 10
444.7164048065706
 20
91.90143598391404
 10
444.7382194441313
 20
91.82121391366417
 10
444.7669848969138
 20
91.7267949308748
 10
444.7950672378997
 20
91.62149996969885
 10
444.823057329394
 20
91.54488097277147
 10
444.8376898009849
 20
91.50387346006067
 10
444.8386191868392
 20
91.50126635731954
 97
        0
 72
     4
 94
        3
 73
     0
 74
     0
 95
       11
 96
        7
 40
7.250280902057175
 40
7.250280902057175
 40
7.250280902057175
 40
7.250280902057175
 40
7.690997203514118
 40
8.598983734656267
 40
9.015708971630115
 40
9.232809360711533
 40
9.232809360711533
 40
9.232809360711533
 40
9.232809360711533
 10
444.838619186839
 20
91.50126635731954
 10
444.7033846903978
 20
91.55907985975398
 10
444.2972574075534
 20
91.7538904483207
 10
443.8090174470585
 20
92.09588124461283
 10
443.4593792693031
 20
92.47455524763205
 10
443.3302835391301
 20
92.6417848634913
 10
443.2867944267459
 20
92.69964092430928
 97
        0
 72
     2
 10
447.6406112307427
 20
93.2495013072359
 40
4.388401440556144
 50
172.8020024116292
 51
241.3246991952008
 73
     0
 72
     4
 94
        3
 73
     0
 74
     0
 95
       29
 96
       25
 40
0.0176581850300042
 40
0.0176581850300042
 40
0.0176581850300042
 40
0.0176581850300042
 40
0.1350136473611706
 40
0.3586319266787619
 40
0.5117678418293916
 40
1.044160938904145
 40
1.302848521635252
 40
1.630881788839104
 40
1.896901206132972
 40
2.202762203630451
 40
2.693157240403069
 40
2.997105140741793
 40
3.499856752425399
 40
3.835722073500915
 40
4.147195076379828
 40
4.24833332884689
 40
4.305055169871896
 40
4.49165549308347
 40
4.615666705313137
 40
4.73446748224874
 40
4.848662319531485
 40
4.923882241094272
 40
5.016750343729278
 40
5.021781432951515
 40
5.021781432951515
 40
5.021781432951515
 40
5.021781432951515
 10
445.5348572903993
 20
97.09967890654372
 10
445.5127237195595
 20
97.06742547854395
 10
445.448087532706
 20
96.97393973803202
 10
445.3438768644571
 20
96.84574028336192
 10
445.1924512458293
 20
96.58285775371934
 10
445.0323108349971
 20
96.31083597870958
 10
444.8944519399947
 20
95.96385827750231
 10
444.7885501107478
 20
95.699699107367
 10
444.712373534034
 20
95.40918759066619
 10
444.6213086135233
 20
95.06710598132321
 10
444.5525411368353
 20
94.70612308118638
 10
444.5064341606835
 20
94.27605731513108
 10
444.4878801517041
 20
93.8953879706196
 10
444.4868151826263
 20
93.51190424659706
 10
444.4989767404013
 20
93.26263245898895
 10
444.5089255974001
 20
93.10650457301273
 10
444.5175795286189
 20
92.99201245006657
 10
444.5294648931613
 20
92.87008841419822
 10
444.5501833235239
 20
92.72843600363564
 10
444.5674523008968
 20
92.61071911636492
 10
444.5777248293257
 20
92.50833495527979
 10
444.5983574400691
 20
92.41644340703101
 10
444.610140110975
 20
92.35996768712067
 10
444.6168489454362
 20
92.32803418348868
 10
444.617193824517
 20
92.32639311280838
 97
        0
 72
     4
 94
        3
 73
     0
 74
     0
 95
       15
 96
       11
 40
0.0
 40
0.0
 40
0.0
 40
0.0
 40
0.151070518449171
 40
0.3099551499702086
 40
0.4614421652073235
 40
0.6067730124679518
 40
0.7376919579981522
 40
0.855097158991247
 40
0.9279188759264442
 40
1.003628961646776
 40
1.003628961646776
 40
1.003628961646776
 40
1.003628961646776
 10
444.6171938245168
 20
92.32639311280832
 10
444.5712249261271
 20
92.34696120483733
 10
444.4776265303594
 20
92.39077427216063
 10
444.3411615581981
 20
92.46184607359612
 10
444.2092974892287
 20
92.53730756547776
 10
444.0878714642033
 20
92.61209769623025
 10
443.9790847731522
 20
92.68554850496287
 10
443.8928712374752
 20
92.74903561691349
 10
443.8225569446615
 20
92.80302230834849
 10
443.7838440254989
 20
92.83388831255996
 10
443.7641111576827
 20
92.8496214268352
 97
        0
 97
        0
 92
        1
 93
        4
 72
     4
 94
        3
 73
     0
 74
     0
 95
       10
 96
        6
 40
1.781427080250382
 40
1.781427080250382
 40
1.781427080250382
 40
1.781427080250382
 40
2.088036036302896
 40
2.589950839260203
 40
2.760242605119786
 40
2.760242605119786
 40
2.760242605119786
 40
2.760242605119786
 10
445.2157290095388
 20
91.8427074925118
 10
445.3101150315665
 20
91.80334182921155
 10
445.5624659771115
 20
91.70788618862605
 10
445.8777714233393
 20
91.62182879418708
 10
446.0968020695807
 20
91.57421181502008
 10
446.1524385320408
 20
91.56290824032078
 97
        0
 72
     4
 94
        3
 73
     0
 74
     0
 95
        9
 96
        5
 40
6.184923259416534
 40
6.184923259416534
 40
6.184923259416534
 40
6.184923259416534
 40
6.572631212823501
 40
6.716434027690795
 40
6.716434027690795
 40
6.716434027690795
 40
6.716434027690795
 10
446.1524385320413
 20
91.56290824032271
 10
446.1918290106464
 20
91.4399806625459
 10
446.261402601453
 20
91.27652985429694
 10
446.3267064124198
 20
91.11174985078554
 10
446.3450935814919
 20
91.06749908891891
 97
        0
 72
     4
 94
        3
 73
     0
 74
     0
 95
        9
 96
        5
 40
5.680414126429065
 40
5.680414126429065
 40
5.680414126429065
 40
5.680414126429065
 40
5.911713471620197
 40
6.704560383601724
 40
6.704560383601724
 40
6.704560383601724
 40
6.704560383601724
 10
446.3450935814919
 20
91.06749908891891
 10
446.2690338626346
 20
91.08039555792283
 10
445.9331919081762
 20
91.14289342843193
 10
445.6024155959653
 20
91.22961378753968
 10
445.3506704016661
 20
91.31101328442475
 97
        0
 72
     4
 94
        3
 73
     0
 74
     0
 95
       12
 96
        8
 40
2.478609126391185
 40
2.478609126391185
 40
2.478609126391185
 40
2.478609126391185
 40
2.520390519671875
 40
2.641749035714576
 40
2.765272743722494
 40
2.911650990441924
 40
3.027422239500122
 40
3.027422239500122
 40
3.027422239500122
 40
3.027422239500122
 10
445.3506704016661
 20
91.3110132844248
 10
445.3467093071713
 20
91.32436472645486
 10
445.3312275548028
 20
91.37648934897516
 10
445.3050082645796
 20
91.46836085337492
 10
445.2683647301303
 20
91.59362946930048
 10
445.2448759624672
 20
91.72016220557617
 10
445.2246418255299
 20
91.80515472391323
 10
445.2157290095388
 20
91.8427074925118
 97
        0
 97
        0
 75
     0
 76
     1
 98
        1
 10
-168.2576044211908
 20
28.83057911363136
  0
TEXT
  5
514
330
50C
100
AcDbEntity
  8
0
100
AcDbText
 10
442.3019828816916
 20
95.89509659868513
 30
0.0
 40
1.005104499387758
  1
S
 50
242.7181255168881
 41
0.8
  7
$TD_AUDIT_GENERATED_(50F)
 72
     4
 11
442.6068733957106
 21
95.41437664849803
 31
0.0
100
AcDbText
  0
TEXT
  5
515
330
50C
100
AcDbEntity
  8
0
100
AcDbText
 10
442.0129036068379
 20
95.17183157643069
 30
0.0
 40
1.005104499387758
  1
T
 50
250.218125497334
 41
0.8
  7
$TD_AUDIT_GENERATED_(50F)
 72
     4
 11
442.3673647857945
 21
94.73882120758356
 31
0.0
100
AcDbText
  0
TEXT
  5
516
330
50C
100
AcDbEntity
  8
0
100
AcDbText
 10
441.7991617839599
 20
94.42321143337888
 30
0.0
 40
1.005104499387758
  1
A
 50
257.7181255624761
 41
0.8
  7
$TD_AUDIT_GENERATED_(50F)
 72
     4
 11
442.2180828844173
 21
94.03778309031333
 31
0.0
100
AcDbText
  0
TEXT
  5
517
330
50C
100
AcDbEntity
  8
0
100
AcDbText
 10
441.7056433964641
 20
92.87187242801114
 30
0.0
 40
1.005104499387758
  1
E
 50
272.7181254746196
 41
0.8
  7
$TD_AUDIT_GENERATED_(50F)
 72
     4
 11
442.1988287188672
 21
92.60746943127589
 31
0.0
100
AcDbText
  0
TEXT
  5
518
330
50C
100
AcDbEntity
  8
0
100
AcDbText
 10
442.6050488628564
 20
90.08571269199842
 30
0.0
 40
1.005104499387758
  1
I
 50
301.2181254785395
 41
0.8
  7
$TD_AUDIT_GENERATED_(50F)
 72
     4
 11
443.1646307700289
 21
90.08867851088274
 31
0.0
100
AcDbText
  0
TEXT
  5
519
330
50C
100
AcDbEntity
  8
0
100
AcDbText
 10
442.2031796262224
 20
90.84101956400744
 30
0.0
 40
1.005104499387758
  1
R
 50
292.9681254674569
 41
0.8
  7
$TD_AUDIT_GENERATED_(50F)
 72
     4
 11
442.7573962098079
 21
90.76365881559315
 31
0.0
100
AcDbText
  0
TEXT
  5
51A
330
50C
100
AcDbEntity
  8
0
100
AcDbText
 10
441.9029884164428
 20
91.64332213424765
 30
0.0
 40
1.005104499387758
  1
G
 50
284.71812549818
 41
0.8
  7
$TD_AUDIT_GENERATED_(50F)
 72
     4
 11
442.4512306559807
 21
91.490089165102
 31
0.0
100
AcDbText
  0
TEXT
  5
51B
330
50C
100
AcDbEntity
  8
0
100
AcDbText
 10
441.7071274094438
 20
93.64977184770474
 30
0.0
 40
1.005104499387758
  1
T
 50
265.2181254835607
 41
0.8
  7
$TD_AUDIT_GENERATED_(50F)
 72
     4
 11
442.1615819467208
 21
93.32325725313854
 31
0.0
100
AcDbText
  0
TEXT
  5
51C
330
50C
100
AcDbEntity
  8
0
100
AcDbText
 10
443.6934440790122
 20
96.3302564697948
 30
0.0
 40
1.005104499387758
  1
\M+5B9FA
 50
45.66819710045415
 41
0.8
  7
$TD_AUDIT_GENERATED_(511)
 72
     4
 11
443.7200984683213
 21
97.0776577192301
 31
0.0
100
AcDbText
  0
TEXT
  5
51D
330
50C
100
AcDbEntity
  8
0
100
AcDbText
 10
443.1111402739703
 20
89.3958874685448
 30
0.0
 40
1.005104499387758
  1
D
 50
309.4681255446012
 41
0.8
  7
$TD_AUDIT_GENERATED_(50F)
 72
     4
 11
443.6645057112187
 21
89.47911847103376
 31
0.0
100
AcDbText
  0
TEXT
  5
51E
330
50C
100
AcDbEntity
  8
0
 48
2.0
100
AcDbText
 10
444.8580247594009
 20
97.40574616608747
 30
0.0
 40
1.005104499387758
  1
\M+5BCD2
 50
27.9999999779082
 41
0.8
  7
$TD_AUDIT_GENERATED_(511)
 72
     4
 11
445.110261300716
 21
98.10980284800468
 31
0.0
100
AcDbText
  0
TEXT
  5
51F
330
50C
100
AcDbEntity
  8
0
100
AcDbText
 10
453.0898057834171
 20
90.86775289609693
 30
0.0
 40
1.005104499387758
  1
F
 50
65.46812554051857
 41
0.8
  7
$TD_AUDIT_GENERATED_(50F)
 72
     4
 11
452.7724188126253
 21
91.32862838653665
 31
0.0
100
AcDbText
  0
TEXT
  5
520
330
50C
100
AcDbEntity
  8
0
100
AcDbText
 10
452.7684982668217
 20
90.21554322632383
 30
0.0
 40
1.005104499387758
  1
O
 50
58.46812547245673
 41
0.8
  7
$TD_AUDIT_GENERATED_(50F)
 72
     4
 11
452.5000715753856
 21
90.71753626150593
 31
0.0
100
AcDbText
  0
TEXT
  5
521
330
50C
100
AcDbEntity
  8
0
100
AcDbText
 10
451.2997380577264
 20
88.54727651906622
 30
0.0
 40
1.005104499387758
  1
O
 50
36.96812553593979
 41
0.8
  7
$TD_AUDIT_GENERATED_(50F)
 72
     4
 11
451.2339702108736
 21
89.11271836962828
 31
0.0
100
AcDbText
  0
CIRCLE
  5
522
330
50C
100
AcDbEntity
  8
$TD_AUDIT_GENERATED_(523)
 62
     7
370
    30
100
AcDbCircle
 10
447.6406112307427
 20
93.2495013072359
 30
0.0
 40
4.751781372669854
  0
TEXT
  5
524
330
50C
100
AcDbEntity
  8
0
100
AcDbText
 10
446.2917822494589
 20
87.4575148479607
 30
0.0
 40
1.005104499387758
  1
P
 50
345.9681255179018
 41
0.8
  7
$TD_AUDIT_GENERATED_(50F)
 72
     4
 11
446.6871011559595
 21
87.85357503161924
 31
0.0
100
AcDbText
  0
TEXT
  5
525
330
50C
100
AcDbEntity
  8
0
100
AcDbText
 10
448.9189253072934
 20
87.4300477060788
 30
0.0
 40
1.005104499387758
  1
A
 50
11.46812551002384
 41
0.8
  7
$TD_AUDIT_GENERATED_(50F)
 72
     4
 11
449.1029932080512
 21
87.96872098735167
 31
0.0
100
AcDbText
  0
TEXT
  5
526
330
50C
100
AcDbEntity
  8
0
100
AcDbText
 10
443.9225154812682
 20
88.59376386952907
 30
0.0
 40
1.005104499387758
  1
C
 50
320.4681254797286
 41
0.8
  7
$TD_AUDIT_GENERATED_(50F)
 72
     4
 11
444.4569809297425
 21
88.7897143235574
 31
0.0
100
AcDbText
  0
TEXT
  5
527
330
50C
100
AcDbEntity
  8
0
100
AcDbText
 10
445.4504878636272
 20
87.72050443608902
 30
0.0
 40
1.005104499387758
  1
R
 50
337.468125510359
 41
0.8
  7
$TD_AUDIT_GENERATED_(50F)
 72
     4
 11
445.9000059558055
 21
88.05378238573593
 31
0.0
100
AcDbText
  0
TEXT
  5
528
330
50C
100
AcDbEntity
  8
0
100
AcDbText
 10
444.6515173619444
 20
88.09533358229206
 30
0.0
 40
1.005104499387758
  1
O
 50
328.9681254914715
 41
0.8
  7
$TD_AUDIT_GENERATED_(50F)
 72
     4
 11
445.1511488476278
 21
88.36813071306955
 31
0.0
100
AcDbText
  0
TEXT
  5
529
330
50C
100
AcDbEntity
  8
0
100
AcDbText
 10
449.761219051086
 20
87.6934713184736
 30
0.0
 40
1.005104499387758
  1
T
 50
19.9681255013747
 41
0.8
  7
$TD_AUDIT_GENERATED_(50F)
 72
     4
 11
449.8674792338256
 21
88.24287961881186
 31
0.0
100
AcDbText
  0
TEXT
  5
52A
330
50C
100
AcDbEntity
  8
0
100
AcDbText
 10
450.5591595262344
 20
88.06794530424195
 30
0.0
 40
1.005104499387758
  1
I
 50
28.4681255127006
 41
0.8
  7
$TD_AUDIT_GENERATED_(50F)
 72
     4
 11
450.5830448151544
 21
88.62702508378118
 31
0.0
100
AcDbText
  0
TEXT
  5
52B
330
50C
100
AcDbEntity
  8
0
100
AcDbText
 10
446.286338364741
 20
98.0282912533922
 30
0.0
 40
1.005104499387758
  1
\M+5B5E7
 50
11.99999999866089
 41
0.8
  7
$TD_AUDIT_GENERATED_(511)
 72
     4
 11
446.7195699161593
 21
98.65106448207234
 31
0.0
100
AcDbText
  0
TEXT
  5
52C
330
50C
100
AcDbEntity
  8
0
100
AcDbText
 10
448.1160630411769
 20
98.26389192858298
 30
0.0
 40
1.005104499387758
  1
\M+5CDF8
 50
346.0000000036221
 41
0.8
  7
$TD_AUDIT_GENERATED_(511)
 72
     4
 11
448.7727392221429
 21
98.61079667741154
 31
0.0
100
AcDbText
  0
TEXT
  5
52D
330
50C
100
AcDbEntity
  8
0
100
AcDbText
 10
447.1616254919643
 20
87.31058728562442
 30
0.0
 40
1.005104499387758
  1
O
 50
354.4681255125807
 41
0.8
  7
$TD_AUDIT_GENERATED_(50F)
 72
     4
 11
447.495143326393
 21
87.77190686050147
 31
0.0
100
AcDbText
  0
TEXT
  5
52E
330
50C
100
AcDbEntity
  8
0
100
AcDbText
 10
448.0441326157611
 20
87.31623768116289
 30
0.0
 40
1.005104499387758
  1
R
 50
2.968125509180445
 41
0.8
  7
$TD_AUDIT_GENERATED_(50F)
 72
     4
 11
448.3063811751758
 21
87.81057198100592
 31
0.0
100
AcDbText
  0
TEXT
  5
52F
330
50C
100
AcDbEntity
  8
0
100
AcDbText
 10
453.4534777878079
 20
94.50529952039416
 30
0.0
 40
1.005104499387758
  1
N
 50
101.2681254657132
 41
0.8
  7
$TD_AUDIT_GENERATED_(50F)
 72
     4
 11
452.9264640440795
 21
94.69344101193127
 31
0.0
100
AcDbText
  0
TEXT
  5
530
330
50C
100
AcDbEntity
  8
0
100
AcDbText
 10
453.5685022342105
 20
93.72547926412629
 30
0.0
 40
1.005104499387758
  1
I
 50
93.66812551460593
 41
0.8
  7
$TD_AUDIT_GENERATED_(50F)
 72
     4
 11
453.0710009358104
 21
93.98166896924084
 31
0.0
100
AcDbText
  0
TEXT
  5
531
330
50C
100
AcDbEntity
  8
0
100
AcDbText
 10
453.2469543234911
 20
95.26668851161823
 30
0.0
 40
1.005104499387758
  1
A
 50
108.8681254954207
 41
0.8
  7
$TD_AUDIT_GENERATED_(50F)
 72
     4
 11
452.6890604294465
 21
95.37984459424041
 31
0.0
100
AcDbText
  0
TEXT
  5
532
330
50C
100
AcDbEntity
  8
0
100
AcDbText
 10
453.4969236166035
 20
92.15235394617406
 30
0.0
 40
1.005104499387758
  1
C
 50
78.46812550852881
 41
0.8
  7
$TD_AUDIT_GENERATED_(50F)
 72
     4
 11
453.0729933053583
 21
92.53226576127628
 31
0.0
100
AcDbText
  0
TEXT
  5
533
330
50C
100
AcDbEntity
  8
0
100
AcDbText
 10
453.5793800407187
 20
92.93729658884102
 30
0.0
 40
1.005104499387758
  1
H
 50
86.0681255031629
 41
0.8
  7
$TD_AUDIT_GENERATED_(50F)
 72
     4
 11
453.1201317481325
 21
93.25703353176937
 31
0.0
100
AcDbText
  0
ENDBLK
  5
534
330
50C
100
AcDbEntity
  8
0
 62
     3
100
AcDbBlockEnd
  0
BLOCK
  5
4EE
330
4EB
100
AcDbEntity
  8
0
 62
     0
100
AcDbBlockBegin
  2
$TD_AUDIT_GENERATED_(4EB)
 70
     0
 10
0.0
 20
0.0
 30
0.0
  3
$TD_AUDIT_GENERATED_(4EB)
  1

  0
LINE
  5
4EF
330
4EB
100
AcDbEntity
  8
0
100
AcDbLine
 10
-927.977242682997
 20
47.55819421964407
 30
0.0
 11
-927.977242682997
 21
467.5581942196441
 31
0.0
  0
LINE
  5
4F0
330
4EB
100
AcDbEntity
  8
0
100
AcDbLine
 10
-927.977242682997
 20
467.5581942196441
 30
0.0
 11
-333.977242682997
 21
467.5581942196441
 31
0.0
  0
LINE
  5
4F1
330
4EB
100
AcDbEntity
  8
0
  6
Continuous
100
AcDbLine
 10
-333.977242682997
 20
467.5581942196441
 30
0.0
 11
-333.977242682997
 21
47.55819421964407
 31
0.0
  0
LINE
  5
4F2
330
4EB
100
AcDbEntity
  8
0
  6
Continuous
100
AcDbLine
 10
-333.977242682997
 20
47.55819421964407
 30
0.0
 11
-927.977242682997
 21
47.55819421964407
 31
0.0
  0
LWPOLYLINE
  5
4F3
330
4EB
100
AcDbEntity
  8
0
  6
Continuous
100
AcDbPolyline
 90
        5
 70
     0
 43
1.0
 10
-902.977242682997
 20
57.55819421964407
 10
-902.977242682997
 20
457.5581942196441
 10
-343.977242682997
 20
457.5581942196441
 10
-343.977242682997
 20
57.55819421964407
 10
-902.977242682997
 20
57.55819421964407
  0
LWPOLYLINE
  5
4F4
330
4EB
100
AcDbEntity
  8
0
100
AcDbPolyline
 90
        3
 70
     0
 43
1.0
 10
-902.977242682997
 20
447.5581942196441
 10
-852.977242682997
 20
447.5581942196441
 10
-852.977242682997
 20
457.5581942196441
  0
ENDBLK
  5
4F5
330
4EB
100
AcDbEntity
  8
0
 62
     0
100
AcDbBlockEnd
  0
BLOCK
  5
4FA
330
4F7
100
AcDbEntity
  8
0
 62
     0
100
AcDbBlockBegin
  2
$TD_AUDIT_GENERATED_(4F7)
 70
     0
 10
0.0
 20
0.0
 30
0.0
  3
$TD_AUDIT_GENERATED_(4F7)
  1

  0
TEXT
  5
4FB
330
4F7
100
AcDbEntity
  8
0
 62
     7
100
AcDbText
 10
355.978827287379
 20
439.5945571055501
 30
0.0
 40
3.5
  1
1:20
 41
0.7
100
AcDbText
  0
TEXT
  5
4FC
330
4F7
100
AcDbEntity
  8
3
 62
     7
100
AcDbText
 10
417.8042478400181
 20
467.8015505267219
 30
0.0
 40
3.9
  1
\M+5B8A3\M+5BDA8\M+5B9AB\M+5CBBE2019\M+5C4EA\M+5B0E635kV\M+5B8CB\M+5CBFE\M+5CDA8\M+5D3C3\M+5C9E8\M+5BCC6
 41
0.7
100
AcDbText
  0
TEXT
  5
4FD
330
4F7
100
AcDbEntity
  8
0
100
AcDbText
 10
499.2442835569706
 20
468.374471592466
 30
0.0
 40
3.5
  1
\M+5B0E6\M+5B4CE 
 41
0.7
 51
1.0
100
AcDbText
  0
TEXT
  5
4FE
330
4F7
100
AcDbEntity
  8
3
 62
     7
100
AcDbText
 10
483.4383503457336
 20
467.4569176488955
 30
0.0
 40
4.5
  1
\M+5CAA9\M+5B9A4\M+5CDBC
 41
0.7
100
AcDbText
  0
LWPOLYLINE
  5
4FF
330
4F7
100
AcDbEntity
  8
0
  6
Continuous
 62
     0
100
AcDbPolyline
 90
        2
 70
     0
 43
0.35
 10
497.3260566213691
 20
477.0055067874211
 10
497.3260566213691
 20
464.0055067874211
  0
LWPOLYLINE
  5
500
330
4F7
100
AcDbEntity
  8
0
  6
Continuous
 62
     0
100
AcDbPolyline
 90
        2
 70
     0
 43
0.35
 10
482.3260566213691
 20
477.0055067874211
 10
482.3260566213691
 20
464.0055067874211
  0
LWPOLYLINE
  5
501
330
4F7
100
AcDbEntity
  8
0
  6
Continuous
 62
     0
100
AcDbPolyline
 90
        2
 70
     0
 43
0.35
 10
457.3260566213691
 20
446.0055067874211
 10
457.3260566213691
 20
437.0055067874211
  0
LWPOLYLINE
  5
502
330
4F7
100
AcDbEntity
  8
0
100
AcDbPolyline
 90
        2
 70
     0
 43
0.35
 10
442.3260566213691
 20
446.0055067874211
 10
442.3260566213691
 20
437.0055067874211
  0
TEXT
  5
503
330
4F7
100
AcDbEntity
  8
0
100
AcDbText
 10
445.8088548951343
 20
439.3352190369735
 30
0.0
 40
3.5
  1
\M+5CDBC \M+5BAC5 
 41
0.7
 51
1.0
100
AcDbText
  0
TEXT
  5
504
330
4F7
100
AcDbEntity
  8
0
100
AcDbText
 10
377.9417543177694
 20
457.2733423734555
 30
0.0
 40
3.5
  1
\M+5D0A3 \M+5BACB 
 41
0.7
 51
1.0
100
AcDbText
  0
MTEXT
  5
505
330
4F7
100
AcDbEntity
  8
0
100
AcDbMText
 10
381.0608694943336
 20
473.7068296215827
 30
0.0
 40
4.16761607070872
 41
30.14159743860961
 46
0.0
 71
     1
 72
     5
  1
S{\H0.7692x;TATE }G{\H0.7692x;RID}
  7
1-2
 73
     1
 44
1.0
  0
TEXT
  5
507
330
4F7
100
AcDbEntity
  8
0
100
AcDbText
 10
381.1837902371278
 20
467.0549226538912
 30
0.0
 40
1.6371
  1
CORPORATION OF CHINA
  7
1-2
100
AcDbText
  0
TEXT
  5
508
330
4F7
100
AcDbEntity
  8
0
100
AcDbText
 10
378.0893087716283
 20
448.0777578234358
 30
0.0
 40
3.5
  1
\M+5C9E8 \M+5BCC6 
 41
0.7
 51
1.0
100
AcDbText
  0
LWPOLYLINE
  5
509
330
4F7
100
AcDbEntity
  8
0
  6
Continuous
 62
     0
100
AcDbPolyline
 90
        2
 70
     0
 43
0.35
 10
417.3260566213691
 20
477.0055067874211
 10
417.3260566213691
 20
437.0055067874211
  0
LWPOLYLINE
  5
50A
330
4F7
100
AcDbEntity
  8
0
  6
Continuous
 62
     0
100
AcDbPolyline
 90
        2
 70
     0
 43
0.35
 10
392.3260566213691
 20
464.0055067874211
 10
392.3260566213691
 20
437.0055067874211
  0
INSERT
  5
50B
330
4F7
100
AcDbEntity
  8
0
 62
     3
100
AcDbBlockReference
  2
logo
 10
-75.31455460937315
 20
377.2560054801851
 30
0.0
  0
TEXT
  5
535
330
4F7
100
AcDbEntity
  8
0
100
AcDbText
 10
333.0472223742624
 20
457.2595539390829
 30
0.0
 40
3.5
  1
\M+5C5FA \M+5D7BC 
 41
0.7
 51
1.0
100
AcDbText
  0
TEXT
  5
536
330
4F7
100
AcDbEntity
  8
0
100
AcDbText
 10
332.8724492876742
 20
448.0498468048783
 30
0.0
 40
3.5
  1
\M+5C9F3 \M+5BACB 
 41
0.7
 51
1.0
100
AcDbText
  0
TEXT
  5
537
330
4F7
100
AcDbEntity
  8
0
100
AcDbText
 10
333.491923086404
 20
438.8352271340106
 30
0.0
 40
3.5
  1
\M+5B1C8 \M+5C0FD 
 41
0.7
 51
1.0
100
AcDbText
  0
LWPOLYLINE
  5
538
330
4F7
100
AcDbEntity
  8
0
  6
Continuous
 62
     0
100
AcDbPolyline
 90
        2
 70
     0
 43
0.35
 10
347.3260566213691
 20
464.0055067874211
 10
347.3260566213691
 20
437.0055067874211
  0
LWPOLYLINE
  5
539
330
4F7
100
AcDbEntity
  8
0
  6
Continuous
 62
     0
100
AcDbPolyline
 90
        2
 70
     0
 43
0.35
 10
372.3260566213691
 20
464.0055067874211
 10
372.3260566213691
 20
437.0055067874211
  0
TEXT
  5
53A
330
4F7
100
AcDbEntity
  8
0
100
AcDbText
 10
328.9182464881875
 20
468.701101678193
 30
0.0
 40
3.775
  1
 \M+5B9FA\M+5BCD2\M+5B5E7\M+5CDF8\M+5B9AB\M+5CBBE
  7
1-1
100
AcDbText
  0
LWPOLYLINE
  5
53C
330
4F7
100
AcDbEntity
  8
0
  6
Continuous
 62
     0
100
AcDbPolyline
 90
        2
 70
     0
 43
0.35
 10
327.3260566213691
 20
455.0055067874211
 10
417.3260566213691
 20
455.0055067874211
  0
TEXT
  5
53D
330
4F7
100
AcDbEntity
  8
0
100
AcDbText
 10
375.6940811398178
 20
439.3090471225102
 30
0.0
 40
3.5
  1
CAD\M+5D6C6\M+5CDBC  
 41
0.7
 51
1.0
100
AcDbText
  0
LWPOLYLINE
  5
53E
330
4F7
100
AcDbEntity
  8
0
  6
Continuous
 62
     0
100
AcDbPolyline
 90
        2
 70
     0
 43
0.35
 10
327.3260566213691
 20
446.0055067874211
 10
507.3260566213691
 20
446.0055067874211
  0
LWPOLYLINE
  5
53F
330
4F7
100
AcDbEntity
  8
0
  6
Continuous
 62
     0
100
AcDbPolyline
 90
        2
 70
     0
 43
0.35
 10
327.3260566213691
 20
464.0055067874211
 10
507.3260566213691
 20
464.0055067874211
  0
LWPOLYLINE
  5
540
330
4F7
100
AcDbEntity
  8
0
  6
Continuous
 62
     0
100
AcDbPolyline
 90
        4
 70
     1
 43
0.7
 10
327.3260566213691
 20
477.0055067874211
 10
507.3260566213691
 20
477.0055067874211
 10
507.3260566213691
 20
437.0055067874211
 10
327.3260566213691
 20
437.0055067874211
  0
ENDBLK
  5
541
330
4F7
100
AcDbEntity
  8
0
 62
     0
100
AcDbBlockEnd
  0
BLOCK
  5
4E9
330
4E8
100
AcDbEntity
  8
0
100
AcDbBlockBegin
  2
GWTKA2
 70
     0
 10
0.0
 20
0.0
 30
0.0
  3
GWTKA2
  1

  0
INSERT
  5
4EA
330
4E8
100
AcDbEntity
  8
0
 62
     0
100
AcDbBlockReference
  2
$TD_AUDIT_GENERATED_(4EB)
 10
23675.20413245491
 20
-9813.433895560807
 30
0.0
  0
INSERT
  5
4F6
330
4E8
100
AcDbEntity
  8
0
 62
     0
100
AcDbBlockReference
  2
$TD_AUDIT_GENERATED_(4F7)
 10
22823.90083315054
 20
-10192.88120812859
 30
0.0
  0
ENDBLK
  5
543
330
4E8
100
AcDbEntity
  8
0
100
AcDbBlockEnd
  0
BLOCK
  5
49F
330
49E
100
AcDbEntity
  8
0
100
AcDbBlockBegin
  2
*D9
 70
     1
 10
0.0
 20
0.0
 30
0.0
  3
*D9
  1

  0
LINE
  5
4A0
330
49E
100
AcDbEntity
  8
0
 62
     1
370
    -2
100
AcDbLine
 10
26145.76986512219
 20
-11846.66782439469
 30
0.0
 11
26145.76986512219
 21
-11840.12165583269
 31
0.0
  0
LINE
  5
4A1
330
49E
100
AcDbEntity
  8
0
 62
     1
370
    -2
100
AcDbLine
 10
26179.86986512219
 20
-11846.66782439469
 30
0.0
 11
26179.86986512219
 21
-11840.12165583269
 31
0.0
  0
LINE
  5
4A2
330
49E
100
AcDbEntity
  8
0
 62
     1
370
    -2
100
AcDbLine
 10
26145.76986512219
 20
-11842.12165583269
 30
0.0
 11
26179.86986512219
 21
-11842.12165583269
 31
0.0
  0
INSERT
  5
4A3
330
49E
100
AcDbEntity
  8
0
 62
     1
370
    -2
100
AcDbBlockReference
  2
_Oblique
 10
26145.76986512219
 20
-11842.12165583269
 30
0.0
 50
180.0
  0
INSERT
  5
4A4
330
49E
100
AcDbEntity
  8
0
 62
     1
370
    -2
100
AcDbBlockReference
  2
_Oblique
 10
26179.86986512219
 20
-11842.12165583269
 30
0.0
  0
MTEXT
  5
4A5
330
49E
100
AcDbEntity
  8
0
 62
     7
100
AcDbMText
 10
26162.81986512219
 20
-11839.87165583269
 30
0.0
 40
2.5
 41
0.0
 46
0.0
 71
     5
 72
     1
  1
\A1;3410
  7
DXT
 73
     1
 44
1.0
  0
POINT
  5
4A6
330
49E
100
AcDbEntity
  8
Defpoints
 62
     0
100
AcDbPoint
 10
26145.76986512219
 20
-11848.66782439469
 30
0.0
  0
POINT
  5
4A7
330
49E
100
AcDbEntity
  8
Defpoints
 62
     0
100
AcDbPoint
 10
26179.86986512219
 20
-11848.66782439469
 30
0.0
  0
POINT
  5
4A8
330
49E
100
AcDbEntity
  8
Defpoints
 62
     0
100
AcDbPoint
 10
26179.86986512219
 20
-11842.12165583269
 30
0.0
  0
ENDBLK
  5
4A9
330
49E
100
AcDbEntity
  8
0
100
AcDbBlockEnd
  0
BLOCK
  5
4AC
330
4AB
100
AcDbEntity
  8
0
100
AcDbBlockBegin
  2
*D10
 70
     1
 10
0.0
 20
0.0
 30
0.0
  3
*D10
  1

  0
LINE
  5
4AD
330
4AB
100
AcDbEntity
  8
0
 62
     1
370
    -2
100
AcDbLine
 10
26142.01986512219
 20
-11900.80825439469
 30
0.0
 11
26142.01986512219
 21
-11907.39141742213
 31
0.0
  0
LINE
  5
4AE
330
4AB
100
AcDbEntity
  8
0
 62
     1
370
    -2
100
AcDbLine
 10
26183.61986512219
 20
-11900.80825439469
 30
0.0
 11
26183.61986512219
 21
-11907.39141742213
 31
0.0
  0
LINE
  5
4AF
330
4AB
100
AcDbEntity
  8
0
 62
     1
370
    -2
100
AcDbLine
 10
26142.01986512219
 20
-11905.39141742213
 30
0.0
 11
26183.61986512219
 21
-11905.39141742213
 31
0.0
  0
INSERT
  5
4B0
330
4AB
100
AcDbEntity
  8
0
 62
     1
370
    -2
100
AcDbBlockReference
  2
_Oblique
 10
26142.01986512219
 20
-11905.39141742213
 30
0.0
 50
180.0
  0
INSERT
  5
4B1
330
4AB
100
AcDbEntity
  8
0
 62
     1
370
    -2
100
AcDbBlockReference
  2
_Oblique
 10
26183.61986512219
 20
-11905.39141742213
 30
0.0
  0
MTEXT
  5
4B2
330
4AB
100
AcDbEntity
  8
0
 62
     7
100
AcDbMText
 10
26162.81986512219
 20
-11903.14141742213
 30
0.0
 40
2.5
 41
0.0
 46
0.0
 71
     5
 72
     1
  1
\A1;4160
  7
DXT
 73
     1
 44
1.0
  0
POINT
  5
4B3
330
4AB
100
AcDbEntity
  8
Defpoints
 62
     0
100
AcDbPoint
 10
26142.01986512219
 20
-11898.80825439469
 30
0.0
  0
POINT
  5
4B4
330
4AB
100
AcDbEntity
  8
Defpoints
 62
     0
100
AcDbPoint
 10
26183.61986512219
 20
-11898.80825439469
 30
0.0
  0
POINT
  5
4B5
330
4AB
100
AcDbEntity
  8
Defpoints
 62
     0
100
AcDbPoint
 10
26183.61986512219
 20
-11905.39141742213
 30
0.0
  0
ENDBLK
  5
4B6
330
4AB
100
AcDbEntity
  8
0
100
AcDbBlockEnd
  0
BLOCK
  5
4B9
330
4B8
100
AcDbEntity
  8
0
100
AcDbBlockBegin
  2
*D11
 70
     1
 10
0.0
 20
0.0
 30
0.0
  3
*D11
  1

  0
LINE
  5
4BA
330
4B8
100
AcDbEntity
  8
0
 62
     1
370
    -2
100
AcDbLine
 10
26140.01986512219
 20
-11898.80825439469
 30
0.0
 11
26134.72621631413
 21
-11898.80825439469
 31
0.0
  0
LINE
  5
4BB
330
4B8
100
AcDbEntity
  8
0
 62
     1
370
    -2
100
AcDbLine
 10
26141.89486512219
 20
-11873.73803939469
 30
0.0
 11
26134.72621631413
 21
-11873.73803939469
 31
0.0
  0
LINE
  5
4BC
330
4B8
100
AcDbEntity
  8
0
 62
     1
370
    -2
100
AcDbLine
 10
26136.72621631413
 20
-11898.80825439469
 30
0.0
 11
26136.72621631413
 21
-11873.73803939469
 31
0.0
  0
INSERT
  5
4BD
330
4B8
100
AcDbEntity
  8
0
 62
     1
370
    -2
100
AcDbBlockReference
  2
_Oblique
 10
26136.72621631413
 20
-11898.80825439469
 30
0.0
 50
270.0
  0
INSERT
  5
4BE
330
4B8
100
AcDbEntity
  8
0
 62
     1
370
    -2
100
AcDbBlockReference
  2
_Oblique
 10
26136.72621631413
 20
-11873.73803939469
 30
0.0
 50
90.0
  0
MTEXT
  5
4BF
330
4B8
100
AcDbEntity
  8
0
 62
     7
100
AcDbMText
 10
26134.47621631413
 20
-11886.27314689468
 30
0.0
 40
2.5
 41
0.0
 46
0.0
 71
     5
 72
     1
  1
\A1;2500
  7
DXT
 11
6.123031769111886E-17
 21
1.0
 31
0.0
 73
     1
 44
1.0
  0
POINT
  5
4C0
330
4B8
100
AcDbEntity
  8
Defpoints
 62
     0
100
AcDbPoint
 10
26142.01986512219
 20
-11898.80825439469
 30
0.0
  0
POINT
  5
4C1
330
4B8
100
AcDbEntity
  8
Defpoints
 62
     0
100
AcDbPoint
 10
26143.89486512219
 20
-11873.73803939469
 30
0.0
  0
POINT
  5
4C2
330
4B8
100
AcDbEntity
  8
Defpoints
 62
     0
100
AcDbPoint
 10
26136.72621631413
 20
-11873.73803939469
 30
0.0
  0
ENDBLK
  5
4C3
330
4B8
100
AcDbEntity
  8
0
100
AcDbBlockEnd
  0
BLOCK
  5
4C6
330
4C5
100
AcDbEntity
  8
0
100
AcDbBlockBegin
  2
*D12
 70
     1
 10
0.0
 20
0.0
 30
0.0
  3
*D12
  1

  0
LINE
  5
4C7
330
4C5
100
AcDbEntity
  8
0
 62
     1
370
    -2
100
AcDbLine
 10
26141.89486512219
 20
-11873.73803939469
 30
0.0
 11
26134.72621631413
 21
-11873.73803939469
 31
0.0
  0
LINE
  5
4C8
330
4C5
100
AcDbEntity
  8
0
 62
     1
370
    -2
100
AcDbLine
 10
26143.76986512219
 20
-11848.66782439469
 30
0.0
 11
26134.72621631413
 21
-11848.66782439469
 31
0.0
  0
LINE
  5
4C9
330
4C5
100
AcDbEntity
  8
0
 62
     1
370
    -2
100
AcDbLine
 10
26136.72621631413
 20
-11873.73803939469
 30
0.0
 11
26136.72621631413
 21
-11848.66782439469
 31
0.0
  0
INSERT
  5
4CA
330
4C5
100
AcDbEntity
  8
0
 62
     1
370
    -2
100
AcDbBlockReference
  2
_Oblique
 10
26136.72621631413
 20
-11873.73803939469
 30
0.0
 50
270.0
  0
INSERT
  5
4CB
330
4C5
100
AcDbEntity
  8
0
 62
     1
370
    -2
100
AcDbBlockReference
  2
_Oblique
 10
26136.72621631413
 20
-11848.66782439469
 30
0.0
 50
90.0
  0
MTEXT
  5
4CC
330
4C5
100
AcDbEntity
  8
0
 62
     7
100
AcDbMText
 10
26134.47621631413
 20
-11861.20293189468
 30
0.0
 40
2.5
 41
0.0
 46
0.0
 71
     5
 72
     1
  1
\A1;2500
  7
DXT
 11
6.123031769111886E-17
 21
1.0
 31
0.0
 73
     1
 44
1.0
  0
POINT
  5
4CD
330
4C5
100
AcDbEntity
  8
Defpoints
 62
     0
100
AcDbPoint
 10
26143.89486512219
 20
-11873.73803939469
 30
0.0
  0
POINT
  5
4CE
330
4C5
100
AcDbEntity
  8
Defpoints
 62
     0
100
AcDbPoint
 10
26145.76986512219
 20
-11848.66782439469
 30
0.0
  0
POINT
  5
4CF
330
4C5
100
AcDbEntity
  8
Defpoints
 62
     0
100
AcDbPoint
 10
26136.72621631413
 20
-11848.66782439469
 30
0.0
  0
ENDBLK
  5
4D0
330
4C5
100
AcDbEntity
  8
0
100
AcDbBlockEnd
  0
BLOCK
  5
4D3
330
4D2
100
AcDbEntity
  8
0
100
AcDbBlockBegin
  2
*D13
 70
     1
 10
0.0
 20
0.0
 30
0.0
  3
*D13
  1

  0
LINE
  5
4D4
330
4D2
100
AcDbEntity
  8
0
 62
     1
370
    -2
100
AcDbLine
 10
26143.76986512219
 20
-11848.66782439469
 30
0.0
 11
26128.49193276448
 21
-11848.66782439469
 31
0.0
  0
LINE
  5
4D5
330
4D2
100
AcDbEntity
  8
0
 62
     1
370
    -2
100
AcDbLine
 10
26140.01986512219
 20
-11898.80825439469
 30
0.0
 11
26128.49193276448
 21
-11898.80825439469
 31
0.0
  0
LINE
  5
4D6
330
4D2
100
AcDbEntity
  8
0
 62
     1
370
    -2
100
AcDbLine
 10
26130.49193276448
 20
-11848.66782439469
 30
0.0
 11
26130.49193276448
 21
-11898.80825439469
 31
0.0
  0
INSERT
  5
4D7
330
4D2
100
AcDbEntity
  8
0
 62
     1
370
    -2
100
AcDbBlockReference
  2
_Oblique
 10
26130.49193276448
 20
-11848.66782439469
 30
0.0
 50
90.0
  0
INSERT
  5
4D8
330
4D2
100
AcDbEntity
  8
0
 62
     1
370
    -2
100
AcDbBlockReference
  2
_Oblique
 10
26130.49193276448
 20
-11898.80825439469
 30
0.0
 50
270.0
  0
MTEXT
  5
4D9
330
4D2
100
AcDbEntity
  8
0
 62
     7
100
AcDbMText
 10
26128.24193276448
 20
-11873.73803939468
 30
0.0
 40
2.5
 41
0.0
 46
0.0
 71
     5
 72
     1
  1
\A1;5000
  7
DXT
 11
6.123031769111886E-17
 21
1.0
 31
0.0
 73
     1
 44
1.0
  0
POINT
  5
4DA
330
4D2
100
AcDbEntity
  8
Defpoints
 62
     0
100
AcDbPoint
 10
26145.76986512219
 20
-11848.66782439469
 30
0.0
  0
POINT
  5
4DB
330
4D2
100
AcDbEntity
  8
Defpoints
 62
     0
100
AcDbPoint
 10
26142.01986512219
 20
-11898.80825439469
 30
0.0
  0
POINT
  5
4DC
330
4D2
100
AcDbEntity
  8
Defpoints
 62
     0
100
AcDbPoint
 10
26130.49193276448
 20
-11898.80825439469
 30
0.0
  0
ENDBLK
  5
4DD
330
4D2
100
AcDbEntity
  8
0
100
AcDbBlockEnd
  0
BLOCK
  5
56C
330
56B
100
AcDbEntity
  8
0
100
AcDbBlockBegin
  2
*D14
 70
     1
 10
0.0
 20
0.0
 30
0.0
  3
*D14
  1

  0
LINE
  5
56D
330
56B
100
AcDbEntity
  8
0
 62
     1
370
    -2
100
AcDbLine
 10
26270.96164615156
 20
-11945.48071082695
 30
0.0
 11
26270.6190964168
 21
-11945.24199559498
 31
0.0
  0
LINE
  5
56E
330
56B
100
AcDbEntity
  8
0
 62
     1
370
    -2
100
AcDbLine
 10
26271.87643108098
 20
-11944.16801983376
 30
0.0
 11
26271.53388134622
 21
-11943.92930460179
 31
0.0
  0
LINE
  5
56F
330
56B
100
AcDbEntity
  8
0
 62
     1
370
    -2
100
AcDbLine
 10
26272.25996364811
 20
-11946.38547918875
 30
0.0
 11
26271.68822185123
 21
-11947.2059128044
 31
0.0
  0
LINE
  5
570
330
56B
100
AcDbEntity
  8
0
 62
     1
370
    -2
100
AcDbLine
 10
26273.17474857754
 20
-11945.07278819556
 30
0.0
 11
26273.74649037442
 21
-11944.2523545799
 31
0.0
  0
MTEXT
  5
571
330
56B
100
AcDbEntity
  8
0
 62
     7
100
AcDbMText
 10
26272.59219154651
 20
-11942.24474309798
 30
0.0
 40
2.5
 41
0.0
 46
0.0
 71
     5
 72
     1
  1
\A1;32
  7
DXT
 11
0.5717417968810977
 21
0.8204336156564854
 31
0.0
 73
     1
 44
1.0
  0
LINE
  5
572
330
56B
100
AcDbEntity
  8
0
 62
     1
370
    -2
100
AcDbLine
 10
26272.25996364811
 20
-11946.38547918875
 30
0.0
 11
26273.17474857754
 21
-11945.07278819556
 31
0.0
  0
INSERT
  5
573
330
56B
100
AcDbEntity
  8
0
 62
     1
370
    -2
100
AcDbBlockReference
  2
_Oblique
 10
26272.25996364811
 20
-11946.38547918875
 30
0.0
 50
55.12822392541285
  0
INSERT
  5
574
330
56B
100
AcDbEntity
  8
0
 62
     1
370
    -2
100
AcDbBlockReference
  2
_Oblique
 10
26273.17474857754
 20
-11945.07278819556
 30
0.0
 50
235.1282239254128
  0
POINT
  5
575
330
56B
100
AcDbEntity
  8
Defpoints
 62
     0
100
AcDbPoint
 10
26272.60251338287
 20
-11946.62419442071
 30
0.0
  0
POINT
  5
576
330
56B
100
AcDbEntity
  8
Defpoints
 62
     0
100
AcDbPoint
 10
26273.5172983123
 20
-11945.31150342752
 30
0.0
  0
POINT
  5
577
330
56B
100
AcDbEntity
  8
Defpoints
 62
     0
100
AcDbPoint
 10
26273.17474857754
 20
-11945.07278819556
 30
0.0
  0
ENDBLK
  5
578
330
56B
100
AcDbEntity
  8
0
100
AcDbBlockEnd
  0
BLOCK
  5
57B
330
57A
100
AcDbEntity
  8
0
100
AcDbBlockBegin
  2
*D15
 70
     1
 10
0.0
 20
0.0
 30
0.0
  3
*D15
  1

  0
LINE
  5
57C
330
57A
100
AcDbEntity
  8
0
 62
     1
370
    -2
100
AcDbLine
 10
26266.6654174608
 20
-12069.76554013695
 30
0.0
 11
26266.38584855636
 21
-12069.58910543097
 31
0.0
  0
LINE
  5
57D
330
57A
100
AcDbEntity
  8
0
 62
     1
370
    -2
100
AcDbLine
 10
26267.51945832037
 20
-12068.41227312446
 30
0.0
 11
26267.23988941593
 21
-12068.23583841849
 31
0.0
  0
LINE
  5
57E
330
57A
100
AcDbEntity
  8
0
 62
     1
370
    -2
100
AcDbLine
 10
26268.07719535283
 20
-12070.65650695526
 30
0.0
 11
26267.54349459069
 21
-12071.5021803535
 31
0.0
  0
LINE
  5
57F
330
57A
100
AcDbEntity
  8
0
 62
     1
370
    -2
100
AcDbLine
 10
26268.93123621241
 20
-12069.30323994278
 30
0.0
 11
26269.46493697455
 21
-12068.45756654454
 31
0.0
  0
MTEXT
  5
580
330
57A
100
AcDbEntity
  8
0
 62
     7
100
AcDbMText
 10
26268.0159337884
 20
-12066.30545238049
 30
0.0
 40
2.5
 41
0.0
 46
0.0
 71
     5
 72
     1
  1
\A1;32
  7
DXT
 11
0.5337007621453504
 21
0.8456733982368559
 31
0.0
 73
     1
 44
1.0
  0
LINE
  5
581
330
57A
100
AcDbEntity
  8
0
 62
     1
370
    -2
100
AcDbLine
 10
26268.07719535283
 20
-12070.65650695526
 30
0.0
 11
26268.93123621241
 21
-12069.30323994278
 31
0.0
  0
INSERT
  5
582
330
57A
100
AcDbEntity
  8
0
 62
     1
370
    -2
100
AcDbBlockReference
  2
_Oblique
 10
26268.07719535283
 20
-12070.65650695526
 30
0.0
 50
57.74415686248727
  0
INSERT
  5
583
330
57A
100
AcDbEntity
  8
0
 62
     1
370
    -2
100
AcDbBlockReference
  2
_Oblique
 10
26268.93123621241
 20
-12069.30323994278
 30
0.0
 50
237.7441568624873
  0
POINT
  5
584
330
57A
100
AcDbEntity
  8
Defpoints
 62
     0
100
AcDbPoint
 10
26268.35676425727
 20
-12070.83294166124
 30
0.0
  0
POINT
  5
585
330
57A
100
AcDbEntity
  8
Defpoints
 62
     0
100
AcDbPoint
 10
26269.21080511684
 20
-12069.47967464875
 30
0.0
  0
POINT
  5
586
330
57A
100
AcDbEntity
  8
Defpoints
 62
     0
100
AcDbPoint
 10
26268.93123621241
 20
-12069.30323994278
 30
0.0
  0
ENDBLK
  5
587
330
57A
100
AcDbEntity
  8
0
100
AcDbBlockEnd
  0
BLOCK
  5
597
330
596
100
AcDbEntity
  8
0
100
AcDbBlockBegin
  2
*D16
 70
     1
 10
0.0
 20
0.0
 30
0.0
  3
*D16
  1

  0
LINE
  5
598
330
596
100
AcDbEntity
  8
0
 62
     1
370
    -2
100
AcDbLine
 10
26194.5188712459
 20
-12054.1751375112
 30
0.0
 11
26194.58059103799
 21
-12053.34988222852
 31
0.0
  0
LINE
  5
599
330
596
100
AcDbEntity
  8
0
 62
     1
370
    -2
100
AcDbLine
 10
26192.02598066033
 20
-12053.98869739761
 30
0.0
 11
26192.08770045241
 21
-12053.16344211493
 31
0.0
  0
LINE
  5
59A
330
596
100
AcDbEntity
  8
0
 62
     1
370
    -2
100
AcDbLine
 10
26194.43143015696
 20
-12055.34431223019
 30
0.0
 11
26191.93853957139
 21
-12055.1578721166
 31
0.0
  0
MTEXT
  5
59B
330
596
100
AcDbEntity
  8
0
 62
     7
100
AcDbMText
 10
26190.16686583971
 20
-12052.70792508737
 30
0.0
 40
2.5
 41
0.0
 46
0.0
 71
     5
 72
     1
  1
\A1;50
  7
DXT
 11
0.9972150008361277
 21
-0.07458044051493594
 31
0.0
 73
     1
 44
1.0
  0
INSERT
  5
59C
330
596
100
AcDbEntity
  8
0
 62
     1
370
    -2
100
AcDbBlockReference
  2
_Oblique
 10
26194.43143015696
 20
-12055.34431223019
 30
0.0
 50
355.7228841985959
  0
INSERT
  5
59D
330
596
100
AcDbEntity
  8
0
 62
     1
370
    -2
100
AcDbBlockReference
  2
_Oblique
 10
26191.93853957139
 20
-12055.1578721166
 30
0.0
 50
175.7228841985959
  0
POINT
  5
59E
330
596
100
AcDbEntity
  8
Defpoints
 62
     0
100
AcDbPoint
 10
26194.36971036487
 20
-12056.16956751287
 30
0.0
  0
POINT
  5
59F
330
596
100
AcDbEntity
  8
Defpoints
 62
     0
100
AcDbPoint
 10
26191.87681977929
 20
-12055.98312739929
 30
0.0
  0
POINT
  5
5A0
330
596
100
AcDbEntity
  8
Defpoints
 62
     0
100
AcDbPoint
 10
26191.93853957139
 20
-12055.1578721166
 30
0.0
  0
ENDBLK
  5
5A1
330
596
100
AcDbEntity
  8
0
100
AcDbBlockEnd
  0
BLOCK
  5
5E8
330
5E7
100
AcDbEntity
  8
0
100
AcDbBlockBegin
  2
*D17
 70
     1
 10
0.0
 20
0.0
 30
0.0
  3
*D17
  1

  0
LINE
  5
5E9
330
5E7
100
AcDbEntity
  8
3
 62
     1
370
    -2
100
AcDbLine
 10
26511.38513816853
 20
-11945.92694587401
 30
0.0
 11
26504.21421754221
 21
-11945.92694587401
 31
0.0
  0
LINE
  5
5EA
330
5E7
100
AcDbEntity
  8
3
 62
     1
370
    -2
100
AcDbLine
 10
26511.38513816853
 20
-11936.32694587401
 30
0.0
 11
26504.21421754221
 21
-11936.32694587401
 31
0.0
  0
LINE
  5
5EB
330
5E7
100
AcDbEntity
  8
3
 62
     1
370
    -2
100
AcDbLine
 10
26506.21421754221
 20
-11945.92694587401
 30
0.0
 11
26506.21421754221
 21
-11936.32694587401
 31
0.0
  0
INSERT
  5
5EC
330
5E7
100
AcDbEntity
  8
3
 62
     1
370
    -2
100
AcDbBlockReference
  2
_Oblique
 10
26506.21421754221
 20
-11945.92694587401
 30
0.0
 50
270.0
  0
INSERT
  5
5ED
330
5E7
100
AcDbEntity
  8
3
 62
     1
370
    -2
100
AcDbBlockReference
  2
_Oblique
 10
26506.21421754221
 20
-11936.32694587401
 30
0.0
 50
90.0
  0
MTEXT
  5
5EE
330
5E7
100
AcDbEntity
  8
3
 62
     7
100
AcDbMText
 10
26503.96421754221
 20
-11941.12694587401
 30
0.0
 40
2.5
 41
0.0
 46
0.0
 71
     5
 72
     1
  1
\A1;50
  7
DXT
 11
6.123031769111886E-17
 21
1.0
 31
0.0
 73
     1
 44
1.0
  0
POINT
  5
5EF
330
5E7
100
AcDbEntity
  8
Defpoints
 62
     0
100
AcDbPoint
 10
26513.38513816853
 20
-11945.92694587401
 30
0.0
  0
POINT
  5
5F0
330
5E7
100
AcDbEntity
  8
Defpoints
 62
     0
100
AcDbPoint
 10
26513.38513816853
 20
-11936.32694587401
 30
0.0
  0
POINT
  5
5F1
330
5E7
100
AcDbEntity
  8
Defpoints
 62
     0
100
AcDbPoint
 10
26506.21421754221
 20
-11936.32694587401
 30
0.0
  0
ENDBLK
  5
5F2
330
5E7
100
AcDbEntity
  8
0
100
AcDbBlockEnd
  0
BLOCK
  5
5F5
330
5F4
100
AcDbEntity
  8
0
100
AcDbBlockBegin
  2
*D18
 70
     1
 10
0.0
 20
0.0
 30
0.0
  3
*D18
  1

  0
LINE
  5
5F6
330
5F4
100
AcDbEntity
  8
3
 62
     1
370
    -2
100
AcDbLine
 10
26511.38513816853
 20
-11945.92694587401
 30
0.0
 11
26508.14032881352
 21
-11945.92694587401
 31
0.0
  0
LINE
  5
5F7
330
5F4
100
AcDbEntity
  8
3
 62
     1
370
    -2
100
AcDbLine
 10
26511.38513816853
 20
-11941.12694587401
 30
0.0
 11
26508.14032881352
 21
-11941.12694587401
 31
0.0
  0
LINE
  5
5F8
330
5F4
100
AcDbEntity
  8
3
 62
     1
370
    -2
100
AcDbLine
 10
26510.14032881352
 20
-11945.92694587401
 30
0.0
 11
26510.14032881352
 21
-11946.92694587401
 31
0.0
  0
LINE
  5
5F9
330
5F4
100
AcDbEntity
  8
3
 62
     1
370
    -2
100
AcDbLine
 10
26510.14032881352
 20
-11941.12694587401
 30
0.0
 11
26510.14032881352
 21
-11940.12694587401
 31
0.0
  0
LINE
  5
5FA
330
5F4
100
AcDbEntity
  8
3
 62
     1
370
    -2
100
AcDbLine
 10
26510.14032881352
 20
-11945.92694587401
 30
0.0
 11
26510.14032881352
 21
-11941.12694587401
 31
0.0
  0
INSERT
  5
5FB
330
5F4
100
AcDbEntity
  8
3
 62
     1
370
    -2
100
AcDbBlockReference
  2
_Oblique
 10
26510.14032881352
 20
-11945.92694587401
 30
0.0
 50
90.0
  0
INSERT
  5
5FC
330
5F4
100
AcDbEntity
  8
3
 62
     1
370
    -2
100
AcDbBlockReference
  2
_Oblique
 10
26510.14032881352
 20
-11941.12694587401
 30
0.0
 50
270.0
  0
MTEXT
  5
5FD
330
5F4
100
AcDbEntity
  8
3
 62
     7
100
AcDbMText
 10
26507.89032881353
 20
-11943.52694587401
 30
0.0
 40
2.5
 41
0.0
 46
0.0
 71
     5
 72
     1
  1
\A1;25
  7
DXT
 11
6.123031769111886E-17
 21
1.0
 31
0.0
 73
     1
 44
1.0
  0
POINT
  5
5FE
330
5F4
100
AcDbEntity
  8
Defpoints
 62
     0
100
AcDbPoint
 10
26513.38513816853
 20
-11945.92694587401
 30
0.0
  0
POINT
  5
5FF
330
5F4
100
AcDbEntity
  8
Defpoints
 62
     0
100
AcDbPoint
 10
26513.38513816853
 20
-11941.12694587401
 30
0.0
  0
POINT
  5
600
330
5F4
100
AcDbEntity
  8
Defpoints
 62
     0
100
AcDbPoint
 10
26510.14032881352
 20
-11941.12694587401
 30
0.0
  0
ENDBLK
  5
601
330
5F4
100
AcDbEntity
  8
0
100
AcDbBlockEnd
  0
BLOCK
  5
604
330
603
100
AcDbEntity
  8
0
100
AcDbBlockBegin
  2
*D19
 70
     1
 10
0.0
 20
0.0
 30
0.0
  3
*D19
  1

  0
LINE
  5
605
330
603
100
AcDbEntity
  8
3
 62
     1
370
    -2
100
AcDbLine
 10
26513.38513816853
 20
-11947.92694587401
 30
0.0
 11
26513.38513816853
 21
-11951.78264374892
 31
0.0
  0
LINE
  5
606
330
603
100
AcDbEntity
  8
3
 62
     1
370
    -2
100
AcDbLine
 10
26518.18513816851
 20
-11947.92694587401
 30
0.0
 11
26518.18513816851
 21
-11951.78264374892
 31
0.0
  0
LINE
  5
607
330
603
100
AcDbEntity
  8
3
 62
     1
370
    -2
100
AcDbLine
 10
26513.38513816853
 20
-11949.78264374892
 30
0.0
 11
26512.38513816853
 21
-11949.78264374892
 31
0.0
  0
LINE
  5
608
330
603
100
AcDbEntity
  8
3
 62
     1
370
    -2
100
AcDbLine
 10
26518.18513816851
 20
-11949.78264374892
 30
0.0
 11
26519.18513816851
 21
-11949.78264374892
 31
0.0
  0
LINE
  5
609
330
603
100
AcDbEntity
  8
3
 62
     1
370
    -2
100
AcDbLine
 10
26513.38513816853
 20
-11949.78264374892
 30
0.0
 11
26518.18513816851
 21
-11949.78264374892
 31
0.0
  0
INSERT
  5
60A
330
603
100
AcDbEntity
  8
3
 62
     1
370
    -2
100
AcDbBlockReference
  2
_Oblique
 10
26513.38513816853
 20
-11949.78264374892
 30
0.0
  0
INSERT
  5
60B
330
603
100
AcDbEntity
  8
3
 62
     1
370
    -2
100
AcDbBlockReference
  2
_Oblique
 10
26518.18513816851
 20
-11949.78264374892
 30
0.0
 50
180.0
  0
MTEXT
  5
60C
330
603
100
AcDbEntity
  8
3
 62
     7
100
AcDbMText
 10
26515.78513816852
 20
-11947.53264374892
 30
0.0
 40
2.5
 41
0.0
 46
0.0
 71
     5
 72
     1
  1
\A1;25
  7
DXT
 73
     1
 44
1.0
  0
POINT
  5
60D
330
603
100
AcDbEntity
  8
Defpoints
 62
     0
100
AcDbPoint
 10
26513.38513816853
 20
-11945.92694587401
 30
0.0
  0
POINT
  5
60E
330
603
100
AcDbEntity
  8
Defpoints
 62
     0
100
AcDbPoint
 10
26518.18513816851
 20
-11945.92694587401
 30
0.0
  0
POINT
  5
60F
330
603
100
AcDbEntity
  8
Defpoints
 62
     0
100
AcDbPoint
 10
26518.18513816851
 20
-11949.78264374892
 30
0.0
  0
ENDBLK
  5
610
330
603
100
AcDbEntity
  8
0
100
AcDbBlockEnd
  0
BLOCK
  5
613
330
612
100
AcDbEntity
  8
0
100
AcDbBlockBegin
  2
*D20
 70
     1
 10
0.0
 20
0.0
 30
0.0
  3
*D20
  1

  0
LINE
  5
614
330
612
100
AcDbEntity
  8
3
 62
     1
370
    -2
100
AcDbLine
 10
26513.38513816853
 20
-11947.92694587401
 30
0.0
 11
26513.38513816853
 21
-11956.50265533397
 31
0.0
  0
LINE
  5
615
330
612
100
AcDbEntity
  8
3
 62
     1
370
    -2
100
AcDbLine
 10
26522.9851381685
 20
-11947.92694587401
 30
0.0
 11
26522.9851381685
 21
-11956.50265533397
 31
0.0
  0
LINE
  5
616
330
612
100
AcDbEntity
  8
3
 62
     1
370
    -2
100
AcDbLine
 10
26513.38513816853
 20
-11954.50265533397
 30
0.0
 11
26522.9851381685
 21
-11954.50265533397
 31
0.0
  0
INSERT
  5
617
330
612
100
AcDbEntity
  8
3
 62
     1
370
    -2
100
AcDbBlockReference
  2
_Oblique
 10
26513.38513816853
 20
-11954.50265533397
 30
0.0
 50
180.0
  0
INSERT
  5
618
330
612
100
AcDbEntity
  8
3
 62
     1
370
    -2
100
AcDbBlockReference
  2
_Oblique
 10
26522.9851381685
 20
-11954.50265533397
 30
0.0
  0
MTEXT
  5
619
330
612
100
AcDbEntity
  8
3
 62
     7
100
AcDbMText
 10
26518.18513816851
 20
-11952.25265533397
 30
0.0
 40
2.5
 41
0.0
 46
0.0
 71
     5
 72
     1
  1
\A1;50
  7
DXT
 73
     1
 44
1.0
  0
POINT
  5
61A
330
612
100
AcDbEntity
  8
Defpoints
 62
     0
100
AcDbPoint
 10
26513.38513816853
 20
-11945.92694587401
 30
0.0
  0
POINT
  5
61B
330
612
100
AcDbEntity
  8
Defpoints
 62
     0
100
AcDbPoint
 10
26522.9851381685
 20
-11945.92694587401
 30
0.0
  0
POINT
  5
61C
330
612
100
AcDbEntity
  8
Defpoints
 62
     0
100
AcDbPoint
 10
26522.9851381685
 20
-11954.50265533397
 30
0.0
  0
ENDBLK
  5
61D
330
612
100
AcDbEntity
  8
0
100
AcDbBlockEnd
  0
BLOCK
  5
620
330
61F
100
AcDbEntity
  8
0
100
AcDbBlockBegin
  2
*D21
 70
     1
 10
0.0
 20
0.0
 30
0.0
  3
*D21
  1

  0
LINE
  5
621
330
61F
100
AcDbEntity
  8
3
 62
     1
370
    -2
100
AcDbLine
 10
26522.9851381685
 20
-11947.92694587401
 30
0.0
 11
26522.9851381685
 21
-11951.78264374892
 31
0.0
  0
LINE
  5
622
330
61F
100
AcDbEntity
  8
3
 62
     1
370
    -2
100
AcDbLine
 10
26518.18513816851
 20
-11947.92694587401
 30
0.0
 11
26518.18513816851
 21
-11951.78264374892
 31
0.0
  0
LINE
  5
623
330
61F
100
AcDbEntity
  8
3
 62
     1
370
    -2
100
AcDbLine
 10
26522.9851381685
 20
-11949.78264374892
 30
0.0
 11
26523.9851381685
 21
-11949.78264374892
 31
0.0
  0
LINE
  5
624
330
61F
100
AcDbEntity
  8
3
 62
     1
370
    -2
100
AcDbLine
 10
26518.18513816851
 20
-11949.78264374892
 30
0.0
 11
26517.18513816851
 21
-11949.78264374892
 31
0.0
  0
LINE
  5
625
330
61F
100
AcDbEntity
  8
3
 62
     1
370
    -2
100
AcDbLine
 10
26522.9851381685
 20
-11949.78264374892
 30
0.0
 11
26518.18513816851
 21
-11949.78264374892
 31
0.0
  0
INSERT
  5
626
330
61F
100
AcDbEntity
  8
3
 62
     1
370
    -2
100
AcDbBlockReference
  2
_Oblique
 10
26522.9851381685
 20
-11949.78264374892
 30
0.0
 50
180.0
  0
INSERT
  5
627
330
61F
100
AcDbEntity
  8
3
 62
     1
370
    -2
100
AcDbBlockReference
  2
_Oblique
 10
26518.18513816851
 20
-11949.78264374892
 30
0.0
  0
MTEXT
  5
628
330
61F
100
AcDbEntity
  8
3
 62
     7
100
AcDbMText
 10
26520.58513816851
 20
-11947.53264374892
 30
0.0
 40
2.5
 41
0.0
 46
0.0
 71
     5
 72
     1
  1
\A1;25
  7
DXT
 73
     1
 44
1.0
  0
POINT
  5
629
330
61F
100
AcDbEntity
  8
Defpoints
 62
     0
100
AcDbPoint
 10
26522.9851381685
 20
-11945.92694587401
 30
0.0
  0
POINT
  5
62A
330
61F
100
AcDbEntity
  8
Defpoints
 62
     0
100
AcDbPoint
 10
26518.18513816851
 20
-11945.92694587401
 30
0.0
  0
POINT
  5
62B
330
61F
100
AcDbEntity
  8
Defpoints
 62
     0
100
AcDbPoint
 10
26518.18513816851
 20
-11949.78264374892
 30
0.0
  0
ENDBLK
  5
62C
330
61F
100
AcDbEntity
  8
0
100
AcDbBlockEnd
  0
BLOCK
  5
633
330
632
100
AcDbEntity
  8
0
100
AcDbBlockBegin
  2
*D22
 70
     1
 10
0.0
 20
0.0
 30
0.0
  3
*D22
  1

  0
LINE
  5
634
330
632
100
AcDbEntity
  8
3
 62
     1
370
    -2
100
AcDbLine
 10
26511.38513816853
 20
-11936.32694587401
 30
0.0
 11
26508.14032881352
 21
-11936.32694587401
 31
0.0
  0
LINE
  5
635
330
632
100
AcDbEntity
  8
3
 62
     1
370
    -2
100
AcDbLine
 10
26511.38513816853
 20
-11941.12694587401
 30
0.0
 11
26508.14032881352
 21
-11941.12694587401
 31
0.0
  0
LINE
  5
636
330
632
100
AcDbEntity
  8
3
 62
     1
370
    -2
100
AcDbLine
 10
26510.14032881352
 20
-11936.32694587401
 30
0.0
 11
26510.14032881352
 21
-11935.32694587401
 31
0.0
  0
LINE
  5
637
330
632
100
AcDbEntity
  8
3
 62
     1
370
    -2
100
AcDbLine
 10
26510.14032881352
 20
-11941.12694587401
 30
0.0
 11
26510.14032881352
 21
-11942.12694587401
 31
0.0
  0
LINE
  5
638
330
632
100
AcDbEntity
  8
3
 62
     1
370
    -2
100
AcDbLine
 10
26510.14032881352
 20
-11936.32694587401
 30
0.0
 11
26510.14032881352
 21
-11941.12694587401
 31
0.0
  0
INSERT
  5
639
330
632
100
AcDbEntity
  8
3
 62
     1
370
    -2
100
AcDbBlockReference
  2
_Oblique
 10
26510.14032881352
 20
-11936.32694587401
 30
0.0
 50
270.0
  0
INSERT
  5
63A
330
632
100
AcDbEntity
  8
3
 62
     1
370
    -2
100
AcDbBlockReference
  2
_Oblique
 10
26510.14032881352
 20
-11941.12694587401
 30
0.0
 50
90.0
  0
MTEXT
  5
63B
330
632
100
AcDbEntity
  8
3
 62
     7
100
AcDbMText
 10
26507.89032881353
 20
-11938.72694587401
 30
0.0
 40
2.5
 41
0.0
 46
0.0
 71
     5
 72
     1
  1
\A1;25
  7
DXT
 11
6.123031769111886E-17
 21
1.0
 31
0.0
 73
     1
 44
1.0
  0
POINT
  5
63C
330
632
100
AcDbEntity
  8
Defpoints
 62
     0
100
AcDbPoint
 10
26513.38513816853
 20
-11936.32694587401
 30
0.0
  0
POINT
  5
63D
330
632
100
AcDbEntity
  8
Defpoints
 62
     0
100
AcDbPoint
 10
26513.38513816853
 20
-11941.12694587401
 30
0.0
  0
POINT
  5
63E
330
632
100
AcDbEntity
  8
Defpoints
 62
     0
100
AcDbPoint
 10
26510.14032881352
 20
-11941.12694587401
 30
0.0
  0
ENDBLK
  5
63F
330
632
100
AcDbEntity
  8
0
100
AcDbBlockEnd
  0
BLOCK
  5
656
330
655
100
AcDbEntity
  8
0
100
AcDbBlockBegin
  2
*D23
 70
     1
 10
0.0
 20
0.0
 30
0.0
  3
*D23
  1

  0
LINE
  5
657
330
655
100
AcDbEntity
  8
3
 62
     1
370
    -2
100
AcDbLine
 10
26444.13429619984
 20
-11897.92905269292
 30
0.0
 11
26436.63429619984
 21
-11897.92905269292
 31
0.0
  0
LINE
  5
658
330
655
100
AcDbEntity
  8
3
 62
     1
370
    -2
100
AcDbLine
 10
26442.63429619984
 20
-11894.92905264822
 30
0.0
 11
26436.63429619984
 21
-11894.92905264822
 31
0.0
  0
LINE
  5
659
330
655
100
AcDbEntity
  8
3
 62
     1
370
    -2
100
AcDbLine
 10
26438.63429619984
 20
-11897.92905269292
 30
0.0
 11
26438.63429619984
 21
-11898.92905269292
 31
0.0
  0
LINE
  5
65A
330
655
100
AcDbEntity
  8
3
 62
     1
370
    -2
100
AcDbLine
 10
26438.63429619984
 20
-11894.92905264822
 30
0.0
 11
26438.63429619984
 21
-11893.92905264822
 31
0.0
  0
LINE
  5
65B
330
655
100
AcDbEntity
  8
3
 62
     1
370
    -2
100
AcDbLine
 10
26438.63429619984
 20
-11897.92905269292
 30
0.0
 11
26438.63429619984
 21
-11894.92905264822
 31
0.0
  0
INSERT
  5
65C
330
655
100
AcDbEntity
  8
3
 62
     1
370
    -2
100
AcDbBlockReference
  2
_Oblique
 10
26438.63429619984
 20
-11897.92905269292
 30
0.0
 50
90.0
  0
INSERT
  5
65D
330
655
100
AcDbEntity
  8
3
 62
     1
370
    -2
100
AcDbBlockReference
  2
_Oblique
 10
26438.63429619984
 20
-11894.92905264822
 30
0.0
 50
270.0
  0
MTEXT
  5
65E
330
655
100
AcDbEntity
  8
3
 62
     7
100
AcDbMText
 10
26436.38429619984
 20
-11896.42905267056
 30
0.0
 40
2.5
 41
0.0
 46
0.0
 71
     5
 72
     1
  1
\A1;30
  7
DXT
 11
6.123031769111886E-17
 21
1.0
 31
0.0
 73
     1
 44
1.0
  0
POINT
  5
65F
330
655
100
AcDbEntity
  8
Defpoints
 62
     0
100
AcDbPoint
 10
26446.13429619984
 20
-11897.92905269292
 30
0.0
  0
POINT
  5
660
330
655
100
AcDbEntity
  8
Defpoints
 62
     0
100
AcDbPoint
 10
26444.63429619984
 20
-11894.92905264822
 30
0.0
  0
POINT
  5
661
330
655
100
AcDbEntity
  8
Defpoints
 62
     0
100
AcDbPoint
 10
26438.63429619984
 20
-11894.92905264822
 30
0.0
  0
ENDBLK
  5
662
330
655
100
AcDbEntity
  8
0
100
AcDbBlockEnd
  0
BLOCK
  5
665
330
664
100
AcDbEntity
  8
0
100
AcDbBlockBegin
  2
*D24
 70
     1
 10
0.0
 20
0.0
 30
0.0
  3
*D24
  1

  0
LINE
  5
666
330
664
100
AcDbEntity
  8
3
 62
     1
370
    -2
100
AcDbLine
 10
26444.13429619984
 20
-11918.92905300584
 30
0.0
 11
26436.63429619984
 21
-11918.92905300584
 31
0.0
  0
LINE
  5
667
330
664
100
AcDbEntity
  8
3
 62
     1
370
    -2
100
AcDbLine
 10
26444.13429619984
 20
-11897.92905269292
 30
0.0
 11
26436.63429619984
 21
-11897.92905269292
 31
0.0
  0
LINE
  5
668
330
664
100
AcDbEntity
  8
3
 62
     1
370
    -2
100
AcDbLine
 10
26438.63429619984
 20
-11918.92905300584
 30
0.0
 11
26438.63429619984
 21
-11897.92905269292
 31
0.0
  0
INSERT
  5
669
330
664
100
AcDbEntity
  8
3
 62
     1
370
    -2
100
AcDbBlockReference
  2
_Oblique
 10
26438.63429619984
 20
-11918.92905300584
 30
0.0
 50
270.0
  0
INSERT
  5
66A
330
664
100
AcDbEntity
  8
3
 62
     1
370
    -2
100
AcDbBlockReference
  2
_Oblique
 10
26438.63429619984
 20
-11897.92905269292
 30
0.0
 50
90.0
  0
MTEXT
  5
66B
330
664
100
AcDbEntity
  8
3
 62
     7
100
AcDbMText
 10
26436.38429619984
 20
-11908.42905284938
 30
0.0
 40
2.5
 41
0.0
 46
0.0
 71
     5
 72
     1
  1
\A1;3X70
  7
DXT
 11
6.123031769111886E-17
 21
1.0
 31
0.0
 73
     1
 44
1.0
  0
POINT
  5
66C
330
664
100
AcDbEntity
  8
Defpoints
 62
     0
100
AcDbPoint
 10
26446.13429619984
 20
-11918.92905300584
 30
0.0
  0
POINT
  5
66D
330
664
100
AcDbEntity
  8
Defpoints
 62
     0
100
AcDbPoint
 10
26446.13429619984
 20
-11897.92905269292
 30
0.0
  0
POINT
  5
66E
330
664
100
AcDbEntity
  8
Defpoints
 62
     0
100
AcDbPoint
 10
26438.63429619984
 20
-11897.92905269292
 30
0.0
  0
ENDBLK
  5
66F
330
664
100
AcDbEntity
  8
0
100
AcDbBlockEnd
  0
BLOCK
  5
672
330
671
100
AcDbEntity
  8
0
100
AcDbBlockBegin
  2
*D25
 70
     1
 10
0.0
 20
0.0
 30
0.0
  3
*D25
  1

  0
LINE
  5
673
330
671
100
AcDbEntity
  8
3
 62
     1
370
    -2
100
AcDbLine
 10
26455.63429619984
 20
-11892.92905264822
 30
0.0
 11
26455.63429619984
 21
-11880.42905264822
 31
0.0
  0
LINE
  5
674
330
671
100
AcDbEntity
  8
3
 62
     1
370
    -2
100
AcDbLine
 10
26466.63429619984
 20
-11892.92905264822
 30
0.0
 11
26466.63429619984
 21
-11880.42905264822
 31
0.0
  0
LINE
  5
675
330
671
100
AcDbEntity
  8
3
 62
     1
370
    -2
100
AcDbLine
 10
26455.63429619984
 20
-11882.42905264822
 30
0.0
 11
26466.63429619984
 21
-11882.42905264822
 31
0.0
  0
INSERT
  5
676
330
671
100
AcDbEntity
  8
3
 62
     1
370
    -2
100
AcDbBlockReference
  2
_Oblique
 10
26455.63429619984
 20
-11882.42905264822
 30
0.0
 50
180.0
  0
INSERT
  5
677
330
671
100
AcDbEntity
  8
3
 62
     1
370
    -2
100
AcDbBlockReference
  2
_Oblique
 10
26466.63429619984
 20
-11882.42905264822
 30
0.0
  0
MTEXT
  5
678
330
671
100
AcDbEntity
  8
3
 62
     7
100
AcDbMText
 10
26461.13429619984
 20
-11880.17905264822
 30
0.0
 40
2.5
 41
0.0
 46
0.0
 71
     5
 72
     1
  1
\A1;110
  7
DXT
 73
     1
 44
1.0
  0
POINT
  5
679
330
671
100
AcDbEntity
  8
Defpoints
 62
     0
100
AcDbPoint
 10
26455.63429619984
 20
-11894.92905264822
 30
0.0
  0
POINT
  5
67A
330
671
100
AcDbEntity
  8
Defpoints
 62
     0
100
AcDbPoint
 10
26466.63429619984
 20
-11894.92905264822
 30
0.0
  0
POINT
  5
67B
330
671
100
AcDbEntity
  8
Defpoints
 62
     0
100
AcDbPoint
 10
26466.63429619984
 20
-11882.42905264822
 30
0.0
  0
ENDBLK
  5
67C
330
671
100
AcDbEntity
  8
0
100
AcDbBlockEnd
  0
BLOCK
  5
67F
330
67E
100
AcDbEntity
  8
0
100
AcDbBlockBegin
  2
*D26
 70
     1
 10
0.0
 20
0.0
 30
0.0
  3
*D26
  1

  0
LINE
  5
680
330
67E
100
AcDbEntity
  8
3
 62
     1
370
    -2
100
AcDbLine
 10
26444.63429619984
 20
-11892.92905264822
 30
0.0
 11
26444.63429619984
 21
-11880.42905264822
 31
0.0
  0
LINE
  5
681
330
67E
100
AcDbEntity
  8
3
 62
     1
370
    -2
100
AcDbLine
 10
26455.63429619984
 20
-11892.92905264822
 30
0.0
 11
26455.63429619984
 21
-11880.42905264822
 31
0.0
  0
LINE
  5
682
330
67E
100
AcDbEntity
  8
3
 62
     1
370
    -2
100
AcDbLine
 10
26444.63429619984
 20
-11882.42905264822
 30
0.0
 11
26455.63429619984
 21
-11882.42905264822
 31
0.0
  0
INSERT
  5
683
330
67E
100
AcDbEntity
  8
3
 62
     1
370
    -2
100
AcDbBlockReference
  2
_Oblique
 10
26444.63429619984
 20
-11882.42905264822
 30
0.0
 50
180.0
  0
INSERT
  5
684
330
67E
100
AcDbEntity
  8
3
 62
     1
370
    -2
100
AcDbBlockReference
  2
_Oblique
 10
26455.63429619984
 20
-11882.42905264822
 30
0.0
  0
MTEXT
  5
685
330
67E
100
AcDbEntity
  8
3
 62
     7
100
AcDbMText
 10
26450.13429619984
 20
-11880.17905264822
 30
0.0
 40
2.5
 41
0.0
 46
0.0
 71
     5
 72
     1
  1
\A1;110
  7
DXT
 73
     1
 44
1.0
  0
POINT
  5
686
330
67E
100
AcDbEntity
  8
Defpoints
 62
     0
100
AcDbPoint
 10
26444.63429619984
 20
-11894.92905264822
 30
0.0
  0
POINT
  5
687
330
67E
100
AcDbEntity
  8
Defpoints
 62
     0
100
AcDbPoint
 10
26455.63429619984
 20
-11894.92905264822
 30
0.0
  0
POINT
  5
688
330
67E
100
AcDbEntity
  8
Defpoints
 62
     0
100
AcDbPoint
 10
26455.63429619984
 20
-11882.42905264822
 30
0.0
  0
ENDBLK
  5
689
330
67E
100
AcDbEntity
  8
0
100
AcDbBlockEnd
  0
BLOCK
  5
68C
330
68B
100
AcDbEntity
  8
0
100
AcDbBlockBegin
  2
*D27
 70
     1
 10
0.0
 20
0.0
 30
0.0
  3
*D27
  1

  0
LINE
  5
68D
330
68B
100
AcDbEntity
  8
3
 62
     1
370
    -2
100
AcDbLine
 10
26461.43429619984
 20
-11892.92905264822
 30
0.0
 11
26461.43429619984
 21
-11887.42905264822
 31
0.0
  0
LINE
  5
68E
330
68B
100
AcDbEntity
  8
3
 62
     1
370
    -2
100
AcDbLine
 10
26466.63429619984
 20
-11892.92905264822
 30
0.0
 11
26466.63429619984
 21
-11887.42905264822
 31
0.0
  0
LINE
  5
68F
330
68B
100
AcDbEntity
  8
3
 62
     1
370
    -2
100
AcDbLine
 10
26461.43429619984
 20
-11889.42905264822
 30
0.0
 11
26466.63429619984
 21
-11889.42905264822
 31
0.0
  0
INSERT
  5
690
330
68B
100
AcDbEntity
  8
3
 62
     1
370
    -2
100
AcDbBlockReference
  2
_Oblique
 10
26461.43429619984
 20
-11889.42905264822
 30
0.0
 50
180.0
  0
INSERT
  5
691
330
68B
100
AcDbEntity
  8
3
 62
     1
370
    -2
100
AcDbBlockReference
  2
_Oblique
 10
26466.63429619984
 20
-11889.42905264822
 30
0.0
  0
MTEXT
  5
692
330
68B
100
AcDbEntity
  8
3
 62
     7
100
AcDbMText
 10
26464.03429619984
 20
-11887.17905264822
 30
0.0
 40
2.5
 41
0.0
 46
0.0
 71
     5
 72
     1
  1
\A1;52
  7
DXT
 73
     1
 44
1.0
  0
POINT
  5
693
330
68B
100
AcDbEntity
  8
Defpoints
 62
     0
100
AcDbPoint
 10
26461.43429619984
 20
-11894.92905264822
 30
0.0
  0
POINT
  5
694
330
68B
100
AcDbEntity
  8
Defpoints
 62
     0
100
AcDbPoint
 10
26466.63429619984
 20
-11894.92905264822
 30
0.0
  0
POINT
  5
695
330
68B
100
AcDbEntity
  8
Defpoints
 62
     0
100
AcDbPoint
 10
26466.63429619984
 20
-11889.42905264822
 30
0.0
  0
ENDBLK
  5
696
330
68B
100
AcDbEntity
  8
0
100
AcDbBlockEnd
  0
BLOCK
  5
699
330
698
100
AcDbEntity
  8
0
100
AcDbBlockBegin
  2
*D28
 70
     1
 10
0.0
 20
0.0
 30
0.0
  3
*D28
  1

  0
LINE
  5
69A
330
698
100
AcDbEntity
  8
3
 62
     1
370
    -2
100
AcDbLine
 10
26455.63429619984
 20
-11892.92905264822
 30
0.0
 11
26455.63429619984
 21
-11887.42905264822
 31
0.0
  0
LINE
  5
69B
330
698
100
AcDbEntity
  8
3
 62
     1
370
    -2
100
AcDbLine
 10
26461.43429619984
 20
-11892.92905264822
 30
0.0
 11
26461.43429619984
 21
-11887.42905264822
 31
0.0
  0
LINE
  5
69C
330
698
100
AcDbEntity
  8
3
 62
     1
370
    -2
100
AcDbLine
 10
26455.63429619984
 20
-11889.42905264822
 30
0.0
 11
26461.43429619984
 21
-11889.42905264822
 31
0.0
  0
INSERT
  5
69D
330
698
100
AcDbEntity
  8
3
 62
     1
370
    -2
100
AcDbBlockReference
  2
_Oblique
 10
26455.63429619984
 20
-11889.42905264822
 30
0.0
 50
180.0
  0
INSERT
  5
69E
330
698
100
AcDbEntity
  8
3
 62
     1
370
    -2
100
AcDbBlockReference
  2
_Oblique
 10
26461.43429619984
 20
-11889.42905264822
 30
0.0
  0
MTEXT
  5
69F
330
698
100
AcDbEntity
  8
3
 62
     7
100
AcDbMText
 10
26458.53429619984
 20
-11887.17905264822
 30
0.0
 40
2.5
 41
0.0
 46
0.0
 71
     5
 72
     1
  1
\A1;58
  7
DXT
 73
     1
 44
1.0
  0
POINT
  5
6A0
330
698
100
AcDbEntity
  8
Defpoints
 62
     0
100
AcDbPoint
 10
26455.63429619984
 20
-11894.92905264822
 30
0.0
  0
POINT
  5
6A1
330
698
100
AcDbEntity
  8
Defpoints
 62
     0
100
AcDbPoint
 10
26461.43429619984
 20
-11894.92905264822
 30
0.0
  0
POINT
  5
6A2
330
698
100
AcDbEntity
  8
Defpoints
 62
     0
100
AcDbPoint
 10
26461.43429619984
 20
-11889.42905264822
 30
0.0
  0
ENDBLK
  5
6A3
330
698
100
AcDbEntity
  8
0
100
AcDbBlockEnd
  0
BLOCK
  5
6A6
330
6A5
100
AcDbEntity
  8
0
100
AcDbBlockBegin
  2
*D29
 70
     1
 10
0.0
 20
0.0
 30
0.0
  3
*D29
  1

  0
LINE
  5
6A7
330
6A5
100
AcDbEntity
  8
3
 62
     1
370
    -2
100
AcDbLine
 10
26449.83429619983
 20
-11892.92905264822
 30
0.0
 11
26449.83429619983
 21
-11887.42905264822
 31
0.0
  0
LINE
  5
6A8
330
6A5
100
AcDbEntity
  8
3
 62
     1
370
    -2
100
AcDbLine
 10
26455.63429619984
 20
-11892.92905264822
 30
0.0
 11
26455.63429619984
 21
-11887.42905264822
 31
0.0
  0
LINE
  5
6A9
330
6A5
100
AcDbEntity
  8
3
 62
     1
370
    -2
100
AcDbLine
 10
26449.83429619983
 20
-11889.42905264822
 30
0.0
 11
26455.63429619984
 21
-11889.42905264822
 31
0.0
  0
INSERT
  5
6AA
330
6A5
100
AcDbEntity
  8
3
 62
     1
370
    -2
100
AcDbBlockReference
  2
_Oblique
 10
26449.83429619983
 20
-11889.42905264822
 30
0.0
 50
180.0
  0
INSERT
  5
6AB
330
6A5
100
AcDbEntity
  8
3
 62
     1
370
    -2
100
AcDbBlockReference
  2
_Oblique
 10
26455.63429619984
 20
-11889.42905264822
 30
0.0
  0
MTEXT
  5
6AC
330
6A5
100
AcDbEntity
  8
3
 62
     7
100
AcDbMText
 10
26452.73429619984
 20
-11887.17905264822
 30
0.0
 40
2.5
 41
0.0
 46
0.0
 71
     5
 72
     1
  1
\A1;58
  7
DXT
 73
     1
 44
1.0
  0
POINT
  5
6AD
330
6A5
100
AcDbEntity
  8
Defpoints
 62
     0
100
AcDbPoint
 10
26449.83429619983
 20
-11894.92905264822
 30
0.0
  0
POINT
  5
6AE
330
6A5
100
AcDbEntity
  8
Defpoints
 62
     0
100
AcDbPoint
 10
26455.63429619984
 20
-11894.92905264822
 30
0.0
  0
POINT
  5
6AF
330
6A5
100
AcDbEntity
  8
Defpoints
 62
     0
100
AcDbPoint
 10
26455.63429619984
 20
-11889.42905264822
 30
0.0
  0
ENDBLK
  5
6B0
330
6A5
100
AcDbEntity
  8
0
100
AcDbBlockEnd
  0
BLOCK
  5
6B3
330
6B2
100
AcDbEntity
  8
0
100
AcDbBlockBegin
  2
*D30
 70
     1
 10
0.0
 20
0.0
 30
0.0
  3
*D30
  1

  0
LINE
  5
6B4
330
6B2
100
AcDbEntity
  8
3
 62
     1
370
    -2
100
AcDbLine
 10
26444.63429619984
 20
-11892.92905264822
 30
0.0
 11
26444.63429619984
 21
-11887.42905264822
 31
0.0
  0
LINE
  5
6B5
330
6B2
100
AcDbEntity
  8
3
 62
     1
370
    -2
100
AcDbLine
 10
26449.83429619983
 20
-11892.92905264822
 30
0.0
 11
26449.83429619983
 21
-11887.42905264822
 31
0.0
  0
LINE
  5
6B6
330
6B2
100
AcDbEntity
  8
3
 62
     1
370
    -2
100
AcDbLine
 10
26444.63429619984
 20
-11889.42905264822
 30
0.0
 11
26449.83429619983
 21
-11889.42905264822
 31
0.0
  0
INSERT
  5
6B7
330
6B2
100
AcDbEntity
  8
3
 62
     1
370
    -2
100
AcDbBlockReference
  2
_Oblique
 10
26444.63429619984
 20
-11889.42905264822
 30
0.0
 50
180.0
  0
INSERT
  5
6B8
330
6B2
100
AcDbEntity
  8
3
 62
     1
370
    -2
100
AcDbBlockReference
  2
_Oblique
 10
26449.83429619983
 20
-11889.42905264822
 30
0.0
  0
MTEXT
  5
6B9
330
6B2
100
AcDbEntity
  8
3
 62
     7
100
AcDbMText
 10
26447.23429619984
 20
-11887.17905264822
 30
0.0
 40
2.5
 41
0.0
 46
0.0
 71
     5
 72
     1
  1
\A1;52
  7
DXT
 73
     1
 44
1.0
  0
POINT
  5
6BA
330
6B2
100
AcDbEntity
  8
Defpoints
 62
     0
100
AcDbPoint
 10
26444.63429619984
 20
-11894.92905264822
 30
0.0
  0
POINT
  5
6BB
330
6B2
100
AcDbEntity
  8
Defpoints
 62
     0
100
AcDbPoint
 10
26449.83429619983
 20
-11894.92905264822
 30
0.0
  0
POINT
  5
6BC
330
6B2
100
AcDbEntity
  8
Defpoints
 62
     0
100
AcDbPoint
 10
26449.83429619983
 20
-11889.42905264822
 30
0.0
  0
ENDBLK
  5
6BD
330
6B2
100
AcDbEntity
  8
0
100
AcDbBlockEnd
  0
BLOCK
  5
6CF
330
6CE
100
AcDbEntity
  8
0
100
AcDbBlockBegin
  2
*D31
 70
     1
 10
0.0
 20
0.0
 30
0.0
  3
*D31
  1

  0
LINE
  5
6D0
330
6CE
100
AcDbEntity
  8
3
 62
     1
370
    -2
100
AcDbLine
 10
26467.13429619984
 20
-11901.42905264822
 30
0.0
 11
26474.63429619984
 21
-11901.42905264822
 31
0.0
  0
LINE
  5
6D1
330
6CE
100
AcDbEntity
  8
3
 62
     1
370
    -2
100
AcDbLine
 10
26468.63429619984
 20
-11894.92905264822
 30
0.0
 11
26474.63429619984
 21
-11894.92905264822
 31
0.0
  0
LINE
  5
6D2
330
6CE
100
AcDbEntity
  8
3
 62
     1
370
    -2
100
AcDbLine
 10
26472.63429619984
 20
-11901.42905264822
 30
0.0
 11
26472.63429619984
 21
-11894.92905264822
 31
0.0
  0
INSERT
  5
6D3
330
6CE
100
AcDbEntity
  8
3
 62
     1
370
    -2
100
AcDbBlockReference
  2
_Oblique
 10
26472.63429619984
 20
-11901.42905264822
 30
0.0
 50
270.0
  0
INSERT
  5
6D4
330
6CE
100
AcDbEntity
  8
3
 62
     1
370
    -2
100
AcDbBlockReference
  2
_Oblique
 10
26472.63429619984
 20
-11894.92905264822
 30
0.0
 50
90.0
  0
MTEXT
  5
6D5
330
6CE
100
AcDbEntity
  8
3
 62
     7
100
AcDbMText
 10
26470.38429619984
 20
-11898.17905264821
 30
0.0
 40
2.5
 41
0.0
 46
0.0
 71
     5
 72
     1
  1
\A1;65
  7
DXT
 11
6.123031769111886E-17
 21
1.0
 31
0.0
 73
     1
 44
1.0
  0
POINT
  5
6D6
330
6CE
100
AcDbEntity
  8
Defpoints
 62
     0
100
AcDbPoint
 10
26465.13429619984
 20
-11901.42905264822
 30
0.0
  0
POINT
  5
6D7
330
6CE
100
AcDbEntity
  8
Defpoints
 62
     0
100
AcDbPoint
 10
26466.63429619984
 20
-11894.92905264822
 30
0.0
  0
POINT
  5
6D8
330
6CE
100
AcDbEntity
  8
Defpoints
 62
     0
100
AcDbPoint
 10
26472.63429619984
 20
-11894.92905264822
 30
0.0
  0
ENDBLK
  5
6D9
330
6CE
100
AcDbEntity
  8
0
100
AcDbBlockEnd
  0
BLOCK
  5
6DC
330
6DB
100
AcDbEntity
  8
0
100
AcDbBlockBegin
  2
*D32
 70
     1
 10
0.0
 20
0.0
 30
0.0
  3
*D32
  1

  0
LINE
  5
6DD
330
6DB
100
AcDbEntity
  8
3
 62
     1
370
    -2
100
AcDbLine
 10
26467.07043129243
 20
-11922.42905264822
 30
0.0
 11
26474.63429619984
 21
-11922.42905264822
 31
0.0
  0
LINE
  5
6DE
330
6DB
100
AcDbEntity
  8
3
 62
     1
370
    -2
100
AcDbLine
 10
26467.13429619984
 20
-11901.42905264822
 30
0.0
 11
26474.63429619984
 21
-11901.42905264822
 31
0.0
  0
LINE
  5
6DF
330
6DB
100
AcDbEntity
  8
3
 62
     1
370
    -2
100
AcDbLine
 10
26472.63429619984
 20
-11922.42905264822
 30
0.0
 11
26472.63429619984
 21
-11901.42905264822
 31
0.0
  0
INSERT
  5
6E0
330
6DB
100
AcDbEntity
  8
3
 62
     1
370
    -2
100
AcDbBlockReference
  2
_Oblique
 10
26472.63429619984
 20
-11922.42905264822
 30
0.0
 50
270.0
  0
INSERT
  5
6E1
330
6DB
100
AcDbEntity
  8
3
 62
     1
370
    -2
100
AcDbBlockReference
  2
_Oblique
 10
26472.63429619984
 20
-11901.42905264822
 30
0.0
 50
90.0
  0
MTEXT
  5
6E2
330
6DB
100
AcDbEntity
  8
3
 62
     7
100
AcDbMText
 10
26470.38429619984
 20
-11911.92905264821
 30
0.0
 40
2.5
 41
0.0
 46
0.0
 71
     5
 72
     1
  1
\A1;3X70
  7
DXT
 11
6.123031769111886E-17
 21
1.0
 31
0.0
 73
     1
 44
1.0
  0
POINT
  5
6E3
330
6DB
100
AcDbEntity
  8
Defpoints
 62
     0
100
AcDbPoint
 10
26465.07043129243
 20
-11922.42905264822
 30
0.0
  0
POINT
  5
6E4
330
6DB
100
AcDbEntity
  8
Defpoints
 62
     0
100
AcDbPoint
 10
26465.13429619984
 20
-11901.42905264822
 30
0.0
  0
POINT
  5
6E5
330
6DB
100
AcDbEntity
  8
Defpoints
 62
     0
100
AcDbPoint
 10
26472.63429619984
 20
-11901.42905264822
 30
0.0
  0
ENDBLK
  5
6E6
330
6DB
100
AcDbEntity
  8
0
100
AcDbBlockEnd
  0
BLOCK
  5
6E9
330
6E8
100
AcDbEntity
  8
0
100
AcDbBlockBegin
  2
*D33
 70
     1
 10
0.0
 20
0.0
 30
0.0
  3
*D33
  1

  0
LINE
  5
6EA
330
6E8
100
AcDbEntity
  8
3
 62
     1
370
    -2
100
AcDbLine
 10
26469.00656638502
 20
-11956.92905300584
 30
0.0
 11
26475.00656638502
 21
-11956.92905300584
 31
0.0
  0
LINE
  5
6EB
330
6E8
100
AcDbEntity
  8
3
 62
     1
370
    -2
100
AcDbLine
 10
26467.50656638502
 20
-11953.92837305167
 30
0.0
 11
26475.00656638502
 21
-11953.92837305167
 31
0.0
  0
LINE
  5
6EC
330
6E8
100
AcDbEntity
  8
3
 62
     1
370
    -2
100
AcDbLine
 10
26473.00656638502
 20
-11956.92905300584
 30
0.0
 11
26473.00656638502
 21
-11957.92905300584
 31
0.0
  0
LINE
  5
6ED
330
6E8
100
AcDbEntity
  8
3
 62
     1
370
    -2
100
AcDbLine
 10
26473.00656638502
 20
-11953.92837305167
 30
0.0
 11
26473.00656638502
 21
-11952.92837305167
 31
0.0
  0
LINE
  5
6EE
330
6E8
100
AcDbEntity
  8
3
 62
     1
370
    -2
100
AcDbLine
 10
26473.00656638502
 20
-11956.92905300584
 30
0.0
 11
26473.00656638502
 21
-11953.92837305167
 31
0.0
  0
INSERT
  5
6EF
330
6E8
100
AcDbEntity
  8
3
 62
     1
370
    -2
100
AcDbBlockReference
  2
_Oblique
 10
26473.00656638502
 20
-11956.92905300584
 30
0.0
 50
90.0
  0
INSERT
  5
6F0
330
6E8
100
AcDbEntity
  8
3
 62
     1
370
    -2
100
AcDbBlockReference
  2
_Oblique
 10
26473.00656638502
 20
-11953.92837305167
 30
0.0
 50
270.0
  0
MTEXT
  5
6F1
330
6E8
100
AcDbEntity
  8
3
 62
     7
100
AcDbMText
 10
26470.75656638502
 20
-11955.42871302875
 30
0.0
 40
2.5
 41
0.0
 46
0.0
 71
     5
 72
     1
  1
\A1;30
  7
DXT
 11
6.123031769111886E-17
 21
1.0
 31
0.0
 73
     1
 44
1.0
  0
POINT
  5
6F2
330
6E8
100
AcDbEntity
  8
Defpoints
 62
     0
100
AcDbPoint
 10
26467.00656638502
 20
-11956.92905300584
 30
0.0
  0
POINT
  5
6F3
330
6E8
100
AcDbEntity
  8
Defpoints
 62
     0
100
AcDbPoint
 10
26465.50656638502
 20
-11953.92837305167
 30
0.0
  0
POINT
  5
6F4
330
6E8
100
AcDbEntity
  8
Defpoints
 62
     0
100
AcDbPoint
 10
26473.00656638502
 20
-11953.92837305167
 30
0.0
  0
ENDBLK
  5
6F5
330
6E8
100
AcDbEntity
  8
0
100
AcDbBlockEnd
  0
BLOCK
  5
703
330
702
100
AcDbEntity
  8
0
100
AcDbBlockBegin
  2
*D34
 70
     1
 10
0.0
 20
0.0
 30
0.0
  3
*D34
  1

  0
LINE
  5
704
330
702
100
AcDbEntity
  8
0
 62
     1
370
    -2
100
AcDbLine
 10
26442.13429619984
 20
-11950.42905331877
 30
0.0
 11
26436.63429619984
 21
-11950.42905331877
 31
0.0
  0
LINE
  5
705
330
702
100
AcDbEntity
  8
0
 62
     1
370
    -2
100
AcDbLine
 10
26442.63429619984
 20
-11956.92905300585
 30
0.0
 11
26436.63429619984
 21
-11956.92905300585
 31
0.0
  0
LINE
  5
706
330
702
100
AcDbEntity
  8
0
 62
     1
370
    -2
100
AcDbLine
 10
26438.63429619984
 20
-11950.42905331877
 30
0.0
 11
26438.63429619984
 21
-11956.92905300585
 31
0.0
  0
INSERT
  5
707
330
702
100
AcDbEntity
  8
0
 62
     1
370
    -2
100
AcDbBlockReference
  2
_Oblique
 10
26438.63429619984
 20
-11950.42905331877
 30
0.0
 50
90.0
  0
INSERT
  5
708
330
702
100
AcDbEntity
  8
0
 62
     1
370
    -2
100
AcDbBlockReference
  2
_Oblique
 10
26438.63429619984
 20
-11956.92905300585
 30
0.0
 50
270.0
  0
MTEXT
  5
709
330
702
100
AcDbEntity
  8
0
 62
     7
100
AcDbMText
 10
26436.38429619984
 20
-11953.6790531623
 30
0.0
 40
2.5
 41
0.0
 46
0.0
 71
     5
 72
     1
  1
\A1;65
  7
DXT
 11
6.123031769111886E-17
 21
1.0
 31
0.0
 73
     1
 44
1.0
  0
POINT
  5
70A
330
702
100
AcDbEntity
  8
Defpoints
 62
     0
100
AcDbPoint
 10
26444.13429619984
 20
-11950.42905331877
 30
0.0
  0
POINT
  5
70B
330
702
100
AcDbEntity
  8
Defpoints
 62
     0
100
AcDbPoint
 10
26444.63429619984
 20
-11956.92905300585
 30
0.0
  0
POINT
  5
70C
330
702
100
AcDbEntity
  8
Defpoints
 62
     0
100
AcDbPoint
 10
26438.63429619984
 20
-11956.92905300585
 30
0.0
  0
ENDBLK
  5
70D
330
702
100
AcDbEntity
  8
0
100
AcDbBlockEnd
  0
BLOCK
  5
710
330
70F
100
AcDbEntity
  8
0
100
AcDbBlockBegin
  2
*D35
 70
     1
 10
0.0
 20
0.0
 30
0.0
  3
*D35
  1

  0
LINE
  5
711
330
70F
100
AcDbEntity
  8
0
 62
     1
370
    -2
100
AcDbLine
 10
26470.64714097689
 20
-11922.42905264822
 30
0.0
 11
26474.63429619984
 21
-11922.42905264822
 31
0.0
  0
LINE
  5
712
330
70F
100
AcDbEntity
  8
0
 62
     1
370
    -2
100
AcDbLine
 10
26470.64714097689
 20
-11932.92905300584
 30
0.0
 11
26474.63429619984
 21
-11932.92905300584
 31
0.0
  0
LINE
  5
713
330
70F
100
AcDbEntity
  8
0
 62
     1
370
    -2
100
AcDbLine
 10
26472.63429619984
 20
-11922.42905264822
 30
0.0
 11
26472.63429619984
 21
-11932.92905300584
 31
0.0
  0
INSERT
  5
714
330
70F
100
AcDbEntity
  8
0
 62
     1
370
    -2
100
AcDbBlockReference
  2
_Oblique
 10
26472.63429619984
 20
-11922.42905264822
 30
0.0
 50
90.0
  0
INSERT
  5
715
330
70F
100
AcDbEntity
  8
0
 62
     1
370
    -2
100
AcDbBlockReference
  2
_Oblique
 10
26472.63429619984
 20
-11932.92905300584
 30
0.0
 50
270.0
  0
MTEXT
  5
716
330
70F
100
AcDbEntity
  8
0
 62
     7
100
AcDbMText
 10
26470.38429619984
 20
-11927.67905282703
 30
0.0
 40
2.5
 41
0.0
 46
0.0
 71
     5
 72
     1
  1
\A1;105
  7
DXT
 11
6.123031769111886E-17
 21
1.0
 31
0.0
 73
     1
 44
1.0
  0
POINT
  5
717
330
70F
100
AcDbEntity
  8
Defpoints
 62
     0
100
AcDbPoint
 10
26468.64714097689
 20
-11922.42905264822
 30
0.0
  0
POINT
  5
718
330
70F
100
AcDbEntity
  8
Defpoints
 62
     0
100
AcDbPoint
 10
26468.64714097689
 20
-11932.92905300584
 30
0.0
  0
POINT
  5
719
330
70F
100
AcDbEntity
  8
Defpoints
 62
     0
100
AcDbPoint
 10
26472.63429619984
 20
-11932.92905300584
 30
0.0
  0
ENDBLK
  5
71A
330
70F
100
AcDbEntity
  8
0
100
AcDbBlockEnd
  0
BLOCK
  5
71D
330
71C
100
AcDbEntity
  8
0
100
AcDbBlockBegin
  2
*D36
 70
     1
 10
0.0
 20
0.0
 30
0.0
  3
*D36
  1

  0
LINE
  5
71E
330
71C
100
AcDbEntity
  8
0
 62
     1
370
    -2
100
AcDbLine
 10
26441.20725306686
 20
-11929.42905300584
 30
0.0
 11
26436.63429619984
 21
-11929.42905300584
 31
0.0
  0
LINE
  5
71F
330
71C
100
AcDbEntity
  8
0
 62
     1
370
    -2
100
AcDbLine
 10
26441.20725306686
 20
-11918.92905300584
 30
0.0
 11
26436.63429619984
 21
-11918.92905300584
 31
0.0
  0
LINE
  5
720
330
71C
100
AcDbEntity
  8
0
 62
     1
370
    -2
100
AcDbLine
 10
26438.63429619984
 20
-11929.42905300584
 30
0.0
 11
26438.63429619984
 21
-11918.92905300584
 31
0.0
  0
INSERT
  5
721
330
71C
100
AcDbEntity
  8
0
 62
     1
370
    -2
100
AcDbBlockReference
  2
_Oblique
 10
26438.63429619984
 20
-11929.42905300584
 30
0.0
 50
270.0
  0
INSERT
  5
722
330
71C
100
AcDbEntity
  8
0
 62
     1
370
    -2
100
AcDbBlockReference
  2
_Oblique
 10
26438.63429619984
 20
-11918.92905300584
 30
0.0
 50
90.0
  0
MTEXT
  5
723
330
71C
100
AcDbEntity
  8
0
 62
     7
100
AcDbMText
 10
26436.38429619984
 20
-11924.17905300584
 30
0.0
 40
2.5
 41
0.0
 46
0.0
 71
     5
 72
     1
  1
\A1;105
  7
DXT
 11
6.123031769111886E-17
 21
1.0
 31
0.0
 73
     1
 44
1.0
  0
POINT
  5
724
330
71C
100
AcDbEntity
  8
Defpoints
 62
     0
100
AcDbPoint
 10
26443.20725306686
 20
-11929.42905300584
 30
0.0
  0
POINT
  5
725
330
71C
100
AcDbEntity
  8
Defpoints
 62
     0
100
AcDbPoint
 10
26443.20725306686
 20
-11918.92905300584
 30
0.0
  0
POINT
  5
726
330
71C
100
AcDbEntity
  8
Defpoints
 62
     0
100
AcDbPoint
 10
26438.63429619984
 20
-11918.92905300584
 30
0.0
  0
ENDBLK
  5
727
330
71C
100
AcDbEntity
  8
0
100
AcDbBlockEnd
  0
BLOCK
  5
72A
330
729
100
AcDbEntity
  8
0
100
AcDbBlockBegin
  2
*D37
 70
     1
 10
0.0
 20
0.0
 30
0.0
  3
*D37
  1

  0
LINE
  5
72B
330
729
100
AcDbEntity
  8
3
 62
     1
370
    -2
100
AcDbLine
 10
26467.14003863419
 20
-11932.92837305167
 30
0.0
 11
26474.64003863419
 21
-11932.92837305167
 31
0.0
  0
LINE
  5
72C
330
729
100
AcDbEntity
  8
3
 62
     1
370
    -2
100
AcDbLine
 10
26467.14003863419
 20
-11953.92837336459
 30
0.0
 11
26474.64003863419
 21
-11953.92837336459
 31
0.0
  0
LINE
  5
72D
330
729
100
AcDbEntity
  8
3
 62
     1
370
    -2
100
AcDbLine
 10
26472.64003863419
 20
-11932.92837305167
 30
0.0
 11
26472.64003863419
 21
-11953.92837336459
 31
0.0
  0
INSERT
  5
72E
330
729
100
AcDbEntity
  8
3
 62
     1
370
    -2
100
AcDbBlockReference
  2
_Oblique
 10
26472.64003863419
 20
-11932.92837305167
 30
0.0
 50
90.0
  0
INSERT
  5
72F
330
729
100
AcDbEntity
  8
3
 62
     1
370
    -2
100
AcDbBlockReference
  2
_Oblique
 10
26472.64003863419
 20
-11953.92837336459
 30
0.0
 50
270.0
  0
MTEXT
  5
730
330
729
100
AcDbEntity
  8
3
 62
     7
100
AcDbMText
 10
26470.39003863419
 20
-11943.42837320813
 30
0.0
 40
2.5
 41
0.0
 46
0.0
 71
     5
 72
     1
  1
\A1;3X70
  7
DXT
 11
6.123031769111886E-17
 21
1.0
 31
0.0
 73
     1
 44
1.0
  0
POINT
  5
731
330
729
100
AcDbEntity
  8
Defpoints
 62
     0
100
AcDbPoint
 10
26465.14003863419
 20
-11932.92837305167
 30
0.0
  0
POINT
  5
732
330
729
100
AcDbEntity
  8
Defpoints
 62
     0
100
AcDbPoint
 10
26465.14003863419
 20
-11953.92837336459
 30
0.0
  0
POINT
  5
733
330
729
100
AcDbEntity
  8
Defpoints
 62
     0
100
AcDbPoint
 10
26472.64003863419
 20
-11953.92837336459
 30
0.0
  0
ENDBLK
  5
734
330
729
100
AcDbEntity
  8
0
100
AcDbBlockEnd
  0
BLOCK
  5
737
330
736
100
AcDbEntity
  8
0
100
AcDbBlockBegin
  2
*D38
 70
     1
 10
0.0
 20
0.0
 30
0.0
  3
*D38
  1

  0
LINE
  5
738
330
736
100
AcDbEntity
  8
0
 62
     1
370
    -2
100
AcDbLine
 10
26472.80480784411
 20
-11894.92905264822
 30
0.0
 11
26480.511406525
 21
-11894.92905264822
 31
0.0
  0
LINE
  5
739
330
736
100
AcDbEntity
  8
0
 62
     1
370
    -2
100
AcDbLine
 10
26472.80480784411
 20
-11956.92905300584
 30
0.0
 11
26480.511406525
 21
-11956.92905300584
 31
0.0
  0
LINE
  5
73A
330
736
100
AcDbEntity
  8
0
 62
     1
370
    -2
100
AcDbLine
 10
26478.511406525
 20
-11894.92905264822
 30
0.0
 11
26478.511406525
 21
-11956.92905300584
 31
0.0
  0
INSERT
  5
73B
330
736
100
AcDbEntity
  8
0
 62
     1
370
    -2
100
AcDbBlockReference
  2
_Oblique
 10
26478.511406525
 20
-11894.92905264822
 30
0.0
 50
90.0
  0
INSERT
  5
73C
330
736
100
AcDbEntity
  8
0
 62
     1
370
    -2
100
AcDbBlockReference
  2
_Oblique
 10
26478.511406525
 20
-11956.92905300584
 30
0.0
 50
270.0
  0
MTEXT
  5
73D
330
736
100
AcDbEntity
  8
0
 62
     7
100
AcDbMText
 10
26476.261406525
 20
-11925.92905282703
 30
0.0
 40
2.5
 41
0.0
 46
0.0
 71
     5
 72
     1
  1
\A1;620
  7
DXT
 11
6.123031769111886E-17
 21
1.0
 31
0.0
 73
     1
 44
1.0
  0
POINT
  5
73E
330
736
100
AcDbEntity
  8
Defpoints
 62
     0
100
AcDbPoint
 10
26470.80480784411
 20
-11894.92905264822
 30
0.0
  0
POINT
  5
73F
330
736
100
AcDbEntity
  8
Defpoints
 62
     0
100
AcDbPoint
 10
26470.80480784411
 20
-11956.92905300584
 30
0.0
  0
POINT
  5
740
330
736
100
AcDbEntity
  8
Defpoints
 62
     0
100
AcDbPoint
 10
26478.511406525
 20
-11956.92905300584
 30
0.0
  0
ENDBLK
  5
741
330
736
100
AcDbEntity
  8
0
100
AcDbBlockEnd
  0
BLOCK
  5
74A
330
749
100
AcDbEntity
  8
0
100
AcDbBlockBegin
  2
*D39
 70
     1
 10
0.0
 20
0.0
 30
0.0
  3
*D39
  1

  0
LINE
  5
74B
330
749
100
AcDbEntity
  8
3
 62
     1
370
    -2
100
AcDbLine
 10
26444.13429619984
 20
-11950.42905331877
 30
0.0
 11
26436.63429619984
 21
-11950.42905331877
 31
0.0
  0
LINE
  5
74C
330
749
100
AcDbEntity
  8
3
 62
     1
370
    -2
100
AcDbLine
 10
26444.13429619984
 20
-11929.42905300584
 30
0.0
 11
26436.63429619984
 21
-11929.42905300584
 31
0.0
  0
LINE
  5
74D
330
749
100
AcDbEntity
  8
3
 62
     1
370
    -2
100
AcDbLine
 10
26438.63429619984
 20
-11950.42905331877
 30
0.0
 11
26438.63429619984
 21
-11929.42905300584
 31
0.0
  0
INSERT
  5
74E
330
749
100
AcDbEntity
  8
3
 62
     1
370
    -2
100
AcDbBlockReference
  2
_Oblique
 10
26438.63429619984
 20
-11950.42905331877
 30
0.0
 50
270.0
  0
INSERT
  5
74F
330
749
100
AcDbEntity
  8
3
 62
     1
370
    -2
100
AcDbBlockReference
  2
_Oblique
 10
26438.63429619984
 20
-11929.42905300584
 30
0.0
 50
90.0
  0
MTEXT
  5
750
330
749
100
AcDbEntity
  8
3
 62
     7
100
AcDbMText
 10
26436.38429619984
 20
-11939.9290531623
 30
0.0
 40
2.5
 41
0.0
 46
0.0
 71
     5
 72
     1
  1
\A1;3X70
  7
DXT
 11
6.123031769111886E-17
 21
1.0
 31
0.0
 73
     1
 44
1.0
  0
POINT
  5
751
330
749
100
AcDbEntity
  8
Defpoints
 62
     0
100
AcDbPoint
 10
26446.13429619984
 20
-11950.42905331877
 30
0.0
  0
POINT
  5
752
330
749
100
AcDbEntity
  8
Defpoints
 62
     0
100
AcDbPoint
 10
26446.13429619984
 20
-11929.42905300584
 30
0.0
  0
POINT
  5
753
330
749
100
AcDbEntity
  8
Defpoints
 62
     0
100
AcDbPoint
 10
26438.63429619984
 20
-11929.42905300584
 30
0.0
  0
ENDBLK
  5
754
330
749
100
AcDbEntity
  8
0
100
AcDbBlockEnd
  0
BLOCK
  5
757
330
756
100
AcDbEntity
  8
0
100
AcDbBlockBegin
  2
*D40
 70
     1
 10
0.0
 20
0.0
 30
0.0
  3
*D40
  1

  0
LINE
  5
758
330
756
100
AcDbEntity
  8
0
 62
     1
370
    -2
100
AcDbLine
 10
26455.63429619984
 20
-11958.92905300585
 30
0.0
 11
26455.63429619984
 21
-11965.46714168627
 31
0.0
  0
LINE
  5
759
330
756
100
AcDbEntity
  8
0
 62
     1
370
    -2
100
AcDbLine
 10
26449.83429619983
 20
-11958.92905300585
 30
0.0
 11
26449.83429619983
 21
-11965.46714168627
 31
0.0
  0
LINE
  5
75A
330
756
100
AcDbEntity
  8
0
 62
     1
370
    -2
100
AcDbLine
 10
26455.63429619984
 20
-11963.46714168627
 30
0.0
 11
26449.83429619983
 21
-11963.46714168627
 31
0.0
  0
INSERT
  5
75B
330
756
100
AcDbEntity
  8
0
 62
     1
370
    -2
100
AcDbBlockReference
  2
_Oblique
 10
26455.63429619984
 20
-11963.46714168627
 30
0.0
  0
INSERT
  5
75C
330
756
100
AcDbEntity
  8
0
 62
     1
370
    -2
100
AcDbBlockReference
  2
_Oblique
 10
26449.83429619983
 20
-11963.46714168627
 30
0.0
 50
180.0
  0
MTEXT
  5
75D
330
756
100
AcDbEntity
  8
0
 62
     7
100
AcDbMText
 10
26452.73429619984
 20
-11961.21714168627
 30
0.0
 40
2.5
 41
0.0
 46
0.0
 71
     5
 72
     1
  1
\A1;58
  7
DXT
 73
     1
 44
1.0
  0
POINT
  5
75E
330
756
100
AcDbEntity
  8
Defpoints
 62
     0
100
AcDbPoint
 10
26455.63429619984
 20
-11956.92905300585
 30
0.0
  0
POINT
  5
75F
330
756
100
AcDbEntity
  8
Defpoints
 62
     0
100
AcDbPoint
 10
26449.83429619983
 20
-11956.92905300585
 30
0.0
  0
POINT
  5
760
330
756
100
AcDbEntity
  8
Defpoints
 62
     0
100
AcDbPoint
 10
26449.83429619983
 20
-11963.46714168627
 30
0.0
  0
ENDBLK
  5
761
330
756
100
AcDbEntity
  8
0
100
AcDbBlockEnd
  0
BLOCK
  5
765
330
764
100
AcDbEntity
  8
0
100
AcDbBlockBegin
  2
*D41
 70
     1
 10
0.0
 20
0.0
 30
0.0
  3
*D41
  1

  0
LINE
  5
766
330
764
100
AcDbEntity
  8
0
 62
     1
370
    -2
100
AcDbLine
 10
26444.63429619984
 20
-11958.92905300585
 30
0.0
 11
26444.63429619984
 21
-11965.46714168627
 31
0.0
  0
LINE
  5
767
330
764
100
AcDbEntity
  8
0
 62
     1
370
    -2
100
AcDbLine
 10
26449.83429619983
 20
-11958.92905300585
 30
0.0
 11
26449.83429619983
 21
-11965.46714168627
 31
0.0
  0
LINE
  5
768
330
764
100
AcDbEntity
  8
0
 62
     1
370
    -2
100
AcDbLine
 10
26444.63429619984
 20
-11963.46714168627
 30
0.0
 11
26449.83429619983
 21
-11963.46714168627
 31
0.0
  0
INSERT
  5
769
330
764
100
AcDbEntity
  8
0
 62
     1
370
    -2
100
AcDbBlockReference
  2
_Oblique
 10
26444.63429619984
 20
-11963.46714168627
 30
0.0
 50
180.0
  0
INSERT
  5
76A
330
764
100
AcDbEntity
  8
0
 62
     1
370
    -2
100
AcDbBlockReference
  2
_Oblique
 10
26449.83429619983
 20
-11963.46714168627
 30
0.0
  0
MTEXT
  5
76B
330
764
100
AcDbEntity
  8
0
 62
     7
100
AcDbMText
 10
26447.23429619984
 20
-11961.21714168627
 30
0.0
 40
2.5
 41
0.0
 46
0.0
 71
     5
 72
     1
  1
\A1;52
  7
DXT
 73
     1
 44
1.0
  0
POINT
  5
76C
330
764
100
AcDbEntity
  8
Defpoints
 62
     0
100
AcDbPoint
 10
26444.63429619984
 20
-11956.92905300585
 30
0.0
  0
POINT
  5
76D
330
764
100
AcDbEntity
  8
Defpoints
 62
     0
100
AcDbPoint
 10
26449.83429619983
 20
-11956.92905300585
 30
0.0
  0
POINT
  5
76E
330
764
100
AcDbEntity
  8
Defpoints
 62
     0
100
AcDbPoint
 10
26449.83429619983
 20
-11963.46714168627
 30
0.0
  0
ENDBLK
  5
76F
330
764
100
AcDbEntity
  8
0
100
AcDbBlockEnd
  0
BLOCK
  5
772
330
771
100
AcDbEntity
  8
0
100
AcDbBlockBegin
  2
*D42
 70
     1
 10
0.0
 20
0.0
 30
0.0
  3
*D42
  1

  0
LINE
  5
773
330
771
100
AcDbEntity
  8
0
 62
     1
370
    -2
100
AcDbLine
 10
26455.63429619984
 20
-11958.92905300585
 30
0.0
 11
26455.63429619984
 21
-11965.46714168627
 31
0.0
  0
LINE
  5
774
330
771
100
AcDbEntity
  8
0
 62
     1
370
    -2
100
AcDbLine
 10
26461.43429619984
 20
-11958.92905300585
 30
0.0
 11
26461.43429619984
 21
-11965.46714168627
 31
0.0
  0
LINE
  5
775
330
771
100
AcDbEntity
  8
0
 62
     1
370
    -2
100
AcDbLine
 10
26455.63429619984
 20
-11963.46714168627
 30
0.0
 11
26461.43429619984
 21
-11963.46714168627
 31
0.0
  0
INSERT
  5
776
330
771
100
AcDbEntity
  8
0
 62
     1
370
    -2
100
AcDbBlockReference
  2
_Oblique
 10
26455.63429619984
 20
-11963.46714168627
 30
0.0
 50
180.0
  0
INSERT
  5
777
330
771
100
AcDbEntity
  8
0
 62
     1
370
    -2
100
AcDbBlockReference
  2
_Oblique
 10
26461.43429619984
 20
-11963.46714168627
 30
0.0
  0
MTEXT
  5
778
330
771
100
AcDbEntity
  8
0
 62
     7
100
AcDbMText
 10
26458.53429619984
 20
-11961.21714168627
 30
0.0
 40
2.5
 41
0.0
 46
0.0
 71
     5
 72
     1
  1
\A1;58
  7
DXT
 73
     1
 44
1.0
  0
POINT
  5
779
330
771
100
AcDbEntity
  8
Defpoints
 62
     0
100
AcDbPoint
 10
26455.63429619984
 20
-11956.92905300585
 30
0.0
  0
POINT
  5
77A
330
771
100
AcDbEntity
  8
Defpoints
 62
     0
100
AcDbPoint
 10
26461.43429619984
 20
-11956.92905300585
 30
0.0
  0
POINT
  5
77B
330
771
100
AcDbEntity
  8
Defpoints
 62
     0
100
AcDbPoint
 10
26461.43429619984
 20
-11963.46714168627
 30
0.0
  0
ENDBLK
  5
77C
330
771
100
AcDbEntity
  8
0
100
AcDbBlockEnd
  0
BLOCK
  5
77F
330
77E
100
AcDbEntity
  8
0
100
AcDbBlockBegin
  2
*D43
 70
     1
 10
0.0
 20
0.0
 30
0.0
  3
*D43
  1

  0
LINE
  5
780
330
77E
100
AcDbEntity
  8
0
 62
     1
370
    -2
100
AcDbLine
 10
26466.63429619984
 20
-11958.92905300585
 30
0.0
 11
26466.63429619984
 21
-11965.46714168627
 31
0.0
  0
LINE
  5
781
330
77E
100
AcDbEntity
  8
0
 62
     1
370
    -2
100
AcDbLine
 10
26461.43429619984
 20
-11958.92905300585
 30
0.0
 11
26461.43429619984
 21
-11965.46714168627
 31
0.0
  0
LINE
  5
782
330
77E
100
AcDbEntity
  8
0
 62
     1
370
    -2
100
AcDbLine
 10
26466.63429619984
 20
-11963.46714168627
 30
0.0
 11
26461.43429619984
 21
-11963.46714168627
 31
0.0
  0
INSERT
  5
783
330
77E
100
AcDbEntity
  8
0
 62
     1
370
    -2
100
AcDbBlockReference
  2
_Oblique
 10
26466.63429619984
 20
-11963.46714168627
 30
0.0
  0
INSERT
  5
784
330
77E
100
AcDbEntity
  8
0
 62
     1
370
    -2
100
AcDbBlockReference
  2
_Oblique
 10
26461.43429619984
 20
-11963.46714168627
 30
0.0
 50
180.0
  0
MTEXT
  5
785
330
77E
100
AcDbEntity
  8
0
 62
     7
100
AcDbMText
 10
26464.03429619984
 20
-11961.21714168627
 30
0.0
 40
2.5
 41
0.0
 46
0.0
 71
     5
 72
     1
  1
\A1;52
  7
DXT
 73
     1
 44
1.0
  0
POINT
  5
786
330
77E
100
AcDbEntity
  8
Defpoints
 62
     0
100
AcDbPoint
 10
26466.63429619984
 20
-11956.92905300585
 30
0.0
  0
POINT
  5
787
330
77E
100
AcDbEntity
  8
Defpoints
 62
     0
100
AcDbPoint
 10
26461.43429619984
 20
-11956.92905300585
 30
0.0
  0
POINT
  5
788
330
77E
100
AcDbEntity
  8
Defpoints
 62
     0
100
AcDbPoint
 10
26461.43429619984
 20
-11963.46714168627
 30
0.0
  0
ENDBLK
  5
789
330
77E
100
AcDbEntity
  8
0
100
AcDbBlockEnd
  0
BLOCK
  5
7E1
330
7E0
100
AcDbEntity
  8
0
100
AcDbBlockBegin
  2
*D44
 70
     1
 10
0.0
 20
0.0
 30
0.0
  3
*D44
  1

  0
LINE
  5
7E2
330
7E0
100
AcDbEntity
  8
3
 62
     1
370
    -2
100
AcDbLine
 10
26528.49030027617
 20
-12071.12657097472
 30
0.0
 11
26534.49030027617
 21
-12071.12657097472
 31
0.0
  0
LINE
  5
7E3
330
7E0
100
AcDbEntity
  8
3
 62
     1
370
    -2
100
AcDbLine
 10
26528.49030027617
 20
-12061.12657097472
 30
0.0
 11
26534.49030027617
 21
-12061.12657097472
 31
0.0
  0
LINE
  5
7E4
330
7E0
100
AcDbEntity
  8
3
 62
     1
370
    -2
100
AcDbLine
 10
26532.49030027617
 20
-12071.12657097472
 30
0.0
 11
26532.49030027617
 21
-12061.12657097472
 31
0.0
  0
INSERT
  5
7E5
330
7E0
100
AcDbEntity
  8
3
 62
     1
370
    -2
100
AcDbBlockReference
  2
_Oblique
 10
26532.49030027617
 20
-12071.12657097472
 30
0.0
 50
270.0
  0
INSERT
  5
7E6
330
7E0
100
AcDbEntity
  8
3
 62
     1
370
    -2
100
AcDbBlockReference
  2
_Oblique
 10
26532.49030027617
 20
-12061.12657097472
 30
0.0
 50
90.0
  0
MTEXT
  5
7E7
330
7E0
100
AcDbEntity
  8
3
 62
     7
100
AcDbMText
 10
26530.24030027617
 20
-12066.12657097472
 30
0.0
 40
2.5
 41
0.0
 46
0.0
 71
     5
 72
     1
  1
\A1;50
  7
DXT
 11
6.123031769111886E-17
 21
1.0
 31
0.0
 73
     1
 44
1.0
  0
POINT
  5
7E8
330
7E0
100
AcDbEntity
  8
Defpoints
 62
     0
100
AcDbPoint
 10
26526.49030027617
 20
-12071.12657097472
 30
0.0
  0
POINT
  5
7E9
330
7E0
100
AcDbEntity
  8
Defpoints
 62
     0
100
AcDbPoint
 10
26526.49030027617
 20
-12061.12657097472
 30
0.0
  0
POINT
  5
7EA
330
7E0
100
AcDbEntity
  8
Defpoints
 62
     0
100
AcDbPoint
 10
26532.49030027617
 20
-12061.12657097472
 30
0.0
  0
ENDBLK
  5
7EB
330
7E0
100
AcDbEntity
  8
0
100
AcDbBlockEnd
  0
BLOCK
  5
7EE
330
7ED
100
AcDbEntity
  8
0
100
AcDbBlockBegin
  2
*D45
 70
     1
 10
0.0
 20
0.0
 30
0.0
  3
*D45
  1

  0
LINE
  5
7EF
330
7ED
100
AcDbEntity
  8
3
 62
     1
370
    -2
100
AcDbLine
 10
26524.49030027617
 20
-12075.12657097472
 30
0.0
 11
26524.49030027617
 21
-12081.12657097472
 31
0.0
  0
LINE
  5
7F0
330
7ED
100
AcDbEntity
  8
3
 62
     1
370
    -2
100
AcDbLine
 10
26514.49030027617
 20
-12075.12657097472
 30
0.0
 11
26514.49030027617
 21
-12081.12657097472
 31
0.0
  0
LINE
  5
7F1
330
7ED
100
AcDbEntity
  8
3
 62
     1
370
    -2
100
AcDbLine
 10
26524.49030027617
 20
-12079.12657097472
 30
0.0
 11
26514.49030027617
 21
-12079.12657097472
 31
0.0
  0
INSERT
  5
7F2
330
7ED
100
AcDbEntity
  8
3
 62
     1
370
    -2
100
AcDbBlockReference
  2
_Oblique
 10
26524.49030027617
 20
-12079.12657097472
 30
0.0
  0
INSERT
  5
7F3
330
7ED
100
AcDbEntity
  8
3
 62
     1
370
    -2
100
AcDbBlockReference
  2
_Oblique
 10
26514.49030027617
 20
-12079.12657097472
 30
0.0
 50
180.0
  0
MTEXT
  5
7F4
330
7ED
100
AcDbEntity
  8
3
 62
     7
100
AcDbMText
 10
26519.49030027617
 20
-12076.87657097472
 30
0.0
 40
2.5
 41
0.0
 46
0.0
 71
     5
 72
     1
  1
\A1;50
  7
DXT
 73
     1
 44
1.0
  0
POINT
  5
7F5
330
7ED
100
AcDbEntity
  8
Defpoints
 62
     0
100
AcDbPoint
 10
26524.49030027617
 20
-12073.12657097472
 30
0.0
  0
POINT
  5
7F6
330
7ED
100
AcDbEntity
  8
Defpoints
 62
     0
100
AcDbPoint
 10
26514.49030027617
 20
-12073.12657097472
 30
0.0
  0
POINT
  5
7F7
330
7ED
100
AcDbEntity
  8
Defpoints
 62
     0
100
AcDbPoint
 10
26514.49030027617
 20
-12079.12657097472
 30
0.0
  0
ENDBLK
  5
7F8
330
7ED
100
AcDbEntity
  8
0
100
AcDbBlockEnd
  0
BLOCK
  5
809
330
808
100
AcDbEntity
  8
0
100
AcDbBlockBegin
  2
*D46
 70
     1
 10
0.0
 20
0.0
 30
0.0
  3
*D46
  1

  0
LINE
  5
80A
330
808
100
AcDbEntity
  8
3
 62
     1
370
    -2
100
AcDbLine
 10
26504.49030027617
 20
-12075.12657097472
 30
0.0
 11
26504.49030027617
 21
-12081.12657097472
 31
0.0
  0
LINE
  5
80B
330
808
100
AcDbEntity
  8
3
 62
     1
370
    -2
100
AcDbLine
 10
26514.49030027617
 20
-12075.12657097472
 30
0.0
 11
26514.49030027617
 21
-12081.12657097472
 31
0.0
  0
LINE
  5
80C
330
808
100
AcDbEntity
  8
3
 62
     1
370
    -2
100
AcDbLine
 10
26504.49030027617
 20
-12079.12657097472
 30
0.0
 11
26514.49030027617
 21
-12079.12657097472
 31
0.0
  0
INSERT
  5
80D
330
808
100
AcDbEntity
  8
3
 62
     1
370
    -2
100
AcDbBlockReference
  2
_Oblique
 10
26504.49030027617
 20
-12079.12657097472
 30
0.0
 50
180.0
  0
INSERT
  5
80E
330
808
100
AcDbEntity
  8
3
 62
     1
370
    -2
100
AcDbBlockReference
  2
_Oblique
 10
26514.49030027617
 20
-12079.12657097472
 30
0.0
  0
MTEXT
  5
80F
330
808
100
AcDbEntity
  8
3
 62
     7
100
AcDbMText
 10
26509.49030027617
 20
-12076.87657097472
 30
0.0
 40
2.5
 41
0.0
 46
0.0
 71
     5
 72
     1
  1
\A1;50
  7
DXT
 73
     1
 44
1.0
  0
POINT
  5
810
330
808
100
AcDbEntity
  8
Defpoints
 62
     0
100
AcDbPoint
 10
26504.49030027617
 20
-12073.12657097472
 30
0.0
  0
POINT
  5
811
330
808
100
AcDbEntity
  8
Defpoints
 62
     0
100
AcDbPoint
 10
26514.49030027617
 20
-12073.12657097472
 30
0.0
  0
POINT
  5
812
330
808
100
AcDbEntity
  8
Defpoints
 62
     0
100
AcDbPoint
 10
26514.49030027617
 20
-12079.12657097472
 30
0.0
  0
ENDBLK
  5
813
330
808
100
AcDbEntity
  8
0
100
AcDbBlockEnd
  0
BLOCK
  5
816
330
815
100
AcDbEntity
  8
0
100
AcDbBlockBegin
  2
*D47
 70
     1
 10
0.0
 20
0.0
 30
0.0
  3
*D47
  1

  0
LINE
  5
817
330
815
100
AcDbEntity
  8
3
 62
     1
370
    -2
100
AcDbLine
 10
26528.49030027617
 20
-12051.12657097473
 30
0.0
 11
26534.49030027617
 21
-12051.12657097473
 31
0.0
  0
LINE
  5
818
330
815
100
AcDbEntity
  8
3
 62
     1
370
    -2
100
AcDbLine
 10
26528.49030027617
 20
-12061.12657097473
 30
0.0
 11
26534.49030027617
 21
-12061.12657097473
 31
0.0
  0
LINE
  5
819
330
815
100
AcDbEntity
  8
3
 62
     1
370
    -2
100
AcDbLine
 10
26532.49030027617
 20
-12051.12657097473
 30
0.0
 11
26532.49030027617
 21
-12061.12657097473
 31
0.0
  0
INSERT
  5
81A
330
815
100
AcDbEntity
  8
3
 62
     1
370
    -2
100
AcDbBlockReference
  2
_Oblique
 10
26532.49030027617
 20
-12051.12657097473
 30
0.0
 50
90.0
  0
INSERT
  5
81B
330
815
100
AcDbEntity
  8
3
 62
     1
370
    -2
100
AcDbBlockReference
  2
_Oblique
 10
26532.49030027617
 20
-12061.12657097473
 30
0.0
 50
270.0
  0
MTEXT
  5
81C
330
815
100
AcDbEntity
  8
3
 62
     7
100
AcDbMText
 10
26530.24030027617
 20
-12056.12657097473
 30
0.0
 40
2.5
 41
0.0
 46
0.0
 71
     5
 72
     1
  1
\A1;50
  7
DXT
 11
6.123031769111886E-17
 21
1.0
 31
0.0
 73
     1
 44
1.0
  0
POINT
  5
81D
330
815
100
AcDbEntity
  8
Defpoints
 62
     0
100
AcDbPoint
 10
26526.49030027617
 20
-12051.12657097473
 30
0.0
  0
POINT
  5
81E
330
815
100
AcDbEntity
  8
Defpoints
 62
     0
100
AcDbPoint
 10
26526.49030027617
 20
-12061.12657097473
 30
0.0
  0
POINT
  5
81F
330
815
100
AcDbEntity
  8
Defpoints
 62
     0
100
AcDbPoint
 10
26532.49030027617
 20
-12061.12657097473
 30
0.0
  0
ENDBLK
  5
820
330
815
100
AcDbEntity
  8
0
100
AcDbBlockEnd
  0
BLOCK
  5
70
330
6F
100
AcDbEntity
  8
0
100
AcDbBlockBegin
  2
*D48
 70
     1
 10
0.0
 20
0.0
 30
0.0
  3
*D48
  1

  0
LINE
  5
71
330
6F
100
AcDbEntity
  8
3
 62
     1
370
    -2
100
AcDbLine
 10
26378.52668236025
 20
-11900.08366389749
 30
0.0
 11
26386.00566122417
 21
-11899.52428328382
 31
0.0
  0
LINE
  5
72
330
6F
100
AcDbEntity
  8
3
 62
     1
370
    -2
100
AcDbLine
 10
26378.78768236025
 20
-11903.5736638975
 30
0.0
 11
26386.26669112229
 21
-11903.01428104763
 31
0.0
  0
LINE
  5
73
330
6F
100
AcDbEntity
  8
3
 62
     1
370
    -2
100
AcDbLine
 10
26384.01123196239
 20
-11899.67345405762
 30
0.0
 11
26383.93664657549
 21
-11898.67623942673
 31
0.0
  0
LINE
  5
74
330
6F
100
AcDbEntity
  8
3
 62
     1
370
    -2
100
AcDbLine
 10
26384.27226186051
 20
-11903.16345182143
 30
0.0
 11
26384.34684724741
 21
-11904.16066645232
 31
0.0
  0
LINE
  5
75
330
6F
100
AcDbEntity
  8
3
 62
     1
370
    -2
100
AcDbLine
 10
26384.01123196239
 20
-11899.67345405762
 30
0.0
 11
26384.27226186051
 21
-11903.16345182143
 31
0.0
  0
INSERT
  5
76
330
6F
100
AcDbEntity
  8
3
 62
     1
370
    -2
100
AcDbBlockReference
  2
_Oblique
 10
26384.01123196239
 20
-11899.67345405762
 30
0.0
 50
274.2774000000041
  0
INSERT
  5
77
330
6F
100
AcDbEntity
  8
3
 62
     1
370
    -2
100
AcDbBlockReference
  2
_Oblique
 10
26384.27226186051
 20
-11903.16345182143
 30
0.0
 50
94.27740000000416
  0
MTEXT
  5
78
330
6F
100
AcDbEntity
  8
3
 62
     7
100
AcDbMText
 10
26386.38547983095
 20
-11901.250635819
 30
0.0
 40
2.5
 41
0.0
 46
0.0
 71
     5
 72
     1
  1
\A1;70
  7
DXT
 11
0.07458538690116284
 21
-0.9972146308898621
 31
0.0
 73
     1
 44
1.0
  0
POINT
  5
79
330
6F
100
AcDbEntity
  8
Defpoints
 62
     0
100
AcDbPoint
 10
26376.53225309847
 20
-11900.23283467129
 30
0.0
  0
POINT
  5
7B
330
6F
100
AcDbEntity
  8
Defpoints
 62
     0
100
AcDbPoint
 10
26376.79325309847
 20
-11903.7228346713
 30
0.0
  0
POINT
  5
7C
330
6F
100
AcDbEntity
  8
Defpoints
 62
     0
100
AcDbPoint
 10
26384.27226186051
 20
-11903.16345182143
 30
0.0
  0
ENDBLK
  5
7D
330
6F
100
AcDbEntity
  8
0
100
AcDbBlockEnd
  0
BLOCK
  5
80
330
7F
100
AcDbEntity
  8
0
100
AcDbBlockBegin
  2
*D49
 70
     1
 10
0.0
 20
0.0
 30
0.0
  3
*D49
  1

  0
LINE
  5
81
330
7F
100
AcDbEntity
  8
3
 62
     1
370
    -2
100
AcDbLine
 10
26377.67574024128
 20
-11901.87369942936
 30
0.0
 11
26386.12597423043
 21
-11913.9994948416
 31
0.0
  0
LINE
  5
82
330
7F
100
AcDbEntity
  8
3
 62
     1
370
    -2
100
AcDbLine
 10
26373.98374024129
 20
-11904.44619942935
 30
0.0
 11
26382.43415431283
 21
-11916.57225325364
 31
0.0
  0
LINE
  5
83
330
7F
100
AcDbEntity
  8
3
 62
     1
370
    -2
100
AcDbLine
 10
26384.98248708762
 20
-11912.35863008354
 30
0.0
 11
26381.29066717003
 21
-11914.93138849557
 31
0.0
  0
MTEXT
  5
84
330
7F
100
AcDbEntity
  8
3
 62
     7
100
AcDbMText
 10
26384.67683535793
 20
-11915.61946603364
 30
0.0
 40
2.5
 41
0.0
 46
0.0
 71
     5
 72
     1
  1
\A1;90
  7
DXT
 11
0.8204323790301757
 21
0.5717435714014509
 31
0.0
 73
     1
 44
1.0
  0
INSERT
  5
85
330
7F
100
AcDbEntity
  8
3
 62
     1
370
    -2
100
AcDbBlockReference
  2
_Oblique
 10
26384.98248708762
 20
-11912.35863008354
 30
0.0
 50
34.87190000003529
  0
INSERT
  5
86
330
7F
100
AcDbEntity
  8
3
 62
     1
370
    -2
100
AcDbBlockReference
  2
_Oblique
 10
26381.29066717003
 20
-11914.93138849557
 30
0.0
 50
214.8719000000353
  0
POINT
  5
87
330
7F
100
AcDbEntity
  8
Defpoints
 62
     0
100
AcDbPoint
 10
26376.53225309847
 20
-11900.2328346713
 30
0.0
  0
POINT
  5
88
330
7F
100
AcDbEntity
  8
Defpoints
 62
     0
100
AcDbPoint
 10
26372.84025309849
 20
-11902.80533467129
 30
0.0
  0
POINT
  5
89
330
7F
100
AcDbEntity
  8
Defpoints
 62
     0
100
AcDbPoint
 10
26381.29066717003
 20
-11914.93138849557
 30
0.0
  0
ENDBLK
  5
8A
330
7F
100
AcDbEntity
  8
0
100
AcDbBlockEnd
  0
BLOCK
  5
8D
330
8C
100
AcDbEntity
  8
0
100
AcDbBlockBegin
  2
*D50
 70
     1
 10
0.0
 20
0.0
 30
0.0
  3
*D50
  1

  0
LINE
  5
8E
330
8C
100
AcDbEntity
  8
3
 62
     1
370
    -2
100
AcDbLine
 10
26377.72724029619
 20
-11898.62908731049
 30
0.0
 11
26383.48147296354
 21
-11890.90654813073
 31
0.0
  0
LINE
  5
8F
330
8C
100
AcDbEntity
  8
3
 62
     1
370
    -2
100
AcDbLine
 10
26373.7177402962
 20
-11895.64158731049
 30
0.0
 11
26379.47200460946
 21
-11887.91900565995
 31
0.0
  0
LINE
  5
90
330
8C
100
AcDbEntity
  8
3
 62
     1
370
    -2
100
AcDbLine
 10
26382.28648576582
 20
-11892.51029549153
 30
0.0
 11
26383.08835944622
 21
-11893.10778909039
 31
0.0
  0
LINE
  5
91
330
8C
100
AcDbEntity
  8
3
 62
     1
370
    -2
100
AcDbLine
 10
26378.27701741174
 20
-11889.52275302075
 30
0.0
 11
26377.47514373134
 21
-11888.92525942189
 31
0.0
  0
LINE
  5
92
330
8C
100
AcDbEntity
  8
3
 62
     1
370
    -2
100
AcDbLine
 10
26382.28648576582
 20
-11892.51029549153
 30
0.0
 11
26378.27701741174
 21
-11889.52275302075
 31
0.0
  0
INSERT
  5
93
330
8C
100
AcDbEntity
  8
3
 62
     1
370
    -2
100
AcDbBlockReference
  2
_Oblique
 10
26382.28648576582
 20
-11892.51029549153
 30
0.0
 50
143.3093999999312
  0
INSERT
  5
94
330
8C
100
AcDbEntity
  8
3
 62
     1
370
    -2
100
AcDbBlockReference
  2
_Oblique
 10
26378.27701741174
 20
-11889.52275302075
 30
0.0
 50
323.3093999999312
  0
MTEXT
  5
95
330
8C
100
AcDbEntity
  8
3
 62
     7
100
AcDbMText
 10
26381.62611218622
 20
-11889.21230847524
 30
0.0
 40
2.5
 41
0.0
 46
0.0
 71
     5
 72
     1
  1
\A1;100
  7
DXT
 11
0.8018736804014718
 21
-0.5974935988606057
 31
0.0
 73
     1
 44
1.0
  0
POINT
  5
96
330
8C
100
AcDbEntity
  8
Defpoints
 62
     0
100
AcDbPoint
 10
26376.53225309847
 20
-11900.23283467129
 30
0.0
  0
POINT
  5
97
330
8C
100
AcDbEntity
  8
Defpoints
 62
     0
100
AcDbPoint
 10
26372.52275309848
 20
-11897.24533467129
 30
0.0
  0
POINT
  5
98
330
8C
100
AcDbEntity
  8
Defpoints
 62
     0
100
AcDbPoint
 10
26378.27701741174
 20
-11889.52275302075
 30
0.0
  0
ENDBLK
  5
99
330
8C
100
AcDbEntity
  8
0
100
AcDbBlockEnd
  0
BLOCK
  5
9C
330
9B
100
AcDbEntity
  8
0
100
AcDbBlockBegin
  2
*D51
 70
     1
 10
0.0
 20
0.0
 30
0.0
  3
*D51
  1

  0
LINE
  5
9D
330
9B
100
AcDbEntity
  8
3
 62
     1
370
    -2
100
AcDbLine
 10
26378.52668366194
 20
-11900.08368130218
 30
0.0
 11
26386.00563621945
 21
-11899.52436828731
 31
0.0
  0
LINE
  5
9E
330
9B
100
AcDbEntity
  8
3
 62
     1
370
    -2
100
AcDbLine
 10
26378.20968366194
 20
-11895.84518130217
 30
0.0
 11
26385.68866011952
 21
-11895.28586649993
 31
0.0
  0
LINE
  5
9F
330
9B
100
AcDbEntity
  8
3
 62
     1
370
    -2
100
AcDbLine
 10
26384.01120565598
 20
-11899.67352165642
 30
0.0
 11
26384.08578234054
 21
-11900.67073693815
 31
0.0
  0
LINE
  5
A0
330
9B
100
AcDbEntity
  8
3
 62
     1
370
    -2
100
AcDbLine
 10
26383.69422955605
 20
-11895.43501986905
 30
0.0
 11
26383.6196528715
 21
-11894.43780458732
 31
0.0
  0
LINE
  5
A1
330
9B
100
AcDbEntity
  8
3
 62
     1
370
    -2
100
AcDbLine
 10
26384.01120565598
 20
-11899.67352165642
 30
0.0
 11
26383.69422955605
 21
-11895.43501986905
 31
0.0
  0
INSERT
  5
A2
330
9B
100
AcDbEntity
  8
3
 62
     1
370
    -2
100
AcDbBlockReference
  2
_Oblique
 10
26384.01120565598
 20
-11899.67352165642
 30
0.0
 50
94.27689999992103
  0
INSERT
  5
A3
330
9B
100
AcDbEntity
  8
3
 62
     1
370
    -2
100
AcDbBlockReference
  2
_Oblique
 10
26383.69422955605
 20
-11895.43501986905
 30
0.0
 50
274.276899999921
  0
MTEXT
  5
A4
330
9B
100
AcDbEntity
  8
3
 62
     7
100
AcDbMText
 10
26386.09645198992
 20
-11897.38647322248
 30
0.0
 40
2.5
 41
0.0
 46
0.0
 71
     5
 72
     1
  1
\A1;85
  7
DXT
 11
0.07457668455754703
 21
-0.9972152817322868
 31
0.0
 73
     1
 44
1.0
  0
POINT
  5
A5
330
9B
100
AcDbEntity
  8
Defpoints
 62
     0
100
AcDbPoint
 10
26376.53225309847
 20
-11900.23283467129
 30
0.0
  0
POINT
  5
A6
330
9B
100
AcDbEntity
  8
Defpoints
 62
     0
100
AcDbPoint
 10
26376.21525309847
 20
-11895.99433467129
 30
0.0
  0
POINT
  5
A7
330
9B
100
AcDbEntity
  8
Defpoints
 62
     0
100
AcDbPoint
 10
26383.69422955605
 20
-11895.43501986905
 30
0.0
  0
ENDBLK
  5
A8
330
9B
100
AcDbEntity
  8
0
100
AcDbBlockEnd
  0
BLOCK
  5
AB
330
AA
100
AcDbEntity
  8
0
100
AcDbBlockBegin
  2
*D52
 70
     1
 10
0.0
 20
0.0
 30
0.0
  3
*D52
  1

  0
LINE
  5
AC
330
AA
100
AcDbEntity
  8
3
 62
     1
370
    -2
100
AcDbLine
 10
26387.90168236025
 20
-12025.43466389748
 30
0.0
 11
26395.38062403535
 21
-12024.8752860653
 31
0.0
  0
LINE
  5
AD
330
AA
100
AcDbEntity
  8
3
 62
     1
370
    -2
100
AcDbLine
 10
26388.16268236025
 20
-12028.92466389749
 30
0.0
 11
26395.64165393346
 21
-12028.36528382912
 31
0.0
  0
LINE
  5
AE
330
AA
100
AcDbEntity
  8
3
 62
     1
370
    -2
100
AcDbLine
 10
26393.38619477357
 20
-12025.0244568391
 30
0.0
 11
26393.31160938667
 21
-12024.02724220821
 31
0.0
  0
LINE
  5
AF
330
AA
100
AcDbEntity
  8
3
 62
     1
370
    -2
100
AcDbLine
 10
26393.64722467168
 20
-12028.51445460292
 30
0.0
 11
26393.72181005858
 21
-12029.51166923381
 31
0.0
  0
LINE
  5
B0
330
AA
100
AcDbEntity
  8
3
 62
     1
370
    -2
100
AcDbLine
 10
26393.38619477357
 20
-12025.0244568391
 30
0.0
 11
26393.64722467168
 21
-12028.51445460292
 31
0.0
  0
INSERT
  5
B1
330
AA
100
AcDbEntity
  8
3
 62
     1
370
    -2
100
AcDbBlockReference
  2
_Oblique
 10
26393.38619477357
 20
-12025.0244568391
 30
0.0
 50
274.2774000000041
  0
INSERT
  5
B2
330
AA
100
AcDbEntity
  8
3
 62
     1
370
    -2
100
AcDbBlockReference
  2
_Oblique
 10
26393.64722467168
 20
-12028.51445460292
 30
0.0
 50
94.27740000000416
  0
MTEXT
  5
B3
330
AA
100
AcDbEntity
  8
3
 62
     7
100
AcDbMText
 10
26395.76044264213
 20
-12026.60163860048
 30
0.0
 40
2.5
 41
0.0
 46
0.0
 71
     5
 72
     1
  1
\A1;70
  7
DXT
 11
0.07458538690116284
 21
-0.9972146308898621
 31
0.0
 73
     1
 44
1.0
  0
POINT
  5
B4
330
AA
100
AcDbEntity
  8
Defpoints
 62
     0
100
AcDbPoint
 10
26385.90725309847
 20
-12025.58383467129
 30
0.0
  0
POINT
  5
B5
330
AA
100
AcDbEntity
  8
Defpoints
 62
     0
100
AcDbPoint
 10
26386.16825309847
 20
-12029.07383467129
 30
0.0
  0
POINT
  5
B6
330
AA
100
AcDbEntity
  8
Defpoints
 62
     0
100
AcDbPoint
 10
26393.64722467168
 20
-12028.51445460292
 30
0.0
  0
ENDBLK
  5
B7
330
AA
100
AcDbEntity
  8
0
100
AcDbBlockEnd
  0
BLOCK
  5
BA
330
B9
100
AcDbEntity
  8
0
100
AcDbBlockBegin
  2
*D53
 70
     1
 10
0.0
 20
0.0
 30
0.0
  3
*D53
  1

  0
LINE
  5
BB
330
B9
100
AcDbEntity
  8
3
 62
     1
370
    -2
100
AcDbLine
 10
26386.97464744543
 20
-12027.27518599732
 30
0.0
 11
26392.40079064248
 21
-12035.87324023814
 31
0.0
  0
LINE
  5
BC
330
B9
100
AcDbEntity
  8
3
 62
     1
370
    -2
100
AcDbLine
 10
26383.38064744545
 20
-12029.54318599731
 30
0.0
 11
26388.80685214458
 21
-12038.14133769191
 31
0.0
  0
LINE
  5
BD
330
B9
100
AcDbEntity
  8
3
 62
     1
370
    -2
100
AcDbLine
 10
26391.33339629552
 20
-12034.18188891211
 30
0.0
 11
26387.73945779761
 21
-12036.44998636589
 31
0.0
  0
MTEXT
  5
BE
330
B9
100
AcDbEntity
  8
3
 62
     7
100
AcDbMText
 10
26391.26670978279
 20
-12037.57958703021
 30
0.0
 40
2.5
 41
0.0
 46
0.0
 71
     5
 72
     1
  1
\A1;85
  7
DXT
 11
0.845675663015148
 21
0.5336971734831373
 31
0.0
 73
     1
 44
1.0
  0
INSERT
  5
BF
330
B9
100
AcDbEntity
  8
3
 62
     1
370
    -2
100
AcDbBlockReference
  2
_Oblique
 10
26391.33339629552
 20
-12034.18188891211
 30
0.0
 50
32.25560000000356
  0
INSERT
  5
C0
330
B9
100
AcDbEntity
  8
3
 62
     1
370
    -2
100
AcDbBlockReference
  2
_Oblique
 10
26387.73945779761
 20
-12036.44998636589
 30
0.0
 50
212.2556000000037
  0
POINT
  5
C1
330
B9
100
AcDbEntity
  8
Defpoints
 62
     0
100
AcDbPoint
 10
26385.90725309847
 20
-12025.58383467129
 30
0.0
  0
POINT
  5
C2
330
B9
100
AcDbEntity
  8
Defpoints
 62
     0
100
AcDbPoint
 10
26382.31325309848
 20
-12027.85183467128
 30
0.0
  0
POINT
  5
C3
330
B9
100
AcDbEntity
  8
Defpoints
 62
     0
100
AcDbPoint
 10
26387.73945779761
 20
-12036.44998636589
 30
0.0
  0
ENDBLK
  5
C4
330
B9
100
AcDbEntity
  8
0
100
AcDbBlockEnd
  0
BLOCK
  5
C7
330
C6
100
AcDbEntity
  8
0
100
AcDbBlockBegin
  2
*D54
 70
     1
 10
0.0
 20
0.0
 30
0.0
  3
*D54
  1

  0
LINE
  5
C8
330
C6
100
AcDbEntity
  8
3
 62
     1
370
    -2
100
AcDbLine
 10
26387.05075169664
 20
-12023.94297789631
 30
0.0
 11
26392.18401225565
 21
-12016.5770350089
 31
0.0
  0
LINE
  5
C9
330
C6
100
AcDbEntity
  8
3
 62
     1
370
    -2
100
AcDbLine
 10
26382.94875169664
 20
-12021.08397789632
 30
0.0
 11
26388.08184694293
 21
-12013.71827222344
 31
0.0
  0
LINE
  5
CA
330
C6
100
AcDbEntity
  8
3
 62
     1
370
    -2
100
AcDbLine
 10
26391.04051365748
 20
-12018.21789178387
 30
0.0
 11
26391.86094204497
 21
-12018.78964108296
 31
0.0
  0
LINE
  5
CB
330
C6
100
AcDbEntity
  8
3
 62
     1
370
    -2
100
AcDbLine
 10
26386.93834834476
 20
-12015.35912899842
 30
0.0
 11
26386.11791995728
 21
-12014.78737969933
 31
0.0
  0
LINE
  5
CC
330
C6
100
AcDbEntity
  8
3
 62
     1
370
    -2
100
AcDbLine
 10
26391.04051365748
 20
-12018.21789178387
 30
0.0
 11
26386.93834834476
 21
-12015.35912899842
 31
0.0
  0
INSERT
  5
CD
330
C6
100
AcDbEntity
  8
3
 62
     1
370
    -2
100
AcDbBlockReference
  2
_Oblique
 10
26391.04051365748
 20
-12018.21789178387
 30
0.0
 50
145.1276999999945
  0
INSERT
  5
CE
330
C6
100
AcDbEntity
  8
3
 62
     1
370
    -2
100
AcDbBlockReference
  2
_Oblique
 10
26386.93834834476
 20
-12015.35912899842
 30
0.0
 50
325.1276999999945
  0
MTEXT
  5
CF
330
C6
100
AcDbEntity
  8
3
 62
     7
100
AcDbMText
 10
26390.27586692407
 20
-12014.9425465193
 30
0.0
 40
2.5
 41
0.0
 46
0.0
 71
     5
 72
     1
  1
\A1;100
  7
DXT
 11
0.8204283874873616
 21
-0.5717492990856112
 31
0.0
 73
     1
 44
1.0
  0
POINT
  5
D0
330
C6
100
AcDbEntity
  8
Defpoints
 62
     0
100
AcDbPoint
 10
26385.90725309847
 20
-12025.58383467129
 30
0.0
  0
POINT
  5
D1
330
C6
100
AcDbEntity
  8
Defpoints
 62
     0
100
AcDbPoint
 10
26381.80525309847
 20
-12022.72483467129
 30
0.0
  0
POINT
  5
D2
330
C6
100
AcDbEntity
  8
Defpoints
 62
     0
100
AcDbPoint
 10
26386.93834834476
 20
-12015.35912899842
 30
0.0
  0
ENDBLK
  5
D3
330
C6
100
AcDbEntity
  8
0
100
AcDbBlockEnd
  0
BLOCK
  5
D6
330
D5
100
AcDbEntity
  8
0
100
AcDbBlockBegin
  2
*D55
 70
     1
 10
0.0
 20
0.0
 30
0.0
  3
*D55
  1

  0
LINE
  5
D7
330
D5
100
AcDbEntity
  8
3
 62
     1
370
    -2
100
AcDbLine
 10
26387.90168392225
 20
-12025.43468478311
 30
0.0
 11
26395.38063005891
 21
-12024.87538537463
 31
0.0
  0
LINE
  5
D8
330
D5
100
AcDbEntity
  8
3
 62
     1
370
    -2
100
AcDbLine
 10
26387.58468392225
 20
-12021.19668478311
 30
0.0
 11
26395.0636985402
 21
-12020.63738025338
 31
0.0
  0
LINE
  5
D9
330
D5
100
AcDbEntity
  8
3
 62
     1
370
    -2
100
AcDbLine
 10
26393.38619923513
 20
-12025.02453526281
 30
0.0
 11
26393.46077417922
 21
-12026.0217506747
 31
0.0
  0
LINE
  5
DA
330
D5
100
AcDbEntity
  8
3
 62
     1
370
    -2
100
AcDbLine
 10
26393.06926771641
 20
-12020.78653014156
 30
0.0
 11
26392.99469277232
 21
-12019.78931472967
 31
0.0
  0
LINE
  5
DB
330
D5
100
AcDbEntity
  8
3
 62
     1
370
    -2
100
AcDbLine
 10
26393.38619923513
 20
-12025.02453526281
 30
0.0
 11
26393.06926771641
 21
-12020.78653014156
 31
0.0
  0
INSERT
  5
DC
330
D5
100
AcDbEntity
  8
3
 62
     1
370
    -2
100
AcDbBlockReference
  2
_Oblique
 10
26393.38619923513
 20
-12025.02453526281
 30
0.0
 50
94.27680000002638
  0
INSERT
  5
DD
330
D5
100
AcDbEntity
  8
3
 62
     1
370
    -2
100
AcDbBlockReference
  2
_Oblique
 10
26393.06926771641
 20
-12020.78653014156
 30
0.0
 50
274.2768000000264
  0
MTEXT
  5
DE
330
D5
100
AcDbEntity
  8
3
 62
     7
100
AcDbMText
 10
26395.47146815253
 20
-12022.73773907798
 30
0.0
 40
2.5
 41
0.0
 46
0.0
 71
     5
 72
     1
  1
\A1;85
  7
DXT
 11
0.07457494409026531
 21
-0.9972154118914999
 31
0.0
 73
     1
 44
1.0
  0
POINT
  5
DF
330
D5
100
AcDbEntity
  8
Defpoints
 62
     0
100
AcDbPoint
 10
26385.90725309847
 20
-12025.58383467129
 30
0.0
  0
POINT
  5
E0
330
D5
100
AcDbEntity
  8
Defpoints
 62
     0
100
AcDbPoint
 10
26385.59025309847
 20
-12021.34583467129
 30
0.0
  0
POINT
  5
E1
330
D5
100
AcDbEntity
  8
Defpoints
 62
     0
100
AcDbPoint
 10
26393.06926771641
 20
-12020.78653014156
 30
0.0
  0
ENDBLK
  5
E2
330
D5
100
AcDbEntity
  8
0
100
AcDbBlockEnd
  0
BLOCK
  5
151
330
150
100
AcDbEntity
  8
0
100
AcDbBlockBegin
  2
*D56
 70
     1
 10
0.0
 20
0.0
 30
0.0
  3
*D56
  1

  0
LINE
  5
152
330
150
100
AcDbEntity
  8
3
 62
     1
370
    -2
100
AcDbLine
 10
26387.20968288095
 20
-11888.80667085936
 30
0.0
 11
26400.17354357086
 21
-11887.83710106308
 31
0.0
  0
LINE
  5
153
330
150
100
AcDbEntity
  8
3
 62
     1
370
    -2
100
AcDbLine
 10
26385.53918288095
 20
-11866.46917085936
 30
0.0
 11
26398.50291807264
 21
-11865.49961044912
 31
0.0
  0
LINE
  5
154
330
150
100
AcDbEntity
  8
3
 62
     1
370
    -2
100
AcDbLine
 10
26398.17911378839
 20
-11887.98626487501
 30
0.0
 11
26396.50848829017
 21
-11865.64877426106
 31
0.0
  0
INSERT
  5
155
330
150
100
AcDbEntity
  8
3
 62
     1
370
    -2
100
AcDbBlockReference
  2
_Oblique
 10
26398.17911378839
 20
-11887.98626487501
 30
0.0
 50
274.2772000000993
  0
INSERT
  5
156
330
150
100
AcDbEntity
  8
3
 62
     1
370
    -2
100
AcDbBlockReference
  2
_Oblique
 10
26396.50848829017
 20
-11865.64877426106
 30
0.0
 50
94.27720000009928
  0
MTEXT
  5
157
330
150
100
AcDbEntity
  8
3
 62
     7
100
AcDbMText
 10
26399.58753454456
 20
-11876.64971027961
 30
0.0
 40
2.5
 41
0.0
 46
0.0
 71
     5
 72
     1
  1
\A1;448
  7
DXT
 11
0.0745819059666324
 21
-0.9972148912357779
 31
0.0
 73
     1
 44
1.0
  0
POINT
  5
158
330
150
100
AcDbEntity
  8
Defpoints
 62
     0
100
AcDbPoint
 10
26385.21525309847
 20
-11888.95583467129
 30
0.0
  0
POINT
  5
159
330
150
100
AcDbEntity
  8
Defpoints
 62
     0
100
AcDbPoint
 10
26383.54475309848
 20
-11866.61833467129
 30
0.0
  0
POINT
  5
15A
330
150
100
AcDbEntity
  8
Defpoints
 62
     0
100
AcDbPoint
 10
26396.50848829017
 20
-11865.64877426106
 30
0.0
  0
ENDBLK
  5
15B
330
150
100
AcDbEntity
  8
0
100
AcDbBlockEnd
  0
BLOCK
  5
15E
330
15D
100
AcDbEntity
  8
0
100
AcDbBlockBegin
  2
*D57
 70
     1
 10
0.0
 20
0.0
 30
0.0
  3
*D57
  1

  0
LINE
  5
15F
330
15D
100
AcDbEntity
  8
3
 62
     1
370
    -2
100
AcDbLine
 10
26388.81318288094
 20
-11910.24717085935
 30
0.0
 11
26401.77708273822
 21
-11909.27759813374
 31
0.0
  0
LINE
  5
160
330
15D
100
AcDbEntity
  8
3
 62
     1
370
    -2
100
AcDbLine
 10
26387.20968288095
 20
-11888.80667085936
 30
0.0
 11
26400.17354357083
 21
-11887.83710106308
 31
0.0
  0
LINE
  5
161
330
15D
100
AcDbEntity
  8
3
 62
     1
370
    -2
100
AcDbLine
 10
26399.78265295575
 20
-11909.42676194567
 30
0.0
 11
26398.17911378836
 21
-11887.98626487502
 31
0.0
  0
INSERT
  5
162
330
15D
100
AcDbEntity
  8
3
 62
     1
370
    -2
100
AcDbBlockReference
  2
_Oblique
 10
26399.78265295575
 20
-11909.42676194567
 30
0.0
 50
274.2772000000993
  0
INSERT
  5
163
330
15D
100
AcDbEntity
  8
3
 62
     1
370
    -2
100
AcDbBlockReference
  2
_Oblique
 10
26398.17911378836
 20
-11887.98626487502
 30
0.0
 50
94.27720000009928
  0
MTEXT
  5
164
330
15D
100
AcDbEntity
  8
3
 62
     7
100
AcDbMText
 10
26401.22461687734
 20
-11898.53870412192
 30
0.0
 40
2.5
 41
0.0
 46
0.0
 71
     5
 72
     1
  1
\A1;430
  7
DXT
 11
0.0745819059666324
 21
-0.9972148912357779
 31
0.0
 73
     1
 44
1.0
  0
POINT
  5
165
330
15D
100
AcDbEntity
  8
Defpoints
 62
     0
100
AcDbPoint
 10
26386.81875309847
 20
-11910.39633467129
 30
0.0
  0
POINT
  5
166
330
15D
100
AcDbEntity
  8
Defpoints
 62
     0
100
AcDbPoint
 10
26385.21525309847
 20
-11888.95583467129
 30
0.0
  0
POINT
  5
167
330
15D
100
AcDbEntity
  8
Defpoints
 62
     0
100
AcDbPoint
 10
26398.17911378836
 20
-11887.98626487502
 30
0.0
  0
ENDBLK
  5
168
330
15D
100
AcDbEntity
  8
0
100
AcDbBlockEnd
  0
BLOCK
  5
16B
330
16A
100
AcDbEntity
  8
0
100
AcDbBlockBegin
  2
*D58
 70
     1
 10
0.0
 20
0.0
 30
0.0
  3
*D58
  1

  0
LINE
  5
16C
330
16A
100
AcDbEntity
  8
3
 62
     1
370
    -2
100
AcDbLine
 10
26390.49118288094
 20
-11932.68417085936
 30
0.0
 11
26403.45515018649
 21
-11931.71459308928
 31
0.0
  0
LINE
  5
16D
330
16A
100
AcDbEntity
  8
3
 62
     1
370
    -2
100
AcDbLine
 10
26388.81318288094
 20
-11910.24717085935
 30
0.0
 11
26401.77708273818
 21
-11909.27759813374
 31
0.0
  0
LINE
  5
16E
330
16A
100
AcDbEntity
  8
3
 62
     1
370
    -2
100
AcDbLine
 10
26401.46072040402
 20
-11931.86375690121
 30
0.0
 11
26399.78265295571
 21
-11909.42676194568
 31
0.0
  0
INSERT
  5
16F
330
16A
100
AcDbEntity
  8
3
 62
     1
370
    -2
100
AcDbBlockReference
  2
_Oblique
 10
26401.46072040402
 20
-11931.86375690121
 30
0.0
 50
274.2772000000993
  0
INSERT
  5
170
330
16A
100
AcDbEntity
  8
3
 62
     1
370
    -2
100
AcDbBlockReference
  2
_Oblique
 10
26399.78265295571
 20
-11909.42676194568
 30
0.0
 50
94.27720000009928
  0
MTEXT
  5
171
330
16A
100
AcDbEntity
  8
3
 62
     7
100
AcDbMText
 10
26402.86542018514
 20
-11920.47745013502
 30
0.0
 40
2.5
 41
0.0
 46
0.0
 71
     5
 72
     1
  1
\A1;450
  7
DXT
 11
0.0745819059666324
 21
-0.9972148912357779
 31
0.0
 73
     1
 44
1.0
  0
POINT
  5
172
330
16A
100
AcDbEntity
  8
Defpoints
 62
     0
100
AcDbPoint
 10
26388.49675309847
 20
-11932.83333467129
 30
0.0
  0
POINT
  5
173
330
16A
100
AcDbEntity
  8
Defpoints
 62
     0
100
AcDbPoint
 10
26386.81875309847
 20
-11910.39633467129
 30
0.0
  0
POINT
  5
174
330
16A
100
AcDbEntity
  8
Defpoints
 62
     0
100
AcDbPoint
 10
26399.78265295571
 20
-11909.42676194568
 30
0.0
  0
ENDBLK
  5
175
330
16A
100
AcDbEntity
  8
0
100
AcDbBlockEnd
  0
BLOCK
  5
178
330
177
100
AcDbEntity
  8
0
100
AcDbBlockBegin
  2
*D59
 70
     1
 10
0.0
 20
0.0
 30
0.0
  3
*D59
  1

  0
LINE
  5
179
330
177
100
AcDbEntity
  8
3
 62
     1
370
    -2
100
AcDbLine
 10
26392.16968288094
 20
-11955.12167085936
 30
0.0
 11
26405.13325760307
 21
-11954.15212245067
 31
0.0
  0
LINE
  5
17A
330
177
100
AcDbEntity
  8
3
 62
     1
370
    -2
100
AcDbLine
 10
26390.49118288094
 20
-11932.68417085936
 30
0.0
 11
26403.45515018644
 21
-11931.71459308928
 31
0.0
  0
LINE
  5
17B
330
177
100
AcDbEntity
  8
3
 62
     1
370
    -2
100
AcDbLine
 10
26403.1388278206
 20
-11954.30128626261
 30
0.0
 11
26401.46072040397
 21
-11931.86375690121
 31
0.0
  0
INSERT
  5
17C
330
177
100
AcDbEntity
  8
3
 62
     1
370
    -2
100
AcDbBlockReference
  2
_Oblique
 10
26403.1388278206
 20
-11954.30128626261
 30
0.0
 50
274.2772000000993
  0
INSERT
  5
17D
330
177
100
AcDbEntity
  8
3
 62
     1
370
    -2
100
AcDbBlockReference
  2
_Oblique
 10
26401.46072040397
 20
-11931.86375690121
 30
0.0
 50
94.27720000009928
  0
MTEXT
  5
17E
330
177
100
AcDbEntity
  8
3
 62
     7
100
AcDbMText
 10
26404.54350761757
 20
-11942.91471229349
 30
0.0
 40
2.5
 41
0.0
 46
0.0
 71
     5
 72
     1
  1
\A1;450
  7
DXT
 11
0.0745819059666324
 21
-0.9972148912357779
 31
0.0
 73
     1
 44
1.0
  0
POINT
  5
17F
330
177
100
AcDbEntity
  8
Defpoints
 62
     0
100
AcDbPoint
 10
26390.17525309847
 20
-11955.27083467129
 30
0.0
  0
POINT
  5
180
330
177
100
AcDbEntity
  8
Defpoints
 62
     0
100
AcDbPoint
 10
26388.49675309847
 20
-11932.83333467129
 30
0.0
  0
POINT
  5
181
330
177
100
AcDbEntity
  8
Defpoints
 62
     0
100
AcDbPoint
 10
26401.46072040397
 20
-11931.86375690121
 30
0.0
  0
ENDBLK
  5
182
330
177
100
AcDbEntity
  8
0
100
AcDbBlockEnd
  0
BLOCK
  5
185
330
184
100
AcDbEntity
  8
0
100
AcDbBlockBegin
  2
*D60
 70
     1
 10
0.0
 20
0.0
 30
0.0
  3
*D60
  1

  0
LINE
  5
186
330
184
100
AcDbEntity
  8
3
 62
     1
370
    -2
100
AcDbLine
 10
26393.84768288095
 20
-11977.55917085936
 30
0.0
 11
26406.81136223847
 21
-11976.58961462497
 31
0.0
  0
LINE
  5
187
330
184
100
AcDbEntity
  8
3
 62
     1
370
    -2
100
AcDbLine
 10
26392.16968288094
 20
-11955.12167085936
 30
0.0
 11
26405.13325760306
 21
-11954.15212245067
 31
0.0
  0
LINE
  5
188
330
184
100
AcDbEntity
  8
3
 62
     1
370
    -2
100
AcDbLine
 10
26404.81693245599
 20
-11976.7387784369
 30
0.0
 11
26403.13882782059
 21
-11954.30128626261
 31
0.0
  0
INSERT
  5
189
330
184
100
AcDbEntity
  8
3
 62
     1
370
    -2
100
AcDbBlockReference
  2
_Oblique
 10
26404.81693245599
 20
-11976.7387784369
 30
0.0
 50
274.2772000000993
  0
INSERT
  5
18A
330
184
100
AcDbEntity
  8
3
 62
     1
370
    -2
100
AcDbBlockReference
  2
_Oblique
 10
26403.13882782059
 20
-11954.30128626261
 30
0.0
 50
94.27720000009928
  0
MTEXT
  5
18B
330
184
100
AcDbEntity
  8
3
 62
     7
100
AcDbMText
 10
26406.22161364357
 20
-11965.35222306133
 30
0.0
 40
2.5
 41
0.0
 46
0.0
 71
     5
 72
     1
  1
\A1;450
  7
DXT
 11
0.0745819059666324
 21
-0.9972148912357779
 31
0.0
 73
     1
 44
1.0
  0
POINT
  5
18C
330
184
100
AcDbEntity
  8
Defpoints
 62
     0
100
AcDbPoint
 10
26391.85325309848
 20
-11977.70833467129
 30
0.0
  0
POINT
  5
18D
330
184
100
AcDbEntity
  8
Defpoints
 62
     0
100
AcDbPoint
 10
26390.17525309847
 20
-11955.27083467129
 30
0.0
  0
POINT
  5
18E
330
184
100
AcDbEntity
  8
Defpoints
 62
     0
100
AcDbPoint
 10
26403.13882782059
 20
-11954.30128626261
 30
0.0
  0
ENDBLK
  5
18F
330
184
100
AcDbEntity
  8
0
100
AcDbBlockEnd
  0
BLOCK
  5
192
330
191
100
AcDbEntity
  8
0
100
AcDbBlockBegin
  2
*D61
 70
     1
 10
0.0
 20
0.0
 30
0.0
  3
*D61
  1

  0
LINE
  5
193
330
191
100
AcDbEntity
  8
3
 62
     1
370
    -2
100
AcDbLine
 10
26395.33918288094
 20
-11997.50317085936
 30
0.0
 11
26408.30297743899
 21
-11996.5336060091
 31
0.0
  0
LINE
  5
194
330
191
100
AcDbEntity
  8
3
 62
     1
370
    -2
100
AcDbLine
 10
26393.84768288095
 20
-11977.55917085936
 30
0.0
 11
26406.81136223841
 21
-11976.58961462497
 31
0.0
  0
LINE
  5
195
330
191
100
AcDbEntity
  8
3
 62
     1
370
    -2
100
AcDbLine
 10
26406.30854765652
 20
-11996.68276982103
 30
0.0
 11
26404.81693245594
 21
-11976.73877843691
 31
0.0
  0
INSERT
  5
196
330
191
100
AcDbEntity
  8
3
 62
     1
370
    -2
100
AcDbBlockReference
  2
_Oblique
 10
26406.30854765652
 20
-11996.68276982103
 30
0.0
 50
274.2772000000993
  0
INSERT
  5
197
330
191
100
AcDbEntity
  8
3
 62
     1
370
    -2
100
AcDbBlockReference
  2
_Oblique
 10
26404.81693245594
 20
-11976.73877843691
 30
0.0
 50
94.27720000009928
  0
MTEXT
  5
198
330
191
100
AcDbEntity
  8
3
 62
     7
100
AcDbMText
 10
26407.80647356151
 20
-11986.54296484055
 30
0.0
 40
2.5
 41
0.0
 46
0.0
 71
     5
 72
     1
  1
\A1;400
  7
DXT
 11
0.0745819059666324
 21
-0.9972148912357779
 31
0.0
 73
     1
 44
1.0
  0
POINT
  5
199
330
191
100
AcDbEntity
  8
Defpoints
 62
     0
100
AcDbPoint
 10
26393.34475309847
 20
-11997.6523346713
 30
0.0
  0
POINT
  5
19A
330
191
100
AcDbEntity
  8
Defpoints
 62
     0
100
AcDbPoint
 10
26391.85325309848
 20
-11977.70833467129
 30
0.0
  0
POINT
  5
19B
330
191
100
AcDbEntity
  8
Defpoints
 62
     0
100
AcDbPoint
 10
26404.81693245594
 20
-11976.73877843691
 30
0.0
  0
ENDBLK
  5
19C
330
191
100
AcDbEntity
  8
0
100
AcDbBlockEnd
  0
BLOCK
  5
19F
330
19E
100
AcDbEntity
  8
0
100
AcDbBlockBegin
  2
*D62
 70
     1
 10
0.0
 20
0.0
 30
0.0
  3
*D62
  1

  0
LINE
  5
1A0
330
19E
100
AcDbEntity
  8
3
 62
     1
370
    -2
100
AcDbLine
 10
26396.83068288095
 20
-12017.44767085936
 30
0.0
 11
26409.79462982662
 21
-12016.478094612
 31
0.0
  0
LINE
  5
1A1
330
19E
100
AcDbEntity
  8
3
 62
     1
370
    -2
100
AcDbLine
 10
26395.33918288094
 20
-11997.50317085936
 30
0.0
 11
26408.30297743894
 21
-11996.5336060091
 31
0.0
  0
LINE
  5
1A2
330
19E
100
AcDbEntity
  8
3
 62
     1
370
    -2
100
AcDbLine
 10
26407.80020004414
 20
-12016.62725842393
 30
0.0
 11
26406.30854765647
 21
-11996.68276982104
 31
0.0
  0
INSERT
  5
1A3
330
19E
100
AcDbEntity
  8
3
 62
     1
370
    -2
100
AcDbBlockReference
  2
_Oblique
 10
26407.80020004414
 20
-12016.62725842393
 30
0.0
 50
274.2772000000993
  0
INSERT
  5
1A4
330
19E
100
AcDbEntity
  8
3
 62
     1
370
    -2
100
AcDbBlockReference
  2
_Oblique
 10
26406.30854765647
 20
-11996.68276982104
 30
0.0
 50
94.27720000009928
  0
MTEXT
  5
1A5
330
19E
100
AcDbEntity
  8
3
 62
     7
100
AcDbMText
 10
26409.29810735559
 20
-12006.48720483406
 30
0.0
 40
2.5
 41
0.0
 46
0.0
 71
     5
 72
     1
  1
\A1;400
  7
DXT
 11
0.0745819059666324
 21
-0.9972148912357779
 31
0.0
 73
     1
 44
1.0
  0
POINT
  5
1A6
330
19E
100
AcDbEntity
  8
Defpoints
 62
     0
100
AcDbPoint
 10
26394.83625309847
 20
-12017.59683467129
 30
0.0
  0
POINT
  5
1A7
330
19E
100
AcDbEntity
  8
Defpoints
 62
     0
100
AcDbPoint
 10
26393.34475309847
 20
-11997.6523346713
 30
0.0
  0
POINT
  5
1A8
330
19E
100
AcDbEntity
  8
Defpoints
 62
     0
100
AcDbPoint
 10
26406.30854765647
 20
-11996.68276982104
 30
0.0
  0
ENDBLK
  5
1A9
330
19E
100
AcDbEntity
  8
0
100
AcDbBlockEnd
  0
BLOCK
  5
1AC
330
1AB
100
AcDbEntity
  8
0
100
AcDbBlockBegin
  2
*D63
 70
     1
 10
0.0
 20
0.0
 30
0.0
  3
*D63
  1

  0
LINE
  5
1AD
330
1AB
100
AcDbEntity
  8
3
 62
     1
370
    -2
100
AcDbLine
 10
26398.50918288095
 20
-12039.88467085937
 30
0.0
 11
26411.4727000561
 21
-12038.91512675463
 31
0.0
  0
LINE
  5
1AE
330
1AB
100
AcDbEntity
  8
3
 62
     1
370
    -2
100
AcDbLine
 10
26396.83068288095
 20
-12017.44767085936
 30
0.0
 11
26409.79462982657
 21
-12016.478094612
 31
0.0
  0
LINE
  5
1AF
330
1AB
100
AcDbEntity
  8
3
 62
     1
370
    -2
100
AcDbLine
 10
26409.47827027363
 20
-12039.06429056656
 30
0.0
 11
26407.8002000441
 21
-12016.62725842393
 31
0.0
  0
INSERT
  5
1B0
330
1AB
100
AcDbEntity
  8
3
 62
     1
370
    -2
100
AcDbBlockReference
  2
_Oblique
 10
26409.47827027363
 20
-12039.06429056656
 30
0.0
 50
274.2772000000993
  0
INSERT
  5
1B1
330
1AB
100
AcDbEntity
  8
3
 62
     1
370
    -2
100
AcDbBlockReference
  2
_Oblique
 10
26407.8002000441
 20
-12016.62725842393
 30
0.0
 50
94.27720000009928
  0
MTEXT
  5
1B2
330
1AB
100
AcDbEntity
  8
3
 62
     7
100
AcDbMText
 10
26410.88296866414
 20
-12027.67796520683
 30
0.0
 40
2.5
 41
0.0
 46
0.0
 71
     5
 72
     1
  1
\A1;450
  7
DXT
 11
0.0745819059666324
 21
-0.9972148912357779
 31
0.0
 73
     1
 44
1.0
  0
POINT
  5
1B3
330
1AB
100
AcDbEntity
  8
Defpoints
 62
     0
100
AcDbPoint
 10
26396.51475309848
 20
-12040.0338346713
 30
0.0
  0
POINT
  5
1B4
330
1AB
100
AcDbEntity
  8
Defpoints
 62
     0
100
AcDbPoint
 10
26394.83625309847
 20
-12017.59683467129
 30
0.0
  0
POINT
  5
1B5
330
1AB
100
AcDbEntity
  8
Defpoints
 62
     0
100
AcDbPoint
 10
26407.8002000441
 20
-12016.62725842393
 30
0.0
  0
ENDBLK
  5
1B6
330
1AB
100
AcDbEntity
  8
0
100
AcDbBlockEnd
  0
BLOCK
  5
1B9
330
1B8
100
AcDbEntity
  8
0
100
AcDbBlockBegin
  2
*D64
 70
     1
 10
0.0
 20
0.0
 30
0.0
  3
*D64
  1

  0
LINE
  5
1BA
330
1B8
100
AcDbEntity
  8
3
 62
     1
370
    -2
100
AcDbLine
 10
26400.00068288094
 20
-12059.82917085936
 30
0.0
 11
26412.96435244375
 21
-12058.85961535752
 31
0.0
  0
LINE
  5
1BB
330
1B8
100
AcDbEntity
  8
3
 62
     1
370
    -2
100
AcDbLine
 10
26398.50918288095
 20
-12039.88467085937
 30
0.0
 11
26411.47270005608
 21
-12038.91512675463
 31
0.0
  0
LINE
  5
1BC
330
1B8
100
AcDbEntity
  8
3
 62
     1
370
    -2
100
AcDbLine
 10
26410.96992266128
 20
-12059.00877916945
 30
0.0
 11
26409.47827027361
 21
-12039.06429056656
 31
0.0
  0
INSERT
  5
1BD
330
1B8
100
AcDbEntity
  8
3
 62
     1
370
    -2
100
AcDbBlockReference
  2
_Oblique
 10
26410.96992266128
 20
-12059.00877916945
 30
0.0
 50
274.2772000000993
  0
INSERT
  5
1BE
330
1B8
100
AcDbEntity
  8
3
 62
     1
370
    -2
100
AcDbBlockReference
  2
_Oblique
 10
26409.47827027361
 20
-12039.06429056656
 30
0.0
 50
94.27720000009928
  0
MTEXT
  5
1BF
330
1B8
100
AcDbEntity
  8
3
 62
     7
100
AcDbMText
 10
26412.46782997272
 20
-12048.86872557959
 30
0.0
 40
2.5
 41
0.0
 46
0.0
 71
     5
 72
     1
  1
\A1;400
  7
DXT
 11
0.0745819059666324
 21
-0.9972148912357779
 31
0.0
 73
     1
 44
1.0
  0
POINT
  5
1C0
330
1B8
100
AcDbEntity
  8
Defpoints
 62
     0
100
AcDbPoint
 10
26398.00625309847
 20
-12059.9783346713
 30
0.0
  0
POINT
  5
1C1
330
1B8
100
AcDbEntity
  8
Defpoints
 62
     0
100
AcDbPoint
 10
26396.51475309848
 20
-12040.0338346713
 30
0.0
  0
POINT
  5
1C2
330
1B8
100
AcDbEntity
  8
Defpoints
 62
     0
100
AcDbPoint
 10
26409.47827027361
 20
-12039.06429056656
 30
0.0
  0
ENDBLK
  5
1C3
330
1B8
100
AcDbEntity
  8
0
100
AcDbBlockEnd
  0
BLOCK
  5
1C6
330
1C5
100
AcDbEntity
  8
0
100
AcDbBlockBegin
  2
*D65
 70
     1
 10
0.0
 20
0.0
 30
0.0
  3
*D65
  1

  0
LINE
  5
1C7
330
1C5
100
AcDbEntity
  8
3
 62
     1
370
    -2
100
AcDbLine
 10
26401.49218288093
 20
-12079.77367085936
 30
0.0
 11
26414.4560048314
 21
-12078.80410396042
 31
0.0
  0
LINE
  5
1C8
330
1C5
100
AcDbEntity
  8
3
 62
     1
370
    -2
100
AcDbLine
 10
26400.00068288094
 20
-12059.82917085936
 30
0.0
 11
26412.96435244372
 21
-12058.85961535752
 31
0.0
  0
LINE
  5
1C9
330
1C5
100
AcDbEntity
  8
3
 62
     1
370
    -2
100
AcDbLine
 10
26412.46157504892
 20
-12078.95326777235
 30
0.0
 11
26410.96992266125
 21
-12059.00877916946
 31
0.0
  0
INSERT
  5
1CA
330
1C5
100
AcDbEntity
  8
3
 62
     1
370
    -2
100
AcDbBlockReference
  2
_Oblique
 10
26412.46157504892
 20
-12078.95326777235
 30
0.0
 50
274.2772000000993
  0
INSERT
  5
1CB
330
1C5
100
AcDbEntity
  8
3
 62
     1
370
    -2
100
AcDbBlockReference
  2
_Oblique
 10
26410.96992266125
 20
-12059.00877916946
 30
0.0
 50
94.27720000009928
  0
MTEXT
  5
1CC
330
1C5
100
AcDbEntity
  8
3
 62
     7
100
AcDbMText
 10
26413.95948236037
 20
-12068.81321418248
 30
0.0
 40
2.5
 41
0.0
 46
0.0
 71
     5
 72
     1
  1
\A1;400
  7
DXT
 11
0.0745819059666324
 21
-0.9972148912357779
 31
0.0
 73
     1
 44
1.0
  0
POINT
  5
1CD
330
1C5
100
AcDbEntity
  8
Defpoints
 62
     0
100
AcDbPoint
 10
26399.49775309846
 20
-12079.92283467129
 30
0.0
  0
POINT
  5
1CE
330
1C5
100
AcDbEntity
  8
Defpoints
 62
     0
100
AcDbPoint
 10
26398.00625309847
 20
-12059.9783346713
 30
0.0
  0
POINT
  5
1CF
330
1C5
100
AcDbEntity
  8
Defpoints
 62
     0
100
AcDbPoint
 10
26410.96992266125
 20
-12059.00877916946
 30
0.0
  0
ENDBLK
  5
1D0
330
1C5
100
AcDbEntity
  8
0
100
AcDbBlockEnd
  0
BLOCK
  5
1D3
330
1D2
100
AcDbEntity
  8
0
100
AcDbBlockBegin
  2
*D66
 70
     1
 10
0.0
 20
0.0
 30
0.0
  3
*D66
  1

  0
LINE
  5
1D4
330
1D2
100
AcDbEntity
  8
3
 62
     1
370
    -2
100
AcDbLine
 10
26402.98368288095
 20
-12099.71767085935
 30
0.0
 11
26415.9476200319
 21
-12098.74809534454
 31
0.0
  0
LINE
  5
1D5
330
1D2
100
AcDbEntity
  8
3
 62
     1
370
    -2
100
AcDbLine
 10
26401.49218288093
 20
-12079.77367085936
 30
0.0
 11
26414.45600483133
 21
-12078.80410396042
 31
0.0
  0
LINE
  5
1D6
330
1D2
100
AcDbEntity
  8
3
 62
     1
370
    -2
100
AcDbLine
 10
26413.95319024943
 20
-12098.89725915647
 30
0.0
 11
26412.46157504885
 21
-12078.95326777235
 31
0.0
  0
INSERT
  5
1D7
330
1D2
100
AcDbEntity
  8
3
 62
     1
370
    -2
100
AcDbBlockReference
  2
_Oblique
 10
26413.95319024943
 20
-12098.89725915647
 30
0.0
 50
274.2772000000993
  0
INSERT
  5
1D8
330
1D2
100
AcDbEntity
  8
3
 62
     1
370
    -2
100
AcDbBlockReference
  2
_Oblique
 10
26412.46157504885
 20
-12078.95326777235
 30
0.0
 50
94.27720000009928
  0
MTEXT
  5
1D9
330
1D2
100
AcDbEntity
  8
3
 62
     7
100
AcDbMText
 10
26415.45111615442
 20
-12088.75745417599
 30
0.0
 40
2.5
 41
0.0
 46
0.0
 71
     5
 72
     1
  1
\A1;400
  7
DXT
 11
0.0745819059666324
 21
-0.9972148912357779
 31
0.0
 73
     1
 44
1.0
  0
POINT
  5
1DA
330
1D2
100
AcDbEntity
  8
Defpoints
 62
     0
100
AcDbPoint
 10
26400.98925309848
 20
-12099.86683467128
 30
0.0
  0
POINT
  5
1DB
330
1D2
100
AcDbEntity
  8
Defpoints
 62
     0
100
AcDbPoint
 10
26399.49775309846
 20
-12079.92283467129
 30
0.0
  0
POINT
  5
1DC
330
1D2
100
AcDbEntity
  8
Defpoints
 62
     0
100
AcDbPoint
 10
26412.46157504885
 20
-12078.95326777235
 30
0.0
  0
ENDBLK
  5
1DD
330
1D2
100
AcDbEntity
  8
0
100
AcDbBlockEnd
  0
BLOCK
  5
1E0
330
1DF
100
AcDbEntity
  8
0
100
AcDbBlockBegin
  2
*D67
 70
     1
 10
0.0
 20
0.0
 30
0.0
  3
*D67
  1

  0
LINE
  5
1E1
330
1DF
100
AcDbEntity
  8
3
 62
     1
370
    -2
100
AcDbLine
 10
26404.47568288095
 20
-12119.66217085936
 30
0.0
 11
26417.43927520079
 21
-12118.69262113454
 31
0.0
  0
LINE
  5
1E2
330
1DF
100
AcDbEntity
  8
3
 62
     1
370
    -2
100
AcDbLine
 10
26402.98368288095
 20
-12099.71767085935
 30
0.0
 11
26415.94762003188
 21
-12098.74809534454
 31
0.0
  0
LINE
  5
1E3
330
1DF
100
AcDbEntity
  8
3
 62
     1
370
    -2
100
AcDbLine
 10
26415.44484541832
 20
-12118.84178494647
 30
0.0
 11
26413.95319024942
 21
-12098.89725915647
 31
0.0
  0
INSERT
  5
1E4
330
1DF
100
AcDbEntity
  8
3
 62
     1
370
    -2
100
AcDbBlockReference
  2
_Oblique
 10
26415.44484541832
 20
-12118.84178494647
 30
0.0
 50
274.2772000000993
  0
INSERT
  5
1E5
330
1DF
100
AcDbEntity
  8
3
 62
     1
370
    -2
100
AcDbBlockReference
  2
_Oblique
 10
26413.95319024942
 20
-12098.89725915647
 30
0.0
 50
94.27720000009928
  0
MTEXT
  5
1E6
330
1DF
100
AcDbEntity
  8
3
 62
     7
100
AcDbMText
 10
26416.94275133914
 20
-12108.70171276305
 30
0.0
 40
2.5
 41
0.0
 46
0.0
 71
     5
 72
     1
  1
\A1;400
  7
DXT
 11
0.0745819059666324
 21
-0.9972148912357779
 31
0.0
 73
     1
 44
1.0
  0
POINT
  5
1E7
330
1DF
100
AcDbEntity
  8
Defpoints
 62
     0
100
AcDbPoint
 10
26402.48125309848
 20
-12119.81133467129
 30
0.0
  0
POINT
  5
1E8
330
1DF
100
AcDbEntity
  8
Defpoints
 62
     0
100
AcDbPoint
 10
26400.98925309848
 20
-12099.86683467128
 30
0.0
  0
POINT
  5
1E9
330
1DF
100
AcDbEntity
  8
Defpoints
 62
     0
100
AcDbPoint
 10
26413.95319024942
 20
-12098.89725915647
 30
0.0
  0
ENDBLK
  5
1EA
330
1DF
100
AcDbEntity
  8
0
100
AcDbBlockEnd
  0
BLOCK
  5
1ED
330
1EC
100
AcDbEntity
  8
0
100
AcDbBlockBegin
  2
*D68
 70
     1
 10
0.0
 20
0.0
 30
0.0
  3
*D68
  1

  0
LINE
  5
1EE
330
1EC
100
AcDbEntity
  8
3
 62
     1
370
    -2
100
AcDbLine
 10
26401.85668288096
 20
-12124.87167085936
 30
0.0
 11
26417.81215944463
 21
-12123.67835749914
 31
0.0
  0
LINE
  5
1EF
330
1EC
100
AcDbEntity
  8
3
 62
     1
370
    -2
100
AcDbLine
 10
26404.47568288095
 20
-12119.66217085936
 30
0.0
 11
26417.43927520074
 21
-12118.69262113454
 31
0.0
  0
LINE
  5
1F0
330
1EC
100
AcDbEntity
  8
3
 62
     1
370
    -2
100
AcDbLine
 10
26415.81772966216
 20
-12123.82752131107
 30
0.0
 11
26415.89231156812
 21
-12124.8247362023
 31
0.0
  0
LINE
  5
1F1
330
1EC
100
AcDbEntity
  8
3
 62
     1
370
    -2
100
AcDbLine
 10
26415.44484541826
 20
-12118.84178494647
 30
0.0
 11
26415.3702635123
 21
-12117.84457005524
 31
0.0
  0
LINE
  5
1F2
330
1EC
100
AcDbEntity
  8
3
 62
     1
370
    -2
100
AcDbLine
 10
26415.81772966216
 20
-12123.82752131107
 30
0.0
 11
26415.44484541826
 21
-12118.84178494647
 31
0.0
  0
INSERT
  5
1F3
330
1EC
100
AcDbEntity
  8
3
 62
     1
370
    -2
100
AcDbBlockReference
  2
_Oblique
 10
26415.81772966216
 20
-12123.82752131107
 30
0.0
 50
94.27720000009928
  0
INSERT
  5
1F4
330
1EC
100
AcDbEntity
  8
3
 62
     1
370
    -2
100
AcDbBlockReference
  2
_Oblique
 10
26415.44484541826
 20
-12118.84178494647
 30
0.0
 50
274.2772000000993
  0
MTEXT
  5
1F5
330
1EC
100
AcDbEntity
  8
3
 62
     7
100
AcDbMText
 10
26417.87502104549
 20
-12121.16684384035
 30
0.0
 40
2.5
 41
0.0
 46
0.0
 71
     5
 72
     1
  1
\A1;100
  7
DXT
 11
0.0745819059666324
 21
-0.9972148912357779
 31
0.0
 73
     1
 44
1.0
  0
POINT
  5
1F6
330
1EC
100
AcDbEntity
  8
Defpoints
 62
     0
100
AcDbPoint
 10
26399.86225309849
 20
-12125.02083467129
 30
0.0
  0
POINT
  5
1F7
330
1EC
100
AcDbEntity
  8
Defpoints
 62
     0
100
AcDbPoint
 10
26402.48125309848
 20
-12119.81133467129
 30
0.0
  0
POINT
  5
1F8
330
1EC
100
AcDbEntity
  8
Defpoints
 62
     0
100
AcDbPoint
 10
26415.44484541826
 20
-12118.84178494647
 30
0.0
  0
ENDBLK
  5
1F9
330
1EC
100
AcDbEntity
  8
0
100
AcDbBlockEnd
  0
BLOCK
  5
87A
330
879
100
AcDbEntity
  8
0
100
AcDbBlockBegin
  2
*D69
 70
     1
 10
0.0
 20
0.0
 30
0.0
  3
*D69
  1

  0
LINE
  5
87B
330
879
100
AcDbEntity
  8
3
 62
     1
370
    -2
100
AcDbLine
 10
26466.23851596371
 20
-12071.12657097472
 30
0.0
 11
26472.23851596371
 21
-12071.12657097472
 31
0.0
  0
LINE
  5
87C
330
879
100
AcDbEntity
  8
3
 62
     1
370
    -2
100
AcDbLine
 10
26466.23851596371
 20
-12061.12657097472
 30
0.0
 11
26472.23851596371
 21
-12061.12657097472
 31
0.0
  0
LINE
  5
87D
330
879
100
AcDbEntity
  8
3
 62
     1
370
    -2
100
AcDbLine
 10
26470.23851596371
 20
-12071.12657097472
 30
0.0
 11
26470.23851596371
 21
-12061.12657097472
 31
0.0
  0
INSERT
  5
87E
330
879
100
AcDbEntity
  8
3
 62
     1
370
    -2
100
AcDbBlockReference
  2
_Oblique
 10
26470.23851596371
 20
-12071.12657097472
 30
0.0
 50
270.0
  0
INSERT
  5
87F
330
879
100
AcDbEntity
  8
3
 62
     1
370
    -2
100
AcDbBlockReference
  2
_Oblique
 10
26470.23851596371
 20
-12061.12657097472
 30
0.0
 50
90.0
  0
MTEXT
  5
880
330
879
100
AcDbEntity
  8
3
 62
     7
100
AcDbMText
 10
26467.98851596371
 20
-12066.12657097472
 30
0.0
 40
2.5
 41
0.0
 46
0.0
 71
     5
 72
     1
  1
\A1;50
  7
DXT
 11
6.123031769111886E-17
 21
1.0
 31
0.0
 73
     1
 44
1.0
  0
POINT
  5
881
330
879
100
AcDbEntity
  8
Defpoints
 62
     0
100
AcDbPoint
 10
26464.23851596371
 20
-12071.12657097472
 30
0.0
  0
POINT
  5
882
330
879
100
AcDbEntity
  8
Defpoints
 62
     0
100
AcDbPoint
 10
26464.23851596371
 20
-12061.12657097472
 30
0.0
  0
POINT
  5
883
330
879
100
AcDbEntity
  8
Defpoints
 62
     0
100
AcDbPoint
 10
26470.23851596371
 20
-12061.12657097472
 30
0.0
  0
ENDBLK
  5
884
330
879
100
AcDbEntity
  8
0
100
AcDbBlockEnd
  0
BLOCK
  5
887
330
886
100
AcDbEntity
  8
0
100
AcDbBlockBegin
  2
*D70
 70
     1
 10
0.0
 20
0.0
 30
0.0
  3
*D70
  1

  0
LINE
  5
888
330
886
100
AcDbEntity
  8
3
 62
     1
370
    -2
100
AcDbLine
 10
26462.23851596371
 20
-12075.12657097472
 30
0.0
 11
26462.23851596371
 21
-12081.12657097472
 31
0.0
  0
LINE
  5
889
330
886
100
AcDbEntity
  8
3
 62
     1
370
    -2
100
AcDbLine
 10
26452.23851596371
 20
-12075.12657097472
 30
0.0
 11
26452.23851596371
 21
-12081.12657097472
 31
0.0
  0
LINE
  5
88A
330
886
100
AcDbEntity
  8
3
 62
     1
370
    -2
100
AcDbLine
 10
26462.23851596371
 20
-12079.12657097472
 30
0.0
 11
26452.23851596371
 21
-12079.12657097472
 31
0.0
  0
INSERT
  5
88B
330
886
100
AcDbEntity
  8
3
 62
     1
370
    -2
100
AcDbBlockReference
  2
_Oblique
 10
26462.23851596371
 20
-12079.12657097472
 30
0.0
  0
INSERT
  5
88C
330
886
100
AcDbEntity
  8
3
 62
     1
370
    -2
100
AcDbBlockReference
  2
_Oblique
 10
26452.23851596371
 20
-12079.12657097472
 30
0.0
 50
180.0
  0
MTEXT
  5
88D
330
886
100
AcDbEntity
  8
3
 62
     7
100
AcDbMText
 10
26457.23851596371
 20
-12076.87657097472
 30
0.0
 40
2.5
 41
0.0
 46
0.0
 71
     5
 72
     1
  1
\A1;50
  7
DXT
 73
     1
 44
1.0
  0
POINT
  5
88E
330
886
100
AcDbEntity
  8
Defpoints
 62
     0
100
AcDbPoint
 10
26462.23851596371
 20
-12073.12657097472
 30
0.0
  0
POINT
  5
88F
330
886
100
AcDbEntity
  8
Defpoints
 62
     0
100
AcDbPoint
 10
26452.23851596371
 20
-12073.12657097472
 30
0.0
  0
POINT
  5
890
330
886
100
AcDbEntity
  8
Defpoints
 62
     0
100
AcDbPoint
 10
26452.23851596371
 20
-12079.12657097472
 30
0.0
  0
ENDBLK
  5
891
330
886
100
AcDbEntity
  8
0
100
AcDbBlockEnd
  0
BLOCK
  5
8A2
330
8A1
100
AcDbEntity
  8
0
100
AcDbBlockBegin
  2
*D71
 70
     1
 10
0.0
 20
0.0
 30
0.0
  3
*D71
  1

  0
LINE
  5
8A3
330
8A1
100
AcDbEntity
  8
3
 62
     1
370
    -2
100
AcDbLine
 10
26442.23851596371
 20
-12075.12657097472
 30
0.0
 11
26442.23851596371
 21
-12081.12657097472
 31
0.0
  0
LINE
  5
8A4
330
8A1
100
AcDbEntity
  8
3
 62
     1
370
    -2
100
AcDbLine
 10
26452.23851596371
 20
-12075.12657097472
 30
0.0
 11
26452.23851596371
 21
-12081.12657097472
 31
0.0
  0
LINE
  5
8A5
330
8A1
100
AcDbEntity
  8
3
 62
     1
370
    -2
100
AcDbLine
 10
26442.23851596371
 20
-12079.12657097472
 30
0.0
 11
26452.23851596371
 21
-12079.12657097472
 31
0.0
  0
INSERT
  5
8A6
330
8A1
100
AcDbEntity
  8
3
 62
     1
370
    -2
100
AcDbBlockReference
  2
_Oblique
 10
26442.23851596371
 20
-12079.12657097472
 30
0.0
 50
180.0
  0
INSERT
  5
8A7
330
8A1
100
AcDbEntity
  8
3
 62
     1
370
    -2
100
AcDbBlockReference
  2
_Oblique
 10
26452.23851596371
 20
-12079.12657097472
 30
0.0
  0
MTEXT
  5
8A8
330
8A1
100
AcDbEntity
  8
3
 62
     7
100
AcDbMText
 10
26447.23851596371
 20
-12076.87657097472
 30
0.0
 40
2.5
 41
0.0
 46
0.0
 71
     5
 72
     1
  1
\A1;50
  7
DXT
 73
     1
 44
1.0
  0
POINT
  5
8A9
330
8A1
100
AcDbEntity
  8
Defpoints
 62
     0
100
AcDbPoint
 10
26442.23851596371
 20
-12073.12657097472
 30
0.0
  0
POINT
  5
8AA
330
8A1
100
AcDbEntity
  8
Defpoints
 62
     0
100
AcDbPoint
 10
26452.23851596371
 20
-12073.12657097472
 30
0.0
  0
POINT
  5
8AB
330
8A1
100
AcDbEntity
  8
Defpoints
 62
     0
100
AcDbPoint
 10
26452.23851596371
 20
-12079.12657097472
 30
0.0
  0
ENDBLK
  5
8AC
330
8A1
100
AcDbEntity
  8
0
100
AcDbBlockEnd
  0
BLOCK
  5
8AF
330
8AE
100
AcDbEntity
  8
0
100
AcDbBlockBegin
  2
*D72
 70
     1
 10
0.0
 20
0.0
 30
0.0
  3
*D72
  1

  0
LINE
  5
8B0
330
8AE
100
AcDbEntity
  8
3
 62
     1
370
    -2
100
AcDbLine
 10
26466.23851596371
 20
-12051.12657097473
 30
0.0
 11
26472.23851596371
 21
-12051.12657097473
 31
0.0
  0
LINE
  5
8B1
330
8AE
100
AcDbEntity
  8
3
 62
     1
370
    -2
100
AcDbLine
 10
26466.23851596371
 20
-12061.12657097473
 30
0.0
 11
26472.23851596371
 21
-12061.12657097473
 31
0.0
  0
LINE
  5
8B2
330
8AE
100
AcDbEntity
  8
3
 62
     1
370
    -2
100
AcDbLine
 10
26470.23851596371
 20
-12051.12657097473
 30
0.0
 11
26470.23851596371
 21
-12061.12657097473
 31
0.0
  0
INSERT
  5
8B3
330
8AE
100
AcDbEntity
  8
3
 62
     1
370
    -2
100
AcDbBlockReference
  2
_Oblique
 10
26470.23851596371
 20
-12051.12657097473
 30
0.0
 50
90.0
  0
INSERT
  5
8B4
330
8AE
100
AcDbEntity
  8
3
 62
     1
370
    -2
100
AcDbBlockReference
  2
_Oblique
 10
26470.23851596371
 20
-12061.12657097473
 30
0.0
 50
270.0
  0
MTEXT
  5
8B5
330
8AE
100
AcDbEntity
  8
3
 62
     7
100
AcDbMText
 10
26467.98851596371
 20
-12056.12657097473
 30
0.0
 40
2.5
 41
0.0
 46
0.0
 71
     5
 72
     1
  1
\A1;50
  7
DXT
 11
6.123031769111886E-17
 21
1.0
 31
0.0
 73
     1
 44
1.0
  0
POINT
  5
8B6
330
8AE
100
AcDbEntity
  8
Defpoints
 62
     0
100
AcDbPoint
 10
26464.23851596371
 20
-12051.12657097473
 30
0.0
  0
POINT
  5
8B7
330
8AE
100
AcDbEntity
  8
Defpoints
 62
     0
100
AcDbPoint
 10
26464.23851596371
 20
-12061.12657097473
 30
0.0
  0
POINT
  5
8B8
330
8AE
100
AcDbEntity
  8
Defpoints
 62
     0
100
AcDbPoint
 10
26470.23851596371
 20
-12061.12657097473
 30
0.0
  0
ENDBLK
  5
8B9
330
8AE
100
AcDbEntity
  8
0
100
AcDbBlockEnd
  0
BLOCK
  5
9D3
330
9D2
100
AcDbEntity
  8
0
100
AcDbBlockBegin
  2
*D73
 70
     1
 10
0.0
 20
0.0
 30
0.0
  3
*D73
  1

  0
LINE
  5
9D4
330
9D2
100
AcDbEntity
  8
0
 62
     1
370
    -2
100
AcDbLine
 10
26190.65464732997
 20
-12146.44158720159
 30
0.0
 11
26188.12374023832
 21
-12142.4311985853
 31
0.0
  0
LINE
  5
9D5
330
9D2
100
AcDbEntity
  8
0
 62
     1
370
    -2
100
AcDbLine
 10
26186.21486108275
 20
-12149.24348187405
 30
0.0
 11
26183.6839539911
 21
-12145.23309325777
 31
0.0
  0
LINE
  5
9D6
330
9D2
100
AcDbEntity
  8
0
 62
     1
370
    -2
100
AcDbLine
 10
26189.19113225406
 20
-12144.12255138255
 30
0.0
 11
26190.03680865268
 21
-12143.58885537468
 31
0.0
  0
LINE
  5
9D7
330
9D2
100
AcDbEntity
  8
0
 62
     1
370
    -2
100
AcDbLine
 10
26184.75134600684
 20
-12146.92444605501
 30
0.0
 11
26183.90566960821
 21
-12147.45814206288
 31
0.0
  0
LINE
  5
9D8
330
9D2
100
AcDbEntity
  8
0
 62
     1
370
    -2
100
AcDbLine
 10
26189.19113225406
 20
-12144.12255138255
 30
0.0
 11
26184.75134600684
 21
-12146.92444605501
 31
0.0
  0
INSERT
  5
9D9
330
9D2
100
AcDbEntity
  8
0
 62
     1
370
    -2
100
AcDbBlockReference
  2
_Oblique
 10
26189.19113225406
 20
-12144.12255138255
 30
0.0
 50
212.2555210278573
  0
INSERT
  5
9DA
330
9D2
100
AcDbEntity
  8
0
 62
     1
370
    -2
100
AcDbBlockReference
  2
_Oblique
 10
26184.75134600684
 20
-12146.92444605501
 30
0.0
 50
32.25552102785725
  0
MTEXT
  5
9DB
330
9D2
100
AcDbEntity
  8
0
 62
     7
100
AcDbMText
 10
26185.77042311275
 20
-12143.62072682188
 30
0.0
 40
2.5
 41
0.0
 46
0.0
 71
     5
 72
     1
  1
\A1;105
  7
DXT
 11
0.8456763986219523
 21
0.533696007867592
 31
0.0
 73
     1
 44
1.0
  0
POINT
  5
9DC
330
9D2
100
AcDbEntity
  8
Defpoints
 62
     0
100
AcDbPoint
 10
26191.7220393457
 20
-12148.13293999883
 30
0.0
  0
POINT
  5
9DD
330
9D2
100
AcDbEntity
  8
Defpoints
 62
     0
100
AcDbPoint
 10
26187.28225309848
 20
-12150.93483467129
 30
0.0
  0
POINT
  5
9DE
330
9D2
100
AcDbEntity
  8
Defpoints
 62
     0
100
AcDbPoint
 10
26184.75134600684
 20
-12146.92444605501
 30
0.0
  0
ENDBLK
  5
9DF
330
9D2
100
AcDbEntity
  8
0
100
AcDbBlockEnd
  0
BLOCK
  5
54E
330
54D
100
AcDbEntity
  8
0
100
AcDbBlockBegin
  2
*D74
 70
     1
 10
0.0
 20
0.0
 30
0.0
  3
*D74
  1

  0
LINE
  5
54F
330
54D
100
AcDbEntity
  8
0
 62
     1
370
    -2
100
AcDbLine
 10
26311.60286004537
 20
-11945.48071082696
 30
0.0
 11
26311.94540978013
 21
-11945.241995595
 31
0.0
  0
LINE
  5
550
330
54D
100
AcDbEntity
  8
0
 62
     1
370
    -2
100
AcDbLine
 10
26310.68807511595
 20
-11944.16801983377
 30
0.0
 11
26311.03062485071
 21
-11943.92930460182
 31
0.0
  0
LINE
  5
551
330
54D
100
AcDbEntity
  8
0
 62
     1
370
    -2
100
AcDbLine
 10
26310.30454254881
 20
-11946.38547918876
 30
0.0
 11
26310.87628434569
 21
-11947.20591280442
 31
0.0
  0
LINE
  5
552
330
54D
100
AcDbEntity
  8
0
 62
     1
370
    -2
100
AcDbLine
 10
26309.38975761939
 20
-11945.07278819557
 30
0.0
 11
26308.81801582251
 21
-11944.25235457992
 31
0.0
  0
MTEXT
  5
553
330
54D
100
AcDbEntity
  8
0
 62
     7
100
AcDbMText
 10
26309.97231465047
 20
-11942.24474309799
 30
0.0
 40
2.5
 41
0.0
 46
0.0
 71
     5
 72
     1
  1
\A1;32
  7
DXT
 11
0.5717417968795671
 21
-0.8204336156575521
 31
0.0
 73
     1
 44
1.0
  0
LINE
  5
554
330
54D
100
AcDbEntity
  8
0
 62
     1
370
    -2
100
AcDbLine
 10
26310.30454254881
 20
-11946.38547918876
 30
0.0
 11
26309.38975761939
 21
-11945.07278819557
 31
0.0
  0
INSERT
  5
555
330
54D
100
AcDbEntity
  8
0
 62
     1
370
    -2
100
AcDbBlockReference
  2
_Oblique
 10
26310.30454254881
 20
-11946.38547918876
 30
0.0
 50
124.8717760744803
  0
INSERT
  5
556
330
54D
100
AcDbEntity
  8
0
 62
     1
370
    -2
100
AcDbBlockReference
  2
_Oblique
 10
26309.38975761939
 20
-11945.07278819557
 30
0.0
 50
304.8717760744803
  0
POINT
  5
557
330
54D
100
AcDbEntity
  8
Defpoints
 62
     0
100
AcDbPoint
 10
26309.96199281406
 20
-11946.62419442072
 30
0.0
  0
POINT
  5
558
330
54D
100
AcDbEntity
  8
Defpoints
 62
     0
100
AcDbPoint
 10
26309.04720788464
 20
-11945.31150342753
 30
0.0
  0
POINT
  5
559
330
54D
100
AcDbEntity
  8
Defpoints
 62
     0
100
AcDbPoint
 10
26309.38975761939
 20
-11945.07278819557
 30
0.0
  0
ENDBLK
  5
55A
330
54D
100
AcDbEntity
  8
0
100
AcDbBlockEnd
  0
BLOCK
  5
55D
330
55C
100
AcDbEntity
  8
0
100
AcDbBlockBegin
  2
*D75
 70
     1
 10
0.0
 20
0.0
 30
0.0
  3
*D75
  1

  0
LINE
  5
55E
330
55C
100
AcDbEntity
  8
0
 62
     1
370
    -2
100
AcDbLine
 10
26315.89908873604
 20
-12069.76554013696
 30
0.0
 11
26316.17865764048
 21
-12069.58910543098
 31
0.0
  0
LINE
  5
55F
330
55C
100
AcDbEntity
  8
0
 62
     1
370
    -2
100
AcDbLine
 10
26315.04504787647
 20
-12068.41227312448
 30
0.0
 11
26315.32461678091
 21
-12068.2358384185
 31
0.0
  0
LINE
  5
560
330
55C
100
AcDbEntity
  8
0
 62
     1
370
    -2
100
AcDbLine
 10
26314.48731084401
 20
-12070.65650695527
 30
0.0
 11
26315.02101160616
 21
-12071.50218035351
 31
0.0
  0
LINE
  5
561
330
55C
100
AcDbEntity
  8
0
 62
     1
370
    -2
100
AcDbLine
 10
26313.63326998443
 20
-12069.30323994279
 30
0.0
 11
26313.09956922229
 21
-12068.45756654455
 31
0.0
  0
MTEXT
  5
562
330
55C
100
AcDbEntity
  8
0
 62
     7
100
AcDbMText
 10
26314.54857240841
 20
-12066.30545238052
 30
0.0
 40
2.5
 41
0.0
 46
0.0
 71
     5
 72
     1
  1
\A1;32
  7
DXT
 11
0.5337007621453507
 21
-0.8456733982368558
 31
0.0
 73
     1
 44
1.0
  0
LINE
  5
563
330
55C
100
AcDbEntity
  8
0
 62
     1
370
    -2
100
AcDbLine
 10
26314.48731084401
 20
-12070.65650695527
 30
0.0
 11
26313.63326998443
 21
-12069.30323994279
 31
0.0
  0
INSERT
  5
564
330
55C
100
AcDbEntity
  8
0
 62
     1
370
    -2
100
AcDbBlockReference
  2
_Oblique
 10
26314.48731084401
 20
-12070.65650695527
 30
0.0
 50
122.2558431375128
  0
INSERT
  5
565
330
55C
100
AcDbEntity
  8
0
 62
     1
370
    -2
100
AcDbBlockReference
  2
_Oblique
 10
26313.63326998443
 20
-12069.30323994279
 30
0.0
 50
302.2558431375128
  0
POINT
  5
566
330
55C
100
AcDbEntity
  8
Defpoints
 62
     0
100
AcDbPoint
 10
26314.20774193957
 20
-12070.83294166125
 30
0.0
  0
POINT
  5
567
330
55C
100
AcDbEntity
  8
Defpoints
 62
     0
100
AcDbPoint
 10
26313.35370107999
 20
-12069.47967464877
 30
0.0
  0
POINT
  5
568
330
55C
100
AcDbEntity
  8
Defpoints
 62
     0
100
AcDbPoint
 10
26313.63326998443
 20
-12069.30323994279
 30
0.0
  0
ENDBLK
  5
569
330
55C
100
AcDbEntity
  8
0
100
AcDbBlockEnd
  0
BLOCK
  5
58A
330
589
100
AcDbEntity
  8
0
100
AcDbBlockBegin
  2
*D76
 70
     1
 10
0.0
 20
0.0
 30
0.0
  3
*D76
  1

  0
LINE
  5
58B
330
589
100
AcDbEntity
  8
0
 62
     1
370
    -2
100
AcDbLine
 10
26388.04563495106
 20
-12054.1751375112
 30
0.0
 11
26387.98391515897
 21
-12053.34988222852
 31
0.0
  0
LINE
  5
58C
330
589
100
AcDbEntity
  8
0
 62
     1
370
    -2
100
AcDbLine
 10
26390.53852553663
 20
-12053.98869739761
 30
0.0
 11
26390.47680574454
 21
-12053.16344211494
 31
0.0
  0
LINE
  5
58D
330
589
100
AcDbEntity
  8
0
 62
     1
370
    -2
100
AcDbLine
 10
26388.13307604
 20
-12055.3443122302
 30
0.0
 11
26390.62596662557
 21
-12055.15787211661
 31
0.0
  0
MTEXT
  5
58E
330
589
100
AcDbEntity
  8
0
 62
     7
100
AcDbMText
 10
26392.39764035726
 20
-12052.70792508738
 30
0.0
 40
2.5
 41
0.0
 46
0.0
 71
     5
 72
     1
  1
\A1;50
  7
DXT
 11
0.9972150008361277
 21
0.07458044051493594
 31
0.0
 73
     1
 44
1.0
  0
INSERT
  5
58F
330
589
100
AcDbEntity
  8
0
 62
     1
370
    -2
100
AcDbBlockReference
  2
_Oblique
 10
26388.13307604
 20
-12055.3443122302
 30
0.0
 50
184.2771158014041
  0
INSERT
  5
590
330
589
100
AcDbEntity
  8
0
 62
     1
370
    -2
100
AcDbBlockReference
  2
_Oblique
 10
26390.62596662557
 20
-12055.15787211661
 30
0.0
 50
4.277115801404088
  0
POINT
  5
591
330
589
100
AcDbEntity
  8
Defpoints
 62
     0
100
AcDbPoint
 10
26388.19479583208
 20
-12056.16956751287
 30
0.0
  0
POINT
  5
592
330
589
100
AcDbEntity
  8
Defpoints
 62
     0
100
AcDbPoint
 10
26390.68768641766
 20
-12055.98312739929
 30
0.0
  0
POINT
  5
593
330
589
100
AcDbEntity
  8
Defpoints
 62
     0
100
AcDbPoint
 10
26390.62596662557
 20
-12055.15787211661
 30
0.0
  0
ENDBLK
  5
594
330
589
100
AcDbEntity
  8
0
100
AcDbBlockEnd
  0
BLOCK
  5
9C3
330
9C2
100
AcDbEntity
  8
0
100
AcDbBlockBegin
  2
*D77
 70
     1
 10
0.0
 20
0.0
 30
0.0
  3
*D77
  1

  0
LINE
  5
9C4
330
9C2
100
AcDbEntity
  8
0
 62
     1
370
    -2
100
AcDbLine
 10
26391.90985886698
 20
-12146.44158720159
 30
0.0
 11
26394.44076595863
 21
-12142.4311985853
 31
0.0
  0
LINE
  5
9C5
330
9C2
100
AcDbEntity
  8
0
 62
     1
370
    -2
100
AcDbLine
 10
26396.34964511421
 20
-12149.24348187405
 30
0.0
 11
26398.88055220585
 21
-12145.23309325777
 31
0.0
  0
LINE
  5
9C6
330
9C2
100
AcDbEntity
  8
0
 62
     1
370
    -2
100
AcDbLine
 10
26393.37337394289
 20
-12144.12255138255
 30
0.0
 11
26392.52769754427
 21
-12143.58885537468
 31
0.0
  0
LINE
  5
9C7
330
9C2
100
AcDbEntity
  8
0
 62
     1
370
    -2
100
AcDbLine
 10
26397.81316019011
 20
-12146.92444605501
 30
0.0
 11
26398.65883658874
 21
-12147.45814206288
 31
0.0
  0
LINE
  5
9C8
330
9C2
100
AcDbEntity
  8
0
 62
     1
370
    -2
100
AcDbLine
 10
26393.37337394289
 20
-12144.12255138255
 30
0.0
 11
26397.81316019011
 21
-12146.92444605501
 31
0.0
  0
INSERT
  5
9C9
330
9C2
100
AcDbEntity
  8
0
 62
     1
370
    -2
100
AcDbBlockReference
  2
_Oblique
 10
26393.37337394289
 20
-12144.12255138255
 30
0.0
 50
327.7444789721427
  0
INSERT
  5
9CA
330
9C2
100
AcDbEntity
  8
0
 62
     1
370
    -2
100
AcDbBlockReference
  2
_Oblique
 10
26397.81316019011
 20
-12146.92444605501
 30
0.0
 50
147.7444789721427
  0
MTEXT
  5
9CB
330
9C2
100
AcDbEntity
  8
0
 62
     7
100
AcDbMText
 10
26396.79408308421
 20
-12143.62072682188
 30
0.0
 40
2.5
 41
0.0
 46
0.0
 71
     5
 72
     1
  1
\A1;105
  7
DXT
 11
0.8456763986219519
 21
-0.5336960078675926
 31
0.0
 73
     1
 44
1.0
  0
POINT
  5
9CC
330
9C2
100
AcDbEntity
  8
Defpoints
 62
     0
100
AcDbPoint
 10
26390.84246685125
 20
-12148.13293999883
 30
0.0
  0
POINT
  5
9CD
330
9C2
100
AcDbEntity
  8
Defpoints
 62
     0
100
AcDbPoint
 10
26395.28225309847
 20
-12150.9348346713
 30
0.0
  0
POINT
  5
9CE
330
9C2
100
AcDbEntity
  8
Defpoints
 62
     0
100
AcDbPoint
 10
26397.81316019011
 20
-12146.92444605501
 30
0.0
  0
ENDBLK
  5
9CF
330
9C2
100
AcDbEntity
  8
0
100
AcDbBlockEnd
  0
BLOCK
  5
9E2
330
9E1
100
AcDbEntity
  8
0
100
AcDbBlockBegin
  2
*D78
 70
     1
 10
0.0
 20
0.0
 30
0.0
  3
*D78
  1

  0
LINE
  5
9E3
330
9E1
100
AcDbEntity
  8
0
 62
     1
370
    -2
100
AcDbLine
 10
26394.34917708297
 20
-12111.64509335601
 30
0.0
 11
26404.3395033058
 21
-12110.89752441512
 31
0.0
  0
LINE
  5
9E4
330
9E1
100
AcDbEntity
  8
0
 62
     1
370
    -2
100
AcDbLine
 10
26395.13267708296
 20
-12122.115593356
 30
0.0
 11
26405.1230033058
 21
-12121.36802441511
 31
0.0
  0
LINE
  5
9E5
330
9E1
100
AcDbEntity
  8
0
 62
     1
370
    -2
100
AcDbLine
 10
26402.34507932134
 20
-12111.04676573042
 30
0.0
 11
26403.12857932133
 21
-12121.51726573041
 31
0.0
  0
INSERT
  5
9E6
330
9E1
100
AcDbEntity
  8
0
 62
     1
370
    -2
100
AcDbBlockReference
  2
_Oblique
 10
26402.34507932134
 20
-12111.04676573042
 30
0.0
 50
94.2794265122455
  0
INSERT
  5
9E7
330
9E1
100
AcDbEntity
  8
0
 62
     1
370
    -2
100
AcDbBlockReference
  2
_Oblique
 10
26403.12857932133
 20
-12121.51726573041
 30
0.0
 50
274.2794265122455
  0
MTEXT
  5
9E8
330
9E1
100
AcDbEntity
  8
0
 62
     7
100
AcDbMText
 10
26404.98055630386
 20
-12116.1141192507
 30
0.0
 40
2.5
 41
0.0
 46
0.0
 71
     5
 72
     1
  1
\A1;3X70
  7
DXT
 11
0.07462065764886001
 21
-0.9972119922323697
 31
0.0
 73
     1
 44
1.0
  0
POINT
  5
9E9
330
9E1
100
AcDbEntity
  8
Defpoints
 62
     0
100
AcDbPoint
 10
26392.3547530985
 20
-12111.79433467131
 30
0.0
  0
POINT
  5
9EA
330
9E1
100
AcDbEntity
  8
Defpoints
 62
     0
100
AcDbPoint
 10
26393.1382530985
 20
-12122.2648346713
 30
0.0
  0
POINT
  5
9EB
330
9E1
100
AcDbEntity
  8
Defpoints
 62
     0
100
AcDbPoint
 10
26403.12857932133
 20
-12121.51726573041
 30
0.0
  0
ENDBLK
  5
9EC
330
9E1
100
AcDbEntity
  8
0
100
AcDbBlockEnd
  0
BLOCK
  5
9EF
330
9EE
100
AcDbEntity
  8
0
100
AcDbBlockBegin
  2
*D79
 70
     1
 10
0.0
 20
0.0
 30
0.0
  3
*D79
  1

  0
LINE
  5
9F0
330
9EE
100
AcDbEntity
  8
0
 62
     1
370
    -2
100
AcDbLine
 10
26395.13267708296
 20
-12122.115593356
 30
0.0
 11
26405.12300330575
 21
-12121.36802441511
 31
0.0
  0
LINE
  5
9F1
330
9EE
100
AcDbEntity
  8
0
 62
     1
370
    -2
100
AcDbLine
 10
26397.86767708295
 20
-12125.170093356
 30
0.0
 11
26405.36552578065
 21
-12124.60903471939
 31
0.0
  0
LINE
  5
9F2
330
9EE
100
AcDbEntity
  8
0
 62
     1
370
    -2
100
AcDbLine
 10
26403.12857932129
 20
-12121.51726573041
 30
0.0
 11
26403.05395866364
 21
-12120.52005373817
 31
0.0
  0
LINE
  5
9F3
330
9EE
100
AcDbEntity
  8
0
 62
     1
370
    -2
100
AcDbLine
 10
26403.37110179619
 20
-12124.75827603468
 30
0.0
 11
26403.44572245383
 21
-12125.75548802692
 31
0.0
  0
LINE
  5
9F4
330
9EE
100
AcDbEntity
  8
0
 62
     1
370
    -2
100
AcDbLine
 10
26403.12857932129
 20
-12121.51726573041
 30
0.0
 11
26403.37110179619
 21
-12124.75827603468
 31
0.0
  0
INSERT
  5
9F5
330
9EE
100
AcDbEntity
  8
0
 62
     1
370
    -2
100
AcDbBlockReference
  2
_Oblique
 10
26403.12857932129
 20
-12121.51726573041
 30
0.0
 50
274.27942651226
  0
INSERT
  5
9F6
330
9EE
100
AcDbEntity
  8
0
 62
     1
370
    -2
100
AcDbBlockReference
  2
_Oblique
 10
26403.37110179619
 20
-12124.75827603468
 30
0.0
 50
94.27942651226003
  0
MTEXT
  5
9F7
330
9EE
100
AcDbEntity
  8
0
 62
     7
100
AcDbMText
 10
26405.49356754126
 20
-12122.96987440283
 30
0.0
 40
2.5
 41
0.0
 46
0.0
 71
     5
 72
     1
  1
\A1;65
  7
DXT
 11
0.07462065764911288
 21
-0.9972119922323507
 31
0.0
 73
     1
 44
1.0
  0
POINT
  5
9F8
330
9EE
100
AcDbEntity
  8
Defpoints
 62
     0
100
AcDbPoint
 10
26393.13825309849
 20
-12122.26483467129
 30
0.0
  0
POINT
  5
9F9
330
9EE
100
AcDbEntity
  8
Defpoints
 62
     0
100
AcDbPoint
 10
26395.87325309848
 20
-12125.3193346713
 30
0.0
  0
POINT
  5
9FA
330
9EE
100
AcDbEntity
  8
Defpoints
 62
     0
100
AcDbPoint
 10
26403.37110179619
 20
-12124.75827603468
 30
0.0
  0
ENDBLK
  5
9FB
330
9EE
100
AcDbEntity
  8
0
100
AcDbBlockEnd
  0
BLOCK
  5
9FE
330
9FD
100
AcDbEntity
  8
0
100
AcDbBlockBegin
  2
*D80
 70
     1
 10
0.0
 20
0.0
 30
0.0
  3
*D80
  1

  0
LINE
  5
9FF
330
9FD
100
AcDbEntity
  8
0
 62
     1
370
    -2
100
AcDbLine
 10
26188.08482911403
 20
-12113.39009335599
 30
0.0
 11
26179.82225550423
 21
-12112.77181090306
 31
0.0
  0
LINE
  5
A00
330
9FD
100
AcDbEntity
  8
0
 62
     1
370
    -2
100
AcDbLine
 10
26187.30132911401
 20
-12123.86059335599
 30
0.0
 11
26179.03875550421
 21
-12123.24231090306
 31
0.0
  0
LINE
  5
A01
330
9FD
100
AcDbEntity
  8
0
 62
     1
370
    -2
100
AcDbLine
 10
26181.8166794887
 20
-12112.92105221836
 30
0.0
 11
26181.03317948868
 21
-12123.39155221836
 31
0.0
  0
INSERT
  5
A02
330
9FD
100
AcDbEntity
  8
0
 62
     1
370
    -2
100
AcDbBlockReference
  2
_Oblique
 10
26181.8166794887
 20
-12112.92105221836
 30
0.0
 50
85.72057348765922
  0
INSERT
  5
A03
330
9FD
100
AcDbEntity
  8
0
 62
     1
370
    -2
100
AcDbBlockReference
  2
_Oblique
 10
26181.03317948868
 20
-12123.39155221836
 30
0.0
 50
265.7205734876592
  0
MTEXT
  5
A04
330
9FD
100
AcDbEntity
  8
0
 62
     7
100
AcDbMText
 10
26179.18120250616
 20
-12117.98840573865
 30
0.0
 40
2.5
 41
0.0
 46
0.0
 71
     5
 72
     1
  1
\A1;3X70
  7
DXT
 11
0.07462065765051805
 21
0.9972119922322455
 31
0.0
 73
     1
 44
1.0
  0
POINT
  5
A05
330
9FD
100
AcDbEntity
  8
Defpoints
 62
     0
100
AcDbPoint
 10
26190.07925309849
 20
-12113.53933467129
 30
0.0
  0
POINT
  5
A06
330
9FD
100
AcDbEntity
  8
Defpoints
 62
     0
100
AcDbPoint
 10
26189.29575309848
 20
-12124.00983467129
 30
0.0
  0
POINT
  5
A07
330
9FD
100
AcDbEntity
  8
Defpoints
 62
     0
100
AcDbPoint
 10
26181.03317948868
 20
-12123.39155221836
 30
0.0
  0
ENDBLK
  5
A08
330
9FD
100
AcDbEntity
  8
0
100
AcDbBlockEnd
  0
BLOCK
  5
A0B
330
A0A
100
AcDbEntity
  8
0
100
AcDbBlockBegin
  2
*D81
 70
     1
 10
0.0
 20
0.0
 30
0.0
  3
*D81
  1

  0
LINE
  5
A0C
330
A0A
100
AcDbEntity
  8
0
 62
     1
370
    -2
100
AcDbLine
 10
26187.30132911401
 20
-12123.860593356
 30
0.0
 11
26179.03875550424
 21
-12123.24231090307
 31
0.0
  0
LINE
  5
A0D
330
A0A
100
AcDbEntity
  8
0
 62
     1
370
    -2
100
AcDbLine
 10
26184.69682911402
 20
-12125.170093356
 30
0.0
 11
26178.9268096976
 21
-12124.73832694438
 31
0.0
  0
LINE
  5
A0E
330
A0A
100
AcDbEntity
  8
0
 62
     1
370
    -2
100
AcDbLine
 10
26181.0331794887
 20
-12123.39155221837
 30
0.0
 11
26181.10780014635
 21
-12122.39434022614
 31
0.0
  0
LINE
  5
A0F
330
A0A
100
AcDbEntity
  8
0
 62
     1
370
    -2
100
AcDbLine
 10
26180.92123368206
 20
-12124.88756825968
 30
0.0
 11
26180.84661302441
 21
-12125.88478025191
 31
0.0
  0
MTEXT
  5
A10
330
A0A
100
AcDbEntity
  8
0
 62
     7
100
AcDbMText
 10
26177.6565900048
 20
-12123.69135941773
 30
0.0
 40
2.5
 41
0.0
 46
0.0
 71
     5
 72
     1
  1
\A1;30
  7
DXT
 11
0.07462065765048638
 21
0.9972119922322479
 31
0.0
 73
     1
 44
1.0
  0
LINE
  5
A11
330
A0A
100
AcDbEntity
  8
0
 62
     1
370
    -2
100
AcDbLine
 10
26181.0331794887
 20
-12123.39155221837
 30
0.0
 11
26180.92123368206
 21
-12124.88756825968
 31
0.0
  0
INSERT
  5
A12
330
A0A
100
AcDbEntity
  8
0
 62
     1
370
    -2
100
AcDbBlockReference
  2
_Oblique
 10
26181.0331794887
 20
-12123.39155221837
 30
0.0
 50
265.720573487661
  0
INSERT
  5
A13
330
A0A
100
AcDbEntity
  8
0
 62
     1
370
    -2
100
AcDbBlockReference
  2
_Oblique
 10
26180.92123368206
 20
-12124.88756825968
 30
0.0
 50
85.72057348766104
  0
POINT
  5
A14
330
A0A
100
AcDbEntity
  8
Defpoints
 62
     0
100
AcDbPoint
 10
26189.29575309848
 20
-12124.0098346713
 30
0.0
  0
POINT
  5
A15
330
A0A
100
AcDbEntity
  8
Defpoints
 62
     0
100
AcDbPoint
 10
26186.69125309849
 20
-12125.3193346713
 30
0.0
  0
POINT
  5
A16
330
A0A
100
AcDbEntity
  8
Defpoints
 62
     0
100
AcDbPoint
 10
26180.92123368206
 20
-12124.88756825968
 30
0.0
  0
ENDBLK
  5
A17
330
A0A
100
AcDbEntity
  8
0
100
AcDbBlockEnd
  0
ENDSEC
  0
SECTION
  2
ENTITIES
  0
LWPOLYLINE
  5
58
330
2
100
AcDbEntity
  8
0
100
AcDbPolyline
 90
        2
 70
     0
 43
0.25
 10
26154.29486512219
 20
-11854.60871439469
 10
26144.83236512219
 20
-11861.20293439468
  0
LWPOLYLINE
  5
59
330
2
100
AcDbEntity
  8
0
100
AcDbPolyline
 90
        2
 70
     0
 43
0.25
 10
26171.34486512219
 20
-11854.60871439469
 10
26180.80736512219
 20
-11861.20293439468
  0
LWPOLYLINE
  5
5A
330
2
100
AcDbEntity
  8
0
100
AcDbPolyline
 90
        2
 70
     0
 43
0.25
 10
26154.29486512219
 20
-11854.60871439469
 10
26153.35736512219
 20
-11867.14382439468
  0
LWPOLYLINE
  5
5B
330
2
100
AcDbEntity
  8
0
100
AcDbPolyline
 90
        2
 70
     0
 43
0.25
 10
26171.34486512219
 20
-11854.60871439469
 10
26172.28236512219
 20
-11867.14382439468
  0
LWPOLYLINE
  5
5C
330
2
100
AcDbEntity
  8
0
100
AcDbPolyline
 90
        2
 70
     0
 43
0.25
 10
26152.70101512219
 20
-11867.60121439469
 10
26144.83236512219
 20
-11861.20293439468
  0
LWPOLYLINE
  5
5D
330
2
100
AcDbEntity
  8
0
100
AcDbPolyline
 90
        2
 70
     0
 43
0.25
 10
26172.9387151222
 20
-11867.60121439469
 10
26180.80736512219
 20
-11861.20293439468
  0
LWPOLYLINE
  5
5E
330
2
100
AcDbEntity
  8
0
100
AcDbPolyline
 90
        2
 70
     0
 43
0.25
 10
26179.86986512219
 20
-11848.66782439469
 10
26143.89486512219
 20
-11873.73803439469
  0
LWPOLYLINE
  5
5F
330
2
100
AcDbEntity
  8
0
100
AcDbPolyline
 90
        2
 70
     0
 43
0.25
 10
26145.76986512219
 20
-11848.66782439469
 10
26181.74486512219
 20
-11873.73803439469
  0
LWPOLYLINE
  5
60
330
2
100
AcDbEntity
  8
0
100
AcDbPolyline
 90
        2
 70
     0
 43
0.25
 10
26153.35736512219
 20
-11879.70976439468
 10
26142.95736512219
 20
-11886.27314439468
  0
LWPOLYLINE
  5
61
330
2
100
AcDbEntity
  8
0
100
AcDbPolyline
 90
        2
 70
     0
 43
0.25
 10
26172.28236512219
 20
-11879.70976439468
 10
26182.68236512219
 20
-11886.27314439468
  0
LWPOLYLINE
  5
62
330
2
100
AcDbEntity
  8
0
100
AcDbPolyline
 90
        2
 70
     0
 43
0.25
 10
26153.35736512219
 20
-11879.70976439468
 10
26152.41986512219
 20
-11892.24487539469
  0
LWPOLYLINE
  5
63
330
2
100
AcDbEntity
  8
0
100
AcDbPolyline
 90
        2
 70
     0
 43
0.25
 10
26172.28236512219
 20
-11879.70976439468
 10
26173.21986512219
 20
-11892.24487539469
  0
LWPOLYLINE
  5
64
330
2
100
AcDbEntity
  8
0
100
AcDbPolyline
 90
        2
 70
     0
 43
0.25
 10
26151.74332512219
 20
-11892.67183539468
 10
26142.95736512219
 20
-11886.27314439468
  0
LWPOLYLINE
  5
65
330
2
100
AcDbEntity
  8
0
100
AcDbPolyline
 90
        2
 70
     0
 43
0.25
 10
26173.89640512219
 20
-11892.67183539468
 10
26182.68236512219
 20
-11886.27314439468
  0
LWPOLYLINE
  5
66
330
2
100
AcDbEntity
  8
0
100
AcDbPolyline
 90
        2
 70
     0
 43
0.25
 10
26181.74486512219
 20
-11873.73803439469
 10
26142.01986512219
 20
-11898.80825439469
  0
LWPOLYLINE
  5
67
330
2
100
AcDbEntity
  8
0
100
AcDbPolyline
 90
        2
 70
     0
 43
0.25
 10
26143.89486512219
 20
-11873.73803439469
 10
26183.61986512219
 20
-11898.80825439469
  0
LWPOLYLINE
  5
68
330
2
100
AcDbEntity
  8
0
100
AcDbPolyline
 90
        2
 70
     0
 43
0.25
 10
26142.01986512219
 20
-11898.80825439469
 10
26145.76986512219
 20
-11848.66782439469
  0
LWPOLYLINE
  5
69
330
2
100
AcDbEntity
  8
0
100
AcDbPolyline
 90
        2
 70
     0
 43
0.25
 10
26183.61986512219
 20
-11898.80825439469
 10
26179.86986512219
 20
-11848.66782439469
  0
DIMENSION
  5
6A
330
2
100
AcDbEntity
  8
3
100
AcDbDimension
280
     0
  2
*D48
 10
26384.27226186051
 20
-11903.16345182143
 30
0.0
 11
26386.38547983095
 21
-11901.250635819
 31
0.0
  1
70
 71
     5
 42
69.99491695583856
 73
     0
 74
     0
 75
     0
  3
BZ$0
100
AcDbAlignedDimension
 13
26376.53225309847
 23
-11900.23283467129
 33
0.0
 14
26376.79325309847
 24
-11903.7228346713
 34
0.0
 50
274.2774000000041
100
AcDbRotatedDimension
  0
DIMENSION
  5
7E
330
2
100
AcDbEntity
  8
3
100
AcDbDimension
280
     0
  2
*D49
 10
26381.29066717003
 20
-11914.93138849557
 30
0.0
 11
26384.67683535793
 21
-11915.61946603364
 31
0.0
 70
   128
  1
90
 71
     5
 42
89.99693361580285
 73
     0
 74
     0
 75
     0
  3
BZ$0
100
AcDbAlignedDimension
 13
26376.53225309847
 23
-11900.23283467129
 33
0.0
 14
26372.84025309849
 24
-11902.80533467129
 34
0.0
 50
34.87190000003535
100
AcDbRotatedDimension
  0
DIMENSION
  5
8B
330
2
100
AcDbEntity
  8
3
100
AcDbDimension
280
     0
  2
*D50
 10
26378.27701741174
 20
-11889.52275302075
 30
0.0
 11
26381.62611218622
 21
-11889.21230847524
 31
0.0
  1
100
 71
     5
 42
100.0024929631036
 73
     0
 74
     0
 75
     0
  3
BZ$0
100
AcDbAlignedDimension
 13
26376.53225309847
 23
-11900.23283467129
 33
0.0
 14
26372.52275309848
 24
-11897.24533467129
 34
0.0
 50
323.3093999999312
100
AcDbRotatedDimension
  0
DIMENSION
  5
9A
330
2
100
AcDbEntity
  8
3
100
AcDbDimension
280
     0
  2
*D51
 10
26383.69422955605
 20
-11895.43501986905
 30
0.0
 11
26386.09645198992
 21
-11897.38647322248
 31
0.0
  1
85
 71
     5
 42
85.0067556126669
 73
     0
 74
     0
 75
     0
  3
BZ$0
100
AcDbAlignedDimension
 13
26376.53225309847
 23
-11900.23283467129
 33
0.0
 14
26376.21525309847
 24
-11895.99433467129
 34
0.0
 50
274.276899999921
100
AcDbRotatedDimension
  0
DIMENSION
  5
A9
330
2
100
AcDbEntity
  8
3
100
AcDbDimension
280
     0
  2
*D52
 10
26393.64722467168
 20
-12028.51445460292
 30
0.0
 11
26395.76044264213
 21
-12026.60163860048
 31
0.0
  1
70
 71
     5
 42
69.99491695583856
 73
     0
 74
     0
 75
     0
  3
BZ$0
100
AcDbAlignedDimension
 13
26385.90725309847
 23
-12025.58383467129
 33
0.0
 14
26386.16825309847
 24
-12029.07383467129
 34
0.0
 50
274.2774000000041
100
AcDbRotatedDimension
  0
DIMENSION
  5
B8
330
2
100
AcDbEntity
  8
3
100
AcDbDimension
280
     0
  2
*D53
 10
26387.73945779761
 20
-12036.44998636589
 30
0.0
 11
26391.26670978279
 21
-12037.57958703021
 31
0.0
 70
   128
  1
85
 71
     5
 42
84.99567044636933
 73
     0
 74
     0
 75
     0
  3
BZ$0
100
AcDbAlignedDimension
 13
26385.90725309847
 23
-12025.58383467129
 33
0.0
 14
26382.31325309849
 24
-12027.85183467128
 34
0.0
 50
32.25560000000363
100
AcDbRotatedDimension
  0
DIMENSION
  5
C5
330
2
100
AcDbEntity
  8
3
100
AcDbDimension
280
     0
  2
*D54
 10
26386.93834834476
 20
-12015.35912899842
 30
0.0
 11
26390.27586692407
 21
-12014.9425465193
 31
0.0
  1
100
 71
     5
 42
100.0005698310997
 73
     0
 74
     0
 75
     0
  3
BZ$0
100
AcDbAlignedDimension
 13
26385.90725309847
 23
-12025.58383467129
 33
0.0
 14
26381.80525309847
 24
-12022.72483467129
 34
0.0
 50
325.1276999999945
100
AcDbRotatedDimension
  0
DIMENSION
  5
D4
330
2
100
AcDbEntity
  8
3
100
AcDbDimension
280
     0
  2
*D55
 10
26393.06926771641
 20
-12020.78653014156
 30
0.0
 11
26395.47146815253
 21
-12022.73773907798
 31
0.0
  1
85
 71
     5
 42
84.99678345742723
 73
     0
 74
     0
 75
     0
  3
BZ$0
100
AcDbAlignedDimension
 13
26385.90725309847
 23
-12025.58383467129
 33
0.0
 14
26385.59025309847
 24
-12021.34583467129
 34
0.0
 50
274.2768000000264
100
AcDbRotatedDimension
  0
INSERT
  5
E3
330
2
100
AcDbEntity
  8
2
100
AcDbBlockReference
  2
M16X50
 10
26201.34475309848
 20
-11962.90833467129
 30
0.0
 41
5.0
 42
5.0
 43
5.0
  0
INSERT
  5
F3
330
2
100
AcDbEntity
  8
2
100
AcDbBlockReference
  2
M16X50
 10
26381.21975309847
 20
-11962.90833467129
 30
0.0
 41
5.0
 42
5.0
 43
5.0
  0
INSERT
  5
F4
330
2
100
AcDbEntity
  8
2
100
AcDbBlockReference
  2
M16X40
 10
26248.65725309847
 20
-11929.93733467129
 30
0.0
 41
5.0
 42
5.0
 43
5.0
  0
INSERT
  5
100
330
2
100
AcDbEntity
  8
2
100
AcDbBlockReference
  2
M16X40
 10
26333.90725309847
 20
-11929.93733467129
 30
0.0
 41
5.0
 42
5.0
 43
5.0
  0
INSERT
  5
101
330
2
100
AcDbEntity
  8
2
100
AcDbBlockReference
  2
M16X40
 10
26240.68825309848
 20
-11994.89983467129
 30
0.0
 41
5.0
 42
5.0
 43
5.0
  0
INSERT
  5
102
330
2
100
AcDbEntity
  8
2
100
AcDbBlockReference
  2
M16X40
 10
26341.87625309848
 20
-11994.89983467129
 30
0.0
 41
5.0
 42
5.0
 43
5.0
  0
INSERT
  5
103
330
2
100
AcDbEntity
  8
2
100
AcDbBlockReference
  2
M16X40
 10
26243.96975309847
 20
-11992.6128346713
 30
0.0
 41
5.0
 42
5.0
 43
5.0
  0
INSERT
  5
104
330
2
100
AcDbEntity
  8
2
100
AcDbBlockReference
  2
M16X40
 10
26338.59475309847
 20
-11992.6128346713
 30
0.0
 41
5.0
 42
5.0
 43
5.0
  0
INSERT
  5
105
330
2
100
AcDbEntity
  8
2
100
AcDbBlockReference
  2
M16X50
 10
26191.96975309848
 20
-12088.25933467129
 30
0.0
 41
5.0
 42
5.0
 43
5.0
  0
INSERT
  5
106
330
2
100
AcDbEntity
  8
2
100
AcDbBlockReference
  2
M16X50
 10
26390.59475309847
 20
-12088.25933467129
 30
0.0
 41
5.0
 42
5.0
 43
5.0
  0
INSERT
  5
107
330
2
100
AcDbEntity
  8
2
100
AcDbBlockReference
  2
M16X40
 10
26243.96975309847
 20
-12055.4423346713
 30
0.0
 41
5.0
 42
5.0
 43
5.0
  0
INSERT
  5
108
330
2
100
AcDbEntity
  8
2
100
AcDbBlockReference
  2
M16X40
 10
26338.59475309847
 20
-12055.4423346713
 30
0.0
 41
5.0
 42
5.0
 43
5.0
  0
INSERT
  5
109
330
2
100
AcDbEntity
  8
2
100
AcDbBlockReference
  2
M16X40
 10
26235.89975309848
 20
-12120.25283467129
 30
0.0
 41
5.0
 42
5.0
 43
5.0
  0
INSERT
  5
10A
330
2
100
AcDbEntity
  8
2
100
AcDbBlockReference
  2
M16X40
 10
26346.66475309847
 20
-12120.25283467129
 30
0.0
 41
5.0
 42
5.0
 43
5.0
  0
INSERT
  5
10B
330
2
100
AcDbEntity
  8
2
100
AcDbBlockReference
  2
M16X40
 10
26239.28225309847
 20
-12118.11783467129
 30
0.0
 41
5.0
 42
5.0
 43
5.0
  0
INSERT
  5
10C
330
2
100
AcDbEntity
  8
2
100
AcDbBlockReference
  2
M16X40
 10
26343.28225309847
 20
-12118.11783467129
 30
0.0
 41
5.0
 42
5.0
 43
5.0
  0
INSERT
  5
10D
330
2
100
AcDbEntity
  8
2
100
AcDbBlockReference
  2
M16X50
 10
26291.28225309848
 20
-11959.64183467129
 30
0.0
 41
5.0
 42
5.0
 43
5.0
  0
INSERT
  5
10E
330
2
100
AcDbEntity
  8
2
100
AcDbBlockReference
  2
M16X50
 10
26291.28225309848
 20
-12085.3008346713
 30
0.0
 41
5.0
 42
5.0
 43
5.0
  0
TEXT
  5
10F
330
2
100
AcDbEntity
  8
3
100
AcDbText
 10
26280.50158351967
 20
-11928.54546307458
 30
0.0
 40
2.5
  1
2078
 50
325.1282000000291
 41
0.7
 72
     1
 11
26283.03125309848
 21
-11930.3083346713
 31
0.0
100
AcDbText
  0
LINE
  5
110
330
2
100
AcDbEntity
  8
3
100
AcDbLine
 10
26291.28225309848
 20
-11931.7923346713
 30
0.0
 11
26278.78275309846
 21
-11923.08133467129
 31
0.0
  0
TEXT
  5
111
330
2
100
AcDbEntity
  8
3
100
AcDbText
 10
26297.00358351967
 20
-11932.07120626801
 30
0.0
 40
2.5
  1
2078
 50
34.8717999999709
 41
0.7
 72
     1
 11
26299.53325309848
 21
-11930.3083346713
 31
0.0
100
AcDbText
  0
LINE
  5
112
330
2
100
AcDbEntity
  8
3
100
AcDbLine
 10
26303.78175309847
 20
-11923.08133467129
 30
0.0
 11
26291.28225309848
 21
-11931.7923346713
 31
0.0
  0
TEXT
  5
113
330
2
100
AcDbEntity
  8
3
100
AcDbText
 10
26288.36558643181
 20
-11922.08133467129
 30
0.0
 40
2.5
  1
3410
 41
0.7
 72
     1
 11
26291.28225309848
 21
-11922.08133467129
 31
0.0
100
AcDbText
  0
LINE
  5
114
330
2
100
AcDbEntity
  8
3
100
AcDbLine
 10
26278.78275309846
 20
-11923.08133467129
 30
0.0
 11
26303.78175309847
 21
-11923.08133467129
 31
0.0
  0
TEXT
  5
115
330
2
100
AcDbEntity
  8
3
100
AcDbText
 10
26234.72772253941
 20
-11966.26837810406
 30
0.0
 40
2.5
  1
1257
 50
85.7227999999046
 41
0.7
 72
     1
 11
26234.94525309847
 21
-11963.35983467129
 31
0.0
100
AcDbText
  0
LINE
  5
116
330
2
100
AcDbEntity
  8
3
100
AcDbLine
 10
26231.08025309847
 20
-11968.11283467129
 30
0.0
 11
26231.83025309848
 21
-11958.0848346713
 31
0.0
  0
TEXT
  5
117
330
2
100
AcDbEntity
  8
3
100
AcDbText
 10
26231.65647389485
 20
-11971.97730473078
 30
0.0
 40
2.5
  1
80
 50
34.87190000002045
 41
0.7
 72
     1
 11
26232.81875309848
 21
-11971.1673346713
 31
0.0
100
AcDbText
  0
LINE
  5
118
330
2
100
AcDbEntity
  8
3
100
AcDbLine
 10
26230.55475309846
 20
-11968.47883467129
 30
0.0
 11
26231.08025309847
 21
-11968.11283467129
 31
0.0
  0
TEXT
  5
119
330
2
100
AcDbEntity
  8
3
100
AcDbText
 10
26223.03327581117
 20
-11966.87360068098
 30
0.0
 40
2.5
  1
1014
 50
320.8842000000253
 41
0.7
 72
     1
 11
26225.19925309848
 21
-11968.63483467129
 31
0.0
100
AcDbText
  0
LINE
  5
11A
330
2
100
AcDbEntity
  8
3
100
AcDbLine
 10
26224.26025309848
 20
-11963.35983467129
 30
0.0
 11
26230.55475309846
 21
-11968.47883467129
 31
0.0
  0
TEXT
  5
11B
330
2
100
AcDbEntity
  8
3
100
AcDbText
 10
26225.21706131197
 20
-11961.47412555485
 30
0.0
 40
2.5
  1
1153
 50
34.8717999999709
 41
0.7
 72
     1
 11
26227.47325309848
 21
-11959.9018346713
 31
0.0
100
AcDbText
  0
LINE
  5
11C
330
2
100
AcDbEntity
  8
3
100
AcDbLine
 10
26231.83025309848
 20
-11958.0848346713
 30
0.0
 11
26224.26025309848
 21
-11963.35983467129
 31
0.0
  0
TEXT
  5
11D
330
2
100
AcDbEntity
  8
3
100
AcDbText
 10
26269.59400623491
 20
-11966.6747422122
 30
0.0
 40
2.5
  1
1153
 50
34.8717999999709
 41
0.7
 72
     1
 11
26271.85019802141
 21
-11965.10245132864
 31
0.0
100
AcDbText
  0
LINE
  5
11E
330
2
100
AcDbEntity
  8
3
100
AcDbLine
 10
26266.06419802142
 20
-11964.86845132864
 30
0.0
 11
26273.63419802142
 21
-11959.59345132864
 31
0.0
  0
TEXT
  5
11F
330
2
100
AcDbEntity
  8
3
100
AcDbText
 10
26265.22466746235
 20
-11962.68849476141
 30
0.0
 40
2.5
  1
1257
 50
85.7227999999046
 41
0.7
 72
     1
 11
26265.44219802142
 21
-11959.77995132864
 31
0.0
100
AcDbText
  0
LINE
  5
120
330
2
100
AcDbEntity
  8
3
100
AcDbLine
 10
26266.81419802141
 20
-11954.84045132864
 30
0.0
 11
26266.06419802142
 21
-11964.86845132864
 31
0.0
  0
TEXT
  5
121
330
2
100
AcDbEntity
  8
3
100
AcDbText
 10
26268.43745206281
 20
-11954.75269267765
 30
0.0
 40
2.5
  1
1039
 50
325.1282000000291
 41
0.7
 72
     1
 11
26270.79619802143
 21
-11956.39645132864
 31
0.0
100
AcDbText
  0
LINE
  5
122
330
2
100
AcDbEntity
  8
3
100
AcDbLine
 10
26273.63419802142
 20
-11959.59345132864
 30
0.0
 11
26266.81419802141
 21
-11954.84045132864
 31
0.0
  0
TEXT
  5
123
330
2
100
AcDbEntity
  8
3
100
AcDbText
 10
26220.4172622962
 20
-11936.03691873786
 30
0.0
 40
2.5
  1
1153
 50
34.87190000002045
 41
0.7
 72
     1
 11
26222.67345133854
 21
-11934.46462391651
 31
0.0
100
AcDbText
  0
LINE
  5
124
330
2
100
AcDbEntity
  8
3
100
AcDbLine
 10
26224.45745133853
 20
-11928.95562391651
 30
0.0
 11
26216.88745133853
 21
-11934.23062391651
 31
0.0
  0
TEXT
  5
125
330
2
100
AcDbEntity
  8
3
100
AcDbText
 10
26219.26070537992
 20
-11924.11486526552
 30
0.0
 40
2.5
  1
1039
 50
325.1282000000291
 41
0.7
 72
     1
 11
26221.61945133853
 21
-11925.75862391651
 31
0.0
100
AcDbText
  0
LINE
  5
126
330
2
100
AcDbEntity
  8
3
100
AcDbLine
 10
26217.63745133854
 20
-11924.20262391651
 30
0.0
 11
26224.45745133853
 21
-11928.95562391651
 31
0.0
  0
TEXT
  5
127
330
2
100
AcDbEntity
  8
3
100
AcDbText
 10
26216.04792077946
 20
-11932.05066734928
 30
0.0
 40
2.5
  1
1257
 50
85.7227999999046
 41
0.7
 72
     1
 11
26216.26545133853
 21
-11929.14212391651
 31
0.0
100
AcDbText
  0
LINE
  5
128
330
2
100
AcDbEntity
  8
3
100
AcDbLine
 10
26216.88745133853
 20
-11934.23062391651
 30
0.0
 11
26217.63745133854
 21
-11924.20262391651
 31
0.0
  0
TEXT
  5
129
330
2
100
AcDbEntity
  8
3
100
AcDbText
 10
26208.8872569871
 20
-11999.7851947494
 30
0.0
 40
2.5
  1
1257
 50
85.7227999999046
 41
0.7
 72
     1
 11
26209.10478754617
 21
-11996.87665131663
 31
0.0
100
AcDbText
  0
LINE
  5
12A
330
2
100
AcDbEntity
  8
3
100
AcDbLine
 10
26210.47728754618
 20
-11991.93715131663
 30
0.0
 11
26209.72728754618
 21
-12001.96515131663
 31
0.0
  0
TEXT
  5
12B
330
2
100
AcDbEntity
  8
3
100
AcDbText
 10
26212.08981025886
 20
-11991.95941732631
 30
0.0
 40
2.5
  1
1014
 50
320.8842000000253
 41
0.7
 72
     1
 11
26214.25578754617
 21
-11993.72065131663
 31
0.0
100
AcDbText
  0
LINE
  5
12C
330
2
100
AcDbEntity
  8
3
100
AcDbLine
 10
26216.77228754618
 20
-11997.05615131662
 30
0.0
 11
26210.47728754618
 21
-11991.93715131663
 31
0.0
  0
TEXT
  5
12D
330
2
100
AcDbEntity
  8
3
100
AcDbText
 10
26212.85785686352
 20
-12004.04973255676
 30
0.0
 40
2.5
  1
1073
 50
34.8717999999709
 41
0.7
 72
     1
 11
26215.25078754618
 21
-12002.38215131663
 31
0.0
100
AcDbText
  0
LINE
  5
12E
330
2
100
AcDbEntity
  8
3
100
AcDbLine
 10
26209.72728754618
 20
-12001.96515131663
 30
0.0
 11
26216.77228754618
 21
-11997.05615131662
 31
0.0
  0
TEXT
  5
12F
330
2
100
AcDbEntity
  8
3
100
AcDbText
 10
26263.1360655658
 20
-12080.37054299756
 30
0.0
 40
2.5
  1
1119
 50
327.744200000044
 41
0.7
 72
     1
 11
26265.28548647427
 21
-12081.7270308164
 31
0.0
100
AcDbText
  0
LINE
  5
130
330
2
100
AcDbEntity
  8
3
100
AcDbLine
 10
26268.53698647428
 20
-12084.9610308164
 30
0.0
 11
26260.96698647428
 21
-12080.1840308164
 31
0.0
  0
TEXT
  5
131
330
2
100
AcDbEntity
  8
3
100
AcDbText
 10
26263.77843789078
 20
-12092.10315618228
 30
0.0
 40
2.5
  1
1230
 50
32.25579999995603
 41
0.7
 72
     1
 11
26266.24498647428
 21
-12090.5465308164
 31
0.0
100
AcDbText
  0
LINE
  5
132
330
2
100
AcDbEntity
  8
3
100
AcDbLine
 10
26260.21698647427
 20
-12090.2120308164
 30
0.0
 11
26268.53698647428
 21
-12084.9610308164
 31
0.0
  0
TEXT
  5
133
330
2
100
AcDbEntity
  8
3
100
AcDbText
 10
26259.3774559152
 20
-12088.03207424917
 30
0.0
 40
2.5
  1
1257
 50
85.7227999999046
 41
0.7
 72
     1
 11
26259.59498647427
 21
-12085.1235308164
 31
0.0
100
AcDbText
  0
LINE
  5
134
330
2
100
AcDbEntity
  8
3
100
AcDbLine
 10
26260.96698647428
 20
-12080.1840308164
 30
0.0
 11
26260.21698647427
 21
-12090.2120308164
 31
0.0
  0
TEXT
  5
135
330
2
100
AcDbEntity
  8
3
100
AcDbText
 10
26229.0567225394
 20
-12091.68137810407
 30
0.0
 40
2.5
  1
1257
 50
85.7227999999046
 41
0.7
 72
     1
 11
26229.27425309847
 21
-12088.7728346713
 31
0.0
100
AcDbText
  0
LINE
  5
136
330
2
100
AcDbEntity
  8
3
100
AcDbLine
 10
26225.40925309847
 20
-12093.5258346713
 30
0.0
 11
26226.15925309847
 21
-12083.4978346713
 31
0.0
  0
TEXT
  5
137
330
2
100
AcDbEntity
  8
3
100
AcDbText
 10
26225.80871389546
 20
-12097.41240775804
 30
0.0
 40
2.5
  1
80
 50
32.25569999998679
 41
0.7
 72
     1
 11
26227.00675309847
 21
-12096.65633467129
 31
0.0
100
AcDbText
  0
LINE
  5
138
330
2
100
AcDbEntity
  8
3
100
AcDbLine
 10
26224.86775309847
 20
-12093.86733467129
 30
0.0
 11
26225.40925309847
 21
-12093.5258346713
 31
0.0
  0
TEXT
  5
139
330
2
100
AcDbEntity
  8
3
100
AcDbText
 10
26216.93557560192
 20
-12092.42027285915
 30
0.0
 40
2.5
  1
1087
 50
323.9346999999547
 41
0.7
 72
     1
 11
26219.29325309846
 21
-12094.13733467129
 31
0.0
100
AcDbText
  0
LINE
  5
13A
330
2
100
AcDbEntity
  8
3
100
AcDbLine
 10
26217.83925309847
 20
-12088.7483346713
 30
0.0
 11
26224.86775309847
 21
-12093.86733467129
 31
0.0
  0
TEXT
  5
13B
330
2
100
AcDbEntity
  8
3
100
AcDbText
 10
26218.99870451498
 20
-12086.83396003717
 30
0.0
 40
2.5
  1
1230
 50
32.25579999995603
 41
0.7
 72
     1
 11
26221.46525309847
 21
-12085.27733467129
 31
0.0
100
AcDbText
  0
LINE
  5
13C
330
2
100
AcDbEntity
  8
3
100
AcDbLine
 10
26226.15925309847
 20
-12083.4978346713
 30
0.0
 11
26217.83925309847
 21
-12088.7483346713
 31
0.0
  0
TEXT
  5
13D
330
2
100
AcDbEntity
  8
3
100
AcDbText
 10
26207.64464790111
 20
-12057.22408591297
 30
0.0
 40
2.5
  1
1257
 50
85.7227999999046
 41
0.7
 72
     1
 11
26207.86217846017
 21
-12054.3155424802
 31
0.0
100
AcDbText
  0
LINE
  5
13E
330
2
100
AcDbEntity
  8
3
100
AcDbLine
 10
26209.23417846017
 20
-12049.3760424802
 30
0.0
 11
26208.48417846018
 21
-12059.4040424802
 31
0.0
  0
TEXT
  5
13F
330
2
100
AcDbEntity
  8
3
100
AcDbText
 10
26211.4032575517
 20
-12049.56255466137
 30
0.0
 40
2.5
  1
1119
 50
327.744200000044
 41
0.7
 72
     1
 11
26213.55267846017
 21
-12050.9190424802
 31
0.0
100
AcDbText
  0
LINE
  5
140
330
2
100
AcDbEntity
  8
3
100
AcDbLine
 10
26216.80417846016
 20
-12054.1535424802
 30
0.0
 11
26209.23417846017
 21
-12049.3760424802
 31
0.0
  0
TEXT
  5
141
330
2
100
AcDbEntity
  8
3
100
AcDbText
 10
26212.04562987667
 20
-12061.29516784608
 30
0.0
 40
2.5
  1
1230
 50
32.25579999995603
 41
0.7
 72
     1
 11
26214.51217846016
 21
-12059.7385424802
 31
0.0
100
AcDbText
  0
LINE
  5
142
330
2
100
AcDbEntity
  8
3
100
AcDbLine
 10
26208.48417846018
 20
-12059.4040424802
 30
0.0
 11
26216.80417846016
 21
-12054.1535424802
 31
0.0
  0
TEXT
  5
143
330
2
100
AcDbEntity
  8
3
100
AcDbText
 10
26208.37748262277
 20
-12130.20950614445
 30
0.0
 40
2.5
  1
1150
 50
32.25579999995603
 41
0.7
 72
     1
 11
26210.70308557292
 21
-12128.74183079948
 31
0.0
100
AcDbText
  0
LINE
  5
144
330
2
100
AcDbEntity
  8
3
100
AcDbLine
 10
26212.72458557293
 20
-12123.32733079949
 30
0.0
 11
26204.94608557293
 21
-12128.23633079948
 31
0.0
  0
TEXT
  5
145
330
2
100
AcDbEntity
  8
3
100
AcDbText
 10
26207.44140807639
 20
-12118.24226898734
 30
0.0
 40
2.5
  1
1087
 50
323.9346999999547
 41
0.7
 72
     1
 11
26209.79908557293
 21
-12119.95933079948
 31
0.0
100
AcDbText
  0
LINE
  5
146
330
2
100
AcDbEntity
  8
3
100
AcDbLine
 10
26205.69608557292
 20
-12118.20833079948
 30
0.0
 11
26212.72458557293
 21
-12123.32733079949
 31
0.0
  0
TEXT
  5
147
330
2
100
AcDbEntity
  8
3
100
AcDbText
 10
26204.10605501385
 20
-12126.05637423225
 30
0.0
 40
2.5
  1
1257
 50
85.7227999999046
 41
0.7
 72
     1
 11
26204.32358557292
 21
-12123.14783079948
 31
0.0
100
AcDbText
  0
LINE
  5
148
330
2
100
AcDbEntity
  8
3
100
AcDbLine
 10
26204.94608557293
 20
-12128.23633079948
 30
0.0
 11
26205.69608557292
 21
-12118.20833079948
 31
0.0
  0
TEXT
  5
149
330
2
100
AcDbEntity
  8
3
100
AcDbText
 10
26281.89125888164
 20
-12121.33191005808
 30
0.0
 40
2.5
  1
2460
 50
32.25579999995603
 41
0.7
 72
     1
 11
26284.49875309848
 21
-12119.68633467129
 31
0.0
100
AcDbText
  0
LINE
  5
14A
330
2
100
AcDbEntity
  8
3
100
AcDbLine
 10
26291.28225309848
 20
-12116.5878346713
 30
0.0
 11
26278.78225309848
 21
-12124.4763346713
 31
0.0
  0
TEXT
  5
14B
330
2
100
AcDbEntity
  8
3
100
AcDbText
 10
26295.45825888164
 20
-12118.04075928451
 30
0.0
 40
2.5
  1
2460
 50
327.744200000044
 41
0.7
 72
     1
 11
26298.06575309848
 21
-12119.68633467129
 31
0.0
100
AcDbText
  0
LINE
  5
14C
330
2
100
AcDbEntity
  8
3
100
AcDbLine
 10
26303.78225309848
 20
-12124.4763346713
 30
0.0
 11
26291.28225309848
 21
-12116.5878346713
 31
0.0
  0
TEXT
  5
14D
330
2
100
AcDbEntity
  8
3
100
AcDbText
 10
26288.36558643181
 20
-12127.97633467129
 30
0.0
 40
2.5
  1
4160
 41
0.7
 72
     1
 11
26291.28225309848
 21
-12127.97633467129
 31
0.0
100
AcDbText
  0
LINE
  5
14E
330
2
100
AcDbEntity
  8
3
100
AcDbLine
 10
26278.78225309848
 20
-12124.4763346713
 30
0.0
 11
26303.78225309848
 21
-12124.4763346713
 31
0.0
  0
DIMENSION
  5
14F
330
2
100
AcDbEntity
  8
3
100
AcDbDimension
280
     0
  2
*D56
 10
26396.50848829017
 20
-11865.64877426106
 30
0.0
 11
26399.58753454456
 21
-11876.64971027961
 31
0.0
  1
448
 71
     5
 42
447.9975341378304
 73
     0
 74
     0
 75
     0
  3
BZ$0
100
AcDbAlignedDimension
 13
26385.21525309847
 23
-11888.95583467129
 33
0.0
 14
26383.54475309848
 24
-11866.6183346713
 34
0.0
 50
274.2772000000993
100
AcDbRotatedDimension
  0
DIMENSION
  5
15C
330
2
100
AcDbEntity
  8
3
100
AcDbDimension
280
     0
  2
*D57
 10
26398.17911378836
 20
-11887.98626487502
 30
0.0
 11
26401.22461687734
 21
-11898.53870412192
 31
0.0
  1
430
 71
     5
 42
430.0075592350913
 73
     0
 74
     0
 75
     0
  3
BZ$0
100
AcDbAlignedDimension
 13
26386.81875309847
 23
-11910.39633467129
 33
0.0
 14
26385.21525309847
 24
-11888.95583467129
 34
0.0
 50
274.2772000000993
100
AcDbRotatedDimension
  0
DIMENSION
  5
169
330
2
100
AcDbEntity
  8
3
100
AcDbDimension
280
     0
  2
*D58
 10
26399.78265295571
 20
-11909.42676194568
 30
0.0
 11
26402.86542018514
 21
-11920.47745013502
 31
0.0
  1
450
 71
     5
 42
449.9931790574919
 73
     0
 74
     0
 75
     0
  3
BZ$0
100
AcDbAlignedDimension
 13
26388.49675309847
 23
-11932.83333467129
 33
0.0
 14
26386.81875309847
 24
-11910.39633467129
 34
0.0
 50
274.2772000000993
100
AcDbRotatedDimension
  0
DIMENSION
  5
176
330
2
100
AcDbEntity
  8
3
100
AcDbDimension
280
     0
  2
*D59
 10
26401.46072040397
 20
-11931.86375690121
 30
0.0
 11
26404.54350761757
 21
-11942.91471229349
 31
0.0
  1
450
 71
     5
 42
450.0038970253445
 73
     0
 74
     0
 75
     0
  3
BZ$0
100
AcDbAlignedDimension
 13
26390.17525309847
 23
-11955.27083467129
 33
0.0
 14
26388.49675309847
 24
-11932.83333467129
 34
0.0
 50
274.2772000000993
100
AcDbRotatedDimension
  0
DIMENSION
  5
183
330
2
100
AcDbEntity
  8
3
100
AcDbDimension
280
     0
  2
*D60
 10
26403.13882782059
 20
-11954.30128626261
 30
0.0
 11
26406.22161364357
 21
-11965.35222306133
 31
0.0
  1
450
 71
     5
 42
450.0031512063288
 73
     0
 74
     0
 75
     0
  3
BZ$0
100
AcDbAlignedDimension
 13
26391.85325309848
 23
-11977.70833467129
 33
0.0
 14
26390.17525309847
 24
-11955.27083467129
 34
0.0
 50
274.2772000000993
100
AcDbRotatedDimension
  0
DIMENSION
  5
190
330
2
100
AcDbEntity
  8
3
100
AcDbDimension
280
     0
  2
*D61
 10
26404.81693245594
 20
-11976.73877843691
 30
0.0
 11
26407.80647356151
 21
-11986.54296484055
 31
0.0
  1
400
 71
     5
 42
399.9938540711446
 73
     0
 74
     0
 75
     0
  3
BZ$0
100
AcDbAlignedDimension
 13
26393.34475309847
 23
-11997.6523346713
 33
0.0
 14
26391.85325309848
 24
-11977.70833467129
 34
0.0
 50
274.2772000000993
100
AcDbRotatedDimension
  0
DIMENSION
  5
19D
330
2
100
AcDbEntity
  8
3
100
AcDbDimension
280
     0
  2
*D62
 10
26406.30854765647
 20
-11996.68276982104
 30
0.0
 11
26409.29810735559
 21
-12006.48720483406
 31
0.0
  1
400
 71
     5
 42
400.0038262199814
 73
     0
 74
     0
 75
     0
  3
BZ$0
100
AcDbAlignedDimension
 13
26394.83625309847
 23
-12017.59683467129
 33
0.0
 14
26393.34475309847
 24
-11997.6523346713
 34
0.0
 50
274.2772000000993
100
AcDbRotatedDimension
  0
DIMENSION
  5
1AA
330
2
100
AcDbEntity
  8
3
100
AcDbDimension
280
     0
  2
*D63
 10
26407.8002000441
 20
-12016.62725842393
 30
0.0
 11
26410.88296866414
 21
-12027.67796520683
 31
0.0
  1
450
 71
     5
 42
449.9939248765804
 73
     0
 74
     0
 75
     0
  3
BZ$0
100
AcDbAlignedDimension
 13
26396.51475309848
 23
-12040.0338346713
 33
0.0
 14
26394.83625309847
 24
-12017.59683467129
 34
0.0
 50
274.2772000000993
100
AcDbRotatedDimension
  0
DIMENSION
  5
1B7
330
2
100
AcDbEntity
  8
3
100
AcDbDimension
280
     0
  2
*D64
 10
26409.47827027361
 20
-12039.06429056656
 30
0.0
 11
26412.46782997272
 21
-12048.86872557959
 31
0.0
  1
400
 71
     5
 42
400.003826219945
 73
     0
 74
     0
 75
     0
  3
BZ$0
100
AcDbAlignedDimension
 13
26398.00625309847
 23
-12059.9783346713
 33
0.0
 14
26396.51475309848
 24
-12040.0338346713
 34
0.0
 50
274.2772000000993
100
AcDbRotatedDimension
  0
DIMENSION
  5
1C4
330
2
100
AcDbEntity
  8
3
100
AcDbDimension
280
     0
  2
*D65
 10
26410.96992266125
 20
-12059.00877916946
 30
0.0
 11
26413.95948236037
 21
-12068.81321418248
 31
0.0
  1
400
 71
     5
 42
400.0038262199814
 73
     0
 74
     0
 75
     0
  3
BZ$0
100
AcDbAlignedDimension
 13
26399.49775309846
 23
-12079.92283467129
 33
0.0
 14
26398.00625309847
 24
-12059.9783346713
 34
0.0
 50
274.2772000000993
100
AcDbRotatedDimension
  0
DIMENSION
  5
1D1
330
2
100
AcDbEntity
  8
3
100
AcDbDimension
280
     0
  2
*D66
 10
26412.46157504885
 20
-12078.95326777235
 30
0.0
 11
26415.45111615442
 21
-12088.75745417599
 31
0.0
  1
400
 71
     5
 42
399.9938540708899
 73
     0
 74
     0
 75
     0
  3
BZ$0
100
AcDbAlignedDimension
 13
26400.98925309848
 23
-12099.86683467128
 33
0.0
 14
26399.49775309846
 24
-12079.92283467129
 34
0.0
 50
274.2772000000993
100
AcDbRotatedDimension
  0
DIMENSION
  5
1DE
330
2
100
AcDbEntity
  8
3
100
AcDbDimension
280
     0
  2
*D67
 10
26413.95319024942
 20
-12098.89725915647
 30
0.0
 11
26416.94275133914
 21
-12108.70171276305
 31
0.0
  1
400
 71
     5
 42
400.0045720393246
 73
     0
 74
     0
 75
     0
  3
BZ$0
100
AcDbAlignedDimension
 13
26402.48125309848
 23
-12119.8113346713
 33
0.0
 14
26400.98925309848
 24
-12099.86683467128
 34
0.0
 50
274.2772000000993
100
AcDbRotatedDimension
  0
DIMENSION
  5
1EB
330
2
100
AcDbEntity
  8
3
100
AcDbDimension
280
     0
  2
*D68
 10
26415.44484541826
 20
-12118.84178494647
 30
0.0
 11
26417.87502104549
 21
-12121.16684384035
 31
0.0
  1
100
 71
     5
 42
99.99321928327845
 73
     0
 74
     0
 75
     0
  3
BZ$0
100
AcDbAlignedDimension
 13
26399.86225309849
 23
-12125.02083467129
 33
0.0
 14
26402.48125309848
 24
-12119.8113346713
 34
0.0
 50
274.2772000000993
100
AcDbRotatedDimension
  0
LWPOLYLINE
  5
1FA
330
2
100
AcDbEntity
  8
2
100
AcDbPolyline
 90
        4
 70
     0
 43
0.25
 10
26376.56425309846
 20
-11867.14033467129
 10
26380.55325309846
 20
-11866.84233467128
 10
26380.59025309847
 20
-11867.3408346713
 10
26380.51575309847
 20
-11866.34333467129
  0
LWPOLYLINE
  5
1FB
330
2
100
AcDbEntity
  8
2
100
AcDbPolyline
 90
        5
 70
     0
 43
0.25
 10
26374.74175309847
 20
-11889.6643346713
 10
26375.74175309847
 20
-11889.6643346713
 10
26375.74175309847
 20
-11890.66433467128
 10
26375.74175309847
 20
-11889.6643346713
 10
26376.74175309847
 20
-11889.6643346713
  0
CIRCLE
  5
1FC
330
2
100
AcDbEntity
  8
2
100
AcDbCircle
 10
26375.74175309847
 20
-11889.66433467129
 30
0.0
 40
1.0
  0
LWPOLYLINE
  5
1FD
330
2
100
AcDbEntity
  8
2
100
AcDbPolyline
 90
        4
 70
     0
 43
0.25
 10
26379.83825309847
 20
-11910.9183346713
 10
26383.82725309847
 20
-11910.61983467129
 10
26383.86475309846
 20
-11911.1183346713
 10
26383.78975309848
 20
-11910.12133467129
  0
LWPOLYLINE
  5
1FE
330
2
100
AcDbEntity
  8
2
100
AcDbPolyline
 90
        5
 70
     0
 43
0.25
 10
26378.02325309848
 20
-11933.5418346713
 10
26379.02325309846
 20
-11933.5418346713
 10
26379.02325309846
 20
-11934.5418346713
 10
26379.02325309846
 20
-11933.5418346713
 10
26380.02325309846
 20
-11933.5418346713
  0
CIRCLE
  5
1FF
330
2
100
AcDbEntity
  8
2
100
AcDbCircle
 10
26379.02325309846
 20
-11933.54183467129
 30
0.0
 40
1.0
  0
LWPOLYLINE
  5
200
330
2
100
AcDbEntity
  8
2
100
AcDbPolyline
 90
        4
 70
     0
 43
0.25
 10
26383.19475309848
 20
-11955.79283467129
 10
26387.18325309847
 20
-11955.49433467129
 10
26387.22075309847
 20
-11955.9933346713
 10
26387.14625309847
 20
-11954.9958346713
  0
LWPOLYLINE
  5
201
330
2
100
AcDbEntity
  8
2
100
AcDbPolyline
 90
        5
 70
     0
 43
0.25
 10
26381.37975309847
 20
-11978.4168346713
 10
26382.37975309847
 20
-11978.4168346713
 10
26382.37975309847
 20
-11979.41683467129
 10
26382.37975309847
 20
-11978.4168346713
 10
26383.37975309847
 20
-11978.4168346713
  0
CIRCLE
  5
202
330
2
100
AcDbEntity
  8
2
100
AcDbCircle
 10
26382.37975309847
 20
-11978.4168346713
 30
0.0
 40
1.0
  0
LWPOLYLINE
  5
203
330
2
100
AcDbEntity
  8
2
100
AcDbPolyline
 90
        4
 70
     0
 43
0.25
 10
26386.36425309848
 20
-11998.17433467129
 10
26390.35325309848
 20
-11997.87633467128
 10
26390.39025309848
 20
-11998.37483467128
 10
26390.31575309846
 20
-11997.37733467129
  0
LWPOLYLINE
  5
204
330
2
100
AcDbEntity
  8
2
100
AcDbPolyline
 90
        5
 70
     0
 43
0.25
 10
26384.36275309848
 20
-12018.30533467129
 10
26385.36275309848
 20
-12018.30533467129
 10
26385.36275309848
 20
-12019.3053346713
 10
26385.36275309848
 20
-12018.30533467129
 10
26386.36275309848
 20
-12018.30533467129
  0
CIRCLE
  5
205
330
2
100
AcDbEntity
  8
2
100
AcDbCircle
 10
26385.36275309848
 20
-12018.30533467129
 30
0.0
 40
1.0
  0
LWPOLYLINE
  5
206
330
2
100
AcDbEntity
  8
2
100
AcDbPolyline
 90
        4
 70
     0
 43
0.25
 10
26389.53425309848
 20
-12040.55633467129
 10
26393.52275309847
 20
-12040.25783467129
 10
26393.56025309846
 20
-12040.75633467129
 10
26393.48575309847
 20
-12039.7593346713
  0
LWPOLYLINE
  5
207
330
2
100
AcDbEntity
  8
2
100
AcDbPolyline
 90
        5
 70
     0
 43
0.25
 10
26387.53275309846
 20
-12060.68683467129
 10
26388.53275309846
 20
-12060.68683467129
 10
26388.53275309846
 20
-12061.68683467129
 10
26388.53275309846
 20
-12060.68683467129
 10
26389.53275309846
 20
-12060.68683467129
  0
CIRCLE
  5
208
330
2
100
AcDbEntity
  8
2
100
AcDbCircle
 10
26388.53275309847
 20
-12060.68683467129
 30
0.0
 40
1.0
  0
LWPOLYLINE
  5
209
330
2
100
AcDbEntity
  8
2
100
AcDbPolyline
 90
        4
 70
     0
 43
0.25
 10
26392.51725309847
 20
-12080.44483467129
 10
26396.50625309847
 20
-12080.1463346713
 10
26396.54325309847
 20
-12080.64483467129
 10
26396.46875309848
 20
-12079.6478346713
  0
LWPOLYLINE
  5
20A
330
2
100
AcDbEntity
  8
2
100
AcDbPolyline
 90
        5
 70
     0
 43
0.25
 10
26390.51575309847
 20
-12100.57533467129
 10
26391.51575309847
 20
-12100.57533467129
 10
26391.51575309847
 20
-12101.57533467129
 10
26391.51575309847
 20
-12100.57533467129
 10
26392.51575309847
 20
-12100.57533467129
  0
CIRCLE
  5
20B
330
2
100
AcDbEntity
  8
2
100
AcDbCircle
 10
26391.51575309847
 20
-12100.57533467129
 30
0.0
 40
1.0
  0
LWPOLYLINE
  5
20C
330
2
100
AcDbEntity
  8
2
100
AcDbPolyline
 90
        4
 70
     0
 43
0.25
 10
26395.50075309846
 20
-12120.33333467129
 10
26399.48925309848
 20
-12120.03483467129
 10
26399.52675309847
 20
-12120.5338346713
 10
26399.45225309847
 20
-12119.53633467129
  0
LWPOLYLINE
  5
20D
330
2
100
AcDbEntity
  8
2
100
AcDbPolyline
 90
        2
 70
     0
 43
0.25
 10
26188.96325309847
 20
-12111.70083467129
 10
26186.47025309848
 20
-12111.51433467129
  0
LWPOLYLINE
  5
20E
330
2
100
AcDbEntity
  8
2
100
AcDbPolyline
 90
        2
 70
     0
 43
0.25
 10
26188.70225309848
 20
-12115.1913346713
 10
26186.20875309847
 20
-12115.00483467129
  0
LWPOLYLINE
  5
20F
330
2
100
AcDbEntity
  8
2
100
AcDbPolyline
 90
        2
 70
     0
 43
0.25
 10
26188.44075309846
 20
-12118.68133467129
 10
26185.94775309847
 20
-12118.49483467129
  0
LWPOLYLINE
  5
210
330
2
100
AcDbEntity
  8
2
100
AcDbPolyline
 90
        2
 70
     0
 43
0.25
 10
26188.17975309848
 20
-12122.17183467129
 10
26185.68675309847
 20
-12121.98533467129
  0
LWPOLYLINE
  5
211
330
2
100
AcDbEntity
  8
2
100
AcDbPolyline
 90
        2
 70
     0
 43
0.25
 10
26396.22525309848
 20
-12113.25983467129
 10
26393.73175309849
 20
-12113.4458346713
  0
LWPOLYLINE
  5
212
330
2
100
AcDbEntity
  8
2
100
AcDbPolyline
 90
        2
 70
     0
 43
0.25
 10
26396.48625309847
 20
-12116.74983467128
 10
26393.99275309847
 20
-12116.9363346713
  0
LWPOLYLINE
  5
213
330
2
100
AcDbEntity
  8
2
100
AcDbPolyline
 90
        2
 70
     0
 43
0.25
 10
26396.74725309848
 20
-12120.2403346713
 10
26394.25425309846
 20
-12120.42633467129
  0
LWPOLYLINE
  5
214
330
2
100
AcDbEntity
  8
2
100
AcDbPolyline
 90
        2
 70
     0
 43
0.25
 10
26397.00825309846
 20
-12123.73033467129
 10
26394.51525309848
 20
-12123.9168346713
  0
LWPOLYLINE
  5
215
330
2
100
AcDbEntity
  8
2
100
AcDbPolyline
 90
        2
 70
     0
 43
0.25
 10
26206.32575309847
 20
-11874.1818346713
 10
26203.83275309848
 20
-11873.9958346713
  0
LWPOLYLINE
  5
216
330
2
100
AcDbEntity
  8
2
100
AcDbPolyline
 90
        2
 70
     0
 43
0.25
 10
26206.06475309847
 20
-11877.6723346713
 10
26203.57175309847
 20
-11877.48583467129
  0
LWPOLYLINE
  5
217
330
2
100
AcDbEntity
  8
2
100
AcDbPolyline
 90
        2
 70
     0
 43
0.25
 10
26205.80375309847
 20
-11881.16233467129
 10
26203.31075309847
 20
-11880.97633467129
  0
LWPOLYLINE
  5
218
330
2
100
AcDbEntity
  8
2
100
AcDbPolyline
 90
        2
 70
     0
 43
0.25
 10
26205.54275309847
 20
-11884.65283467129
 10
26203.04975309846
 20
-11884.46633467129
  0
LWPOLYLINE
  5
219
330
2
100
AcDbEntity
  8
2
100
AcDbPolyline
 90
        2
 70
     0
 43
0.25
 10
26206.71775309848
 20
-11868.9468346713
 10
26204.22425309848
 20
-11868.76033467129
  0
LWPOLYLINE
  5
21A
330
2
100
AcDbEntity
  8
2
100
AcDbPolyline
 90
        2
 70
     0
 43
0.25
 10
26206.97875309847
 20
-11865.4563346713
 10
26204.48575309847
 20
-11865.2698346713
  0
LWPOLYLINE
  5
21B
330
2
100
AcDbEntity
  8
2
100
AcDbPolyline
 90
        2
 70
     0
 43
0.25
 10
26207.23975309849
 20
-11861.96633467129
 10
26204.74675309847
 20
-11861.7798346713
  0
LWPOLYLINE
  5
21C
330
2
100
AcDbEntity
  8
2
100
AcDbPolyline
 90
        2
 70
     0
 43
0.25
 10
26207.50075309847
 20
-11858.47583467129
 10
26205.00775309847
 20
-11858.2893346713
  0
LWPOLYLINE
  5
21D
330
2
100
AcDbEntity
  8
2
100
AcDbPolyline
 90
        2
 70
     0
 43
0.25
 10
26376.36925309848
 20
-11875.92733467129
 10
26378.86225309847
 20
-11875.74083467129
  0
LWPOLYLINE
  5
21E
330
2
100
AcDbEntity
  8
2
100
AcDbPolyline
 90
        2
 70
     0
 43
0.25
 10
26376.63025309847
 20
-11879.4173346713
 10
26379.12325309847
 20
-11879.2308346713
  0
LWPOLYLINE
  5
21F
330
2
100
AcDbEntity
  8
2
100
AcDbPolyline
 90
        2
 70
     0
 43
0.25
 10
26376.89125309848
 20
-11882.9078346713
 10
26379.38425309848
 20
-11882.7213346713
  0
LWPOLYLINE
  5
220
330
2
100
AcDbEntity
  8
2
100
AcDbPolyline
 90
        2
 70
     0
 43
0.25
 10
26377.15225309846
 20
-11886.3978346713
 10
26379.64525309847
 20
-11886.21133467129
  0
LWPOLYLINE
  5
221
330
2
100
AcDbEntity
  8
2
100
AcDbPolyline
 90
        2
 70
     0
 43
0.25
 10
26375.97725309848
 20
-11870.69183467129
 10
26378.47075309847
 20
-11870.5053346713
  0
LWPOLYLINE
  5
222
330
2
100
AcDbEntity
  8
2
100
AcDbPolyline
 90
        2
 70
     0
 43
0.25
 10
26375.71625309848
 20
-11867.2013346713
 10
26378.20925309847
 20
-11867.01533467129
  0
LWPOLYLINE
  5
223
330
2
100
AcDbEntity
  8
2
100
AcDbPolyline
 90
        2
 70
     0
 43
0.25
 10
26375.45525309846
 20
-11863.71133467129
 10
26377.94825309848
 20
-11863.52483467129
  0
LWPOLYLINE
  5
224
330
2
100
AcDbEntity
  8
2
100
AcDbPolyline
 90
        2
 70
     0
 43
0.25
 10
26375.19425309848
 20
-11860.2208346713
 10
26377.68725309847
 20
-11860.03483467129
  0
INSERT
  5
225
330
2
100
AcDbEntity
  8
2
100
AcDbBlockReference
  2
M20X45
 10
26190.07925309847
 20
-12113.53933467129
 30
0.0
 41
5.0
 42
5.0
 43
5.0
  0
INSERT
  5
22C
330
2
100
AcDbEntity
  8
2
100
AcDbBlockReference
  2
M20X45
 10
26189.81825309848
 20
-12117.02933467129
 30
0.0
 41
5.0
 42
5.0
 43
5.0
  0
INSERT
  5
22D
330
2
100
AcDbEntity
  8
2
100
AcDbBlockReference
  2
M20X45
 10
26189.55675309847
 20
-12120.51983467129
 30
0.0
 41
5.0
 42
5.0
 43
5.0
  0
INSERT
  5
22E
330
2
100
AcDbEntity
  8
2
100
AcDbBlockReference
  2
M20X45
 10
26189.29575309847
 20
-12124.00983467129
 30
0.0
 41
5.0
 42
5.0
 43
5.0
  0
INSERT
  5
22F
330
2
100
AcDbEntity
  8
2
100
AcDbBlockReference
  2
M20X45
 10
26392.35475309847
 20
-12111.79433467129
 30
0.0
 41
5.0
 42
5.0
 43
5.0
  0
INSERT
  5
230
330
2
100
AcDbEntity
  8
2
100
AcDbBlockReference
  2
M20X45
 10
26392.61575309848
 20
-12115.28433467129
 30
0.0
 41
5.0
 42
5.0
 43
5.0
  0
INSERT
  5
231
330
2
100
AcDbEntity
  8
2
100
AcDbBlockReference
  2
M20X45
 10
26392.87675309847
 20
-12118.77483467129
 30
0.0
 41
5.0
 42
5.0
 43
5.0
  0
INSERT
  5
232
330
2
100
AcDbEntity
  8
2
100
AcDbBlockReference
  2
M20X45
 10
26393.13825309847
 20
-12122.26483467129
 30
0.0
 41
5.0
 42
5.0
 43
5.0
  0
INSERT
  5
233
330
2
100
AcDbEntity
  8
2
100
AcDbBlockReference
  2
M20X55
 10
26374.59325309847
 20
-11874.3053346713
 30
0.0
 41
5.0
 42
5.0
 43
5.0
  0
INSERT
  5
23B
330
2
100
AcDbEntity
  8
2
100
AcDbBlockReference
  2
M20X55
 10
26374.85425309848
 20
-11877.79533467129
 30
0.0
 41
5.0
 42
5.0
 43
5.0
  0
INSERT
  5
23C
330
2
100
AcDbEntity
  8
2
100
AcDbBlockReference
  2
M20X55
 10
26375.11525309847
 20
-11881.2858346713
 30
0.0
 41
5.0
 42
5.0
 43
5.0
  0
INSERT
  5
23D
330
2
100
AcDbEntity
  8
2
100
AcDbBlockReference
  2
M20X55
 10
26375.37625309848
 20
-11884.7758346713
 30
0.0
 41
5.0
 42
5.0
 43
5.0
  0
INSERT
  5
23E
330
2
100
AcDbEntity
  8
2
100
AcDbBlockReference
  2
M20X55
 10
26207.84075309847
 20
-11876.0503346713
 30
0.0
 41
5.0
 42
5.0
 43
5.0
  0
INSERT
  5
23F
330
2
100
AcDbEntity
  8
2
100
AcDbBlockReference
  2
M20X55
 10
26207.57975309848
 20
-11879.54033467129
 30
0.0
 41
5.0
 42
5.0
 43
5.0
  0
INSERT
  5
240
330
2
100
AcDbEntity
  8
2
100
AcDbBlockReference
  2
M20X55
 10
26207.31875309847
 20
-11883.0308346713
 30
0.0
 41
5.0
 42
5.0
 43
5.0
  0
INSERT
  5
241
330
2
100
AcDbEntity
  8
2
100
AcDbBlockReference
  2
M20X55
 10
26207.05775309848
 20
-11886.52083467129
 30
0.0
 41
5.0
 42
5.0
 43
5.0
  0
TEXT
  5
242
330
2
100
AcDbEntity
  8
0
100
AcDbText
 10
26294.90275309847
 20
-12070.30283467129
 30
0.0
 40
2.2
  1
-14
 41
0.7
100
AcDbText
  0
CIRCLE
  5
243
330
2
100
AcDbEntity
  8
0
100
AcDbCircle
 10
26291.47425309846
 20
-12072.30283467129
 30
0.0
 40
4.0
  0
TEXT
  5
244
330
2
100
AcDbEntity
  8
0
100
AcDbText
 10
26289.02422929848
 20
-12073.80273467129
 30
0.0
 40
3.0
  1
516
 41
0.7
 72
     1
 11
26291.47422929848
 21
-12072.30273467129
 31
0.0
100
AcDbText
 73
     2
  0
LINE
  5
245
330
2
100
AcDbEntity
  8
0
100
AcDbLine
 10
26291.28225309848
 20
-12083.30103467129
 30
0.0
 11
26291.40441979848
 21
-12076.30213467129
 31
0.0
  0
LINE
  5
246
330
2
100
AcDbEntity
  8
1
100
AcDbLine
 10
26289.28225309847
 20
-12087.3010346713
 30
0.0
 11
26289.28225314318
 21
-12086.10104705794
 31
0.0
  0
LINE
  5
24B
330
2
100
AcDbEntity
  8
1
100
AcDbLine
 10
26289.28225309847
 20
-12083.30103467129
 30
0.0
 11
26289.28225314318
 21
-12084.50104709371
 31
0.0
  0
LINE
  5
24C
330
2
100
AcDbEntity
  8
1
100
AcDbLine
 10
26289.28225309847
 20
-12083.30103467129
 30
0.0
 11
26290.48225311636
 21
-12083.30104712053
 31
0.0
  0
LINE
  5
24D
330
2
100
AcDbEntity
  8
1
100
AcDbLine
 10
26293.28225309847
 20
-12083.30103467129
 30
0.0
 11
26292.0822530806
 21
-12083.30104712053
 31
0.0
  0
LINE
  5
24E
330
2
100
AcDbEntity
  8
1
100
AcDbLine
 10
26293.28225309847
 20
-12083.30103467129
 30
0.0
 11
26293.28225305377
 21
-12084.50104709371
 31
0.0
  0
LINE
  5
24F
330
2
100
AcDbEntity
  8
1
100
AcDbLine
 10
26293.28225309847
 20
-12087.3010346713
 30
0.0
 11
26293.28225305377
 21
-12086.10104705794
 31
0.0
  0
LINE
  5
250
330
2
100
AcDbEntity
  8
1
100
AcDbLine
 10
26293.28225309847
 20
-12087.3010346713
 30
0.0
 11
26292.0822530806
 21
-12087.30104703112
 31
0.0
  0
LINE
  5
251
330
2
100
AcDbEntity
  8
1
100
AcDbLine
 10
26289.28225309847
 20
-12087.3010346713
 30
0.0
 11
26290.48225311636
 21
-12087.30104703112
 31
0.0
  0
TEXT
  5
252
330
2
100
AcDbEntity
  8
0
100
AcDbText
 10
26196.46364029862
 20
-11866.73112336468
 30
0.0
 40
3.0
  1
513
 41
0.7
 72
     1
 11
26198.96364029862
 21
-11865.23112336468
 31
0.0
100
AcDbText
 73
     2
  0
CIRCLE
  5
253
330
2
100
AcDbEntity
  8
0
100
AcDbCircle
 10
26198.96384029863
 20
-11865.23122336468
 30
0.0
 40
4.0
  0
TEXT
  5
254
330
2
100
AcDbEntity
  8
0
100
AcDbText
 10
26383.11498917625
 20
-11868.60865732826
 30
0.0
 40
2.5
  1
Q345L110X8
 50
274.2772000000954
 41
0.7
 72
     1
 11
26383.68989136808
 21
-11876.29552211487
 31
0.0
100
AcDbText
  0
TEXT
  5
255
330
2
100
AcDbEntity
  8
0
100
AcDbText
 10
26380.03208207965
 20
-11874.31328860958
 30
0.0
 40
2.5
  1
620
 50
274.2772000000954
 41
0.7
 72
     1
 11
26380.19989136808
 21
-11876.55702211486
 31
0.0
100
AcDbText
  0
LINE
  5
256
330
2
100
AcDbEntity
  8
0
100
AcDbLine
 10
26383.79739136807
 20
-11884.43552211487
 30
0.0
 11
26382.58539136808
 21
-11868.23052211487
 31
0.0
  0
TEXT
  5
257
330
2
100
AcDbEntity
  8
0
100
AcDbText
 10
26380.91865287928
 20
-11863.81913644228
 30
0.0
 40
3.0
  1
513
 41
0.7
 72
     1
 11
26383.41865287928
 21
-11862.31913644228
 31
0.0
100
AcDbText
 73
     2
  0
CIRCLE
  5
258
330
2
100
AcDbEntity
  8
0
100
AcDbCircle
 10
26383.41870287928
 20
-11862.31908644228
 30
0.0
 40
4.0
  0
TEXT
  5
259
330
2
100
AcDbEntity
  8
0
100
AcDbText
 10
26219.21350309848
 20
-11943.20518467129
 30
0.0
 40
3.0
  1
512
 41
0.7
 72
     1
 11
26221.71350309848
 21
-11941.70518467129
 31
0.0
100
AcDbText
 73
     2
  0
CIRCLE
  5
25A
330
2
100
AcDbEntity
  8
0
100
AcDbCircle
 10
26221.71325309847
 20
-11941.70533467129
 30
0.0
 40
4.0
  0
TEXT
  5
25B
330
2
100
AcDbEntity
  8
0
100
AcDbText
 10
26359.55694321102
 20
-11941.41247905912
 30
0.0
 40
2.5
  1
L40X3
 50
325.1282000000291
 41
0.7
 72
     1
 11
26362.66775309847
 21
-11943.58033467129
 31
0.0
100
AcDbText
  0
TEXT
  5
25C
330
2
100
AcDbEntity
  8
0
100
AcDbText
 10
26358.27332241581
 20
-11944.78425343116
 30
0.0
 40
2.5
  1
1203
 50
325.1282000000291
 41
0.7
 72
     1
 11
26360.66625309847
 21
-11946.4518346713
 31
0.0
100
AcDbText
  0
LINE
  5
25D
330
2
100
AcDbEntity
  8
0
100
AcDbLine
 10
26365.71475309848
 20
-11946.31333467129
 30
0.0
 11
26359.04875309847
 21
-11941.6678346713
 31
0.0
  0
TEXT
  5
25E
330
2
100
AcDbEntity
  8
0
100
AcDbText
 10
26353.01820309848
 20
-11939.48883467129
 30
0.0
 40
3.0
  1
512
 41
0.7
 72
     1
 11
26355.51820309848
 21
-11937.98883467129
 31
0.0
100
AcDbText
 73
     2
  0
CIRCLE
  5
25F
330
2
100
AcDbEntity
  8
0
100
AcDbCircle
 10
26355.51825309848
 20
-11937.98883467129
 30
0.0
 40
4.0
  0
TEXT
  5
260
330
2
100
AcDbEntity
  8
0
100
AcDbText
 10
26249.99749309848
 20
-11963.20373467129
 30
0.0
 40
3.0
  1
511
 41
0.7
 72
     1
 11
26252.04749309848
 21
-11961.70373467129
 31
0.0
100
AcDbText
 73
     2
  0
CIRCLE
  5
261
330
2
100
AcDbEntity
  8
0
100
AcDbCircle
 10
26252.04725309847
 20
-11961.7038346713
 30
0.0
 40
4.0
  0
TEXT
  5
262
330
2
100
AcDbEntity
  8
0
100
AcDbText
 10
26331.92096337169
 20
-11960.36622820869
 30
0.0
 40
2.5
  1
L40X3
 50
274.2772000000954
 41
0.7
 72
     1
 11
26332.20375309848
 21
-11964.14733467129
 31
0.0
100
AcDbText
  0
TEXT
  5
263
330
2
100
AcDbEntity
  8
0
100
AcDbText
 10
26328.49622253941
 20
-11961.49979123852
 30
0.0
 40
2.5
  1
1307
 50
274.2772000000954
 41
0.7
 72
     1
 11
26328.71375309848
 21
-11964.4083346713
 31
0.0
100
AcDbText
  0
LINE
  5
264
330
2
100
AcDbEntity
  8
0
100
AcDbLine
 10
26332.00825309847
 20
-11968.23583467129
 30
0.0
 11
26331.40225309846
 21
-11960.13333467129
 31
0.0
  0
TEXT
  5
265
330
2
100
AcDbEntity
  8
0
100
AcDbText
 10
26327.98223309847
 20
-11956.72183467129
 30
0.0
 40
3.0
  1
511
 41
0.7
 72
     1
 11
26330.03223309847
 21
-11955.22183467129
 31
0.0
100
AcDbText
 73
     2
  0
CIRCLE
  5
266
330
2
100
AcDbEntity
  8
0
100
AcDbCircle
 10
26330.03225309848
 20
-11955.22183467129
 30
0.0
 40
4.0
  0
TEXT
  5
267
330
2
100
AcDbEntity
  8
0
100
AcDbText
 10
26214.88875309846
 20
-11984.86518467129
 30
0.0
 40
3.0
  1
510
 41
0.7
 72
     1
 11
26217.38875309846
 21
-11983.36518467129
 31
0.0
100
AcDbText
 73
     2
  0
CIRCLE
  5
268
330
2
100
AcDbEntity
  8
0
100
AcDbCircle
 10
26217.38875309846
 20
-11983.3653346713
 30
0.0
 40
4.0
  0
TEXT
  5
269
330
2
100
AcDbEntity
  8
0
100
AcDbText
 10
26363.27590335003
 20
-11982.97695844918
 30
0.0
 40
2.5
  1
L40X3
 50
39.11579999997472
 41
0.7
 72
     1
 11
26366.21775309847
 21
-11980.5848346713
 31
0.0
100
AcDbText
  0
TEXT
  5
26A
330
2
100
AcDbEntity
  8
0
100
AcDbText
 10
26366.13046373432
 20
-11985.16671695953
 30
0.0
 40
2.5
  1
1064
 50
39.11579999997472
 41
0.7
 72
     1
 11
26368.42575309848
 21
-11983.30033467129
 31
0.0
100
AcDbText
  0
LINE
  5
26B
330
2
100
AcDbEntity
  8
0
100
AcDbLine
 10
26369.68525309847
 20
-11978.40983467129
 30
0.0
 11
26363.38125309847
 21
-11983.53583467129
 31
0.0
  0
TEXT
  5
26C
330
2
100
AcDbEntity
  8
0
100
AcDbText
 10
26357.63255309847
 20
-11988.9659846713
 30
0.0
 40
3.0
  1
510
 41
0.7
 72
     1
 11
26360.13255309847
 21
-11987.4659846713
 31
0.0
100
AcDbText
 73
     2
  0
CIRCLE
  5
26D
330
2
100
AcDbEntity
  8
0
100
AcDbCircle
 10
26360.13275309847
 20
-11987.46583467129
 30
0.0
 40
4.0
  0
TEXT
  5
26E
330
2
100
AcDbEntity
  8
0
100
AcDbText
 10
26264.79386599007
 20
-11984.87915290953
 30
0.0
 40
2.5
  1
L56X4
 50
34.8717999999709
 41
0.7
 72
     1
 11
26267.93886060156
 21
-11982.68747470821
 31
0.0
100
AcDbText
  0
TEXT
  5
26F
330
2
100
AcDbEntity
  8
0
100
AcDbText
 10
26267.41019102276
 20
-11987.32184630492
 30
0.0
 40
2.5
  1
4435
 50
34.8717999999709
 41
0.7
 72
     1
 11
26269.93986060156
 21
-11985.55897470821
 31
0.0
100
AcDbText
  0
LINE
  5
270
330
2
100
AcDbEntity
  8
0
100
AcDbLine
 10
26271.55786060156
 20
-11980.77497470821
 30
0.0
 11
26264.89186060157
 21
-11985.4204747082
 31
0.0
  0
TEXT
  5
271
330
2
100
AcDbEntity
  8
0
100
AcDbText
 10
26258.71141060156
 20
-11990.59972470821
 30
0.0
 40
3.0
  1
509
 41
0.7
 72
     1
 11
26261.36141060156
 21
-11989.09972470821
 31
0.0
100
AcDbText
 73
     2
  0
CIRCLE
  5
272
330
2
100
AcDbEntity
  8
0
100
AcDbCircle
 10
26261.36136060156
 20
-11989.0999747082
 30
0.0
 40
4.0
  0
TEXT
  5
273
330
2
100
AcDbEntity
  8
0
100
AcDbText
 10
26314.59445984958
 20
-11982.79200013892
 30
0.0
 40
2.5
  1
L56X4
 50
325.1282000000291
 41
0.7
 72
     1
 11
26317.73945446106
 21
-11984.98367834024
 31
0.0
100
AcDbText
  0
TEXT
  5
274
330
2
100
AcDbEntity
  8
0
100
AcDbText
 10
26313.20878488226
 20
-11986.09230674353
 30
0.0
 40
2.5
  1
4435
 50
325.1282000000291
 41
0.7
 72
     1
 11
26315.73845446106
 21
-11987.85517834024
 31
0.0
100
AcDbText
  0
LINE
  5
275
330
2
100
AcDbEntity
  8
0
100
AcDbLine
 10
26320.78645446107
 20
-11987.71667834024
 30
0.0
 11
26314.12045446107
 21
-11983.07117834024
 31
0.0
  0
TEXT
  5
276
330
2
100
AcDbEntity
  8
0
100
AcDbText
 10
26307.36490506072
 20
-11981.79166845645
 30
0.0
 40
3.0
  1
508
 41
0.7
 72
     1
 11
26310.06490506072
 21
-11980.29166845645
 31
0.0
100
AcDbText
 73
     2
  0
CIRCLE
  5
277
330
2
100
AcDbEntity
  8
0
100
AcDbCircle
 10
26310.06515006071
 20
-11980.29146845645
 30
0.0
 40
4.0
  0
TEXT
  5
278
330
2
100
AcDbEntity
  8
0
100
AcDbText
 10
26212.20095309846
 20
-12068.4882346713
 30
0.0
 40
3.0
  1
507
 41
0.7
 72
     1
 11
26214.90095309846
 21
-12066.9882346713
 31
0.0
100
AcDbText
 73
     2
  0
CIRCLE
  5
279
330
2
100
AcDbEntity
  8
0
100
AcDbCircle
 10
26214.90075309847
 20
-12066.98833467129
 30
0.0
 40
4.0
  0
TEXT
  5
27A
330
2
100
AcDbEntity
  8
0
100
AcDbText
 10
26366.35723993993
 20
-12066.75522169565
 30
0.0
 40
2.5
  1
L40X3
 50
327.744200000044
 41
0.7
 72
     1
 11
26369.56375309847
 21
-12068.77883467129
 31
0.0
100
AcDbText
  0
TEXT
  5
27B
330
2
100
AcDbEntity
  8
0
100
AcDbText
 10
26365.22920451498
 20
-12070.18170930542
 30
0.0
 40
2.5
  1
1280
 50
327.744200000044
 41
0.7
 72
     1
 11
26367.69575309848
 21
-12071.7383346713
 31
0.0
100
AcDbText
  0
LINE
  5
27C
330
2
100
AcDbEntity
  8
0
100
AcDbLine
 10
26372.73225309848
 20
-12071.36983467129
 30
0.0
 11
26365.86125309847
 21
-12067.03333467129
 31
0.0
  0
TEXT
  5
27D
330
2
100
AcDbEntity
  8
0
100
AcDbText
 10
26359.46665309847
 20
-12065.01918467129
 30
0.0
 40
3.0
  1
507
 41
0.7
 72
     1
 11
26362.16665309847
 21
-12063.51918467129
 31
0.0
100
AcDbText
 73
     2
  0
CIRCLE
  5
27E
330
2
100
AcDbEntity
  8
0
100
AcDbCircle
 10
26362.16675309847
 20
-12063.51933467129
 30
0.0
 40
4.0
  0
TEXT
  5
27F
330
2
100
AcDbEntity
  8
0
100
AcDbText
 10
26244.70998809847
 20
-12088.70903467129
 30
0.0
 40
3.0
  1
506
 41
0.7
 72
     1
 11
26247.35998809848
 21
-12087.20903467129
 31
0.0
100
AcDbText
 73
     2
  0
CIRCLE
  5
280
330
2
100
AcDbEntity
  8
0
100
AcDbCircle
 10
26247.35975309847
 20
-12087.20883467129
 30
0.0
 40
4.0
  0
TEXT
  5
281
330
2
100
AcDbEntity
  8
0
100
AcDbText
 10
26336.60846337169
 20
-12085.87122820869
 30
0.0
 40
2.5
  1
L40X3
 50
274.2772000000954
 41
0.7
 72
     1
 11
26336.89125309848
 21
-12089.65233467129
 31
0.0
100
AcDbText
  0
TEXT
  5
282
330
2
100
AcDbEntity
  8
0
100
AcDbText
 10
26333.18372253941
 20
-12087.00479123852
 30
0.0
 40
2.5
  1
1307
 50
274.2772000000954
 41
0.7
 72
     1
 11
26333.40125309848
 21
-12089.91333467129
 31
0.0
100
AcDbText
  0
LINE
  5
283
330
2
100
AcDbEntity
  8
0
100
AcDbLine
 10
26336.69575309847
 20
-12093.7408346713
 30
0.0
 11
26336.08975309846
 21
-12085.6388346713
 31
0.0
  0
TEXT
  5
284
330
2
100
AcDbEntity
  8
0
100
AcDbText
 10
26332.06973809847
 20
-12082.22713467129
 30
0.0
 40
3.0
  1
506
 41
0.7
 72
     1
 11
26334.71973809847
 21
-12080.72713467129
 31
0.0
100
AcDbText
 73
     2
  0
CIRCLE
  5
285
330
2
100
AcDbEntity
  8
0
100
AcDbCircle
 10
26334.71975309848
 20
-12080.72733467129
 30
0.0
 40
4.0
  0
TEXT
  5
286
330
2
100
AcDbEntity
  8
0
100
AcDbText
 10
26207.84960309847
 20
-12110.40400967129
 30
0.0
 40
3.0
  1
505
 41
0.7
 72
     1
 11
26210.54960309847
 21
-12108.90400967129
 31
0.0
100
AcDbText
 73
     2
  0
CIRCLE
  5
287
330
2
100
AcDbEntity
  8
0
100
AcDbCircle
 10
26210.54975309846
 20
-12108.90383467129
 30
0.0
 40
4.0
  0
TEXT
  5
288
330
2
100
AcDbEntity
  8
0
100
AcDbText
 10
26370.13827235297
 20
-12108.41501502709
 30
0.0
 40
2.5
  1
L40X3
 50
36.06530000004529
 41
0.7
 72
     1
 11
26373.20325309848
 21
-12106.1828346713
 31
0.0
100
AcDbText
  0
TEXT
  5
289
330
2
100
AcDbEntity
  8
0
100
AcDbText
 10
26373.04080003029
 20
-12110.6312786656
 30
0.0
 40
2.5
  1
1137
 50
36.06530000004529
 41
0.7
 72
     1
 11
26375.26375309847
 21
-12109.01233467129
 31
0.0
100
AcDbText
  0
LINE
  5
28A
330
2
100
AcDbEntity
  8
0
100
AcDbLine
 10
26376.78175309846
 20
-12104.19533467129
 30
0.0
 11
26370.21375309848
 21
-12108.9788346713
 31
0.0
  0
TEXT
  5
28B
330
2
100
AcDbEntity
  8
0
100
AcDbText
 10
26364.06065309847
 20
-12114.23060467129
 30
0.0
 40
3.0
  1
505
 41
0.7
 72
     1
 11
26366.76065309847
 21
-12112.73060467129
 31
0.0
100
AcDbText
 73
     2
  0
CIRCLE
  5
28C
330
2
100
AcDbEntity
  8
0
100
AcDbCircle
 10
26366.76075309847
 20
-12112.73083467129
 30
0.0
 40
4.0
  0
TEXT
  5
28D
330
2
100
AcDbEntity
  8
0
100
AcDbText
 10
26260.65174429358
 20
-12111.49204516343
 30
0.0
 40
2.5
  1
L56X4
 50
32.25579999995603
 41
0.7
 72
     1
 11
26263.89349386046
 21
-12109.44619468256
 31
0.0
100
AcDbText
  0
TEXT
  5
28E
330
2
100
AcDbEntity
  8
0
100
AcDbText
 10
26263.15399964362
 20
-12114.05127006934
 30
0.0
 40
2.5
  1
4747
 50
32.25579999995603
 41
0.7
 72
     1
 11
26265.76149386046
 21
-12112.40569468255
 31
0.0
100
AcDbText
  0
LINE
  5
28F
330
2
100
AcDbEntity
  8
0
100
AcDbLine
 10
26267.59599386046
 20
-12107.70069468255
 30
0.0
 11
26260.72499386047
 21
-12112.03719468255
 31
0.0
  0
TEXT
  5
290
330
2
100
AcDbEntity
  8
0
100
AcDbText
 10
26254.28009386046
 20
-12117.05117468256
 30
0.0
 40
3.0
  1
504
 41
0.7
 72
     1
 11
26257.03009386046
 21
-12115.55117468256
 31
0.0
100
AcDbText
 73
     2
  0
CIRCLE
  5
291
330
2
100
AcDbEntity
  8
0
100
AcDbCircle
 10
26257.02999386046
 20
-12115.55119468255
 30
0.0
 40
4.0
  0
TEXT
  5
292
330
2
100
AcDbEntity
  8
0
100
AcDbText
 10
26321.05571541095
 20
-12109.76707056938
 30
0.0
 40
2.5
  1
L56X4
 50
327.744200000044
 41
0.7
 72
     1
 11
26324.29746497783
 21
-12111.81292105025
 31
0.0
100
AcDbText
  0
TEXT
  5
293
330
2
100
AcDbEntity
  8
0
100
AcDbText
 10
26319.821970761
 20
-12113.12734566347
 30
0.0
 40
2.5
  1
4747
 50
327.744200000044
 41
0.7
 72
     1
 11
26322.42946497783
 21
-12114.77292105025
 31
0.0
100
AcDbText
  0
LINE
  5
294
330
2
100
AcDbEntity
  8
0
100
AcDbLine
 10
26327.46646497784
 20
-12114.40392105025
 30
0.0
 11
26320.59496497783
 21
-12110.06742105025
 31
0.0
  0
TEXT
  5
295
330
2
100
AcDbEntity
  8
0
100
AcDbText
 10
26313.13311497783
 20
-12109.74480105025
 30
0.0
 40
3.0
  1
503
 41
0.7
 72
     1
 11
26315.83311497783
 21
-12108.24480105025
 31
0.0
100
AcDbText
 73
     2
  0
CIRCLE
  5
296
330
2
100
AcDbEntity
  8
0
100
AcDbCircle
 10
26315.83296497784
 20
-12108.24492105025
 30
0.0
 40
4.0
  0
TEXT
  5
297
330
2
100
AcDbEntity
  8
0
100
AcDbText
 10
26202.44337534277
 20
-11882.02124048614
 30
0.0
 40
2.5
  1
+550
 50
85.7227999999046
 41
0.7
 72
     1
 11
26202.69198169599
 21
-11878.69719084869
 31
0.0
100
AcDbText
  0
TEXT
  5
298
330
2
100
AcDbEntity
  8
0
100
AcDbText
 10
26184.42261371578
 20
-12122.42468542076
 30
0.0
 40
2.5
  1
-510
 50
85.7227999999046
 41
0.7
 72
     1
 11
26184.65878975134
 21
-12119.26683826518
 31
0.0
100
AcDbText
  0
TEXT
  5
299
330
2
100
AcDbEntity
  8
0
100
AcDbText
 10
26190.58672407393
 20
-11992.49567147597
 30
0.0
 40
2.5
  1
Q345L100X8
 50
85.7227999999046
 41
0.7
 72
     1
 11
26191.17405658342
 21
-11984.64260420749
 31
0.0
100
AcDbText
  0
TEXT
  5
29A
330
2
100
AcDbEntity
  8
0
100
AcDbText
 10
26194.43409570669
 20
-11987.97835012214
 30
0.0
 40
2.5
  1
5068
 50
85.7227999999046
 41
0.7
 72
     1
 11
26194.66405658342
 21
-11984.90360420749
 31
0.0
100
AcDbText
  0
LINE
  5
29B
330
2
100
AcDbEntity
  8
0
100
AcDbLine
 10
26192.27855658342
 20
-11976.57760420749
 30
0.0
 11
26191.06655658343
 21
-11992.78210420749
 31
0.0
  0
TEXT
  5
29C
330
2
100
AcDbEntity
  8
0
100
AcDbText
 10
26182.28895132027
 20
-12003.96160420749
 30
0.0
 40
3.0
  1
\M+5BAF3502
 41
0.7
 72
     1
 11
26186.48105658343
 21
-12003.96160420749
 31
0.0
100
AcDbText
  0
TEXT
  5
29D
330
2
100
AcDbEntity
  8
0
100
AcDbText
 10
26182.24474079396
 20
-11999.96160420749
 30
0.0
 40
3.0
  1
\M+5C7B0502
 41
0.7
 72
     1
 11
26186.48105658343
 21
-11999.96160420749
 31
0.0
100
AcDbText
  0
LINE
  5
29E
330
2
100
AcDbEntity
  8
0
100
AcDbLine
 10
26180.48105658343
 20
-12000.46160420748
 30
0.0
 11
26192.48105658344
 21
-12000.46160420748
 31
0.0
  0
CIRCLE
  5
29F
330
2
100
AcDbEntity
  8
0
100
AcDbCircle
 10
26186.48105658343
 20
-12000.46160420748
 30
0.0
 40
6.0
  0
CIRCLE
  5
2A0
330
2
100
AcDbEntity
  8
0
100
AcDbCircle
 10
26186.48105658343
 20
-12000.46160420748
 30
0.0
 40
7.0
  0
TEXT
  5
2A1
330
2
100
AcDbEntity
  8
0
100
AcDbText
 10
26367.56822232057
 20
-11876.09780909198
 30
0.0
 40
2.5
  1
+550
 50
274.2772000000954
 41
0.7
 72
     1
 11
26367.81682867379
 21
-11879.42185872943
 31
0.0
100
AcDbText
  0
TEXT
  5
2A2
330
2
100
AcDbEntity
  8
0
100
AcDbText
 10
26397.04656975291
 20
-12112.09635678448
 30
0.0
 40
2.5
  1
-510
 50
274.2772000000954
 41
0.7
 72
     1
 11
26397.28274578847
 21
-12115.25420394006
 31
0.0
100
AcDbText
  0
TEXT
  5
2A3
330
2
100
AcDbEntity
  8
0
100
AcDbText
 10
26398.02051592779
 20
-11998.21529415818
 30
0.0
 40
2.5
  1
Q345L100X8
 50
274.2772000000954
 41
0.7
 72
     1
 11
26398.60784843727
 21
-12006.06836142666
 31
0.0
100
AcDbText
  0
TEXT
  5
2A4
330
2
100
AcDbEntity
  8
0
100
AcDbText
 10
26394.88738756053
 20
-12003.25461551202
 30
0.0
 40
2.5
  1
5068
 50
274.2772000000954
 41
0.7
 72
     1
 11
26395.11734843727
 21
-12006.32936142666
 31
0.0
100
AcDbText
  0
LINE
  5
2A5
330
2
100
AcDbEntity
  8
0
100
AcDbLine
 10
26398.71484843728
 20
-12014.20786142666
 30
0.0
 11
26397.50334843727
 21
-11998.00336142666
 31
0.0
  0
TEXT
  5
2A6
330
2
100
AcDbEntity
  8
0
100
AcDbText
 10
26392.6604223961
 20
-11993.35704151742
 30
0.0
 40
3.0
  1
\M+5BAF3502
 41
0.7
 72
     1
 11
26396.85252765925
 21
-11993.35704151742
 31
0.0
100
AcDbText
  0
TEXT
  5
2A7
330
2
100
AcDbEntity
  8
0
100
AcDbText
 10
26393.06621186978
 20
-11989.35704151741
 30
0.0
 40
3.0
  1
\M+5C7B0501
 41
0.7
 72
     1
 11
26396.85252765925
 21
-11989.35704151741
 31
0.0
100
AcDbText
  0
LINE
  5
2A8
330
2
100
AcDbEntity
  8
0
100
AcDbLine
 10
26390.85252765925
 20
-11989.85704151741
 30
0.0
 11
26402.85252765926
 21
-11989.85704151741
 31
0.0
  0
CIRCLE
  5
2A9
330
2
100
AcDbEntity
  8
0
100
AcDbCircle
 10
26396.85252765925
 20
-11989.85704151741
 30
0.0
 40
6.0
  0
CIRCLE
  5
2AA
330
2
100
AcDbEntity
  8
0
100
AcDbCircle
 10
26396.85252765925
 20
-11989.85704151741
 30
0.0
 40
7.0
  0
LINE
  5
2AB
330
2
100
AcDbEntity
  8
1
100
AcDbLine
 10
26204.59725309848
 20
-11899.30633467129
 30
0.0
 11
26204.57275309848
 21
-11899.63433467129
 31
0.0
  0
LINE
  5
2AC
330
2
100
AcDbEntity
  8
1
100
AcDbLine
 10
26204.52325309847
 20
-11900.2993346713
 30
0.0
 11
26204.54775309847
 21
-11899.97183467129
 31
0.0
  0
LWPOLYLINE
  5
2AD
330
2
100
AcDbEntity
  8
0
100
AcDbPolyline
 90
        2
 70
     0
 43
0.25
 10
26204.59725309847
 20
-11899.30633467129
 10
26204.94675309847
 20
-11894.63633467129
  0
LWPOLYLINE
  5
2AE
330
2
100
AcDbEntity
  8
0
100
AcDbPolyline
 90
        2
 70
     0
 43
0.25
 10
26204.18225309846
 20
-11904.85783467129
 10
26204.52325309848
 20
-11900.29933467129
  0
LWPOLYLINE
  5
2AF
330
2
100
AcDbEntity
  8
0
100
AcDbPolyline
 90
        2
 70
     0
 43
0.25
 10
26208.17125309846
 20
-11905.15583467129
 10
26204.18225309846
 20
-11904.85783467129
  0
LWPOLYLINE
  5
2B0
330
2
100
AcDbEntity
  8
0
100
AcDbPolyline
 90
        2
 70
     0
 43
0.25
 10
26210.06375309848
 20
-11904.50483467129
 10
26208.17125309846
 20
-11905.15583467129
  0
LWPOLYLINE
  5
2B1
330
2
100
AcDbEntity
  8
0
100
AcDbPolyline
 90
        2
 70
     0
 43
0.25
 10
26211.66475309848
 20
-11902.20733467129
 10
26210.06375309848
 20
-11904.50483467129
  0
LWPOLYLINE
  5
2B2
330
2
100
AcDbEntity
  8
0
100
AcDbPolyline
 90
        2
 70
     0
 43
0.25
 10
26211.76075309847
 20
-11897.4608346713
 10
26211.66475309848
 20
-11902.20733467129
  0
LINE
  5
2B3
330
2
100
AcDbEntity
  8
1
100
AcDbLine
 10
26211.76075309847
 20
-11897.46083467129
 30
0.0
 11
26211.20875309848
 21
-11896.71983467129
 31
0.0
  0
LINE
  5
2B4
330
2
100
AcDbEntity
  8
1
100
AcDbLine
 10
26210.08775309848
 20
-11895.21533467129
 30
0.0
 11
26210.64025309847
 21
-11895.95633467129
 31
0.0
  0
LWPOLYLINE
  5
2B5
330
2
100
AcDbEntity
  8
0
100
AcDbPolyline
 90
        2
 70
     0
 43
0.25
 10
26208.93525309846
 20
-11894.93433467129
 10
26210.08775309847
 20
-11895.21533467129
  0
LWPOLYLINE
  5
2B6
330
2
100
AcDbEntity
  8
0
100
AcDbPolyline
 90
        2
 70
     0
 43
0.25
 10
26204.94675309847
 20
-11894.63633467129
 10
26208.93525309846
 20
-11894.93433467129
  0
LINE
  5
2B7
330
2
100
AcDbEntity
  8
1
100
AcDbLine
 10
26378.03425309847
 20
-11900.20133467129
 30
0.0
 11
26378.04475309848
 21
-11900.3418346713
 31
0.0
  0
LINE
  5
2B8
330
2
100
AcDbEntity
  8
1
100
AcDbLine
 10
26378.06575309848
 20
-11900.62633467129
 30
0.0
 11
26378.05525309847
 21
-11900.48633467129
 31
0.0
  0
LWPOLYLINE
  5
2B9
330
2
100
AcDbEntity
  8
0
100
AcDbPolyline
 90
        2
 70
     0
 43
0.25
 10
26378.03425309848
 20
-11900.2013346713
 10
26377.61775309846
 20
-11894.63633467129
  0
LWPOLYLINE
  5
2BA
330
2
100
AcDbEntity
  8
0
100
AcDbPolyline
 90
        2
 70
     0
 43
0.25
 10
26378.38225309848
 20
-11904.85783467129
 10
26378.06575309847
 20
-11900.6263346713
  0
LWPOLYLINE
  5
2BB
330
2
100
AcDbEntity
  8
0
100
AcDbPolyline
 90
        2
 70
     0
 43
0.25
 10
26374.39325309847
 20
-11905.15583467129
 10
26378.38225309848
 20
-11904.85783467129
  0
LWPOLYLINE
  5
2BC
330
2
100
AcDbEntity
  8
0
100
AcDbPolyline
 90
        2
 70
     0
 43
0.25
 10
26372.50075309847
 20
-11904.50483467129
 10
26374.39325309847
 20
-11905.15583467129
  0
LINE
  5
2BD
330
2
100
AcDbEntity
  8
1
100
AcDbLine
 10
26372.50075309847
 20
-11904.5048346713
 30
0.0
 11
26371.97275309848
 21
-11903.74683467129
 31
0.0
  0
LINE
  5
2BE
330
2
100
AcDbEntity
  8
1
100
AcDbLine
 10
26370.89975309848
 20
-11902.20733467129
 30
0.0
 11
26371.42825309846
 21
-11902.96583467129
 31
0.0
  0
LWPOLYLINE
  5
2BF
330
2
100
AcDbEntity
  8
0
100
AcDbPolyline
 90
        2
 70
     0
 43
0.25
 10
26370.80375309847
 20
-11897.4608346713
 10
26370.89975309848
 20
-11902.20733467129
  0
LWPOLYLINE
  5
2C0
330
2
100
AcDbEntity
  8
0
100
AcDbPolyline
 90
        2
 70
     0
 43
0.25
 10
26372.47675309848
 20
-11895.21533467129
 10
26370.80375309847
 20
-11897.4608346713
  0
LWPOLYLINE
  5
2C1
330
2
100
AcDbEntity
  8
0
100
AcDbPolyline
 90
        2
 70
     0
 43
0.25
 10
26373.62925309846
 20
-11894.93433467129
 10
26372.47675309848
 20
-11895.21533467129
  0
LWPOLYLINE
  5
2C2
330
2
100
AcDbEntity
  8
0
100
AcDbPolyline
 90
        2
 70
     0
 43
0.25
 10
26377.61775309846
 20
-11894.63633467129
 10
26373.62925309846
 20
-11894.93433467129
  0
LINE
  5
2C3
330
2
100
AcDbEntity
  8
1
100
AcDbLine
 10
26195.22425309846
 20
-12024.63233467129
 30
0.0
 11
26195.20025309847
 21
-12024.95433467129
 31
0.0
  0
LINE
  5
2C4
330
2
100
AcDbEntity
  8
1
100
AcDbLine
 10
26195.15125309847
 20
-12025.60883467129
 30
0.0
 11
26195.17525309847
 21
-12025.28683467129
 31
0.0
  0
LWPOLYLINE
  5
2C5
330
2
100
AcDbEntity
  8
0
100
AcDbPolyline
 90
        2
 70
     0
 43
0.25
 10
26195.22425309846
 20
-12024.63233467129
 10
26195.57175309847
 20
-12019.98733467129
  0
LWPOLYLINE
  5
2C6
330
2
100
AcDbEntity
  8
0
100
AcDbPolyline
 90
        2
 70
     0
 43
0.25
 10
26194.80725309846
 20
-12030.20883467129
 10
26195.15125309848
 20
-12025.6088346713
  0
LWPOLYLINE
  5
2C7
330
2
100
AcDbEntity
  8
0
100
AcDbPolyline
 90
        2
 70
     0
 43
0.25
 10
26198.79625309846
 20
-12030.5068346713
 10
26194.80725309846
 20
-12030.20883467129
  0
LWPOLYLINE
  5
2C8
330
2
100
AcDbEntity
  8
0
100
AcDbPolyline
 90
        2
 70
     0
 43
0.25
 10
26200.66825309847
 20
-12029.53383467128
 10
26198.79625309846
 20
-12030.5068346713
  0
LWPOLYLINE
  5
2C9
330
2
100
AcDbEntity
  8
0
100
AcDbPolyline
 90
        2
 70
     0
 43
0.25
 10
26202.16225309847
 20
-12027.1658346713
 10
26200.66825309847
 20
-12029.53383467128
  0
LWPOLYLINE
  5
2CA
330
2
100
AcDbEntity
  8
0
100
AcDbPolyline
 90
        2
 70
     0
 43
0.25
 10
26202.47125309847
 20
-12022.99483467129
 10
26202.16225309847
 20
-12027.1658346713
  0
LINE
  5
2CB
330
2
100
AcDbEntity
  8
1
100
AcDbLine
 10
26202.47125309847
 20
-12022.9948346713
 30
0.0
 11
26201.94275309847
 21
-12022.23683467129
 31
0.0
  0
LINE
  5
2CC
330
2
100
AcDbEntity
  8
1
100
AcDbLine
 10
26200.87025309848
 20
-12020.69783467129
 30
0.0
 11
26201.39825309847
 21
-12021.45583467129
 31
0.0
  0
LINE
  5
2CD
330
2
100
AcDbEntity
  8
1
100
AcDbLine
 10
26200.87025309848
 20
-12020.69783467129
 30
0.0
 11
26200.87025309848
 21
-12020.69783467129
 31
0.0
  0
LINE
  5
2CE
330
2
100
AcDbEntity
  8
1
100
AcDbLine
 10
26200.87025309848
 20
-12020.69783467129
 30
0.0
 11
26200.87025309848
 21
-12020.69783467129
 31
0.0
  0
LWPOLYLINE
  5
2CF
330
2
100
AcDbEntity
  8
0
100
AcDbPolyline
 90
        2
 70
     0
 43
0.25
 10
26199.56025309846
 20
-12020.2853346713
 10
26200.87025309849
 20
-12020.69783467129
  0
LWPOLYLINE
  5
2D0
330
2
100
AcDbEntity
  8
0
100
AcDbPolyline
 90
        2
 70
     0
 43
0.25
 10
26195.57175309847
 20
-12019.98733467129
 10
26199.56025309846
 20
-12020.2853346713
  0
LINE
  5
2D1
330
2
100
AcDbEntity
  8
1
100
AcDbLine
 10
26387.41475309848
 20
-12025.63083467129
 30
0.0
 11
26387.42475309846
 21
-12025.76333467129
 31
0.0
  0
LINE
  5
2D2
330
2
100
AcDbEntity
  8
1
100
AcDbLine
 10
26387.44475309847
 20
-12026.0323346713
 30
0.0
 11
26387.43525309847
 21
-12025.8998346713
 31
0.0
  0
LWPOLYLINE
  5
2D3
330
2
100
AcDbEntity
  8
0
100
AcDbPolyline
 90
        2
 70
     0
 43
0.25
 10
26387.41475309848
 20
-12025.63083467129
 10
26386.99275309846
 20
-12019.98733467129
  0
LWPOLYLINE
  5
2D4
330
2
100
AcDbEntity
  8
0
100
AcDbPolyline
 90
        2
 70
     0
 43
0.25
 10
26387.75725309848
 20
-12030.20883467129
 10
26387.44475309848
 20
-12026.0323346713
  0
LWPOLYLINE
  5
2D5
330
2
100
AcDbEntity
  8
0
100
AcDbPolyline
 90
        2
 70
     0
 43
0.25
 10
26383.76825309847
 20
-12030.5068346713
 10
26387.75725309848
 20
-12030.20883467129
  0
LWPOLYLINE
  5
2D6
330
2
100
AcDbEntity
  8
0
100
AcDbPolyline
 90
        2
 70
     0
 43
0.25
 10
26381.89625309847
 20
-12029.53383467128
 10
26383.76825309847
 20
-12030.5068346713
  0
LINE
  5
2D7
330
2
100
AcDbEntity
  8
1
100
AcDbLine
 10
26381.89625309846
 20
-12029.53383467129
 30
0.0
 11
26381.40325309848
 21
-12028.7523346713
 31
0.0
  0
LINE
  5
2D8
330
2
100
AcDbEntity
  8
1
100
AcDbLine
 10
26380.40225309848
 20
-12027.16583467129
 30
0.0
 11
26380.89525309847
 21
-12027.9473346713
 31
0.0
  0
LWPOLYLINE
  5
2D9
330
2
100
AcDbEntity
  8
0
100
AcDbPolyline
 90
        2
 70
     0
 43
0.25
 10
26380.09325309846
 20
-12022.99483467129
 10
26380.40225309848
 20
-12027.1658346713
  0
LWPOLYLINE
  5
2DA
330
2
100
AcDbEntity
  8
0
100
AcDbPolyline
 90
        2
 70
     0
 43
0.25
 10
26381.69425309848
 20
-12020.69783467129
 10
26380.09325309846
 20
-12022.99483467129
  0
LWPOLYLINE
  5
2DB
330
2
100
AcDbEntity
  8
0
100
AcDbPolyline
 90
        2
 70
     0
 43
0.25
 10
26383.00425309846
 20
-12020.2853346713
 10
26381.69425309848
 20
-12020.69783467129
  0
LWPOLYLINE
  5
2DC
330
2
100
AcDbEntity
  8
0
100
AcDbPolyline
 90
        2
 70
     0
 43
0.25
 10
26386.99275309846
 20
-12019.98733467129
 10
26383.00425309846
 20
-12020.2853346713
  0
LINE
  5
2DD
330
2
100
AcDbEntity
  8
1
100
AcDbLine
 10
26204.45275309847
 20
-11887.8303346713
 30
0.0
 11
26206.76475309847
 21
-11856.91683467129
 31
0.0
  0
LWPOLYLINE
  5
2DE
330
2
100
AcDbEntity
  8
0
100
AcDbPolyline
 90
        2
 70
     0
 43
0.25
 10
26209.18975309847
 20
-11888.18483467128
 10
26203.70475309847
 20
-11887.77433467128
  0
LWPOLYLINE
  5
2DF
330
2
100
AcDbEntity
  8
0
100
AcDbPolyline
 90
        2
 70
     0
 43
0.25
 10
26211.50175309848
 20
-11857.27083467129
 10
26209.18975309847
 20
-11888.18483467128
  0
LWPOLYLINE
  5
2E0
330
2
100
AcDbEntity
  8
0
100
AcDbPolyline
 90
        2
 70
     0
 43
0.25
 10
26206.01675309848
 20
-11856.86083467129
 10
26211.50175309848
 20
-11857.27083467129
  0
LWPOLYLINE
  5
2E1
330
2
100
AcDbEntity
  8
0
100
AcDbPolyline
 90
        2
 70
     0
 43
0.25
 10
26203.70475309847
 20
-11887.77433467128
 10
26206.01675309848
 20
-11856.86083467129
  0
LINE
  5
2E2
330
2
100
AcDbEntity
  8
1
100
AcDbLine
 10
26378.11175309848
 20
-11887.8303346713
 30
0.0
 11
26375.79975309848
 21
-11856.91683467129
 31
0.0
  0
LWPOLYLINE
  5
2E3
330
2
100
AcDbEntity
  8
0
100
AcDbPolyline
 90
        2
 70
     0
 43
0.25
 10
26373.37475309847
 20
-11888.18483467128
 10
26378.85975309847
 20
-11887.77433467128
  0
LWPOLYLINE
  5
2E4
330
2
100
AcDbEntity
  8
0
100
AcDbPolyline
 90
        2
 70
     0
 43
0.25
 10
26371.06275309848
 20
-11857.27083467129
 10
26373.37475309847
 20
-11888.18483467128
  0
LWPOLYLINE
  5
2E5
330
2
100
AcDbEntity
  8
0
100
AcDbPolyline
 90
        2
 70
     0
 43
0.25
 10
26376.54775309846
 20
-11856.86083467129
 10
26371.06275309848
 20
-11857.27083467129
  0
LWPOLYLINE
  5
2E6
330
2
100
AcDbEntity
  8
0
100
AcDbPolyline
 90
        2
 70
     0
 43
0.25
 10
26378.85975309847
 20
-11887.77433467128
 10
26376.54775309846
 20
-11856.86083467129
  0
LINE
  5
2E7
330
2
100
AcDbEntity
  8
0
100
AcDbLine
 10
26216.8311468979
 20
-11890.81433422922
 30
0.0
 11
26204.37275309847
 21
-11900.09733467129
 31
0.0
  0
LWPOLYLINE
  5
2E8
330
2
100
AcDbEntity
  8
0
100
AcDbPolyline
 90
        2
 70
     0
 43
0.25
 10
26205.74675309847
 20
-11901.94183467129
 10
26218.20538172951
 20
-11892.65864954088
  0
LWPOLYLINE
  5
2E9
330
2
100
AcDbEntity
  8
0
100
AcDbPolyline
 90
        2
 70
     0
 43
0.25
 10
26204.07375309848
 20
-11899.69633467129
 10
26205.74675309847
 20
-11901.94183467129
  0
LWPOLYLINE
  5
2EA
330
2
100
AcDbEntity
  8
0
100
AcDbPolyline
 90
        2
 70
     0
 43
0.25
 10
26216.53229371811
 20
-11890.41325321836
 10
26204.07375309848
 20
-11899.69633467129
  0
LINE
  5
2EB
330
2
100
AcDbEntity
  8
1
100
AcDbLine
 10
26365.73335929911
 20
-11890.81433422926
 30
0.0
 11
26378.19175309848
 21
-11900.09733467129
 31
0.0
  0
LINE
  5
2EC
330
2
100
AcDbEntity
  8
1
100
AcDbLine
 10
26370.80375309847
 20
-11897.46083467129
 30
0.0
 11
26372.68625309848
 21
-11898.86333467129
 31
0.0
  0
LINE
  5
2ED
330
2
100
AcDbEntity
  8
1
100
AcDbLine
 10
26376.50875309847
 20
-11901.71183467129
 30
0.0
 11
26374.62625309847
 21
-11900.30883467129
 31
0.0
  0
LINE
  5
2EE
330
2
100
AcDbEntity
  8
1
100
AcDbLine
 10
26376.50875309847
 20
-11901.71183467129
 30
0.0
 11
26376.61075309847
 21
-11901.78783467129
 31
0.0
  0
LINE
  5
2EF
330
2
100
AcDbEntity
  8
1
100
AcDbLine
 10
26376.81775309846
 20
-11901.94183467129
 30
0.0
 11
26376.71575309848
 21
-11901.8658346713
 31
0.0
  0
LINE
  5
2F0
330
2
100
AcDbEntity
  8
1
100
AcDbLine
 10
26376.81775309846
 20
-11901.94183467129
 30
0.0
 11
26376.81775309846
 21
-11901.94183467129
 31
0.0
  0
LINE
  5
2F1
330
2
100
AcDbEntity
  8
1
100
AcDbLine
 10
26376.81775309846
 20
-11901.94183467129
 30
0.0
 11
26376.81775309846
 21
-11901.94183467129
 31
0.0
  0
LWPOLYLINE
  5
2F2
330
2
100
AcDbEntity
  8
0
100
AcDbPolyline
 90
        2
 70
     0
 43
0.25
 10
26370.80375309847
 20
-11897.4608346713
 10
26364.35904382596
 20
-11892.65875776726
  0
LWPOLYLINE
  5
2F3
330
2
100
AcDbEntity
  8
0
100
AcDbPolyline
 90
        2
 70
     0
 43
0.25
 10
26376.50875309846
 20
-11901.7118346713
 10
26376.50875309846
 20
-11901.7118346713
  0
LWPOLYLINE
  5
2F4
330
2
100
AcDbEntity
  8
0
100
AcDbPolyline
 90
        2
 70
     0
 43
0.25
 10
26376.81775309847
 20
-11901.94183467129
 10
26376.81775309847
 20
-11901.94183467129
  0
LINE
  5
2F5
330
2
100
AcDbEntity
  8
1
100
AcDbLine
 10
26376.81775309846
 20
-11901.94183467129
 30
0.0
 11
26377.36975309847
 21
-11901.2008346713
 31
0.0
  0
LINE
  5
2F6
330
2
100
AcDbEntity
  8
1
100
AcDbLine
 10
26378.49075309847
 20
-11899.6963346713
 30
0.0
 11
26377.93825309848
 21
-11900.43733467129
 31
0.0
  0
LINE
  5
2F7
330
2
100
AcDbEntity
  8
1
100
AcDbLine
 10
26378.49075309847
 20
-11899.6963346713
 30
0.0
 11
26377.85475309848
 21
-11899.2228346713
 31
0.0
  0
LINE
  5
2F8
330
2
100
AcDbEntity
  8
1
100
AcDbLine
 10
26376.56375309848
 20
-11898.26083467129
 30
0.0
 11
26377.19925309847
 21
-11898.7343346713
 31
0.0
  0
LINE
  5
2F9
330
2
100
AcDbEntity
  8
1
100
AcDbLine
 10
26376.56375309848
 20
-11898.26083467129
 30
0.0
 11
26375.62475309848
 21
-11897.56133467129
 31
0.0
  0
LINE
  5
2FA
330
2
100
AcDbEntity
  8
1
100
AcDbLine
 10
26373.71925309847
 20
-11896.14133467129
 30
0.0
 11
26374.65775309848
 21
-11896.84083467129
 31
0.0
  0
LINE
  5
2FB
330
2
100
AcDbEntity
  8
1
100
AcDbLine
 10
26373.71925309847
 20
-11896.14133467129
 30
0.0
 11
26373.30925309847
 21
-11895.8358346713
 31
0.0
  0
LINE
  5
2FC
330
2
100
AcDbEntity
  8
1
100
AcDbLine
 10
26372.47675309848
 20
-11895.21533467129
 30
0.0
 11
26372.88675309847
 21
-11895.52083467129
 31
0.0
  0
LWPOLYLINE
  5
2FD
330
2
100
AcDbEntity
  8
0
100
AcDbPolyline
 90
        2
 70
     0
 43
0.25
 10
26376.56375309848
 20
-11898.26083467128
 10
26376.56375309848
 20
-11898.26083467128
  0
LWPOLYLINE
  5
2FE
330
2
100
AcDbEntity
  8
0
100
AcDbPolyline
 90
        2
 70
     0
 43
0.25
 10
26373.71925309847
 20
-11896.14133467128
 10
26373.71925309847
 20
-11896.14133467128
  0
LWPOLYLINE
  5
2FF
330
2
100
AcDbEntity
  8
0
100
AcDbPolyline
 90
        2
 70
     0
 43
0.25
 10
26366.03213951394
 20
-11890.41335114226
 10
26372.47675309848
 20
-11895.21533467129
  0
LINE
  5
300
330
2
100
AcDbEntity
  8
0
100
AcDbLine
 10
26249.39675309847
 20
-11928.81233467129
 30
0.0
 11
26200.03325309847
 21
-11963.21283467129
 31
0.0
  0
LWPOLYLINE
  5
301
330
2
100
AcDbEntity
  8
0
100
AcDbPolyline
 90
        2
 70
     0
 43
0.25
 10
26250.25475309847
 20
-11930.04283467129
 10
26249.11125309848
 20
-11928.40183467129
  0
LWPOLYLINE
  5
302
330
2
100
AcDbEntity
  8
0
100
AcDbPolyline
 90
        2
 70
     0
 43
0.25
 10
26200.89075309847
 20
-11964.44333467129
 10
26250.25475309847
 20
-11930.04283467129
  0
LWPOLYLINE
  5
303
330
2
100
AcDbEntity
  8
0
100
AcDbPolyline
 90
        2
 70
     0
 43
0.25
 10
26199.74725309847
 20
-11962.80233467129
 10
26200.89075309847
 20
-11964.44333467129
  0
LWPOLYLINE
  5
304
330
2
100
AcDbEntity
  8
0
100
AcDbPolyline
 90
        2
 70
     0
 43
0.25
 10
26249.11125309848
 20
-11928.40183467129
 10
26199.74725309847
 20
-11962.80233467129
  0
LINE
  5
305
330
2
100
AcDbEntity
  8
1
100
AcDbLine
 10
26333.16775309847
 20
-11928.81233467129
 30
0.0
 11
26382.53125309847
 21
-11963.21283467129
 31
0.0
  0
LINE
  5
306
330
2
100
AcDbEntity
  8
1
100
AcDbLine
 10
26333.45325309847
 20
-11928.40183467129
 30
0.0
 11
26333.07625309847
 21
-11928.94333467129
 31
0.0
  0
LINE
  5
307
330
2
100
AcDbEntity
  8
1
100
AcDbLine
 10
26332.30975309848
 20
-11930.04283467129
 30
0.0
 11
26332.68725309847
 21
-11929.50133467129
 31
0.0
  0
LINE
  5
308
330
2
100
AcDbEntity
  8
1
100
AcDbLine
 10
26332.30975309848
 20
-11930.04283467129
 30
0.0
 11
26332.89475309847
 21
-11930.45033467129
 31
0.0
  0
LINE
  5
309
330
2
100
AcDbEntity
  8
1
100
AcDbLine
 10
26334.08225309846
 20
-11931.27783467129
 30
0.0
 11
26333.49725309847
 21
-11930.8703346713
 31
0.0
  0
LINE
  5
30A
330
2
100
AcDbEntity
  8
1
100
AcDbLine
 10
26334.08225309846
 20
-11931.27783467129
 30
0.0
 11
26334.40525309847
 21
-11931.50333467129
 31
0.0
  0
LINE
  5
30B
330
2
100
AcDbEntity
  8
1
100
AcDbLine
 10
26335.06125309847
 20
-11931.96033467129
 30
0.0
 11
26334.73825309846
 21
-11931.73533467129
 31
0.0
  0
LINE
  5
30C
330
2
100
AcDbEntity
  8
1
100
AcDbLine
 10
26378.67125309848
 20
-11962.35083467129
 30
0.0
 11
26379.52725309846
 21
-11962.94783467129
 31
0.0
  0
LINE
  5
30D
330
2
100
AcDbEntity
  8
1
100
AcDbLine
 10
26381.26625309848
 20
-11964.15933467129
 30
0.0
 11
26380.40975309847
 21
-11963.56283467129
 31
0.0
  0
LINE
  5
30E
330
2
100
AcDbEntity
  8
1
100
AcDbLine
 10
26381.26625309848
 20
-11964.15933467129
 30
0.0
 11
26381.40075309847
 21
-11964.25333467129
 31
0.0
  0
LINE
  5
30F
330
2
100
AcDbEntity
  8
1
100
AcDbLine
 10
26381.67375309846
 20
-11964.44333467129
 30
0.0
 11
26381.53925309848
 21
-11964.34983467129
 31
0.0
  0
LWPOLYLINE
  5
310
330
2
100
AcDbEntity
  8
0
100
AcDbPolyline
 90
        2
 70
     0
 43
0.25
 10
26334.08225309846
 20
-11931.27783467129
 10
26334.08225309846
 20
-11931.27783467129
  0
LWPOLYLINE
  5
311
330
2
100
AcDbEntity
  8
0
100
AcDbPolyline
 90
        2
 70
     0
 43
0.25
 10
26378.67125309848
 20
-11962.35083467129
 10
26335.06125309848
 20
-11931.96033467129
  0
LWPOLYLINE
  5
312
330
2
100
AcDbEntity
  8
0
100
AcDbPolyline
 90
        2
 70
     0
 43
0.25
 10
26381.26625309848
 20
-11964.15933467129
 10
26381.26625309848
 20
-11964.15933467129
  0
LINE
  5
313
330
2
100
AcDbEntity
  8
1
100
AcDbLine
 10
26381.67375309846
 20
-11964.44333467129
 30
0.0
 11
26382.05075309847
 21
-11963.90183467129
 31
0.0
  0
LINE
  5
314
330
2
100
AcDbEntity
  8
1
100
AcDbLine
 10
26382.81725309848
 20
-11962.80233467129
 30
0.0
 11
26382.43975309847
 21
-11963.34383467129
 31
0.0
  0
LINE
  5
315
330
2
100
AcDbEntity
  8
1
100
AcDbLine
 10
26382.81725309848
 20
-11962.80233467129
 30
0.0
 11
26382.27475309847
 21
-11962.42433467129
 31
0.0
  0
LINE
  5
316
330
2
100
AcDbEntity
  8
1
100
AcDbLine
 10
26381.17325309847
 20
-11961.65683467129
 30
0.0
 11
26381.71575309848
 21
-11962.03483467129
 31
0.0
  0
LINE
  5
317
330
2
100
AcDbEntity
  8
1
100
AcDbLine
 10
26381.17325309847
 20
-11961.65683467129
 30
0.0
 11
26380.28425309848
 21
-11961.03733467129
 31
0.0
  0
LINE
  5
318
330
2
100
AcDbEntity
  8
1
100
AcDbLine
 10
26378.47875309847
 20
-11959.77933467129
 30
0.0
 11
26379.36775309847
 21
-11960.39883467129
 31
0.0
  0
LINE
  5
319
330
2
100
AcDbEntity
  8
1
100
AcDbLine
 10
26335.83125309846
 20
-11930.0588346713
 30
0.0
 11
26335.18125309848
 21
-11929.6063346713
 31
0.0
  0
LINE
  5
31A
330
2
100
AcDbEntity
  8
1
100
AcDbLine
 10
26333.86225309847
 20
-11928.6868346713
 30
0.0
 11
26334.51225309848
 21
-11929.13983467129
 31
0.0
  0
LINE
  5
31B
330
2
100
AcDbEntity
  8
1
100
AcDbLine
 10
26333.86225309847
 20
-11928.6868346713
 30
0.0
 11
26333.72725309847
 21
-11928.5928346713
 31
0.0
  0
LINE
  5
31C
330
2
100
AcDbEntity
  8
1
100
AcDbLine
 10
26333.45325309847
 20
-11928.40183467129
 30
0.0
 11
26333.58825309847
 21
-11928.49583467129
 31
0.0
  0
LWPOLYLINE
  5
31D
330
2
100
AcDbEntity
  8
0
100
AcDbPolyline
 90
        2
 70
     0
 43
0.25
 10
26381.17325309847
 20
-11961.65683467129
 10
26381.17325309847
 20
-11961.65683467129
  0
LWPOLYLINE
  5
31E
330
2
100
AcDbEntity
  8
0
100
AcDbPolyline
 90
        2
 70
     0
 43
0.25
 10
26335.83125309847
 20
-11930.05883467129
 10
26378.47875309846
 20
-11959.77933467129
  0
LWPOLYLINE
  5
31F
330
2
100
AcDbEntity
  8
0
100
AcDbPolyline
 90
        2
 70
     0
 43
0.25
 10
26333.86225309847
 20
-11928.68683467129
 10
26333.86225309847
 20
-11928.68683467129
  0
LINE
  5
320
330
2
100
AcDbEntity
  8
1
100
AcDbLine
 10
26248.25175309847
 20
-11928.6533346713
 30
0.0
 11
26243.37775309847
 21
-11993.8218346713
 31
0.0
  0
LINE
  5
321
330
2
100
AcDbEntity
  8
1
100
AcDbLine
 10
26247.75325309848
 20
-11928.6158346713
 30
0.0
 11
26248.41125309846
 21
-11928.66533467129
 31
0.0
  0
LINE
  5
322
330
2
100
AcDbEntity
  8
1
100
AcDbLine
 10
26249.74775309848
 20
-11928.7653346713
 30
0.0
 11
26249.08975309848
 21
-11928.71583467129
 31
0.0
  0
LINE
  5
323
330
2
100
AcDbEntity
  8
1
100
AcDbLine
 10
26249.74775309848
 20
-11928.7653346713
 30
0.0
 11
26249.70525309848
 21
-11929.33283467129
 31
0.0
  0
LINE
  5
324
330
2
100
AcDbEntity
  8
1
100
AcDbLine
 10
26249.61925309847
 20
-11930.4858346713
 30
0.0
 11
26249.66125309846
 21
-11929.91783467129
 31
0.0
  0
LINE
  5
325
330
2
100
AcDbEntity
  8
1
100
AcDbLine
 10
26249.61925309847
 20
-11930.4858346713
 30
0.0
 11
26249.58175309847
 21
-11930.98283467129
 31
0.0
  0
LINE
  5
326
330
2
100
AcDbEntity
  8
1
100
AcDbLine
 10
26249.50625309847
 20
-11931.99133467129
 30
0.0
 11
26249.54375309847
 21
-11931.49483467129
 31
0.0
  0
LINE
  5
327
330
2
100
AcDbEntity
  8
1
100
AcDbLine
 10
26245.18175309847
 20
-11989.81783467129
 30
0.0
 11
26245.09275309848
 21
-11991.00633467129
 31
0.0
  0
LINE
  5
328
330
2
100
AcDbEntity
  8
1
100
AcDbLine
 10
26244.91225309847
 20
-11993.41833467129
 30
0.0
 11
26245.00125309848
 21
-11992.23033467129
 31
0.0
  0
LWPOLYLINE
  5
329
330
2
100
AcDbEntity
  8
0
100
AcDbPolyline
 90
        2
 70
     0
 43
0.25
 10
26249.61925309847
 20
-11930.48583467129
 10
26249.61925309847
 20
-11930.48583467129
  0
LWPOLYLINE
  5
32A
330
2
100
AcDbEntity
  8
0
100
AcDbPolyline
 90
        2
 70
     0
 43
0.25
 10
26245.18175309847
 20
-11989.81783467128
 10
26249.50625309847
 20
-11931.99133467129
  0
LWPOLYLINE
  5
32B
330
2
100
AcDbEntity
  8
0
100
AcDbPolyline
 90
        2
 70
     0
 43
0.25
 10
26244.87375309848
 20
-11993.93383467129
 10
26244.91225309847
 20
-11993.4183346713
  0
LINE
  5
32C
330
2
100
AcDbEntity
  8
1
100
AcDbLine
 10
26244.24075309846
 20
-11993.88633467129
 30
0.0
 11
26243.79125309847
 21
-11993.85283467129
 31
0.0
  0
LINE
  5
32D
330
2
100
AcDbEntity
  8
1
100
AcDbLine
 10
26242.87925309848
 20
-11993.78483467129
 30
0.0
 11
26243.32875309847
 21
-11993.81833467129
 31
0.0
  0
LWPOLYLINE
  5
32E
330
2
100
AcDbEntity
  8
0
100
AcDbPolyline
 90
        2
 70
     0
 43
0.25
 10
26244.24075309846
 20
-11993.88633467129
 10
26244.87375309848
 20
-11993.93383467129
  0
LINE
  5
32F
330
2
100
AcDbEntity
  8
1
100
AcDbLine
 10
26242.87925309848
 20
-11993.78483467129
 30
0.0
 11
26242.94075309847
 21
-11992.96233467129
 31
0.0
  0
LINE
  5
330
330
2
100
AcDbEntity
  8
1
100
AcDbLine
 10
26243.06575309848
 20
-11991.2923346713
 30
0.0
 11
26243.00425309847
 21
-11992.11483467129
 31
0.0
  0
LINE
  5
331
330
2
100
AcDbEntity
  8
1
100
AcDbLine
 10
26247.50325309846
 20
-11931.96033467129
 30
0.0
 11
26247.56675309848
 21
-11931.11183467129
 31
0.0
  0
LINE
  5
332
330
2
100
AcDbEntity
  8
1
100
AcDbLine
 10
26247.69525309847
 20
-11929.38833467129
 30
0.0
 11
26247.63225309848
 21
-11930.23733467129
 31
0.0
  0
LINE
  5
333
330
2
100
AcDbEntity
  8
1
100
AcDbLine
 10
26247.69525309847
 20
-11929.38833467129
 30
0.0
 11
26247.71475309847
 21
-11929.13383467129
 31
0.0
  0
LINE
  5
334
330
2
100
AcDbEntity
  8
1
100
AcDbLine
 10
26247.75325309848
 20
-11928.6158346713
 30
0.0
 11
26247.73425309847
 21
-11928.8708346713
 31
0.0
  0
LWPOLYLINE
  5
335
330
2
100
AcDbEntity
  8
0
100
AcDbPolyline
 90
        2
 70
     0
 43
0.25
 10
26247.50325309846
 20
-11931.96033467129
 10
26243.06575309847
 20
-11991.2923346713
  0
LWPOLYLINE
  5
336
330
2
100
AcDbEntity
  8
0
100
AcDbPolyline
 90
        2
 70
     0
 43
0.25
 10
26247.69525309847
 20
-11929.38833467129
 10
26247.69525309847
 20
-11929.38833467129
  0
LINE
  5
337
330
2
100
AcDbEntity
  8
0
100
AcDbLine
 10
26334.31275309846
 20
-11928.6533346713
 30
0.0
 11
26339.18675309848
 21
-11993.8218346713
 31
0.0
  0
LWPOLYLINE
  5
338
330
2
100
AcDbEntity
  8
0
100
AcDbPolyline
 90
        2
 70
     0
 43
0.25
 10
26332.81675309848
 20
-11928.76533467129
 10
26334.81125309848
 20
-11928.61583467129
  0
LWPOLYLINE
  5
339
330
2
100
AcDbEntity
  8
0
100
AcDbPolyline
 90
        2
 70
     0
 43
0.25
 10
26337.69075309847
 20
-11993.93383467129
 10
26332.81675309848
 20
-11928.76533467129
  0
LWPOLYLINE
  5
33A
330
2
100
AcDbEntity
  8
0
100
AcDbPolyline
 90
        2
 70
     0
 43
0.25
 10
26339.68525309847
 20
-11993.78483467129
 10
26337.69075309847
 20
-11993.93383467129
  0
LWPOLYLINE
  5
33B
330
2
100
AcDbEntity
  8
0
100
AcDbPolyline
 90
        2
 70
     0
 43
0.25
 10
26334.81125309848
 20
-11928.61583467129
 10
26339.68525309847
 20
-11993.78483467129
  0
LINE
  5
33C
330
2
100
AcDbEntity
  8
1
100
AcDbLine
 10
26241.97325309846
 20
-11995.30033467129
 30
0.0
 11
26200.69025309848
 21
-11961.73183467129
 31
0.0
  0
LINE
  5
33D
330
2
100
AcDbEntity
  8
1
100
AcDbLine
 10
26242.28875309848
 20
-11994.9123346713
 30
0.0
 11
26242.08175309847
 21
-11995.1668346713
 31
0.0
  0
LINE
  5
33E
330
2
100
AcDbEntity
  8
1
100
AcDbLine
 10
26241.66125309847
 20
-11995.6838346713
 30
0.0
 11
26241.86825309848
 21
-11995.4293346713
 31
0.0
  0
LWPOLYLINE
  5
33F
330
2
100
AcDbEntity
  8
0
100
AcDbPolyline
 90
        2
 70
     0
 43
0.25
 10
26241.02675309847
 20
-11996.4643346713
 10
26241.66125309847
 20
-11995.68383467129
  0
LINE
  5
340
330
2
100
AcDbEntity
  8
1
100
AcDbLine
 10
26240.80325309846
 20
-11996.28233467129
 30
0.0
 11
26240.05725309846
 21
-11995.67583467129
 31
0.0
  0
LINE
  5
341
330
2
100
AcDbEntity
  8
1
100
AcDbLine
 10
26238.54275309847
 20
-11994.4443346713
 30
0.0
 11
26239.28875309847
 21
-11995.05083467129
 31
0.0
  0
LINE
  5
342
330
2
100
AcDbEntity
  8
1
100
AcDbLine
 10
26203.61725309848
 20
-11966.04483467129
 30
0.0
 11
26202.39125309847
 21
-11965.04783467129
 31
0.0
  0
LINE
  5
343
330
2
100
AcDbEntity
  8
1
100
AcDbLine
 10
26199.90175309846
 20
-11963.02383467129
 30
0.0
 11
26201.12775309847
 21
-11964.02083467129
 31
0.0
  0
LINE
  5
344
330
2
100
AcDbEntity
  8
1
100
AcDbLine
 10
26199.90175309846
 20
-11963.02383467129
 30
0.0
 11
26199.84975309847
 21
-11962.98133467129
 31
0.0
  0
LINE
  5
345
330
2
100
AcDbEntity
  8
1
100
AcDbLine
 10
26199.74425309848
 20
-11962.89533467129
 30
0.0
 11
26199.79625309847
 21
-11962.93783467129
 31
0.0
  0
LWPOLYLINE
  5
346
330
2
100
AcDbEntity
  8
0
100
AcDbPolyline
 90
        2
 70
     0
 43
0.25
 10
26240.80325309846
 20
-11996.28233467129
 10
26241.02675309847
 20
-11996.4643346713
  0
LWPOLYLINE
  5
347
330
2
100
AcDbEntity
  8
0
100
AcDbPolyline
 90
        2
 70
     0
 43
0.25
 10
26203.61725309848
 20
-11966.0448346713
 10
26238.54275309847
 20
-11994.4443346713
  0
LWPOLYLINE
  5
348
330
2
100
AcDbEntity
  8
0
100
AcDbPolyline
 90
        2
 70
     0
 43
0.25
 10
26199.90175309847
 20
-11963.02383467129
 10
26199.90175309847
 20
-11963.02383467129
  0
LINE
  5
349
330
2
100
AcDbEntity
  8
1
100
AcDbLine
 10
26199.74425309848
 20
-11962.89533467129
 30
0.0
 11
26200.16025309848
 21
-11962.38333467129
 31
0.0
  0
LINE
  5
34A
330
2
100
AcDbEntity
  8
1
100
AcDbLine
 10
26201.00575309848
 20
-11961.34383467129
 30
0.0
 11
26200.58925309847
 21
-11961.85583467129
 31
0.0
  0
LINE
  5
34B
330
2
100
AcDbEntity
  8
1
100
AcDbLine
 10
26201.00575309848
 20
-11961.34383467129
 30
0.0
 11
26201.66575309847
 21
-11961.88033467129
 31
0.0
  0
LINE
  5
34C
330
2
100
AcDbEntity
  8
1
100
AcDbLine
 10
26203.00525309848
 20
-11962.96983467129
 30
0.0
 11
26202.34575309848
 21
-11962.43333467129
 31
0.0
  0
LINE
  5
34D
330
2
100
AcDbEntity
  8
1
100
AcDbLine
 10
26203.00525309848
 20
-11962.96983467129
 30
0.0
 11
26203.26725309848
 21
-11963.18283467129
 31
0.0
  0
LINE
  5
34E
330
2
100
AcDbEntity
  8
1
100
AcDbLine
 10
26203.79875309848
 20
-11963.6148346713
 30
0.0
 11
26203.53725309848
 21
-11963.40183467129
 31
0.0
  0
LINE
  5
34F
330
2
100
AcDbEntity
  8
1
100
AcDbLine
 10
26240.25025309846
 20
-11993.2548346713
 30
0.0
 11
26240.92275309846
 21
-11993.80183467129
 31
0.0
  0
LINE
  5
350
330
2
100
AcDbEntity
  8
1
100
AcDbLine
 10
26242.28875309848
 20
-11994.9123346713
 30
0.0
 11
26241.61575309847
 21
-11994.36533467129
 31
0.0
  0
LWPOLYLINE
  5
351
330
2
100
AcDbEntity
  8
0
100
AcDbPolyline
 90
        2
 70
     0
 43
0.25
 10
26203.00525309848
 20
-11962.96983467129
 10
26203.00525309848
 20
-11962.96983467129
  0
LWPOLYLINE
  5
352
330
2
100
AcDbEntity
  8
0
100
AcDbPolyline
 90
        2
 70
     0
 43
0.25
 10
26240.25025309846
 20
-11993.25483467129
 10
26203.79875309848
 20
-11963.61483467129
  0
LINE
  5
353
330
2
100
AcDbEntity
  8
0
100
AcDbLine
 10
26340.59125309847
 20
-11995.30033467129
 30
0.0
 11
26381.87425309847
 21
-11961.73183467129
 31
0.0
  0
LWPOLYLINE
  5
354
330
2
100
AcDbEntity
  8
0
100
AcDbPolyline
 90
        2
 70
     0
 43
0.25
 10
26341.53775309848
 20
-11996.4643346713
 10
26340.27575309848
 20
-11994.91233467129
  0
LWPOLYLINE
  5
355
330
2
100
AcDbEntity
  8
0
100
AcDbPolyline
 90
        2
 70
     0
 43
0.25
 10
26382.82025309847
 20
-11962.8953346713
 10
26341.53775309848
 20
-11996.4643346713
  0
LWPOLYLINE
  5
356
330
2
100
AcDbEntity
  8
0
100
AcDbPolyline
 90
        2
 70
     0
 43
0.25
 10
26381.55875309848
 20
-11961.3438346713
 10
26382.82025309847
 20
-11962.8953346713
  0
LWPOLYLINE
  5
357
330
2
100
AcDbEntity
  8
0
100
AcDbPolyline
 90
        2
 70
     0
 43
0.25
 10
26340.27575309848
 20
-11994.91233467129
 10
26381.55875309848
 20
-11961.3438346713
  0
LINE
  5
358
330
2
100
AcDbEntity
  8
1
100
AcDbLine
 10
26332.85875309847
 20
-11929.32683467129
 30
0.0
 11
26333.15875309848
 21
-11929.11833467129
 31
0.0
  0
LINE
  5
359
330
2
100
AcDbEntity
  8
1
100
AcDbLine
 10
26333.76725309847
 20
-11928.6943346713
 30
0.0
 11
26333.46725309847
 21
-11928.9028346713
 31
0.0
  0
LINE
  5
35A
330
2
100
AcDbEntity
  8
0
100
AcDbLine
 10
26332.85875309847
 20
-11929.32683467129
 30
0.0
 11
26195.00275309848
 21
-12025.3958346713
 31
0.0
  0
LINE
  5
35B
330
2
100
AcDbEntity
  8
0
100
AcDbLine
 10
26376.92875309848
 20
-11898.61533467129
 30
0.0
 11
26333.76725309847
 21
-11928.6943346713
 31
0.0
  0
LWPOLYLINE
  5
35C
330
2
100
AcDbEntity
  8
0
100
AcDbPolyline
 90
        2
 70
     0
 43
0.25
 10
26378.24375309847
 20
-11900.50233467129
 10
26376.64325309847
 20
-11898.2053346713
  0
LINE
  5
35D
330
2
100
AcDbEntity
  8
1
100
AcDbLine
 10
26334.96425309847
 20
-11930.6633346713
 30
0.0
 11
26334.33525309848
 21
-11931.10133467129
 31
0.0
  0
LINE
  5
35E
330
2
100
AcDbEntity
  8
1
100
AcDbLine
 10
26333.05825309847
 20
-11931.99133467129
 30
0.0
 11
26333.68725309848
 21
-11931.5533346713
 31
0.0
  0
LWPOLYLINE
  5
35F
330
2
100
AcDbEntity
  8
0
100
AcDbPolyline
 90
        2
 70
     0
 43
0.25
 10
26334.96425309847
 20
-11930.66333467129
 10
26378.24375309847
 20
-11900.50233467129
  0
LWPOLYLINE
  5
360
330
2
100
AcDbEntity
  8
0
100
AcDbPolyline
 90
        2
 70
     0
 43
0.25
 10
26196.31775309847
 20
-12027.2828346713
 10
26333.05825309847
 20
-11931.99133467129
  0
LWPOLYLINE
  5
361
330
2
100
AcDbEntity
  8
0
100
AcDbPolyline
 90
        2
 70
     0
 43
0.25
 10
26194.71675309847
 20
-12024.98583467129
 10
26196.31775309847
 20
-12027.2828346713
  0
LWPOLYLINE
  5
362
330
2
100
AcDbEntity
  8
0
100
AcDbPolyline
 90
        2
 70
     0
 43
0.25
 10
26376.64325309847
 20
-11898.2053346713
 10
26194.71675309847
 20
-12024.98583467129
  0
LINE
  5
363
330
2
100
AcDbEntity
  8
1
100
AcDbLine
 10
26205.63575309847
 20
-11898.61533467129
 30
0.0
 11
26387.56175309848
 21
-12025.3958346713
 31
0.0
  0
LINE
  5
364
330
2
100
AcDbEntity
  8
1
100
AcDbLine
 10
26205.92125309846
 20
-11898.20533467129
 30
0.0
 11
26205.39325309847
 21
-11898.9633346713
 31
0.0
  0
LINE
  5
365
330
2
100
AcDbEntity
  8
1
100
AcDbLine
 10
26204.32075309848
 20
-11900.50233467129
 30
0.0
 11
26204.84875309847
 21
-11899.74433467129
 31
0.0
  0
LINE
  5
366
330
2
100
AcDbEntity
  8
1
100
AcDbLine
 10
26204.32075309848
 20
-11900.50233467129
 30
0.0
 11
26204.89325309848
 21
-11900.9013346713
 31
0.0
  0
LINE
  5
367
330
2
100
AcDbEntity
  8
1
100
AcDbLine
 10
26206.05575309847
 20
-11901.71183467129
 30
0.0
 11
26205.48325309847
 21
-11901.3128346713
 31
0.0
  0
LINE
  5
368
330
2
100
AcDbEntity
  8
1
100
AcDbLine
 10
26206.05575309847
 20
-11901.71183467129
 30
0.0
 11
26206.79975309846
 21
-11902.23033467129
 31
0.0
  0
LINE
  5
369
330
2
100
AcDbEntity
  8
1
100
AcDbLine
 10
26208.31125309848
 20
-11903.28333467129
 30
0.0
 11
26207.56675309848
 21
-11902.7648346713
 31
0.0
  0
LINE
  5
36A
330
2
100
AcDbEntity
  8
1
100
AcDbLine
 10
26208.31125309848
 20
-11903.28333467129
 30
0.0
 11
26208.88925309847
 21
-11903.68633467129
 31
0.0
  0
LINE
  5
36B
330
2
100
AcDbEntity
  8
1
100
AcDbLine
 10
26210.06375309848
 20
-11904.5048346713
 30
0.0
 11
26209.48525309847
 21
-11904.10183467129
 31
0.0
  0
LINE
  5
36C
330
2
100
AcDbEntity
  8
1
100
AcDbLine
 10
26246.73325309847
 20
-11930.0588346713
 30
0.0
 11
26247.31025309846
 21
-11930.4613346713
 31
0.0
  0
LINE
  5
36D
330
2
100
AcDbEntity
  8
1
100
AcDbLine
 10
26248.48225309847
 20
-11931.27783467129
 30
0.0
 11
26247.90525309848
 21
-11930.87583467129
 31
0.0
  0
LINE
  5
36E
330
2
100
AcDbEntity
  8
1
100
AcDbLine
 10
26288.83375309847
 20
-11959.3978346713
 30
0.0
 11
26289.64175309846
 21
-11959.96083467129
 31
0.0
  0
LINE
  5
36F
330
2
100
AcDbEntity
  8
1
100
AcDbLine
 10
26291.28225309848
 20
-11961.1043346713
 30
0.0
 11
26290.47425309848
 21
-11960.5413346713
 31
0.0
  0
LINE
  5
370
330
2
100
AcDbEntity
  8
1
100
AcDbLine
 10
26337.65225309846
 20
-11993.41833467129
 30
0.0
 11
26337.87375309847
 21
-11993.57283467129
 31
0.0
  0
LINE
  5
371
330
2
100
AcDbEntity
  8
1
100
AcDbLine
 10
26338.32375309847
 20
-11993.88633467129
 30
0.0
 11
26338.10225309847
 21
-11993.7318346713
 31
0.0
  0
LINE
  5
372
330
2
100
AcDbEntity
  8
1
100
AcDbLine
 10
26340.90325309846
 20
-11995.6838346713
 30
0.0
 11
26341.18625309846
 21
-11995.88133467129
 31
0.0
  0
LINE
  5
373
330
2
100
AcDbEntity
  8
1
100
AcDbLine
 10
26341.76125309847
 20
-11996.28233467129
 30
0.0
 11
26341.47825309847
 21
-11996.08483467129
 31
0.0
  0
LINE
  5
374
330
2
100
AcDbEntity
  8
1
100
AcDbLine
 10
26380.09325309846
 20
-12022.9948346713
 30
0.0
 11
26382.00125309847
 21
-12024.32433467129
 31
0.0
  0
LINE
  5
375
330
2
100
AcDbEntity
  8
1
100
AcDbLine
 10
26385.87425309847
 20
-12027.02333467129
 30
0.0
 11
26383.96675309847
 21
-12025.69383467129
 31
0.0
  0
LINE
  5
376
330
2
100
AcDbEntity
  8
1
100
AcDbLine
 10
26385.87425309847
 20
-12027.02333467129
 30
0.0
 11
26385.99725309847
 21
-12027.10933467129
 31
0.0
  0
LINE
  5
377
330
2
100
AcDbEntity
  8
1
100
AcDbLine
 10
26386.24675309846
 20
-12027.28283467129
 30
0.0
 11
26386.12375309848
 21
-12027.19733467129
 31
0.0
  0
LINE
  5
378
330
2
100
AcDbEntity
  8
1
100
AcDbLine
 10
26386.24675309846
 20
-12027.28283467129
 30
0.0
 11
26386.24675309846
 21
-12027.28283467129
 31
0.0
  0
LINE
  5
379
330
2
100
AcDbEntity
  8
1
100
AcDbLine
 10
26386.24675309846
 20
-12027.28283467129
 30
0.0
 11
26386.24675309846
 21
-12027.28283467129
 31
0.0
  0
LWPOLYLINE
  5
37A
330
2
100
AcDbEntity
  8
0
100
AcDbPolyline
 90
        2
 70
     0
 43
0.25
 10
26206.05575309846
 20
-11901.7118346713
 10
26206.05575309846
 20
-11901.7118346713
  0
LWPOLYLINE
  5
37B
330
2
100
AcDbEntity
  8
0
100
AcDbPolyline
 90
        2
 70
     0
 43
0.25
 10
26208.31125309848
 20
-11903.28333467129
 10
26208.31125309848
 20
-11903.28333467129
  0
LWPOLYLINE
  5
37C
330
2
100
AcDbEntity
  8
0
100
AcDbPolyline
 90
        2
 70
     0
 43
0.25
 10
26246.73325309847
 20
-11930.05883467129
 10
26210.06375309848
 20
-11904.50483467129
  0
LWPOLYLINE
  5
37D
330
2
100
AcDbEntity
  8
0
100
AcDbPolyline
 90
        2
 70
     0
 43
0.25
 10
26288.83375309847
 20
-11959.3978346713
 10
26248.48225309847
 20
-11931.27783467129
  0
LWPOLYLINE
  5
37E
330
2
100
AcDbEntity
  8
0
100
AcDbPolyline
 90
        2
 70
     0
 43
0.25
 10
26337.65225309846
 20
-11993.4183346713
 10
26291.28225309847
 20
-11961.1043346713
  0
LWPOLYLINE
  5
37F
330
2
100
AcDbEntity
  8
0
100
AcDbPolyline
 90
        2
 70
     0
 43
0.25
 10
26340.90325309847
 20
-11995.68383467129
 10
26338.32375309848
 20
-11993.88633467129
  0
LWPOLYLINE
  5
380
330
2
100
AcDbEntity
  8
0
100
AcDbPolyline
 90
        2
 70
     0
 43
0.25
 10
26380.09325309846
 20
-12022.99483467129
 10
26341.76125309848
 20
-11996.28233467129
  0
LWPOLYLINE
  5
381
330
2
100
AcDbEntity
  8
0
100
AcDbPolyline
 90
        2
 70
     0
 43
0.25
 10
26385.87425309847
 20
-12027.0233346713
 10
26385.87425309847
 20
-12027.0233346713
  0
LWPOLYLINE
  5
382
330
2
100
AcDbEntity
  8
0
100
AcDbPolyline
 90
        2
 70
     0
 43
0.25
 10
26386.24675309847
 20
-12027.2828346713
 10
26386.24675309847
 20
-12027.2828346713
  0
LINE
  5
383
330
2
100
AcDbEntity
  8
1
100
AcDbLine
 10
26386.24675309846
 20
-12027.28283467129
 30
0.0
 11
26386.77475309848
 21
-12026.5248346713
 31
0.0
  0
LINE
  5
384
330
2
100
AcDbEntity
  8
1
100
AcDbLine
 10
26387.84775309847
 20
-12024.98583467129
 30
0.0
 11
26387.31925309847
 21
-12025.74383467129
 31
0.0
  0
LINE
  5
385
330
2
100
AcDbEntity
  8
1
100
AcDbLine
 10
26387.84775309847
 20
-12024.98583467129
 30
0.0
 11
26387.22175309848
 21
-12024.5498346713
 31
0.0
  0
LINE
  5
386
330
2
100
AcDbEntity
  8
1
100
AcDbLine
 10
26385.95125309847
 20
-12023.66433467129
 30
0.0
 11
26386.57675309848
 21
-12024.10033467129
 31
0.0
  0
LINE
  5
387
330
2
100
AcDbEntity
  8
1
100
AcDbLine
 10
26385.95125309847
 20
-12023.66433467129
 30
0.0
 11
26385.01325309847
 21
-12023.0103346713
 31
0.0
  0
LINE
  5
388
330
2
100
AcDbEntity
  8
1
100
AcDbLine
 10
26383.10875309846
 20
-12021.6833346713
 30
0.0
 11
26384.04675309847
 21
-12022.33683467129
 31
0.0
  0
LINE
  5
389
330
2
100
AcDbEntity
  8
1
100
AcDbLine
 10
26383.10875309846
 20
-12021.6833346713
 30
0.0
 11
26382.64175309848
 21
-12021.3578346713
 31
0.0
  0
LINE
  5
38A
330
2
100
AcDbEntity
  8
1
100
AcDbLine
 10
26381.69425309847
 20
-12020.69783467129
 30
0.0
 11
26382.16125309846
 21
-12021.02283467129
 31
0.0
  0
LINE
  5
38B
330
2
100
AcDbEntity
  8
1
100
AcDbLine
 10
26344.02175309847
 20
-11994.4443346713
 30
0.0
 11
26343.45825309848
 21
-11994.0518346713
 31
0.0
  0
LINE
  5
38C
330
2
100
AcDbEntity
  8
1
100
AcDbLine
 10
26342.31425309847
 20
-11993.2548346713
 30
0.0
 11
26342.87775309848
 21
-11993.64733467129
 31
0.0
  0
LINE
  5
38D
330
2
100
AcDbEntity
  8
1
100
AcDbLine
 10
26339.49875309848
 20
-11991.2923346713
 30
0.0
 11
26338.80075309846
 21
-11990.80583467129
 31
0.0
  0
LINE
  5
38E
330
2
100
AcDbEntity
  8
1
100
AcDbLine
 10
26337.38275309847
 20
-11989.81783467129
 30
0.0
 11
26338.08125309847
 21
-11990.30483467129
 31
0.0
  0
LINE
  5
38F
330
2
100
AcDbEntity
  8
1
100
AcDbLine
 10
26293.73075309847
 20
-11959.3978346713
 30
0.0
 11
26292.92275309847
 21
-11958.83483467129
 31
0.0
  0
LINE
  5
390
330
2
100
AcDbEntity
  8
1
100
AcDbLine
 10
26291.28225309848
 20
-11957.6913346713
 30
0.0
 11
26292.09025309847
 21
-11958.25433467129
 31
0.0
  0
LINE
  5
391
330
2
100
AcDbEntity
  8
1
100
AcDbLine
 10
26211.66475309847
 20
-11902.20733467129
 30
0.0
 11
26209.76925309846
 21
-11900.88683467129
 31
0.0
  0
LINE
  5
392
330
2
100
AcDbEntity
  8
1
100
AcDbLine
 10
26205.92125309846
 20
-11898.20533467129
 30
0.0
 11
26207.81675309847
 21
-11899.52583467129
 31
0.0
  0
LINE
  5
393
330
2
100
AcDbEntity
  8
1
100
AcDbLine
 10
26205.92125309846
 20
-11898.20533467129
 30
0.0
 11
26205.92125309846
 21
-11898.20533467129
 31
0.0
  0
LINE
  5
394
330
2
100
AcDbEntity
  8
1
100
AcDbLine
 10
26205.92125309846
 20
-11898.20533467129
 30
0.0
 11
26205.92125309846
 21
-11898.20533467129
 31
0.0
  0
LINE
  5
395
330
2
100
AcDbEntity
  8
1
100
AcDbLine
 10
26205.92125309846
 20
-11898.20533467129
 30
0.0
 11
26205.92125309846
 21
-11898.20533467129
 31
0.0
  0
LINE
  5
396
330
2
100
AcDbEntity
  8
1
100
AcDbLine
 10
26205.92125309846
 20
-11898.20533467129
 30
0.0
 11
26205.92125309846
 21
-11898.20533467129
 31
0.0
  0
LWPOLYLINE
  5
397
330
2
100
AcDbEntity
  8
0
100
AcDbPolyline
 90
        2
 70
     0
 43
0.25
 10
26385.95125309846
 20
-12023.6643346713
 10
26385.95125309846
 20
-12023.6643346713
  0
LWPOLYLINE
  5
398
330
2
100
AcDbEntity
  8
0
100
AcDbPolyline
 90
        2
 70
     0
 43
0.25
 10
26383.10875309846
 20
-12021.6833346713
 10
26383.10875309846
 20
-12021.6833346713
  0
LWPOLYLINE
  5
399
330
2
100
AcDbEntity
  8
0
100
AcDbPolyline
 90
        2
 70
     0
 43
0.25
 10
26344.02175309847
 20
-11994.4443346713
 10
26381.69425309848
 20
-12020.69783467129
  0
LWPOLYLINE
  5
39A
330
2
100
AcDbEntity
  8
0
100
AcDbPolyline
 90
        2
 70
     0
 43
0.25
 10
26339.49875309848
 20
-11991.2923346713
 10
26342.31425309848
 20
-11993.25483467129
  0
LWPOLYLINE
  5
39B
330
2
100
AcDbEntity
  8
0
100
AcDbPolyline
 90
        2
 70
     0
 43
0.25
 10
26293.73075309847
 20
-11959.3978346713
 10
26337.38275309847
 20
-11989.81783467128
  0
LWPOLYLINE
  5
39C
330
2
100
AcDbEntity
  8
0
100
AcDbPolyline
 90
        2
 70
     0
 43
0.25
 10
26211.66475309848
 20
-11902.20733467129
 10
26291.28225309847
 20
-11957.6913346713
  0
LWPOLYLINE
  5
39D
330
2
100
AcDbEntity
  8
0
100
AcDbPolyline
 90
        2
 70
     0
 43
0.25
 10
26205.92125309846
 20
-11898.2053346713
 10
26205.92125309846
 20
-11898.2053346713
  0
LWPOLYLINE
  5
39E
330
2
100
AcDbEntity
  8
0
100
AcDbPolyline
 90
        2
 70
     0
 43
0.25
 10
26205.92125309846
 20
-11898.2053346713
 10
26205.92125309846
 20
-11898.2053346713
  0
LINE
  5
39F
330
2
100
AcDbEntity
  8
0
100
AcDbLine
 10
26244.75975309847
 20
-12054.35233467129
 30
0.0
 11
26190.64575309848
 21
-12088.50383467129
 31
0.0
  0
LWPOLYLINE
  5
3A0
330
2
100
AcDbEntity
  8
0
100
AcDbPolyline
 90
        2
 70
     0
 43
0.25
 10
26245.56075309848
 20
-12055.6208346713
 10
26244.49325309846
 20
-12053.92983467129
  0
LWPOLYLINE
  5
3A1
330
2
100
AcDbEntity
  8
0
100
AcDbPolyline
 90
        2
 70
     0
 43
0.25
 10
26191.44625309849
 20
-12089.77233467129
 10
26245.56075309848
 20
-12055.6208346713
  0
LWPOLYLINE
  5
3A2
330
2
100
AcDbEntity
  8
0
100
AcDbPolyline
 90
        2
 70
     0
 43
0.25
 10
26190.37875309847
 20
-12088.08083467129
 10
26191.44625309849
 20
-12089.77233467129
  0
LWPOLYLINE
  5
3A3
330
2
100
AcDbEntity
  8
0
100
AcDbPolyline
 90
        2
 70
     0
 43
0.25
 10
26244.49325309846
 20
-12053.92983467129
 10
26190.37875309847
 20
-12088.08083467129
  0
LINE
  5
3A4
330
2
100
AcDbEntity
  8
1
100
AcDbLine
 10
26337.80475309847
 20
-12054.35233467129
 30
0.0
 11
26391.91875309848
 21
-12088.50383467129
 31
0.0
  0
LINE
  5
3A5
330
2
100
AcDbEntity
  8
1
100
AcDbLine
 10
26338.07125309847
 20
-12053.9298346713
 30
0.0
 11
26337.71925309846
 21
-12054.4878346713
 31
0.0
  0
LINE
  5
3A6
330
2
100
AcDbEntity
  8
1
100
AcDbLine
 10
26337.00375309848
 20
-12055.6208346713
 30
0.0
 11
26337.35625309847
 21
-12055.0628346713
 31
0.0
  0
LINE
  5
3A7
330
2
100
AcDbEntity
  8
1
100
AcDbLine
 10
26337.00375309848
 20
-12055.6208346713
 30
0.0
 11
26337.59075309847
 21
-12055.9913346713
 31
0.0
  0
LINE
  5
3A8
330
2
100
AcDbEntity
  8
1
100
AcDbLine
 10
26338.78225309848
 20
-12056.74333467129
 30
0.0
 11
26338.19525309848
 21
-12056.37283467129
 31
0.0
  0
LINE
  5
3A9
330
2
100
AcDbEntity
  8
1
100
AcDbLine
 10
26338.78225309848
 20
-12056.74333467129
 30
0.0
 11
26339.09825309848
 21
-12056.9428346713
 31
0.0
  0
LINE
  5
3AA
330
2
100
AcDbEntity
  8
1
100
AcDbLine
 10
26339.74025309847
 20
-12057.3478346713
 30
0.0
 11
26339.42375309848
 21
-12057.14833467129
 31
0.0
  0
LINE
  5
3AB
330
2
100
AcDbEntity
  8
1
100
AcDbLine
 10
26388.05625309846
 20
-12087.83983467129
 30
0.0
 11
26388.90725309847
 21
-12088.3768346713
 31
0.0
  0
LINE
  5
3AC
330
2
100
AcDbEntity
  8
1
100
AcDbLine
 10
26390.63475309846
 20
-12089.4673346713
 30
0.0
 11
26389.78425309847
 21
-12088.93033467129
 31
0.0
  0
LINE
  5
3AD
330
2
100
AcDbEntity
  8
1
100
AcDbLine
 10
26390.63475309846
 20
-12089.4673346713
 30
0.0
 11
26390.79425309847
 21
-12089.5678346713
 31
0.0
  0
LINE
  5
3AE
330
2
100
AcDbEntity
  8
1
100
AcDbLine
 10
26391.11825309847
 20
-12089.77233467129
 30
0.0
 11
26390.95875309846
 21
-12089.67133467129
 31
0.0
  0
LWPOLYLINE
  5
3AF
330
2
100
AcDbEntity
  8
0
100
AcDbPolyline
 90
        2
 70
     0
 43
0.25
 10
26338.78225309847
 20
-12056.7433346713
 10
26338.78225309847
 20
-12056.7433346713
  0
LWPOLYLINE
  5
3B0
330
2
100
AcDbEntity
  8
0
100
AcDbPolyline
 90
        2
 70
     0
 43
0.25
 10
26388.05625309846
 20
-12087.8398346713
 10
26339.74025309847
 20
-12057.3478346713
  0
LWPOLYLINE
  5
3B1
330
2
100
AcDbEntity
  8
0
100
AcDbPolyline
 90
        2
 70
     0
 43
0.25
 10
26390.63475309846
 20
-12089.4673346713
 10
26390.63475309846
 20
-12089.4673346713
  0
LINE
  5
3B2
330
2
100
AcDbEntity
  8
1
100
AcDbLine
 10
26391.11825309847
 20
-12089.77233467129
 30
0.0
 11
26391.47025309847
 21
-12089.21383467129
 31
0.0
  0
LINE
  5
3B3
330
2
100
AcDbEntity
  8
1
100
AcDbLine
 10
26392.18575309848
 20
-12088.08083467129
 30
0.0
 11
26391.83325309847
 21
-12088.63883467129
 31
0.0
  0
LINE
  5
3B4
330
2
100
AcDbEntity
  8
1
100
AcDbLine
 10
26392.18575309848
 20
-12088.08083467129
 30
0.0
 11
26391.64725309848
 21
-12087.74083467129
 31
0.0
  0
LINE
  5
3B5
330
2
100
AcDbEntity
  8
1
100
AcDbLine
 10
26390.55475309846
 20
-12087.05133467129
 30
0.0
 11
26391.09275309848
 21
-12087.39133467129
 31
0.0
  0
LINE
  5
3B6
330
2
100
AcDbEntity
  8
1
100
AcDbLine
 10
26390.55475309846
 20
-12087.05133467129
 30
0.0
 11
26389.66875309847
 21
-12086.49233467129
 31
0.0
  0
LINE
  5
3B7
330
2
100
AcDbEntity
  8
1
100
AcDbLine
 10
26387.87075309847
 20
-12085.35783467129
 30
0.0
 11
26388.75625309848
 21
-12085.9168346713
 31
0.0
  0
LINE
  5
3B8
330
2
100
AcDbEntity
  8
1
100
AcDbLine
 10
26340.65575309848
 20
-12055.56083467129
 30
0.0
 11
26339.94225309848
 21
-12055.1103346713
 31
0.0
  0
LINE
  5
3B9
330
2
100
AcDbEntity
  8
1
100
AcDbLine
 10
26338.49425309848
 20
-12054.19633467129
 30
0.0
 11
26339.20775309848
 21
-12054.64683467129
 31
0.0
  0
LINE
  5
3BA
330
2
100
AcDbEntity
  8
1
100
AcDbLine
 10
26338.49425309848
 20
-12054.19633467129
 30
0.0
 11
26338.35475309847
 21
-12054.10833467129
 31
0.0
  0
LINE
  5
3BB
330
2
100
AcDbEntity
  8
1
100
AcDbLine
 10
26338.07125309847
 20
-12053.9298346713
 30
0.0
 11
26338.21075309847
 21
-12054.01783467129
 31
0.0
  0
LWPOLYLINE
  5
3BC
330
2
100
AcDbEntity
  8
0
100
AcDbPolyline
 90
        2
 70
     0
 43
0.25
 10
26390.55475309846
 20
-12087.05133467129
 10
26390.55475309846
 20
-12087.05133467129
  0
LWPOLYLINE
  5
3BD
330
2
100
AcDbEntity
  8
0
100
AcDbPolyline
 90
        2
 70
     0
 43
0.25
 10
26340.65575309849
 20
-12055.5608346713
 10
26387.87075309848
 20
-12085.35783467129
  0
LWPOLYLINE
  5
3BE
330
2
100
AcDbEntity
  8
0
100
AcDbPolyline
 90
        2
 70
     0
 43
0.25
 10
26338.49425309847
 20
-12054.19633467129
 10
26338.49425309847
 20
-12054.19633467129
  0
LINE
  5
3BF
330
2
100
AcDbEntity
  8
1
100
AcDbLine
 10
26243.56425309847
 20
-12054.1588346713
 30
0.0
 11
26238.69025309847
 21
-12119.3273346713
 31
0.0
  0
LINE
  5
3C0
330
2
100
AcDbEntity
  8
1
100
AcDbLine
 10
26243.06575309848
 20
-12054.1213346713
 30
0.0
 11
26243.72375309846
 21
-12054.1703346713
 31
0.0
  0
LINE
  5
3C1
330
2
100
AcDbEntity
  8
1
100
AcDbLine
 10
26245.06025309848
 20
-12054.27033467129
 30
0.0
 11
26244.40225309848
 21
-12054.22133467129
 31
0.0
  0
LINE
  5
3C2
330
2
100
AcDbEntity
  8
1
100
AcDbLine
 10
26245.06025309848
 20
-12054.27033467129
 30
0.0
 11
26245.01725309847
 21
-12054.84733467129
 31
0.0
  0
LINE
  5
3C3
330
2
100
AcDbEntity
  8
1
100
AcDbLine
 10
26244.92925309848
 20
-12056.01933467129
 30
0.0
 11
26244.97275309847
 21
-12055.4423346713
 31
0.0
  0
LINE
  5
3C4
330
2
100
AcDbEntity
  8
1
100
AcDbLine
 10
26244.92925309848
 20
-12056.01933467129
 30
0.0
 11
26244.89525309848
 21
-12056.47533467129
 31
0.0
  0
LINE
  5
3C5
330
2
100
AcDbEntity
  8
1
100
AcDbLine
 10
26244.82625309848
 20
-12057.4018346713
 30
0.0
 11
26244.86025309847
 21
-12056.9453346713
 31
0.0
  0
LINE
  5
3C6
330
2
100
AcDbEntity
  8
1
100
AcDbLine
 10
26240.48325309847
 20
-12115.4678346713
 30
0.0
 11
26240.39725309848
 21
-12116.6148346713
 31
0.0
  0
LINE
  5
3C7
330
2
100
AcDbEntity
  8
1
100
AcDbLine
 10
26240.22325309847
 20
-12118.9428346713
 30
0.0
 11
26240.30925309846
 21
-12117.79633467129
 31
0.0
  0
LWPOLYLINE
  5
3C8
330
2
100
AcDbEntity
  8
0
100
AcDbPolyline
 90
        2
 70
     0
 43
0.25
 10
26244.92925309848
 20
-12056.01933467129
 10
26244.92925309848
 20
-12056.01933467129
  0
LWPOLYLINE
  5
3C9
330
2
100
AcDbEntity
  8
0
100
AcDbPolyline
 90
        2
 70
     0
 43
0.25
 10
26240.48325309847
 20
-12115.46783467129
 10
26244.82625309848
 20
-12057.4018346713
  0
LWPOLYLINE
  5
3CA
330
2
100
AcDbEntity
  8
0
100
AcDbPolyline
 90
        2
 70
     0
 43
0.25
 10
26240.18625309848
 20
-12119.43883467128
 10
26240.22325309848
 20
-12118.9428346713
  0
LINE
  5
3CB
330
2
100
AcDbEntity
  8
1
100
AcDbLine
 10
26239.51675309848
 20
-12119.3888346713
 30
0.0
 11
26239.07925309847
 21
-12119.35633467129
 31
0.0
  0
LINE
  5
3CC
330
2
100
AcDbEntity
  8
1
100
AcDbLine
 10
26238.19175309848
 20
-12119.2898346713
 30
0.0
 11
26238.62925309847
 21
-12119.32233467129
 31
0.0
  0
LWPOLYLINE
  5
3CD
330
2
100
AcDbEntity
  8
0
100
AcDbPolyline
 90
        2
 70
     0
 43
0.25
 10
26239.51675309848
 20
-12119.3888346713
 10
26240.18625309848
 20
-12119.43883467128
  0
LINE
  5
3CE
330
2
100
AcDbEntity
  8
1
100
AcDbLine
 10
26238.19175309848
 20
-12119.2898346713
 30
0.0
 11
26238.25325309847
 21
-12118.4668346713
 31
0.0
  0
LINE
  5
3CF
330
2
100
AcDbEntity
  8
1
100
AcDbLine
 10
26238.37825309848
 20
-12116.7963346713
 30
0.0
 11
26238.31675309847
 21
-12117.6193346713
 31
0.0
  0
LINE
  5
3D0
330
2
100
AcDbEntity
  8
1
100
AcDbLine
 10
26242.82425309847
 20
-12057.3478346713
 30
0.0
 11
26242.88575309848
 21
-12056.52833467129
 31
0.0
  0
LINE
  5
3D1
330
2
100
AcDbEntity
  8
1
100
AcDbLine
 10
26243.01025309848
 20
-12054.86533467129
 30
0.0
 11
26242.94875309847
 21
-12055.68483467129
 31
0.0
  0
LINE
  5
3D2
330
2
100
AcDbEntity
  8
1
100
AcDbLine
 10
26243.01025309848
 20
-12054.86533467129
 30
0.0
 11
26243.02825309848
 21
-12054.61983467129
 31
0.0
  0
LINE
  5
3D3
330
2
100
AcDbEntity
  8
1
100
AcDbLine
 10
26243.06575309848
 20
-12054.1213346713
 30
0.0
 11
26243.04725309847
 21
-12054.36683467129
 31
0.0
  0
LWPOLYLINE
  5
3D4
330
2
100
AcDbEntity
  8
0
100
AcDbPolyline
 90
        2
 70
     0
 43
0.25
 10
26242.82425309847
 20
-12057.3478346713
 10
26238.37825309847
 20
-12116.7963346713
  0
LWPOLYLINE
  5
3D5
330
2
100
AcDbEntity
  8
0
100
AcDbPolyline
 90
        2
 70
     0
 43
0.25
 10
26243.01025309847
 20
-12054.8653346713
 10
26243.01025309847
 20
-12054.8653346713
  0
LINE
  5
3D6
330
2
100
AcDbEntity
  8
0
100
AcDbLine
 10
26339.00025309846
 20
-12054.1588346713
 30
0.0
 11
26343.87425309848
 21
-12119.3273346713
 31
0.0
  0
LWPOLYLINE
  5
3D7
330
2
100
AcDbEntity
  8
0
100
AcDbPolyline
 90
        2
 70
     0
 43
0.25
 10
26337.50425309848
 20
-12054.27033467128
 10
26339.49875309848
 20
-12054.12133467129
  0
LWPOLYLINE
  5
3D8
330
2
100
AcDbEntity
  8
0
100
AcDbPolyline
 90
        2
 70
     0
 43
0.25
 10
26342.37825309847
 20
-12119.43883467128
 10
26337.50425309848
 20
-12054.27033467128
  0
LWPOLYLINE
  5
3D9
330
2
100
AcDbEntity
  8
0
100
AcDbPolyline
 90
        2
 70
     0
 43
0.25
 10
26344.37275309847
 20
-12119.28983467129
 10
26342.37825309847
 20
-12119.43883467128
  0
LWPOLYLINE
  5
3DA
330
2
100
AcDbEntity
  8
0
100
AcDbPolyline
 90
        2
 70
     0
 43
0.25
 10
26339.49875309848
 20
-12054.12133467129
 10
26344.37275309847
 20
-12119.28983467129
  0
LINE
  5
3DB
330
2
100
AcDbEntity
  8
1
100
AcDbLine
 10
26237.20425309847
 20
-12120.58433467129
 30
0.0
 11
26191.25375309847
 21
-12087.11933467129
 31
0.0
  0
LINE
  5
3DC
330
2
100
AcDbEntity
  8
1
100
AcDbLine
 10
26237.49875309847
 20
-12120.18033467129
 30
0.0
 11
26237.28425309847
 21
-12120.47483467129
 31
0.0
  0
LINE
  5
3DD
330
2
100
AcDbEntity
  8
1
100
AcDbLine
 10
26236.84875309846
 20
-12121.07283467129
 30
0.0
 11
26237.06325309846
 21
-12120.77833467129
 31
0.0
  0
LWPOLYLINE
  5
3DE
330
2
100
AcDbEntity
  8
0
100
AcDbPolyline
 90
        2
 70
     0
 43
0.25
 10
26236.32125309847
 20
-12121.79683467129
 10
26236.84875309846
 20
-12121.07283467129
  0
LINE
  5
3DF
330
2
100
AcDbEntity
  8
1
100
AcDbLine
 10
26236.03325309847
 20
-12121.58733467129
 30
0.0
 11
26235.22975309847
 21
-12121.00183467129
 31
0.0
  0
LINE
  5
3E0
330
2
100
AcDbEntity
  8
1
100
AcDbLine
 10
26233.59775309848
 20
-12119.8133346713
 30
0.0
 11
26234.40125309846
 21
-12120.39883467129
 31
0.0
  0
LINE
  5
3E1
330
2
100
AcDbEntity
  8
1
100
AcDbLine
 10
26194.25925309847
 20
-12091.16383467129
 30
0.0
 11
26193.07775309847
 21
-12090.3033346713
 31
0.0
  0
LINE
  5
3E2
330
2
100
AcDbEntity
  8
1
100
AcDbLine
 10
26190.67925309847
 20
-12088.55633467129
 30
0.0
 11
26191.86075309847
 21
-12089.41683467129
 31
0.0
  0
LINE
  5
3E3
330
2
100
AcDbEntity
  8
1
100
AcDbLine
 10
26190.67925309847
 20
-12088.55633467129
 30
0.0
 11
26190.57725309848
 21
-12088.4823346713
 31
0.0
  0
LINE
  5
3E4
330
2
100
AcDbEntity
  8
1
100
AcDbLine
 10
26190.37075309847
 20
-12088.3318346713
 30
0.0
 11
26190.47225309848
 21
-12088.40583467129
 31
0.0
  0
LWPOLYLINE
  5
3E5
330
2
100
AcDbEntity
  8
0
100
AcDbPolyline
 90
        2
 70
     0
 43
0.25
 10
26236.03325309847
 20
-12121.58733467129
 10
26236.32125309847
 20
-12121.79683467129
  0
LWPOLYLINE
  5
3E6
330
2
100
AcDbEntity
  8
0
100
AcDbPolyline
 90
        2
 70
     0
 43
0.25
 10
26194.25925309847
 20
-12091.16383467129
 10
26233.59775309848
 20
-12119.8133346713
  0
LWPOLYLINE
  5
3E7
330
2
100
AcDbEntity
  8
0
100
AcDbPolyline
 90
        2
 70
     0
 43
0.25
 10
26190.67925309847
 20
-12088.55633467129
 10
26190.67925309847
 20
-12088.55633467129
  0
LINE
  5
3E8
330
2
100
AcDbEntity
  8
1
100
AcDbLine
 10
26190.37075309847
 20
-12088.3318346713
 30
0.0
 11
26190.75925309846
 21
-12087.79833467129
 31
0.0
  0
LINE
  5
3E9
330
2
100
AcDbEntity
  8
1
100
AcDbLine
 10
26191.54825309847
 20
-12086.71483467129
 30
0.0
 11
26191.15925309847
 21
-12087.24833467129
 31
0.0
  0
LINE
  5
3EA
330
2
100
AcDbEntity
  8
1
100
AcDbLine
 10
26191.54825309847
 20
-12086.71483467129
 30
0.0
 11
26192.27475309847
 21
-12087.24433467129
 31
0.0
  0
LINE
  5
3EB
330
2
100
AcDbEntity
  8
1
100
AcDbLine
 10
26193.74975309848
 20
-12088.31833467129
 30
0.0
 11
26193.02325309848
 21
-12087.78933467129
 31
0.0
  0
LINE
  5
3EC
330
2
100
AcDbEntity
  8
1
100
AcDbLine
 10
26193.74975309848
 20
-12088.31833467129
 30
0.0
 11
26193.97575309846
 21
-12088.48333467129
 31
0.0
  0
LINE
  5
3ED
330
2
100
AcDbEntity
  8
1
100
AcDbLine
 10
26194.43475309847
 20
-12088.8178346713
 30
0.0
 11
26194.20875309847
 21
-12088.65283467129
 31
0.0
  0
LINE
  5
3EE
330
2
100
AcDbEntity
  8
1
100
AcDbLine
 10
26235.41775309847
 20
-12118.6648346713
 30
0.0
 11
26236.10425309848
 21
-12119.16483467129
 31
0.0
  0
LINE
  5
3EF
330
2
100
AcDbEntity
  8
1
100
AcDbLine
 10
26237.49875309847
 20
-12120.18033467129
 30
0.0
 11
26236.81175309847
 21
-12119.68033467129
 31
0.0
  0
LWPOLYLINE
  5
3F0
330
2
100
AcDbEntity
  8
0
100
AcDbPolyline
 90
        2
 70
     0
 43
0.25
 10
26193.74975309848
 20
-12088.31833467129
 10
26193.74975309848
 20
-12088.31833467129
  0
LWPOLYLINE
  5
3F1
330
2
100
AcDbEntity
  8
0
100
AcDbPolyline
 90
        2
 70
     0
 43
0.25
 10
26235.41775309847
 20
-12118.66483467129
 10
26194.43475309847
 20
-12088.8178346713
  0
LINE
  5
3F2
330
2
100
AcDbEntity
  8
0
100
AcDbLine
 10
26345.36025309847
 20
-12120.58433467129
 30
0.0
 11
26391.31075309847
 21
-12087.11933467129
 31
0.0
  0
LWPOLYLINE
  5
3F3
330
2
100
AcDbEntity
  8
0
100
AcDbPolyline
 90
        2
 70
     0
 43
0.25
 10
26346.24325309848
 20
-12121.79683467129
 10
26345.06575309846
 20
-12120.18033467129
  0
LWPOLYLINE
  5
3F4
330
2
100
AcDbEntity
  8
0
100
AcDbPolyline
 90
        2
 70
     0
 43
0.25
 10
26392.19375309849
 20
-12088.33183467129
 10
26346.24325309848
 20
-12121.79683467129
  0
LWPOLYLINE
  5
3F5
330
2
100
AcDbEntity
  8
0
100
AcDbPolyline
 90
        2
 70
     0
 43
0.25
 10
26391.01625309847
 20
-12086.7148346713
 10
26392.19375309849
 20
-12088.33183467129
  0
LWPOLYLINE
  5
3F6
330
2
100
AcDbEntity
  8
0
100
AcDbPolyline
 90
        2
 70
     0
 43
0.25
 10
26345.06575309846
 20
-12120.18033467129
 10
26391.01625309847
 20
-12086.7148346713
  0
LINE
  5
3F7
330
2
100
AcDbEntity
  8
1
100
AcDbLine
 10
26337.54425309846
 20
-12054.80483467129
 30
0.0
 11
26337.86275309848
 21
-12054.60333467129
 31
0.0
  0
LINE
  5
3F8
330
2
100
AcDbEntity
  8
1
100
AcDbLine
 10
26338.50975309847
 20
-12054.19533467129
 30
0.0
 11
26338.19125309847
 21
-12054.39633467129
 31
0.0
  0
LINE
  5
3F9
330
2
100
AcDbEntity
  8
0
100
AcDbLine
 10
26337.54425309846
 20
-12054.80483467129
 30
0.0
 11
26185.63825309847
 21
-12150.67183467129
 31
0.0
  0
LINE
  5
3FA
330
2
100
AcDbEntity
  8
0
100
AcDbLine
 10
26386.37725309848
 20
-12023.9863346713
 30
0.0
 11
26338.50975309847
 21
-12054.19533467129
 31
0.0
  0
LWPOLYLINE
  5
3FB
330
2
100
AcDbEntity
  8
0
100
AcDbPolyline
 90
        2
 70
     0
 43
0.25
 10
26387.60475309846
 20
-12025.93133467129
 10
26386.11025309848
 20
-12023.5633346713
  0
LINE
  5
3FC
330
2
100
AcDbEntity
  8
1
100
AcDbLine
 10
26339.65375309847
 20
-12056.1933346713
 30
0.0
 11
26339.02175309847
 21
-12056.5918346713
 31
0.0
  0
LINE
  5
3FD
330
2
100
AcDbEntity
  8
1
100
AcDbLine
 10
26337.73825309847
 20
-12057.4018346713
 30
0.0
 11
26338.37075309847
 21
-12057.00283467129
 31
0.0
  0
LWPOLYLINE
  5
3FE
330
2
100
AcDbEntity
  8
0
100
AcDbPolyline
 90
        2
 70
     0
 43
0.25
 10
26339.65375309848
 20
-12056.19333467129
 10
26387.60475309846
 20
-12025.93133467129
  0
LWPOLYLINE
  5
3FF
330
2
100
AcDbEntity
  8
0
100
AcDbPolyline
 90
        2
 70
     0
 43
0.25
 10
26186.86575309848
 20
-12152.6168346713
 10
26337.73825309847
 20
-12057.4018346713
  0
LWPOLYLINE
  5
400
330
2
100
AcDbEntity
  8
0
100
AcDbPolyline
 90
        2
 70
     0
 43
0.25
 10
26185.37125309848
 20
-12150.2488346713
 10
26186.86575309848
 20
-12152.6168346713
  0
LWPOLYLINE
  5
401
330
2
100
AcDbEntity
  8
0
100
AcDbPolyline
 90
        2
 70
     0
 43
0.25
 10
26386.11025309848
 20
-12023.5633346713
 10
26185.37125309848
 20
-12150.2488346713
  0
LINE
  5
402
330
2
100
AcDbEntity
  8
1
100
AcDbLine
 10
26196.18725309848
 20
-12023.9863346713
 30
0.0
 11
26396.92625309847
 21
-12150.67183467129
 31
0.0
  0
LINE
  5
403
330
2
100
AcDbEntity
  8
1
100
AcDbLine
 10
26196.45425309848
 20
-12023.5633346713
 30
0.0
 11
26195.96075309847
 21
-12024.34483467129
 31
0.0
  0
LINE
  5
404
330
2
100
AcDbEntity
  8
1
100
AcDbLine
 10
26194.95975309847
 20
-12025.93133467129
 30
0.0
 11
26195.45275309848
 21
-12025.14983467129
 31
0.0
  0
LINE
  5
405
330
2
100
AcDbEntity
  8
1
100
AcDbLine
 10
26194.95975309847
 20
-12025.93133467129
 30
0.0
 11
26195.53075309847
 21
-12026.29183467129
 31
0.0
  0
LINE
  5
406
330
2
100
AcDbEntity
  8
1
100
AcDbLine
 10
26196.69025309847
 20
-12027.02333467129
 30
0.0
 11
26196.11925309847
 21
-12026.66333467129
 31
0.0
  0
LINE
  5
407
330
2
100
AcDbEntity
  8
1
100
AcDbLine
 10
26196.69025309847
 20
-12027.02333467129
 30
0.0
 11
26197.43575309848
 21
-12027.49433467129
 31
0.0
  0
LINE
  5
408
330
2
100
AcDbEntity
  8
1
100
AcDbLine
 10
26198.94975309847
 20
-12028.44983467129
 30
0.0
 11
26198.20425309847
 21
-12027.97883467129
 31
0.0
  0
LINE
  5
409
330
2
100
AcDbEntity
  8
1
100
AcDbLine
 10
26198.94975309847
 20
-12028.44983467129
 30
0.0
 11
26199.51675309848
 21
-12028.80733467129
 31
0.0
  0
LINE
  5
40A
330
2
100
AcDbEntity
  8
1
100
AcDbLine
 10
26200.66825309847
 20
-12029.53383467129
 30
0.0
 11
26200.10125309848
 21
-12029.17633467129
 31
0.0
  0
LINE
  5
40B
330
2
100
AcDbEntity
  8
1
100
AcDbLine
 10
26241.90875309848
 20
-12055.56083467129
 30
0.0
 11
26242.52675309847
 21
-12055.95083467129
 31
0.0
  0
LINE
  5
40C
330
2
100
AcDbEntity
  8
1
100
AcDbLine
 10
26243.78225309848
 20
-12056.74333467129
 30
0.0
 11
26243.16425309846
 21
-12056.35283467129
 31
0.0
  0
LINE
  5
40D
330
2
100
AcDbEntity
  8
1
100
AcDbLine
 10
26288.65925309847
 20
-12085.06433467129
 30
0.0
 11
26289.52475309847
 21
-12085.61083467129
 31
0.0
  0
LINE
  5
40E
330
2
100
AcDbEntity
  8
1
100
AcDbLine
 10
26291.28225309848
 20
-12086.71983467129
 30
0.0
 11
26290.41675309848
 21
-12086.1738346713
 31
0.0
  0
LINE
  5
40F
330
2
100
AcDbEntity
  8
1
100
AcDbLine
 10
26342.34125309846
 20
-12118.9428346713
 30
0.0
 11
26342.57425309847
 21
-12119.09033467129
 31
0.0
  0
LINE
  5
410
330
2
100
AcDbEntity
  8
1
100
AcDbLine
 10
26343.04775309848
 20
-12119.3888346713
 30
0.0
 11
26342.81475309847
 21
-12119.24183467129
 31
0.0
  0
LINE
  5
411
330
2
100
AcDbEntity
  8
1
100
AcDbLine
 10
26345.71575309847
 20
-12121.07283467129
 30
0.0
 11
26345.98475309848
 21
-12121.24233467129
 31
0.0
  0
LINE
  5
412
330
2
100
AcDbEntity
  8
1
100
AcDbLine
 10
26346.53125309848
 20
-12121.58733467129
 30
0.0
 11
26346.26225309847
 21
-12121.41733467129
 31
0.0
  0
LWPOLYLINE
  5
413
330
2
100
AcDbEntity
  8
0
100
AcDbPolyline
 90
        2
 70
     0
 43
0.25
 10
26196.69025309847
 20
-12027.0233346713
 10
26196.69025309847
 20
-12027.0233346713
  0
LWPOLYLINE
  5
414
330
2
100
AcDbEntity
  8
0
100
AcDbPolyline
 90
        2
 70
     0
 43
0.25
 10
26198.94975309847
 20
-12028.4498346713
 10
26198.94975309847
 20
-12028.4498346713
  0
LWPOLYLINE
  5
415
330
2
100
AcDbEntity
  8
0
100
AcDbPolyline
 90
        2
 70
     0
 43
0.25
 10
26241.90875309848
 20
-12055.5608346713
 10
26200.66825309847
 20
-12029.53383467128
  0
LWPOLYLINE
  5
416
330
2
100
AcDbEntity
  8
0
100
AcDbPolyline
 90
        2
 70
     0
 43
0.25
 10
26288.65925309848
 20
-12085.06433467129
 10
26243.78225309847
 20
-12056.7433346713
  0
LWPOLYLINE
  5
417
330
2
100
AcDbEntity
  8
0
100
AcDbPolyline
 90
        2
 70
     0
 43
0.25
 10
26342.34125309846
 20
-12118.9428346713
 10
26291.28225309847
 20
-12086.71983467129
  0
LWPOLYLINE
  5
418
330
2
100
AcDbEntity
  8
0
100
AcDbPolyline
 90
        2
 70
     0
 43
0.25
 10
26345.71575309847
 20
-12121.07283467129
 10
26343.04775309848
 20
-12119.3888346713
  0
LWPOLYLINE
  5
419
330
2
100
AcDbEntity
  8
0
100
AcDbPolyline
 90
        2
 70
     0
 43
0.25
 10
26395.69875309846
 20
-12152.6168346713
 10
26346.53125309848
 20
-12121.58733467129
  0
LWPOLYLINE
  5
41A
330
2
100
AcDbEntity
  8
0
100
AcDbPolyline
 90
        2
 70
     0
 43
0.25
 10
26397.19325309848
 20
-12150.2488346713
 10
26395.69875309846
 20
-12152.6168346713
  0
LINE
  5
41B
330
2
100
AcDbEntity
  8
1
100
AcDbLine
 10
26348.96675309847
 20
-12119.8133346713
 30
0.0
 11
26348.36625309847
 21
-12119.43433467129
 31
0.0
  0
LINE
  5
41C
330
2
100
AcDbEntity
  8
1
100
AcDbLine
 10
26347.14675309847
 20
-12118.6648346713
 30
0.0
 11
26347.74725309847
 21
-12119.04383467129
 31
0.0
  0
LINE
  5
41D
330
2
100
AcDbEntity
  8
1
100
AcDbLine
 10
26344.18625309848
 20
-12116.7963346713
 30
0.0
 11
26343.49175309847
 21
-12116.3578346713
 31
0.0
  0
LINE
  5
41E
330
2
100
AcDbEntity
  8
1
100
AcDbLine
 10
26342.08125309846
 20
-12115.4678346713
 30
0.0
 11
26342.77575309847
 21
-12115.9063346713
 31
0.0
  0
LINE
  5
41F
330
2
100
AcDbEntity
  8
1
100
AcDbLine
 10
26293.90525309848
 20
-12085.06433467129
 30
0.0
 11
26293.03975309848
 21
-12084.51833467129
 31
0.0
  0
LINE
  5
420
330
2
100
AcDbEntity
  8
1
100
AcDbLine
 10
26291.28225309848
 20
-12083.4088346713
 30
0.0
 11
26292.14775309848
 21
-12083.95533467129
 31
0.0
  0
LINE
  5
421
330
2
100
AcDbEntity
  8
1
100
AcDbLine
 10
26202.16225309847
 20
-12027.16583467129
 30
0.0
 11
26200.27875309847
 21
-12025.97733467129
 31
0.0
  0
LINE
  5
422
330
2
100
AcDbEntity
  8
1
100
AcDbLine
 10
26196.45425309848
 20
-12023.5633346713
 30
0.0
 11
26198.33775309846
 21
-12024.75233467129
 31
0.0
  0
LINE
  5
423
330
2
100
AcDbEntity
  8
1
100
AcDbLine
 10
26196.45425309848
 20
-12023.5633346713
 30
0.0
 11
26196.45425309848
 21
-12023.5633346713
 31
0.0
  0
LINE
  5
424
330
2
100
AcDbEntity
  8
1
100
AcDbLine
 10
26196.45425309848
 20
-12023.5633346713
 30
0.0
 11
26196.45425309848
 21
-12023.5633346713
 31
0.0
  0
LINE
  5
425
330
2
100
AcDbEntity
  8
1
100
AcDbLine
 10
26196.45425309848
 20
-12023.5633346713
 30
0.0
 11
26196.45425309848
 21
-12023.5633346713
 31
0.0
  0
LINE
  5
426
330
2
100
AcDbEntity
  8
1
100
AcDbLine
 10
26196.45425309848
 20
-12023.5633346713
 30
0.0
 11
26196.45425309848
 21
-12023.5633346713
 31
0.0
  0
LWPOLYLINE
  5
427
330
2
100
AcDbEntity
  8
0
100
AcDbPolyline
 90
        2
 70
     0
 43
0.25
 10
26348.96675309847
 20
-12119.8133346713
 10
26397.19325309848
 20
-12150.2488346713
  0
LWPOLYLINE
  5
428
330
2
100
AcDbEntity
  8
0
100
AcDbPolyline
 90
        2
 70
     0
 43
0.25
 10
26344.18625309848
 20
-12116.7963346713
 10
26347.14675309847
 20
-12118.66483467129
  0
LWPOLYLINE
  5
429
330
2
100
AcDbEntity
  8
0
100
AcDbPolyline
 90
        2
 70
     0
 43
0.25
 10
26293.90525309848
 20
-12085.06433467129
 10
26342.08125309847
 20
-12115.46783467129
  0
LWPOLYLINE
  5
42A
330
2
100
AcDbEntity
  8
0
100
AcDbPolyline
 90
        2
 70
     0
 43
0.25
 10
26202.16225309847
 20
-12027.1658346713
 10
26291.28225309847
 20
-12083.4088346713
  0
LWPOLYLINE
  5
42B
330
2
100
AcDbEntity
  8
0
100
AcDbPolyline
 90
        2
 70
     0
 43
0.25
 10
26196.45425309848
 20
-12023.5633346713
 10
26196.45425309848
 20
-12023.5633346713
  0
LWPOLYLINE
  5
42C
330
2
100
AcDbEntity
  8
0
100
AcDbPolyline
 90
        2
 70
     0
 43
0.25
 10
26196.45425309848
 20
-12023.5633346713
 10
26196.45425309848
 20
-12023.5633346713
  0
LINE
  5
42D
330
2
100
AcDbEntity
  8
1
100
AcDbLine
 10
26187.43875309847
 20
-12125.3753346713
 30
0.0
 11
26206.33825309848
 21
-11872.67883467129
 31
0.0
  0
LWPOLYLINE
  5
42E
330
2
100
AcDbEntity
  8
0
100
AcDbPolyline
 90
        2
 70
     0
 43
0.25
 10
26191.67725309846
 20
-12125.69233467129
 10
26186.69125309848
 20
-12125.3193346713
  0
LINE
  5
42F
330
2
100
AcDbEntity
  8
1
100
AcDbLine
 10
26194.50825309847
 20
-12087.83983467129
 30
0.0
 11
26194.56925309848
 21
-12087.02083467129
 31
0.0
  0
LINE
  5
430
330
2
100
AcDbEntity
  8
1
100
AcDbLine
 10
26194.69375309848
 20
-12085.35783467129
 30
0.0
 11
26194.63225309847
 21
-12086.17683467129
 31
0.0
  0
LINE
  5
431
330
2
100
AcDbEntity
  8
1
100
AcDbLine
 10
26198.79625309847
 20
-12030.50683467129
 30
0.0
 11
26199.01375309847
 21
-12027.59533467129
 31
0.0
  0
LINE
  5
432
330
2
100
AcDbEntity
  8
1
100
AcDbLine
 10
26199.45575309847
 20
-12021.6833346713
 30
0.0
 11
26199.23825309847
 21
-12024.5948346713
 31
0.0
  0
LINE
  5
433
330
2
100
AcDbEntity
  8
1
100
AcDbLine
 10
26199.45575309847
 20
-12021.6833346713
 30
0.0
 11
26199.49025309847
 21
-12021.22183467129
 31
0.0
  0
LINE
  5
434
330
2
100
AcDbEntity
  8
1
100
AcDbLine
 10
26199.56025309847
 20
-12020.2853346713
 30
0.0
 11
26199.52575309847
 21
-12020.7468346713
 31
0.0
  0
LINE
  5
435
330
2
100
AcDbEntity
  8
1
100
AcDbLine
 10
26203.89325309847
 20
-11962.35083467129
 30
0.0
 11
26203.95675309847
 21
-11961.50233467129
 31
0.0
  0
LINE
  5
436
330
2
100
AcDbEntity
  8
1
100
AcDbLine
 10
26204.08575309847
 20
-11959.77933467129
 30
0.0
 11
26204.02225309847
 21
-11960.62783467129
 31
0.0
  0
LINE
  5
437
330
2
100
AcDbEntity
  8
1
100
AcDbLine
 10
26208.17125309847
 20
-11905.15583467129
 30
0.0
 11
26208.39375309847
 21
-11902.18133467129
 31
0.0
  0
LINE
  5
438
330
2
100
AcDbEntity
  8
1
100
AcDbLine
 10
26208.84525309847
 20
-11896.14133467129
 30
0.0
 11
26208.62275309847
 21
-11899.1163346713
 31
0.0
  0
LINE
  5
439
330
2
100
AcDbEntity
  8
1
100
AcDbLine
 10
26208.84525309847
 20
-11896.14133467129
 30
0.0
 11
26208.87525309847
 21
-11895.74333467129
 31
0.0
  0
LINE
  5
43A
330
2
100
AcDbEntity
  8
1
100
AcDbLine
 10
26208.93525309847
 20
-11894.9343346713
 30
0.0
 11
26208.90575309847
 21
-11895.3328346713
 31
0.0
  0
LWPOLYLINE
  5
43B
330
2
100
AcDbEntity
  8
0
100
AcDbPolyline
 90
        2
 70
     0
 43
0.25
 10
26194.50825309846
 20
-12087.8398346713
 10
26191.67725309846
 20
-12125.69233467129
  0
LWPOLYLINE
  5
43C
330
2
100
AcDbEntity
  8
0
100
AcDbPolyline
 90
        2
 70
     0
 43
0.25
 10
26198.79625309846
 20
-12030.5068346713
 10
26194.69375309849
 20
-12085.35783467129
  0
LWPOLYLINE
  5
43D
330
2
100
AcDbEntity
  8
0
100
AcDbPolyline
 90
        2
 70
     0
 43
0.25
 10
26199.45575309847
 20
-12021.6833346713
 10
26199.45575309847
 20
-12021.6833346713
  0
LWPOLYLINE
  5
43E
330
2
100
AcDbEntity
  8
0
100
AcDbPolyline
 90
        2
 70
     0
 43
0.25
 10
26203.89325309847
 20
-11962.35083467129
 10
26199.56025309846
 20
-12020.2853346713
  0
LWPOLYLINE
  5
43F
330
2
100
AcDbEntity
  8
0
100
AcDbPolyline
 90
        2
 70
     0
 43
0.25
 10
26208.17125309846
 20
-11905.15583467129
 10
26204.08575309846
 20
-11959.77933467129
  0
LWPOLYLINE
  5
440
330
2
100
AcDbEntity
  8
0
100
AcDbPolyline
 90
        2
 70
     0
 43
0.25
 10
26208.84525309846
 20
-11896.14133467128
 10
26208.84525309846
 20
-11896.14133467128
  0
LWPOLYLINE
  5
441
330
2
100
AcDbEntity
  8
0
100
AcDbPolyline
 90
        2
 70
     0
 43
0.25
 10
26210.57625309846
 20
-11872.99583467128
 10
26208.93525309846
 20
-11894.93433467129
  0
LINE
  5
442
330
2
100
AcDbEntity
  8
1
100
AcDbLine
 10
26210.32675309848
 20
-11872.9768346713
 30
0.0
 11
26208.76375309847
 21
-11872.86033467129
 31
0.0
  0
LINE
  5
443
330
2
100
AcDbEntity
  8
1
100
AcDbLine
 10
26205.59025309848
 20
-11872.62283467129
 30
0.0
 11
26207.15325309846
 21
-11872.73983467129
 31
0.0
  0
LWPOLYLINE
  5
444
330
2
100
AcDbEntity
  8
0
100
AcDbPolyline
 90
        2
 70
     0
 43
0.25
 10
26210.32675309847
 20
-11872.9768346713
 10
26210.57625309846
 20
-11872.99583467128
  0
LINE
  5
445
330
2
100
AcDbEntity
  8
1
100
AcDbLine
 10
26205.59025309848
 20
-11872.62283467129
 30
0.0
 11
26205.59025309848
 21
-11872.62283467129
 31
0.0
  0
LINE
  5
446
330
2
100
AcDbEntity
  8
1
100
AcDbLine
 10
26205.59025309848
 20
-11872.62283467129
 30
0.0
 11
26205.59025309848
 21
-11872.62283467129
 31
0.0
  0
LWPOLYLINE
  5
447
330
2
100
AcDbEntity
  8
0
100
AcDbPolyline
 90
        2
 70
     0
 43
0.25
 10
26186.69125309848
 20
-12125.3193346713
 10
26204.45275309848
 20
-11887.8303346713
  0
LINE
  5
448
330
2
100
AcDbEntity
  8
1
100
AcDbLine
 10
26395.12575309848
 20
-12125.3753346713
 30
0.0
 11
26376.22625309847
 21
-11872.67883467129
 31
0.0
  0
LWPOLYLINE
  5
449
330
2
100
AcDbEntity
  8
0
100
AcDbPolyline
 90
        2
 70
     0
 43
0.25
 10
26390.88725309847
 20
-12125.69233467129
 10
26395.87325309848
 20
-12125.3193346713
  0
LINE
  5
44A
330
2
100
AcDbEntity
  8
1
100
AcDbLine
 10
26388.30525309847
 20
-12091.16383467129
 30
0.0
 11
26388.24725309848
 21
-12090.38983467129
 31
0.0
  0
LINE
  5
44B
330
2
100
AcDbEntity
  8
1
100
AcDbLine
 10
26388.12975309848
 20
-12088.8178346713
 30
0.0
 11
26388.18725309846
 21
-12089.59183467129
 31
0.0
  0
LINE
  5
44C
330
2
100
AcDbEntity
  8
1
100
AcDbLine
 10
26383.76825309847
 20
-12030.50683467129
 30
0.0
 11
26383.63975309847
 21
-12028.78483467129
 31
0.0
  0
LINE
  5
44D
330
2
100
AcDbEntity
  8
1
100
AcDbLine
 10
26383.37825309848
 20
-12025.2878346713
 30
0.0
 11
26383.50675309847
 21
-12027.01033467129
 31
0.0
  0
LINE
  5
44E
330
2
100
AcDbEntity
  8
1
100
AcDbLine
 10
26383.37825309848
 20
-12025.2878346713
 30
0.0
 11
26383.25475309847
 21
-12023.63733467129
 31
0.0
  0
LINE
  5
44F
330
2
100
AcDbEntity
  8
1
100
AcDbLine
 10
26383.00425309847
 20
-12020.2853346713
 30
0.0
 11
26383.12725309847
 21
-12021.93633467129
 31
0.0
  0
LINE
  5
450
330
2
100
AcDbEntity
  8
1
100
AcDbLine
 10
26378.94725309847
 20
-11966.04483467129
 30
0.0
 11
26378.88725309848
 21
-11965.2428346713
 31
0.0
  0
LINE
  5
451
330
2
100
AcDbEntity
  8
1
100
AcDbLine
 10
26378.76575309847
 20
-11963.6148346713
 30
0.0
 11
26378.82575309847
 21
-11964.41683467129
 31
0.0
  0
LINE
  5
452
330
2
100
AcDbEntity
  8
1
100
AcDbLine
 10
26374.39325309847
 20
-11905.15583467129
 30
0.0
 11
26374.26725309847
 21
-11903.46733467129
 31
0.0
  0
LINE
  5
453
330
2
100
AcDbEntity
  8
1
100
AcDbLine
 10
26374.01075309847
 20
-11900.03983467129
 30
0.0
 11
26374.13725309848
 21
-11901.72783467129
 31
0.0
  0
LINE
  5
454
330
2
100
AcDbEntity
  8
1
100
AcDbLine
 10
26374.01075309847
 20
-11900.03983467129
 30
0.0
 11
26373.88475309847
 21
-11898.3548346713
 31
0.0
  0
LINE
  5
455
330
2
100
AcDbEntity
  8
1
100
AcDbLine
 10
26373.62925309847
 20
-11894.9343346713
 30
0.0
 11
26373.75525309847
 21
-11896.61933467129
 31
0.0
  0
LWPOLYLINE
  5
456
330
2
100
AcDbEntity
  8
0
100
AcDbPolyline
 90
        2
 70
     0
 43
0.25
 10
26388.30525309847
 20
-12091.16383467129
 10
26390.88725309847
 20
-12125.69233467129
  0
LWPOLYLINE
  5
457
330
2
100
AcDbEntity
  8
0
100
AcDbPolyline
 90
        2
 70
     0
 43
0.25
 10
26383.76825309847
 20
-12030.5068346713
 10
26388.12975309847
 20
-12088.8178346713
  0
LWPOLYLINE
  5
458
330
2
100
AcDbEntity
  8
0
100
AcDbPolyline
 90
        2
 70
     0
 43
0.25
 10
26383.37825309847
 20
-12025.2878346713
 10
26383.37825309847
 20
-12025.2878346713
  0
LWPOLYLINE
  5
459
330
2
100
AcDbEntity
  8
0
100
AcDbPolyline
 90
        2
 70
     0
 43
0.25
 10
26378.94725309848
 20
-11966.0448346713
 10
26383.00425309846
 20
-12020.2853346713
  0
LWPOLYLINE
  5
45A
330
2
100
AcDbEntity
  8
0
100
AcDbPolyline
 90
        2
 70
     0
 43
0.25
 10
26374.39325309847
 20
-11905.15583467129
 10
26378.76575309847
 20
-11963.61483467129
  0
LWPOLYLINE
  5
45B
330
2
100
AcDbEntity
  8
0
100
AcDbPolyline
 90
        2
 70
     0
 43
0.25
 10
26374.01075309847
 20
-11900.03983467129
 10
26374.01075309847
 20
-11900.03983467129
  0
LWPOLYLINE
  5
45C
330
2
100
AcDbEntity
  8
0
100
AcDbPolyline
 90
        2
 70
     0
 43
0.25
 10
26371.98825309847
 20
-11872.99583467128
 10
26373.62925309846
 20
-11894.93433467129
  0
LINE
  5
45D
330
2
100
AcDbEntity
  8
1
100
AcDbLine
 10
26372.23775309848
 20
-11872.9768346713
 30
0.0
 11
26373.80075309846
 21
-11872.86033467129
 31
0.0
  0
LINE
  5
45E
330
2
100
AcDbEntity
  8
1
100
AcDbLine
 10
26376.97425309848
 20
-11872.62283467129
 30
0.0
 11
26375.41125309847
 21
-11872.73983467129
 31
0.0
  0
LWPOLYLINE
  5
45F
330
2
100
AcDbEntity
  8
0
100
AcDbPolyline
 90
        2
 70
     0
 43
0.25
 10
26372.23775309848
 20
-11872.9768346713
 10
26371.98825309847
 20
-11872.99583467128
  0
LINE
  5
460
330
2
100
AcDbEntity
  8
1
100
AcDbLine
 10
26376.97425309848
 20
-11872.62283467129
 30
0.0
 11
26376.97425309848
 21
-11872.62283467129
 31
0.0
  0
LINE
  5
461
330
2
100
AcDbEntity
  8
1
100
AcDbLine
 10
26376.97425309848
 20
-11872.62283467129
 30
0.0
 11
26376.97425309848
 21
-11872.62283467129
 31
0.0
  0
LWPOLYLINE
  5
462
330
2
100
AcDbEntity
  8
0
100
AcDbPolyline
 90
        2
 70
     0
 43
0.25
 10
26395.87325309848
 20
-12125.3193346713
 10
26378.11175309848
 20
-11887.8303346713
  0
TEXT
  5
463
330
2
100
AcDbEntity
  8
0
100
AcDbText
 10
26223.13425309848
 20
-11898.01583467129
 30
0.0
 40
2.2
  1
-6
 41
0.7
100
AcDbText
  0
CIRCLE
  5
464
330
2
100
AcDbEntity
  8
0
100
AcDbCircle
 10
26219.70525309848
 20
-11900.01583467129
 30
0.0
 40
4.0
  0
TEXT
  5
465
330
2
100
AcDbEntity
  8
0
100
AcDbText
 10
26217.20545309847
 20
-11901.5156846713
 30
0.0
 40
3.0
  1
515
 41
0.7
 72
     1
 11
26219.70545309847
 21
-11900.0156846713
 31
0.0
100
AcDbText
 73
     2
  0
TEXT
  5
466
330
2
100
AcDbEntity
  8
0
100
AcDbText
 10
26356.35025309847
 20
-11898.01583467129
 30
0.0
 40
2.2
  1
-6
 41
0.7
100
AcDbText
  0
CIRCLE
  5
467
330
2
100
AcDbEntity
  8
0
100
AcDbCircle
 10
26362.85925309847
 20
-11900.01583467129
 30
0.0
 40
4.0
  0
TEXT
  5
468
330
2
100
AcDbEntity
  8
0
100
AcDbText
 10
26360.35905309848
 20
-11901.5156846713
 30
0.0
 40
3.0
  1
515
 41
0.7
 72
     1
 11
26362.85905309848
 21
-11900.0156846713
 31
0.0
100
AcDbText
 73
     2
  0
INSERT
  5
469
330
2
100
AcDbEntity
  8
2
100
AcDbBlockReference
  2
M16X50
 10
26205.77125309847
 20
-11903.7228346713
 30
0.0
 41
5.0
 42
5.0
 43
5.0
  0
INSERT
  5
46A
330
2
100
AcDbEntity
  8
2
100
AcDbBlockReference
  2
M16X50
 10
26376.79325309846
 20
-11903.7228346713
 30
0.0
 41
5.0
 42
5.0
 43
5.0
  0
INSERT
  5
46B
330
2
100
AcDbEntity
  8
2
100
AcDbBlockReference
  2
M16X40
 10
26372.84025309848
 20
-11902.80533467129
 30
0.0
 41
5.0
 42
5.0
 43
5.0
  0
INSERT
  5
46C
330
2
100
AcDbEntity
  8
2
100
AcDbBlockReference
  2
M16X50
 10
26372.52275309848
 20
-11897.24533467129
 30
0.0
 41
5.0
 42
5.0
 43
5.0
  0
INSERT
  5
46D
330
2
100
AcDbEntity
  8
2
100
AcDbBlockReference
  2
M16X50
 10
26206.34925309848
 20
-11895.99433467129
 30
0.0
 41
5.0
 42
5.0
 43
5.0
  0
INSERT
  5
46E
330
2
100
AcDbEntity
  8
2
100
AcDbBlockReference
  2
M16X50
 10
26376.21525309848
 20
-11895.99433467129
 30
0.0
 41
5.0
 42
5.0
 43
5.0
  0
INSERT
  5
46F
330
2
100
AcDbEntity
  8
2
100
AcDbBlockReference
  2
M16X50
 10
26206.03225309848
 20
-11900.23283467129
 30
0.0
 41
5.0
 42
5.0
 43
5.0
  0
INSERT
  5
470
330
2
100
AcDbEntity
  8
2
100
AcDbBlockReference
  2
M16X50
 10
26376.53225309847
 20
-11900.23283467129
 30
0.0
 41
5.0
 42
5.0
 43
5.0
  0
TEXT
  5
471
330
2
100
AcDbEntity
  8
0
100
AcDbText
 10
26213.71525309848
 20
-12023.27233467129
 30
0.0
 40
2.2
  1
-6
 41
0.7
100
AcDbText
  0
CIRCLE
  5
472
330
2
100
AcDbEntity
  8
0
100
AcDbCircle
 10
26210.28675309847
 20
-12025.2723346713
 30
0.0
 40
4.0
  0
TEXT
  5
473
330
2
100
AcDbEntity
  8
0
100
AcDbText
 10
26207.73690309847
 20
-12026.77253467129
 30
0.0
 40
3.0
  1
514
 41
0.7
 72
     1
 11
26210.28690309846
 21
-12025.27253467129
 31
0.0
100
AcDbText
 73
     2
  0
TEXT
  5
474
330
2
100
AcDbEntity
  8
0
100
AcDbText
 10
26365.76925309847
 20
-12023.27233467129
 30
0.0
 40
2.2
  1
-6
 41
0.7
100
AcDbText
  0
CIRCLE
  5
475
330
2
100
AcDbEntity
  8
0
100
AcDbCircle
 10
26372.27775309847
 20
-12025.2723346713
 30
0.0
 40
4.0
  0
TEXT
  5
476
330
2
100
AcDbEntity
  8
0
100
AcDbText
 10
26369.72760309847
 20
-12026.77253467129
 30
0.0
 40
3.0
  1
514
 41
0.7
 72
     1
 11
26372.27760309847
 21
-12025.27253467129
 31
0.0
100
AcDbText
 73
     2
  0
INSERT
  5
477
330
2
100
AcDbEntity
  8
2
100
AcDbBlockReference
  2
M16X50
 10
26196.39625309847
 20
-12029.0738346713
 30
0.0
 41
5.0
 42
5.0
 43
5.0
  0
INSERT
  5
478
330
2
100
AcDbEntity
  8
2
100
AcDbBlockReference
  2
M16X50
 10
26386.16825309846
 20
-12029.0738346713
 30
0.0
 41
5.0
 42
5.0
 43
5.0
  0
INSERT
  5
479
330
2
100
AcDbEntity
  8
2
100
AcDbBlockReference
  2
M16X40
 10
26382.31325309848
 20
-12027.85183467129
 30
0.0
 41
5.0
 42
5.0
 43
5.0
  0
INSERT
  5
47A
330
2
100
AcDbEntity
  8
2
100
AcDbBlockReference
  2
M16X50
 10
26381.80525309847
 20
-12022.7248346713
 30
0.0
 41
5.0
 42
5.0
 43
5.0
  0
INSERT
  5
47B
330
2
100
AcDbEntity
  8
2
100
AcDbBlockReference
  2
M16X50
 10
26196.97425309848
 20
-12021.34583467129
 30
0.0
 41
5.0
 42
5.0
 43
5.0
  0
INSERT
  5
47C
330
2
100
AcDbEntity
  8
2
100
AcDbBlockReference
  2
M16X50
 10
26385.59025309848
 20
-12021.34583467129
 30
0.0
 41
5.0
 42
5.0
 43
5.0
  0
INSERT
  5
47D
330
2
100
AcDbEntity
  8
2
100
AcDbBlockReference
  2
M16X50
 10
26196.65725309848
 20
-12025.58383467129
 30
0.0
 41
5.0
 42
5.0
 43
5.0
  0
INSERT
  5
47E
330
2
100
AcDbEntity
  8
2
100
AcDbBlockReference
  2
M16X50
 10
26385.90725309847
 20
-12025.58383467129
 30
0.0
 41
5.0
 42
5.0
 43
5.0
  0
LINE
  5
47F
330
2
100
AcDbEntity
  8
5
100
AcDbLine
 10
26208.15775309846
 20
-11871.8118346713
 30
0.0
 11
26209.33225309848
 21
-11856.1058346713
 31
0.0
  0
LINE
  5
484
330
2
100
AcDbEntity
  8
5
100
AcDbLine
 10
26374.40675309847
 20
-11871.8118346713
 30
0.0
 11
26373.23225309847
 21
-11856.1058346713
 31
0.0
  0
LINE
  5
485
330
2
100
AcDbEntity
  8
4
100
AcDbLine
 10
26217.70239229361
 20
-11891.53696554592
 30
0.0
 11
26204.22825309847
 21
-11901.57683467129
 31
0.0
  0
LINE
  5
48A
330
2
100
AcDbEntity
  8
4
100
AcDbLine
 10
26364.8621139034
 20
-11891.53696554598
 30
0.0
 11
26378.33625309847
 21
-11901.57683467129
 31
0.0
  0
LINE
  5
48B
330
2
100
AcDbEntity
  8
4
100
AcDbLine
 10
26250.50325309847
 20
-11928.6508346713
 30
0.0
 11
26199.49875309848
 21
-11964.1948346713
 31
0.0
  0
LINE
  5
48C
330
2
100
AcDbEntity
  8
4
100
AcDbLine
 10
26332.06125309848
 20
-11928.6508346713
 30
0.0
 11
26383.06575309848
 21
-11964.1948346713
 31
0.0
  0
LINE
  5
48D
330
2
100
AcDbEntity
  8
4
100
AcDbLine
 10
26248.82525309846
 20
-11927.69333467129
 30
0.0
 11
26243.80175309848
 21
-11994.85633467129
 31
0.0
  0
LINE
  5
48E
330
2
100
AcDbEntity
  8
4
100
AcDbLine
 10
26333.73925309847
 20
-11927.69333467129
 30
0.0
 11
26338.76275309848
 21
-11994.85633467129
 31
0.0
  0
LINE
  5
48F
330
2
100
AcDbEntity
  8
4
100
AcDbLine
 10
26242.43375309847
 20
-11996.3193346713
 30
0.0
 11
26199.59925309846
 21
-11961.4888346713
 31
0.0
  0
LINE
  5
490
330
2
100
AcDbEntity
  8
4
100
AcDbLine
 10
26340.13075309848
 20
-11996.3193346713
 30
0.0
 11
26382.96525309847
 21
-11961.4888346713
 31
0.0
  0
LINE
  5
491
330
2
100
AcDbEntity
  8
4
100
AcDbLine
 10
26378.37825309848
 20
-11898.9463346713
 30
0.0
 11
26194.81125309848
 21
-12026.87033467129
 31
0.0
  0
LINE
  5
492
330
2
100
AcDbEntity
  8
4
100
AcDbLine
 10
26204.18625309848
 20
-11898.9463346713
 30
0.0
 11
26387.75325309848
 21
-12026.87033467129
 31
0.0
  0
LINE
  5
493
330
2
100
AcDbEntity
  8
4
100
AcDbLine
 10
26245.87275309847
 20
-12054.24183467129
 30
0.0
 11
26190.06675309848
 21
-12089.46033467129
 31
0.0
  0
LINE
  5
494
330
2
100
AcDbEntity
  8
4
100
AcDbLine
 10
26336.69175309846
 20
-12054.24183467129
 30
0.0
 11
26392.49775309847
 21
-12089.46033467129
 31
0.0
  0
LINE
  5
495
330
2
100
AcDbEntity
  8
4
100
AcDbLine
 10
26244.13775309846
 20
-12053.19883467129
 30
0.0
 11
26239.11425309848
 21
-12120.36183467129
 31
0.0
  0
LINE
  5
496
330
2
100
AcDbEntity
  8
4
100
AcDbLine
 10
26338.42675309847
 20
-12053.19883467129
 30
0.0
 11
26343.45025309848
 21
-12120.36183467129
 31
0.0
  0
LINE
  5
497
330
2
100
AcDbEntity
  8
4
100
AcDbLine
 10
26237.71825309847
 20
-12121.57733467129
 30
0.0
 11
26190.15075309847
 21
-12086.93483467129
 31
0.0
  0
LINE
  5
498
330
2
100
AcDbEntity
  8
4
100
AcDbLine
 10
26344.84625309846
 20
-12121.57733467129
 30
0.0
 11
26392.41375309847
 21
-12086.93483467129
 31
0.0
  0
LINE
  5
499
330
2
100
AcDbEntity
  8
4
100
AcDbLine
 10
26387.81025309847
 20
-12024.38283467129
 30
0.0
 11
26185.37925309848
 21
-12152.1358346713
 31
0.0
  0
LINE
  5
49A
330
2
100
AcDbEntity
  8
4
100
AcDbLine
 10
26194.75425309848
 20
-12024.38283467129
 30
0.0
 11
26397.18525309847
 21
-12152.1358346713
 31
0.0
  0
LINE
  5
49B
330
2
100
AcDbEntity
  8
4
100
AcDbLine
 10
26187.28225309848
 20
-12150.9348346713
 30
0.0
 11
26208.15775309846
 21
-11871.8118346713
 31
0.0
  0
LINE
  5
49C
330
2
100
AcDbEntity
  8
4
100
AcDbLine
 10
26395.28225309847
 20
-12150.9348346713
 30
0.0
 11
26374.40675309847
 21
-11871.8118346713
 31
0.0
  0
DIMENSION
  5
49D
330
2
100
AcDbEntity
  8
0
100
AcDbDimension
280
     0
  2
*D9
 10
26179.86986512219
 20
-11842.12165583269
 30
0.0
 11
26162.81986512219
 21
-11839.87165583269
 31
0.0
  1
3410
 71
     5
 42
681.9999999999709
 73
     0
 74
     0
 75
     0
  3
BZ$0
100
AcDbAlignedDimension
 13
26145.76986512219
 23
-11848.66782439469
 33
0.0
 14
26179.86986512219
 24
-11848.66782439469
 34
0.0
100
AcDbRotatedDimension
  0
DIMENSION
  5
4AA
330
2
100
AcDbEntity
  8
0
100
AcDbDimension
280
     0
  2
*D10
 10
26183.61986512219
 20
-11905.39141742213
 30
0.0
 11
26162.81986512219
 21
-11903.14141742213
 31
0.0
  1
4160
 71
     5
 42
831.9999999999709
 73
     0
 74
     0
 75
     0
  3
BZ$0
100
AcDbAlignedDimension
 13
26142.01986512219
 23
-11898.80825439469
 33
0.0
 14
26183.61986512219
 24
-11898.80825439469
 34
0.0
100
AcDbRotatedDimension
  0
DIMENSION
  5
4B7
330
2
100
AcDbEntity
  8
0
100
AcDbDimension
280
     0
  2
*D11
 10
26136.72621631413
 20
-11873.73803939469
 30
0.0
 11
26134.47621631413
 21
-11886.27314689468
 31
0.0
  1
2500
 71
     5
 42
501.4042999999947
 73
     0
 74
     0
 75
     0
  3
BZ$0
100
AcDbAlignedDimension
 13
26142.01986512219
 23
-11898.80825439469
 33
0.0
 14
26143.89486512219
 24
-11873.73803939469
 34
0.0
 50
90.0
100
AcDbRotatedDimension
  0
DIMENSION
  5
4C4
330
2
100
AcDbEntity
  8
0
100
AcDbDimension
280
     0
  2
*D12
 10
26136.72621631413
 20
-11848.66782439469
 30
0.0
 11
26134.47621631413
 21
-11861.20293189468
 31
0.0
  1
2500
 71
     5
 42
501.4042999999947
 73
     0
 74
     0
 75
     0
  3
BZ$0
100
AcDbAlignedDimension
 13
26143.89486512219
 23
-11873.73803939469
 33
0.0
 14
26145.76986512219
 24
-11848.66782439469
 34
0.0
 50
90.0
100
AcDbRotatedDimension
  0
DIMENSION
  5
4D1
330
2
100
AcDbEntity
  8
0
100
AcDbDimension
280
     0
  2
*D13
 10
26130.49193276448
 20
-11898.80825439469
 30
0.0
 11
26128.24193276448
 21
-11873.73803939468
 31
0.0
  1
5000
 71
     5
 42
1002.808599999989
 73
     0
 74
     0
 75
     0
  3
BZ$0
100
AcDbAlignedDimension
 13
26145.76986512219
 23
-11848.66782439469
 33
0.0
 14
26142.01986512219
 24
-11898.80825439469
 34
0.0
 50
90.0
100
AcDbRotatedDimension
  0
TEXT
  5
4DE
330
2
100
AcDbEntity
  8
0
100
AcDbText
 10
26148.88201265399
 20
-11835.26168459649
 30
0.0
 40
5.5
  1
\M+5C9CF\M+5BDD3   \M+5B6CE
 41
0.7
 72
     4
 11
26160.35096002241
 21
-11831.87484249123
 31
0.0
100
AcDbText
  0
TEXT
  5
4DF
330
2
100
AcDbEntity
  8
1
100
AcDbText
 10
26162.12596002241
 20
-11834.12484249123
 30
0.0
 40
4.5
  1
4
 41
0.7
 72
     4
 11
26163.25096002241
 21
-11831.87484249123
 31
0.0
100
AcDbText
  0
CIRCLE
  5
4E0
330
2
100
AcDbEntity
  8
1
100
AcDbCircle
 10
26163.25096002241
 20
-11831.87484249123
 30
0.0
 40
4.0
  0
TEXT
  5
4E1
330
2
100
AcDbEntity
  8
0
100
AcDbText
 10
26155.0899241469
 20
-11912.46196977629
 30
0.0
 40
4.0
  1
\M+5B5A5 \M+5CFDF \M+5CDBC
 41
0.7
 72
     4
 11
26162.38466098901
 21
-11909.99881188155
 31
0.0
100
AcDbText
  0
TEXT
  5
4E2
330
2
100
AcDbEntity
  8
0
100
AcDbText
 10
26159.00966098901
 20
-11917.54881188155
 30
0.0
 40
2.5
  1
1:100
 41
0.7
 72
     4
 11
26162.38466098901
 21
-11916.29881188155
 31
0.0
100
AcDbText
  0
LWPOLYLINE
  5
4E3
330
2
100
AcDbEntity
  8
0
 62
     0
100
AcDbPolyline
 90
        2
 70
     0
 43
0.5
 10
26170.38466098901
 20
-11913.79881188155
 10
26154.38466098901
 20
-11913.79881188155
  0
LINE
  5
4E4
330
2
100
AcDbEntity
  8
0
100
AcDbLine
 10
26154.38466098901
 20
-11914.59881188155
 30
0.0
 11
26170.38466098901
 21
-11914.59881188155
 31
0.0
  0
TEXT
  5
4E5
330
2
100
AcDbEntity
  8
0
100
AcDbText
 10
26120.21462570142
 20
-11875.91052662597
 30
0.0
 40
4.5
  1
5
 41
0.7
 72
     4
 11
26121.26462570142
 21
-11873.66052662597
 31
0.0
100
AcDbText
  0
CIRCLE
  5
4E6
330
2
100
AcDbEntity
  8
0
100
AcDbCircle
 10
26121.26462570142
 20
-11873.66052662597
 30
0.0
 40
4.0
  0
INSERT
  5
4E7
330
2
100
AcDbEntity
  8
0
100
AcDbBlockReference
  2
GWTKA2
 10
3339.306238310495
 20
-2451.057651910138
 30
0.0
  0
TEXT
  5
544
330
2
100
AcDbEntity
  8
0
 62
     7
100
AcDbText
 10
26629.40132650881
 20
-12204.28556847373
 30
0.0
 40
3.5
  1
35A2-JC2-06
 41
0.7
100
AcDbText
  0
TEXT
  5
545
330
2
100
AcDbEntity
  8
0
100
AcDbText
 10
26604.75858875248
 20
-12187.1775213768
 30
0.0
 40
4.5
  1
35A2-JC2\M+5D7AA\M+5BDC7\M+5CBFE
 41
0.7
 72
     1
 11
26623.3175361209
 21
-12187.1775213768
 31
0.0
100
AcDbText
  0
TEXT
  5
546
330
2
100
AcDbEntity
  8
0
100
AcDbText
 10
26612.39751168058
 20
-12195.61556320204
 30
0.0
 40
4.5
  1
\M+5C9ED\M+5B2BF\M+5BDE1\M+5B9B9\M+5CDBC
 41
0.7
 72
     4
 11
26622.676459049
 21
-12192.84451057046
 31
0.0
100
AcDbText
  0
CIRCLE
  5
547
330
2
100
AcDbEntity
  8
0
100
AcDbCircle
 10
26652.28538559897
 20
-12187.94535736892
 30
0.0
 40
3.0
  0
TEXT
  5
548
330
2
100
AcDbEntity
  8
0
100
AcDbText
 10
26651.2277111992
 20
-12189.93408029609
 30
0.0
 40
4.0
  1
5
 41
0.7
 72
     4
 11
26652.16104453253
 21
-12187.93408029609
 31
0.0
100
AcDbText
  0
LINE
  5
549
330
2
100
AcDbEntity
  8
0
 62
     7
100
AcDbLine
 10
26597.6000692082
 20
-12188.75126334439
 30
0.0
 11
26647.364638525
 21
-12188.75126334439
 31
0.0
  0
LWPOLYLINE
  5
54A
330
2
100
AcDbEntity
  8
0
100
AcDbPolyline
 90
        6
 70
     0
 43
0.25
 10
26366.65501388023
 20
-11889.57741196756
 10
26365.53429930118
 20
-11891.08148609709
 10
26365.93523664157
 20
-11891.38023222524
 10
26364.53586970449
 20
-11891.58461464971
 10
26364.93680704488
 20
-11891.88336077786
 10
26363.81609246584
 20
-11893.3874349074
  0
LWPOLYLINE
  5
54B
330
2
100
AcDbEntity
  8
0
100
AcDbPolyline
 90
        6
 70
     0
 43
0.25
 10
26215.90949231676
 20
-11889.57741196749
 10
26217.0302068958
 20
-11891.08148609703
 10
26216.62926955542
 20
-11891.38023222518
 10
26218.02863649249
 20
-11891.58461464965
 10
26217.62769915211
 20
-11891.8833607778
 10
26218.74841373115
 20
-11893.38743490734
  0
DIMENSION
  5
54C
330
2
100
AcDbEntity
  8
0
100
AcDbDimension
280
     0
  2
*D74
 10
26309.38975761939
 20
-11945.07278819557
 30
0.0
 11
26309.97231465047
 21
-11942.24474309799
 31
0.0
 70
   129
 71
     5
 42
31.99993194175477
 73
     0
 74
     0
 75
     0
  3
BZ$0
100
AcDbAlignedDimension
 13
26309.96199281406
 23
-11946.62419442072
 33
0.0
 14
26309.04720788464
 24
-11945.31150342754
 34
0.0
  0
DIMENSION
  5
55B
330
2
100
AcDbEntity
  8
0
100
AcDbDimension
280
     0
  2
*D75
 10
26313.63326998443
 20
-12069.30323994279
 30
0.0
 11
26314.54857240841
 21
-12066.30545238052
 31
0.0
 70
   129
 71
     5
 42
32.004483416531
 73
     0
 74
     0
 75
     0
  3
BZ$0
100
AcDbAlignedDimension
 13
26314.20774193957
 23
-12070.83294166125
 33
0.0
 14
26313.35370107999
 24
-12069.47967464877
 34
0.0
  0
DIMENSION
  5
56A
330
2
100
AcDbEntity
  8
0
100
AcDbDimension
280
     0
  2
*D14
 10
26273.17474857754
 20
-11945.07278819556
 30
0.0
 11
26272.59219154651
 21
-11942.24474309798
 31
0.0
 70
   129
 71
     5
 42
31.99993194180934
 73
     0
 74
     0
 75
     0
  3
BZ$0
100
AcDbAlignedDimension
 13
26272.60251338288
 23
-11946.62419442071
 33
0.0
 14
26273.5172983123
 24
-11945.31150342752
 34
0.0
  0
DIMENSION
  5
579
330
2
100
AcDbEntity
  8
0
100
AcDbDimension
280
     0
  2
*D15
 10
26268.93123621241
 20
-12069.30323994278
 30
0.0
 11
26268.0159337884
 21
-12066.30545238049
 31
0.0
 70
   129
 71
     5
 42
32.00448341650372
 73
     0
 74
     0
 75
     0
  3
BZ$0
100
AcDbAlignedDimension
 13
26268.35676425727
 23
-12070.83294166124
 33
0.0
 14
26269.21080511684
 24
-12069.47967464875
 34
0.0
  0
DIMENSION
  5
588
330
2
100
AcDbEntity
  8
0
100
AcDbDimension
280
     0
  2
*D76
 10
26390.62596662557
 20
-12055.15787211661
 30
0.0
 11
26392.39764035726
 21
-12052.70792508738
 31
0.0
 70
   129
 71
     5
 42
49.99705346359406
 73
     0
 74
     0
 75
     0
  3
BZ$0
100
AcDbAlignedDimension
 13
26388.19479583208
 23
-12056.16956751287
 33
0.0
 14
26390.68768641766
 24
-12055.98312739929
 34
0.0
  0
DIMENSION
  5
595
330
2
100
AcDbEntity
  8
0
100
AcDbDimension
280
     0
  2
*D16
 10
26191.93853957139
 20
-12055.1578721166
 30
0.0
 11
26190.16686583971
 21
-12052.70792508737
 31
0.0
 70
   129
 71
     5
 42
49.99705346359406
 73
     0
 74
     0
 75
     0
  3
BZ$0
100
AcDbAlignedDimension
 13
26194.36971036487
 23
-12056.16956751287
 33
0.0
 14
26191.87681977929
 24
-12055.98312739929
 34
0.0
  0
INSERT
  5
5A2
330
2
100
AcDbEntity
  8
2
100
AcDbBlockReference
  2
M16X40
 10
26395.28225529784
 20
-12150.93486407873
 30
0.0
 41
4.99999986754483
 42
4.99999986754483
 43
4.999999867545234
  0
TEXT
  5
5A3
330
2
100
AcDbEntity
  8
3
100
AcDbText
 10
26384.30236533934
 20
-12150.25787617868
 30
0.0
 40
2.5
  1
2%%C17.5\M+5BFD7
 50
327.744200000044
 41
0.7
 72
     1
 11
26388.90572390623
 21
-12153.16303067731
 31
0.0
100
AcDbText
 73
     1
  0
TEXT
  5
5A4
330
2
100
AcDbEntity
  8
3
100
AcDbText
 10
26386.14453571754
 20
-12114.49018814251
 30
0.0
 40
2.5
  1
4%%C21.5\M+5BFD7
 50
274.2772000000954
 41
0.7
 72
     1
 11
26386.55051643462
 21
-12119.91844867546
 31
0.0
100
AcDbText
 73
     1
  0
INSERT
  5
5A5
330
2
100
AcDbEntity
  8
2
100
AcDbBlockReference
  2
M16X40
 10
26187.28225089911
 20
-12150.93486407873
 30
0.0
 41
-4.99999986754483
 42
4.99999986754483
 43
4.999999867545234
  0
TEXT
  5
5A6
330
2
100
AcDbEntity
  8
3
100
AcDbText
 10
26189.23826643901
 20
-12156.19375310495
 30
0.0
 40
2.5
  1
2%%C17.5\M+5BFD7
 50
32.25579999995603
 41
0.7
 72
     1
 11
26193.8416250059
 21
-12153.28859860631
 31
0.0
100
AcDbText
 73
     1
  0
TEXT
  5
5A7
330
2
100
AcDbEntity
  8
3
100
AcDbText
 10
26195.60800904524
 20
-12125.34670920841
 30
0.0
 40
2.5
  1
4%%C21.5\M+5BFD7
 50
85.7227999999046
 41
0.7
 72
     1
 11
26196.01398976233
 21
-12119.91844867546
 31
0.0
100
AcDbText
 73
     1
  0
TEXT
  5
5A8
330
2
100
AcDbEntity
  8
3
100
AcDbText
 10
26336.98842940237
 20
-12121.06933812116
 30
0.0
 40
2.5
  1
2M16X40
 50
327.744200000044
 41
0.7
 72
     1
 11
26341.71010811935
 21
-12124.04916382155
 31
0.0
100
AcDbText
 73
     1
  0
TEXT
  5
5A9
330
2
100
AcDbEntity
  8
3
100
AcDbText
 10
26394.28099324479
 20
-12083.18538140829
 30
0.0
 40
2.5
  1
1M16X50
 50
274.2772000000954
 41
0.7
 72
     1
 11
26394.68497856877
 21
-12088.58696206915
 31
0.0
100
AcDbText
 73
     1
  0
TEXT
  5
5AA
330
2
100
AcDbEntity
  8
3
100
AcDbText
 10
26332.39613841117
 20
-12056.33594645702
 30
0.0
 40
2.5
  1
1M16X40
 50
32.25579999995603
 41
0.7
 72
     1
 11
26336.9768714948
 21
-12053.44507077753
 31
0.0
100
AcDbText
 73
     1
  0
TEXT
  5
5AB
330
2
100
AcDbEntity
  8
3
100
AcDbText
 10
26401.47571572658
 20
-12018.71434814583
 30
0.0
 40
2.5
  1
1M16X40
 50
274.2772000000954
 41
0.7
 72
     1
 11
26401.87970105056
 21
-12024.1159288067
 31
0.0
100
AcDbText
 73
     1
  0
TEXT
  5
5AC
330
2
100
AcDbEntity
  8
3
100
AcDbText
 10
26398.11813453761
 20
-12018.62864741034
 30
0.0
 40
2.5
  1
4M16X50
 50
274.2772000000954
 41
0.7
 72
     1
 11
26398.53455017926
 21
-12024.19643055307
 31
0.0
100
AcDbText
 73
     1
  0
TEXT
  5
5AD
330
2
100
AcDbEntity
  8
3
100
AcDbText
 10
26332.05136236043
 20
-11994.57978666691
 30
0.0
 40
2.5
  1
2M16X40
 50
325.1282000000291
 41
0.7
 72
     1
 11
26336.63211538152
 21
-11997.77201361232
 31
0.0
100
AcDbText
 73
     1
  0
TEXT
  5
5AE
330
2
100
AcDbEntity
  8
3
100
AcDbText
 10
26385.20751937435
 20
-11957.41893011315
 30
0.0
 40
2.5
  1
1M16X50
 50
274.2772000000954
 41
0.7
 72
     1
 11
26385.61150469833
 21
-11962.82051077401
 31
0.0
100
AcDbText
 73
     1
  0
TEXT
  5
5AF
330
2
100
AcDbEntity
  8
3
100
AcDbText
 10
26327.09542469449
 20
-11930.82071810184
 30
0.0
 40
2.5
  1
1M16X40
 50
34.8717999999709
 41
0.7
 72
     1
 11
26331.53943881942
 21
-11927.72378151302
 31
0.0
100
AcDbText
 73
     1
  0
TEXT
  5
5B0
330
2
100
AcDbEntity
  8
3
100
AcDbText
 10
26391.14108960598
 20
-11893.75234631698
 30
0.0
 40
2.5
  1
1M16X40
 50
274.2772000000954
 41
0.7
 72
     1
 11
26391.54507492997
 21
-11899.15392697784
 31
0.0
100
AcDbText
 73
     1
  0
TEXT
  5
5B1
330
2
100
AcDbEntity
  8
3
100
AcDbText
 10
26387.79826754294
 20
-11893.61779113787
 30
0.0
 40
2.5
  1
4M16X50
 50
274.2772000000954
 41
0.7
 72
     1
 11
26388.21468318459
 21
-11899.1855742806
 31
0.0
100
AcDbText
 73
     1
  0
INSERT
  5
5B2
330
2
100
AcDbEntity
  8
2
100
AcDbBlockReference
  2
M20X45
 10
26373.41825309847
 20
-11858.59883467129
 30
0.0
 41
4.99999986754483
 42
4.99999986754483
 43
4.999999867545234
  0
INSERT
  5
5B3
330
2
100
AcDbEntity
  8
2
100
AcDbBlockReference
  2
M20X45
 10
26373.67975309846
 20
-11862.0893346713
 30
0.0
 41
4.99999986754483
 42
4.99999986754483
 43
4.999999867545234
  0
INSERT
  5
5B4
330
2
100
AcDbEntity
  8
2
100
AcDbBlockReference
  2
M20X45
 10
26373.94075309847
 20
-11865.57933467129
 30
0.0
 41
4.99999986754483
 42
4.99999986754483
 43
4.999999867545234
  0
INSERT
  5
5B5
330
2
100
AcDbEntity
  8
2
100
AcDbBlockReference
  2
M20X45
 10
26374.20175309847
 20
-11869.0698346713
 30
0.0
 41
4.99999986754483
 42
4.99999986754483
 43
4.999999867545234
  0
INSERT
  5
5B6
330
2
100
AcDbEntity
  8
2
100
AcDbBlockReference
  2
M20X45
 10
26209.01575309847
 20
-11860.3443346713
 30
0.0
 41
4.99999986754483
 42
4.99999986754483
 43
4.999999867545234
  0
INSERT
  5
5B7
330
2
100
AcDbEntity
  8
2
100
AcDbBlockReference
  2
M20X45
 10
26208.75425309847
 20
-11863.83433467129
 30
0.0
 41
4.99999986754483
 42
4.99999986754483
 43
4.999999867545234
  0
INSERT
  5
5B8
330
2
100
AcDbEntity
  8
2
100
AcDbBlockReference
  2
M20X45
 10
26208.49325309846
 20
-11867.3248346713
 30
0.0
 41
4.99999986754483
 42
4.99999986754483
 43
4.999999867545234
  0
INSERT
  5
5B9
330
2
100
AcDbEntity
  8
2
100
AcDbBlockReference
  2
M20X45
 10
26208.23225309847
 20
-11870.81483467129
 30
0.0
 41
4.99999986754483
 42
4.99999986754483
 43
4.999999867545234
  0
TEXT
  5
5BA
330
2
100
AcDbEntity
  8
3
100
AcDbText
 10
26367.39048223258
 20
-11860.31920323087
 30
0.0
 40
2.5
  1
4M20X45
 50
274.2772000000954
 41
0.7
 72
     1
 11
26367.81932819189
 21
-11866.05318885548
 31
0.0
100
AcDbText
 73
     1
  0
TEXT
  5
5BB
330
2
100
AcDbEntity
  8
3
100
AcDbText
 10
26363.94093815596
 20
-11860.76605600831
 30
0.0
 40
2.5
  1
4M20X55
 50
274.2772000000954
 41
0.7
 72
     1
 11
26364.36978411526
 21
-11866.50004163291
 31
0.0
100
AcDbText
 73
     1
  0
TEXT
  5
5BC
330
2
100
AcDbEntity
  8
3
100
AcDbText
 10
26236.13271936046
 20
-12127.0289895219
 30
0.0
 40
2.5
  1
2M16X40
 50
32.2557999998679
 41
0.7
 72
     1
 11
26240.85439807744
 21
-12124.04916382151
 31
0.0
100
AcDbText
 73
     1
  0
TEXT
  5
5BD
330
2
100
AcDbEntity
  8
3
100
AcDbText
 10
26187.47554230406
 20
-12093.98854272992
 30
0.0
 40
2.5
  1
1M16X50
 50
85.7227999999046
 41
0.7
 72
     1
 11
26187.87952762805
 21
-12088.58696206906
 31
0.0
100
AcDbText
 73
     1
  0
TEXT
  5
5BE
330
2
100
AcDbEntity
  8
3
100
AcDbText
 10
26241.00690161841
 20
-12050.554195098
 30
0.0
 40
2.5
  1
1M16X40
 50
327.744200000044
 41
0.7
 72
     1
 11
26245.58763470205
 21
-12053.44507077749
 31
0.0
100
AcDbText
 73
     1
  0
TEXT
  5
5BF
330
2
100
AcDbEntity
  8
3
100
AcDbText
 10
26188.54226566068
 20
-12030.30368785566
 30
0.0
 40
2.5
  1
1M16X40
 50
85.7227999999046
 41
0.7
 72
     1
 11
26188.94625098466
 21
-12024.90210719479
 31
0.0
100
AcDbText
 73
     1
  0
TEXT
  5
5C0
330
2
100
AcDbEntity
  8
3
100
AcDbText
 10
26191.87498621431
 20
-12030.55039208391
 30
0.0
 40
2.5
  1
4M16X50
 50
85.7227999999046
 41
0.7
 72
     1
 11
26192.29140185596
 21
-12024.98260894117
 31
0.0
100
AcDbText
 73
     1
  0
TEXT
  5
5C1
330
2
100
AcDbEntity
  8
3
100
AcDbText
 10
26241.3516377943
 20
-12000.96424055768
 30
0.0
 40
2.5
  1
2M16X40
 50
34.8717999999709
 41
0.7
 72
     1
 11
26245.93239081538
 21
-11997.77201361228
 31
0.0
100
AcDbText
 73
     1
  0
TEXT
  5
5C2
330
2
100
AcDbEntity
  8
3
100
AcDbText
 10
26196.54901617461
 20
-11968.2220914348
 30
0.0
 40
2.5
  1
1M16X50
 50
85.7227999999046
 41
0.7
 72
     1
 11
26196.9530014986
 21
-11962.82051077394
 31
0.0
100
AcDbText
 73
     1
  0
TEXT
  5
5C3
330
2
100
AcDbEntity
  8
3
100
AcDbText
 10
26246.58105325261
 20
-11924.62684492416
 30
0.0
 40
2.5
  1
1M16X40
 50
325.1281999999436
 41
0.7
 72
     1
 11
26251.02506737753
 21
-11927.72378151299
 31
0.0
100
AcDbText
 73
     1
  0
TEXT
  5
5C4
330
2
100
AcDbEntity
  8
3
100
AcDbText
 10
26198.66534430975
 20
-11904.87724413476
 30
0.0
 40
2.5
  1
1M16X40
 50
85.7227999999046
 41
0.7
 72
     1
 11
26199.06932963374
 21
-11899.4756634739
 31
0.0
100
AcDbText
 73
     1
  0
TEXT
  5
5C5
330
2
100
AcDbEntity
  8
3
100
AcDbText
 10
26201.98330573746
 20
-11905.0750939194
 30
0.0
 40
2.5
  1
4M16X50
 50
85.7227999999046
 41
0.7
 72
     1
 11
26202.39972137911
 21
-11899.50731077667
 31
0.0
100
AcDbText
 73
     1
  0
TEXT
  5
5C6
330
2
100
AcDbEntity
  8
3
100
AcDbText
 10
26214.31633204581
 20
-11871.78717448002
 30
0.0
 40
2.5
  1
4M20X45
 50
85.7227999999046
 41
0.7
 72
     1
 11
26214.74517800511
 21
-11866.05318885542
 31
0.0
100
AcDbText
 73
     1
  0
TEXT
  5
5C7
330
2
100
AcDbEntity
  8
3
100
AcDbText
 10
26217.76587612244
 20
-11872.23402725746
 30
0.0
 40
2.5
  1
4M20X55
 50
85.7227999999046
 41
0.7
 72
     1
 11
26218.19472208174
 21
-11866.50004163285
 31
0.0
100
AcDbText
 73
     1
  0
TEXT
  5
5C8
330
2
100
AcDbEntity
  8
2
100
AcDbText
 10
26201.6568154682
 20
-12038.58202774971
 30
0.0
 40
2.5
  1
-4X2
 41
0.7
100
AcDbText
  0
LINE
  5
5C9
330
2
100
AcDbEntity
  8
2
100
AcDbLine
 10
26200.54407214994
 20
-12039.3320277497
 30
0.0
 11
26208.65681546821
 21
-12039.3320277497
 31
0.0
  0
LINE
  5
5CA
330
2
100
AcDbEntity
  8
2
100
AcDbLine
 10
26200.54407214994
 20
-12039.3320277497
 30
0.0
 11
26200.25117707419
 21
-12027.85191069557
 31
0.0
  0
TEXT
  5
5CB
330
2
100
AcDbEntity
  8
2
100
AcDbText
 10
26209.96642927025
 20
-11912.93308826613
 30
0.0
 40
2.5
  1
-4X2
 41
0.7
100
AcDbText
  0
LINE
  5
5CC
330
2
100
AcDbEntity
  8
2
100
AcDbLine
 10
26208.85368595199
 20
-11913.68308826613
 30
0.0
 11
26216.96642927025
 21
-11913.68308826613
 31
0.0
  0
LINE
  5
5CD
330
2
100
AcDbEntity
  8
2
100
AcDbLine
 10
26208.85368595199
 20
-11913.68308826613
 30
0.0
 11
26209.72406670785
 21
-11902.80552106191
 31
0.0
  0
TEXT
  5
5CE
330
2
100
AcDbEntity
  8
2
100
AcDbText
 10
26363.95524846103
 20
-11887.29259773822
 30
0.0
 40
2.5
  1
-4X2
 41
0.7
100
AcDbText
  0
LINE
  5
5CF
330
2
100
AcDbEntity
  8
2
100
AcDbLine
 10
26364.66215537173
 20
-11888.04259773822
 30
0.0
 11
26370.95524846104
 21
-11888.04259773822
 31
0.0
  0
LINE
  5
5D0
330
2
100
AcDbEntity
  8
2
100
AcDbLine
 10
26372.52275309848
 20
-11897.24533467129
 30
0.0
 11
26370.95524846104
 21
-11888.04259773822
 31
0.0
  0
TEXT
  5
5D1
330
2
100
AcDbEntity
  8
2
100
AcDbText
 10
26373.67814897283
 20
-12012.6216381509
 30
0.0
 40
2.5
  1
-4X2
 41
0.7
100
AcDbText
  0
LINE
  5
5D2
330
2
100
AcDbEntity
  8
2
100
AcDbLine
 10
26374.24539639941
 20
-12013.3716381509
 30
0.0
 11
26380.67814897284
 21
-12013.3716381509
 31
0.0
  0
LINE
  5
5D3
330
2
100
AcDbEntity
  8
2
100
AcDbLine
 10
26381.80525309847
 20
-12022.7248346713
 30
0.0
 11
26380.67814897284
 21
-12013.3716381509
 31
0.0
  0
INSERT
  5
5D4
330
2
100
AcDbEntity
  8
2
100
AcDbBlockReference
  2
M16X40
 10
26210.04175309847
 20
-11897.24533467129
 30
0.0
 41
4.99999986754483
 42
4.99999986754483
 43
4.999999867545234
  0
INSERT
  5
5D5
330
2
100
AcDbEntity
  8
2
100
AcDbBlockReference
  2
M16X50
 10
26209.72425309847
 20
-11902.80533467129
 30
0.0
 41
4.99999986754483
 42
4.99999986754483
 43
4.999999867545234
  0
INSERT
  5
5D6
330
2
100
AcDbEntity
  8
2
100
AcDbBlockReference
  2
M16X40
 10
26200.75925309846
 20
-12022.7248346713
 30
0.0
 41
4.99999986754483
 42
4.99999986754483
 43
4.999999867545234
  0
INSERT
  5
5D7
330
2
100
AcDbEntity
  8
2
100
AcDbBlockReference
  2
M16X50
 10
26200.25125309847
 20
-12027.85183467129
 30
0.0
 41
4.99999986754483
 42
4.99999986754483
 43
4.999999867545234
  0
TEXT
  5
5D8
330
2
100
AcDbEntity
  8
3
100
AcDbText
 10
26289.69040673617
 20
-12090.42340634798
 30
0.0
 40
2.5
  1
1M16X50
 50
327.744200000044
 41
0.7
 72
     1
 11
26294.27113981981
 21
-12093.31428202747
 31
0.0
100
AcDbText
 73
     1
  0
TEXT
  5
5D9
330
2
100
AcDbEntity
  8
3
100
AcDbText
 10
26290.20990914792
 20
-11965.0558132512
 30
0.0
 40
2.5
  1
1M16X50
 50
325.1282000000291
 41
0.7
 72
     1
 11
26294.65392327286
 21
-11968.15274984002
 31
0.0
100
AcDbText
 73
     1
  0
TEXT
  5
5DA
330
2
100
AcDbEntity
  8
0
100
AcDbText
 10
26294.90342164878
 20
-11944.64316612098
 30
0.0
 40
2.2
  1
-14
 41
0.7
100
AcDbText
  0
CIRCLE
  5
5DB
330
2
100
AcDbEntity
  8
0
100
AcDbCircle
 10
26291.47492164877
 20
-11946.64316612097
 30
0.0
 40
4.0
  0
TEXT
  5
5DC
330
2
100
AcDbEntity
  8
0
100
AcDbText
 10
26289.02489784879
 20
-11948.14306612098
 30
0.0
 40
3.0
  1
516
 41
0.7
 72
     1
 11
26291.47489784879
 21
-11946.64306612098
 31
0.0
100
AcDbText
 73
     2
  0
LINE
  5
5DD
330
2
100
AcDbEntity
  8
0
100
AcDbLine
 10
26291.28292164878
 20
-11957.64136612098
 30
0.0
 11
26291.40508834879
 21
-11950.64246612098
 31
0.0
  0
LWPOLYLINE
  5
5DE
330
2
100
AcDbEntity
  8
0
 62
     2
100
AcDbPolyline
 90
        3
 70
     0
 43
0.5000000000000001
 10
26361.71652372278
 20
-11877.58107781316
 10
26353.73880407475
 20
-11878.17772613271
 10
26354.33545239428
 20
-11886.15544578076
  0
TEXT
  5
5DF
330
2
100
AcDbEntity
  8
0
 62
     2
100
AcDbText
 10
26357.84274515308
 20
-11883.8875520556
 30
0.0
 40
4.0
  1
1
 50
4.277150241867225
 41
0.7
 72
     4
 11
26358.02598805854
 21
-11881.86826179694
 31
0.0
100
AcDbText
  0
LWPOLYLINE
  5
5E0
330
2
100
AcDbEntity
  8
0
 62
     2
100
AcDbPolyline
 90
        3
 70
     0
 43
0.5000000000000002
 10
26387.53752804885
 20
-11875.64989890513
 10
26395.51524606283
 20
-11875.05322873712
 10
26396.11191623085
 20
-11883.0309467511
  0
TEXT
  5
5E1
330
2
100
AcDbEntity
  8
0
 62
     2
100
AcDbText
 10
26391.6414847646
 20
-11881.3597135886
 30
0.0
 40
4.0
  1
1
 50
4.277307157307008
 41
0.7
 72
     4
 11
26391.82472213984
 21
-11879.3404228281
 31
0.0
100
AcDbText
  0
LWPOLYLINE
  5
5E2
330
2
100
AcDbEntity
  8
0
 62
     2
100
AcDbPolyline
 90
        3
 70
     0
 43
0.5000000000000001
 10
26362.40345059226
 20
-11859.26697675674
 10
26354.42573094422
 20
-11859.86362507629
 10
26355.02237926376
 20
-11867.84134472433
  0
TEXT
  5
5E3
330
2
100
AcDbEntity
  8
0
 62
     2
100
AcDbText
 10
26357.93134304896
 20
-11865.61819962314
 30
0.0
 40
4.0
  1
2
 50
4.277150241867225
 41
0.7
 72
     4
 11
26358.71291492801
 21
-11863.55416074052
 31
0.0
100
AcDbText
  0
LWPOLYLINE
  5
5E4
330
2
100
AcDbEntity
  8
0
 62
     2
100
AcDbPolyline
 90
        3
 70
     0
 43
0.5000000000000002
 10
26388.22445491833
 20
-11857.33579784871
 10
26396.20217293231
 20
-11856.7391276807
 10
26396.79884310033
 20
-11864.71684569468
  0
TEXT
  5
5E5
330
2
100
AcDbEntity
  8
0
 62
     2
100
AcDbText
 10
26391.73008278303
 20
-11863.09036279478
 30
0.0
 40
4.0
  1
2
 50
4.277307157307008
 41
0.7
 72
     4
 11
26392.51164900932
 21
-11861.02632177168
 31
0.0
100
AcDbText
  0
DIMENSION
  5
5E6
330
2
100
AcDbEntity
  8
3
100
AcDbDimension
280
     0
  2
*D17
 10
26506.21421754221
 20
-11936.32694587401
 30
0.0
 11
26503.96421754221
 21
-11941.12694587401
 31
0.0
  1
50
 71
     5
 42
192.0000000000437
 73
     0
 74
     0
 75
     0
  3
BZ$0
100
AcDbAlignedDimension
 13
26513.38513816853
 23
-11945.92694587401
 33
0.0
 14
26513.38513816853
 24
-11936.32694587401
 34
0.0
 50
90.0
100
AcDbRotatedDimension
  0
DIMENSION
  5
5F3
330
2
100
AcDbEntity
  8
3
100
AcDbDimension
280
     0
  2
*D18
 10
26510.14032881352
 20
-11941.12694587401
 30
0.0
 11
26507.89032881353
 21
-11943.52694587401
 31
0.0
  1
25
 71
     5
 42
95.99999999998545
 73
     0
 74
     0
 75
     0
  3
BZ$0
100
AcDbAlignedDimension
 13
26513.38513816853
 23
-11945.92694587401
 33
0.0
 14
26513.38513816853
 24
-11941.12694587401
 34
0.0
 50
90.0
100
AcDbRotatedDimension
  0
DIMENSION
  5
602
330
2
100
AcDbEntity
  8
3
100
AcDbDimension
280
     0
  2
*D19
 10
26518.18513816851
 20
-11949.78264374892
 30
0.0
 11
26515.78513816852
 21
-11947.53264374892
 31
0.0
  1
25
 71
     5
 42
95.99999999976717
 73
     0
 74
     0
 75
     0
  3
BZ$0
100
AcDbAlignedDimension
 13
26513.38513816853
 23
-11945.92694587401
 33
0.0
 14
26518.18513816851
 24
-11945.92694587401
 34
0.0
100
AcDbRotatedDimension
  0
DIMENSION
  5
611
330
2
100
AcDbEntity
  8
3
100
AcDbDimension
280
     0
  2
*D20
 10
26522.9851381685
 20
-11954.50265533397
 30
0.0
 11
26518.18513816851
 21
-11952.25265533397
 31
0.0
  1
50
 71
     5
 42
191.9999999995343
 73
     0
 74
     0
 75
     0
  3
BZ$0
100
AcDbAlignedDimension
 13
26513.38513816853
 23
-11945.92694587401
 33
0.0
 14
26522.9851381685
 24
-11945.92694587401
 34
0.0
100
AcDbRotatedDimension
  0
DIMENSION
  5
61E
330
2
100
AcDbEntity
  8
3
100
AcDbDimension
280
     0
  2
*D21
 10
26518.18513816851
 20
-11949.78264374892
 30
0.0
 11
26520.58513816851
 21
-11947.53264374892
 31
0.0
  1
25
 71
     5
 42
95.99999999976717
 73
     0
 74
     0
 75
     0
  3
BZ$0
100
AcDbAlignedDimension
 13
26522.9851381685
 23
-11945.92694587401
 33
0.0
 14
26518.18513816851
 24
-11945.92694587401
 34
0.0
100
AcDbRotatedDimension
  0
LINE
  5
62D
330
2
100
AcDbEntity
  8
4
 48
0.5
100
AcDbLine
 10
26518.18513816851
 20
-11934.9260781887
 30
0.0
 11
26518.18513816851
 21
-11947.32781355934
 31
0.0
  0
LINE
  5
62E
330
2
100
AcDbEntity
  8
0
100
AcDbLine
 10
26513.3851381685
 20
-11945.92694587401
 30
0.0
 11
26522.9851381685
 21
-11945.92694587401
 31
0.0
  0
LINE
  5
62F
330
2
100
AcDbEntity
  8
0
100
AcDbLine
 10
26522.9851381685
 20
-11936.32694587402
 30
0.0
 11
26513.3851381685
 21
-11936.32694587402
 31
0.0
  0
LINE
  5
630
330
2
100
AcDbEntity
  8
4
 48
0.5
100
AcDbLine
 10
26525.3472887917
 20
-11941.12694587401
 30
0.0
 11
26511.02298754532
 21
-11941.12694587401
 31
0.0
  0
DIMENSION
  5
631
330
2
100
AcDbEntity
  8
3
100
AcDbDimension
280
     0
  2
*D22
 10
26510.14032881352
 20
-11941.12694587401
 30
0.0
 11
26507.89032881353
 21
-11938.72694587401
 31
0.0
  1
25
 71
     5
 42
96.00000000005821
 73
     0
 74
     0
 75
     0
  3
BZ$0
100
AcDbAlignedDimension
 13
26513.38513816853
 23
-11936.32694587401
 33
0.0
 14
26513.38513816853
 24
-11941.12694587401
 34
0.0
 50
90.0
100
AcDbRotatedDimension
  0
LINE
  5
640
330
2
100
AcDbEntity
  8
0
100
AcDbLine
 10
26513.3851381685
 20
-11936.32694587402
 30
0.0
 11
26513.3851381685
 21
-11945.92694587401
 31
0.0
  0
TEXT
  5
641
330
2
100
AcDbEntity
  8
1
 62
     1
100
AcDbText
 10
26524.84790465201
 20
-11931.28898262748
 30
0.0
 40
2.5
  1
%%c17.5\M+5BFD7
 41
0.7
100
AcDbText
  0
LINE
  5
642
330
2
100
AcDbEntity
  8
0
100
AcDbLine
 10
26522.9851381685
 20
-11945.92694587401
 30
0.0
 11
26522.9851381685
 21
-11936.32694587402
 31
0.0
  0
LINE
  5
643
330
2
100
AcDbEntity
  8
8
100
AcDbLine
 10
26524.36347527101
 20
-11931.83045759654
 30
0.0
 11
26534.55918093978
 21
-11931.83045759654
 31
0.0
  0
CIRCLE
  5
647
330
2
100
AcDbEntity
  8
3
100
AcDbCircle
 10
26518.18513816851
 20
-11941.12694587401
 30
0.0
 40
1.44
  0
LINE
  5
648
330
2
100
AcDbEntity
  8
8
100
AcDbLine
 10
26524.36347527101
 20
-11931.83045759654
 30
0.0
 11
26518.18513816851
 21
-11941.12694587402
 31
0.0
  0
LWPOLYLINE
  5
649
330
2
100
AcDbEntity
  8
0
100
AcDbPolyline
 90
        2
 70
     0
 43
0.3555555555555555
 10
26511.52833406005
 20
-11968.56438932727
 10
26525.10272414345
 20
-11968.56438932727
  0
LINE
  5
64A
330
2
100
AcDbEntity
  8
0
100
AcDbLine
 10
26511.43833406005
 20
-11969.45327821616
 30
0.0
 11
26525.19272414345
 21
-11969.45327821616
 31
0.0
  0
CIRCLE
  5
64B
330
2
100
AcDbEntity
  8
0
100
AcDbCircle
 10
26518.10819949827
 20
-11963.96380447952
 30
0.0
 40
4.0
  0
TEXT
  5
64C
330
2
100
AcDbEntity
  8
$TD_AUDIT_GENERATED_(64D)
 62
     0
100
AcDbText
 10
26515.65819949827
 20
-11965.46380447952
 30
0.0
 40
3.0
  1
516
 41
0.7
 72
     4
 11
26518.10819949827
 21
-11963.96380447952
 31
0.0
100
AcDbText
  0
TEXT
  5
64E
330
2
100
AcDbEntity
  8
0
 62
     0
100
AcDbText
 10
26520.80812635408
 20
-11960.74996542238
 30
0.0
 40
2.0
  1
-14
 41
0.7
 72
     4
 11
26522.70812635408
 21
-11959.74996542238
 31
0.0
100
AcDbText
  0
TEXT
  5
64F
330
2
100
AcDbEntity
  8
0
100
AcDbText
 10
26461.00929619984
 20
-11975.55187999378
 30
0.0
 40
2.5
  1
620
 41
0.7
 72
     1
 11
26463.25929619984
 21
-11975.55187999378
 31
0.0
100
AcDbText
  0
TEXT
  5
650
330
2
100
AcDbEntity
  8
0
100
AcDbText
 10
26455.5509628665
 20
-11972.05187999378
 30
0.0
 40
2.5
  1
Q345L110X8
 41
0.7
 72
     1
 11
26463.25929619984
 21
-11972.05187999378
 31
0.0
100
AcDbText
  0
LINE
  5
651
330
2
100
AcDbEntity
  8
0
100
AcDbLine
 10
26453.63429619984
 20
-11972.55187999378
 30
0.0
 11
26472.88429619984
 21
-11972.55187999378
 31
0.0
  0
TEXT
  5
652
330
2
100
AcDbEntity
  8
0
100
AcDbText
 10
26445.13429619984
 20
-11974.05187999378
 30
0.0
 40
3.0
  1
513
 41
0.7
 72
     1
 11
26447.63429619984
 21
-11972.55187999378
 31
0.0
100
AcDbText
 73
     2
  0
CIRCLE
  5
653
330
2
100
AcDbEntity
  8
0
100
AcDbCircle
 10
26447.63429619984
 20
-11972.55187999378
 30
0.0
 40
4.0
  0
DIMENSION
  5
654
330
2
100
AcDbEntity
  8
3
100
AcDbDimension
280
     0
  2
*D23
 10
26438.63429619984
 20
-11894.92905264822
 30
0.0
 11
26436.38429619984
 21
-11896.42905267056
 31
0.0
  1
30
 71
     5
 42
60.00000089406967
 73
     0
 74
     0
 75
     0
  3
BZ$0
100
AcDbAlignedDimension
 13
26446.13429619984
 23
-11897.92905269292
 33
0.0
 14
26444.63429619984
 24
-11894.92905264822
 34
0.0
 50
90.0
100
AcDbRotatedDimension
  0
DIMENSION
  5
663
330
2
100
AcDbEntity
  8
3
100
AcDbDimension
280
     0
  2
*D24
 10
26438.63429619984
 20
-11897.92905269292
 30
0.0
 11
26436.38429619984
 21
-11908.42905284938
 31
0.0
  1
3X70
 71
     5
 42
420.0000062584877
 73
     0
 74
     0
 75
     0
  3
BZ$0
100
AcDbAlignedDimension
 13
26446.13429619984
 23
-11918.92905300584
 33
0.0
 14
26446.13429619984
 24
-11897.92905269292
 34
0.0
 50
90.0
100
AcDbRotatedDimension
  0
DIMENSION
  5
670
330
2
100
AcDbEntity
  8
3
100
AcDbDimension
280
     0
  2
*D25
 10
26466.63429619984
 20
-11882.42905264822
 30
0.0
 11
26461.13429619984
 21
-11880.17905264822
 31
0.0
  1
110
 71
     5
 42
220.0
 73
     0
 74
     0
 75
     0
  3
BZ$0
100
AcDbAlignedDimension
 13
26455.63429619984
 23
-11894.92905264822
 33
0.0
 14
26466.63429619984
 24
-11894.92905264822
 34
0.0
100
AcDbRotatedDimension
  0
DIMENSION
  5
67D
330
2
100
AcDbEntity
  8
3
100
AcDbDimension
280
     0
  2
*D26
 10
26455.63429619984
 20
-11882.42905264822
 30
0.0
 11
26450.13429619984
 21
-11880.17905264822
 31
0.0
  1
110
 71
     5
 42
220.0
 73
     0
 74
     0
 75
     0
  3
BZ$0
100
AcDbAlignedDimension
 13
26444.63429619984
 23
-11894.92905264822
 33
0.0
 14
26455.63429619984
 24
-11894.92905264822
 34
0.0
100
AcDbRotatedDimension
  0
DIMENSION
  5
68A
330
2
100
AcDbEntity
  8
3
100
AcDbDimension
280
     0
  2
*D27
 10
26466.63429619984
 20
-11889.42905264822
 30
0.0
 11
26464.03429619984
 21
-11887.17905264822
 31
0.0
  1
52
 71
     5
 42
103.9999999999418
 73
     0
 74
     0
 75
     0
  3
BZ$0
100
AcDbAlignedDimension
 13
26461.43429619984
 23
-11894.92905264822
 33
0.0
 14
26466.63429619984
 24
-11894.92905264822
 34
0.0
100
AcDbRotatedDimension
  0
DIMENSION
  5
697
330
2
100
AcDbEntity
  8
3
100
AcDbDimension
280
     0
  2
*D28
 10
26461.43429619984
 20
-11889.42905264822
 30
0.0
 11
26458.53429619984
 21
-11887.17905264822
 31
0.0
  1
58
 71
     5
 42
116.0000000000582
 73
     0
 74
     0
 75
     0
  3
BZ$0
100
AcDbAlignedDimension
 13
26455.63429619984
 23
-11894.92905264822
 33
0.0
 14
26461.43429619984
 24
-11894.92905264822
 34
0.0
100
AcDbRotatedDimension
  0
DIMENSION
  5
6A4
330
2
100
AcDbEntity
  8
3
100
AcDbDimension
280
     0
  2
*D29
 10
26455.63429619984
 20
-11889.42905264822
 30
0.0
 11
26452.73429619984
 21
-11887.17905264822
 31
0.0
  1
58
 71
     5
 42
116.0000000000582
 73
     0
 74
     0
 75
     0
  3
BZ$0
100
AcDbAlignedDimension
 13
26449.83429619983
 23
-11894.92905264822
 33
0.0
 14
26455.63429619984
 24
-11894.92905264822
 34
0.0
100
AcDbRotatedDimension
  0
DIMENSION
  5
6B1
330
2
100
AcDbEntity
  8
3
100
AcDbDimension
280
     0
  2
*D30
 10
26449.83429619983
 20
-11889.42905264822
 30
0.0
 11
26447.23429619984
 21
-11887.17905264822
 31
0.0
  1
52
 71
     5
 42
103.9999999999418
 73
     0
 74
     0
 75
     0
  3
BZ$0
100
AcDbAlignedDimension
 13
26444.63429619984
 23
-11894.92905264822
 33
0.0
 14
26449.83429619983
 24
-11894.92905264822
 34
0.0
100
AcDbRotatedDimension
  0
LINE
  5
6BE
330
2
100
AcDbEntity
  8
5
100
AcDbLine
 10
26449.83429619983
 20
-11894.92905264822
 30
0.0
 11
26449.83429619983
 21
-11956.92905300585
 31
0.0
  0
LINE
  5
6BF
330
2
100
AcDbEntity
  8
5
100
AcDbLine
 10
26461.43429619984
 20
-11894.92905264822
 30
0.0
 11
26461.43429619984
 21
-11956.92905300585
 31
0.0
  0
INSERT
  5
6C0
330
2
100
AcDbEntity
  8
2
100
AcDbBlockReference
  2
M20X45
 10
26449.83429619983
 20
-11918.92905300584
 30
0.0
 41
7.5
 42
7.5
 43
7.5
  0
LINE
  5
6C1
330
2
100
AcDbEntity
  8
1
100
AcDbLine
 10
26456.63429619984
 20
-11956.92905300585
 30
0.0
 11
26456.63429619984
 21
-11894.92905264822
 31
0.0
  0
LINE
  5
6C2
330
2
100
AcDbEntity
  8
1
100
AcDbLine
 10
26454.63429619984
 20
-11956.92905300585
 30
0.0
 11
26454.63429619984
 21
-11894.92905264822
 31
0.0
  0
LINE
  5
6C3
330
2
100
AcDbEntity
  8
0
100
AcDbLine
 10
26476.92744186822
 20
-11985.32160444351
 30
0.0
 11
26440.25859917566
 21
-11985.32160444351
 31
0.0
  0
LWPOLYLINE
  5
6C4
330
2
100
AcDbEntity
  8
0
100
AcDbPolyline
 90
        2
 70
     0
 43
0.4
 10
26476.92744186822
 20
-11984.32160444352
 10
26440.25859917566
 20
-11984.32160444352
  0
TEXT
  5
6C5
330
2
100
AcDbEntity
  8
0
100
AcDbText
 10
26447.00092992235
 20
-11983.27938855361
 30
0.0
 40
4.0
  1
\M+5CDE2\M+5B0FC\M+5B8D6\M+5B4F3\M+5D1F9\M+5CDBC
 41
0.7
 72
     1
 11
26458.0682983434
 21
-11981.27938855361
 31
0.0
100
AcDbText
 73
     2
  0
INSERT
  5
6C6
330
2
100
AcDbEntity
  8
2
100
AcDbBlockReference
  2
M20X45
 10
26449.83429619983
 20
-11911.92905300584
 30
0.0
 41
7.5
 42
7.5
 43
7.5
  0
INSERT
  5
6C7
330
2
100
AcDbEntity
  8
2
100
AcDbBlockReference
  2
M20X45
 10
26449.83429619983
 20
-11904.92905300584
 30
0.0
 41
7.5
 42
7.5
 43
7.5
  0
INSERT
  5
6C8
330
2
100
AcDbEntity
  8
2
100
AcDbBlockReference
  2
M20X45
 10
26449.83429619983
 20
-11897.92905300584
 30
0.0
 41
7.5
 42
7.5
 43
7.5
  0
INSERT
  5
6C9
330
2
100
AcDbEntity
  8
2
100
AcDbBlockReference
  2
M20X45
 10
26461.43429619984
 20
-11901.42905264822
 30
0.0
 41
7.5
 42
7.5
 43
7.5
  0
INSERT
  5
6CA
330
2
100
AcDbEntity
  8
2
100
AcDbBlockReference
  2
M20X45
 10
26461.43429619984
 20
-11922.42905264822
 30
0.0
 41
7.5
 42
7.5
 43
7.5
  0
INSERT
  5
6CB
330
2
100
AcDbEntity
  8
2
100
AcDbBlockReference
  2
M20X45
 10
26461.43429619984
 20
-11915.42905264822
 30
0.0
 41
7.5
 42
7.5
 43
7.5
  0
INSERT
  5
6CC
330
2
100
AcDbEntity
  8
2
100
AcDbBlockReference
  2
M20X45
 10
26461.43429619984
 20
-11908.42905264822
 30
0.0
 41
7.5
 42
7.5
 43
7.5
  0
DIMENSION
  5
6CD
330
2
100
AcDbEntity
  8
3
100
AcDbDimension
280
     0
  2
*D31
 10
26472.63429619984
 20
-11894.92905264822
 30
0.0
 11
26470.38429619984
 21
-11898.17905264821
 31
0.0
  1
65
 71
     5
 42
130.0
 73
     0
 74
     0
 75
     0
  3
BZ$0
100
AcDbAlignedDimension
 13
26465.13429619984
 23
-11901.42905264822
 33
0.0
 14
26466.63429619984
 24
-11894.92905264822
 34
0.0
 50
90.0
100
AcDbRotatedDimension
  0
DIMENSION
  5
6DA
330
2
100
AcDbEntity
  8
3
100
AcDbDimension
280
     0
  2
*D32
 10
26472.63429619984
 20
-11901.42905264822
 30
0.0
 11
26470.38429619984
 21
-11911.92905264821
 31
0.0
  1
3X70
 71
     5
 42
420.0000000000728
 73
     0
 74
     0
 75
     0
  3
BZ$0
100
AcDbAlignedDimension
 13
26465.07043129243
 23
-11922.42905264822
 33
0.0
 14
26465.13429619984
 24
-11901.42905264822
 34
0.0
 50
90.0
100
AcDbRotatedDimension
  0
DIMENSION
  5
6E7
330
2
100
AcDbEntity
  8
3
100
AcDbDimension
280
     0
  2
*D33
 10
26473.00656638502
 20
-11953.92837305167
 30
0.0
 11
26470.75656638502
 21
-11955.42871302875
 31
0.0
  1
30
 71
     5
 42
60.01359908354061
 73
     0
 74
     0
 75
     0
  3
BZ$0
100
AcDbAlignedDimension
 13
26467.00656638502
 23
-11956.92905300584
 33
0.0
 14
26465.50656638502
 24
-11953.92837305167
 34
0.0
 50
90.0
100
AcDbRotatedDimension
  0
LINE
  5
6F6
330
2
100
AcDbEntity
  8
8
100
AcDbLine
 10
26472.39060981191
 20
-11889.88438408924
 30
0.0
 11
26485.23967352295
 21
-11889.88477424864
 31
0.0
  0
TEXT
  5
6F7
330
2
100
AcDbEntity
  8
1
 62
     1
100
AcDbText
 10
26472.90198565086
 20
-11889.1593568738
 30
0.0
 40
2.4999999375
  1
16%%C21.5\M+5BFD7
 50
359.9967563404934
 41
0.7
100
AcDbText
  0
LINE
  5
6F8
330
2
100
AcDbEntity
  8
8
100
AcDbLine
 10
26461.43429619984
 20
-11901.42905264822
 30
0.0
 11
26472.39060981191
 21
-11889.88438408924
 31
0.0
  0
INSERT
  5
6F9
330
2
100
AcDbEntity
  8
2
100
AcDbBlockReference
  2
M20X45
 10
26449.83429619983
 20
-11950.42905300584
 30
0.0
 41
7.5
 42
7.5
 43
7.5
  0
INSERT
  5
6FA
330
2
100
AcDbEntity
  8
2
100
AcDbBlockReference
  2
M20X45
 10
26449.83429619983
 20
-11943.42905300584
 30
0.0
 41
7.5
 42
7.5
 43
7.5
  0
INSERT
  5
6FB
330
2
100
AcDbEntity
  8
2
100
AcDbBlockReference
  2
M20X45
 10
26449.83429619983
 20
-11936.42905300584
 30
0.0
 41
7.5
 42
7.5
 43
7.5
  0
INSERT
  5
6FC
330
2
100
AcDbEntity
  8
2
100
AcDbBlockReference
  2
M20X45
 10
26449.83429619983
 20
-11929.42905300584
 30
0.0
 41
7.5
 42
7.5
 43
7.5
  0
INSERT
  5
6FD
330
2
100
AcDbEntity
  8
2
100
AcDbBlockReference
  2
M20X45
 10
26461.43429619984
 20
-11953.92905300584
 30
0.0
 41
7.5
 42
7.5
 43
7.5
  0
INSERT
  5
6FE
330
2
100
AcDbEntity
  8
2
100
AcDbBlockReference
  2
M20X45
 10
26461.43429619984
 20
-11946.92905300584
 30
0.0
 41
7.5
 42
7.5
 43
7.5
  0
INSERT
  5
6FF
330
2
100
AcDbEntity
  8
2
100
AcDbBlockReference
  2
M20X45
 10
26461.43429619984
 20
-11939.92905300584
 30
0.0
 41
7.5
 42
7.5
 43
7.5
  0
INSERT
  5
700
330
2
100
AcDbEntity
  8
2
100
AcDbBlockReference
  2
M20X45
 10
26461.43429619984
 20
-11932.92905300584
 30
0.0
 41
7.5
 42
7.5
 43
7.5
  0
DIMENSION
  5
701
330
2
100
AcDbEntity
  8
0
100
AcDbDimension
280
     0
  2
*D34
 10
26438.63429619984
 20
-11956.92905300585
 30
0.0
 11
26436.38429619984
 21
-11953.6790531623
 31
0.0
  1
65
 71
     5
 42
129.9999937415851
 73
     0
 74
     0
 75
     0
  3
BZ$0
100
AcDbAlignedDimension
 13
26444.13429619984
 23
-11950.42905331877
 33
0.0
 14
26444.63429619984
 24
-11956.92905300585
 34
0.0
 50
90.0
100
AcDbRotatedDimension
  0
DIMENSION
  5
70E
330
2
100
AcDbEntity
  8
0
100
AcDbDimension
280
     0
  2
*D35
 10
26472.63429619984
 20
-11932.92905300584
 30
0.0
 11
26470.38429619984
 21
-11927.67905282703
 31
0.0
 70
     1
  1
105
 71
     5
 42
210.0000071524846
 73
     0
 74
     0
 75
     0
  3
BZ$0
100
AcDbAlignedDimension
 13
26468.64714097689
 23
-11922.42905264822
 33
0.0
 14
26468.64714097689
 24
-11932.92905300584
 34
0.0
  0
DIMENSION
  5
71B
330
2
100
AcDbEntity
  8
0
100
AcDbDimension
280
     0
  2
*D36
 10
26438.63429619984
 20
-11918.92905300584
 30
0.0
 11
26436.38429619984
 21
-11924.17905300584
 31
0.0
 70
     1
  1
105
 71
     5
 42
210.0
 73
     0
 74
     0
 75
     0
  3
BZ$0
100
AcDbAlignedDimension
 13
26443.20725306686
 23
-11929.42905300584
 33
0.0
 14
26443.20725306686
 24
-11918.92905300584
 34
0.0
  0
DIMENSION
  5
728
330
2
100
AcDbEntity
  8
3
100
AcDbDimension
280
     0
  2
*D37
 10
26472.64003863419
 20
-11953.92837336459
 30
0.0
 11
26470.39003863419
 21
-11943.42837320813
 31
0.0
  1
3X70
 71
     5
 42
420.0000062584877
 73
     0
 74
     0
 75
     0
  3
BZ$0
100
AcDbAlignedDimension
 13
26465.14003863419
 23
-11932.92837305167
 33
0.0
 14
26465.14003863419
 24
-11953.92837336459
 34
0.0
 50
270.0
100
AcDbRotatedDimension
  0
DIMENSION
  5
735
330
2
100
AcDbEntity
  8
0
100
AcDbDimension
280
     0
  2
*D38
 10
26478.511406525
 20
-11956.92905300584
 30
0.0
 11
26476.261406525
 21
-11925.92905282703
 31
0.0
  1
620
 71
     5
 42
1240.000007152557
 73
     0
 74
     0
 75
     0
  3
BZ$0
100
AcDbAlignedDimension
 13
26470.80480784411
 23
-11894.92905264822
 33
0.0
 14
26470.80480784411
 24
-11956.92905300584
 34
0.0
 50
90.0
100
AcDbRotatedDimension
  0
LWPOLYLINE
  5
742
330
2
100
AcDbEntity
  8
0
100
AcDbPolyline
 90
        2
 70
     0
 43
0.25
 10
26466.63429619984
 20
-11956.92905300585
 10
26466.63429619984
 20
-11894.92905264822
  0
LWPOLYLINE
  5
743
330
2
100
AcDbEntity
  8
0
100
AcDbPolyline
 90
        2
 70
     0
 43
0.25
 10
26466.63429619984
 20
-11894.92905264822
 10
26455.63429619984
 20
-11894.92905264822
  0
LWPOLYLINE
  5
744
330
2
100
AcDbEntity
  8
0
100
AcDbPolyline
 90
        2
 70
     0
 43
0.25
 10
26455.63429619984
 20
-11894.92905264822
 10
26444.63429619984
 20
-11894.92905264822
  0
LWPOLYLINE
  5
745
330
2
100
AcDbEntity
  8
0
100
AcDbPolyline
 90
        2
 70
     0
 43
0.25
 10
26455.63429619984
 20
-11956.92905300585
 10
26455.63429619984
 20
-11894.92905264822
  0
LWPOLYLINE
  5
746
330
2
100
AcDbEntity
  8
0
100
AcDbPolyline
 90
        2
 70
     0
 43
0.25
 10
26444.63429619984
 20
-11894.92905264822
 10
26444.63429619984
 20
-11956.92905300585
  0
LWPOLYLINE
  5
747
330
2
100
AcDbEntity
  8
0
100
AcDbPolyline
 90
        2
 70
     0
 43
0.25
 10
26444.63429619984
 20
-11956.92905300585
 10
26466.63429619984
 20
-11956.92905300585
  0
DIMENSION
  5
748
330
2
100
AcDbEntity
  8
3
100
AcDbDimension
280
     0
  2
*D39
 10
26438.63429619984
 20
-11929.42905300584
 30
0.0
 11
26436.38429619984
 21
-11939.9290531623
 31
0.0
  1
3X70
 71
     5
 42
420.0000062584877
 73
     0
 74
     0
 75
     0
  3
BZ$0
100
AcDbAlignedDimension
 13
26446.13429619984
 23
-11950.42905331877
 33
0.0
 14
26446.13429619984
 24
-11929.42905300584
 34
0.0
 50
90.0
100
AcDbRotatedDimension
  0
DIMENSION
  5
755
330
2
100
AcDbEntity
  8
0
100
AcDbDimension
280
     0
  2
*D40
 10
26449.83429619983
 20
-11963.46714168627
 30
0.0
 11
26452.73429619984
 21
-11961.21714168627
 31
0.0
  1
58
 71
     5
 42
116.0000000000582
 73
     0
 74
     0
 75
     0
  3
BZ$0
100
AcDbAlignedDimension
 13
26455.63429619984
 23
-11956.92905300585
 33
0.0
 14
26449.83429619983
 24
-11956.92905300585
 34
0.0
100
AcDbRotatedDimension
  0
LINE
  5
762
330
2
100
AcDbEntity
  8
0
100
AcDbLine
 10
26444.63429619984
 20
-11956.92905300585
 30
0.0
 11
26444.63429619984
 21
-11894.92905264822
 31
0.0
  0
DIMENSION
  5
763
330
2
100
AcDbEntity
  8
0
100
AcDbDimension
280
     0
  2
*D41
 10
26449.83429619983
 20
-11963.46714168627
 30
0.0
 11
26447.23429619984
 21
-11961.21714168627
 31
0.0
  1
52
 71
     5
 42
103.9999999999418
 73
     0
 74
     0
 75
     0
  3
BZ$0
100
AcDbAlignedDimension
 13
26444.63429619984
 23
-11956.92905300585
 33
0.0
 14
26449.83429619983
 24
-11956.92905300585
 34
0.0
100
AcDbRotatedDimension
  0
DIMENSION
  5
770
330
2
100
AcDbEntity
  8
0
100
AcDbDimension
280
     0
  2
*D42
 10
26461.43429619984
 20
-11963.46714168627
 30
0.0
 11
26458.53429619984
 21
-11961.21714168627
 31
0.0
  1
58
 71
     5
 42
116.0000000000582
 73
     0
 74
     0
 75
     0
  3
BZ$0
100
AcDbAlignedDimension
 13
26455.63429619984
 23
-11956.92905300585
 33
0.0
 14
26461.43429619984
 24
-11956.92905300585
 34
0.0
 50
180.0
100
AcDbRotatedDimension
  0
DIMENSION
  5
77D
330
2
100
AcDbEntity
  8
0
100
AcDbDimension
280
     0
  2
*D43
 10
26461.43429619984
 20
-11963.46714168627
 30
0.0
 11
26464.03429619984
 21
-11961.21714168627
 31
0.0
  1
52
 71
     5
 42
103.9999999999418
 73
     0
 74
     0
 75
     0
  3
BZ$0
100
AcDbAlignedDimension
 13
26466.63429619984
 23
-11956.92905300585
 33
0.0
 14
26461.43429619984
 24
-11956.92905300585
 34
0.0
 50
180.0
100
AcDbRotatedDimension
  0
LINE
  5
78A
330
2
100
AcDbEntity
  8
0
100
AcDbLine
 10
26524.49030027617
 20
-12063.29570097472
 30
0.0
 11
26524.85943027618
 21
-12062.92657097472
 31
0.0
  0
LINE
  5
78B
330
2
100
AcDbEntity
  8
0
100
AcDbLine
 10
26516.29030027617
 20
-12071.49570097472
 30
0.0
 11
26516.65943027616
 21
-12071.12657097472
 31
0.0
  0
LINE
  5
78C
330
2
100
AcDbEntity
  8
0
100
AcDbLine
 10
26524.49030027617
 20
-12064.14424097472
 30
0.0
 11
26525.70797027617
 21
-12062.92657097472
 31
0.0
  0
LINE
  5
78D
330
2
100
AcDbEntity
  8
0
100
AcDbLine
 10
26516.29030027617
 20
-12072.34424097472
 30
0.0
 11
26517.50797027617
 21
-12071.12657097472
 31
0.0
  0
LINE
  5
78E
330
2
100
AcDbEntity
  8
0
100
AcDbLine
 10
26524.49030027617
 20
-12064.99277097472
 30
0.0
 11
26526.09030027618
 21
-12063.39277097472
 31
0.0
  0
LINE
  5
78F
330
2
100
AcDbEntity
  8
0
100
AcDbLine
 10
26516.75650027617
 20
-12072.72657097472
 30
0.0
 11
26518.35650027617
 21
-12071.12657097472
 31
0.0
  0
LINE
  5
790
330
2
100
AcDbEntity
  8
0
100
AcDbLine
 10
26524.49030027617
 20
-12065.84129097472
 30
0.0
 11
26526.09030027618
 21
-12064.24129097472
 31
0.0
  0
LINE
  5
791
330
2
100
AcDbEntity
  8
0
100
AcDbLine
 10
26517.60502027617
 20
-12072.72657097472
 30
0.0
 11
26519.20502027617
 21
-12071.12657097472
 31
0.0
  0
LINE
  5
792
330
2
100
AcDbEntity
  8
0
100
AcDbLine
 10
26524.49030027617
 20
-12066.68982097472
 30
0.0
 11
26526.09030027618
 21
-12065.08982097472
 31
0.0
  0
LINE
  5
793
330
2
100
AcDbEntity
  8
0
100
AcDbLine
 10
26518.45355027617
 20
-12072.72657097472
 30
0.0
 11
26520.05355027618
 21
-12071.12657097472
 31
0.0
  0
LINE
  5
794
330
2
100
AcDbEntity
  8
0
100
AcDbLine
 10
26524.49030027617
 20
-12067.53834097472
 30
0.0
 11
26526.09030027618
 21
-12065.93835097472
 31
0.0
  0
LINE
  5
795
330
2
100
AcDbEntity
  8
0
100
AcDbLine
 10
26519.30208027617
 20
-12072.72657097472
 30
0.0
 11
26520.90207027618
 21
-12071.12657097472
 31
0.0
  0
LINE
  5
796
330
2
100
AcDbEntity
  8
0
100
AcDbLine
 10
26524.49030027617
 20
-12068.38688097472
 30
0.0
 11
26526.09030027618
 21
-12066.78688097472
 31
0.0
  0
LINE
  5
797
330
2
100
AcDbEntity
  8
0
100
AcDbLine
 10
26520.15061027618
 20
-12072.72657097472
 30
0.0
 11
26521.75061027617
 21
-12071.12657097472
 31
0.0
  0
LINE
  5
798
330
2
100
AcDbEntity
  8
0
100
AcDbLine
 10
26524.49030027617
 20
-12069.23540097472
 30
0.0
 11
26526.09030027618
 21
-12067.63540097472
 31
0.0
  0
LINE
  5
799
330
2
100
AcDbEntity
  8
0
100
AcDbLine
 10
26520.99913027618
 20
-12072.72657097472
 30
0.0
 11
26522.59913027617
 21
-12071.12657097472
 31
0.0
  0
LINE
  5
79A
330
2
100
AcDbEntity
  8
0
100
AcDbLine
 10
26524.09619027618
 20
-12070.47804097472
 30
0.0
 11
26526.09030027618
 21
-12068.48393097472
 31
0.0
  0
LINE
  5
79B
330
2
100
AcDbEntity
  8
0
100
AcDbLine
 10
26521.84766027616
 20
-12072.72657097472
 30
0.0
 11
26523.84177027618
 21
-12070.73247097472
 31
0.0
  0
LINE
  5
79C
330
2
100
AcDbEntity
  8
0
100
AcDbLine
 10
26522.69619027617
 20
-12072.72657097472
 30
0.0
 11
26526.09030027618
 21
-12069.33246097472
 31
0.0
  0
LINE
  5
79D
330
2
100
AcDbEntity
  8
0
100
AcDbLine
 10
26523.54471027617
 20
-12072.72657097472
 30
0.0
 11
26526.09030027618
 21
-12070.18098097472
 31
0.0
  0
LINE
  5
79E
330
2
100
AcDbEntity
  8
0
100
AcDbLine
 10
26524.39325027617
 20
-12072.72657097472
 30
0.0
 11
26526.09030027618
 21
-12071.02952097472
 31
0.0
  0
LINE
  5
79F
330
2
100
AcDbEntity
  8
0
100
AcDbLine
 10
26525.24178027618
 20
-12072.72657097472
 30
0.0
 11
26526.09030027618
 21
-12071.87805097472
 31
0.0
  0
LINE
  5
7A0
330
2
100
AcDbEntity
  8
0
100
AcDbLine
 10
26524.49030027617
 20
-12054.32657097472
 30
0.0
 11
26526.09030027618
 21
-12052.72657097472
 31
0.0
  0
LINE
  5
7A1
330
2
100
AcDbEntity
  8
0
100
AcDbLine
 10
26525.43000027617
 20
-12059.32657097472
 30
0.0
 11
26526.09030027618
 21
-12058.66627097472
 31
0.0
  0
LINE
  5
7A2
330
2
100
AcDbEntity
  8
0
100
AcDbLine
 10
26524.58147027617
 20
-12059.32657097472
 30
0.0
 11
26526.09030027618
 21
-12057.81774097472
 31
0.0
  0
LINE
  5
7A3
330
2
100
AcDbEntity
  8
0
100
AcDbLine
 10
26524.49030027617
 20
-12058.56921097472
 30
0.0
 11
26526.09030027618
 21
-12056.96921097472
 31
0.0
  0
LINE
  5
7A4
330
2
100
AcDbEntity
  8
0
100
AcDbLine
 10
26524.49030027617
 20
-12057.72069097472
 30
0.0
 11
26526.09030027618
 21
-12056.12069097472
 31
0.0
  0
LINE
  5
7A5
330
2
100
AcDbEntity
  8
0
100
AcDbLine
 10
26524.49030027617
 20
-12056.87216097472
 30
0.0
 11
26526.09030027618
 21
-12055.27216097472
 31
0.0
  0
LINE
  5
7A6
330
2
100
AcDbEntity
  8
0
100
AcDbLine
 10
26524.49030027617
 20
-12056.02363097472
 30
0.0
 11
26526.09030027618
 21
-12054.42362097472
 31
0.0
  0
LINE
  5
7A7
330
2
100
AcDbEntity
  8
0
100
AcDbLine
 10
26524.49030027617
 20
-12055.17510097472
 30
0.0
 11
26526.09030027618
 21
-12053.57510097472
 31
0.0
  0
LINE
  5
7A8
330
2
100
AcDbEntity
  8
0
100
AcDbLine
 10
26524.49030027617
 20
-12054.32657097472
 30
0.0
 11
26526.09030027618
 21
-12052.72657097472
 31
0.0
  0
LINE
  5
7A9
330
2
100
AcDbEntity
  8
0
100
AcDbLine
 10
26507.69030027617
 20
-12071.12657097472
 30
0.0
 11
26506.09030027618
 21
-12072.72657097472
 31
0.0
  0
LINE
  5
7AA
330
2
100
AcDbEntity
  8
0
100
AcDbLine
 10
26512.69030027617
 20
-12072.06626097472
 30
0.0
 11
26512.03000027618
 21
-12072.72657097472
 31
0.0
  0
LINE
  5
7AB
330
2
100
AcDbEntity
  8
0
100
AcDbLine
 10
26512.69030027617
 20
-12071.21773097472
 30
0.0
 11
26511.18147027618
 21
-12072.72657097472
 31
0.0
  0
LINE
  5
7AC
330
2
100
AcDbEntity
  8
0
100
AcDbLine
 10
26511.93294027618
 20
-12071.12657097472
 30
0.0
 11
26510.33294027617
 21
-12072.72657097472
 31
0.0
  0
LINE
  5
7AD
330
2
100
AcDbEntity
  8
0
100
AcDbLine
 10
26511.08442027616
 20
-12071.12657097472
 30
0.0
 11
26509.48442027617
 21
-12072.72657097472
 31
0.0
  0
LINE
  5
7AE
330
2
100
AcDbEntity
  8
0
100
AcDbLine
 10
26510.23589027618
 20
-12071.12657097472
 30
0.0
 11
26508.63589027617
 21
-12072.72657097472
 31
0.0
  0
LINE
  5
7AF
330
2
100
AcDbEntity
  8
0
100
AcDbLine
 10
26509.38735027617
 20
-12071.12657097472
 30
0.0
 11
26507.78735027618
 21
-12072.72657097472
 31
0.0
  0
LINE
  5
7B0
330
2
100
AcDbEntity
  8
0
100
AcDbLine
 10
26508.53883027617
 20
-12071.12657097472
 30
0.0
 11
26506.93883027616
 21
-12072.72657097472
 31
0.0
  0
LINE
  5
7B1
330
2
100
AcDbEntity
  8
0
100
AcDbLine
 10
26507.69030027617
 20
-12071.12657097472
 30
0.0
 11
26506.09030027618
 21
-12072.72657097472
 31
0.0
  0
LINE
  5
7B2
330
2
100
AcDbEntity
  8
0
100
AcDbLine
 10
26516.29030027617
 20
-12071.12657097472
 30
0.0
 11
26516.29030027617
 21
-12071.12657097472
 31
0.0
  0
LINE
  5
7B3
330
2
100
AcDbEntity
  8
0
100
AcDbLine
 10
26524.21234027618
 20
-12062.92657097472
 30
0.0
 11
26524.49030027617
 21
-12063.20453097472
 31
0.0
  0
LINE
  5
7B4
330
2
100
AcDbEntity
  8
0
100
AcDbLine
 10
26523.36381027617
 20
-12062.92657097472
 30
0.0
 11
26524.49030027617
 21
-12064.05306097472
 31
0.0
  0
LINE
  5
7B5
330
2
100
AcDbEntity
  8
0
100
AcDbLine
 10
26523.09030027618
 20
-12063.50159097472
 30
0.0
 11
26524.49030027617
 21
-12064.90159097472
 31
0.0
  0
LINE
  5
7B6
330
2
100
AcDbEntity
  8
0
100
AcDbLine
 10
26523.09030027618
 20
-12064.35012097472
 30
0.0
 11
26524.49030027617
 21
-12065.75012097472
 31
0.0
  0
LINE
  5
7B7
330
2
100
AcDbEntity
  8
0
100
AcDbLine
 10
26523.09030027618
 20
-12065.19864097472
 30
0.0
 11
26524.49030027617
 21
-12066.59865097472
 31
0.0
  0
LINE
  5
7B8
330
2
100
AcDbEntity
  8
0
100
AcDbLine
 10
26523.09030027618
 20
-12066.04717097472
 30
0.0
 11
26524.49030027617
 21
-12067.44717097472
 31
0.0
  0
LINE
  5
7B9
330
2
100
AcDbEntity
  8
0
100
AcDbLine
 10
26523.09030027618
 20
-12066.89570097472
 30
0.0
 11
26524.49030027617
 21
-12068.29571097472
 31
0.0
  0
LINE
  5
7BA
330
2
100
AcDbEntity
  8
0
100
AcDbLine
 10
26523.09030027618
 20
-12067.74423097472
 30
0.0
 11
26524.49030027617
 21
-12069.14423097472
 31
0.0
  0
LINE
  5
7BB
330
2
100
AcDbEntity
  8
0
100
AcDbLine
 10
26523.01233027618
 20
-12068.51479097472
 30
0.0
 11
26524.35376027618
 21
-12069.85621097472
 31
0.0
  0
LINE
  5
7BC
330
2
100
AcDbEntity
  8
0
100
AcDbLine
 10
26522.76381027617
 20
-12069.11479097472
 30
0.0
 11
26524.10523027617
 21
-12070.45622097472
 31
0.0
  0
LINE
  5
7BD
330
2
100
AcDbEntity
  8
0
100
AcDbLine
 10
26522.28197027618
 20
-12069.48148097472
 30
0.0
 11
26523.62340027618
 21
-12070.82291097472
 31
0.0
  0
LINE
  5
7BE
330
2
100
AcDbEntity
  8
0
100
AcDbLine
 10
26521.67852027617
 20
-12069.72657097472
 30
0.0
 11
26523.02340027617
 21
-12071.07144097472
 31
0.0
  0
LINE
  5
7BF
330
2
100
AcDbEntity
  8
0
100
AcDbLine
 10
26520.82999027618
 20
-12069.72657097472
 30
0.0
 11
26522.23000027618
 21
-12071.12657097472
 31
0.0
  0
LINE
  5
7C0
330
2
100
AcDbEntity
  8
0
100
AcDbLine
 10
26519.98147027618
 20
-12069.72657097472
 30
0.0
 11
26521.38147027617
 21
-12071.12657097472
 31
0.0
  0
LINE
  5
7C1
330
2
100
AcDbEntity
  8
0
100
AcDbLine
 10
26519.13294027618
 20
-12069.72657097472
 30
0.0
 11
26520.53294027617
 21
-12071.12657097472
 31
0.0
  0
LINE
  5
7C2
330
2
100
AcDbEntity
  8
0
100
AcDbLine
 10
26518.28441027617
 20
-12069.72657097472
 30
0.0
 11
26519.68441027617
 21
-12071.12657097472
 31
0.0
  0
LINE
  5
7C3
330
2
100
AcDbEntity
  8
0
100
AcDbLine
 10
26517.43588027617
 20
-12069.72657097472
 30
0.0
 11
26518.83588027618
 21
-12071.12657097472
 31
0.0
  0
LINE
  5
7C4
330
2
100
AcDbEntity
  8
0
100
AcDbLine
 10
26516.58736027617
 20
-12069.72657097472
 30
0.0
 11
26517.98736027616
 21
-12071.12657097472
 31
0.0
  0
LINE
  5
7C5
330
2
100
AcDbEntity
  8
0
100
AcDbLine
 10
26516.29030027617
 20
-12070.27804097472
 30
0.0
 11
26517.13883027618
 21
-12071.12657097472
 31
0.0
  0
LINE
  5
7C6
330
2
100
AcDbEntity
  8
0
100
AcDbLine
 10
26516.29030027617
 20
-12071.12657097472
 30
0.0
 11
26516.29030027617
 21
-12071.12657097472
 31
0.0
  0
LINE
  5
7C7
330
2
100
AcDbEntity
  8
0
100
AcDbLine
 10
26523.09030027618
 20
-12059.06038097472
 30
0.0
 11
26523.35649027617
 21
-12059.32657097472
 31
0.0
  0
LINE
  5
7C8
330
2
100
AcDbEntity
  8
0
100
AcDbLine
 10
26523.09030027618
 20
-12058.21185097472
 30
0.0
 11
26524.20501027617
 21
-12059.32657097472
 31
0.0
  0
LINE
  5
7C9
330
2
100
AcDbEntity
  8
0
100
AcDbLine
 10
26523.09030027618
 20
-12057.36333097472
 30
0.0
 11
26524.49030027617
 21
-12058.76333097472
 31
0.0
  0
LINE
  5
7CA
330
2
100
AcDbEntity
  8
0
100
AcDbLine
 10
26523.09030027618
 20
-12056.51479097472
 30
0.0
 11
26524.49030027617
 21
-12057.91479097472
 31
0.0
  0
LINE
  5
7CB
330
2
100
AcDbEntity
  8
0
100
AcDbLine
 10
26523.09030027618
 20
-12055.66627097472
 30
0.0
 11
26524.49030027617
 21
-12057.06627097472
 31
0.0
  0
LINE
  5
7CC
330
2
100
AcDbEntity
  8
0
100
AcDbLine
 10
26523.09030027618
 20
-12054.81774097472
 30
0.0
 11
26524.49030027617
 21
-12056.21774097472
 31
0.0
  0
LINE
  5
7CD
330
2
100
AcDbEntity
  8
0
100
AcDbLine
 10
26523.09030027618
 20
-12053.96921097472
 30
0.0
 11
26524.49030027617
 21
-12055.36921097472
 31
0.0
  0
LINE
  5
7CE
330
2
100
AcDbEntity
  8
0
100
AcDbLine
 10
26523.09030027618
 20
-12053.12068097472
 30
0.0
 11
26524.49030027617
 21
-12054.52068097472
 31
0.0
  0
LINE
  5
7CF
330
2
100
AcDbEntity
  8
0
100
AcDbLine
 10
26523.16481027617
 20
-12052.34667097472
 30
0.0
 11
26524.49030027617
 21
-12053.67216097472
 31
0.0
  0
LINE
  5
7D0
330
2
100
AcDbEntity
  8
0
100
AcDbLine
 10
26523.41334027616
 20
-12051.74667097472
 30
0.0
 11
26524.49030027617
 21
-12052.82363097472
 31
0.0
  0
LINE
  5
7D1
330
2
100
AcDbEntity
  8
0
100
AcDbLine
 10
26523.89030027618
 20
-12051.37510097472
 30
0.0
 11
26524.49030027617
 21
-12051.97510097472
 31
0.0
  0
LINE
  5
7D2
330
2
100
AcDbEntity
  8
0
100
AcDbLine
 10
26524.49030027617
 20
-12051.12657097472
 30
0.0
 11
26524.49030027617
 21
-12051.12657097472
 31
0.0
  0
LINE
  5
7D3
330
2
100
AcDbEntity
  8
0
100
AcDbLine
 10
26524.49030027617
 20
-12051.12657097472
 30
0.0
 11
26524.49030027617
 21
-12051.12657097472
 31
0.0
  0
LINE
  5
7D4
330
2
100
AcDbEntity
  8
0
100
AcDbLine
 10
26512.42411027617
 20
-12069.72657097472
 30
0.0
 11
26512.69030027617
 21
-12069.99276097472
 31
0.0
  0
LINE
  5
7D5
330
2
100
AcDbEntity
  8
0
100
AcDbLine
 10
26511.57558027617
 20
-12069.72657097472
 30
0.0
 11
26512.69030027617
 21
-12070.84129097472
 31
0.0
  0
LINE
  5
7D6
330
2
100
AcDbEntity
  8
0
100
AcDbLine
 10
26510.72705027617
 20
-12069.72657097472
 30
0.0
 11
26512.12705027618
 21
-12071.12657097472
 31
0.0
  0
LINE
  5
7D7
330
2
100
AcDbEntity
  8
0
100
AcDbLine
 10
26509.87852027618
 20
-12069.72657097472
 30
0.0
 11
26511.27852027617
 21
-12071.12657097472
 31
0.0
  0
LINE
  5
7D8
330
2
100
AcDbEntity
  8
0
100
AcDbLine
 10
26509.03000027618
 20
-12069.72657097472
 30
0.0
 11
26510.43000027617
 21
-12071.12657097472
 31
0.0
  0
LINE
  5
7D9
330
2
100
AcDbEntity
  8
0
100
AcDbLine
 10
26508.18147027618
 20
-12069.72657097472
 30
0.0
 11
26509.58147027617
 21
-12071.12657097472
 31
0.0
  0
LINE
  5
7DA
330
2
100
AcDbEntity
  8
0
100
AcDbLine
 10
26507.33294027617
 20
-12069.72657097472
 30
0.0
 11
26508.73294027617
 21
-12071.12657097472
 31
0.0
  0
LINE
  5
7DB
330
2
100
AcDbEntity
  8
0
100
AcDbLine
 10
26506.48441027617
 20
-12069.72657097472
 30
0.0
 11
26507.88441027618
 21
-12071.12657097472
 31
0.0
  0
LINE
  5
7DC
330
2
100
AcDbEntity
  8
0
100
AcDbLine
 10
26505.71040027618
 20
-12069.80108097472
 30
0.0
 11
26507.03588027618
 21
-12071.12657097472
 31
0.0
  0
LINE
  5
7DD
330
2
100
AcDbEntity
  8
0
100
AcDbLine
 10
26505.11040027617
 20
-12070.04961097472
 30
0.0
 11
26506.18736027618
 21
-12071.12657097472
 31
0.0
  0
LINE
  5
7DE
330
2
100
AcDbEntity
  8
0
100
AcDbLine
 10
26504.73883027617
 20
-12070.52657097472
 30
0.0
 11
26505.33883027617
 21
-12071.12657097472
 31
0.0
  0
DIMENSION
  5
7DF
330
2
100
AcDbEntity
  8
3
100
AcDbDimension
280
     0
  2
*D44
 10
26532.49030027617
 20
-12061.12657097472
 30
0.0
 11
26530.24030027617
 21
-12066.12657097472
 31
0.0
  1
50
 71
     5
 42
200.0
 73
     0
 74
     0
 75
     0
  3
BZ$0
100
AcDbAlignedDimension
 13
26526.49030027617
 23
-12071.12657097472
 33
0.0
 14
26526.49030027617
 24
-12061.12657097472
 34
0.0
 50
90.0
100
AcDbRotatedDimension
  0
DIMENSION
  5
7EC
330
2
100
AcDbEntity
  8
3
100
AcDbDimension
280
     0
  2
*D45
 10
26514.49030027617
 20
-12079.12657097472
 30
0.0
 11
26519.49030027617
 21
-12076.87657097472
 31
0.0
  1
50
 71
     5
 42
200.0
 73
     0
 74
     0
 75
     0
  3
BZ$0
100
AcDbAlignedDimension
 13
26524.49030027617
 23
-12073.12657097472
 33
0.0
 14
26514.49030027617
 24
-12073.12657097472
 34
0.0
100
AcDbRotatedDimension
  0
LWPOLYLINE
  5
7F9
330
2
100
AcDbEntity
  8
0
100
AcDbPolyline
 90
        2
 70
     0
 43
0.25
 10
26526.09030027618
 20
-12059.32657097472
 10
26523.09030027618
 20
-12059.32657097472
  0
LWPOLYLINE
  5
7FA
330
2
100
AcDbEntity
  8
0
100
AcDbPolyline
 90
        2
 70
     0
 43
0.25
 10
26526.09030027618
 20
-12062.92657097472
 10
26523.09030027618
 20
-12062.92657097472
  0
LINE
  5
7FB
330
2
100
AcDbEntity
  8
5
100
AcDbLine
 10
26527.29029875029
 20
-12061.12657097472
 30
0.0
 11
26521.89029875029
 21
-12061.12657097472
 31
0.0
  0
LWPOLYLINE
  5
7FC
330
2
100
AcDbEntity
  8
0
100
AcDbPolyline
 90
        2
 70
     0
 43
0.25
 10
26516.29030027617
 20
-12072.72657097472
 10
26516.29030027617
 20
-12069.72657097472
  0
LWPOLYLINE
  5
7FD
330
2
100
AcDbEntity
  8
0
100
AcDbPolyline
 90
        2
 70
     0
 43
0.25
 10
26512.69030027617
 20
-12072.72657097472
 10
26512.69030027617
 20
-12069.72657097472
  0
LINE
  5
7FE
330
2
100
AcDbEntity
  8
5
100
AcDbLine
 10
26514.49030027617
 20
-12073.92656944884
 30
0.0
 11
26514.49030027617
 21
-12068.52656944884
 31
0.0
  0
TEXT
  5
7FF
330
2
100
AcDbEntity
  8
0
100
AcDbText
 10
26522.79030027617
 20
-12043.22657097472
 30
0.0
 40
3.0
  1
513
 41
0.7
 72
     1
 11
26525.29030027617
 21
-12041.72657097472
 31
0.0
100
AcDbText
 73
     2
  0
CIRCLE
  5
800
330
2
100
AcDbEntity
  8
0
100
AcDbCircle
 10
26525.29030027617
 20
-12041.72657097472
 30
0.0
 40
4.0
  0
LINE
  5
801
330
2
100
AcDbEntity
  8
0
100
AcDbLine
 10
26525.29030027617
 20
-12052.72657097472
 30
0.0
 11
26525.29030027617
 21
-12045.72657097472
 31
0.0
  0
LWPOLYLINE
  5
802
330
2
100
AcDbEntity
  8
0
100
AcDbPolyline
 90
        8
 70
     0
 43
0.25
 10
26526.09030027618
 20
-12072.72657097472
 10
26526.09030027618
 20
-12052.72657097472
 42
0.414213562373095
 10
26524.49030027617
 20
-12054.32657097472
 10
26524.49030027617
 20
-12069.52657097472
 42
-0.4142135623730964
 10
26522.89030027618
 20
-12071.12657097472
 10
26507.69030027617
 20
-12071.12657097472
 42
0.4142135623730938
 10
26506.09030027618
 20
-12072.72657097472
 10
26526.09030027618
 20
-12072.72657097472
  0
TEXT
  5
803
330
2
100
AcDbEntity
  8
1
100
AcDbText
 10
26493.71402027616
 20
-12066.42657097472
 30
0.0
 40
3.0
  1
401
 41
0.7
 72
     1
 11
26495.96402027616
 21
-12064.92657097472
 31
0.0
100
AcDbText
 73
     2
  0
CIRCLE
  5
804
330
2
100
AcDbEntity
  8
1
100
AcDbCircle
 10
26495.96402027616
 20
-12064.92657097472
 30
0.0
 40
4.0
  0
LINE
  5
805
330
2
100
AcDbEntity
  8
0
100
AcDbLine
 10
26505.49030027617
 20
-12070.42657097472
 30
0.0
 11
26499.42812027618
 21
-12066.92657097472
 31
0.0
  0
LWPOLYLINE
  5
806
330
2
100
AcDbEntity
  8
0
100
AcDbPolyline
 90
        9
 70
     0
 43
0.25
 10
26524.49030027617
 20
-12069.52657097472
 10
26524.49030027617
 20
-12051.12657097472
 42
0.414213562373095
 10
26523.09030027618
 20
-12052.52657097472
 10
26523.09030027618
 20
-12068.32657097472
 42
-0.4142135623730968
 10
26521.69030027617
 20
-12069.72657097472
 10
26505.89030027618
 20
-12069.72657097472
 42
0.4142135623730966
 10
26504.49030027617
 20
-12071.12657097472
 10
26522.89030027618
 20
-12071.12657097472
 42
0.4142135623730938
 10
26524.49030027617
 20
-12069.52657097472
 42
0.4142135623730938
  0
DIMENSION
  5
807
330
2
100
AcDbEntity
  8
3
100
AcDbDimension
280
     0
  2
*D46
 10
26514.49030027617
 20
-12079.12657097472
 30
0.0
 11
26509.49030027617
 21
-12076.87657097472
 31
0.0
  1
50
 71
     5
 42
200.0
 73
     0
 74
     0
 75
     0
  3
BZ$0
100
AcDbAlignedDimension
 13
26504.49030027617
 23
-12073.12657097472
 33
0.0
 14
26514.49030027617
 24
-12073.12657097472
 34
0.0
 50
180.0
100
AcDbRotatedDimension
  0
DIMENSION
  5
814
330
2
100
AcDbEntity
  8
3
100
AcDbDimension
280
     0
  2
*D47
 10
26532.49030027617
 20
-12061.12657097473
 30
0.0
 11
26530.24030027617
 21
-12056.12657097473
 31
0.0
  1
50
 71
     5
 42
200.0
 73
     0
 74
     0
 75
     0
  3
BZ$0
100
AcDbAlignedDimension
 13
26526.49030027617
 23
-12051.12657097473
 33
0.0
 14
26526.49030027617
 24
-12061.12657097473
 34
0.0
 50
270.0
100
AcDbRotatedDimension
  0
TRACE
  5
821
330
2
100
AcDbEntity
  8
0
100
AcDbTrace
 10
26506.93645612051
 20
-12087.24090050788
 30
0.0
 11
26506.93645612051
 21
-12087.74090050788
 31
0.0
 12
26521.66051621936
 22
-12087.24090050788
 32
0.0
 13
26521.66051621936
 23
-12087.74090050788
 33
0.0
  0
TEXT
  5
822
330
2
100
AcDbEntity
  8
0
100
AcDbText
 10
26509.19914599569
 20
-12086.43230240154
 30
0.0
 40
4.0
  1
2--2
 41
0.7
100
AcDbText
  0
LINE
  5
823
330
2
100
AcDbEntity
  8
0
100
AcDbLine
 10
26462.23851596371
 20
-12063.29570097472
 30
0.0
 11
26462.60764596372
 21
-12062.92657097472
 31
0.0
  0
LINE
  5
824
330
2
100
AcDbEntity
  8
0
100
AcDbLine
 10
26454.03851596371
 20
-12071.49570097472
 30
0.0
 11
26454.40764596371
 21
-12071.12657097472
 31
0.0
  0
LINE
  5
825
330
2
100
AcDbEntity
  8
0
100
AcDbLine
 10
26462.23851596371
 20
-12064.14424097472
 30
0.0
 11
26463.45618596371
 21
-12062.92657097472
 31
0.0
  0
LINE
  5
826
330
2
100
AcDbEntity
  8
0
100
AcDbLine
 10
26454.03851596371
 20
-12072.34424097472
 30
0.0
 11
26455.25618596371
 21
-12071.12657097472
 31
0.0
  0
LINE
  5
827
330
2
100
AcDbEntity
  8
0
100
AcDbLine
 10
26462.23851596371
 20
-12064.99277097472
 30
0.0
 11
26463.83851596372
 21
-12063.39277097472
 31
0.0
  0
LINE
  5
828
330
2
100
AcDbEntity
  8
0
100
AcDbLine
 10
26454.50471596371
 20
-12072.72657097472
 30
0.0
 11
26456.10471596372
 21
-12071.12657097472
 31
0.0
  0
LINE
  5
829
330
2
100
AcDbEntity
  8
0
100
AcDbLine
 10
26462.23851596371
 20
-12065.84129097472
 30
0.0
 11
26463.83851596372
 21
-12064.24129097472
 31
0.0
  0
LINE
  5
82A
330
2
100
AcDbEntity
  8
0
100
AcDbLine
 10
26455.35323596371
 20
-12072.72657097472
 30
0.0
 11
26456.95323596371
 21
-12071.12657097472
 31
0.0
  0
LINE
  5
82B
330
2
100
AcDbEntity
  8
0
100
AcDbLine
 10
26462.23851596371
 20
-12066.68982097472
 30
0.0
 11
26463.83851596372
 21
-12065.08982097472
 31
0.0
  0
LINE
  5
82C
330
2
100
AcDbEntity
  8
0
100
AcDbLine
 10
26456.20176596371
 20
-12072.72657097472
 30
0.0
 11
26457.80176596372
 21
-12071.12657097472
 31
0.0
  0
LINE
  5
82D
330
2
100
AcDbEntity
  8
0
100
AcDbLine
 10
26462.23851596371
 20
-12067.53834097472
 30
0.0
 11
26463.83851596372
 21
-12065.93835097472
 31
0.0
  0
LINE
  5
82E
330
2
100
AcDbEntity
  8
0
100
AcDbLine
 10
26457.05029596371
 20
-12072.72657097472
 30
0.0
 11
26458.65028596372
 21
-12071.12657097472
 31
0.0
  0
LINE
  5
82F
330
2
100
AcDbEntity
  8
0
100
AcDbLine
 10
26462.23851596371
 20
-12068.38688097472
 30
0.0
 11
26463.83851596372
 21
-12066.78688097472
 31
0.0
  0
LINE
  5
830
330
2
100
AcDbEntity
  8
0
100
AcDbLine
 10
26457.89882596372
 20
-12072.72657097472
 30
0.0
 11
26459.49882596371
 21
-12071.12657097472
 31
0.0
  0
LINE
  5
831
330
2
100
AcDbEntity
  8
0
100
AcDbLine
 10
26462.23851596371
 20
-12069.23540097472
 30
0.0
 11
26463.83851596372
 21
-12067.63540097472
 31
0.0
  0
LINE
  5
832
330
2
100
AcDbEntity
  8
0
100
AcDbLine
 10
26458.74734596372
 20
-12072.72657097472
 30
0.0
 11
26460.34734596371
 21
-12071.12657097472
 31
0.0
  0
LINE
  5
833
330
2
100
AcDbEntity
  8
0
100
AcDbLine
 10
26461.84440596372
 20
-12070.47804097472
 30
0.0
 11
26463.83851596372
 21
-12068.48393097472
 31
0.0
  0
LINE
  5
834
330
2
100
AcDbEntity
  8
0
100
AcDbLine
 10
26459.59587596371
 20
-12072.72657097472
 30
0.0
 11
26461.58998596372
 21
-12070.73247097472
 31
0.0
  0
LINE
  5
835
330
2
100
AcDbEntity
  8
0
100
AcDbLine
 10
26460.44440596371
 20
-12072.72657097472
 30
0.0
 11
26463.83851596372
 21
-12069.33246097472
 31
0.0
  0
LINE
  5
836
330
2
100
AcDbEntity
  8
0
100
AcDbLine
 10
26461.29292596371
 20
-12072.72657097472
 30
0.0
 11
26463.83851596372
 21
-12070.18098097472
 31
0.0
  0
LINE
  5
837
330
2
100
AcDbEntity
  8
0
100
AcDbLine
 10
26462.14146596371
 20
-12072.72657097472
 30
0.0
 11
26463.83851596372
 21
-12071.02952097472
 31
0.0
  0
LINE
  5
838
330
2
100
AcDbEntity
  8
0
100
AcDbLine
 10
26462.98999596372
 20
-12072.72657097472
 30
0.0
 11
26463.83851596372
 21
-12071.87805097472
 31
0.0
  0
LINE
  5
839
330
2
100
AcDbEntity
  8
0
100
AcDbLine
 10
26462.23851596371
 20
-12054.32657097472
 30
0.0
 11
26463.83851596372
 21
-12052.72657097472
 31
0.0
  0
LINE
  5
83A
330
2
100
AcDbEntity
  8
0
100
AcDbLine
 10
26463.17821596371
 20
-12059.32657097472
 30
0.0
 11
26463.83851596372
 21
-12058.66627097472
 31
0.0
  0
LINE
  5
83B
330
2
100
AcDbEntity
  8
0
100
AcDbLine
 10
26462.32968596371
 20
-12059.32657097472
 30
0.0
 11
26463.83851596372
 21
-12057.81774097472
 31
0.0
  0
LINE
  5
83C
330
2
100
AcDbEntity
  8
0
100
AcDbLine
 10
26462.23851596371
 20
-12058.56921097472
 30
0.0
 11
26463.83851596372
 21
-12056.96921097472
 31
0.0
  0
LINE
  5
83D
330
2
100
AcDbEntity
  8
0
100
AcDbLine
 10
26462.23851596371
 20
-12057.72069097472
 30
0.0
 11
26463.83851596372
 21
-12056.12069097472
 31
0.0
  0
LINE
  5
83E
330
2
100
AcDbEntity
  8
0
100
AcDbLine
 10
26462.23851596371
 20
-12056.87216097472
 30
0.0
 11
26463.83851596372
 21
-12055.27216097472
 31
0.0
  0
LINE
  5
83F
330
2
100
AcDbEntity
  8
0
100
AcDbLine
 10
26462.23851596371
 20
-12056.02363097472
 30
0.0
 11
26463.83851596372
 21
-12054.42362097472
 31
0.0
  0
LINE
  5
840
330
2
100
AcDbEntity
  8
0
100
AcDbLine
 10
26462.23851596371
 20
-12055.17510097472
 30
0.0
 11
26463.83851596372
 21
-12053.57510097472
 31
0.0
  0
LINE
  5
841
330
2
100
AcDbEntity
  8
0
100
AcDbLine
 10
26462.23851596371
 20
-12054.32657097472
 30
0.0
 11
26463.83851596372
 21
-12052.72657097472
 31
0.0
  0
LINE
  5
842
330
2
100
AcDbEntity
  8
0
100
AcDbLine
 10
26445.43851596371
 20
-12071.12657097472
 30
0.0
 11
26443.83851596372
 21
-12072.72657097472
 31
0.0
  0
LINE
  5
843
330
2
100
AcDbEntity
  8
0
100
AcDbLine
 10
26450.43851596371
 20
-12072.06626097472
 30
0.0
 11
26449.77821596372
 21
-12072.72657097472
 31
0.0
  0
LINE
  5
844
330
2
100
AcDbEntity
  8
0
100
AcDbLine
 10
26450.43851596371
 20
-12071.21773097472
 30
0.0
 11
26448.92968596372
 21
-12072.72657097472
 31
0.0
  0
LINE
  5
845
330
2
100
AcDbEntity
  8
0
100
AcDbLine
 10
26449.68115596372
 20
-12071.12657097472
 30
0.0
 11
26448.08115596371
 21
-12072.72657097472
 31
0.0
  0
LINE
  5
846
330
2
100
AcDbEntity
  8
0
100
AcDbLine
 10
26448.83263596371
 20
-12071.12657097472
 30
0.0
 11
26447.23263596371
 21
-12072.72657097472
 31
0.0
  0
LINE
  5
847
330
2
100
AcDbEntity
  8
0
100
AcDbLine
 10
26447.98410596372
 20
-12071.12657097472
 30
0.0
 11
26446.38410596371
 21
-12072.72657097472
 31
0.0
  0
LINE
  5
848
330
2
100
AcDbEntity
  8
0
100
AcDbLine
 10
26447.13556596371
 20
-12071.12657097472
 30
0.0
 11
26445.53556596372
 21
-12072.72657097472
 31
0.0
  0
LINE
  5
849
330
2
100
AcDbEntity
  8
0
100
AcDbLine
 10
26446.28704596371
 20
-12071.12657097472
 30
0.0
 11
26444.68704596371
 21
-12072.72657097472
 31
0.0
  0
LINE
  5
84A
330
2
100
AcDbEntity
  8
0
100
AcDbLine
 10
26445.43851596371
 20
-12071.12657097472
 30
0.0
 11
26443.83851596372
 21
-12072.72657097472
 31
0.0
  0
LINE
  5
84B
330
2
100
AcDbEntity
  8
0
100
AcDbLine
 10
26454.03851596371
 20
-12071.12657097472
 30
0.0
 11
26454.03851596371
 21
-12071.12657097472
 31
0.0
  0
LINE
  5
84C
330
2
100
AcDbEntity
  8
0
100
AcDbLine
 10
26461.96055596372
 20
-12062.92657097472
 30
0.0
 11
26462.23851596371
 21
-12063.20453097472
 31
0.0
  0
LINE
  5
84D
330
2
100
AcDbEntity
  8
0
100
AcDbLine
 10
26461.11202596372
 20
-12062.92657097472
 30
0.0
 11
26462.23851596371
 21
-12064.05306097472
 31
0.0
  0
LINE
  5
84E
330
2
100
AcDbEntity
  8
0
100
AcDbLine
 10
26460.83851596372
 20
-12063.50159097472
 30
0.0
 11
26462.23851596371
 21
-12064.90159097472
 31
0.0
  0
LINE
  5
84F
330
2
100
AcDbEntity
  8
0
100
AcDbLine
 10
26460.83851596372
 20
-12064.35012097472
 30
0.0
 11
26462.23851596371
 21
-12065.75012097472
 31
0.0
  0
LINE
  5
850
330
2
100
AcDbEntity
  8
0
100
AcDbLine
 10
26460.83851596372
 20
-12065.19864097472
 30
0.0
 11
26462.23851596371
 21
-12066.59865097472
 31
0.0
  0
LINE
  5
851
330
2
100
AcDbEntity
  8
0
100
AcDbLine
 10
26460.83851596372
 20
-12066.04717097472
 30
0.0
 11
26462.23851596371
 21
-12067.44717097472
 31
0.0
  0
LINE
  5
852
330
2
100
AcDbEntity
  8
0
100
AcDbLine
 10
26460.83851596372
 20
-12066.89570097472
 30
0.0
 11
26462.23851596371
 21
-12068.29571097472
 31
0.0
  0
LINE
  5
853
330
2
100
AcDbEntity
  8
0
100
AcDbLine
 10
26460.83851596372
 20
-12067.74423097472
 30
0.0
 11
26462.23851596371
 21
-12069.14423097472
 31
0.0
  0
LINE
  5
854
330
2
100
AcDbEntity
  8
0
100
AcDbLine
 10
26460.76054596372
 20
-12068.51479097472
 30
0.0
 11
26462.10197596372
 21
-12069.85621097472
 31
0.0
  0
LINE
  5
855
330
2
100
AcDbEntity
  8
0
100
AcDbLine
 10
26460.51202596371
 20
-12069.11479097472
 30
0.0
 11
26461.85344596371
 21
-12070.45622097472
 31
0.0
  0
LINE
  5
856
330
2
100
AcDbEntity
  8
0
100
AcDbLine
 10
26460.03018596372
 20
-12069.48148097472
 30
0.0
 11
26461.37161596372
 21
-12070.82291097472
 31
0.0
  0
LINE
  5
857
330
2
100
AcDbEntity
  8
0
100
AcDbLine
 10
26459.42673596371
 20
-12069.72657097472
 30
0.0
 11
26460.77161596371
 21
-12071.07144097472
 31
0.0
  0
LINE
  5
858
330
2
100
AcDbEntity
  8
0
100
AcDbLine
 10
26458.57820596372
 20
-12069.72657097472
 30
0.0
 11
26459.97821596372
 21
-12071.12657097472
 31
0.0
  0
LINE
  5
859
330
2
100
AcDbEntity
  8
0
100
AcDbLine
 10
26457.72968596372
 20
-12069.72657097472
 30
0.0
 11
26459.12968596371
 21
-12071.12657097472
 31
0.0
  0
LINE
  5
85A
330
2
100
AcDbEntity
  8
0
100
AcDbLine
 10
26456.88115596372
 20
-12069.72657097472
 30
0.0
 11
26458.28115596371
 21
-12071.12657097472
 31
0.0
  0
LINE
  5
85B
330
2
100
AcDbEntity
  8
0
100
AcDbLine
 10
26456.03262596371
 20
-12069.72657097472
 30
0.0
 11
26457.43262596371
 21
-12071.12657097472
 31
0.0
  0
LINE
  5
85C
330
2
100
AcDbEntity
  8
0
100
AcDbLine
 10
26455.18409596371
 20
-12069.72657097472
 30
0.0
 11
26456.58409596372
 21
-12071.12657097472
 31
0.0
  0
LINE
  5
85D
330
2
100
AcDbEntity
  8
0
100
AcDbLine
 10
26454.33557596371
 20
-12069.72657097472
 30
0.0
 11
26455.73557596371
 21
-12071.12657097472
 31
0.0
  0
LINE
  5
85E
330
2
100
AcDbEntity
  8
0
100
AcDbLine
 10
26454.03851596371
 20
-12070.27804097472
 30
0.0
 11
26454.88704596372
 21
-12071.12657097472
 31
0.0
  0
LINE
  5
85F
330
2
100
AcDbEntity
  8
0
100
AcDbLine
 10
26454.03851596371
 20
-12071.12657097472
 30
0.0
 11
26454.03851596371
 21
-12071.12657097472
 31
0.0
  0
LINE
  5
860
330
2
100
AcDbEntity
  8
0
100
AcDbLine
 10
26460.83851596372
 20
-12059.06038097472
 30
0.0
 11
26461.10470596371
 21
-12059.32657097472
 31
0.0
  0
LINE
  5
861
330
2
100
AcDbEntity
  8
0
100
AcDbLine
 10
26460.83851596372
 20
-12058.21185097472
 30
0.0
 11
26461.95322596371
 21
-12059.32657097472
 31
0.0
  0
LINE
  5
862
330
2
100
AcDbEntity
  8
0
100
AcDbLine
 10
26460.83851596372
 20
-12057.36333097472
 30
0.0
 11
26462.23851596371
 21
-12058.76333097472
 31
0.0
  0
LINE
  5
863
330
2
100
AcDbEntity
  8
0
100
AcDbLine
 10
26460.83851596372
 20
-12056.51479097472
 30
0.0
 11
26462.23851596371
 21
-12057.91479097472
 31
0.0
  0
LINE
  5
864
330
2
100
AcDbEntity
  8
0
100
AcDbLine
 10
26460.83851596372
 20
-12055.66627097472
 30
0.0
 11
26462.23851596371
 21
-12057.06627097472
 31
0.0
  0
LINE
  5
865
330
2
100
AcDbEntity
  8
0
100
AcDbLine
 10
26460.83851596372
 20
-12054.81774097472
 30
0.0
 11
26462.23851596371
 21
-12056.21774097472
 31
0.0
  0
LINE
  5
866
330
2
100
AcDbEntity
  8
0
100
AcDbLine
 10
26460.83851596372
 20
-12053.96921097472
 30
0.0
 11
26462.23851596371
 21
-12055.36921097472
 31
0.0
  0
LINE
  5
867
330
2
100
AcDbEntity
  8
0
100
AcDbLine
 10
26460.83851596372
 20
-12053.12068097472
 30
0.0
 11
26462.23851596371
 21
-12054.52068097472
 31
0.0
  0
LINE
  5
868
330
2
100
AcDbEntity
  8
0
100
AcDbLine
 10
26460.91302596371
 20
-12052.34667097472
 30
0.0
 11
26462.23851596371
 21
-12053.67216097472
 31
0.0
  0
LINE
  5
869
330
2
100
AcDbEntity
  8
0
100
AcDbLine
 10
26461.16155596371
 20
-12051.74667097472
 30
0.0
 11
26462.23851596371
 21
-12052.82363097472
 31
0.0
  0
LINE
  5
86A
330
2
100
AcDbEntity
  8
0
100
AcDbLine
 10
26461.63851596372
 20
-12051.37510097472
 30
0.0
 11
26462.23851596371
 21
-12051.97510097472
 31
0.0
  0
LINE
  5
86B
330
2
100
AcDbEntity
  8
0
100
AcDbLine
 10
26462.23851596371
 20
-12051.12657097472
 30
0.0
 11
26462.23851596371
 21
-12051.12657097472
 31
0.0
  0
LINE
  5
86C
330
2
100
AcDbEntity
  8
0
100
AcDbLine
 10
26462.23851596371
 20
-12051.12657097472
 30
0.0
 11
26462.23851596371
 21
-12051.12657097472
 31
0.0
  0
LINE
  5
86D
330
2
100
AcDbEntity
  8
0
100
AcDbLine
 10
26450.17232596371
 20
-12069.72657097472
 30
0.0
 11
26450.43851596371
 21
-12069.99276097472
 31
0.0
  0
LINE
  5
86E
330
2
100
AcDbEntity
  8
0
100
AcDbLine
 10
26449.32379596371
 20
-12069.72657097472
 30
0.0
 11
26450.43851596371
 21
-12070.84129097472
 31
0.0
  0
LINE
  5
86F
330
2
100
AcDbEntity
  8
0
100
AcDbLine
 10
26448.47526596371
 20
-12069.72657097472
 30
0.0
 11
26449.87526596372
 21
-12071.12657097472
 31
0.0
  0
LINE
  5
870
330
2
100
AcDbEntity
  8
0
100
AcDbLine
 10
26447.62673596372
 20
-12069.72657097472
 30
0.0
 11
26449.02673596371
 21
-12071.12657097472
 31
0.0
  0
LINE
  5
871
330
2
100
AcDbEntity
  8
0
100
AcDbLine
 10
26446.77821596372
 20
-12069.72657097472
 30
0.0
 11
26448.17821596371
 21
-12071.12657097472
 31
0.0
  0
LINE
  5
872
330
2
100
AcDbEntity
  8
0
100
AcDbLine
 10
26445.92968596372
 20
-12069.72657097472
 30
0.0
 11
26447.32968596371
 21
-12071.12657097472
 31
0.0
  0
LINE
  5
873
330
2
100
AcDbEntity
  8
0
100
AcDbLine
 10
26445.08115596371
 20
-12069.72657097472
 30
0.0
 11
26446.48115596371
 21
-12071.12657097472
 31
0.0
  0
LINE
  5
874
330
2
100
AcDbEntity
  8
0
100
AcDbLine
 10
26444.23262596371
 20
-12069.72657097472
 30
0.0
 11
26445.63262596372
 21
-12071.12657097472
 31
0.0
  0
LINE
  5
875
330
2
100
AcDbEntity
  8
0
100
AcDbLine
 10
26443.45861596372
 20
-12069.80108097472
 30
0.0
 11
26444.78409596372
 21
-12071.12657097472
 31
0.0
  0
LINE
  5
876
330
2
100
AcDbEntity
  8
0
100
AcDbLine
 10
26442.85861596371
 20
-12070.04961097472
 30
0.0
 11
26443.93557596372
 21
-12071.12657097472
 31
0.0
  0
LINE
  5
877
330
2
100
AcDbEntity
  8
0
100
AcDbLine
 10
26442.48704596371
 20
-12070.52657097472
 30
0.0
 11
26443.08704596371
 21
-12071.12657097472
 31
0.0
  0
DIMENSION
  5
878
330
2
100
AcDbEntity
  8
3
100
AcDbDimension
280
     0
  2
*D69
 10
26470.23851596371
 20
-12061.12657097472
 30
0.0
 11
26467.98851596371
 21
-12066.12657097472
 31
0.0
  1
50
 71
     5
 42
200.0
 73
     0
 74
     0
 75
     0
  3
BZ$0
100
AcDbAlignedDimension
 13
26464.23851596371
 23
-12071.12657097472
 33
0.0
 14
26464.23851596371
 24
-12061.12657097472
 34
0.0
 50
90.0
100
AcDbRotatedDimension
  0
DIMENSION
  5
885
330
2
100
AcDbEntity
  8
3
100
AcDbDimension
280
     0
  2
*D70
 10
26452.23851596371
 20
-12079.12657097472
 30
0.0
 11
26457.23851596371
 21
-12076.87657097472
 31
0.0
  1
50
 71
     5
 42
200.0
 73
     0
 74
     0
 75
     0
  3
BZ$0
100
AcDbAlignedDimension
 13
26462.23851596371
 23
-12073.12657097472
 33
0.0
 14
26452.23851596371
 24
-12073.12657097472
 34
0.0
100
AcDbRotatedDimension
  0
LWPOLYLINE
  5
892
330
2
100
AcDbEntity
  8
0
100
AcDbPolyline
 90
        2
 70
     0
 43
0.25
 10
26463.83851596372
 20
-12059.32657097472
 10
26460.83851596372
 20
-12059.32657097472
  0
LWPOLYLINE
  5
893
330
2
100
AcDbEntity
  8
0
100
AcDbPolyline
 90
        2
 70
     0
 43
0.25
 10
26463.83851596372
 20
-12062.92657097472
 10
26460.83851596372
 20
-12062.92657097472
  0
LINE
  5
894
330
2
100
AcDbEntity
  8
5
100
AcDbLine
 10
26465.03851443783
 20
-12061.12657097472
 30
0.0
 11
26459.63851443784
 21
-12061.12657097472
 31
0.0
  0
LWPOLYLINE
  5
895
330
2
100
AcDbEntity
  8
0
100
AcDbPolyline
 90
        2
 70
     0
 43
0.25
 10
26454.03851596371
 20
-12072.72657097472
 10
26454.03851596371
 20
-12069.72657097472
  0
LWPOLYLINE
  5
896
330
2
100
AcDbEntity
  8
0
100
AcDbPolyline
 90
        2
 70
     0
 43
0.25
 10
26450.43851596371
 20
-12072.72657097472
 10
26450.43851596371
 20
-12069.72657097472
  0
LINE
  5
897
330
2
100
AcDbEntity
  8
5
100
AcDbLine
 10
26452.23851596371
 20
-12073.92656944884
 30
0.0
 11
26452.23851596371
 21
-12068.52656944884
 31
0.0
  0
TEXT
  5
898
330
2
100
AcDbEntity
  8
0
100
AcDbText
 10
26460.53851596371
 20
-12043.22657097472
 30
0.0
 40
3.0
  1
513
 41
0.7
 72
     1
 11
26463.03851596371
 21
-12041.72657097472
 31
0.0
100
AcDbText
 73
     2
  0
CIRCLE
  5
899
330
2
100
AcDbEntity
  8
0
100
AcDbCircle
 10
26463.03851596371
 20
-12041.72657097472
 30
0.0
 40
4.0
  0
LINE
  5
89A
330
2
100
AcDbEntity
  8
0
100
AcDbLine
 10
26463.03851596371
 20
-12052.72657097472
 30
0.0
 11
26463.03851596371
 21
-12045.72657097472
 31
0.0
  0
LWPOLYLINE
  5
89B
330
2
100
AcDbEntity
  8
0
100
AcDbPolyline
 90
        8
 70
     0
 43
0.25
 10
26463.83851596372
 20
-12072.72657097472
 10
26463.83851596372
 20
-12052.72657097472
 42
0.414213562373095
 10
26462.23851596371
 20
-12054.32657097472
 10
26462.23851596371
 20
-12069.52657097472
 42
-0.4142135623730964
 10
26460.63851596372
 20
-12071.12657097472
 10
26445.43851596371
 20
-12071.12657097472
 42
0.4142135623730938
 10
26443.83851596372
 20
-12072.72657097472
 10
26463.83851596372
 20
-12072.72657097472
  0
TEXT
  5
89C
330
2
100
AcDbEntity
  8
0
100
AcDbText
 10
26431.46223596371
 20
-12066.42657097472
 30
0.0
 40
3.0
  1
501
 41
0.7
 72
     1
 11
26433.71223596371
 21
-12064.92657097472
 31
0.0
100
AcDbText
 73
     2
  0
CIRCLE
  5
89D
330
2
100
AcDbEntity
  8
0
100
AcDbCircle
 10
26433.71223596371
 20
-12064.92657097472
 30
0.0
 40
4.0
  0
LINE
  5
89E
330
2
100
AcDbEntity
  8
0
100
AcDbLine
 10
26443.23851596371
 20
-12070.42657097472
 30
0.0
 11
26437.17633596372
 21
-12066.92657097472
 31
0.0
  0
LWPOLYLINE
  5
89F
330
2
100
AcDbEntity
  8
0
100
AcDbPolyline
 90
        9
 70
     0
 43
0.25
 10
26462.23851596371
 20
-12069.52657097472
 10
26462.23851596371
 20
-12051.12657097472
 42
0.414213562373095
 10
26460.83851596372
 20
-12052.52657097472
 10
26460.83851596372
 20
-12068.32657097472
 42
-0.4142135623730968
 10
26459.43851596371
 20
-12069.72657097472
 10
26443.63851596372
 20
-12069.72657097472
 42
0.4142135623730966
 10
26442.23851596371
 20
-12071.12657097472
 10
26460.63851596372
 20
-12071.12657097472
 42
0.4142135623730938
 10
26462.23851596371
 20
-12069.52657097472
 42
0.4142135623730938
  0
DIMENSION
  5
8A0
330
2
100
AcDbEntity
  8
3
100
AcDbDimension
280
     0
  2
*D71
 10
26452.23851596371
 20
-12079.12657097472
 30
0.0
 11
26447.23851596371
 21
-12076.87657097472
 31
0.0
  1
50
 71
     5
 42
200.0
 73
     0
 74
     0
 75
     0
  3
BZ$0
100
AcDbAlignedDimension
 13
26442.23851596371
 23
-12073.12657097472
 33
0.0
 14
26452.23851596371
 24
-12073.12657097472
 34
0.0
 50
180.0
100
AcDbRotatedDimension
  0
DIMENSION
  5
8AD
330
2
100
AcDbEntity
  8
3
100
AcDbDimension
280
     0
  2
*D72
 10
26470.23851596371
 20
-12061.12657097473
 30
0.0
 11
26467.98851596371
 21
-12056.12657097473
 31
0.0
  1
50
 71
     5
 42
200.0
 73
     0
 74
     0
 75
     0
  3
BZ$0
100
AcDbAlignedDimension
 13
26464.23851596371
 23
-12051.12657097473
 33
0.0
 14
26464.23851596371
 24
-12061.12657097473
 34
0.0
 50
270.0
100
AcDbRotatedDimension
  0
TRACE
  5
8BA
330
2
100
AcDbEntity
  8
0
100
AcDbTrace
 10
26444.68467180805
 20
-12087.24090050788
 30
0.0
 11
26444.68467180805
 21
-12087.74090050788
 31
0.0
 12
26459.4087319069
 22
-12087.24090050788
 32
0.0
 13
26459.4087319069
 23
-12087.74090050788
 33
0.0
  0
TEXT
  5
8BB
330
2
100
AcDbEntity
  8
0
100
AcDbText
 10
26446.94736168323
 20
-12086.43230240154
 30
0.0
 40
4.0
  1
1--1
 41
0.7
100
AcDbText
  0
TEXT
  5
8BC
330
2
100
AcDbEntity
  8
0
100
AcDbText
 10
26580.5331280824
 20
-12069.9333532513
 30
0.0
 40
4.0
  1
\M+5BCC6
 41
0.7
100
AcDbText
  0
TEXT
  5
8BD
330
2
100
AcDbEntity
  8
0
100
AcDbText
 10
26560.5331280824
 20
-12069.9333532513
 30
0.0
 40
4.0
  1
\M+5BACF
 41
0.7
100
AcDbText
  0
TEXT
  5
8BE
330
2
100
AcDbEntity
  8
0
100
AcDbText
 10
26561.7331280824
 20
-12058.9333532513
 30
0.0
 40
3.8
  1
Q235
 41
0.7
100
AcDbText
  0
TEXT
  5
8BF
330
2
100
AcDbEntity
  8
0
100
AcDbText
 10
26553.5331280824
 20
-12056.4333532513
 30
0.0
 40
4.0
  1
\M+5B5E6
 41
0.7
100
AcDbText
  0
TEXT
  5
8C0
330
2
100
AcDbEntity
  8
0
100
AcDbText
 10
26553.5331280824
 20
-12047.9333532513
 30
0.0
 40
4.0
  1
\M+5B6A4
 41
0.7
100
AcDbText
  0
TEXT
  5
8C1
330
2
100
AcDbEntity
  8
0
100
AcDbText
 10
26553.5331280824
 20
-12039.9333532513
 30
0.0
 40
4.0
  1
\M+5BDC5
 41
0.7
100
AcDbText
  0
TEXT
  5
8C2
330
2
100
AcDbEntity
  8
0
100
AcDbText
 10
26553.5331280824
 20
-12026.9333532513
 30
0.0
 40
4.0
  1
\M+5CBA8
 41
0.7
100
AcDbText
  0
TEXT
  5
8C3
330
2
100
AcDbEntity
  8
0
100
AcDbText
 10
26553.5331280824
 20
-12061.4333532513
 30
0.0
 40
4.0
  1
\M+5C8A6
 41
0.7
100
AcDbText
  0
TEXT
  5
8C4
330
2
100
AcDbEntity
  8
0
100
AcDbText
 10
26631.5331280824
 20
-11985.9333532513
 30
0.0
 40
3.0
  1
(kg)
 41
0.7
100
AcDbText
  0
LINE
  5
8C5
330
2
100
AcDbEntity
  8
0
100
AcDbLine
 10
26550.5331280824
 20
-12072.9333532513
 30
0.0
 11
26670.5331280824
 21
-12072.9333532513
 31
0.0
  0
LINE
  5
8C6
330
2
100
AcDbEntity
  8
0
100
AcDbLine
 10
26572.5331280824
 20
-11975.9333532513
 30
0.0
 11
26572.5331280824
 21
-12062.9333532513
 31
0.0
  0
LINE
  5
8C7
330
2
100
AcDbEntity
  8
0
100
AcDbLine
 10
26670.5331280824
 20
-11960.9333532513
 30
0.0
 11
26670.5331280824
 21
-12072.9333532513
 31
0.0
  0
LINE
  5
8C8
330
2
100
AcDbEntity
  8
0
100
AcDbLine
 10
26640.5331280824
 20
-11975.9333532513
 30
0.0
 11
26640.5331280824
 21
-12062.9333532513
 31
0.0
  0
LINE
  5
8C9
330
2
100
AcDbEntity
  8
0
100
AcDbLine
 10
26620.5331280824
 20
-11975.9333532513
 30
0.0
 11
26620.5331280824
 21
-12062.9333532513
 31
0.0
  0
LINE
  5
8CA
330
2
100
AcDbEntity
  8
0
100
AcDbLine
 10
26610.5331280824
 20
-11975.9333532513
 30
0.0
 11
26610.5331280824
 21
-12062.9333532513
 31
0.0
  0
LINE
  5
8CB
330
2
100
AcDbEntity
  8
0
100
AcDbLine
 10
26595.5331280824
 20
-11975.9333532513
 30
0.0
 11
26595.5331280824
 21
-12072.9333532513
 31
0.0
  0
LINE
  5
8CC
330
2
100
AcDbEntity
  8
0
100
AcDbLine
 10
26560.5331280824
 20
-11975.9333532513
 30
0.0
 11
26560.5331280824
 21
-12062.9333532513
 31
0.0
  0
LINE
  5
8CD
330
2
100
AcDbEntity
  8
0
100
AcDbLine
 10
26550.5331280824
 20
-11960.9333532513
 30
0.0
 11
26550.5331280824
 21
-12072.9333532513
 31
0.0
  0
LINE
  5
8CE
330
2
100
AcDbEntity
  8
0
100
AcDbLine
 10
26598.0331280824
 20
-12057.83527703995
 30
0.0
 11
26607.0331280824
 21
-12057.83527703995
 31
0.0
  0
LINE
  5
8CF
330
2
100
AcDbEntity
  8
0
100
AcDbLine
 10
26596.5331280824
 20
-12060.4333532513
 30
0.0
 11
26598.0331280824
 21
-12057.83527703995
 31
0.0
  0
LINE
  5
8D0
330
2
100
AcDbEntity
  8
0
100
AcDbLine
 10
26605.0331280824
 20
-12042.9333532513
 30
0.0
 11
26605.0331280824
 21
-12046.9333532513
 31
0.0
  0
LINE
  5
8D1
330
2
100
AcDbEntity
  8
0
100
AcDbLine
 10
26605.0331280824
 20
-12044.9333532513
 30
0.0
 11
26605.0331280824
 21
-12042.9333532513
 31
0.0
  0
LINE
  5
8D2
330
2
100
AcDbEntity
  8
0
100
AcDbLine
 10
26600.0331280824
 20
-12044.9333532513
 30
0.0
 11
26605.0331280824
 21
-12044.9333532513
 31
0.0
  0
LINE
  5
8D3
330
2
100
AcDbEntity
  8
0
100
AcDbLine
 10
26602.5331280824
 20
-12038.9333532513
 30
0.0
 11
26602.5331280824
 21
-12041.3333532513
 31
0.0
  0
LINE
  5
8D4
330
2
100
AcDbEntity
  8
0
100
AcDbLine
 10
26600.1331280824
 20
-12038.9333532513
 30
0.0
 11
26604.9331280824
 21
-12038.9333532513
 31
0.0
  0
CIRCLE
  5
8D5
330
2
100
AcDbEntity
  8
0
100
AcDbCircle
 10
26602.5331280824
 20
-12038.9333532513
 30
0.0
 40
2.4
  0
LINE
  5
8D6
330
2
100
AcDbEntity
  8
0
100
AcDbLine
 10
26550.5331280824
 20
-12062.9333532513
 30
0.0
 11
26670.5331280824
 21
-12062.9333532513
 31
0.0
  0
LINE
  5
8D7
330
2
100
AcDbEntity
  8
0
100
AcDbLine
 10
26610.5331280824
 20
-12056.9333532513
 30
0.0
 11
26670.5331280824
 21
-12056.9333532513
 31
0.0
  0
LINE
  5
8D8
330
2
100
AcDbEntity
  8
0
100
AcDbLine
 10
26572.5331280824
 20
-12056.9333532513
 30
0.0
 11
26595.5331280824
 21
-12056.9333532513
 31
0.0
  0
LINE
  5
8D9
330
2
100
AcDbEntity
  8
0
100
AcDbLine
 10
26550.5331280824
 20
-12050.9333532513
 30
0.0
 11
26670.5331280824
 21
-12050.9333532513
 31
0.0
  0
LINE
  5
8DA
330
2
100
AcDbEntity
  8
0
100
AcDbLine
 10
26610.5331280824
 20
-12044.9333532513
 30
0.0
 11
26670.5331280824
 21
-12044.9333532513
 31
0.0
  0
LINE
  5
8DB
330
2
100
AcDbEntity
  8
0
100
AcDbLine
 10
26572.5331280824
 20
-12044.9333532513
 30
0.0
 11
26595.5331280824
 21
-12044.9333532513
 31
0.0
  0
LINE
  5
8DC
330
2
100
AcDbEntity
  8
0
100
AcDbLine
 10
26610.5331280824
 20
-12038.9333532513
 30
0.0
 11
26670.5331280824
 21
-12038.9333532513
 31
0.0
  0
LINE
  5
8DD
330
2
100
AcDbEntity
  8
0
100
AcDbLine
 10
26572.5331280824
 20
-12038.9333532513
 30
0.0
 11
26595.5331280824
 21
-12038.9333532513
 31
0.0
  0
LINE
  5
8DE
330
2
100
AcDbEntity
  8
0
100
AcDbLine
 10
26550.5331280824
 20
-12032.9333532513
 30
0.0
 11
26670.5331280824
 21
-12032.9333532513
 31
0.0
  0
LINE
  5
8DF
330
2
100
AcDbEntity
  8
0
100
AcDbLine
 10
26572.5331280824
 20
-12026.9333532513
 30
0.0
 11
26670.5331280824
 21
-12026.9333532513
 31
0.0
  0
LINE
  5
8E0
330
2
100
AcDbEntity
  8
0
100
AcDbLine
 10
26572.5331280824
 20
-12020.9333532513
 30
0.0
 11
26670.5331280824
 21
-12020.9333532513
 31
0.0
  0
LINE
  5
8E1
330
2
100
AcDbEntity
  8
0
100
AcDbLine
 10
26572.5331280824
 20
-12014.9333532513
 30
0.0
 11
26670.5331280824
 21
-12014.9333532513
 31
0.0
  0
LINE
  5
8E2
330
2
100
AcDbEntity
  8
0
100
AcDbLine
 10
26572.5331280824
 20
-12008.9333532513
 30
0.0
 11
26670.5331280824
 21
-12008.9333532513
 31
0.0
  0
LINE
  5
8E3
330
2
100
AcDbEntity
  8
0
100
AcDbLine
 10
26572.5331280824
 20
-12002.9333532513
 30
0.0
 11
26670.5331280824
 21
-12002.9333532513
 31
0.0
  0
LINE
  5
8E4
330
2
100
AcDbEntity
  8
0
100
AcDbLine
 10
26572.5331280824
 20
-11996.9333532513
 30
0.0
 11
26670.5331280824
 21
-11996.9333532513
 31
0.0
  0
TEXT
  5
8E5
330
2
100
AcDbEntity
  8
0
100
AcDbText
 10
26605.5331280824
 20
-12068.9333532513
 30
0.0
 40
3.0
  1
 46.0 kg
 41
0.7
100
AcDbText
  0
TEXT
  5
8E6
330
2
100
AcDbEntity
  8
0
100
AcDbText
 10
26633.2331280824
 20
-12043.4333532513
 30
0.0
 40
3.0
  1
0.6
 41
0.7
 72
     2
 11
26637.5331280824
 21
-12043.4333532513
 31
0.0
100
AcDbText
  0
TEXT
  5
8E7
330
2
100
AcDbEntity
  8
0
100
AcDbText
 10
26615.2831280824
 20
-12043.4333532513
 30
0.0
 40
3.0
  1
1
 41
0.7
 72
     1
 11
26615.5331280824
 21
-12043.4333532513
 31
0.0
100
AcDbText
  0
TEXT
  5
8E8
330
2
100
AcDbEntity
  8
0
100
AcDbText
 10
26573.9331280824
 20
-12043.4333532513
 30
0.0
 40
3.0
  1
M20X200
 41
0.7
100
AcDbText
  0
TEXT
  5
8E9
330
2
100
AcDbEntity
  8
0
100
AcDbText
 10
26633.2331280824
 20
-12037.4333532513
 30
0.0
 40
3.0
  1
3.6
 41
0.7
 72
     2
 11
26637.5331280824
 21
-12037.4333532513
 31
0.0
100
AcDbText
  0
TEXT
  5
8EA
330
2
100
AcDbEntity
  8
0
100
AcDbText
 10
26614.4831280824
 20
-12037.4333532513
 30
0.0
 40
3.0
  1
11
 41
0.7
 72
     1
 11
26615.5331280824
 21
-12037.4333532513
 31
0.0
100
AcDbText
  0
TEXT
  5
8EB
330
2
100
AcDbEntity
  8
0
100
AcDbText
 10
26573.9331280824
 20
-12037.4333532513
 30
0.0
 40
3.0
  1
M16X180
 41
0.7
100
AcDbText
  0
TEXT
  5
8EC
330
2
100
AcDbEntity
  8
0
100
AcDbText
 10
26633.1331280824
 20
-12055.4333532513
 30
0.0
 40
3.0
  1
0.5
 41
0.7
 72
     2
 11
26637.5331280824
 21
-12055.4333532513
 31
0.0
100
AcDbText
  0
TEXT
  5
8ED
330
2
100
AcDbEntity
  8
0
100
AcDbText
 10
26613.8331280824
 20
-12055.4333532513
 30
0.0
 40
3.0
  1
32
 41
0.7
 72
     1
 11
26615.5331280824
 21
-12055.4333532513
 31
0.0
100
AcDbText
  0
TEXT
  5
8EE
330
2
100
AcDbEntity
  8
0
100
AcDbText
 10
26633.0331280824
 20
-12013.4333532513
 30
0.0
 40
3.0
  1
9.4
 41
0.7
 72
     2
 11
26637.5331280824
 21
-12013.4333532513
 31
0.0
100
AcDbText
  0
TEXT
  5
8EF
330
2
100
AcDbEntity
  8
0
100
AcDbText
 10
26613.8331280824
 20
-12013.4333532513
 30
0.0
 40
3.0
  1
32
 41
0.7
 72
     1
 11
26615.5331280824
 21
-12013.4333532513
 31
0.0
100
AcDbText
  0
INSERT
  5
8F0
330
2
100
AcDbEntity
  8
0
100
AcDbBlockReference
  2
M20X55
 10
26602.5331280824
 20
-12011.9333532513
 30
0.0
 41
10.0
 42
10.0
 43
10.0
  0
TEXT
  5
8F1
330
2
100
AcDbEntity
  8
0
100
AcDbText
 10
26573.9331280824
 20
-12013.4333532513
 30
0.0
 40
3.0
  1
M20X55
 41
0.7
100
AcDbText
  0
TEXT
  5
8F2
330
2
100
AcDbEntity
  8
0
100
AcDbText
 10
26633.2331280824
 20
-12007.4333532513
 30
0.0
 40
3.0
  1
8.6
 41
0.7
 72
     2
 11
26637.5331280824
 21
-12007.4333532513
 31
0.0
100
AcDbText
  0
TEXT
  5
8F3
330
2
100
AcDbEntity
  8
0
100
AcDbText
 10
26613.8331280824
 20
-12007.4333532513
 30
0.0
 40
3.0
  1
32
 41
0.7
 72
     1
 11
26615.5331280824
 21
-12007.4333532513
 31
0.0
100
AcDbText
  0
INSERT
  5
8F4
330
2
100
AcDbEntity
  8
0
100
AcDbBlockReference
  2
M20X45
 10
26602.5331280824
 20
-12005.9333532513
 30
0.0
 41
10.0
 42
10.0
 43
10.0
  0
TEXT
  5
8F5
330
2
100
AcDbEntity
  8
0
100
AcDbText
 10
26573.9331280824
 20
-12007.4333532513
 30
0.0
 40
3.0
  1
M20X45
 41
0.7
100
AcDbText
  0
TEXT
  5
8F6
330
2
100
AcDbEntity
  8
0
100
AcDbText
 10
26632.4331280824
 20
-12001.4333532513
 30
0.0
 40
3.0
  1
14.1
 41
0.7
 72
     2
 11
26637.5331280824
 21
-12001.4333532513
 31
0.0
100
AcDbText
  0
TEXT
  5
8F7
330
2
100
AcDbEntity
  8
0
100
AcDbText
 10
26613.8331280824
 20
-12001.4333532513
 30
0.0
 40
3.0
  1
88
 41
0.7
 72
     1
 11
26615.5331280824
 21
-12001.4333532513
 31
0.0
100
AcDbText
  0
INSERT
  5
8F8
330
2
100
AcDbEntity
  8
0
100
AcDbBlockReference
  2
M16X50
 10
26602.5331280824
 20
-11999.9333532513
 30
0.0
 41
10.0
 42
10.0
 43
10.0
  0
TEXT
  5
8F9
330
2
100
AcDbEntity
  8
0
100
AcDbText
 10
26573.9331280824
 20
-12001.4333532513
 30
0.0
 40
3.0
  1
M16X50
 41
0.7
100
AcDbText
  0
TEXT
  5
8FA
330
2
100
AcDbEntity
  8
0
100
AcDbText
 10
26633.1331280824
 20
-11995.4333532513
 30
0.0
 40
3.0
  1
9.2
 41
0.7
 72
     2
 11
26637.5331280824
 21
-11995.4333532513
 31
0.0
100
AcDbText
  0
TEXT
  5
8FB
330
2
100
AcDbEntity
  8
0
100
AcDbText
 10
26613.7831280824
 20
-11995.4333532513
 30
0.0
 40
3.0
  1
64
 41
0.7
 72
     1
 11
26615.5331280824
 21
-11995.4333532513
 31
0.0
100
AcDbText
  0
INSERT
  5
8FC
330
2
100
AcDbEntity
  8
0
100
AcDbBlockReference
  2
M16X40
 10
26602.5331280824
 20
-11993.9333532513
 30
0.0
 41
10.0
 42
10.0
 43
10.0
  0
TEXT
  5
8FD
330
2
100
AcDbEntity
  8
0
100
AcDbText
 10
26573.9331280824
 20
-11995.4333532513
 30
0.0
 40
3.0
  1
M16X40
 41
0.7
100
AcDbText
  0
TEXT
  5
8FE
330
2
100
AcDbEntity
  8
0
100
AcDbText
 10
26564.5331280824
 20
-11988.4333532513
 30
0.0
 40
4.0
  1
\M+5B1F0
 41
0.7
100
AcDbText
  0
TEXT
  5
8FF
330
2
100
AcDbEntity
  8
0
100
AcDbText
 10
26564.5331280824
 20
-11982.4333532513
 30
0.0
 40
4.0
  1
\M+5BCB6
 41
0.7
100
AcDbText
  0
TEXT
  5
900
330
2
100
AcDbEntity
  8
0
100
AcDbText
 10
26659.5331280824
 20
-11985.9333532513
 30
0.0
 40
4.0
  1
\M+5D7A2
 41
0.7
100
AcDbText
  0
TEXT
  5
901
330
2
100
AcDbEntity
  8
0
100
AcDbText
 10
26553.5331280824
 20
-12000.9333532513
 30
0.0
 40
4.0
  1
\M+5C2DD
 41
0.7
100
AcDbText
  0
TEXT
  5
902
330
2
100
AcDbEntity
  8
0
100
AcDbText
 10
26613.5331280824
 20
-11971.9333532513
 30
0.0
 40
6.0
  1
\M+5C8A6
 41
0.7
100
AcDbText
  0
TEXT
  5
903
330
2
100
AcDbEntity
  8
0
100
AcDbText
 10
26606.5331280824
 20
-11971.9333532513
 30
0.0
 40
6.0
  1
\M+5B5E6
 41
0.7
100
AcDbText
  0
TEXT
  5
904
330
2
100
AcDbEntity
  8
0
100
AcDbText
 10
26596.5331280824
 20
-11971.9333532513
 30
0.0
 40
6.0
  1
\M+5B6A4
 41
0.7
100
AcDbText
  0
TEXT
  5
905
330
2
100
AcDbEntity
  8
0
100
AcDbText
 10
26589.5331280824
 20
-11971.9333532513
 30
0.0
 40
6.0
  1
\M+5BDC5
 41
0.7
100
AcDbText
  0
TEXT
  5
906
330
2
100
AcDbEntity
  8
0
100
AcDbText
 10
26578.5331280824
 20
-11971.9333532513
 30
0.0
 40
6.0
  1
\M+5CBA8
 41
0.7
100
AcDbText
  0
TEXT
  5
907
330
2
100
AcDbEntity
  8
0
100
AcDbText
 10
26571.5331280824
 20
-11971.9333532513
 30
0.0
 40
6.0
  1
\M+5C2DD
 41
0.7
100
AcDbText
  0
TEXT
  5
908
330
2
100
AcDbEntity
  8
0
100
AcDbText
 10
26604.5331280824
 20
-11985.9333532513
 30
0.0
 40
4.0
  1
\M+5BAC5
 41
0.7
100
AcDbText
  0
TEXT
  5
909
330
2
100
AcDbEntity
  8
0
100
AcDbText
 10
26598.5331280824
 20
-11985.9333532513
 30
0.0
 40
4.0
  1
\M+5B7FB
 41
0.7
100
AcDbText
  0
TEXT
  5
90A
330
2
100
AcDbEntity
  8
0
100
AcDbText
 10
26553.5331280824
 20
-11988.4333532513
 30
0.0
 40
4.0
  1
\M+5B3C6
 41
0.7
100
AcDbText
  0
TEXT
  5
90B
330
2
100
AcDbEntity
  8
0
100
AcDbText
 10
26553.5331280824
 20
-11982.4333532513
 30
0.0
 40
4.0
  1
\M+5C3FB
 41
0.7
100
AcDbText
  0
TEXT
  5
90C
330
2
100
AcDbEntity
  8
0
100
AcDbText
 10
26634.5331280824
 20
-11971.9333532513
 30
0.0
 40
6.0
  1
\M+5B1ED
 41
0.7
100
AcDbText
  0
TEXT
  5
90D
330
2
100
AcDbEntity
  8
0
100
AcDbText
 10
26627.5331280824
 20
-11971.9333532513
 30
0.0
 40
6.0
  1
\M+5CFB8
 41
0.7
100
AcDbText
  0
TEXT
  5
90E
330
2
100
AcDbEntity
  8
0
100
AcDbText
 10
26620.5331280824
 20
-11971.9333532513
 30
0.0
 40
6.0
  1
\M+5C3F7
 41
0.7
100
AcDbText
  0
TEXT
  5
90F
330
2
100
AcDbEntity
  8
0
100
AcDbText
 10
26648.5331280824
 20
-11985.9333532513
 30
0.0
 40
4.0
  1
\M+5B1B8
 41
0.7
100
AcDbText
  0
TEXT
  5
910
330
2
100
AcDbEntity
  8
0
100
AcDbText
 10
26622.5331280824
 20
-11985.9333532513
 30
0.0
 40
4.0
  1
\M+5D6D8
 41
0.7
100
AcDbText
  0
TEXT
  5
911
330
2
100
AcDbEntity
  8
0
100
AcDbText
 10
26627.5331280824
 20
-11985.9333532513
 30
0.0
 40
4.0
  1
\M+5C1BF
 41
0.7
100
AcDbText
  0
TEXT
  5
912
330
2
100
AcDbEntity
  8
0
100
AcDbText
 10
26613.5331280824
 20
-11988.4333532513
 30
0.0
 40
4.0
  1
\M+5C1BF
 41
0.7
100
AcDbText
  0
TEXT
  5
913
330
2
100
AcDbEntity
  8
0
100
AcDbText
 10
26613.5331280824
 20
-11982.4333532513
 30
0.0
 40
4.0
  1
\M+5CAFD
 41
0.7
100
AcDbText
  0
TEXT
  5
914
330
2
100
AcDbEntity
  8
0
100
AcDbText
 10
26586.5331280824
 20
-11985.9333532513
 30
0.0
 40
4.0
  1
\M+5B8F1
 41
0.7
100
AcDbText
  0
TEXT
  5
915
330
2
100
AcDbEntity
  8
0
100
AcDbText
 10
26577.5331280824
 20
-11985.9333532513
 30
0.0
 40
4.0
  1
\M+5B9E6
 41
0.7
100
AcDbText
  0
LINE
  5
916
330
2
100
AcDbEntity
  8
0
100
AcDbLine
 10
26585.5331280824
 20
-11970.9333532513
 30
0.0
 11
26585.91880064821
 21
-11971.39297991717
 31
0.0
  0
LINE
  5
917
330
2
100
AcDbEntity
  8
0
100
AcDbLine
 10
26603.5331280824
 20
-11970.9333532513
 30
0.0
 11
26603.91880064821
 21
-11971.39297991717
 31
0.0
  0
LINE
  5
918
330
2
100
AcDbEntity
  8
0
100
AcDbLine
 10
26670.5331280824
 20
-11975.9333532513
 30
0.0
 11
26550.5331280824
 21
-11975.9333532513
 31
0.0
  0
LINE
  5
919
330
2
100
AcDbEntity
  8
0
100
AcDbLine
 10
26550.5331280824
 20
-11990.9333532513
 30
0.0
 11
26670.5331280824
 21
-11990.9333532513
 31
0.0
  0
TEXT
  5
91A
330
2
100
AcDbEntity
  8
0
100
AcDbText
 10
26605.5331280824
 20
-11957.9333532513
 30
0.0
 40
3.0
  1
 668.2 kg
 41
0.7
100
AcDbText
  0
TEXT
  5
91B
330
2
100
AcDbEntity
  8
0
100
AcDbText
 10
26570.5331280824
 20
-11957.9333532513
 30
0.0
 40
4.0
  1
\M+5BCC6
 41
0.7
100
AcDbText
  0
LINE
  5
91C
330
2
100
AcDbEntity
  8
0
100
AcDbLine
 10
26670.5331280824
 20
-11950.9333532513
 30
0.0
 11
26670.5331280824
 21
-11960.9333532513
 31
0.0
  0
LINE
  5
91D
330
2
100
AcDbEntity
  8
0
100
AcDbLine
 10
26550.5331280824
 20
-11960.9333532513
 30
0.0
 11
26670.5331280824
 21
-11960.9333532513
 31
0.0
  0
LINE
  5
91E
330
2
100
AcDbEntity
  8
0
100
AcDbLine
 10
26585.5331280824
 20
-11950.9333532513
 30
0.0
 11
26585.5331280824
 21
-11960.9333532513
 31
0.0
  0
LINE
  5
91F
330
2
100
AcDbEntity
  8
0
100
AcDbLine
 10
26550.5331280824
 20
-11950.9333532513
 30
0.0
 11
26550.5331280824
 21
-11960.9333532513
 31
0.0
  0
LINE
  5
920
330
2
100
AcDbEntity
  8
0
100
AcDbLine
 10
26670.5331280824
 20
-11806.9333532513
 30
0.0
 11
26670.5331280824
 21
-11950.9333532513
 31
0.0
  0
LINE
  5
921
330
2
100
AcDbEntity
  8
0
100
AcDbLine
 10
26640.5331280824
 20
-11821.9333532513
 30
0.0
 11
26640.5331280824
 21
-11950.9333532513
 31
0.0
  0
LINE
  5
922
330
2
100
AcDbEntity
  8
0
100
AcDbLine
 10
26625.5331280824
 20
-11829.4333532513
 30
0.0
 11
26625.5331280824
 21
-11950.9333532513
 31
0.0
  0
LINE
  5
923
330
2
100
AcDbEntity
  8
0
100
AcDbLine
 10
26610.5331280824
 20
-11821.9333532513
 30
0.0
 11
26610.5331280824
 21
-11950.9333532513
 31
0.0
  0
LINE
  5
924
330
2
100
AcDbEntity
  8
0
100
AcDbLine
 10
26600.5331280824
 20
-11821.9333532513
 30
0.0
 11
26600.5331280824
 21
-11950.9333532513
 31
0.0
  0
LINE
  5
925
330
2
100
AcDbEntity
  8
0
100
AcDbLine
 10
26585.5331280824
 20
-11821.9333532513
 30
0.0
 11
26585.5331280824
 21
-11950.9333532513
 31
0.0
  0
LINE
  5
926
330
2
100
AcDbEntity
  8
0
100
AcDbLine
 10
26560.5331280824
 20
-11821.9333532513
 30
0.0
 11
26560.5331280824
 21
-11950.9333532513
 31
0.0
  0
LINE
  5
927
330
2
100
AcDbEntity
  8
0
100
AcDbLine
 10
26550.5331280824
 20
-11806.9333532513
 30
0.0
 11
26550.5331280824
 21
-11950.9333532513
 31
0.0
  0
LINE
  5
928
330
2
100
AcDbEntity
  8
0
100
AcDbLine
 10
26550.5331280824
 20
-11950.9333532513
 30
0.0
 11
26670.5331280824
 21
-11950.9333532513
 31
0.0
  0
LINE
  5
929
330
2
100
AcDbEntity
  8
0
100
AcDbLine
 10
26550.5331280824
 20
-11944.9333532513
 30
0.0
 11
26670.5331280824
 21
-11944.9333532513
 31
0.0
  0
LINE
  5
92A
330
2
100
AcDbEntity
  8
0
100
AcDbLine
 10
26550.5331280824
 20
-11938.9333532513
 30
0.0
 11
26670.5331280824
 21
-11938.9333532513
 31
0.0
  0
LINE
  5
92B
330
2
100
AcDbEntity
  8
0
100
AcDbLine
 10
26550.5331280824
 20
-11932.9333532513
 30
0.0
 11
26670.5331280824
 21
-11932.9333532513
 31
0.0
  0
LINE
  5
92C
330
2
100
AcDbEntity
  8
0
100
AcDbLine
 10
26550.5331280824
 20
-11926.9333532513
 30
0.0
 11
26670.5331280824
 21
-11926.9333532513
 31
0.0
  0
LINE
  5
92D
330
2
100
AcDbEntity
  8
0
100
AcDbLine
 10
26550.5331280824
 20
-11920.9333532513
 30
0.0
 11
26670.5331280824
 21
-11920.9333532513
 31
0.0
  0
LINE
  5
92E
330
2
100
AcDbEntity
  8
0
100
AcDbLine
 10
26550.5331280824
 20
-11914.9333532513
 30
0.0
 11
26670.5331280824
 21
-11914.9333532513
 31
0.0
  0
LINE
  5
92F
330
2
100
AcDbEntity
  8
0
100
AcDbLine
 10
26550.5331280824
 20
-11908.9333532513
 30
0.0
 11
26670.5331280824
 21
-11908.9333532513
 31
0.0
  0
LINE
  5
930
330
2
100
AcDbEntity
  8
0
100
AcDbLine
 10
26550.5331280824
 20
-11902.9333532513
 30
0.0
 11
26670.5331280824
 21
-11902.9333532513
 31
0.0
  0
LINE
  5
931
330
2
100
AcDbEntity
  8
0
100
AcDbLine
 10
26550.5331280824
 20
-11896.9333532513
 30
0.0
 11
26670.5331280824
 21
-11896.9333532513
 31
0.0
  0
LINE
  5
932
330
2
100
AcDbEntity
  8
0
100
AcDbLine
 10
26550.5331280824
 20
-11890.9333532513
 30
0.0
 11
26670.5331280824
 21
-11890.9333532513
 31
0.0
  0
LINE
  5
933
330
2
100
AcDbEntity
  8
0
100
AcDbLine
 10
26550.5331280824
 20
-11884.9333532513
 30
0.0
 11
26670.5331280824
 21
-11884.9333532513
 31
0.0
  0
LINE
  5
934
330
2
100
AcDbEntity
  8
0
100
AcDbLine
 10
26550.5331280824
 20
-11878.9333532513
 30
0.0
 11
26670.5331280824
 21
-11878.9333532513
 31
0.0
  0
LINE
  5
935
330
2
100
AcDbEntity
  8
0
100
AcDbLine
 10
26550.5331280824
 20
-11872.9333532513
 30
0.0
 11
26670.5331280824
 21
-11872.9333532513
 31
0.0
  0
LINE
  5
936
330
2
100
AcDbEntity
  8
0
100
AcDbLine
 10
26550.5331280824
 20
-11866.9333532513
 30
0.0
 11
26670.5331280824
 21
-11866.9333532513
 31
0.0
  0
LINE
  5
937
330
2
100
AcDbEntity
  8
0
100
AcDbLine
 10
26550.5331280824
 20
-11860.9333532513
 30
0.0
 11
26670.5331280824
 21
-11860.9333532513
 31
0.0
  0
LINE
  5
938
330
2
100
AcDbEntity
  8
0
100
AcDbLine
 10
26550.5331280824
 20
-11854.9333532513
 30
0.0
 11
26670.5331280824
 21
-11854.9333532513
 31
0.0
  0
LINE
  5
939
330
2
100
AcDbEntity
  8
0
100
AcDbLine
 10
26550.5331280824
 20
-11848.9333532513
 30
0.0
 11
26670.5331280824
 21
-11848.9333532513
 31
0.0
  0
LINE
  5
93A
330
2
100
AcDbEntity
  8
0
100
AcDbLine
 10
26550.5331280824
 20
-11842.9333532513
 30
0.0
 11
26670.5331280824
 21
-11842.9333532513
 31
0.0
  0
TEXT
  5
93B
330
2
100
AcDbEntity
  8
0
100
AcDbText
 10
26634.6331280824
 20
-11931.9333532513
 30
0.0
 40
3.0
  1
2.2
 41
0.7
 72
     2
 11
26639.0331280824
 21
-11931.9333532513
 31
0.0
100
AcDbText
  0
TEXT
  5
93C
330
2
100
AcDbEntity
  8
0
100
AcDbText
 10
26617.6331280824
 20
-11931.9333532513
 30
0.0
 40
3.0
  1
0.27
 41
0.7
 72
     2
 11
26624.0331280824
 21
-11931.9333532513
 31
0.0
100
AcDbText
  0
TEXT
  5
93D
330
2
100
AcDbEntity
  8
0
100
AcDbText
 10
26604.8331280824
 20
-11931.9333532513
 30
0.0
 40
3.0
  1
8
 41
0.7
 72
     1
 11
26605.5331280824
 21
-11931.9333532513
 31
0.0
100
AcDbText
  0
TEXT
  5
93E
330
2
100
AcDbEntity
  8
0
100
AcDbText
 10
26595.1331280824
 20
-11931.9333532513
 30
0.0
 40
3.0
  1
50
 41
0.7
 72
     2
 11
26598.5331280824
 21
-11931.9333532513
 31
0.0
100
AcDbText
  0
TEXT
  5
93F
330
2
100
AcDbEntity
  8
0
100
AcDbText
 10
26562.5331280824
 20
-11931.9333532513
 30
0.0
 40
3.0
  1
-14X50
 41
0.7
100
AcDbText
  0
TEXT
  5
940
330
2
100
AcDbEntity
  8
0
100
AcDbText
 10
26553.0831280824
 20
-11931.9333532513
 30
0.0
 40
3.0
  1
516
 41
0.7
 72
     1
 11
26555.5331280824
 21
-11931.9333532513
 31
0.0
100
AcDbText
  0
TEXT
  5
941
330
2
100
AcDbEntity
  8
0
100
AcDbText
 10
26633.4331280824
 20
-11925.9333532513
 30
0.0
 40
3.0
  1
11.3
 41
0.7
 72
     2
 11
26639.0331280824
 21
-11925.9333532513
 31
0.0
100
AcDbText
  0
TEXT
  5
942
330
2
100
AcDbEntity
  8
0
100
AcDbText
 10
26618.9331280824
 20
-11925.9333532513
 30
0.0
 40
3.0
  1
1.41
 41
0.7
 72
     2
 11
26624.0331280824
 21
-11925.9333532513
 31
0.0
100
AcDbText
  0
TEXT
  5
943
330
2
100
AcDbEntity
  8
0
100
AcDbText
 10
26604.8331280824
 20
-11925.9333532513
 30
0.0
 40
3.0
  1
8
 41
0.7
 72
     1
 11
26605.5331280824
 21
-11925.9333532513
 31
0.0
100
AcDbText
  0
TEXT
  5
944
330
2
100
AcDbEntity
  8
0
100
AcDbText
 10
26593.1331280824
 20
-11925.9333532513
 30
0.0
 40
3.0
  1
205
 41
0.7
 72
     2
 11
26598.5331280824
 21
-11925.9333532513
 31
0.0
100
AcDbText
  0
TEXT
  5
945
330
2
100
AcDbEntity
  8
0
100
AcDbText
 10
26562.5331280824
 20
-11925.9333532513
 30
0.0
 40
3.0
  1
-6X146
 41
0.7
100
AcDbText
  0
TEXT
  5
946
330
2
100
AcDbEntity
  8
0
100
AcDbText
 10
26553.0331280824
 20
-11925.9333532513
 30
0.0
 40
3.0
  1
515
 41
0.7
 72
     1
 11
26555.5331280824
 21
-11925.9333532513
 31
0.0
100
AcDbText
  0
TEXT
  5
947
330
2
100
AcDbEntity
  8
0
100
AcDbText
 10
26633.4331280824
 20
-11919.9333532513
 30
0.0
 40
3.0
  1
11.0
 41
0.7
 72
     2
 11
26639.0331280824
 21
-11919.9333532513
 31
0.0
100
AcDbText
  0
TEXT
  5
948
330
2
100
AcDbEntity
  8
0
100
AcDbText
 10
26618.0331280824
 20
-11919.9333532513
 30
0.0
 40
3.0
  1
1.38
 41
0.7
 72
     2
 11
26624.0331280824
 21
-11919.9333532513
 31
0.0
100
AcDbText
  0
TEXT
  5
949
330
2
100
AcDbEntity
  8
0
100
AcDbText
 10
26604.8331280824
 20
-11919.9333532513
 30
0.0
 40
3.0
  1
8
 41
0.7
 72
     1
 11
26605.5331280824
 21
-11919.9333532513
 31
0.0
100
AcDbText
  0
TEXT
  5
94A
330
2
100
AcDbEntity
  8
0
100
AcDbText
 10
26593.1331280824
 20
-11919.9333532513
 30
0.0
 40
3.0
  1
205
 41
0.7
 72
     2
 11
26598.5331280824
 21
-11919.9333532513
 31
0.0
100
AcDbText
  0
TEXT
  5
94B
330
2
100
AcDbEntity
  8
0
100
AcDbText
 10
26562.5331280824
 20
-11919.9333532513
 30
0.0
 40
3.0
  1
-6X143
 41
0.7
100
AcDbText
  0
TEXT
  5
94C
330
2
100
AcDbEntity
  8
0
100
AcDbText
 10
26552.9831280824
 20
-11919.9333532513
 30
0.0
 40
3.0
  1
514
 41
0.7
 72
     1
 11
26555.5331280824
 21
-11919.9333532513
 31
0.0
100
AcDbText
  0
TEXT
  5
94D
330
2
100
AcDbEntity
  8
0
100
AcDbText
 10
26641.5331280824
 20
-11913.9333532513
 30
0.0
 40
3.0
  1
\M+5B2F9\M+5BBA1
 41
0.7
100
AcDbText
  0
TEXT
  5
94E
330
2
100
AcDbEntity
  8
0
100
AcDbText
 10
26632.7331280824
 20
-11913.9333532513
 30
0.0
 40
3.0
  1
33.6
 41
0.7
 72
     2
 11
26639.0331280824
 21
-11913.9333532513
 31
0.0
100
AcDbText
  0
TEXT
  5
94F
330
2
100
AcDbEntity
  8
0
100
AcDbText
 10
26617.7331280824
 20
-11913.9333532513
 30
0.0
 40
3.0
  1
8.39
 41
0.7
 72
     2
 11
26624.0331280824
 21
-11913.9333532513
 31
0.0
100
AcDbText
  0
TEXT
  5
950
330
2
100
AcDbEntity
  8
0
100
AcDbText
 10
26604.7831280824
 20
-11913.9333532513
 30
0.0
 40
3.0
  1
4
 41
0.7
 72
     1
 11
26605.5331280824
 21
-11913.9333532513
 31
0.0
100
AcDbText
  0
TEXT
  5
951
330
2
100
AcDbEntity
  8
0
100
AcDbText
 10
26593.1331280824
 20
-11913.9333532513
 30
0.0
 40
3.0
  1
620
 41
0.7
 72
     2
 11
26598.5331280824
 21
-11913.9333532513
 31
0.0
100
AcDbText
  0
TEXT
  5
952
330
2
100
AcDbEntity
  8
0
100
AcDbText
 10
26562.5331280824
 20
-11913.9333532513
 30
0.0
 40
3.0
  1
Q345L110X8
 41
0.7
100
AcDbText
  0
TEXT
  5
953
330
2
100
AcDbEntity
  8
0
100
AcDbText
 10
26553.0331280824
 20
-11913.9333532513
 30
0.0
 40
3.0
  1
513
 41
0.7
 72
     1
 11
26555.5331280824
 21
-11913.9333532513
 31
0.0
100
AcDbText
  0
TEXT
  5
954
330
2
100
AcDbEntity
  8
0
100
AcDbText
 10
26633.0331280824
 20
-11907.9333532513
 30
0.0
 40
3.0
  1
17.8
 41
0.7
 72
     2
 11
26639.0331280824
 21
-11907.9333532513
 31
0.0
100
AcDbText
  0
TEXT
  5
955
330
2
100
AcDbEntity
  8
0
100
AcDbText
 10
26617.6331280824
 20
-11907.9333532513
 30
0.0
 40
3.0
  1
2.23
 41
0.7
 72
     2
 11
26624.0331280824
 21
-11907.9333532513
 31
0.0
100
AcDbText
  0
TEXT
  5
956
330
2
100
AcDbEntity
  8
0
100
AcDbText
 10
26604.8331280824
 20
-11907.9333532513
 30
0.0
 40
3.0
  1
8
 41
0.7
 72
     1
 11
26605.5331280824
 21
-11907.9333532513
 31
0.0
100
AcDbText
  0
TEXT
  5
957
330
2
100
AcDbEntity
  8
0
100
AcDbText
 10
26591.5331280824
 20
-11907.9333532513
 30
0.0
 40
3.0
  1
1203
 41
0.7
 72
     2
 11
26598.5331280824
 21
-11907.9333532513
 31
0.0
100
AcDbText
  0
TEXT
  5
958
330
2
100
AcDbEntity
  8
0
100
AcDbText
 10
26562.5331280824
 20
-11907.9333532513
 30
0.0
 40
3.0
  1
L40X3
 41
0.7
100
AcDbText
  0
TEXT
  5
959
330
2
100
AcDbEntity
  8
0
100
AcDbText
 10
26553.0331280824
 20
-11907.9333532513
 30
0.0
 40
3.0
  1
512
 41
0.7
 72
     1
 11
26555.5331280824
 21
-11907.9333532513
 31
0.0
100
AcDbText
  0
TEXT
  5
95A
330
2
100
AcDbEntity
  8
0
100
AcDbText
 10
26641.5331280824
 20
-11901.9333532513
 30
0.0
 40
3.0
  1
\M+5C7D0\M+5BDC7
 41
0.7
100
AcDbText
  0
TEXT
  5
95B
330
2
100
AcDbEntity
  8
0
100
AcDbText
 10
26632.9331280824
 20
-11901.9333532513
 30
0.0
 40
3.0
  1
19.4
 41
0.7
 72
     2
 11
26639.0331280824
 21
-11901.9333532513
 31
0.0
100
AcDbText
  0
TEXT
  5
95C
330
2
100
AcDbEntity
  8
0
100
AcDbText
 10
26617.6331280824
 20
-11901.9333532513
 30
0.0
 40
3.0
  1
2.42
 41
0.7
 72
     2
 11
26624.0331280824
 21
-11901.9333532513
 31
0.0
100
AcDbText
  0
TEXT
  5
95D
330
2
100
AcDbEntity
  8
0
100
AcDbText
 10
26604.8331280824
 20
-11901.9333532513
 30
0.0
 40
3.0
  1
8
 41
0.7
 72
     1
 11
26605.5331280824
 21
-11901.9333532513
 31
0.0
100
AcDbText
  0
TEXT
  5
95E
330
2
100
AcDbEntity
  8
0
100
AcDbText
 10
26591.5331280824
 20
-11901.9333532513
 30
0.0
 40
3.0
  1
1307
 41
0.7
 72
     2
 11
26598.5331280824
 21
-11901.9333532513
 31
0.0
100
AcDbText
  0
TEXT
  5
95F
330
2
100
AcDbEntity
  8
0
100
AcDbText
 10
26562.5331280824
 20
-11901.9333532513
 30
0.0
 40
3.0
  1
L40X3
 41
0.7
100
AcDbText
  0
TEXT
  5
960
330
2
100
AcDbEntity
  8
0
100
AcDbText
 10
26553.4831280824
 20
-11901.9333532513
 30
0.0
 40
3.0
  1
511
 41
0.7
 72
     1
 11
26555.5331280824
 21
-11901.9333532513
 31
0.0
100
AcDbText
  0
TEXT
  5
961
330
2
100
AcDbEntity
  8
0
100
AcDbText
 10
26633.0331280824
 20
-11895.9333532513
 30
0.0
 40
3.0
  1
15.8
 41
0.7
 72
     2
 11
26639.0331280824
 21
-11895.9333532513
 31
0.0
100
AcDbText
  0
TEXT
  5
962
330
2
100
AcDbEntity
  8
0
100
AcDbText
 10
26618.0331280824
 20
-11895.9333532513
 30
0.0
 40
3.0
  1
1.97
 41
0.7
 72
     2
 11
26624.0331280824
 21
-11895.9333532513
 31
0.0
100
AcDbText
  0
TEXT
  5
963
330
2
100
AcDbEntity
  8
0
100
AcDbText
 10
26604.8331280824
 20
-11895.9333532513
 30
0.0
 40
3.0
  1
8
 41
0.7
 72
     1
 11
26605.5331280824
 21
-11895.9333532513
 31
0.0
100
AcDbText
  0
TEXT
  5
964
330
2
100
AcDbEntity
  8
0
100
AcDbText
 10
26591.4331280824
 20
-11895.9333532513
 30
0.0
 40
3.0
  1
1064
 41
0.7
 72
     2
 11
26598.5331280824
 21
-11895.9333532513
 31
0.0
100
AcDbText
  0
TEXT
  5
965
330
2
100
AcDbEntity
  8
0
100
AcDbText
 10
26562.5331280824
 20
-11895.9333532513
 30
0.0
 40
3.0
  1
L40X3
 41
0.7
100
AcDbText
  0
TEXT
  5
966
330
2
100
AcDbEntity
  8
0
100
AcDbText
 10
26553.0331280824
 20
-11895.9333532513
 30
0.0
 40
3.0
  1
510
 41
0.7
 72
     1
 11
26555.5331280824
 21
-11895.9333532513
 31
0.0
100
AcDbText
  0
TEXT
  5
967
330
2
100
AcDbEntity
  8
0
100
AcDbText
 10
26633.9331280824
 20
-11889.9333532513
 30
0.0
 40
3.0
  1
61.1
 41
0.7
 72
     2
 11
26639.0331280824
 21
-11889.9333532513
 31
0.0
100
AcDbText
  0
TEXT
  5
968
330
2
100
AcDbEntity
  8
0
100
AcDbText
 10
26616.0331280824
 20
-11889.9333532513
 30
0.0
 40
3.0
  1
15.28
 41
0.7
 72
     2
 11
26624.0331280824
 21
-11889.9333532513
 31
0.0
100
AcDbText
  0
TEXT
  5
969
330
2
100
AcDbEntity
  8
0
100
AcDbText
 10
26604.7831280824
 20
-11889.9333532513
 30
0.0
 40
3.0
  1
4
 41
0.7
 72
     1
 11
26605.5331280824
 21
-11889.9333532513
 31
0.0
100
AcDbText
  0
TEXT
  5
96A
330
2
100
AcDbEntity
  8
0
100
AcDbText
 10
26591.1331280824
 20
-11889.9333532513
 30
0.0
 40
3.0
  1
4435
 41
0.7
 72
     2
 11
26598.5331280824
 21
-11889.9333532513
 31
0.0
100
AcDbText
  0
TEXT
  5
96B
330
2
100
AcDbEntity
  8
0
100
AcDbText
 10
26562.5331280824
 20
-11889.9333532513
 30
0.0
 40
3.0
  1
L56X4
 41
0.7
100
AcDbText
  0
TEXT
  5
96C
330
2
100
AcDbEntity
  8
0
100
AcDbText
 10
26552.8831280824
 20
-11889.9333532513
 30
0.0
 40
3.0
  1
509
 41
0.7
 72
     1
 11
26555.5331280824
 21
-11889.9333532513
 31
0.0
100
AcDbText
  0
TEXT
  5
96D
330
2
100
AcDbEntity
  8
0
100
AcDbText
 10
26641.5331280824
 20
-11883.9333532513
 30
0.0
 40
3.0
  1
\M+5C7D0\M+5BDC7
 41
0.7
100
AcDbText
  0
TEXT
  5
96E
330
2
100
AcDbEntity
  8
0
100
AcDbText
 10
26633.9331280824
 20
-11883.9333532513
 30
0.0
 40
3.0
  1
61.1
 41
0.7
 72
     2
 11
26639.0331280824
 21
-11883.9333532513
 31
0.0
100
AcDbText
  0
TEXT
  5
96F
330
2
100
AcDbEntity
  8
0
100
AcDbText
 10
26616.0331280824
 20
-11883.9333532513
 30
0.0
 40
3.0
  1
15.28
 41
0.7
 72
     2
 11
26624.0331280824
 21
-11883.9333532513
 31
0.0
100
AcDbText
  0
TEXT
  5
970
330
2
100
AcDbEntity
  8
0
100
AcDbText
 10
26604.7831280824
 20
-11883.9333532513
 30
0.0
 40
3.0
  1
4
 41
0.7
 72
     1
 11
26605.5331280824
 21
-11883.9333532513
 31
0.0
100
AcDbText
  0
TEXT
  5
971
330
2
100
AcDbEntity
  8
0
100
AcDbText
 10
26591.1331280824
 20
-11883.9333532513
 30
0.0
 40
3.0
  1
4435
 41
0.7
 72
     2
 11
26598.5331280824
 21
-11883.9333532513
 31
0.0
100
AcDbText
  0
TEXT
  5
972
330
2
100
AcDbEntity
  8
0
100
AcDbText
 10
26562.5331280824
 20
-11883.9333532513
 30
0.0
 40
3.0
  1
L56X4
 41
0.7
100
AcDbText
  0
TEXT
  5
973
330
2
100
AcDbEntity
  8
0
100
AcDbText
 10
26552.8331280824
 20
-11883.9333532513
 30
0.0
 40
3.0
  1
508
 41
0.7
 72
     1
 11
26555.5331280824
 21
-11883.9333532513
 31
0.0
100
AcDbText
  0
TEXT
  5
974
330
2
100
AcDbEntity
  8
0
100
AcDbText
 10
26633.0331280824
 20
-11877.9333532513
 30
0.0
 40
3.0
  1
19.0
 41
0.7
 72
     2
 11
26639.0331280824
 21
-11877.9333532513
 31
0.0
100
AcDbText
  0
TEXT
  5
975
330
2
100
AcDbEntity
  8
0
100
AcDbText
 10
26617.6331280824
 20
-11877.9333532513
 30
0.0
 40
3.0
  1
2.37
 41
0.7
 72
     2
 11
26624.0331280824
 21
-11877.9333532513
 31
0.0
100
AcDbText
  0
TEXT
  5
976
330
2
100
AcDbEntity
  8
0
100
AcDbText
 10
26604.8331280824
 20
-11877.9333532513
 30
0.0
 40
3.0
  1
8
 41
0.7
 72
     1
 11
26605.5331280824
 21
-11877.9333532513
 31
0.0
100
AcDbText
  0
TEXT
  5
977
330
2
100
AcDbEntity
  8
0
100
AcDbText
 10
26591.5331280824
 20
-11877.9333532513
 30
0.0
 40
3.0
  1
1280
 41
0.7
 72
     2
 11
26598.5331280824
 21
-11877.9333532513
 31
0.0
100
AcDbText
  0
TEXT
  5
978
330
2
100
AcDbEntity
  8
0
100
AcDbText
 10
26562.5331280824
 20
-11877.9333532513
 30
0.0
 40
3.0
  1
L40X3
 41
0.7
100
AcDbText
  0
TEXT
  5
979
330
2
100
AcDbEntity
  8
0
100
AcDbText
 10
26552.8331280824
 20
-11877.9333532513
 30
0.0
 40
3.0
  1
507
 41
0.7
 72
     1
 11
26555.5331280824
 21
-11877.9333532513
 31
0.0
100
AcDbText
  0
TEXT
  5
97A
330
2
100
AcDbEntity
  8
0
100
AcDbText
 10
26641.5331280824
 20
-11871.9333532513
 30
0.0
 40
3.0
  1
\M+5C7D0\M+5BDC7
 41
0.7
100
AcDbText
  0
TEXT
  5
97B
330
2
100
AcDbEntity
  8
0
100
AcDbText
 10
26632.9331280824
 20
-11871.9333532513
 30
0.0
 40
3.0
  1
19.4
 41
0.7
 72
     2
 11
26639.0331280824
 21
-11871.9333532513
 31
0.0
100
AcDbText
  0
TEXT
  5
97C
330
2
100
AcDbEntity
  8
0
100
AcDbText
 10
26617.6331280824
 20
-11871.9333532513
 30
0.0
 40
3.0
  1
2.42
 41
0.7
 72
     2
 11
26624.0331280824
 21
-11871.9333532513
 31
0.0
100
AcDbText
  0
TEXT
  5
97D
330
2
100
AcDbEntity
  8
0
100
AcDbText
 10
26604.8331280824
 20
-11871.9333532513
 30
0.0
 40
3.0
  1
8
 41
0.7
 72
     1
 11
26605.5331280824
 21
-11871.9333532513
 31
0.0
100
AcDbText
  0
TEXT
  5
97E
330
2
100
AcDbEntity
  8
0
100
AcDbText
 10
26591.5331280824
 20
-11871.9333532513
 30
0.0
 40
3.0
  1
1307
 41
0.7
 72
     2
 11
26598.5331280824
 21
-11871.9333532513
 31
0.0
100
AcDbText
  0
TEXT
  5
97F
330
2
100
AcDbEntity
  8
0
100
AcDbText
 10
26562.5331280824
 20
-11871.9333532513
 30
0.0
 40
3.0
  1
L40X3
 41
0.7
100
AcDbText
  0
TEXT
  5
980
330
2
100
AcDbEntity
  8
0
100
AcDbText
 10
26552.8831280824
 20
-11871.9333532513
 30
0.0
 40
3.0
  1
506
 41
0.7
 72
     1
 11
26555.5331280824
 21
-11871.9333532513
 31
0.0
100
AcDbText
  0
TEXT
  5
981
330
2
100
AcDbEntity
  8
0
100
AcDbText
 10
26633.1331280824
 20
-11865.9333532513
 30
0.0
 40
3.0
  1
16.9
 41
0.7
 72
     2
 11
26639.0331280824
 21
-11865.9333532513
 31
0.0
100
AcDbText
  0
TEXT
  5
982
330
2
100
AcDbEntity
  8
0
100
AcDbText
 10
26618.9331280824
 20
-11865.9333532513
 30
0.0
 40
3.0
  1
2.11
 41
0.7
 72
     2
 11
26624.0331280824
 21
-11865.9333532513
 31
0.0
100
AcDbText
  0
TEXT
  5
983
330
2
100
AcDbEntity
  8
0
100
AcDbText
 10
26604.8331280824
 20
-11865.9333532513
 30
0.0
 40
3.0
  1
8
 41
0.7
 72
     1
 11
26605.5331280824
 21
-11865.9333532513
 31
0.0
100
AcDbText
  0
TEXT
  5
984
330
2
100
AcDbEntity
  8
0
100
AcDbText
 10
26591.9331280824
 20
-11865.9333532513
 30
0.0
 40
3.0
  1
1137
 41
0.7
 72
     2
 11
26598.5331280824
 21
-11865.9333532513
 31
0.0
100
AcDbText
  0
TEXT
  5
985
330
2
100
AcDbEntity
  8
0
100
AcDbText
 10
26562.5331280824
 20
-11865.9333532513
 30
0.0
 40
3.0
  1
L40X3
 41
0.7
100
AcDbText
  0
TEXT
  5
986
330
2
100
AcDbEntity
  8
0
100
AcDbText
 10
26552.8331280824
 20
-11865.9333532513
 30
0.0
 40
3.0
  1
505
 41
0.7
 72
     1
 11
26555.5331280824
 21
-11865.9333532513
 31
0.0
100
AcDbText
  0
TEXT
  5
987
330
2
100
AcDbEntity
  8
0
100
AcDbText
 10
26632.5331280824
 20
-11859.9333532513
 30
0.0
 40
3.0
  1
65.4
 41
0.7
 72
     2
 11
26639.0331280824
 21
-11859.9333532513
 31
0.0
100
AcDbText
  0
TEXT
  5
988
330
2
100
AcDbEntity
  8
0
100
AcDbText
 10
26616.1331280824
 20
-11859.9333532513
 30
0.0
 40
3.0
  1
16.36
 41
0.7
 72
     2
 11
26624.0331280824
 21
-11859.9333532513
 31
0.0
100
AcDbText
  0
TEXT
  5
989
330
2
100
AcDbEntity
  8
0
100
AcDbText
 10
26604.7831280824
 20
-11859.9333532513
 30
0.0
 40
3.0
  1
4
 41
0.7
 72
     1
 11
26605.5331280824
 21
-11859.9333532513
 31
0.0
100
AcDbText
  0
TEXT
  5
98A
330
2
100
AcDbEntity
  8
0
100
AcDbText
 10
26591.1331280824
 20
-11859.9333532513
 30
0.0
 40
3.0
  1
4747
 41
0.7
 72
     2
 11
26598.5331280824
 21
-11859.9333532513
 31
0.0
100
AcDbText
  0
TEXT
  5
98B
330
2
100
AcDbEntity
  8
0
100
AcDbText
 10
26562.5331280824
 20
-11859.9333532513
 30
0.0
 40
3.0
  1
L56X4
 41
0.7
100
AcDbText
  0
TEXT
  5
98C
330
2
100
AcDbEntity
  8
0
100
AcDbText
 10
26552.7831280824
 20
-11859.9333532513
 30
0.0
 40
3.0
  1
504
 41
0.7
 72
     1
 11
26555.5331280824
 21
-11859.9333532513
 31
0.0
100
AcDbText
  0
TEXT
  5
98D
330
2
100
AcDbEntity
  8
0
100
AcDbText
 10
26641.5331280824
 20
-11853.9333532513
 30
0.0
 40
3.0
  1
\M+5C7D0\M+5BDC7
 41
0.7
100
AcDbText
  0
TEXT
  5
98E
330
2
100
AcDbEntity
  8
0
100
AcDbText
 10
26632.5331280824
 20
-11853.9333532513
 30
0.0
 40
3.0
  1
65.4
 41
0.7
 72
     2
 11
26639.0331280824
 21
-11853.9333532513
 31
0.0
100
AcDbText
  0
TEXT
  5
98F
330
2
100
AcDbEntity
  8
0
100
AcDbText
 10
26616.1331280824
 20
-11853.9333532513
 30
0.0
 40
3.0
  1
16.36
 41
0.7
 72
     2
 11
26624.0331280824
 21
-11853.9333532513
 31
0.0
100
AcDbText
  0
TEXT
  5
990
330
2
100
AcDbEntity
  8
0
100
AcDbText
 10
26604.7831280824
 20
-11853.9333532513
 30
0.0
 40
3.0
  1
4
 41
0.7
 72
     1
 11
26605.5331280824
 21
-11853.9333532513
 31
0.0
100
AcDbText
  0
TEXT
  5
991
330
2
100
AcDbEntity
  8
0
100
AcDbText
 10
26591.1331280824
 20
-11853.9333532513
 30
0.0
 40
3.0
  1
4747
 41
0.7
 72
     2
 11
26598.5331280824
 21
-11853.9333532513
 31
0.0
100
AcDbText
  0
TEXT
  5
992
330
2
100
AcDbEntity
  8
0
100
AcDbText
 10
26562.5331280824
 20
-11853.9333532513
 30
0.0
 40
3.0
  1
L56X4
 41
0.7
100
AcDbText
  0
TEXT
  5
993
330
2
100
AcDbEntity
  8
0
100
AcDbText
 10
26552.8331280824
 20
-11853.9333532513
 30
0.0
 40
3.0
  1
503
 41
0.7
 72
     1
 11
26555.5331280824
 21
-11853.9333532513
 31
0.0
100
AcDbText
  0
TEXT
  5
994
330
2
100
AcDbEntity
  8
0
100
AcDbText
 10
26631.1331280824
 20
-11847.9333532513
 30
0.0
 40
3.0
  1
186.6
 41
0.7
 72
     2
 11
26639.0331280824
 21
-11847.9333532513
 31
0.0
100
AcDbText
  0
TEXT
  5
995
330
2
100
AcDbEntity
  8
0
100
AcDbText
 10
26616.5331280824
 20
-11847.9333532513
 30
0.0
 40
3.0
  1
62.21
 41
0.7
 72
     2
 11
26624.0331280824
 21
-11847.9333532513
 31
0.0
100
AcDbText
  0
TEXT
  5
996
330
2
100
AcDbEntity
  8
0
100
AcDbText
 10
26604.8331280824
 20
-11847.9333532513
 30
0.0
 40
3.0
  1
3
 41
0.7
 72
     1
 11
26605.5331280824
 21
-11847.9333532513
 31
0.0
100
AcDbText
  0
TEXT
  5
997
330
2
100
AcDbEntity
  8
0
100
AcDbText
 10
26591.1331280824
 20
-11847.9333532513
 30
0.0
 40
3.0
  1
5068
 41
0.7
 72
     2
 11
26598.5331280824
 21
-11847.9333532513
 31
0.0
100
AcDbText
  0
TEXT
  5
998
330
2
100
AcDbEntity
  8
0
100
AcDbText
 10
26562.5331280824
 20
-11847.9333532513
 30
0.0
 40
3.0
  1
Q345L100X8
 41
0.7
100
AcDbText
  0
TEXT
  5
999
330
2
100
AcDbEntity
  8
0
100
AcDbText
 10
26552.8331280824
 20
-11847.9333532513
 30
0.0
 40
3.0
  1
502
 41
0.7
 72
     1
 11
26555.5331280824
 21
-11847.9333532513
 31
0.0
100
AcDbText
  0
TEXT
  5
99A
330
2
100
AcDbEntity
  8
0
100
AcDbText
 10
26641.5331280824
 20
-11841.9333532513
 30
0.0
 40
3.0
  1
\M+5B4F8\M+5BDC5\M+5B6A4
 41
0.7
100
AcDbText
  0
TEXT
  5
99B
330
2
100
AcDbEntity
  8
0
100
AcDbText
 10
26632.6331280824
 20
-11841.9333532513
 30
0.0
 40
3.0
  1
62.2
 41
0.7
 72
     2
 11
26639.0331280824
 21
-11841.9333532513
 31
0.0
100
AcDbText
  0
TEXT
  5
99C
330
2
100
AcDbEntity
  8
0
100
AcDbText
 10
26616.5331280824
 20
-11841.9333532513
 30
0.0
 40
3.0
  1
62.21
 41
0.7
 72
     2
 11
26624.0331280824
 21
-11841.9333532513
 31
0.0
100
AcDbText
  0
TEXT
  5
99D
330
2
100
AcDbEntity
  8
0
100
AcDbText
 10
26605.2831280824
 20
-11841.9333532513
 30
0.0
 40
3.0
  1
1
 41
0.7
 72
     1
 11
26605.5331280824
 21
-11841.9333532513
 31
0.0
100
AcDbText
  0
TEXT
  5
99E
330
2
100
AcDbEntity
  8
0
100
AcDbText
 10
26591.1331280824
 20
-11841.9333532513
 30
0.0
 40
3.0
  1
5068
 41
0.7
 72
     2
 11
26598.5331280824
 21
-11841.9333532513
 31
0.0
100
AcDbText
  0
TEXT
  5
99F
330
2
100
AcDbEntity
  8
0
100
AcDbText
 10
26562.5331280824
 20
-11841.9333532513
 30
0.0
 40
3.0
  1
Q345L100X8
 41
0.7
100
AcDbText
  0
TEXT
  5
9A0
330
2
100
AcDbEntity
  8
0
100
AcDbText
 10
26553.2831280824
 20
-11841.9333532513
 30
0.0
 40
3.0
  1
501
 41
0.7
 72
     1
 11
26555.5331280824
 21
-11841.9333532513
 31
0.0
100
AcDbText
  0
TEXT
  5
9A1
330
2
100
AcDbEntity
  8
0
100
AcDbText
 10
26628.5331280824
 20
-11826.9333532513
 30
0.0
 40
3.0
  1
(kg)
 41
0.7
100
AcDbText
  0
TEXT
  5
9A2
330
2
100
AcDbEntity
  8
0
100
AcDbText
 10
26588.5331280824
 20
-11834.9333532513
 30
0.0
 40
3.0
  1
(mm)
 41
0.7
100
AcDbText
  0
TEXT
  5
9A3
330
2
100
AcDbEntity
  8
0
100
AcDbText
 10
26560.5331280824
 20
-11957.9333532513
 30
0.0
 40
4.0
  1
\M+5BACF
 41
0.7
100
AcDbText
  0
TEXT
  5
9A4
330
2
100
AcDbEntity
  8
0
100
AcDbText
 10
26612.5331280824
 20
-11834.9333532513
 30
0.0
 40
4.0
  1
\M+5D2BB
 41
0.7
100
AcDbText
  0
TEXT
  5
9A5
330
2
100
AcDbEntity
  8
0
100
AcDbText
 10
26659.5331280824
 20
-11831.9333532513
 30
0.0
 40
4.0
  1
\M+5D7A2
 41
0.7
100
AcDbText
  0
TEXT
  5
9A6
330
2
100
AcDbEntity
  8
0
100
AcDbText
 10
26644.5331280824
 20
-11817.9333532513
 30
0.0
 40
6.0
  1
\M+5B1ED
 41
0.7
100
AcDbText
  0
TEXT
  5
9A7
330
2
100
AcDbEntity
  8
0
100
AcDbText
 10
26626.5331280824
 20
-11817.9333532513
 30
0.0
 40
6.0
  1
\M+5CFB8
 41
0.7
100
AcDbText
  0
TEXT
  5
9A8
330
2
100
AcDbEntity
  8
0
100
AcDbText
 10
26608.5331280824
 20
-11817.9333532513
 30
0.0
 40
6.0
  1
\M+5C3F7
 41
0.7
100
AcDbText
  0
TEXT
  5
9A9
330
2
100
AcDbEntity
  8
0
100
AcDbText
 10
26590.5331280824
 20
-11817.9333532513
 30
0.0
 40
6.0
  1
\M+5BCFE
 41
0.7
100
AcDbText
  0
TEXT
  5
9AA
330
2
100
AcDbEntity
  8
0
100
AcDbText
 10
26572.5331280824
 20
-11817.9333532513
 30
0.0
 40
6.0
  1
\M+5B9B9
 41
0.7
100
AcDbText
  0
TEXT
  5
9AB
330
2
100
AcDbEntity
  8
0
100
AcDbText
 10
26645.5331280824
 20
-11831.9333532513
 30
0.0
 40
4.0
  1
\M+5B1B8
 41
0.7
100
AcDbText
  0
TEXT
  5
9AC
330
2
100
AcDbEntity
  8
0
100
AcDbText
 10
26634.5331280824
 20
-11834.9333532513
 30
0.0
 40
4.0
  1
\M+5BCC6
 41
0.7
100
AcDbText
  0
TEXT
  5
9AD
330
2
100
AcDbEntity
  8
0
100
AcDbText
 10
26627.5331280824
 20
-11834.9333532513
 30
0.0
 40
4.0
  1
\M+5D0A1
 41
0.7
100
AcDbText
  0
TEXT
  5
9AE
330
2
100
AcDbEntity
  8
0
100
AcDbText
 10
26619.5331280824
 20
-11834.9333532513
 30
0.0
 40
4.0
  1
\M+5BCFE
 41
0.7
100
AcDbText
  0
TEXT
  5
9AF
330
2
100
AcDbEntity
  8
0
100
AcDbText
 10
26622.5331280824
 20
-11827.9333532513
 30
0.0
 40
4.0
  1
\M+5C1BF
 41
0.7
100
AcDbText
  0
TEXT
  5
9B0
330
2
100
AcDbEntity
  8
0
100
AcDbText
 10
26612.5331280824
 20
-11827.9333532513
 30
0.0
 40
4.0
  1
\M+5D6D8
 41
0.7
100
AcDbText
  0
TEXT
  5
9B1
330
2
100
AcDbEntity
  8
0
100
AcDbText
 10
26603.5331280824
 20
-11834.4333532513
 30
0.0
 40
4.0
  1
\M+5C1BF
 41
0.7
100
AcDbText
  0
TEXT
  5
9B2
330
2
100
AcDbEntity
  8
0
100
AcDbText
 10
26603.5331280824
 20
-11828.4333532513
 30
0.0
 40
4.0
  1
\M+5CAFD
 41
0.7
100
AcDbText
  0
TEXT
  5
9B3
330
2
100
AcDbEntity
  8
0
100
AcDbText
 10
26595.5331280824
 20
-11828.9333532513
 30
0.0
 40
4.0
  1
\M+5B6C8
 41
0.7
100
AcDbText
  0
TEXT
  5
9B4
330
2
100
AcDbEntity
  8
0
100
AcDbText
 10
26587.5331280824
 20
-11828.9333532513
 30
0.0
 40
4.0
  1
\M+5B3A4
 41
0.7
100
AcDbText
  0
TEXT
  5
9B5
330
2
100
AcDbEntity
  8
0
100
AcDbText
 10
26576.5331280824
 20
-11831.9333532513
 30
0.0
 40
4.0
  1
\M+5B8F1
 41
0.7
100
AcDbText
  0
TEXT
  5
9B6
330
2
100
AcDbEntity
  8
0
100
AcDbText
 10
26565.5331280824
 20
-11831.9333532513
 30
0.0
 40
4.0
  1
\M+5B9E6
 41
0.7
100
AcDbText
  0
TEXT
  5
9B7
330
2
100
AcDbEntity
  8
0
100
AcDbText
 10
26553.5331280824
 20
-11834.4333532513
 30
0.0
 40
4.0
  1
\M+5BAC5
 41
0.7
100
AcDbText
  0
TEXT
  5
9B8
330
2
100
AcDbEntity
  8
0
100
AcDbText
 10
26553.5331280824
 20
-11828.4333532513
 30
0.0
 40
4.0
  1
\M+5B1E0
 41
0.7
100
AcDbText
  0
LINE
  5
9B9
330
2
100
AcDbEntity
  8
0
100
AcDbLine
 10
26610.5331280824
 20
-11829.4333532513
 30
0.0
 11
26640.5331280824
 21
-11829.4333532513
 31
0.0
  0
LINE
  5
9BA
330
2
100
AcDbEntity
  8
0
100
AcDbLine
 10
26670.5331280824
 20
-11821.9333532513
 30
0.0
 11
26550.5331280824
 21
-11821.9333532513
 31
0.0
  0
LINE
  5
9BB
330
2
100
AcDbEntity
  8
0
100
AcDbLine
 10
26550.5331280824
 20
-11836.9333532513
 30
0.0
 11
26670.5331280824
 21
-11836.9333532513
 31
0.0
  0
TEXT
  5
9BC
330
2
100
AcDbEntity
  8
0
100
AcDbText
 10
26562.5331280824
 20
-12044.23478861916
 30
0.0
 40
3.8
  1
6.8\M+5BCB6
 41
0.7
100
AcDbText
  0
TEXT
  5
9BD
330
2
100
AcDbEntity
  8
0
100
AcDbText
 10
26562.25230308091
 20
-12014.67509893059
 30
0.0
 40
3.8
  1
6.8\M+5BCB6
 41
0.7
100
AcDbText
  0
TEXT
  5
9BE
330
2
100
AcDbEntity
  8
0
100
AcDbText
 10
26596.9331280824
 20
-12056.4333532513
 30
0.0
 40
3.5
  1
\M+5B9E6\M+5B8F1X\M+5B8F6\M+5CAFD
 41
0.6
100
AcDbText
  0
TEXT
  5
9BF
330
2
100
AcDbEntity
  8
0
100
AcDbText
 10
26573.9331280824
 20
-12055.4333532513
 30
0.0
 40
3.0
  1
-4(%%c17.5)
 41
0.7
100
AcDbText
  0
INSERT
  5
9C0
330
2
100
AcDbEntity
  8
2
100
AcDbBlockReference
  2
M16X40
 10
26390.84246685125
 20
-12148.13293999883
 30
0.0
 41
4.99999986754483
 42
4.99999986754483
 43
4.999999867545234
  0
DIMENSION
  5
9C1
330
2
100
AcDbEntity
  8
0
100
AcDbDimension
280
     0
  2
*D77
 10
26397.81316019011
 20
-12146.92444605501
 30
0.0
 11
26396.79408308421
 21
-12143.62072682188
 31
0.0
 70
     1
 71
     5
 42
104.999648907251
 73
     0
 74
     0
 75
     0
  3
BZ$0
100
AcDbAlignedDimension
 13
26390.84246685125
 23
-12148.13293999883
 33
0.0
 14
26395.28225309847
 24
-12150.9348346713
 34
0.0
  0
INSERT
  5
9D0
330
2
100
AcDbEntity
  8
2
100
AcDbBlockReference
  2
M16X40
 10
26191.7220393457
 20
-12148.13293999883
 30
0.0
 41
-4.99999986754483
 42
4.99999986754483
 43
4.999999867545234
  0
DIMENSION
  5
9D1
330
2
100
AcDbEntity
  8
0
100
AcDbDimension
280
     0
  2
*D73
 10
26184.75134600684
 20
-12146.92444605501
 30
0.0
 11
26185.77042311275
 21
-12143.62072682188
 31
0.0
 70
     1
 71
     5
 42
104.9996489072146
 73
     0
 74
     0
 75
     0
  3
BZ$0
100
AcDbAlignedDimension
 13
26191.7220393457
 23
-12148.13293999883
 33
0.0
 14
26187.28225309848
 24
-12150.9348346713
 34
0.0
  0
DIMENSION
  5
9E0
330
2
100
AcDbEntity
  8
0
100
AcDbDimension
280
     0
  2
*D78
 10
26403.12857932133
 20
-12121.51726573041
 30
0.0
 11
26404.98055630386
 21
-12116.1141192507
 31
0.0
 70
     1
  1
3X70
 71
     5
 42
209.995468998568
 73
     0
 74
     0
 75
     0
  3
BZ$0
100
AcDbAlignedDimension
 13
26392.3547530985
 23
-12111.7943346713
 33
0.0
 14
26393.13825309849
 24
-12122.2648346713
 34
0.0
  0
DIMENSION
  5
9ED
330
2
100
AcDbEntity
  8
0
100
AcDbDimension
280
     0
  2
*D79
 10
26403.37110179619
 20
-12124.75827603468
 30
0.0
 11
26405.49356754126
 21
-12122.96987440283
 31
0.0
 71
     5
 42
65.00143057892274
 73
     0
 74
     0
 75
     0
  3
BZ$0
100
AcDbAlignedDimension
 13
26393.13825309849
 23
-12122.2648346713
 33
0.0
 14
26395.87325309848
 24
-12125.3193346713
 34
0.0
 50
94.27942651226003
100
AcDbRotatedDimension
  0
DIMENSION
  5
9FC
330
2
100
AcDbEntity
  8
0
100
AcDbDimension
280
     0
  2
*D80
 10
26181.03317948868
 20
-12123.39155221836
 30
0.0
 11
26179.18120250616
 21
-12117.98840573865
 31
0.0
 70
     1
  1
3X70
 71
     5
 42
209.9954689987862
 73
     0
 74
     0
 75
     0
  3
BZ$0
100
AcDbAlignedDimension
 13
26190.07925309849
 23
-12113.53933467129
 33
0.0
 14
26189.29575309848
 24
-12124.0098346713
 34
0.0
  0
DIMENSION
  5
A09
330
2
100
AcDbEntity
  8
0
100
AcDbDimension
280
     0
  2
*D81
 10
26180.92123368206
 20
-12124.88756825968
 30
0.0
 11
26177.6565900048
 21
-12123.69135941773
 31
0.0
 70
   128
 71
     5
 42
30.00397213356337
 73
     0
 74
     0
 75
     0
  3
BZ$0
100
AcDbAlignedDimension
 13
26189.29575309848
 23
-12124.0098346713
 33
0.0
 14
26186.69125309848
 24
-12125.3193346713
 34
0.0
 50
85.72057348766104
100
AcDbRotatedDimension
  0
ENDSEC
  0
SECTION
  2
OBJECTS
  0
DICTIONARY
  5
B
330
0
100
AcDbDictionary
281
     1
  3
ACAD_COLOR
350
50
  3
ACAD_DETAILVIEWSTYLE
350
A7E
  3
ACAD_GROUP
350
3D
  3
ACAD_LAYOUT
350
18
  3
ACAD_MATERIAL
350
D
  3
ACAD_MLEADERSTYLE
350
A7C
  3
ACAD_MLINESTYLE
350
3E
  3
ACAD_PLOTSETTINGS
350
3F
  3
ACAD_PLOTSTYLENAME
350
A
  3
ACAD_SCALELIST
350
A60
  3
ACAD_SECTIONVIEWSTYLE
350
A80
  3
ACAD_TABLESTYLE
350
51
  3
ACAD_VISUALSTYLE
350
2D
  3
AcDbVariableDictionary
350
A37
  3
ACDB_RECOMPOSE_DATA
350
A84
  0
DICTIONARY
  5
1F
330
1E
100
AcDbDictionary
280
     1
281
     1
  3
ACAD_LAYERFILTERS
360
20
  3
ACAD_LAYERSTATES
360
21
  0
DICTIONARY
  5
7
330
6
100
AcDbDictionary
280
     1
281
     1
  3
ADSK_XREC_LAYER_RECONCILED
360
8
  0
DICTIONARY
  5
E5
330
E4
100
AcDbDictionary
280
     1
281
     1
  3
ADSK_XREC_LAYER_RECONCILED
360
E6
  0
DICTIONARY
  5
248
330
247
100
AcDbDictionary
280
     1
281
     1
  3
ADSK_XREC_LAYER_RECONCILED
360
249
  0
DICTIONARY
  5
6C
330
6B
100
AcDbDictionary
280
     1
281
     1
  3
ADSK_XREC_LAYER_RECONCILED
360
6D
  0
DICTIONARY
  5
487
330
486
100
AcDbDictionary
280
     1
281
     1
  3
ADSK_XREC_LAYER_RECONCILED
360
488
  0
DICTIONARY
  5
481
330
480
100
AcDbDictionary
280
     1
281
     1
  3
ADSK_XREC_LAYER_RECONCILED
360
482
  0
DICTIONARY
  5
645
330
644
100
AcDbDictionary
280
     1
281
     1
  3
ADSK_XREC_LAYER_RECONCILED
360
646
  0
DICTIONARY
  5
3
330
2
100
AcDbDictionary
280
     1
281
     1
  3
ACAD_SORTENTS
360
A1F
  0
DICTIONARY
  5
35
330
34
100
AcDbDictionary
280
     1
281
     1
  3
ACAD_SORTENTS
360
A1B
  0
DICTIONARY
  5
F6
330
F5
100
AcDbDictionary
280
     1
281
     1
  3
ACAD_SORTENTS
360
A1C
  0
DICTIONARY
  5
E8
330
E7
100
AcDbDictionary
280
     1
281
     1
  3
ACAD_SORTENTS
360
A18
  0
DICTIONARY
  5
227
330
226
100
AcDbDictionary
280
     1
281
     1
  3
ACAD_SORTENTS
360
A19
  0
DICTIONARY
  5
235
330
234
100
AcDbDictionary
280
     1
281
     1
  3
ACAD_SORTENTS
360
A1A
  0
DICTIONARY
  5
4EC
330
4EB
100
AcDbDictionary
280
     1
281
     1
  3
ACAD_SORTENTS
360
A1D
  0
DICTIONARY
  5
4F8
330
4F7
100
AcDbDictionary
280
     1
281
     1
  3
ACAD_SORTENTS
360
A1E
  0
DICTIONARY
  5
50
102
{ACAD_REACTORS
330
B
102
}
330
B
100
AcDbDictionary
281
     1
  0
DICTIONARY
  5
A7E
102
{ACAD_REACTORS
330
B
102
}
330
B
100
AcDbDictionary
281
     1
  3
Metric50
350
A7F
  0
DICTIONARY
  5
3D
102
{ACAD_REACTORS
330
B
102
}
330
B
100
AcDbDictionary
281
     1
  0
DICTIONARY
  5
18
102
{ACAD_REACTORS
330
B
102
}
330
B
100
AcDbDictionary
281
     1
  3
Model
350
17
  3
\M+5B2BC\M+5BED61
350
1D
  0
DICTIONARY
  5
D
102
{ACAD_REACTORS
330
B
102
}
330
B
100
AcDbDictionary
281
     1
  3
ByBlock
350
48
  3
ByLayer
350
40
  3
Global
350
C
  0
DICTIONARY
  5
A7C
102
{ACAD_REACTORS
330
B
102
}
330
B
100
AcDbDictionary
281
     1
  3
Standard
350
A7D
  0
DICTIONARY
  5
3E
102
{ACAD_REACTORS
330
B
102
}
330
B
100
AcDbDictionary
281
     1
  3
Standard
350
52
  0
DICTIONARY
  5
3F
102
{ACAD_REACTORS
330
B
102
}
330
B
100
AcDbDictionary
281
     1
  0
ACDBDICTIONARYWDFLT
  5
A
102
{ACAD_REACTORS
330
B
102
}
330
B
100
AcDbDictionary
281
     1
  3
Normal
350
9
100
AcDbDictionaryWithDefault
340
9
  0
DICTIONARY
  5
A60
102
{ACAD_REACTORS
330
B
102
}
330
B
100
AcDbDictionary
281
     1
  3
A0
350
A61
  3
A1
350
A62
  3
A2
350
A63
  3
A3
350
A64
  3
A4
350
A65
  3
A5
350
A66
  3
A6
350
A67
  3
A7
350
A68
  3
A8
350
A69
  3
A9
350
A6A
  3
B0
350
A6B
  3
B1
350
A6C
  3
B2
350
A6D
  3
B3
350
A6E
  3
B4
350
A6F
  3
B5
350
A70
  3
B6
350
A71
  0
DICTIONARY
  5
A80
102
{ACAD_REACTORS
330
B
102
}
330
B
100
AcDbDictionary
281
     1
  3
Metric50
350
A81
  0
DICTIONARY
  5
51
102
{ACAD_REACTORS
330
B
102
}
330
B
100
AcDbDictionary
281
     1
  3
Standard
350
53
  0
DICTIONARY
  5
2D
102
{ACAD_REACTORS
330
B
102
}
330
B
100
AcDbDictionary
281
     1
  3
2dWireframe
350
2C
  3
3D Hidden
350
A3F
  3
3dWireframe
350
57
  3
Basic
350
A3E
  3
Brighten
350
A42
  3
ColorChange
350
A46
  3
Conceptual
350
A40
  3
Dim
350
A41
  3
EdgeColorOff
350
A76
  3
Facepattern
350
A45
  3
Flat
350
A3A
  3
FlatWithEdges
350
A3B
  3
Gouraud
350
A3C
  3
GouraudWithEdges
350
A3D
  3
Hidden
350
A73
  3
JitterOff
350
A74
  3
Linepattern
350
A44
  3
OverhangOff
350
A75
  3
Realistic
350
56
  3
Shaded
350
A7B
  3
Shaded with edges
350
A7A
  3
Shades of Gray
350
A77
  3
Sketchy
350
A78
  3
Thicken
350
A43
  3
Wireframe
350
A72
  3
X-Ray
350
A79
  0
DICTIONARY
  5
A37
102
{ACAD_REACTORS
330
B
102
}
330
B
100
AcDbDictionary
281
     1
  3
CANNOSCALE
350
A82
  3
CMLEADERSTYLE
350
A85
  3
CTABLESTYLE
350
A38
  3
CVIEWDETAILSTYLE
350
A88
  3
CVIEWSECTIONSTYLE
350
A89
  3
MSLTSCALE
350
A86
  3
XCLIPFRAME
350
A87
  0
XRECORD
  5
A84
102
{ACAD_REACTORS
330
B
102
}
330
B
100
AcDbXrecord
280
     1
 90
        1
330
53
  0
DICTIONARY
  5
20
102
{ACAD_REACTORS
330
1F
102
}
330
1F
100
AcDbDictionary
281
     1
  0
DICTIONARY
  5
21
102
{ACAD_REACTORS
330
1F
102
}
330
1F
100
AcDbDictionary
281
     1
  0
XRECORD
  5
8
102
{ACAD_REACTORS
330
7
102
}
330
7
100
AcDbXrecord
280
     1
290
     1
  0
XRECORD
  5
E6
102
{ACAD_REACTORS
330
E5
102
}
330
E5
100
AcDbXrecord
280
     1
290
     1
  0
XRECORD
  5
249
102
{ACAD_REACTORS
330
248
102
}
330
248
100
AcDbXrecord
280
     1
290
     1
  0
XRECORD
  5
6D
102
{ACAD_REACTORS
330
6C
102
}
330
6C
100
AcDbXrecord
280
     1
290
     1
  0
XRECORD
  5
488
102
{ACAD_REACTORS
330
487
102
}
330
487
100
AcDbXrecord
280
     1
290
     1
  0
XRECORD
  5
482
102
{ACAD_REACTORS
330
481
102
}
330
481
100
AcDbXrecord
280
     1
290
     1
  0
XRECORD
  5
646
102
{ACAD_REACTORS
330
645
102
}
330
645
100
AcDbXrecord
280
     1
290
     1
  0
SORTENTSTABLE
  5
A1F
102
{ACAD_REACTORS
330
3
102
}
330
3
100
AcDbSortentsTable
330
2
  0
SORTENTSTABLE
  5
A1B
102
{ACAD_REACTORS
330
35
102
}
330
35
100
AcDbSortentsTable
330
34
  0
SORTENTSTABLE
  5
A1C
102
{ACAD_REACTORS
330
F6
102
}
330
F6
100
AcDbSortentsTable
330
F5
  0
SORTENTSTABLE
  5
A18
102
{ACAD_REACTORS
330
E8
102
}
330
E8
100
AcDbSortentsTable
330
E7
  0
SORTENTSTABLE
  5
A19
102
{ACAD_REACTORS
330
227
102
}
330
227
100
AcDbSortentsTable
330
226
  0
SORTENTSTABLE
  5
A1A
102
{ACAD_REACTORS
330
235
102
}
330
235
100
AcDbSortentsTable
330
234
  0
SORTENTSTABLE
  5
A1D
102
{ACAD_REACTORS
330
4EC
102
}
330
4EC
100
AcDbSortentsTable
330
4EB
  0
SORTENTSTABLE
  5
A1E
102
{ACAD_REACTORS
330
4F8
102
}
330
4F8
100
AcDbSortentsTable
330
4F7
  0
ACDBDETAILVIEWSTYLE
  5
A7F
102
{ACAD_REACTORS
330
A7E
102
}
330
A7E
100
AcDbModelDocViewStyle
 70
     0
  3
Metric50
290
     0
300
Metric50
 90
        0
100
AcDbDetailViewStyle
 70
     0
 71
     0
 90
        3
 71
     1
340
23
 62
   256
 40
5.0
340
0
 62
   256
 40
5.0
300

 40
0.36
280
     1
 71
     2
340
15
 90
       25
 62
   256
 71
     3
340
23
 62
   256
 40
5.0
 90
        0
 40
15.0
 90
        1
300
%<\AcVar ViewDetailId>% (%<\AcVar ViewScale \f "%sn">%)
 71
     4
340
15
 90
       25
 62
   256
340
15
 90
       25
 62
   256
280
     0
  0
LAYOUT
  5
17
102
{ACAD_REACTORS
330
18
102
}
330
18
100
AcDbPlotSettings
  1

  2
Generic 42BW-4SeriesPCL
  4
A3
  6

 40
5.027082920074463
 41
5.027085781097412
 42
5.027099609375
 43
5.027069091796875
 44
296.9259948730469
 45
419.9466552734375
 46
0.0
 47
0.0
 48
12152558.409159
 49
717597.505138
140
12153399.409159
141
718191.505138
142
1.0
143
2.070611243214594
 70
  3760
 72
     1
 73
     1
 74
     4
  7
monochrome.ctb
 75
     0
 76
     1
 77
     2
 78
   300
147
0.4829491790296253
148
-12152558.409159
149
-717597.505138
100
AcDbLayout
  1
Model
 70
     1
 71
     0
 10
0.0
 20
0.0
 11
12.0
 21
9.0
 12
0.0
 22
0.0
 32
0.0
 14
0.0
 24
0.0
 34
0.0
 15
0.0
 25
0.0
 35
0.0
146
0.0
 13
0.0
 23
0.0
 33
0.0
 16
1.0
 26
0.0
 36
0.0
 17
0.0
 27
1.0
 37
0.0
 76
     0
330
2
331
2B
1001
ACAD_PSEXT
1000
Generic 42BW-4SeriesPCL
1000
Generic 42BW-4SeriesPCL
1000
IP_10.0.10.23
1000

1070
     0
  0
LAYOUT
  5
1D
102
{ACAD_REACTORS
330
18
102
}
330
18
100
AcDbPlotSettings
  1

  2
None
  4

  6

 40
0.0
 41
0.0
 42
0.0
 43
0.0
 44
0.0
 45
0.0
 46
0.0
 47
0.0
 48
0.0
 49
0.0
140
0.0
141
0.0
142
1.0
143
1.0
 70
   688
 72
     0
 73
     0
 74
     5
  7
monochrome.ctb
 75
    16
 76
     0
 77
     2
 78
   300
147
1.0
148
0.0
149
0.0
100
AcDbLayout
  1
\M+5B2BC\M+5BED61
 70
     1
 71
     1
 10
0.0
 20
0.0
 11
12.0
 21
9.0
 12
0.0
 22
0.0
 32
0.0
 14
0.0
 24
0.0
 34
0.0
 15
0.0
 25
0.0
 35
0.0
146
0.0
 13
0.0
 23
0.0
 33
0.0
 16
1.0
 26
0.0
 36
0.0
 17
0.0
 27
1.0
 37
0.0
 76
     0
330
1A
  0
MATERIAL
  5
48
102
{ACAD_REACTORS
330
D
102
}
330
D
100
AcDbMaterial
  1
ByBlock
 72
     0
 73
     2
 43
0.0008202099737533
 43
0.0
 43
0.0
 43
0.0
 43
0.0
 43
0.0008202099737533
 43
0.0
 43
0.0
 43
0.0
 43
0.0
 43
1.0
 43
0.0
 43
0.0
 43
0.0
 43
0.0
 43
1.0
 77
     0
 78
     2
 47
0.0008202099737533
 47
0.0
 47
0.0
 47
0.0
 47
0.0
 47
0.0008202099737533
 47
0.0
 47
0.0
 47
0.0
 47
0.0
 47
1.0
 47
0.0
 47
0.0
 47
0.0
 47
0.0
 47
1.0
171
     0
172
     2
 49
0.0008202099737533
 49
0.0
 49
0.0
 49
0.0
 49
0.0
 49
0.0008202099737533
 49
0.0
 49
0.0
 49
0.0
 49
0.0
 49
1.0
 49
0.0
 49
0.0
 49
0.0
 49
0.0
 49
1.0
175
     0
176
     2
142
0.0008202099737533
142
0.0
142
0.0
142
0.0
142
0.0
142
0.0008202099737533
142
0.0
142
0.0
142
0.0
142
0.0
142
1.0
142
0.0
142
0.0
142
0.0
142
0.0
142
1.0
179
     0
270
     2
144
0.0008202099737533
144
0.0
144
0.0
144
0.0
144
0.0
144
0.0008202099737533
144
0.0
144
0.0
144
0.0
144
0.0
144
1.0
144
0.0
144
0.0
144
0.0
144
0.0
144
1.0
274
     2
147
0.0008202099737533
147
0.0
147
0.0
147
0.0
147
0.0
147
0.0008202099737533
147
0.0
147
0.0
147
0.0
147
0.0
147
1.0
147
0.0
147
0.0
147
0.0
147
0.0
147
1.0
 94
      127
  0
MATERIAL
  5
40
102
{ACAD_REACTORS
330
D
102
}
330
D
100
AcDbMaterial
  1
ByLayer
 72
     0
 73
     2
 43
0.0008202099737533
 43
0.0
 43
0.0
 43
0.0
 43
0.0
 43
0.0008202099737533
 43
0.0
 43
0.0
 43
0.0
 43
0.0
 43
1.0
 43
0.0
 43
0.0
 43
0.0
 43
0.0
 43
1.0
 77
     0
 78
     2
 47
0.0008202099737533
 47
0.0
 47
0.0
 47
0.0
 47
0.0
 47
0.0008202099737533
 47
0.0
 47
0.0
 47
0.0
 47
0.0
 47
1.0
 47
0.0
 47
0.0
 47
0.0
 47
0.0
 47
1.0
171
     0
172
     2
 49
0.0008202099737533
 49
0.0
 49
0.0
 49
0.0
 49
0.0
 49
0.0008202099737533
 49
0.0
 49
0.0
 49
0.0
 49
0.0
 49
1.0
 49
0.0
 49
0.0
 49
0.0
 49
0.0
 49
1.0
175
     0
176
     2
142
0.0008202099737533
142
0.0
142
0.0
142
0.0
142
0.0
142
0.0008202099737533
142
0.0
142
0.0
142
0.0
142
0.0
142
1.0
142
0.0
142
0.0
142
0.0
142
0.0
142
1.0
179
     0
270
     2
144
0.0008202099737533
144
0.0
144
0.0
144
0.0
144
0.0
144
0.0008202099737533
144
0.0
144
0.0
144
0.0
144
0.0
144
1.0
144
0.0
144
0.0
144
0.0
144
0.0
144
1.0
274
     2
147
0.0008202099737533
147
0.0
147
0.0
147
0.0
147
0.0
147
0.0008202099737533
147
0.0
147
0.0
147
0.0
147
0.0
147
1.0
147
0.0
147
0.0
147
0.0
147
0.0
147
1.0
 94
      127
  0
MATERIAL
  5
C
102
{ACAD_REACTORS
330
D
102
}
330
D
100
AcDbMaterial
  1
Global
 72
     0
 73
     2
 43
0.0008202099737533
 43
0.0
 43
0.0
 43
0.0
 43
0.0
 43
0.0008202099737533
 43
0.0
 43
0.0
 43
0.0
 43
0.0
 43
1.0
 43
0.0
 43
0.0
 43
0.0
 43
0.0
 43
1.0
 77
     0
 78
     2
 47
0.0008202099737533
 47
0.0
 47
0.0
 47
0.0
 47
0.0
 47
0.0008202099737533
 47
0.0
 47
0.0
 47
0.0
 47
0.0
 47
1.0
 47
0.0
 47
0.0
 47
0.0
 47
0.0
 47
1.0
171
     0
172
     2
 49
0.0008202099737533
 49
0.0
 49
0.0
 49
0.0
 49
0.0
 49
0.0008202099737533
 49
0.0
 49
0.0
 49
0.0
 49
0.0
 49
1.0
 49
0.0
 49
0.0
 49
0.0
 49
0.0
 49
1.0
175
     0
176
     2
142
0.0008202099737533
142
0.0
142
0.0
142
0.0
142
0.0
142
0.0008202099737533
142
0.0
142
0.0
142
0.0
142
0.0
142
1.0
142
0.0
142
0.0
142
0.0
142
0.0
142
1.0
179
     0
270
     2
144
0.0008202099737533
144
0.0
144
0.0
144
0.0
144
0.0
144
0.0008202099737533
144
0.0
144
0.0
144
0.0
144
0.0
144
1.0
144
0.0
144
0.0
144
0.0
144
0.0
144
1.0
274
     2
147
0.0008202099737533
147
0.0
147
0.0
147
0.0
147
0.0
147
0.0008202099737533
147
0.0
147
0.0
147
0.0
147
0.0
147
1.0
147
0.0
147
0.0
147
0.0
147
0.0
147
1.0
 94
      127
  0
MLEADERSTYLE
  5
A7D
102
{ACAD_REACTORS
330
A7C
102
}
330
A7C
100
AcDbMLeaderStyle
179
     2
170
     2
171
     1
172
     0
 90
        2
 40
0.0
 41
0.0
173
     1
 91
-1056964608
340
26
 92
       -2
290
     1
 42
2.0
291
     1
 43
8.0
  3
Standard
341
0
 44
4.0
300

342
23
174
     1
178
     6
175
     1
176
     0
 93
-1056964608
 45
4.0
292
     0
297
     0
 46
4.0
343
0
 94
-1056964608
 47
1.0
 49
1.0
140
1.0
293
     1
141
0.0
294
     1
177
     0
142
1.0
295
     0
296
     0
143
3.75
271
     0
272
     9
273
     9
298
     0
  0
MLINESTYLE
  5
52
102
{ACAD_REACTORS
330
3E
102
}
330
3E
100
AcDbMlineStyle
  2
STANDARD
 70
     0
  3

 62
   256
 51
90.0
 52
90.0
 71
     2
 49
0.5
 62
   256
  6
BYLAYER
 49
-0.5
 62
   256
  6
BYLAYER
  0
ACDBPLACEHOLDER
  5
9
102
{ACAD_REACTORS
330
A
102
}
330
A
  0
SCALE
  5
A61
102
{ACAD_REACTORS
330
A60
102
}
330
A60
100
AcDbScale
 70
     0
300
1:1
140
1.0
141
1.0
290
     1
  0
SCALE
  5
A62
102
{ACAD_REACTORS
330
A60
102
}
330
A60
100
AcDbScale
 70
     0
300
1:2
140
1.0
141
2.0
290
     0
  0
SCALE
  5
A63
102
{ACAD_REACTORS
330
A60
102
}
330
A60
100
AcDbScale
 70
     0
300
1:4
140
1.0
141
4.0
290
     0
  0
SCALE
  5
A64
102
{ACAD_REACTORS
330
A60
102
}
330
A60
100
AcDbScale
 70
     0
300
1:5
140
1.0
141
5.0
290
     0
  0
SCALE
  5
A65
102
{ACAD_REACTORS
330
A60
102
}
330
A60
100
AcDbScale
 70
     0
300
1:8
140
1.0
141
8.0
290
     0
  0
SCALE
  5
A66
102
{ACAD_REACTORS
330
A60
102
}
330
A60
100
AcDbScale
 70
     0
300
1:10
140
1.0
141
10.0
290
     0
  0
SCALE
  5
A67
102
{ACAD_REACTORS
330
A60
102
}
330
A60
100
AcDbScale
 70
     0
300
1:16
140
1.0
141
16.0
290
     0
  0
SCALE
  5
A68
102
{ACAD_REACTORS
330
A60
102
}
330
A60
100
AcDbScale
 70
     0
300
1:20
140
1.0
141
20.0
290
     0
  0
SCALE
  5
A69
102
{ACAD_REACTORS
330
A60
102
}
330
A60
100
AcDbScale
 70
     0
300
1:30
140
1.0
141
30.0
290
     0
  0
SCALE
  5
A6A
102
{ACAD_REACTORS
330
A60
102
}
330
A60
100
AcDbScale
 70
     0
300
1:40
140
1.0
141
40.0
290
     0
  0
SCALE
  5
A6B
102
{ACAD_REACTORS
330
A60
102
}
330
A60
100
AcDbScale
 70
     0
300
1:50
140
1.0
141
50.0
290
     0
  0
SCALE
  5
A6C
102
{ACAD_REACTORS
330
A60
102
}
330
A60
100
AcDbScale
 70
     0
300
1:100
140
1.0
141
100.0
290
     0
  0
SCALE
  5
A6D
102
{ACAD_REACTORS
330
A60
102
}
330
A60
100
AcDbScale
 70
     0
300
2:1
140
2.0
141
1.0
290
     0
  0
SCALE
  5
A6E
102
{ACAD_REACTORS
330
A60
102
}
330
A60
100
AcDbScale
 70
     0
300
4:1
140
4.0
141
1.0
290
     0
  0
SCALE
  5
A6F
102
{ACAD_REACTORS
330
A60
102
}
330
A60
100
AcDbScale
 70
     0
300
8:1
140
8.0
141
1.0
290
     0
  0
SCALE
  5
A70
102
{ACAD_REACTORS
330
A60
102
}
330
A60
100
AcDbScale
 70
     0
300
10:1
140
10.0
141
1.0
290
     0
  0
SCALE
  5
A71
102
{ACAD_REACTORS
330
A60
102
}
330
A60
100
AcDbScale
 70
     0
300
100:1
140
100.0
141
1.0
290
     0
  0
ACDBSECTIONVIEWSTYLE
  5
A81
102
{ACAD_REACTORS
330
A80
102
}
330
A80
100
AcDbModelDocViewStyle
 70
     0
  3
Metric50
290
     0
300
Metric50
 90
        0
100
AcDbSectionViewStyle
 70
     0
 71
     0
 90
      102
 71
     1
340
23
 62
   256
 40
5.0
340
0
340
0
 62
   256
 40
5.0
300
I, O, Q, S, X, Z
 40
10.0
 90
        0
 40
2.5
 90
        0
 71
     2
340
15
 90
       25
 62
   256
340
15
 90
       50
 62
   256
 40
5.0
 40
2.5
 40
5.0
 71
     3
340
23
 62
   256
 40
5.0
 90
        0
 40
15.0
 90
        1
300
%<\AcVar ViewSectionStartId>%-%<\AcVar ViewSectionEndId>% (%<\AcVar ViewScale \f "%sn">%)
 71
     4
 62
   256
 62
   257
300
ANSI31
 40
1.0
 90
        0
290
     0
290
     0
 90
        6
 40
0.0
 40
1.570796326794897
 40
0.2617993877991494
 40
1.308996938995747
 40
-0.2617993877991494
 40
1.832595714594046
  0
TABLESTYLE
  5
53
102
{ACAD_REACTORS
330
51
102
}
102
{ACAD_XDICTIONARY
360
54
102
}
330
51
100
AcDbTableStyle
  3
Standard
 70
     0
 71
     0
 40
1.5
 41
1.5
280
     0
281
     0
  7
Standard
140
4.5
170
     2
 62
     0
 63
   257
283
     0
 90
      512
 91
        0
  1

274
    -2
284
     1
 64
     0
275
    -2
285
     1
 65
     0
276
    -2
286
     1
 66
     0
277
    -2
287
     1
 67
     0
278
    -2
288
     1
 68
     0
279
    -2
289
     1
 69
     0
  7
Standard
140
6.0
170
     5
 62
     0
 63
   257
283
     0
 90
      512
 91
        0
  1

274
    -2
284
     1
 64
     0
275
    -2
285
     1
 65
     0
276
    -2
286
     1
 66
     0
277
    -2
287
     1
 67
     0
278
    -2
288
     1
 68
     0
279
    -2
289
     1
 69
     0
  7
Standard
140
4.5
170
     5
 62
     0
 63
   257
283
     0
 90
      512
 91
        0
  1

274
    -2
284
     1
 64
     0
275
    -2
285
     1
 65
     0
276
    -2
286
     1
 66
     0
277
    -2
287
     1
 67
     0
278
    -2
288
     1
 68
     0
279
    -2
289
     1
 69
     0
  0
VISUALSTYLE
  5
2C
102
{ACAD_REACTORS
330
2D
102
}
330
2D
100
AcDbVisualStyle
  2
2dWireframe
 70
     4
177
     3
291
     0
 70
    58
 90
        0
176
     1
 90
        2
176
     1
 90
        0
176
     1
 90
        0
176
     1
 40
-0.6
176
     1
 40
-30.0
176
     1
 62
     7
176
     1
 90
        1
176
     1
 90
        4
176
     1
 62
     7
176
     1
 62
   257
176
     1
 90
        1
176
     1
 90
        1
176
     1
 40
1.0
176
     1
 90
        0
176
     1
 62
   257
176
     1
 40
1.0
176
     1
 90
        1
176
     1
 90
        6
176
     1
 90
        2
176
     1
 62
     7
176
     1
 90
        5
176
     1
 90
        0
176
     1
 90
        0
176
     1
290
     0
176
     1
 90
        1
176
     1
 40
0.0
176
     1
 90
        0
176
     1
290
     1
176
     1
290
     1
176
     1
290
     0
176
     1
290
     0
176
     1
290
     0
176
     1
290
     0
176
     1
290
     0
176
     1
290
     0
176
     1
290
     0
176
     1
 90
       50
176
     1
 40
0.0
176
     1
 40
1.0
176
     1
 90
        0
176
     1
 62
    18
420
        0
176
     1
 90
       50
176
     1
 90
        3
176
     1
 62
     5
420
      255
176
     1
290
     0
176
     1
 90
       50
176
     1
 90
       50
176
     1
 90
       50
176
     1
290
     0
176
     1
 90
       50
176
     1
 62
   256
176
     0
 40
1.0
176
     0
 90
        2
176
     1
  1
strokes_ogs.tif
176
     1
290
     0
176
     1
 40
1.0
176
     1
 40
1.0
176
     1
  0
VISUALSTYLE
  5
A3F
102
{ACAD_REACTORS
330
2D
102
}
330
2D
100
AcDbVisualStyle
  2
3D Hidden
 70
     6
177
     3
291
     0
 70
    58
 90
        1
176
     1
 90
        2
176
     1
 90
        2
176
     1
 90
        0
176
     1
 40
-0.6
176
     1
 40
-30.0
176
     1
 62
     7
420
 16777215
176
     1
 90
        2
176
     1
 90
        2
176
     1
 62
     7
176
     1
 62
   257
176
     1
 90
        2
176
     1
 90
        1
176
     1
 40
40.0
176
     1
 90
        0
176
     1
 62
   257
176
     1
 40
1.0
176
     1
 90
        1
176
     1
 90
        6
176
     1
 90
        2
176
     1
 62
     7
176
     1
 90
        3
176
     1
 90
        0
176
     1
 90
        0
176
     1
290
     0
176
     1
 90
        1
176
     1
 40
0.0
176
     1
 90
        0
176
     1
290
     0
176
     1
290
     1
176
     1
290
     1
176
     1
290
     0
176
     1
290
     0
176
     1
290
     0
176
     1
290
     0
176
     1
290
     0
176
     1
290
     0
176
     1
 90
       50
176
     1
 40
0.0
176
     1
 40
1.0
176
     1
 90
        0
176
     1
 62
    18
420
        0
176
     1
 90
       50
176
     1
 90
        3
176
     1
 62
     5
420
      255
176
     1
290
     0
176
     1
 90
       50
176
     1
 90
       50
176
     1
 90
       50
176
     1
290
     0
176
     1
 90
       50
176
     1
 62
   256
176
     0
 40
1.0
176
     0
 90
        2
176
     1
  1
strokes_ogs.tif
176
     1
290
     0
176
     1
 40
1.0
176
     1
 40
1.0
176
     1
  0
VISUALSTYLE
  5
57
102
{ACAD_REACTORS
330
2D
102
}
330
2D
100
AcDbVisualStyle
  2
3dWireframe
 70
     5
177
     3
291
     0
 70
    58
 90
        0
176
     1
 90
        2
176
     1
 90
        0
176
     1
 90
        0
176
     1
 40
-0.6
176
     1
 40
-30.0
176
     1
 62
     7
176
     1
 90
        1
176
     1
 90
        4
176
     1
 62
     7
176
     1
 62
   257
176
     1
 90
        1
176
     1
 90
        1
176
     1
 40
1.0
176
     1
 90
        0
176
     1
 62
   257
176
     1
 40
1.0
176
     1
 90
        1
176
     1
 90
        6
176
     1
 90
        2
176
     1
 62
     7
176
     1
 90
        5
176
     1
 90
        0
176
     1
 90
        0
176
     1
290
     0
176
     1
 90
        1
176
     1
 40
0.0
176
     1
 90
        0
176
     1
290
     0
176
     1
290
     1
176
     1
290
     1
176
     1
290
     0
176
     1
290
     0
176
     1
290
     0
176
     1
290
     0
176
     1
290
     0
176
     1
290
     0
176
     1
 90
       50
176
     1
 40
0.0
176
     1
 40
1.0
176
     1
 90
        0
176
     1
 62
    18
420
        0
176
     1
 90
       50
176
     1
 90
        3
176
     1
 62
     5
420
      255
176
     1
290
     0
176
     1
 90
       50
176
     1
 90
       50
176
     1
 90
       50
176
     1
290
     0
176
     1
 90
       50
176
     1
 62
   256
176
     0
 40
1.0
176
     0
 90
        2
176
     1
  1
strokes_ogs.tif
176
     1
290
     0
176
     1
 40
1.0
176
     1
 40
1.0
176
     1
  0
VISUALSTYLE
  5
A3E
102
{ACAD_REACTORS
330
2D
102
}
330
2D
100
AcDbVisualStyle
  2
Basic
 70
     7
177
     3
291
     1
 70
    58
 90
        1
176
     1
 90
        0
176
     1
 90
        1
176
     1
 90
        0
176
     1
 40
-0.6
176
     1
 40
-30.0
176
     1
 62
     7
420
 16777215
176
     1
 90
        0
176
     1
 90
        4
176
     1
 62
     7
176
     1
 62
   257
176
     1
 90
        1
176
     1
 90
        1
176
     1
 40
1.0
176
     1
 90
        8
176
     1
 62
     7
176
     1
 40
1.0
176
     1
 90
        1
176
     1
 90
        6
176
     1
 90
        2
176
     1
 62
     7
176
     1
 90
        5
176
     1
 90
        0
176
     1
 90
        0
176
     1
290
     0
176
     1
 90
        1
176
     1
 40
0.0
176
     1
 90
        0
176
     1
290
     0
176
     1
290
     1
176
     1
290
     1
176
     1
290
     0
176
     1
290
     0
176
     1
290
     0
176
     1
290
     0
176
     1
290
     0
176
     1
290
     0
176
     1
 90
       50
176
     1
 40
0.0
176
     1
 40
1.0
176
     1
 90
        0
176
     1
 62
    18
420
        0
176
     1
 90
       50
176
     1
 90
        3
176
     1
 62
     5
420
      255
176
     1
290
     0
176
     1
 90
       50
176
     1
 90
       50
176
     1
 90
       50
176
     1
290
     0
176
     1
 90
       50
176
     1
 62
   256
176
     0
 40
1.0
176
     0
 90
        2
176
     1
  1
strokes_ogs.tif
176
     1
290
     0
176
     1
 40
1.0
176
     1
 40
1.0
176
     1
  0
VISUALSTYLE
  5
A42
102
{ACAD_REACTORS
330
2D
102
}
330
2D
100
AcDbVisualStyle
  2
Brighten
 70
    12
177
     3
291
     1
 70
    58
 90
        2
176
     1
 90
        2
176
     1
 90
        0
176
     1
 90
        0
176
     1
 40
-0.6
176
     1
 40
-30.0
176
     1
 62
     7
420
 16777215
176
     1
 90
        1
176
     1
 90
        4
176
     1
 62
     7
176
     1
 62
   257
176
     1
 90
        1
176
     1
 90
        1
176
     1
 40
1.0
176
     1
 90
        8
176
     1
 62
     7
176
     1
 40
1.0
176
     1
 90
        1
176
     1
 90
        6
176
     1
 90
        2
176
     1
 62
     7
176
     1
 90
        5
176
     1
 90
        0
176
     1
 90
        0
176
     1
290
     0
176
     1
 90
        1
176
     1
 40
50.0
176
     1
 90
        0
176
     1
290
     0
176
     1
290
     1
176
     1
290
     1
176
     1
290
     0
176
     1
290
     0
176
     1
290
     0
176
     1
290
     0
176
     1
290
     0
176
     1
290
     0
176
     1
 90
       50
176
     1
 40
0.0
176
     1
 40
1.0
176
     1
 90
        0
176
     1
 62
    18
420
        0
176
     1
 90
       50
176
     1
 90
        3
176
     1
 62
     5
420
      255
176
     1
290
     0
176
     1
 90
       50
176
     1
 90
       50
176
     1
 90
       50
176
     1
290
     0
176
     1
 90
       50
176
     1
 62
   256
176
     0
 40
1.0
176
     0
 90
        2
176
     1
  1
strokes_ogs.tif
176
     1
290
     0
176
     1
 40
1.0
176
     1
 40
1.0
176
     1
  0
VISUALSTYLE
  5
A46
102
{ACAD_REACTORS
330
2D
102
}
330
2D
100
AcDbVisualStyle
  2
ColorChange
 70
    16
177
     3
291
     1
 70
    58
 90
        2
176
     1
 90
        2
176
     1
 90
        3
176
     1
 90
        0
176
     1
 40
-0.6
176
     1
 40
-30.0
176
     1
 62
     8
420
  8421504
176
     1
 90
        1
176
     1
 90
        4
176
     1
 62
     7
176
     1
 62
   257
176
     1
 90
        1
176
     1
 90
        1
176
     1
 40
1.0
176
     1
 90
        8
176
     1
 62
     8
420
  8421504
176
     1
 40
1.0
176
     1
 90
        1
176
     1
 90
        6
176
     1
 90
        2
176
     1
 62
     7
176
     1
 90
        5
176
     1
 90
        0
176
     1
 90
        0
176
     1
290
     0
176
     1
 90
        1
176
     1
 40
0.0
176
     1
 90
        0
176
     1
290
     0
176
     1
290
     1
176
     1
290
     1
176
     1
290
     0
176
     1
290
     0
176
     1
290
     0
176
     1
290
     0
176
     1
290
     0
176
     1
290
     0
176
     1
 90
       50
176
     1
 40
0.0
176
     1
 40
1.0
176
     1
 90
        0
176
     1
 62
    18
420
        0
176
     1
 90
       50
176
     1
 90
        3
176
     1
 62
     5
420
      255
176
     1
290
     0
176
     1
 90
       50
176
     1
 90
       50
176
     1
 90
       50
176
     1
290
     0
176
     1
 90
       50
176
     1
 62
   256
176
     0
 40
1.0
176
     0
 90
        2
176
     1
  1
strokes_ogs.tif
176
     1
290
     0
176
     1
 40
1.0
176
     1
 40
1.0
176
     1
  0
VISUALSTYLE
  5
A40
102
{ACAD_REACTORS
330
2D
102
}
330
2D
100
AcDbVisualStyle
  2
Conceptual
 70
     9
177
     3
291
     0
 70
    58
 90
        3
176
     1
 90
        2
176
     1
 90
        0
176
     1
 90
        0
176
     1
 40
-0.6
176
     1
 40
-30.0
176
     1
 62
     7
420
 16777215
176
     1
 90
        2
176
     1
 90
        2
176
     1
 62
     7
176
     1
 62
   257
176
     1
 90
        1
176
     1
 90
        1
176
     1
 40
40.0
176
     1
 90
        8
176
     1
 62
     7
176
     1
 40
1.0
176
     1
 90
        1
176
     1
 90
        6
176
     1
 90
        2
176
     1
 62
     7
176
     1
 90
        3
176
     1
 90
        0
176
     1
 90
        0
176
     1
290
     0
176
     1
 90
        1
176
     1
 40
0.0
176
     1
 90
        0
176
     1
290
     0
176
     1
290
     1
176
     1
290
     1
176
     1
290
     0
176
     1
290
     0
176
     1
290
     0
176
     1
290
     0
176
     1
290
     0
176
     1
290
     0
176
     1
 90
       50
176
     1
 40
0.0
176
     1
 40
1.0
176
     1
 90
        0
176
     1
 62
    18
420
        0
176
     1
 90
       50
176
     1
 90
        3
176
     1
 62
     5
420
      255
176
     1
290
     0
176
     1
 90
       50
176
     1
 90
       50
176
     1
 90
       50
176
     1
290
     0
176
     1
 90
       50
176
     1
 62
   256
176
     0
 40
1.0
176
     0
 90
        2
176
     1
  1
strokes_ogs.tif
176
     1
290
     0
176
     1
 40
1.0
176
     1
 40
1.0
176
     1
  0
VISUALSTYLE
  5
A41
102
{ACAD_REACTORS
330
2D
102
}
330
2D
100
AcDbVisualStyle
  2
Dim
 70
    11
177
     3
291
     1
 70
    58
 90
        2
176
     1
 90
        2
176
     1
 90
        0
176
     1
 90
        0
176
     1
 40
-0.6
176
     1
 40
-30.0
176
     1
 62
     7
420
 16777215
176
     1
 90
        1
176
     1
 90
        4
176
     1
 62
     7
176
     1
 62
   257
176
     1
 90
        1
176
     1
 90
        1
176
     1
 40
1.0
176
     1
 90
        8
176
     1
 62
     7
176
     1
 40
1.0
176
     1
 90
        1
176
     1
 90
        6
176
     1
 90
        2
176
     1
 62
     7
176
     1
 90
        5
176
     1
 90
        0
176
     1
 90
        0
176
     1
290
     0
176
     1
 90
        1
176
     1
 40
-50.0
176
     1
 90
        0
176
     1
290
     0
176
     1
290
     1
176
     1
290
     1
176
     1
290
     0
176
     1
290
     0
176
     1
290
     0
176
     1
290
     0
176
     1
290
     0
176
     1
290
     0
176
     1
 90
       50
176
     1
 40
0.0
176
     1
 40
1.0
176
     1
 90
        0
176
     1
 62
    18
420
        0
176
     1
 90
       50
176
     1
 90
        3
176
     1
 62
     5
420
      255
176
     1
290
     0
176
     1
 90
       50
176
     1
 90
       50
176
     1
 90
       50
176
     1
290
     0
176
     1
 90
       50
176
     1
 62
   256
176
     0
 40
1.0
176
     0
 90
        2
176
     1
  1
strokes_ogs.tif
176
     1
290
     0
176
     1
 40
1.0
176
     1
 40
1.0
176
     1
  0
VISUALSTYLE
  5
A76
102
{ACAD_REACTORS
330
2D
102
}
330
2D
100
AcDbVisualStyle
  2
EdgeColorOff
 70
    22
177
     3
291
     1
 70
    58
 90
        2
176
     0
 90
        2
176
     0
 90
        0
176
     0
 90
        0
176
     0
 40
0.6
176
     0
 40
30.0
176
     0
 62
     7
420
 16777215
176
     0
 90
        1
176
     0
 90
        4
176
     0
 62
     7
176
     0
 62
   257
176
     0
 90
        1
176
     0
 90
        1
176
     0
 40
1.0
176
     0
 90
        8
176
     2
 62
     7
176
     0
 40
1.0
176
     0
 90
        1
176
     0
 90
        6
176
     0
 90
        2
176
     0
 62
     7
176
     0
 90
        5
176
     0
 90
        0
176
     0
 90
        0
176
     0
290
     0
176
     0
 90
        1
176
     0
 40
0.0
176
     0
 90
        0
176
     0
290
     0
176
     0
290
     1
176
     0
290
     1
176
     0
290
     0
176
     0
290
     0
176
     0
290
     0
176
     0
290
     0
176
     0
290
     0
176
     0
290
     0
176
     0
 90
       50
176
     0
 40
0.0
176
     0
 40
1.0
176
     0
 90
        0
176
     0
 62
    18
420
        0
176
     0
 90
       50
176
     0
 90
        3
176
     0
 62
     5
420
      255
176
     0
290
     0
176
     0
 90
       50
176
     0
 90
       50
176
     0
 90
       50
176
     0
290
     0
176
     0
 90
       50
176
     0
 62
   256
176
     0
 40
1.0
176
     0
 90
        2
176
     0
  1
strokes_ogs.tif
176
     0
290
     0
176
     0
 40
1.0
176
     0
 40
1.0
176
     0
  0
VISUALSTYLE
  5
A45
102
{ACAD_REACTORS
330
2D
102
}
330
2D
100
AcDbVisualStyle
  2
Facepattern
 70
    15
177
     3
291
     1
 70
    58
 90
        2
176
     1
 90
        2
176
     1
 90
        0
176
     1
 90
        0
176
     1
 40
-0.6
176
     1
 40
-30.0
176
     1
 62
     7
420
 16777215
176
     1
 90
        1
176
     1
 90
        4
176
     1
 62
     7
176
     1
 62
   257
176
     1
 90
        1
176
     1
 90
        1
176
     1
 40
1.0
176
     1
 90
        8
176
     1
 62
     7
176
     1
 40
1.0
176
     1
 90
        1
176
     1
 90
        6
176
     1
 90
        2
176
     1
 62
     7
176
     1
 90
        5
176
     1
 90
        0
176
     1
 90
        0
176
     1
290
     0
176
     1
 90
        1
176
     1
 40
0.0
176
     1
 90
        0
176
     1
290
     0
176
     1
290
     1
176
     1
290
     1
176
     1
290
     0
176
     1
290
     0
176
     1
290
     0
176
     1
290
     0
176
     1
290
     0
176
     1
290
     0
176
     1
 90
       50
176
     1
 40
0.0
176
     1
 40
1.0
176
     1
 90
        0
176
     1
 62
    18
420
        0
176
     1
 90
       50
176
     1
 90
        3
176
     1
 62
     5
420
      255
176
     1
290
     0
176
     1
 90
       50
176
     1
 90
       50
176
     1
 90
       50
176
     1
290
     0
176
     1
 90
       50
176
     1
 62
   256
176
     0
 40
1.0
176
     0
 90
        2
176
     1
  1
strokes_ogs.tif
176
     1
290
     0
176
     1
 40
1.0
176
     1
 40
1.0
176
     1
  0
VISUALSTYLE
  5
A3A
102
{ACAD_REACTORS
330
2D
102
}
330
2D
100
AcDbVisualStyle
  2
Flat
 70
     0
177
     3
291
     1
 70
    58
 90
        2
176
     1
 90
        1
176
     1
 90
        1
176
     1
 90
        2
176
     1
 40
-0.6
176
     1
 40
30.0
176
     1
 62
     7
420
 16777215
176
     1
 90
        0
176
     1
 90
        4
176
     1
 62
     7
176
     1
 62
   257
176
     1
 90
        1
176
     1
 90
        1
176
     1
 40
1.0
176
     1
 90
        8
176
     1
 62
     7
176
     1
 40
1.0
176
     1
 90
        1
176
     1
 90
        6
176
     1
 90
        2
176
     1
 62
     7
176
     1
 90
        5
176
     1
 90
        0
176
     1
 90
        0
176
     1
290
     0
176
     1
 90
       13
176
     1
 40
0.0
176
     1
 90
        0
176
     1
290
     0
176
     1
290
     1
176
     1
290
     1
176
     1
290
     0
176
     1
290
     0
176
     1
290
     0
176
     1
290
     0
176
     1
290
     0
176
     1
290
     0
176
     1
 90
       50
176
     1
 40
0.0
176
     1
 40
1.0
176
     1
 90
        0
176
     1
 62
    18
420
        0
176
     1
 90
       50
176
     1
 90
        3
176
     1
 62
     5
420
      255
176
     1
290
     0
176
     1
 90
       50
176
     1
 90
       50
176
     1
 90
       50
176
     1
290
     0
176
     1
 90
       50
176
     1
 62
   256
176
     0
 40
1.0
176
     0
 90
        2
176
     1
  1
strokes_ogs.tif
176
     1
290
     0
176
     1
 40
1.0
176
     1
 40
1.0
176
     1
  0
VISUALSTYLE
  5
A3B
102
{ACAD_REACTORS
330
2D
102
}
330
2D
100
AcDbVisualStyle
  2
FlatWithEdges
 70
     1
177
     3
291
     1
 70
    58
 90
        2
176
     1
 90
        1
176
     1
 90
        1
176
     1
 90
        2
176
     1
 40
-0.6
176
     1
 40
30.0
176
     1
 62
     7
420
 16777215
176
     1
 90
        1
176
     1
 90
        4
176
     1
 62
     7
176
     1
 62
   257
176
     1
 90
        1
176
     1
 90
        1
176
     1
 40
1.0
176
     1
 90
        0
176
     1
 62
   257
176
     1
 40
1.0
176
     1
 90
        1
176
     1
 90
        6
176
     1
 90
        2
176
     1
 62
     7
176
     1
 90
        5
176
     1
 90
        0
176
     1
 90
        0
176
     1
290
     0
176
     1
 90
       13
176
     1
 40
0.0
176
     1
 90
        0
176
     1
290
     0
176
     1
290
     1
176
     1
290
     1
176
     1
290
     0
176
     1
290
     0
176
     1
290
     0
176
     1
290
     0
176
     1
290
     0
176
     1
290
     0
176
     1
 90
       50
176
     1
 40
0.0
176
     1
 40
1.0
176
     1
 90
        0
176
     1
 62
    18
420
        0
176
     1
 90
       50
176
     1
 90
        3
176
     1
 62
     5
420
      255
176
     1
290
     0
176
     1
 90
       50
176
     1
 90
       50
176
     1
 90
       50
176
     1
290
     0
176
     1
 90
       50
176
     1
 62
   256
176
     0
 40
1.0
176
     0
 90
        2
176
     1
  1
strokes_ogs.tif
176
     1
290
     0
176
     1
 40
1.0
176
     1
 40
1.0
176
     1
  0
VISUALSTYLE
  5
A3C
102
{ACAD_REACTORS
330
2D
102
}
330
2D
100
AcDbVisualStyle
  2
Gouraud
 70
     2
177
     3
291
     1
 70
    58
 90
        2
176
     1
 90
        2
176
     1
 90
        1
176
     1
 90
        2
176
     1
 40
-0.6
176
     1
 40
30.0
176
     1
 62
     7
420
 16777215
176
     1
 90
        0
176
     1
 90
        4
176
     1
 62
     7
176
     1
 62
   257
176
     1
 90
        1
176
     1
 90
        1
176
     1
 40
1.0
176
     1
 90
        0
176
     1
 62
     7
176
     1
 40
1.0
176
     1
 90
        1
176
     1
 90
        6
176
     1
 90
        2
176
     1
 62
     7
176
     1
 90
        5
176
     1
 90
        0
176
     1
 90
        0
176
     1
290
     0
176
     1
 90
       13
176
     1
 40
0.0
176
     1
 90
        0
176
     1
290
     0
176
     1
290
     1
176
     1
290
     1
176
     1
290
     0
176
     1
290
     0
176
     1
290
     0
176
     1
290
     0
176
     1
290
     0
176
     1
290
     0
176
     1
 90
       50
176
     1
 40
0.0
176
     1
 40
1.0
176
     1
 90
        0
176
     1
 62
    18
420
        0
176
     1
 90
       50
176
     1
 90
        3
176
     1
 62
     5
420
      255
176
     1
290
     0
176
     1
 90
       50
176
     1
 90
       50
176
     1
 90
       50
176
     1
290
     0
176
     1
 90
       50
176
     1
 62
   256
176
     0
 40
1.0
176
     0
 90
        2
176
     1
  1
strokes_ogs.tif
176
     1
290
     0
176
     1
 40
1.0
176
     1
 40
1.0
176
     1
  0
VISUALSTYLE
  5
A3D
102
{ACAD_REACTORS
330
2D
102
}
330
2D
100
AcDbVisualStyle
  2
GouraudWithEdges
 70
     3
177
     3
291
     1
 70
    58
 90
        2
176
     1
 90
        2
176
     1
 90
        1
176
     1
 90
        2
176
     1
 40
-0.6
176
     1
 40
30.0
176
     1
 62
     7
420
 16777215
176
     1
 90
        1
176
     1
 90
        4
176
     1
 62
     7
176
     1
 62
   257
176
     1
 90
        1
176
     1
 90
        1
176
     1
 40
1.0
176
     1
 90
        0
176
     1
 62
   257
176
     1
 40
1.0
176
     1
 90
        1
176
     1
 90
        6
176
     1
 90
        2
176
     1
 62
     7
176
     1
 90
        5
176
     1
 90
        0
176
     1
 90
        0
176
     1
290
     0
176
     1
 90
       13
176
     1
 40
0.0
176
     1
 90
        0
176
     1
290
     0
176
     1
290
     1
176
     1
290
     1
176
     1
290
     0
176
     1
290
     0
176
     1
290
     0
176
     1
290
     0
176
     1
290
     0
176
     1
290
     0
176
     1
 90
       50
176
     1
 40
0.0
176
     1
 40
1.0
176
     1
 90
        0
176
     1
 62
    18
420
        0
176
     1
 90
       50
176
     1
 90
        3
176
     1
 62
     5
420
      255
176
     1
290
     0
176
     1
 90
       50
176
     1
 90
       50
176
     1
 90
       50
176
     1
290
     0
176
     1
 90
       50
176
     1
 62
   256
176
     0
 40
1.0
176
     0
 90
        2
176
     1
  1
strokes_ogs.tif
176
     1
290
     0
176
     1
 40
1.0
176
     1
 40
1.0
176
     1
  0
VISUALSTYLE
  5
A73
102
{ACAD_REACTORS
330
2D
102
}
330
2D
100
AcDbVisualStyle
  2
Hidden
 70
     6
177
     3
291
     0
 70
    58
 90
        1
176
     1
 90
        2
176
     1
 90
        2
176
     1
 90
        0
176
     1
 40
0.6
176
     1
 40
30.0
176
     1
 62
     7
420
 16777215
176
     1
 90
        2
176
     1
 90
        2
176
     1
 62
     7
176
     1
 62
   257
176
     1
 90
        2
176
     1
 90
        1
176
     1
 40
40.0
176
     1
 90
        0
176
     1
 62
   257
176
     1
 40
1.0
176
     1
 90
        1
176
     1
 90
        6
176
     1
 90
        2
176
     1
 62
     7
176
     1
 90
        3
176
     1
 90
        0
176
     1
 90
        0
176
     1
290
     0
176
     1
 90
        1
176
     1
 40
0.0
176
     1
 90
        0
176
     1
290
     0
176
     1
290
     1
176
     1
290
     1
176
     1
290
     0
176
     1
290
     0
176
     1
290
     0
176
     1
290
     0
176
     1
290
     0
176
     1
290
     0
176
     1
 90
       50
176
     1
 40
0.0
176
     1
 40
1.0
176
     1
 90
        0
176
     1
 62
    18
420
        0
176
     1
 90
       50
176
     1
 90
        3
176
     1
 62
     5
420
      255
176
     1
290
     0
176
     1
 90
       50
176
     1
 90
       50
176
     1
 90
       50
176
     1
290
     0
176
     1
 90
       50
176
     1
 62
   256
176
     0
 40
1.0
176
     0
 90
        2
176
     1
  1
strokes_ogs.tif
176
     1
290
     0
176
     1
 40
1.0
176
     1
 40
1.0
176
     1
  0
VISUALSTYLE
  5
A74
102
{ACAD_REACTORS
330
2D
102
}
330
2D
100
AcDbVisualStyle
  2
JitterOff
 70
    20
177
     3
291
     1
 70
    58
 90
        2
176
     0
 90
        2
176
     0
 90
        0
176
     0
 90
        0
176
     0
 40
0.6
176
     0
 40
30.0
176
     0
 62
     7
420
 16777215
176
     0
 90
        1
176
     0
 90
        4
176
     0
 62
     7
176
     0
 62
   257
176
     0
 90
        1
176
     0
 90
        1
176
     0
 40
1.0
176
     0
 90
       10
176
     2
 62
     7
176
     0
 40
1.0
176
     0
 90
        1
176
     0
 90
        6
176
     0
 90
        2
176
     0
 62
     7
176
     0
 90
        5
176
     0
 90
        0
176
     0
 90
        0
176
     0
290
     0
176
     0
 90
        1
176
     0
 40
0.0
176
     0
 90
        0
176
     0
290
     0
176
     0
290
     1
176
     0
290
     1
176
     0
290
     0
176
     0
290
     0
176
     0
290
     0
176
     0
290
     0
176
     0
290
     0
176
     0
290
     0
176
     0
 90
       50
176
     0
 40
0.0
176
     0
 40
1.0
176
     0
 90
        0
176
     0
 62
    18
420
        0
176
     0
 90
       50
176
     0
 90
        3
176
     0
 62
     5
420
      255
176
     0
290
     0
176
     0
 90
       50
176
     0
 90
       50
176
     0
 90
       50
176
     0
290
     0
176
     0
 90
       50
176
     0
 62
   256
176
     0
 40
1.0
176
     0
 90
        2
176
     0
  1
strokes_ogs.tif
176
     0
290
     0
176
     0
 40
1.0
176
     0
 40
1.0
176
     0
  0
VISUALSTYLE
  5
A44
102
{ACAD_REACTORS
330
2D
102
}
330
2D
100
AcDbVisualStyle
  2
Linepattern
 70
    14
177
     3
291
     1
 70
    58
 90
        2
176
     1
 90
        2
176
     1
 90
        0
176
     1
 90
        0
176
     1
 40
-0.6
176
     1
 40
-30.0
176
     1
 62
     7
420
 16777215
176
     1
 90
        1
176
     1
 90
        4
176
     1
 62
     7
176
     1
 62
   257
176
     1
 90
        7
176
     1
 90
        7
176
     1
 40
1.0
176
     1
 90
        8
176
     1
 62
     7
176
     1
 40
1.0
176
     1
 90
        1
176
     1
 90
        6
176
     1
 90
        2
176
     1
 62
     7
176
     1
 90
        5
176
     1
 90
        0
176
     1
 90
        0
176
     1
290
     0
176
     1
 90
        1
176
     1
 40
0.0
176
     1
 90
        0
176
     1
290
     0
176
     1
290
     1
176
     1
290
     1
176
     1
290
     0
176
     1
290
     0
176
     1
290
     0
176
     1
290
     0
176
     1
290
     0
176
     1
290
     0
176
     1
 90
       50
176
     1
 40
0.0
176
     1
 40
1.0
176
     1
 90
        0
176
     1
 62
    18
420
        0
176
     1
 90
       50
176
     1
 90
        3
176
     1
 62
     5
420
      255
176
     1
290
     0
176
     1
 90
       50
176
     1
 90
       50
176
     1
 90
       50
176
     1
290
     0
176
     1
 90
       50
176
     1
 62
   256
176
     0
 40
1.0
176
     0
 90
        2
176
     1
  1
strokes_ogs.tif
176
     1
290
     0
176
     1
 40
1.0
176
     1
 40
1.0
176
     1
  0
VISUALSTYLE
  5
A75
102
{ACAD_REACTORS
330
2D
102
}
330
2D
100
AcDbVisualStyle
  2
OverhangOff
 70
    21
177
     3
291
     1
 70
    58
 90
        2
176
     0
 90
        2
176
     0
 90
        0
176
     0
 90
        0
176
     0
 40
0.6
176
     0
 40
30.0
176
     0
 62
     7
420
 16777215
176
     0
 90
        1
176
     0
 90
        4
176
     0
 62
     7
176
     0
 62
   257
176
     0
 90
        1
176
     0
 90
        1
176
     0
 40
1.0
176
     0
 90
        9
176
     2
 62
     7
176
     0
 40
1.0
176
     0
 90
        1
176
     0
 90
        6
176
     0
 90
        2
176
     0
 62
     7
176
     0
 90
        5
176
     0
 90
        0
176
     0
 90
        0
176
     0
290
     0
176
     0
 90
        1
176
     0
 40
0.0
176
     0
 90
        0
176
     0
290
     0
176
     0
290
     1
176
     0
290
     1
176
     0
290
     0
176
     0
290
     0
176
     0
290
     0
176
     0
290
     0
176
     0
290
     0
176
     0
290
     0
176
     0
 90
       50
176
     0
 40
0.0
176
     0
 40
1.0
176
     0
 90
        0
176
     0
 62
    18
420
        0
176
     0
 90
       50
176
     0
 90
        3
176
     0
 62
     5
420
      255
176
     0
290
     0
176
     0
 90
       50
176
     0
 90
       50
176
     0
 90
       50
176
     0
290
     0
176
     0
 90
       50
176
     0
 62
   256
176
     0
 40
1.0
176
     0
 90
        2
176
     0
  1
strokes_ogs.tif
176
     0
290
     0
176
     0
 40
1.0
176
     0
 40
1.0
176
     0
  0
VISUALSTYLE
  5
56
102
{ACAD_REACTORS
330
2D
102
}
330
2D
100
AcDbVisualStyle
  2
Realistic
 70
     8
177
     3
291
     0
 70
    58
 90
        2
176
     1
 90
        2
176
     1
 90
        0
176
     1
 90
        0
176
     1
 40
-0.6
176
     1
 40
-30.0
176
     1
 62
     7
176
     1
 90
        1
176
     1
 90
        0
176
     1
 62
     7
176
     1
 62
   257
176
     1
 90
        1
176
     1
 90
        1
176
     1
 40
1.0
176
     1
 90
        8
176
     1
 62
     8
176
     1
 40
1.0
176
     1
 90
        1
176
     1
 90
        6
176
     1
 90
        2
176
     1
 62
     7
176
     1
 90
        5
176
     1
 90
        0
176
     1
 90
        0
176
     1
290
     0
176
     1
 90
       13
176
     1
 40
0.0
176
     1
 90
        0
176
     1
290
     0
176
     1
290
     1
176
     1
290
     1
176
     1
290
     0
176
     1
290
     0
176
     1
290
     0
176
     1
290
     0
176
     1
290
     0
176
     1
290
     0
176
     1
 90
       50
176
     1
 40
0.0
176
     1
 40
1.0
176
     1
 90
        0
176
     1
 62
    18
420
        0
176
     1
 90
       50
176
     1
 90
        3
176
     1
 62
     5
420
      255
176
     1
290
     0
176
     1
 90
       50
176
     1
 90
       50
176
     1
 90
       50
176
     1
290
     0
176
     1
 90
       50
176
     1
 62
   256
176
     0
 40
1.0
176
     0
 90
        2
176
     1
  1
strokes_ogs.tif
176
     1
290
     0
176
     1
 40
1.0
176
     1
 40
1.0
176
     1
  0
VISUALSTYLE
  5
A7B
102
{ACAD_REACTORS
330
2D
102
}
330
2D
100
AcDbVisualStyle
  2
Shaded
 70
    27
177
     3
291
     0
 70
    58
 90
        2
176
     1
 90
        2
176
     1
 90
        1
176
     1
 90
        2
176
     1
 40
0.6
176
     1
 40
30.0
176
     1
 62
     7
420
 16777215
176
     1
 90
        0
176
     1
 90
        4
176
     1
 62
     7
176
     1
 62
   257
176
     1
 90
        1
176
     1
 90
        1
176
     1
 40
1.0
176
     1
 90
        8
176
     1
 62
   257
176
     1
 40
1.0
176
     1
 90
        1
176
     1
 90
        6
176
     1
 90
        2
176
     1
 62
     8
420
  7895160
176
     1
 90
        3
176
     1
 90
        0
176
     1
 90
        0
176
     1
290
     0
176
     1
 90
        5
176
     1
 40
0.0
176
     1
 90
        0
176
     1
290
     0
176
     1
290
     1
176
     1
290
     1
176
     1
290
     0
176
     1
290
     0
176
     1
290
     0
176
     1
290
     0
176
     1
290
     0
176
     1
290
     0
176
     1
 90
       50
176
     1
 40
0.0
176
     1
 40
1.0
176
     1
 90
        0
176
     1
 62
    18
420
        0
176
     1
 90
       50
176
     1
 90
        3
176
     1
 62
     5
420
      255
176
     1
290
     0
176
     1
 90
       50
176
     1
 90
       50
176
     1
 90
       50
176
     1
290
     0
176
     1
 90
       50
176
     1
 62
   256
176
     0
 40
1.0
176
     0
 90
        2
176
     1
  1
strokes_ogs.tif
176
     1
290
     0
176
     1
 40
1.0
176
     1
 40
1.0
176
     1
  0
VISUALSTYLE
  5
A7A
102
{ACAD_REACTORS
330
2D
102
}
330
2D
100
AcDbVisualStyle
  2
Shaded with edges
 70
    26
177
     3
291
     0
 70
    58
 90
        2
176
     1
 90
        2
176
     1
 90
        1
176
     1
 90
        2
176
     1
 40
0.6
176
     1
 40
30.0
176
     1
 62
     7
420
 16777215
176
     1
 90
        1
176
     1
 90
       10
176
     1
 62
     7
176
     1
 62
   257
176
     1
 90
        2
176
     1
 90
        1
176
     1
 40
1.0
176
     1
 90
        8
176
     1
 62
   257
176
     1
 40
1.0
176
     1
 90
        1
176
     1
 90
        6
176
     1
 90
        2
176
     1
 62
     7
176
     1
 90
        3
176
     1
 90
        0
176
     1
 90
        0
176
     1
290
     0
176
     1
 90
        5
176
     1
 40
0.0
176
     1
 90
        0
176
     1
290
     0
176
     1
290
     1
176
     1
290
     1
176
     1
290
     0
176
     1
290
     0
176
     1
290
     0
176
     1
290
     0
176
     1
290
     0
176
     1
290
     0
176
     1
 90
       50
176
     1
 40
0.0
176
     1
 40
1.0
176
     1
 90
        0
176
     1
 62
    18
420
        0
176
     1
 90
       50
176
     1
 90
        3
176
     1
 62
     5
420
      255
176
     1
290
     0
176
     1
 90
       50
176
     1
 90
       50
176
     1
 90
       50
176
     1
290
     0
176
     1
 90
       50
176
     1
 62
   256
176
     0
 40
1.0
176
     0
 90
        2
176
     1
  1
strokes_ogs.tif
176
     1
290
     0
176
     1
 40
1.0
176
     1
 40
1.0
176
     1
  0
VISUALSTYLE
  5
A77
102
{ACAD_REACTORS
330
2D
102
}
330
2D
100
AcDbVisualStyle
  2
Shades of Gray
 70
    23
177
     3
291
     0
 70
    58
 90
        2
176
     1
 90
        2
176
     1
 90
        3
176
     1
 90
        0
176
     1
 40
0.6
176
     1
 40
30.0
176
     1
 62
     7
420
 16777215
176
     1
 90
        2
176
     1
 90
        2
176
     1
 62
     7
176
     1
 62
     7
176
     1
 90
        1
176
     1
 90
        1
176
     1
 40
40.0
176
     1
 90
        8
176
     1
 62
     7
176
     1
 40
1.0
176
     1
 90
        1
176
     1
 90
        6
176
     1
 90
        2
176
     1
 62
     7
176
     1
 90
        3
176
     1
 90
        0
176
     1
 90
        0
176
     1
290
     0
176
     1
 90
        1
176
     1
 40
0.0
176
     1
 90
        0
176
     1
290
     0
176
     1
290
     1
176
     1
290
     1
176
     1
290
     0
176
     1
290
     0
176
     1
290
     0
176
     1
290
     0
176
     1
290
     0
176
     1
290
     0
176
     1
 90
       50
176
     1
 40
0.0
176
     1
 40
1.0
176
     1
 90
        0
176
     1
 62
    18
420
        0
176
     1
 90
       50
176
     1
 90
        3
176
     1
 62
     5
420
      255
176
     1
290
     0
176
     1
 90
       50
176
     1
 90
       50
176
     1
 90
       50
176
     1
290
     0
176
     1
 90
       50
176
     1
 62
   256
176
     0
 40
1.0
176
     0
 90
        2
176
     1
  1
strokes_ogs.tif
176
     1
290
     0
176
     1
 40
1.0
176
     1
 40
1.0
176
     1
  0
VISUALSTYLE
  5
A78
102
{ACAD_REACTORS
330
2D
102
}
330
2D
100
AcDbVisualStyle
  2
Sketchy
 70
    24
177
     3
291
     0
 70
    58
 90
        1
176
     1
 90
        2
176
     1
 90
        2
176
     1
 90
        0
176
     1
 40
0.6
176
     1
 40
30.0
176
     1
 62
     7
420
 16777215
176
     1
 90
        2
176
     1
 90
        2
176
     1
 62
     7
176
     1
 62
     7
176
     1
 90
        1
176
     1
 90
        1
176
     1
 40
40.0
176
     1
 90
       11
176
     1
 62
     7
176
     1
 40
1.0
176
     1
 90
        1
176
     1
 90
        6
176
     1
 90
        2
176
     1
 62
     7
176
     1
 90
        6
176
     1
 90
        0
176
     1
 90
        0
176
     1
290
     0
176
     1
 90
        1
176
     1
 40
0.0
176
     1
 90
        0
176
     1
290
     0
176
     1
290
     1
176
     1
290
     1
176
     1
290
     0
176
     1
290
     0
176
     1
290
     0
176
     1
290
     0
176
     1
290
     0
176
     1
290
     0
176
     1
 90
       50
176
     1
 40
0.0
176
     1
 40
1.0
176
     1
 90
        0
176
     1
 62
    18
420
        0
176
     1
 90
       50
176
     1
 90
        3
176
     1
 62
     5
420
      255
176
     1
290
     0
176
     1
 90
       50
176
     1
 90
       50
176
     1
 90
       50
176
     1
290
     0
176
     1
 90
       50
176
     1
 62
   256
176
     0
 40
1.0
176
     0
 90
        2
176
     1
  1
strokes_ogs.tif
176
     1
290
     0
176
     1
 40
1.0
176
     1
 40
1.0
176
     1
  0
VISUALSTYLE
  5
A43
102
{ACAD_REACTORS
330
2D
102
}
330
2D
100
AcDbVisualStyle
  2
Thicken
 70
    13
177
     3
291
     1
 70
    58
 90
        2
176
     1
 90
        2
176
     1
 90
        0
176
     1
 90
        0
176
     1
 40
-0.6
176
     1
 40
-30.0
176
     1
 62
     7
420
 16777215
176
     1
 90
        1
176
     1
 90
        4
176
     1
 62
     7
176
     1
 62
   257
176
     1
 90
        1
176
     1
 90
        1
176
     1
 40
1.0
176
     1
 90
       12
176
     1
 62
     7
176
     1
 40
1.0
176
     1
 90
        1
176
     1
 90
        6
176
     1
 90
        2
176
     1
 62
     7
176
     1
 90
        5
176
     1
 90
        0
176
     1
 90
        0
176
     1
290
     0
176
     1
 90
        1
176
     1
 40
0.0
176
     1
 90
        0
176
     1
290
     0
176
     1
290
     1
176
     1
290
     1
176
     1
290
     0
176
     1
290
     0
176
     1
290
     0
176
     1
290
     0
176
     1
290
     0
176
     1
290
     0
176
     1
 90
       50
176
     1
 40
0.0
176
     1
 40
1.0
176
     1
 90
        0
176
     1
 62
    18
420
        0
176
     1
 90
       50
176
     1
 90
        3
176
     1
 62
     5
420
      255
176
     1
290
     0
176
     1
 90
       50
176
     1
 90
       50
176
     1
 90
       50
176
     1
290
     0
176
     1
 90
       50
176
     1
 62
   256
176
     0
 40
1.0
176
     0
 90
        2
176
     1
  1
strokes_ogs.tif
176
     1
290
     0
176
     1
 40
1.0
176
     1
 40
1.0
176
     1
  0
VISUALSTYLE
  5
A72
102
{ACAD_REACTORS
330
2D
102
}
330
2D
100
AcDbVisualStyle
  2
Wireframe
 70
     5
177
     3
291
     0
 70
    58
 90
        0
176
     1
 90
        2
176
     1
 90
        0
176
     1
 90
        0
176
     1
 40
0.6
176
     1
 40
30.0
176
     1
 62
     7
420
 16777215
176
     1
 90
        1
176
     1
 90
        4
176
     1
 62
     7
176
     1
 62
   257
176
     1
 90
        1
176
     1
 90
        1
176
     1
 40
1.0
176
     1
 90
        0
176
     1
 62
   257
176
     1
 40
1.0
176
     1
 90
        1
176
     1
 90
        6
176
     1
 90
        2
176
     1
 62
     7
176
     1
 90
        3
176
     1
 90
        0
176
     1
 90
        0
176
     1
290
     0
176
     1
 90
        1
176
     1
 40
0.0
176
     1
 90
        0
176
     1
290
     0
176
     1
290
     1
176
     1
290
     1
176
     1
290
     0
176
     1
290
     0
176
     1
290
     0
176
     1
290
     0
176
     1
290
     0
176
     1
290
     0
176
     1
 90
       50
176
     1
 40
0.0
176
     1
 40
1.0
176
     1
 90
        0
176
     1
 62
    18
420
        0
176
     1
 90
       50
176
     1
 90
        3
176
     1
 62
     5
420
      255
176
     1
290
     0
176
     1
 90
       50
176
     1
 90
       50
176
     1
 90
       50
176
     1
290
     0
176
     1
 90
       50
176
     1
 62
   256
176
     0
 40
1.0
176
     0
 90
        2
176
     1
  1
strokes_ogs.tif
176
     1
290
     0
176
     1
 40
1.0
176
     1
 40
1.0
176
     1
  0
VISUALSTYLE
  5
A79
102
{ACAD_REACTORS
330
2D
102
}
330
2D
100
AcDbVisualStyle
  2
X-Ray
 70
    25
177
     3
291
     0
 70
    58
 90
        2
176
     1
 90
        2
176
     1
 90
        1
176
     1
 90
        1
176
     1
 40
0.5
176
     1
 40
30.0
176
     1
 62
     7
420
 16777215
176
     1
 90
        1
176
     1
 90
        0
176
     1
 62
     7
176
     1
 62
   257
176
     1
 90
        1
176
     1
 90
        1
176
     1
 40
1.0
176
     1
 90
        8
176
     1
 62
     7
176
     1
 40
1.0
176
     1
 90
        1
176
     1
 90
        6
176
     1
 90
        2
176
     1
 62
     7
176
     1
 90
        3
176
     1
 90
        0
176
     1
 90
        0
176
     1
290
     0
176
     1
 90
       13
176
     1
 40
0.0
176
     1
 90
        0
176
     1
290
     0
176
     1
290
     1
176
     1
290
     1
176
     1
290
     0
176
     1
290
     0
176
     1
290
     0
176
     1
290
     0
176
     1
290
     0
176
     1
290
     0
176
     1
 90
       50
176
     1
 40
0.0
176
     1
 40
1.0
176
     1
 90
        0
176
     1
 62
    18
420
        0
176
     1
 90
       50
176
     1
 90
        3
176
     1
 62
     5
420
      255
176
     1
290
     0
176
     1
 90
       50
176
     1
 90
       50
176
     1
 90
       50
176
     1
290
     0
176
     1
 90
       50
176
     1
 62
   256
176
     0
 40
1.0
176
     0
 90
        2
176
     1
  1
strokes_ogs.tif
176
     1
290
     0
176
     1
 40
1.0
176
     1
 40
1.0
176
     1
  0
DICTIONARYVAR
  5
A82
102
{ACAD_REACTORS
330
A37
102
}
330
A37
100
DictionaryVariables
280
     0
  1
1:1
  0
DICTIONARYVAR
  5
A85
102
{ACAD_REACTORS
330
A37
102
}
330
A37
100
DictionaryVariables
280
     0
  1
Standard
  0
DICTIONARYVAR
  5
A38
102
{ACAD_REACTORS
330
A37
102
}
330
A37
100
DictionaryVariables
280
     0
  1
Standard
  0
DICTIONARYVAR
  5
A88
102
{ACAD_REACTORS
330
A37
102
}
330
A37
100
DictionaryVariables
280
     0
  1
Metric50
  0
DICTIONARYVAR
  5
A89
102
{ACAD_REACTORS
330
A37
102
}
330
A37
100
DictionaryVariables
280
     0
  1
Metric50
  0
DICTIONARYVAR
  5
A86
102
{ACAD_REACTORS
330
A37
102
}
330
A37
100
DictionaryVariables
280
     0
  1
0
  0
DICTIONARYVAR
  5
A87
102
{ACAD_REACTORS
330
A37
102
}
330
A37
100
DictionaryVariables
280
     0
  1
0
  0
DICTIONARY
  5
54
330
53
100
AcDbDictionary
280
     1
281
     1
  3
ACAD_ROUNDTRIP_2008_TABLESTYLE_CELLSTYLEMAP
360
A83
  0
CELLSTYLEMAP
  5
A83
102
{ACAD_REACTORS
330
54
102
}
330
54
100
AcDbCellStyleMap
 90
        3
300
CELLSTYLE
  1
TABLEFORMAT_BEGIN
 90
        5
170
     1
 91
        0
 92
    32768
 62
   257
 93
        1
300
CONTENTFORMAT
  1
CONTENTFORMAT_BEGIN
 90
        0
 91
        0
 92
      512
 93
        0
300

 40
0.0
140
1.0
 94
        5
 62
     0
340
23
144
6.0
309
CONTENTFORMAT_END
171
     1
301
MARGIN
  1
CELLMARGIN_BEGIN
 40
1.5
 40
1.5
 40
1.5
 40
1.5
 40
0.18
 40
0.18
309
CELLMARGIN_END
 94
        6
 95
        1
302
GRIDFORMAT
  1
GRIDFORMAT_BEGIN
 90
        0
 91
        1
 62
     0
 92
       -2
340
0
 93
        0
 40
0.045
309
GRIDFORMAT_END
 95
        2
302
GRIDFORMAT
  1
GRIDFORMAT_BEGIN
 90
        0
 91
        1
 62
     0
 92
       -2
340
0
 93
        0
 40
0.045
309
GRIDFORMAT_END
 95
        4
302
GRIDFORMAT
  1
GRIDFORMAT_BEGIN
 90
        0
 91
        1
 62
     0
 92
       -2
340
0
 93
        0
 40
0.045
309
GRIDFORMAT_END
 95
        8
302
GRIDFORMAT
  1
GRIDFORMAT_BEGIN
 90
        0
 91
        1
 62
     0
 92
       -2
340
0
 93
        0
 40
0.045
309
GRIDFORMAT_END
 95
       16
302
GRIDFORMAT
  1
GRIDFORMAT_BEGIN
 90
        0
 91
        1
 62
     0
 92
       -2
340
0
 93
        0
 40
0.045
309
GRIDFORMAT_END
 95
       32
302
GRIDFORMAT
  1
GRIDFORMAT_BEGIN
 90
        0
 91
        1
 62
     0
 92
       -2
340
0
 93
        0
 40
0.045
309
GRIDFORMAT_END
309
TABLEFORMAT_END
  1
CELLSTYLE_BEGIN
 90
        1
 91
        1
300
_TITLE
309
CELLSTYLE_END
300
CELLSTYLE
  1
TABLEFORMAT_BEGIN
 90
        5
170
     1
 91
        0
 92
        0
 62
   257
 93
        1
300
CONTENTFORMAT
  1
CONTENTFORMAT_BEGIN
 90
        0
 91
        0
 92
      512
 93
        0
300

 40
0.0
140
1.0
 94
        5
 62
     0
340
23
144
4.5
309
CONTENTFORMAT_END
171
     1
301
MARGIN
  1
CELLMARGIN_BEGIN
 40
1.5
 40
1.5
 40
1.5
 40
1.5
 40
0.18
 40
0.18
309
CELLMARGIN_END
 94
        6
 95
        1
302
GRIDFORMAT
  1
GRIDFORMAT_BEGIN
 90
        0
 91
        1
 62
     0
 92
       -2
340
0
 93
        0
 40
0.045
309
GRIDFORMAT_END
 95
        2
302
GRIDFORMAT
  1
GRIDFORMAT_BEGIN
 90
        0
 91
        1
 62
     0
 92
       -2
340
0
 93
        0
 40
0.045
309
GRIDFORMAT_END
 95
        4
302
GRIDFORMAT
  1
GRIDFORMAT_BEGIN
 90
        0
 91
        1
 62
     0
 92
       -2
340
0
 93
        0
 40
0.045
309
GRIDFORMAT_END
 95
        8
302
GRIDFORMAT
  1
GRIDFORMAT_BEGIN
 90
        0
 91
        1
 62
     0
 92
       -2
340
0
 93
        0
 40
0.045
309
GRIDFORMAT_END
 95
       16
302
GRIDFORMAT
  1
GRIDFORMAT_BEGIN
 90
        0
 91
        1
 62
     0
 92
       -2
340
0
 93
        0
 40
0.045
309
GRIDFORMAT_END
 95
       32
302
GRIDFORMAT
  1
GRIDFORMAT_BEGIN
 90
        0
 91
        1
 62
     0
 92
       -2
340
0
 93
        0
 40
0.045
309
GRIDFORMAT_END
309
TABLEFORMAT_END
  1
CELLSTYLE_BEGIN
 90
        2
 91
        1
300
_HEADER
309
CELLSTYLE_END
300
CELLSTYLE
  1
TABLEFORMAT_BEGIN
 90
        5
170
     1
 91
        0
 92
        0
 62
   257
 93
        1
300
CONTENTFORMAT
  1
CONTENTFORMAT_BEGIN
 90
        0
 91
        0
 92
      512
 93
        0
300

 40
0.0
140
1.0
 94
        2
 62
     0
340
23
144
4.5
309
CONTENTFORMAT_END
171
     1
301
MARGIN
  1
CELLMARGIN_BEGIN
 40
1.5
 40
1.5
 40
1.5
 40
1.5
 40
0.18
 40
0.18
309
CELLMARGIN_END
 94
        6
 95
        1
302
GRIDFORMAT
  1
GRIDFORMAT_BEGIN
 90
        0
 91
        1
 62
     0
 92
       -2
340
0
 93
        0
 40
0.045
309
GRIDFORMAT_END
 95
        2
302
GRIDFORMAT
  1
GRIDFORMAT_BEGIN
 90
        0
 91
        1
 62
     0
 92
       -2
340
0
 93
        0
 40
0.045
309
GRIDFORMAT_END
 95
        4
302
GRIDFORMAT
  1
GRIDFORMAT_BEGIN
 90
        0
 91
        1
 62
     0
 92
       -2
340
0
 93
        0
 40
0.045
309
GRIDFORMAT_END
 95
        8
302
GRIDFORMAT
  1
GRIDFORMAT_BEGIN
 90
        0
 91
        1
 62
     0
 92
       -2
340
0
 93
        0
 40
0.045
309
GRIDFORMAT_END
 95
       16
302
GRIDFORMAT
  1
GRIDFORMAT_BEGIN
 90
        0
 91
        1
 62
     0
 92
       -2
340
0
 93
        0
 40
0.045
309
GRIDFORMAT_END
 95
       32
302
GRIDFORMAT
  1
GRIDFORMAT_BEGIN
 90
        0
 91
        1
 62
     0
 92
       -2
340
0
 93
        0
 40
0.045
309
GRIDFORMAT_END
309
TABLEFORMAT_END
  1
CELLSTYLE_BEGIN
 90
        3
 91
        2
300
_DATA
309
CELLSTYLE_END
  0
ENDSEC
  0
SECTION
  2
THUMBNAILIMAGE
 90
    19424
310
28000000B4000000660000000100080000000000B847000000000000000000000001000000000000FFFFFF00FFFFFF0000000000FFFFFF00FFFFFF00FFFFFF00FFFFFF00FFFFFF00FFFFFF00FFFFFF00FFFFFF00330000006600000099000000CC000000FF00000000330000333300006633000099330000CC330000FF3300
310
0000660000336600006666000099660000CC660000FF66000000990000339900006699000099990000CC990000FF99000000CC000033CC000066CC000099CC0000CCCC0000FFCC000000FF000033FF000066FF000099FF0000CCFF0000FFFF000000003300330033006600330099003300CC003300FF003300003333003333
310
33006633330099333300CC333300FF33330000663300336633006666330099663300CC663300FF66330000993300339933006699330099993300CC993300FF99330000CC330033CC330066CC330099CC3300CCCC3300FFCC330000FF330033FF330066FF330099FF3300CCFF3300FFFF330000006600330066006600660099
310
006600CC006600FF00660000336600333366006633660099336600CC336600FF33660000666600336666006666660099666600CC666600FF66660000996600339966006699660099996600CC996600FF99660000CC660033CC660066CC660099CC6600CCCC6600FFCC660000FF660033FF660066FF660099FF6600CCFF6600
310
FFFF660000009900330099006600990099009900CC009900FF00990000339900333399006633990099339900CC339900FF33990000669900336699006666990099669900CC669900FF66990000999900339999006699990099999900CC999900FF99990000CC990033CC990066CC990099CC9900CCCC9900FFCC990000FF99
310
0033FF990066FF990099FF9900CCFF9900FFFF99000000CC003300CC006600CC009900CC00CC00CC00FF00CC000033CC003333CC006633CC009933CC00CC33CC00FF33CC000066CC003366CC006666CC009966CC00CC66CC00FF66CC000099CC003399CC006699CC009999CC00CC99CC00FF99CC0000CCCC0033CCCC0066CC
310
CC0099CCCC00CCCCCC00FFCCCC0000FFCC0033FFCC0066FFCC0099FFCC00CCFFCC00FFFFCC000000FF003300FF006600FF009900FF00CC00FF00FF00FF000033FF003333FF006633FF009933FF00CC33FF00FF33FF000066FF003366FF006666FF009966FF00CC66FF00FF66FF000099FF003399FF006699FF009999FF00CC
310
99FF00FF99FF0000CCFF0033CCFF0066CCFF0099CCFF00CCCCFF00FFCCFF0000FFFF0033FFFF0066FFFF0099FFFF00CCFFFF0000000000FFFFFF000D0D0D001A1A1A00282828003535350043434300505050005D5D5D006B6B6B00787878008686860093939300A1A1A100AEAEAE00BBBBBB00C9C9C900D6D6D600E4E4E400
310
F1F1F10000000000FFFFFF00FFFFFF00FFFFFF00FFFFFF00FFFFFF00FFFFFF00FFFFFF00FFFFFF00FFFFFF00FFFFFF00E2E2E2E2E2E2E2E2E2E2E2E2E2E2E2E2E2E2F5F5F5F5F5F5F5F5F5F5F5F5F5F5F5F5F5F5F5F5F5F5F5F5F5F5F5F5F5F5F5F5F5F5F5F5F5F5F5F5F5F5F5F5F5F5F5F5F5F5F5F5F5F5F5F5F5F5F5F5F5
310
F5F5F5F5F5F5F5F5F5F5F5F5F5F5F5F5F5F5F5F5F5F5F5F5F5F5F5F5F5F5F5F5F5F5F5F5F5F5F5F5F5F5F5F5F5F5F5F5F5F5F5F5F5F5F5F5F5F5F5F5F5F5F5F5F5F5F5F5F5F5F5F5F5F5F5F5F5F5F5F5F5F5F5E2E2E2E2E2E2E2E2E2E2E2E2E2E2E2E2E2E2E2E2E2E2E2E2E2E2E2E2E2E2E2E2E2E2E2E2F5E2E2E2E2E2E2E2
310
E2E2E2E2E2E2E2E2E2E2E2E2E2E2E2E2E2E2E2E2E2E2E2E2E2E2E2E2E2E2E2E2E2E2E2E2E2E2E2E2E2E2E2E2E2E2E2E2E2E2E2E2E2E2E2E2E2E2E2E2E2E2E2E2E2E2E2E2E2E2E2E2E2E2E2E2E2E2E2E2E2E2E2E2E2E2E2E2E2E2E2E2E2E2E2E2E2E2E2E2E2E2E2E2E2E2E2E2E2E2E2E2E2E2E2E2E2E2E2E2E2E2E2E2E2E2E2
310
E2E2E2E2E2E2E2E2F5E2E2E2E2E2E2E2E2E2E2E2E2E2E2E2E2E2E2E2E2E2E2E2E2E2E2E2E2E2E2E2E2E2E2E2E2F5E2E2E2E2E2E2E2E2E2E2E2E2E2E2E2E2E2E2E2E2E2E2E2E2E2E2E2E2E2E2E2E2E2E2E2E2E2E2E2E2E2E2E2E2E2E2E2E2E2E2E2E2E2E2E2E2E2E2E2E2E2E2E2E2E2E2E2E2E2E2E2E2E2E2E2E2E2E2E2E2E2
310
E2E2E2E2E2E2E2E2E2E2E2E2E2E2E2E2E2E2E2E2E2E2E2E2E2E2E2E2E2E2E2E2E2E2E2E2E2E2E2E2E2E2E2E2E2E2E2E2E2E2E2E2E2E2E2E2E2E2E2E2E2F5E2E2E2E2E2E2E2E2E2E2E2E2E2E2E2E2E2E2E2E2E2E2E2E2E2E2E2E2E2E2E2E2E2E2E2E2F5E2E2E2E2E2F5F5F5F5F5F5F5F5F5F5F5F5F5F5F5F5F5F5F5F5F5F5F5
310
F5F5F5F5F5F5F5F5F5F5F5F5F5F5F5F5F5F5F5F5F5F5F5F5F5F5F5F5F5F5F5F5F5F5F5F5F5F5F5F5F5F5F5F5F5F5F5F5F5F5F5F5F5F5F5F5F5F5F5F5F5F5F5F5F5F5F5F5F5F5F5F5F5F5F5F5F5F5F5F5F5F5F5F5F5F5F5F5F5F5F5F5F5F5F5F5F5F5F5F5F5F5F5F5F5F5F5F5F5F5F5F5F5E2F5E2E2E2E2E2E2E2E2E2E2E2E2
310
E2E2E2E2E2E2E2E2E2E2E2E2E2E2E2E2E2E2E2E2E2E2E2E2F5E2E2E2E2E2F5E2E2E2E2E2E2E2E2E2E2E2E2E2E2E2E2E2E2E2E2E2E2E2E2E2E2E2E2E2E2E2E2E2E2E2E2E2E2E2E2E2E2E2E2E2E2E2E2E2E2E2E2E2E2E2E2E2E2E2E2E2E2E2E2E2E2E2E2E2E2E2E2E2E2E2E2E2E2E2E2E2E2E2E2E2E2E2E2E2E2F5E2F5F5F5F5
310
E2F5F5F5E2F5F5F5F5F5F5E2E2E2E2E2F5E2E2E2E2E2F5F5F5F5F5E2F5F5F5F5F5F5F5E2E2E2F5E2F5E2E2E2E2E2E2E2E2E2E2E2E2E2E2E2E2E2E2E2E2E2E2E2E2E2E2E2E2E2E2E2E2E2E2E2E2F5E2E2E2E2E2F5E2E2E2E2E2E2E2E2E2E2E2E2E2E2E2E2E2E2E2E2E2E2E2E2E2E2E2E2E2E2E2E2E2E2E2E2E2E2E2E2E2E2E2
310
E2E2E2E2E2E2E2E2E2E2E2E2E2E2E2E2E2E2E2E2E2E2E2E2E2E2E2E2E2E2E2E2E2E2E2E2E2E2E2E2E2E2E2E2E2E2E2F5F5F5F5F5F5F5F5F5F5F5F5F5F5F5F5F5F5F5F5F5F5F5F5F5F5F5F5F5F5F5F5F5F5F5F5F5F5F5F5F5F5F5F5F5E2F5E2E2E2E2E2E2E2E2E2E2E2E2E2E2E2E2E2E2E2E2E2E2E2E2E2E2E2E2E2E2E2E2E2
310
E2E2E2F5E2E2E2E2E2F5E2E2E2E2E2E2E2E2E2E2E2E2E2E2E2E2E2E2E2E2E2E2E2E2E2E2E2E2E2E2E2E2E2E2E2E2E2E2E2E2E2E2E2E2E2E2E2E2E2E2E2E2E2E2E2E2E2E2E2E2E2E2E2E2E2E2E2E2E2E2E2E2E2E2E2E2E2E2E2E2E2E2E2E2E2E2E2E2E2E2F5E2F5F5F5F5E2E2E2E2E2F5E2F5F5F5F5E2E2E2E2E2F5E2E2E2E2
310
E2E2E2F5F5F5F5F5E2E2E2E2E2E2E2E2E2F5E2F5E2E2E2E2E2E2E2E2E2E2E2E2E2E2E2E2E2E2E2E2E2E2E2E2E2E2E2E2E2E2E2E2E2E2E2E2F5E2E2E2E2E2F5E2E2E2E2E2E2E2E2E2E2E2E2E2E2E2E2E2E2E2E2E2E2E2E2E2E2E2E2E2E2E2E2E2E2E2E2E2E2E2E2E2E2E2E2E2E2E2E2E2E2E2E2E2E2E2E2E2E2E2E2E2E2E2E2
310
E2E2E2E2E2E2E2E2E2E2E2E2E2E2E2E2E2E2E2E2E2E2E2E2E2E2F5F5F5F5F5F5F5F5F5F5F5F5F5F5F5F5F5F5F5F5F5F5F5E2E2E2F5F5F5F5F5F5F5F5F5F5F5F5F5F5F5E2E2E2F5E2F5E2E2E2E2E2E2E2E2E2E2E2E2E2E2E2E2E2E2E2E2E2E2E2E2E2E2E2E2E2E2E2E2E2E2E2E2F5E2E2E2E2E2F5E2E2E2E2E2E2E2E2E2E2E2
310
E2E2E2E2E2E2E2E2E2E2E2E2E2E2E2E2E2E2E2E2E2E2E2E2E2E2E2E2E2E2E2E2E2E2E2E2E2E2E2E2E2E2E2E2E2E2E2E2E2E2E2E2E2E2E2E2E2E2E2E2E2E2E2E2E2E2E2E2E2E2E2E2E2E2E2E2E2E2E2F5E2F5F5F5F5E2E2E2E2E2F5E2F5F5F5F5E2E2E2E2E2F5E2E2E2E2E2F5F5F5F5F5F5F5F5F5F5E2F5F5E2E2E2F5E2F5E2
310
E2E2E2E2E2E2E2E2E2E2E2E2E2E2E2E2E2E2E2E2E2E2E2E2E2E2E2E2E2E2E2E2E2E2E2F5E2E2E2E2E2F5E2E2E2E2E2E2E2E2E2E2E2E2E2E2E2E2E2E2E2E2E2E2E2E2E2E2E2E2E2E2E2E2E2E2E2E2E2E2E2E2E2E2E2E2E2E2E2E2E2E2E2E2E2E2E2E2E2E2E2E2E2E2E2E2E2E2E2E2E2E2E2E2E2E2E2E2E2E2E2E2E2E2E2E2E2
310
E2E2E2E2E2F5F5F5F5F5F5F5F5F5F5F5F5F5F5F5F5F5F5F5F5F5F5F5F5F5F5F5F5F5F5F5F5F5F5F5F5F5F5F5F5F5F5F5F5F5E2F5E2E2E2E2E2E2E2E2E2E2E2E2E2E2E2E2E2E2E2E2E2E2E2E2E2E2E2E2E2E2E2E2E2E2E2E2F5E2E2E2E2E2F5E2E2E2E2E2E2E2E2E2E2E2E2E2E2E2E2E2E2E2E2E2E2E2E2E2E2E2E2E2E2E2E2
310
E2E2E2E2E2E2E2E2E2E2E2E2E2E2E2E2E2E2E2E2E2E2E2E2E2E2E2E2E2E2E2E2E2E2E2E2E2E2E2E2E2E2E2E2E2E2E2E2E2E2E2E2E2E2E2E2E2E2F5F5F5F5F5F5F5F5F5E2F5F5F5F5F5F5F5F5F5F5F5F5F5F5F5F5F5F5F5F5F5F5F5F5F5F5F5F5F5F5F5F5F5F5F5E2F5E2E2E2E2E2E2E2E2E2E2E2E2E2E2E2E2E2E2E2E2E2E2
310
E2E2E2E2E2E2E2E2E2E2E2E2E2E2F5E2E2E2E2E2F5E2E2E2E2E2E2E2E2E2E2E2E2E2E2E2E2E2E2E2E2E2E2E2E2E2E2E2E2E2E2E2E2E2E2E2E2E2E2E2E2E2E2E2E2E2E2E2E2E2E2E2E2E2E2E2E2E2E2E2E2E2E2E2E2E2E2E2E2E2E2E2E2E2E2E2E2E2E2E2E2E2E2E2E2E2E2E2E2E2E2F5E2E2E2E2E2E2E2E2E2F5F5F5F5F5F5
310
F5F5F5F5F5E2F5F5F5F5F5F5F5F5F5F5F5F5F5F5F5F5F5F5F5F5F5F5F5E2F5E2E2E2E2E2E2E2E2E2E2E2E2E2E2E2E2E2E2E2E2E2E2E2E2E2E2E2E2E2E2E2E2E2E2E2E2F5E2E2E2E2E2F5E2E2E2E2E2E2E2E2E2E2E2E2E2E2E2E2E2E2E2E2E2E2E2E2E2E2E2E2E2E2E2E2E2E2E2E2E2E2E2E2E2E2E2E2E2E2E2E2E2E2E2E2E2
310
E2E2E2E2E2E2E2E2E2E2E2E2E2E2E2E2E2E2E2E2E2E2E2E2E2E2E2E2E2E2E2E2E2E2E2E2E2F5F5F5F5F5F5F5F5F5F5F5F5F5F5F5F5F5F5F5F5F5F5F5F5F5F5F5F5F5F5F5F5F5F5F5F5F5F5F5F5F5F5F5F5F5E2F5E2E2E2E2E2E2E2E2E2E2E2E2E2E2E2E2E2E2E2E2E2E2E2E2E2E2E2E2E2E2E2E2E2E2E2E2F5E2E2E2E2E2F5
310
E2E2E2E2E2E2E2E2E2E2E2E2E2E2E2E2E2E2E2E2E2E2E2E2E2E2E2E2E2E2E2E2E2E2E2E2E2E2E2E2E2E2E2E2E2E2E2E2E2E2E2E2E2E2E2E2E2E2E2E2E2E2E2E2E2E2E2E2E2E2E2E2E2E2E2E2E2E2E2E2E2E2E2E2E2E2E2E2E2E2E2E2E2E2E2E2E2E2E2E2E2E2E2E2E2E2E2E2E2E2E2E2E2E2E2E2E2E2E2E2E2E2E2E2E2E2E2
310
E2E2E2E2E2E2E2F5E2F5E2E2E2E2E2E2E2E2E2E2E2E2E2E2E2E2E2E2E2E2E2E2E2E2E2E2E2E2E2E2E2E2E2E2E2E2F5E2E2E2E2E2F5E2E2E2E2E2E2E2E2E2E2E2E2E2E2E2E2E2E2E2E2E2E2E2E2E2E2E2E2E2E2E2E2E2E2E2E2E2E2E2E2E2E2E2E2E2E2E2E2E2E2E2E2E2E2E2E2E2E2E2E2E2E2E2E2E2E2E2E2E2E2E2E2E2E2
310
E2E2E2E2E2E2E2E2E2E2E2E2E2E2E2E2E2E2E2E2E2E2E2E2E2E2E2E2E2E2E2E2E2E2E2E2E2E2E2E2E2E2E2E2E2E2E2E2E2E2E2E2E2E2E2E2E2E2E2E2F5E2F5E2E2E2E2E2E2E2E2E2E2E2E2E2E2E2E2E2E2E2E2E2E2E2E2E2E2E2E2E2E2E2E2E2E2E2E2F5E2E2E2E2E2F5E2E2E2E2E2E2E2E2E2E2E2E2E2E2E2E2E2BEBEE2E2
310
E2E2E2E2E2E2E2E2E2E2E2E2E2E2E2E2E2E2E2E2E2E2E2E2E2E2E2E2E2E2E2E2E2E2E2E2E2E2E2E2E2E2E2E2E2BEBEE2E2E2E2E2E2E2E2E2E2E2E2E2E2E2E2E2E2E2E2E2E2E2E2E2E2E2E2E2E2E2E2E2E2E2E2E2E2E2E2E2E2E2E2E2E2E2E2E2E2E2E2E2E2E2E2E2E2E2E2E2E2E2E2E2E2F5E2F5E2E2E2E2E2E2E2E2E2E2E2
310
E2E2E2E2E2E2E2E2E2E2E2E2E2E2E2E2E2E2E2E2E2E2E2E2E2F5E2E2E2E2E2F5E2E2E2E2E2E2E2E2E2E2E2E2E2E2E2E2E2F5BEBEBEE2E2E2E2E2E2E2E2E2E2E2E2E2E2E2E2E2E2E2E2E2E2E2E2E2E2E2E2E2E2E2E2E2E2E2E2E2E2E2E2E2E2E2E2BEBEF5BEE2E2E2E2E2E2E2E2E2E2E2E2E2E2E2E2E2E2E2E2E2E2E2E2E2E2
310
E2E2E2E2E2E2E2E2E2E2E2E2E2E2E2E2E2E2E2E2E2E2E2E2E2E2E2E2E2E2E2E2E2E2E2E2E2E2E2F5E2F5E2E2E2E2E2E2E2E2E2E2E2E2E2E2E2E2E2E2E2E2E2E2E2E2E2E2E2E2E2E2E2E2E2E2E2E2F5E2E2E2E2E2F5E2E2E2E2E2E2E2E2E2E2E2E2E2E2E2E2BEF5F5BEE2E2E2E2E2E2E2E2E2E2E2E2E2E2E2E2E2E2E2E2E2E2
310
E2E2E2E2E2E2E2E2E2E2E2E2E2E2E2E2E2E2E2E2E2E2E2BEF5BEF5E2E2E2E2E2E2E2E2E2E2E2E2E2E2E2E2E2E2E2E2E2E2E2E2E2E2E2E2E2E2E2E2E2E2E2E2E2E2E2E2E2E2E2E2E2E2E2E2E2E2E2E2E2E2E2E2E2E2E2E2E2E2E2E2E2F5E2F5E2E2E2E2E2E2E2E2E2E2E2E2E2E2E2E2E2E2E2E2E2E2E2E2E2E2E2E2E2E2E2E2
310
E2E2E2E2F5E2E2E2E2E2F5E2E2E2E2E2E2E2E2E2E2E2E2E2E2E2E2F5F5BEE2DCDCE2E2E2E2E2E2E2E2E2E2E2E2E2E2E2E2E2E2E2E2E2E2E2E2E2E2E2E2E2E2E2E2E2E2E2E2E2E2E2E2E2E2DCDCE2F5F5E2E2E2E2E2E2E2E2E2E2E2E2E2E2E2E2E2E2E2E2E2E2E2E2E2E2E2E2E2E2E2E2E2E2E2E2E2E2E2E2E2E2E2E2E2E2E2
310
E2E2E2E2E2E2E2E2E2E2E2E2E2E2E2E2E2E2F5E2F5E2E2E2E2E2E2E2E2E2E2E2E2E2E2E2E2E2E2E2E2E2E2E2E2E2E2E2E2E2E2E2E2E2E2E2E2F5E2E2E2E2E2F5E2E2E2E2E2E2E2E2E2E2E2E2E2E2E2E2E2DCE2E2E2F5DCE2E2E2E2E2E2E2E2E2E2E2E2E2E2E2E2E2E2E2E2E2E2E2E2E2E2E2E2E2E2E2E2E2E2E2E2E2E2E2F5
310
DCF5E2E2DCE2E2E2E2E2E2E2E2E2E2E2E2E2E2E2E2E2E2E2E2E2E2E2E2E2E2E2E2E2E2E2E2E2E2E2E2E2E2E2E2E2E2E2E2E2E2E2E2E2E2E2E2E2E2E2E2E2E2E2E2E2E2E2E2E2E2F5E2F5E2E2E2E2E2E2E2E2E2E2E2E2E2E2E2E2E2E2E2E2E2E2E2E2E2E2E2E2E2E2E2E2E2E2E2E2F5E2E2E2E2E2F5E2E2E2E2E2E2E2E2E2E2
310
E2E2E2E2E2E2E2DCE2E2E2E2E2DCDCE2E2E2E2E2E2E2E2E2E2E2E2E2E2E2E2E2E2E2E2E2E2E2E2E2E2E2E2E2E2E2E2E2E2E2F5DCDCE2E2E2E2DCE2E2E2E2E2E2E2E2E2E2E2E2E2E2E2E2E2E2E2E2E2E2E2E2E2E2E2E2E2E2E2E2E2E2E2E2E2E2E2E2E2E2E2E2E2E2E2E2E2E2E2E2E2E2E2E2E2E2E2E2E2E2E2E2E2E2F5E2F5
310
E2E2E2E2E2E2E2E2E2E2E2E2E2E2E2E2E2E2E2E2E2E2E2E2E2E2E2E2E2E2E2E2E2E2E2E2F5E2E2E2E2E2F5E2E2E2E2E2E2E2E2E2E2E2E2E2E2E2E2E2E2DCE2E2E2BEBEE2DCF5E2E2E2E2E2E2E2E2E2E2E2E2E2E2E2E2E2E2E2E2E2E2E2E2E2E2E2E2E2E2E2E2F5DCF5E2E2E2E2E2DCE2E2E2E2E2E2E2E2E2E2E2E2E2E2E2E2
310
E2E2E2E2E2E2E2E2E2E2E2E2E2E2E2E2E2E2E2E2E2E2E2E2E2E2E2E2E2E2E2E2E2E2E2E2E2E2E2E2E2E2E2E2E2E2E2E2E2E2F5E2F5E2E2E2E2E2E2E2E2E2E2E2E2E2E2E2E2E2E2E2E2E2E2E2E2E2E2E2E2E2E2E2E2E2E2E2E2F5E2E2E2E2E2F5E2E2E2E2E2E2E2E2E2E2E2E2E2E2E2F5F5F5DCBEE2BEBEBEE2E2DCF5E2BEBE
310
E2E2E2E2E2E2E2E2BEBEBEBEBEBEBEE2E2E2E2E2E2E2E2E2BEBEF5F5DCE2E2E2E2E2BEBEF5BEF5F5E2BEE2E2E2E2E2E2E2E2E2E2E2E2E2E2E2E2E2E2E2E2E2E2E2E2E2E2E2E2E2E2E2E2E2E2E2E2E2E2E2E2E2E2E2E2E2E2E2E2E2E2E2E2E2E2E2E2E2E2E2E2E2F5E2F5E2E2E2E2E2E2E2E2E2E2E2E2E2E2E2E2E2E2E2E2E2
310
E2E2E2E2E2E2E2E2E2E2E2E2E2E2E2F5E2E2E2E2E2F5E2E2E2E2E2E2E2E2E2E2E2E2E2E2E2F5BEBEF5BEE2BEBEBEE2E2E2DCDCBEBEBEE2E2E2E2E2E2E2E2BEBEE2BEBEBEE2E2E2E2E2E2E2BEBEBEDCDCDCE2E2E2E2E2E2BEBEF5BEF5F5BEF5F5E2E2E2E2E2E2E2E2E2E2E2E2E2E2E2E2E2E2E2E2E2E2E2E2E2E2E2E2E2E2E2
310
E2E2E2E2E2E2E2E2E2E2E2E2E2E2E2E2E2E2E2E2E2E2E2E2E2E2E2E2E2F5E2F5E2E2E2E2E2E2E2E2E2E2E2E2E2E2E2E2E2E2E2E2E2E2E2E2E2E2E2E2E2E2E2E2E2E2E2E2F5E2E2E2E2E2F5E2E2E2E2E2E2E2E2E2E2E2E2E2E2E2F5F5F5DCBEE2BEBEBEBEE2E2E2DCF5DCBEE2F5F5F5E2E2E2E2BEBEBEBEBEBEE2E2E2E2F5E2
310
E2E2BEDCDCDCF5E2F5F5E2E2E2BEBEDCF5F5F5BEBEF5E2E2E2E2E2E2E2E2E2E2E2E2E2E2E2E2E2E2E2E2E2E2E2E2E2E2E2E2E2E2E2E2E2E2E2E2E2E2E2E2E2E2E2E2E2E2E2E2E2E2E2E2E2E2E2E2E2E2E2E2F5E2F5E2E2E2E2E2E2E2E2E2E2E2E2E2E2E2E2E2E2E2E2E2E2E2E2E2E2E2E2E2E2E2E2E2E2E2E2F5E2E2E2E2E2
310
F5E2E2E2E2E2E2E2E2E2E2E2E2E2E2E2F5F5BEF5BEE2E2F5F5E2E2F5DCF5F5DCDCDCF5F5F5F5E2E2E2E2E2E2E2E2E2E2E2F5F5F5F5E2DCDCDCF5F5DCF5F5F5E2E2E2BEBEF5F5F5F5E2BEE2E2E2E2E2E2E2E2E2E2E2E2E2E2E2E2E2E2E2E2E2E2E2E2E2E2E2E2E2E2E2E2E2E2E2E2E2E2E2E2E2E2E2E2E2E2E2E2E2E2E2E2E2
310
E2E2E2E2E2E2E2E2F5E2F5E2E2E2E2E2E2E2E2E2E2E2E2E2E2E2E2E2E2E2E2E2E2E2E2E2E2E2E2E2E2E2E2E2E2E2E2F5E2E2E2E2E2F5E2E2E2E2E2E2E2E2E2E2E2E2E2E2E2E2E2F5DCE2E2E2F5F5F5F5DCE2E2F5F5E2F5DCF5F5F5F5E2E2E2E2E2E2E2E2E2F5F5F5F5F5DCF5F5F5E2E2F5DCF5F5F5F5E2E2F5BEBEBEBEE2F5
310
F5E2E2E2E2E2E2E2E2E2E2E2E2E2E2E2E2E2E2E2E2E2E2E2E2E2E2E2E2E2E2E2E2E2E2E2E2E2E2E2E2E2E2E2E2E2E2E2E2E2E2E2E2E2E2E2E2E2E2E2E2F5E2F5E2E2E2E2E2E2E2E2E2E2E2E2E2E2E2E2E2E2E2E2E2E2E2E2E2E2E2E2E2E2E2E2E2E2E2E2F5E2E2E2E2E2F5E2E2E2E2E2E2E2E2E2E2E2E2E2E2E2E2E2F5DCF5
310
E2E2F5F5F5DCE2E2E2F5DCE2E2E2DCF5F5E2E2E2E2E2E2E2E2E2E2F5F5F5DCDCF5E2E2DCE2E2E2F5DCF5F5F5E2E2F5DCE2E2E2E2F5F5E2E2E2E2E2E2E2E2E2E2E2E2E2E2E2E2E2E2E2E2E2E2E2E2E2E2E2E2E2E2E2E2E2E2E2E2E2E2E2E2E2E2E2E2E2E2E2E2E2E2E2E2E2E2E2E2E2E2E2E2F5E2F5E2E2E2E2E2E2E2E2E2E2
310
E2E2E2E2E2E2E2E2E2E2E2E2E2E2E2E2E2E2E2E2E2E2E2E2E2E2F5E2E2E2E2E2F5E2E2E2E2E2E2E2E2E2E2E2E2E2E2E2E2E2F5DCF5E2E2F5DCDCE2E2E2E2E2DCE2E2E2E2DCDCF5E2E2E2E2E2E2E2E2E2F5DCDCF5E2E2E2DCF5E2E2E2E2E2DCDCF5E2E2F5DCE2BEBEE2BEE2E2E2E2E2E2E2E2E2E2E2E2E2E2E2E2E2E2E2E2E2
310
E2E2E2E2E2E2E2E2E2E2E2E2E2E2E2E2E2E2E2E2E2E2E2E2E2E2E2E2E2E2E2E2E2E2E2E2E2E2E2E2F5E2F5E2E2E2E2E2E2E2E2E2E2E2E2E2E2E2E2E2E2E2E2E2E2E2E2E2E2E2E2E2E2E2E2E2E2E2E2F5E2E2E2E2E2F5E2E2E2E2E2E2E2E2E2E2E2E2E2E2E2E2E2F5DCF5F5DCDCE2E2BEBEBEE2E2DCE2E2E2E2E2E2DCDCF5E2
310
E2E2E2BEF5DCDCF5F5E2E2E2E2DCF5E2E2E2E2E2E2E2DCDCE2DCF5E2E2E2BEBEE2E2E2E2E2E2E2E2E2E2E2E2E2E2E2E2E2E2E2E2E2E2E2E2E2E2E2E2E2E2E2E2E2E2E2E2E2E2E2E2E2E2E2E2E2E2E2E2E2E2E2E2E2E2E2E2E2E2E2E2E2F5E2F5E2E2E2E2E2E2E2E2E2E2E2E2E2E2E2E2E2E2E2E2E2E2E2E2E2E2E2E2E2E2E2
310
E2E2E2E2E2F5E2E2E2E2E2F5E2E2E2E2E2E2E2E2E2E2E2E2E2E2E2E2E2BEDCDCDCF5E2E2BEBEBEBEE2E2DCE2F5E2E2E2BEE2E2DCDCE2BEBEBEDCF5F5E2E2E2E2F5F5DCF5E2E2E2E2E2E2E2E2F5DCDCBEBEE2E2E2F5E2E2E2E2E2E2E2E2E2E2E2E2E2E2E2E2E2E2E2E2E2E2E2E2E2E2E2E2E2E2E2E2E2E2E2E2E2E2E2E2E2E2
310
E2E2E2E2E2E2E2E2E2E2E2E2E2E2E2E2E2E2E2F5E2F5E2E2E2E2E2E2E2E2E2E2E2E2E2E2E2E2E2E2E2E2E2E2E2E2E2E2E2E2E2E2E2E2E2E2E2E2F5E2E2E2E2E2F5E2E2E2E2E2E2E2E2E2E2E2E2E2E2E2E2E2BEDCF5E2E2E2E2E2BEE2BEE2E2DCF5F5F5BEBEBEBEE2E2F5DCBEBEF5F5E2E2E2E2E2E2F5F5DCF5E2E2E2E2E2E2
310
E2E2E2E2F5BEBEE2E2E2F5F5E2E2E2E2E2F5F5F5F5F5E2E2E2E2E2E2E2E2E2E2F5F5F5F5F5E2E2E2E2E2E2E2E2E2E2E2E2E2E2E2E2E2E2E2E2E2E2E2E2E2E2E2E2E2E2E2E2E2E2E2F5E2F5E2E2E2E2E2E2E2E2E2E2E2E2E2E2E2E2E2E2E2E2E2E2E2E2E2E2E2E2E2E2E2E2E2E2E2E2F5E2E2E2E2E2F5E2E2E2E2E2E2E2E2E2
310
E2E2E2E2E2E2E2E2BEDCDCF5DCE2E2E2BEBEBEE2E2F5F5F5F5BEBEBEBEE2E2E2E2DCF5F5E2E2E2E2E2E2E2F5F5F5E2E2E2E2E2E2E2E2E2DCDCDCBEBEE2E2BEF5E2E2E2E2E2E2E2F5F5F5E2E2E2E2E2E2E2E2E2E2E2E2F5F5F5F5E2E2E2E2E2E2E2E2E2E2E2E2E2E2E2E2E2E2E2E2E2E2E2E2E2E2E2E2E2E2E2E2E2E2E2F5E2
310
F5E2E2E2E2E2E2E2E2E2E2E2E2E2E2E2E2E2E2E2E2E2E2E2E2E2E2E2E2E2E2E2E2E2E2E2E2F5E2E2E2E2E2F5E2E2E2E2E2E2E2E2E2E2E2E2E2E2E2E2E2E2F5DCE2F5DCE2E2E2BEE2E2E2DCF5E2E2BEBEBEBEE2E2DCDCF5DCDCF5E2E2E2E2E2E2F5F5DCE2E2E2E2E2E2E2F5DCF5F5DCBEBEBEBEBEBEE2E2E2E2E2E2BEF5BEF5
310
BEBEE2E2E2E2E2E2E2E2E2BEF5BEF5BEBEE2E2E2E2E2E2E2E2E2E2E2E2E2E2E2E2E2E2E2E2E2E2E2E2E2E2E2E2E2E2E2E2E2E2F5E2F5E2E2E2E2E2E2E2E2E2E2E2E2E2E2E2E2E2E2E2E2E2E2E2E2E2E2E2E2E2E2E2E2E2E2E2E2F5E2E2E2E2E2F5E2E2E2E2E2E2E2E2E2E2E2E2E2E2E2E2E2E2F5DCE2E2E2DCDCE2E2E2E2E2
310
F5DCE2E2E2E2E2E2DCDCE2F5F5F5E2DCDCF5E2E2E2E2F5F5DCE2E2E2E2E2F5DCDCF5E2E2DCE2E2E2E2BEE2E2E2E2E2E2E2F5F5BEF5F5E2E2E2E2E2E2E2E2E2E2F5F5BEF5F5E2E2E2E2E2E2E2E2E2E2E2E2E2E2E2E2E2E2E2E2E2E2E2E2E2E2E2E2E2E2E2E2E2E2E2F5E2F5E2E2E2E2E2E2E2E2E2E2E2E2E2E2E2E2E2E2E2E2
310
E2E2E2E2E2E2E2E2E2E2E2E2E2E2E2E2F5E2E2E2E2E2F5E2E2E2E2E2E2E2E2E2E2E2E2E2E2E2E2E2E2F5DCE2E2E2F5F5DCE2E2E2E2BEDCE2E2E2E2BEF5F5E2E2F5F5F5F5E2F5DCF5E2E2E2E2E2DCE2E2E2E2F5DCF5F5E2E2E2DCE2E2E2E2BEF5E2E2E2E2E2E2BEF5BEF5F5F5BEBEE2E2E2E2E2E2E2BEF5BEF5F5F5BEBEE2E2
310
E2F5F5F5F5F5F5F5F5F5F5F5F5F5F5F5F5F5F5F5F5F5F5F5F5F5F5F5F5F5F5E2F5E2E2E2E2E2E2E2E2E2E2E2E2E2E2E2E2E2E2E2E2E2E2E2E2E2E2E2E2E2E2E2E2E2E2E2E2F5E2E2E2E2E2F5E2E2E2E2E2E2E2E2E2E2E2E2E2E2E2E2E2E2F5DCE2E2E2F5F5F5DCE2E2E2BEDCE2E2E2DCF5F5E2E2E2E2F5F5F5E2E2BEF5DCF5
310
E2E2F5DCE2E2F5F5DCF5F5F5E2E2E2DCE2E2E2E2F5F5E2E2E2F5F5F5F5F5F5F5F5F5F5E2E2E2E2E2BEF5F5F5F5F5F5F5F5F5E2E2E2E2F5E2F5F5E2E2E2F5F5E2E2F5E2F5F5F5F5E2E2E2E2E2E2E2E2E2E2E2E2F5E2F5E2E2E2E2E2E2E2E2E2E2E2E2E2E2E2E2E2E2E2E2E2E2E2E2E2E2E2E2E2E2E2E2E2E2E2E2F5E2E2E2E2
310
E2F5E2E2E2E2E2E2E2E2E2E2E2E2E2E2E2E2E2E2F5DCE2E2E2F5F5F5E2DCDCE2E2DCE2E2DCF5F5F5E2E2E2E2E2E2E2E2E2E2F5E2DCF5F5F5DCF5F5DCDCF5F5F5E2E2E2E2DCE2E2E2E2BEE2E2E2E2F5F5F5E2E2E2E2F5F5F5BEE2E2E2E2BEBEBEE2E2E2E2F5F5F5BEE2E2E2F5F5F5F5F5F5F5F5F5F5F5F5F5F5F5F5F5F5F5F5
310
F5F5F5F5F5F5F5F5F5F5E2F5E2E2E2E2E2E2E2E2E2E2E2E2E2E2E2E2E2E2E2E2E2E2E2E2E2E2E2E2E2E2E2E2E2E2E2E2F5E2E2E2E2E2F5E2E2E2E2E2E2E2E2E2E2E2E2E2E2E2E2E2E2F5DCE2E2BEBEBEE2E2E2E2DCDCDCDCDCE2E2E2E2E2E2E2E2E2E2E2E2E2E2E2E2E2DCDCF5DCDCDCE2E2F5F5E2E2E2E2F5DCE2BEBEBEBE
310
BEE2E2E2E2F5E2E2E2E2E2F5BEBEBEE2E2E2E2E2BEE2E2E2E2E2F5BEBEBEE2E2E2F5F5F5F5F5F5E2E2E2E2E2F5F5F5F5E2E2F5E2E2E2F5E2E2E2E2E2E2E2F5E2F5E2E2E2E2E2E2E2E2E2E2E2E2E2E2E2E2E2E2E2E2E2E2E2E2E2E2E2E2E2E2E2E2E2E2E2E2F5E2E2E2E2E2F5E2E2E2E2E2E2E2E2E2E2E2E2E2E2E2E2E2E2F5
310
F5F5E2BEBEBEE2E2E2E2E2DCBEBEBEE2E2E2E2E2E2E2E2E2E2E2E2E2E2E2E2E2E2BEBEDCE2E2E2E2E2E2E2E2E2E2BEF5F5E2E2E2BEE2E2E2E2E2E2E2E2E2E2E2F5F5F5E2E2E2E2E2E2E2E2E2E2E2E2F5F5F5E2E2E2E2F5F5F5F5F5F5F5F5F5F5F5F5F5F5F5F5F5F5F5F5F5F5F5F5F5F5F5F5F5F5E2F5E2E2E2E2E2E2E2E2E2
310
E2E2E2E2E2E2E2E2E2E2E2E2E2E2E2E2E2E2E2E2E2E2E2E2E2E2E2F5E2E2E2E2E2F5E2E2E2E2E2E2E2E2E2E2E2E2E2E2E2E2E2E2F5DCF5E2BEBEBEE2E2E2F5DCBEBEBEE2E2E2E2E2E2E2E2E2E2E2E2E2E2E2E2E2E2E2BEBEBEDCF5E2E2E2E2E2E2E2E2F5F5F5E2E2E2F5F5E2E2E2E2E2E2E2E2E2E2F5BEBEBEE2E2E2E2E2E2
310
E2E2E2E2E2F5BEBEBEE2E2E2F5F5F5F5F5F5F5F5F5F5F5F5F5F5F5F5F5F5F5F5F5F5F5F5F5F5F5F5F5F5E2F5E2E2E2E2E2E2E2E2E2E2E2E2E2E2E2E2E2E2E2E2E2E2E2E2E2E2E2E2E2E2E2E2E2E2E2E2F5E2E2E2E2E2F5E2E2E2E2E2E2E2E2E2E2E2E2E2E2E2E2E2E2F5DCF5E2E2BEBEE2F5DCDCF5E2BEE2E2E2E2E2E2E2E2
310
E2E2E2E2E2E2E2E2E2E2E2E2E2E2E2E2DCDCE2E2E2E2E2E2E2DCF5E2E2E2E2F5F5E2E2E2E2E2E2E2E2E2E2F5F5E2E2E2E2E2E2E2E2E2E2E2E2E2F5F5E2E2E2E2E2F5F5F5E2E2F5F5F5F5F5F5F5F5F5F5F5F5F5F5F5F5F5F5F5F5F5F5F5F5F5E2F5E2E2E2E2E2E2E2E2E2E2E2E2E2E2E2E2E2E2E2E2E2E2E2E2E2E2E2E2E2E2
310
E2E2E2E2E2E2F5E2E2E2E2E2F5E2E2E2E2E2E2E2E2E2E2E2E2E2E2E2E2E2E2F5DCF5E2E2E2E2F5DCF5E2E2E2E2E2E2E2E2E2E2E2E2E2E2E2E2E2E2E2E2E2E2E2E2E2E2E2E2E2E2DCF5E2E2E2E2E2DCF5BEE2E2E2BEE2E2E2E2E2E2E2E2E2E2E2F5F5F5E2E2E2E2E2E2E2E2E2E2E2E2F5F5F5E2E2E2E2F5F5F5F5F5F5F5F5F5
310
F5E2F5F5F5F5F5E2F5E2E2F5F5E2E2E2E2E2E2E2F5E2F5E2E2E2E2E2E2E2E2E2E2E2E2E2E2E2E2E2E2E2E2E2E2E2E2E2E2E2E2E2E2E2E2E2E2E2E2F5E2E2E2E2E2F5E2E2E2E2E2E2E2E2E2E2E2E2E2E2E2E2E2E2F5DCBEBEBEF5DCDCF5E2E2E2E2E2E2E2E2E2E2E2E2E2E2E2E2E2E2E2E2E2E2E2E2E2E2E2E2E2E2E2E2DCDC
310
F5E2E2E2DCF5BEBEBEBEBEE2E2E2E2E2E2E2E2E2E2E2F5F5E2E2E2E2E2E2E2E2E2E2E2E2E2F5F5E2E2E2E2E2F5F5F5E2F5F5F5F5F5F5F5F5F5F5F5F5F5F5F5F5F5F5F5F5F5F5F5F5F5F5E2F5E2E2E2E2E2E2E2E2E2E2E2E2E2E2E2E2E2E2E2E2E2E2E2E2E2E2E2E2E2E2E2E2E2E2E2E2F5E2E2E2E2E2F5E2E2E2E2E2E2E2E2
310
E2E2E2E2E2E2E2E2E2E2E2F5BEF5DCDCF5E2E2E2E2E2E2E2E2E2E2E2E2E2E2E2E2E2E2E2E2E2E2E2E2E2E2E2E2E2E2E2E2E2E2E2E2F5DCDCE2F5BEBEE2E2E2BEE2E2E2E2E2E2E2E2E2E2E2E2E2E2E2E2E2E2E2E2E2E2E2E2E2E2E2E2E2E2E2E2E2F5F5F5F5F5F5F5F5F5F5F5F5F5F5F5F5F5F5F5F5F5F5F5F5F5F5F5F5F5F5
310
E2F5E2E2E2E2E2E2E2E2E2E2E2E2E2E2E2E2E2E2E2E2E2E2E2E2E2E2E2E2E2E2E2E2E2E2E2E2F5E2E2E2E2E2F5E2E2E2E2E2E2E2E2E2E2E2E2E2E2E2E2E2BEBEDCBEBEF5F5E2E2E2E2E2E2E2E2E2E2E2E2E2E2E2E2E2E2E2E2E2E2E2E2E2E2E2E2E2E2E2E2E2E2E2E2E2F5F5F5DCDCBEBEBEBEBEF5E2E2E2E2E2E2E2E2E2E2
310
E2E2E2E2E2E2E2E2E2E2E2E2E2E2E2E2E2E2E2E2E2E2E2F5E2F5E2E2F5E2E2E2E2E2F5E2E2F5E2E2F5E2E2E2F5E2E2E2E2E2E2E2F5E2F5E2E2E2E2E2E2E2E2E2E2E2E2E2E2E2E2E2E2E2E2E2E2E2E2E2E2E2E2E2E2E2E2E2E2E2E2F5E2E2E2E2E2F5E2E2E2E2E2E2E2E2E2E2E2E2E2E2E2E2E2BEBEDCBEBEF5F5F5E2E2E2E2
310
E2E2E2E2E2E2E2E2E2E2E2E2E2E2E2E2E2E2E2E2E2E2E2E2E2E2E2E2E2E2E2E2F5F5F5BEDCDCF5BEBEBEF5E2E2E2E2E2E2E2E2E2E2E2E2E2E2E2E2E2E2E2E2E2E2E2E2E2E2E2E2E2E2E2E2E2F5F5F5E2E2F5F5F5F5F5F5F5F5F5F5F5F5F5F5F5F5F5F5F5F5F5F5F5F5F5E2F5E2E2E2E2E2E2E2E2E2E2E2E2E2E2E2E2E2E2E2
310
E2E2E2E2E2E2E2E2E2E2E2E2E2E2E2E2E2F5E2E2E2E2E2F5E2E2E2E2E2E2E2E2E2E2E2E2E2E2E2E2E2BEBEBEBEBEF5F5F5E2E2E2E2E2E2E2E2E2E2E2E2E2E2E2E2E2E2E2E2E2E2E2E2E2E2E2E2E2E2E2E2E2E2E2F5F5F5DCBEDCBEBEBEBEBEE2E2E2E2E2E2E2E2E2E2E2E2E2E2E2E2E2E2E2E2E2E2E2E2E2E2E2E2E2E2E2E2
310
E2E2F5F5F5E2E2F5F5F5F5F5F5F5F5F5F5F5F5F5F5F5F5F5F5F5F5F5F5F5F5F5E2F5E2E2E2E2E2E2E2E2E2E2E2E2E2E2E2E2E2E2E2E2E2E2E2E2E2E2E2E2E2E2E2E2E2E2E2E2F5E2E2E2E2E2F5E2E2E2E2E2E2E2E2E2E2E2E2E2E2E2E2E2E2E2F5DCE2DCE2E2E2E2E2E2E2E2E2E2E2E2E2E2E2E2E2E2E2E2E2E2E2E2E2E2E2
310
E2E2E2E2E2E2E2E2E2E2E2E2DCF5BEDCF5BEBEBEBEBEE2E2E2E2E2E2E2E2E2E2E2E2E2E2E2E2E2E2E2E2E2E2E2E2E2E2E2E2E2E2E2E2E2F5E2F5E2E2F5E2E2E2E2E2F5E2E2F5E2E2F5E2E2E2F5E2E2E2E2E2E2E2F5E2F5E2E2E2E2E2E2E2E2E2E2E2E2E2E2E2E2E2E2E2E2E2E2E2E2E2E2E2E2E2E2E2E2E2E2E2E2F5E2E2E2
310
E2E2F5E2E2E2E2E2E2E2E2E2E2E2E2E2E2E2E2E2E2E2F5DCE2E2DCDCE2E2E2E2E2E2E2E2E2E2E2E2E2E2E2E2E2E2E2E2E2E2E2E2E2E2E2E2E2E2E2E2E2E2E2DCDCBEBEBEDCF5F5F5F5BEE2E2E2E2E2E2E2E2E2E2E2E2E2E2E2E2E2E2E2E2E2E2E2E2E2E2E2E2E2E2E2E2E2E2F5E2F5F5F5F5F5F5F5F5F5F5F5F5F5F5F5F5F5
310
F5F5F5F5F5F5F5F5F5F5F5E2F5E2E2E2E2E2E2E2E2E2E2E2E2E2E2E2E2E2E2E2E2E2E2E2E2E2E2E2E2E2E2E2E2E2E2E2E2F5E2E2E2E2E2F5E2E2E2E2E2E2E2E2E2E2E2E2E2E2E2E2E2F5E2F5F5E2E2E2E2DCE2E2E2E2E2E2E2E2E2E2E2E2E2E2E2E2E2E2E2E2E2E2E2E2E2E2E2E2E2E2E2E2E2DCF5E2E2BEBEF5E2F5F5F5F5
310
F5E2E2E2E2E2E2E2E2E2E2E2E2E2E2E2E2E2E2E2E2E2E2E2E2E2E2E2E2E2E2E2E2E2F5E2F5E2F5F5F5F5F5F5F5F5F5F5F5F5F5F5F5F5F5F5F5F5F5F5F5F5F5F5E2F5E2E2E2E2E2E2E2E2E2E2E2E2E2E2E2E2E2E2E2E2E2E2E2E2E2E2E2E2E2E2E2E2E2E2E2E2F5E2E2E2E2E2F5E2E2E2E2E2E2E2E2E2E2E2E2E2E2E2E2F5F5
310
F5F5DCE2E2BEBEE2DCF5E2E2E2E2E2E2E2E2E2E2E2E2E2E2E2E2E2E2E2E2E2E2E2E2E2E2E2E2E2F5DCBEE2E2E2E2F5DCE2F5F5F5F5F5E2E2E2E2E2E2E2E2E2E2E2E2E2E2E2E2E2E2E2E2E2E2E2E2E2E2E2E2E2E2E2E2E2F5E2F5E2E2F5F5F5F5F5F5F5F5F5F5F5F5F5F5F5F5F5F5F5F5F5F5F5F5F5E2F5E2E2E2E2E2E2E2E2
310
E2E2E2E2E2E2E2E2E2E2E2E2E2E2E2E2E2E2E2E2E2E2E2E2E2E2E2E2F5E2E2E2E2E2F5E2E2E2E2E2E2E2E2E2E2E2E2E2E2E2F5F5F5F5F5DCE2BEBEBEE2E2DCDCE2BEBEE2E2E2E2E2E2E2E2E2E2E2E2E2E2E2E2E2E2E2E2E2BEBEBEDCDCE2E2E2E2E2E2F5DCBEE2F5F5BEE2E2E2E2E2E2E2E2E2E2E2E2E2E2E2E2E2E2E2E2E2
310
E2E2E2E2E2E2E2E2E2E2E2E2E2F5F5F5E2E2F5F5F5F5E2E2F5F5F5F5F5F5F5E2F5F5F5E2E2E2E2E2E2E2F5E2F5E2E2E2E2E2E2E2E2E2E2E2E2E2E2E2E2E2E2E2E2E2E2E2E2E2E2E2E2E2E2E2E2E2E2E2E2F5E2E2E2E2E2F5E2E2E2E2E2E2E2E2E2E2E2E2E2E2E2E2F5F5F5F5DCE2BEBEBEE2E2E2E2DCBEBEBEE2E2E2E2E2E2
310
E2E2E2E2E2E2E2E2E2E2E2E2E2BEBEBEDCBEE2E2E2E2E2E2E2F5DCBEF5F5F5BEE2E2E2E2E2E2E2E2E2E2E2E2E2E2E2E2E2E2E2E2E2E2E2E2E2E2E2E2E2E2E2E2E2E2F5F5F5E2E2F5F5F5F5F5F5F5F5F5F5F5F5F5F5F5F5F5F5F5F5F5F5F5F5F5E2F5E2E2E2E2E2E2E2E2E2E2E2E2E2E2E2E2E2E2E2E2E2E2E2E2E2E2E2E2E2
310
E2E2E2E2E2E2E2F5E2E2E2E2E2F5E2E2E2E2E2E2E2E2E2E2E2E2E2E2E2E2E2F5F5F5DCE2BEBEBEBEE2E2E2DCF5DCBEE2F5F5F5E2E2E2E2E2E2E2E2E2E2E2E2E2E2E2BEBEDCDCE2E2F5F5E2E2E2F5DCF5F5F5F5F5BEE2E2E2E2E2E2E2E2E2E2E2E2E2E2E2E2E2E2E2E2E2E2E2E2E2E2E2E2E2E2E2E2E2E2F5F5F5F5F5F5F5F5
310
F5F5F5F5F5F5F5F5F5F5F5F5F5F5F5F5F5F5F5F5F5F5E2F5E2E2E2E2E2E2E2E2E2E2E2E2E2E2E2E2E2E2E2E2E2E2E2E2E2E2E2E2E2E2E2E2E2E2E2E2F5E2E2E2E2E2F5E2E2E2E2E2E2E2E2E2E2E2E2E2E2E2E2E2F5F5F5DCF5E2E2F5F5E2F5DCF5E2DCDCDCF5F5F5F5E2E2E2E2E2E2E2E2E2E2F5F5F5DCDCF5DCE2DCF5F5F5
310
F5E2E2F5DCF5F5F5F5F5F5F5E2E2E2E2E2E2E2E2E2E2E2E2E2E2E2E2E2E2E2E2E2E2E2E2E2E2E2E2E2E2E2E2E2F5F5F5F5F5F5F5F5E2F5E2F5F5F5F5F5F5F5F5F5F5F5E2E2F5E2F5F5E2F5E2F5E2E2E2E2E2E2E2E2E2E2E2E2E2E2E2E2E2E2E2E2E2E2E2E2E2E2E2E2E2E2E2E2E2E2E2E2F5E2E2E2E2E2F5E2E2E2E2E2E2E2
310
E2E2E2E2E2E2E2E2E2E2E2F5F5DCF5E2F5F5F5DCDCF5E2E2F5E2F5DCF5F5F5F5E2E2E2E2E2E2E2F5F5F5F5DCF5F5F5F5E2E2DCDCF5F5F5E2F5DCF5E2F5F5F5F5F5E2E2E2E2E2E2F5F5F5F5F5F5F5F5F5F5E2E2E2E2E2E2E2E2E2E2E2E2E2E2E2E2E2F5F5F5F5F5F5F5F5F5F5E2F5F5F5F5F5F5F5F5F5F5F5E2F5F5E2F5F5E2
310
F5E2F5E2E2E2E2E2E2E2E2E2E2E2E2E2E2E2E2E2E2E2E2E2E2E2E2E2E2E2E2E2E2E2E2E2E2E2E2F5E2E2E2E2E2F5E2E2E2E2E2E2E2E2E2E2E2E2E2E2E2E2E2E2F5F5DCF5E2E2F5DCF5E2E2E2E2DCE2E2E2DCF5F5F5E2E2E2E2E2E2E2F5F5F5DCF5E2E2DCF5E2E2E2E2DCF5F5E2F5DCF5BEBEBEE2BEE2E2E2E2E2E2E2E2E2F5
310
F5F5F5F5F5E2E2E2E2E2E2E2E2E2E2E2E2E2E2E2E2E2E2E2F5F5F5F5F5F5F5F5E2F5E2F5F5F5F5F5F5F5F5F5E2F5E2E2F5E2F5F5E2F5E2F5E2E2E2E2E2E2E2E2E2E2E2E2E2E2E2E2E2E2E2E2E2E2E2E2E2E2E2E2E2E2E2E2E2E2E2E2F5E2E2E2E2E2F5E2E2E2E2E2E2E2E2E2E2E2E2E2E2E2E2E2E2F5E2DCF5E2F5DCF5E2E2
310
E2E2E2DCE2E2E2E2DCDCE2E2E2E2E2E2E2E2F5DCDCF5E2E2E2DCF5E2E2E2E2E2DCF5E2F5DCBEE2E2E2BEBEE2E2E2E2E2E2E2E2F5F5F5E2F5F5E2E2E2E2E2E2E2E2E2E2E2E2E2E2E2E2E2E2E2E2F5F5F5F5F5F5F5F5F5F5F5F5F5F5F5F5F5F5F5F5F5F5F5F5F5F5F5F5F5F5E2F5E2E2E2E2E2E2E2E2E2E2E2E2E2E2E2E2E2E2
310
E2E2E2E2E2E2E2E2E2E2E2E2E2E2E2E2E2E2F5E2E2E2E2E2F5E2E2E2E2E2E2E2E2E2E2E2E2E2E2E2E2E2E2E2E2DCF5F5DCF5E2BEBEBEE2E2DCE2E2E2E2E2F5DCF5E2E2E2BEBEF5DCF5F5E2E2E2E2DCF5E2E2E2E2E2E2DCDCF5DCE2E2E2E2E2BEE2E2E2E2E2E2E2E2F5F5F5F5F5F5F5F5E2E2E2E2E2E2E2E2F5F5F5F5F5E2E2
310
E2E2E2F5E2E2E2E2F5F5F5F5F5F5F5F5F5F5F5F5F5F5F5F5F5E2E2E2E2E2E2E2F5E2F5E2E2E2E2E2E2E2E2E2E2E2E2E2E2E2E2E2E2E2E2E2E2E2E2E2E2E2E2E2E2E2E2E2E2E2E2F5E2E2E2E2E2F5E2E2E2E2E2E2E2E2E2E2E2E2E2E2E2E2E2E2E2BEF5DCDCE2E2E2BEBEBEBEE2DCF5F5E2E2BEBEBEDCDCE2BEBEBEDCF5E2E2
310
E2E2F5F5DCF5E2E2E2E2E2E2E2E2DCDCBEBEE2E2E2F5E2E2E2E2E2E2E2E2BEBEE2BEBEE2BEE2E2E2E2E2E2E2E2E2F5F5F5F5F5E2E2E2E2E2F5E2E2E2E2F5F5F5F5F5F5F5F5F5F5F5F5F5F5F5F5F5E2E2E2E2E2E2E2F5E2F5E2E2E2E2E2E2E2E2E2E2E2E2E2E2E2E2E2E2E2E2E2E2E2E2E2E2E2E2E2E2E2E2E2E2E2E2F5E2E2
310
E2E2E2F5E2E2E2E2E2E2E2E2E2E2E2E2E2E2E2E2E2E2E2BEBEDCE2E2E2E2BEBEBEBEE2DCF5F5F5BEBEBEBEE2F5DCBEBEF5F5E2E2E2E2E2F5F5DCF5E2E2E2E2E2E2E2E2DCDCBEBEE2E2BEF5E2E2E2E2E2E2E2E2F5F5BEF5F5F5BEE2E2E2E2E2E2E2E2E2E2F5F5F5E2E2E2E2E2E2F5F5F5F5F5F5F5F5F5F5F5F5F5F5F5F5F5F5
310
F5F5F5F5F5F5F5F5F5F5F5F5E2F5E2E2E2E2E2E2E2E2E2E2E2E2E2E2E2E2E2E2E2E2E2E2E2E2E2E2E2E2E2E2E2E2E2E2E2E2F5E2E2E2E2E2F5E2E2E2E2E2E2E2E2E2E2E2E2E2E2E2E2E2E2E2BEBEDCDCE2E2E2BEBEBEE2E2BEDCF5F5BEBEBEBEE2E2E2F5F5E2E2E2E2E2E2E2F5F5DCE2E2E2E2E2E2E2F5DCF5DCBEBEE2E2BE
310
E2E2E2E2E2E2E2BEF5F5F5F5F5F5F5F5F5F5BEE2E2E2E2E2E2E2BEF5F5E2E2E2E2E2E2F5E2F5F5E2F5E2E2F5E2E2E2E2F5F5F5F5F5E2E2E2E2E2E2E2E2E2E2E2F5E2F5E2E2E2E2E2E2E2E2E2E2E2E2E2E2E2E2E2E2E2E2E2E2E2E2E2E2E2E2E2E2E2E2E2E2E2E2F5E2E2E2E2E2F5E2E2E2E2E2E2E2E2E2E2E2E2E2E2E2E2E2
310
E2E2E2F5F5E2DCE2E2E2E2E2E2E2BEDCE2E2E2BEBEBEE2DCDCF5DCDCF5E2E2E2E2E2F5F5DCE2E2E2E2E2E2F5DCF5F5F5BEBEBEBEBEBEE2E2E2E2E2E2F5F5F5DCE2F5BEF5F5BEBEE2E2E2E2E2E2E2E2BEF5BEE2E2E2E2E2E2F5E2F5F5E2F5E2E2F5E2E2E2E2F5F5F5F5F5E2E2E2E2E2E2E2E2E2E2E2F5E2F5E2E2E2E2E2E2E2
310
E2E2E2E2E2E2E2E2E2E2E2E2E2E2E2E2E2E2E2E2E2E2E2E2E2E2E2E2E2F5E2E2E2E2E2F5E2E2E2E2E2E2E2E2E2E2E2E2E2E2E2E2E2E2E2E2F5DCE2E2DCDCE2E2E2E2E2BEDCE2E2E2E2E2DCDCE2F5F5F5E2DCDCE2E2E2E2F5F5DCE2E2E2E2F5DCDCE2E2F5DCE2E2E2E2BEE2E2E2E2E2E2E2BEBEF5BEBEF5BEF5F5BEBEE2E2E2
310
E2E2E2E2E2BEBEF5E2E2E2E2E2E2F5F5F5F5F5F5F5F5F5F5F5F5F5F5F5F5F5F5F5F5F5F5F5F5F5F5F5F5F5F5E2F5E2E2E2E2E2E2E2E2E2E2E2E2E2E2E2E2E2E2E2E2E2E2E2E2E2E2E2E2E2E2E2E2E2E2E2E2F5E2E2E2E2E2F5E2E2E2E2E2E2E2E2E2E2E2E2E2E2E2E2E2E2E2E2F5DCE2E2E2F5DCE2E2E2E2E2DCE2E2E2E2BE
310
F5E2E2F5F5F5F5E2BEF5F5E2E2E2F5DCE2E2E2F5DCF5F5F5E2F5DCE2E2E2E2F5F5E2E2E2E2E2E2E2BEF5BEBEF5BEF5F5F5BEE2E2E2E2E2E2F5F5F5F5F5E2E2E2E2E2E2F5F5F5F5F5F5F5F5F5F5F5F5F5F5F5F5F5F5F5F5F5F5F5F5F5F5F5F5F5F5E2F5E2E2E2E2E2E2E2E2E2E2E2E2E2E2E2E2E2E2E2E2E2E2E2E2E2E2E2E2
310
E2E2E2E2E2E2E2E2F5E2E2E2E2E2F5E2E2E2E2E2E2E2E2E2E2E2E2E2E2E2E2E2E2E2E2F5DCE2E2E2F5F5DCF5E2E2E2DCE2E2DCDCF5F5E2E2E2F5F5F5E2F5F5DCDCE2E2F5DCE2E2F5DCF5F5F5E2E2F5DCE2E2E2E2F5F5E2E2E2E2E2E2F5F5F5BEBEF5BEF5F5F5BEE2E2E2E2E2F5F5BEF528F5DCE2E2E2E2E2F5E2F5E2E2E2E2
310
E2F5E2E2E2F5E2F5E2E2E2F5E2E2F5E2E2E2E2E2E2E2F5E2F5E2E2E2E2E2E2E2E2E2E2E2E2E2E2E2E2E2E2E2E2E2E2E2E2E2E2E2E2E2E2E2E2E2E2E2E2F5E2E2E2E2E2F5E2E2E2E2E2E2E2E2E2E2E2E2E2E2E2E2E2E2E2E2F5DCE2E2E2F5F5E2DCDCE2E2DCF5DCF5E2E2E2E2E2E2E2E2E2E2E2E2E2F5DCF5F5DCF5DCDCF5F5
310
F5E2E2E2DCF5E2E2E2E2BEE2E2E2E2E2E2E2F5F5F5BEBEF5BEF5F5BEBEE2E2E2E2E2E2F5F5F5F528E2E2E2E2E2E2F5F5F5F5F5F5F5F5F5F5F5F5F5F5F5F5F5F5F5F5F5F5F5F5F5F5F5F5F5F5E2F5E2E2E2E2E2E2E2E2E2E2E2E2E2E2E2E2E2E2E2E2E2E2E2E2E2E2E2E2E2E2E2E2E2E2E2E2F5E2E2E2E2E2F5E2E2E2E2E2E2
310
E2E2E2E2E2E2E2E2E2E2E2E2E2E2F5DCE2E2BEBEBEE2E2E2DCDCDCDCE2E2E2E2E2E2E2BEBEE2BEE2E2E2E2E2F5DCDCDCDCF5E2F5F5E2E2E2F5DCF5E2BEBEBEBEE2E2E2E2E2E2E2E2BEF5BEE2F5BEF5F5BEBEE2E2E2E2E2E2E2E2E2DC28282828E2E2E2F5F5F5F5F5F5F5F5F5F5F5F5F5F5F5F5F5F5F5F5F5F5F5F5F5F5F5F5
310
F5F5E2F5E2E2E2E2E2E2E2E2E2E2E2E2E2E2E2E2E2E2E2E2E2E2E2E2E2E2E2E2E2E2E2E2E2E2E2E2F5E2E2E2E2E2F5E2E2E2E2E2E2E2E2E2E2E2E2E2E2E2E2E2E2E2E2F5BEF5E2BEBEBEE2E2E2E2BEBEBEBEE2E2E2E2E2BEBEE2BEBEBEE2E2E2E2E2BEBEDCE2E2E2E2E2E2E2E2F5E2F5E2E2E2E2BEE2E2E2E2E2E2E2BEBEF5
310
BEBEF5DCF5F5F5F5E2E2E2E2E2E2E2E2E2E2E2BEBEBEE2E2E2F5F5F5F5F5F5F5F5F5F5F5F5F5F5F5F5F5F5F5F5F5F5F5F5F5F5F5F5F5F5E2F5E2E2E2E2E2E2E2E2E2E2E2E2E2E2E2E2E2E2E2E2E2E2E2E2E2E2E2E2E2E2E2E2E2E2E2E2F5E2E2E2E2E2F5E2E2E2E2E2E2E2E2E2E2E2E2E2E2E2E2E2E2E2E2F5DCF5E2BEBEBE
310
E2E2E2F5DCBEBEE2E2E2E2E2BEBEBEBEBEBEBEE2E2E2E2E2BEBEBEDCF5E2E2E2E2E2E2F5DCF5E2E2E2E2F5E2E2E2E2E2E2E2F5F5F5DCE2F5BEF5F5F5F5E2E2E2E2E2E2E2E2E2E2E2E2E2E2E2E2E2F5F5F5F5F5F5E2E2F5E2F5F5F5F5F5E2F5F5F5E2F5F5E2E2E2E2E2E2E2F5E2F5E2E2E2E2E2E2E2E2E2E2E2E2E2E2E2E2E2
310
E2E2E2E2E2E2E2E2E2E2E2E2E2E2E2E2E2E2E2F5E2E2E2E2E2F5E2E2E2E2E2E2E2E2E2E2E2E2E2E2E2E2E2E2E2E2F5DCF5E2E2BEE2E2BEDCDCE2E2E2E2E2E2E2E2E2E2E2BEBEE2E2E2E2E2E2E2E2E2E2E2DCDCE2E2E2E2E2F5DCF5E2E2E2E2F5E2E2E2E2E2E2E2F5F5F5BEBEF5BEF5F5BEBEE2E2E2E2E2E2E2E2E2E2E2E2E2
310
E2E2E2E2F5F5F5F5F5F5F5F5F5F5F5F5F5F5F5F5F5F5F5F5F5F5F5F5F5F5F5F5F5F5E2F5E2E2E2E2E2E2E2E2E2E2E2E2E2E2E2E2E2E2E2E2E2E2E2E2E2E2E2E2E2E2E2E2E2E2E2E2F5E2E2E2E2E2F5E2E2E2E2E2E2E2E2E2F5F5F5F5F5E2E2E2E2E2E2E2DCF5E2E2E2E2DCDCE2E2E2E2E2E2E2E2E2E2E2E2E2E2E2E2E2E2E2
310
E2E2E2E2E2E2E2E2F5DCDCE2E2E2F5DCBEF5E2E2BEF5E2E2E2E2E2E2E2E2BEF5BEBEF5BEF5F5F5BEE2E2E2E2E2E2E2E2E2E2E2E2E2E2E2E2E2F5F5F5F5F5F5F5F5F5F5F5F5F5F5F5F5F5F5F5F5F5F5F5F5F5F5F5F5F5F5E2F5E2E2E2E2E2E2E2E2E2E2E2E2E2E2E2E2E2E2E2E2E2E2E2E2E2E2E2E2E2E2E2E2E2E2E2E2F5E2
310
E2E2E2E2F5E2E2E2E2E2E2E2E2E2F5F5F5F5F5E2E2E2E2E2E2E2F5BEBEBEE2DCBEE2E2E2E2E2E2E2E2E2E2E2E2E2E2E2E2E2E2E2E2E2E2E2E2E2E2E2E2E2E2F5DCE2E2F5DCBEBEBEBEBEE2E2E2E2E2E2E2E2F5F5F5BEBEF5BEF5F5F5BEE2E2E2E2E2E2E2E2E2E2E2E2E2E2E2E2E2F5F5F5F5F5F5F5F5F5E2F5F5F5F5F5E2F5
310
F5F5E2F5F5F5F5E2E2E2E2E2F5E2F5E2E2E2E2E2E2E2E2E2E2E2E2E2E2E2E2E2E2E2E2E2E2E2E2E2E2E2E2E2E2E2E2E2E2E2E2F5E2E2E2E2E2F5E2E2E2E2E2E2BEE2E2E2F5F5F5F5E2E2BEE2E2E2E2F5DCBEF5DCE2E2E2E2E2E2E2E2E2E2E2E2E2E2E2E2E2E2E2E2E2E2E2E2E2E2E2E2E2E2E2E2E2E2DCE2F5DCBEE2E2E2BE
310
BEE2E2E2E2E2E2E2F5F5F5BEBEF5BEF5F5F5BEE2E2E2E2E2E2E2E2E2E2E2E2E2E2E2E2E2F5F5F5F5F5F5F5F5F5F5F5F5F5F5F5F5F5F5F5F5F5F5F5F5F5F5F5F5F5F5E2F5E2E2E2E2E2E2E2E2E2E2E2E2E2E2E2E2E2E2E2E2E2E2E2E2E2E2E2E2E2E2E2E2E2E2E2E2F5E2E2E2E2E2F5E2E2E2E2E2E2BEBEBEBEBEF5F5BEBEBE
310
F5E2E2BEBEBEBEBEDCF5F5E2E2E2E2E2E2E2E2E2E2E2E2E2E2E2E2E2E2E2E2E2E2E2E2E2E2E2E2E2E2E2E2F5F5DCDCDCBEBEBEBEBEE2E2E2E2E2E2E2E2F5F5F5BEBEF5BEF5F5BEBEE2E2E2E2E2E2E2E2E2E2E2E2E2E2E2E2E2F5F5F5F5F5F5F5F5F5F5F5F5F5F5F5F5F5F5F5F5F5F5F5F5F5F5F5F5F5F5E2F5E2E2E2E2E2E2
310
E2E2E2E2E2E2E2E2E2E2E2E2E2E2E2E2E2E2E2E2E2E2E2E2E2E2E2E2E2E2F5E2E2E2E2E2F5E2E2E2BEF5BEF5E2E2E2E2E2E2E2E2E2F5E2E2BEBEBEDCBEF5F5F5F5E2E2E2E2E2E2E2E2E2E2E2E2E2E2E2E2E2E2E2E2E2E2E2E2E2E2E2E2E2E2F5F5F5BEBEDCBEF5BEBEF5F5E2E2E2E2E2E2E2BEBEF5BEBEF528F5F5BEBEE2E2
310
E2E2E2E2E2E2E2E2E2E2E2E2E2E2E2F5F5F5F5F5F5E2E2F5E2F5F5F5F5F5E2F5F5F5E2F5F5F5F5E2E2E2E2E2F5E2F5E2E2E2E2E2E2E2E2E2E2E2E2E2E2E2E2E2E2E2E2E2E2E2E2E2E2E2E2E2E2E2E2E2E2E2E2F5E2E2E2E2E2F5E2E2E2E2BEBEF5F5F5E2E2E2E2E2F5F5F5E2E2BEBEBEBEBEF5F5F5F5E2E2E2E2E2E2E2E2E2
310
E2E2E2E2E2E2E2E2E2E2E2E2E2E2E2E2E2E2E2E2E2F5F5F5DCBEDCBEBEBEBEF5F5E2E2E2E2E2E2E2F5BEF5F5F5F5F5F5F5F5BEBEE2E2E2E2E2E2E2E2E2E2E2E2E2E2E2E2F5F5F5F5F5F5F5F5F5F5F5F5F5F5F5F5F5F5F5F5F5F5F5F5F5F5F5F5F5F5E2F5E2E2E2E2E2E2E2E2E2E2E2E2E2E2E2E2E2E2E2E2E2E2E2E2E2E2E2
310
E2E2E2E2E2E2E2E2E2F5E2E2E2E2E2F5E2E2E2E2BEF5F5E2F5F5F5E2E2F5F5E2F5E2E2E2E2F5DCE2F5F5E2E2E2E2E2E2E2E2E2E2E2E2E2E2E2E2E2E2E2E2E2E2E2E2E2E2E2E2E2E2E2E2E2E2F5F5BEDCF5F5E2E2BEE2E2E2E2E2E2E2E2E2E2BEBEBEBEBEBEBE28BEBEBEE2E2E2E2E2E2E2E2E2E2E2E2E2E2E2F5F5F5F5F5F5
310
F5F5F5F5F5F5F5F5F5F5F5F5F5F5F5F5F5F5F5F5F5F5F5F5E2F5E2E2E2E2E2E2E2E2E2E2E2E2E2E2E2E2E2E2E2E2E2E2E2E2E2E2E2E2E2E2E2E2E2E2E2E2F5E2E2E2E2E2F5E2E2E2E2BEF5F5F5F5F5E2F5F5E2F5F5F5E2E2E2E2F5DCF5E2E2E2E2E2E2E2E2E2E2E2E2E2E2E2E2E2E2E2E2E2E2E2E2E2E2E2E2E2E2E2E2E2DC
310
DCE2BEBEF5DCBEBEBEBEBEE2E2E2E2E2E2E2E2E2E2F5F5BEF5F5F5BEBEBEBEBEE2E2E2E2E2E2E2E2E2E2E2E2E2E2E2F5F5F5F5F5F5F5F5F5F5F5F5F5F5F5F5F5F5F5F5F5F5F5F5F5F5F5F5F5F5E2F5E2E2E2E2E2E2E2E2E2E2E2E2E2E2E2E2E2E2E2E2E2E2E2E2E2E2E2E2E2E2E2E2E2E2E2E2F5E2E2E2E2E2F5E2E2E2E2BE
310
F5F5F5F5F5F5E2F5F5F5F5F5E2E2E2F5F5DCF5E2E2E2E2E2E2E2E2E2E2E2E2E2E2E2E2E2E2E2E2E2E2E2E2E2E2E2E2E2E2E2E2E2DCDCE2E2F5F5DCE2F5E2DCDCE2E2E2E2E2E2E2E2E2E2BEF5F5BEF5F5BEE2E2E2E2E2E2E2E2E2E2E2E2E2E2E2E2E2E2E2F5F5F5F5F5F5E2E2F5E2F5F5F5F5F5E2F5F5F5E2F5F5F5F5E2E2E2
310
E2E2F5E2F5E2E2E2E2E2E2E2E2E2E2E2E2E2E2E2E2E2E2E2E2E2E2E2E2E2E2E2E2E2E2E2E2E2E2E2E2F5E2E2E2E2E2F5E2F5F5F5BEBEF5E2F5F5E2E2E2E2F5F5F5E2E2E2F5F5DCF5E2E2E2E2E2E2E2E2E2E2E2E2E2E2E2E2E2E2E2E2E2E2E2E2E2E2E2E2E2E2E2E2E2DCDCDCE2F5F5DCF5F5DCDCDCF5E2E2E2E2E2E2E2E2E2
310
BEF5F5BEF5F5BEE2E2E2E2E2E2E2E2E2E2E2E2E2E2E2E2E2E2E2F5F5F5F5F5F5F5F5F5F5F5F5F5F5F5F5F5F5F5F5F5F5F5F5F5F5F5F5F5F5E2F5E2E2E2E2E2E2E2E2E2E2E2E2E2E2E2E2E2E2E2E2E2E2E2E2E2E2E2E2E2E2E2E2E2E2E2E2F5E2E2E2E2E2F5F5F5F5F5BEBEBEF5E2E2E2E2E2E2E2F5F5E2E2E2F5F5DCF5BEE2
310
E2E2E2E2E2E2E2E2E2E2E2E2E2E2E2E2E2E2E2E2E2E2E2E2E2E2E2E2E2E2E2E2E2E2BEF5DCBEF5DCDCDCF5F5E2E2E2E2E2E2E2E2E2E2E2E2E2E2E2E2E2E2E2E2E2E2E2E2E2E2E2E2E2E2E2E2E2E2E2F5F5F5F5F5F5F5F5F5F5F5F5F5F5F5F5F5F5F5F5F5F5F5F5F5F5F5F5F5F5E2F5E2E2E2E2E2E2E2E2E2E2E2E2E2E2E2E2
310
E2E2E2E2E2E2E2E2E2E2E2E2E2E2E2E2E2E2E2E2F5E2E2E2E2E2F5F5F5F5F5BEBEE2F5F5F5E2E2E2E2F5F5E2E2E2E2F5BEBEBEBEBEE2E2E2E2E2E2E2E2E2E2E2E2E2E2E2E2E2E2E2E2E2E2E2E2E2E2E2E2E2E2E2E2E2E2BEBEBEF5F5F5E2E2BEE2E2E2E2E2E2E2E2E2E2E2E2E2E2E2E2E2E2E2E2E2E2E2E2E2E2E2E2E2E2E2
310
E2E2E2E2E2F5F5F5F5F5F5E2E2F5E2F5F5F5F5F5E2F5F5F5E2F5F5F5F5E2E2E2E2E2F5E2F5E2E2E2E2E2E2E2E2E2E2E2E2E2E2E2E2E2E2E2E2E2E2E2E2E2E2E2E2E2E2E2E2E2E2E2E2F5E2E2E2E2E2F5E2E2E2E2BEF5E2F5E2F5F5E2E2F5F5F5E2E2E2F5F5F5BEBEBEBEE2E2E2E2E2E2E2E2E2E2E2E2E2E2E2E2E2E2E2E2E2
310
E2E2E2E2E2E2E2E2E2E2E2DCDCBEBEBEF5F5F5BEBEDCE2E2E2E2E2E2E2E2E2E2E2E2E2E2E2E2E2E2E2E2E2E2E2E2E2E2E2E2E2E2E2E2E2E2E2E2F5F5F5F5F5F5F5F5F5F5F5F5F5F5F5F5F5F5F5F5F5F5F5F5F5F5F5F5F5F5E2F5E2E2E2E2E2E2E2E2E2E2E2E2E2E2E2E2E2E2E2E2E2E2E2E2E2E2E2E2E2E2E2E2E2E2E2E2F5
310
E2E2E2E2E2F5E2E2E2E2BEF5E2F5F5F5E2F5F5E2F5F5F5E2E2F5F5F5BEBEBEBEE2E2E2E2E2E2E2E2E2E2E2E2E2E2E2E2E2E2E2E2E2E2E2E2E2E2E2E2E2E2E2DCDCDCBEBEBEF5F5F5DCDCDCE2E2E2E2E2E2E2E2E2E2E2E2E2E2E2E2E2E2E2E2E2E2E2E2E2E2E2E2E2E2E2E2E2E2E2E2F5F5F5F5F5F5F5F5F5F5F5F5F5F5F5F5
310
F5F5F5F5F5F5F5F5F5F5F5F5F5F5E2F5E2E2E2E2E2E2E2E2E2E2E2E2E2E2E2E2E2E2E2E2E2E2E2E2E2E2E2E2E2E2E2E2E2E2E2E2F5E2E2E2E2E2F5E2E2E2E2BEF5E2F5F5F5F5E2F5F5F5F5E2E2E2E2E2BEBEDCE2E2E2E2E2E2E2E2E2E2E2E2E2E2E2E2E2E2E2E2E2E2E2E2E2E2E2E2E2E2E2E2E2E2DCDCE2F5BEF5F5F5DCDC
310
DCE2E2E2E2E2E2E2E2E2E2E2E2E2E2E2E2E2E2E2E2E2E2E2E2E2E2E2E2E2E2E2E2E2E2E2E2F5F5F5F5F5F5E2E2F5E2F5F5F5F5F5E2F5F5F5F5F5F5E2E2E2E2E2E2E2F5E2F5E2E2E2E2E2E2E2E2E2E2E2E2E2E2E2E2E2E2E2E2E2E2E2E2E2E2E2E2E2E2E2E2E2E2E2E2F5E2E2E2E2E2F5E2E2E2E2BEBEE2F5F5F5E2E2E2F5F5
310
F5E2E2E2E2E2E2E2E2E2E2E2E2E2E2E2E2E2E2E2E2E2E2E2E2E2E2E2E2E2E2E2E2E2E2E2E2E2E2E2E2E2E2E2E2E2E2E2E2E2E2E2E2E2E2E2E2E2E2E2E2E2E2E2E2E2E2E2E2E2E2E2E2E2E2E2E2E2E2E2E2E2E2E2E2E2E2E2E2E2F5F5F5F5F5F5F5F5F5F5F5F5F5F5F5F5F5F5F5F5F5F5F5F5F5F5F5F5F5F5E2F5E2E2E2E2E2
310
E2E2E2E2E2E2E2E2E2E2E2E2E2E2E2E2E2E2E2E2E2E2E2E2E2E2E2E2E2E2E2F5E2E2E2E2E2F5E2E2E2BEBEBEBEF5E2E2E2E2E2E2E2F5E2E2E2E2E2E2E2E2E2E2E2E2E2E2E2E2E2E2E2E2E2E2E2E2E2E2E2E2E2E2E2E2E2E2E2E2E2E2E2E2E2E2E2E2E2E2E2E2E2E2E2E2E2E2E2E2E2E2E2E2E2E2E2E2E2E2E2E2E2E2E2E2E2
310
E2E2E2E2E2E2E2E2E2E2E2E2E2E2E2E2F5F5F5F5F5F5F5F5F5F5F5F5F5F5F5F5F5F5F5F5F5F5F5F5F5F5F5F5F5F5E2F5E2E2E2E2E2E2E2E2E2E2E2E2E2E2E2E2E2E2E2E2E2E2E2E2E2E2E2E2E2E2E2E2E2E2E2E2F5E2E2E2E2E2F5E2E2E2E2E2E2E2BEE2E2E2E2E2E2E2BEE2E2E2E2E2E2E2E2E2E2E2E2E2E2E2E2E2E2E2E2
310
E2E2E2E2E2E2E2E2E2E2E2E2E2E2E2E2E2E2E2E2E2E2E2E2E2E2E2E2E2E2E2E2E2E2E2E2E2E2E2E2E2E2E2E2E2E2E2E2E2E2E2E2E2E2E2E2E2E2E2E2E2E2E2E2E2E2E2E2E2F5F5F5F5F5F5F5F5F5F5F5F5F5F5F5F5F5F5F5F5F5F5F5F5F5F5F5F5F5F5E2F5E2E2E2E2E2E2E2E2E2E2E2E2E2E2E2E2E2E2E2E2E2E2E2E2E2E2
310
E2E2E2E2E2E2E2E2E2E2F5E2E2E2E2E2F5E2E2E2E2E2E2E2BEBEBEBEF5F5BEBEF5BEE2E2E2E2E2E2E2E2E2E2E2E2E2E2E2E2E2E2E2E2E2E2E2E2E2E2E2E2E2E2E2E2E2E2E2E2E2E2E2E2E2E2E2E2E2E2E2E2E2E2E2E2E2E2E2E2E2E2E2E2E2E2E2E2E2E2E2E2E2E2E2E2E2E2E2E2E2E2E2E2E2E2E2E2E2E2E2E2F5F5F5F5F5
310
F5F5F5F5E2F5F5F5F5F5E2F5F5F5E2F5F5F5F5F5E2E2E2E2F5E2F5E2E2E2E2E2E2E2E2E2E2E2E2E2E2E2E2E2E2E2E2E2E2E2E2E2E2E2E2E2E2E2E2E2E2E2E2F5E2E2E2E2E2F5E2E2E2E2E2E2E2E2F5F5F5BEBEF5F5E2E2E2E2E2E2E2E2E2E2E2E2E2E2E2E2E2E2E2E2E2E2E2E2E2E2E2E2E2E2E2E2E2E2E2E2E2E2E2E2E2E2
310
E2E2E2E2E2E2E2E2E2E2E2E2E2E2E2E2E2E2E2E2E2E2E2E2E2E2E2E2E2E2E2E2E2E2E2E2E2E2E2E2E2E2E2E2E2E2E2E2F5F5F5F5F5F5F5F5F5F5F5F5F5F5F5F5F5F5F5F5F5F5F5F5F5F5F5F5F5F5E2F5E2E2E2E2E2E2E2E2E2E2E2E2E2E2E2E2E2E2E2E2E2E2E2E2E2E2E2E2E2E2E2E2E2E2E2E2F5E2E2E2E2E2F5E2E2E2E2
310
E2E2E2E2E2F5BEBEBEF5F5E2E2E2E2E2E2E2E2E2E2E2E2E2E2E2E2E2E2E2E2E2E2E2E2E2E2E2E2E2E2E2E2E2E2E2E2E2E2E2E2E2E2E2E2E2E2E2E2E2E2E2E2E2E2E2E2E2E2E2E2E2E2E2E2E2E2E2E2E2E2E2E2E2E2E2E2E2E2E2E2E2E2E2E2E2E2E2E2E2E2F5F5F5F5F5E2F5F5F5F5F5F5F5F5F5F5F5F5F5F5F5F5E2F5E2E2
310
F5F5E2F5E2F5E2E2E2E2E2E2E2E2E2E2E2E2E2E2E2E2E2E2E2E2E2E2E2E2E2E2E2E2E2E2E2E2E2E2E2E2F5E2E2E2E2E2F5E2E2E2E2E2E2E2E2E2F5F5BEBEF5F5E2E2E2E2E2E2E2E2E2E2E2E2E2E2E2E2E2E2E2E2E2E2E2E2E2E2E2E2E2E2E2E2E2E2E2E2E2E2E2E2E2E2E2E2E2E2E2E2E2E2E2E2E2E2E2E2E2E2E2E2E2E2E2
310
E2E2E2E2E2E2E2E2E2E2E2E2E2E2E2E2E2E2E2E2E2E2E2E2E2E2E2F5F5F5F5F5E2F5F5F5F5E2F5F5F5F5F5F5F5F5F5F5F5E2F5F5E2F5F5E2F5E2F5E2E2E2E2E2E2E2E2E2E2E2E2E2E2E2E2E2E2E2E2E2E2E2E2E2E2E2E2E2E2E2E2E2E2E2E2F5E2E2E2E2E2F5E2E2E2E2E2E2E2E2E2E2E2E2E2E2E2E2E2E2E2E2E2E2E2E2E2
310
E2E2E2E2E2E2E2E2E2E2E2E2E2E2E2E2E2E2E2E2E2E2E2E2E2E2E2E2E2E2E2E2E2E2E2E2E2E2E2E2E2E2E2E2E2E2E2E2E2E2E2E2E2E2E2E2E2E2E2E2E2E2E2E2E2E2E2E2E2E2E2E2E2E2E2E2E2E2E2E2F5F5F5F5F5F5F5F5F5F5F5F5F5F5F5F5F5F5F5F5F5F5F5F5F5F5F5F5F5F5E2F5E2E2E2E2E2E2E2E2E2E2E2E2E2E2E2
310
E2E2E2E2E2E2E2E2E2E2E2E2E2E2E2E2E2E2E2E2E2F5E2E2E2E2E2F5E2E2E2E2E2E2E2E2E2E2E2E2E2E2E2E2E2E2E2E2E2E2E2E2E2E2E2E2E2E2E2E2E2E2E2E2E2E2E2E2E2E2E2E2E2E2E2E2E2E2E2E2E2E2E2E2E2E2E2E2E2E2E2E2E2E2E2E2E2E2E2E2E2E2E2E2E2E2E2E2E2E2E2E2E2E2E2E2E2E2E2E2E2E2E2E2E2E2E2
310
E2E2E2E2E2E2F5E2E2E2E2F5F5E2E2E2F5E2E2E2F5F5E2E2E2E2E2E2E2F5E2E2E2E2E2F5E2F5E2E2E2E2E2E2E2E2E2E2E2E2E2E2E2E2E2E2E2E2E2E2E2E2E2E2E2E2E2E2E2E2E2E2E2E2F5E2E2E2E2E2F5F5F5F5F5F5F5F5F5F5F5F5F5E2E2E2E2E2E2E2E2E2E2E2E2E2E2E2E2E2E2E2E2E2E2E2E2E2E2E2E2E2E2E2E2E2E2
310
E2E2E2E2E2E2E2E2E2E2E2E2E2E2E2E2E2E2E2E2E2E2E2E2E2E2E2E2E2E2E2E2E2E2E2E2E2E2E2E2E2E2E2E2E2E2E2E2E2E2E2E2E2E2E2E2E2E2E2F5E2E2E2E2F5F5E2E2F5F5F5E2E2F5F5E2E2F5F5E2E2F5F5F5E2E2E2E2F5E2F5E2E2E2E2E2E2E2E2E2E2E2E2E2E2E2E2E2E2E2E2E2E2E2E2E2E2E2E2E2E2E2E2E2E2E2E2
310
F5E2E2E2E2E2F5E2E2E2E2E2E2E2E2E2E2E2F5E2E2E2E2E2E2E2E2E2E2E2E2E2E2E2E2E2E2E2E2E2E2E2E2E2E2E2E2E2E2E2E2E2E2E2E2E2E2E2E2E2E2E2E2E2E2E2E2E2E2E2E2E2E2E2E2E2E2E2E2E2E2E2E2E2E2E2E2E2E2E2E2E2E2E2E2E2E2E2E2E2E2E2E2E2E2E2E2E2E2E2E2E2F5E2E2E2E2F5F5E2E2E2F5F5E2E2F5
310
F5E2E2F5F5E2E2E2F5E2E2E2E2E2F5E2F5E2E2E2E2E2E2E2E2E2E2E2E2E2E2E2E2E2E2E2E2E2E2E2E2E2E2E2E2E2E2E2E2E2E2E2E2F5E2E2E2E2E2F5F5F5F5F5F5F5F5F5F5F5F5F5F5F5F5F5F5F5F5F5F5F5F5F5F5F5F5F5F5F5F5F5F5F5F5F5F5F5F5F5F5F5F5F5F5F5F5F5F5F5F5F5F5F5F5F5F5F5F5F5F5F5F5F5F5F5F5
310
F5F5F5F5F5F5F5F5F5F5F5F5F5F5F5F5F5F5F5F5F5F5F5F5F5F5F5F5F5F5F5F5F5F5F5F5F5F5F5F5F5F5F5F5F5F5F5F5F5F5F5F5F5F5F5F5F5F5F5F5F5F5F5F5F5F5F5F5E2F5E2E2E2E2E2E2E2E2E2E2E2E2E2E2E2E2E2E2E2E2E2E2E2E2E2E2E2E2E2E2E2E2E2E2E2E2F5E2E2E2E2E2E2E2E2E2E2E2E2E2E2E2E2E2E2E2E2
310
E2E2E2E2E2E2E2E2E2E2E2E2E2E2E2E2E2E2E2E2E2E2E2E2E2E2E2E2E2E2E2E2E2E2E2E2E2E2E2E2E2E2E2E2E2E2E2E2E2E2E2E2E2E2E2E2E2E2E2E2E2E2E2E2E2E2E2E2E2E2E2E2E2E2E2E2E2E2E2E2E2E2E2E2E2E2E2E2E2E2E2E2E2E2E2E2E2E2E2E2E2E2E2E2E2E2E2E2E2E2E2E2E2E2E2E2E2E2E2E2E2E2F5E2E2E2E2
310
E2E2E2E2E2E2E2E2E2E2E2E2E2E2E2E2E2E2E2E2E2E2E2E2E2E2E2E2E2E2E2E2F5F5F5F5F5F5F5F5F5F5F5F5F5F5F5F5F5F5F5F5F5F5F5F5F5F5F5F5F5F5F5F5F5F5F5F5F5F5F5F5F5F5F5F5F5F5F5F5F5F5F5F5F5F5F5F5F5F5F5F5F5F5F5F5F5F5F5F5F5F5F5F5F5F5F5F5F5F5F5F5F5F5F5F5F5F5F5F5F5F5F5F5F5F5F5
310
F5F5F5F5F5F5F5F5F5F5F5F5F5F5F5F5F5F5F5F5F5F5F5F5F5F5F5F5F5F5F5F5F5F5F5F5F5F5F5F5F5F5F5F5F5F5F5F5F5E2E2E2E2E2E2E2E2E2E2E2E2E2E2E2E2E2E2E2E2E2E2E2E2E2E2E2E2E2E2E2E2E2E2E2E2E2E2E2E2E2E2E2E2E2E2E2E2E2E2E2E2E2E2E2E2E2E2E2E2E2E2E2E2E2E2E2E2E2E2E2E2E2E2E2E2E2E2
310
E2E2E2E2E2E2E2E2E2E2E2E2E2E2E2E2E2E2E2E2E2E2E2E2E2E2E2E2E2E2E2E2E2E2E2E2E2E2E2E2E2E2E2E2E2E2E2E2E2E2E2E2E2E2E2E2E2E2E2E2E2E2E2E2E2E2E2E2E2E2E2E2E2E2E2E2E2E2E2E2E2E2E2E2E2E2E2E2E2E2E2E2E2E2E2E2E2E2E2E2E2E2E2E2E2E2E2E2E2E2E2E2E2E2E2E2E2E2E2E2
  0
ENDSEC
  0
EOF
