  0
SECTION
  2
HEADER
  9
$ACADVER
  1
AC1032
  9
$ACADMAINTVER
 90
       55
  9
$DWGCODEPAGE
  3
ANSI_936
  9
$LASTSAVEDBY
  1
zsn
  9
$REQUIREDVERSIONS
160
                 0
  9
$INSBASE
 10
0.0
 20
0.0
 30
0.0
  9
$EXTMIN
 10
25909.37598705114
 20
-11584.04416007493
 30
-0.0002349674244453
  9
$EXTMAX
 10
26753.59333259463
 20
-10989.40778241115
 30
0.0003524869911651
  9
$LIMMIN
 10
-100.0
 20
-100.0
  9
$LIMMAX
 10
100.0
 20
100.0
  9
$ORTHOMODE
 70
     0
  9
$REGENMODE
 70
     1
  9
$FILLMODE
 70
     1
  9
$QTEXTMODE
 70
     0
  9
$MIRRTEXT
 70
     0
  9
$LTSCALE
 40
10.0
  9
$ATTMODE
 70
     1
  9
$TEXTSIZE
 40
60.0
  9
$TRACEWID
 40
1.0
  9
$TEXTSTYLE
  7
Standard
  9
$CLAYER
  8
0
  9
$CELTYPE
  6
ByLayer
  9
$CECOLOR
 62
   256
  9
$CELTSCALE
 40
1.0
  9
$DISPSILH
 70
     0
  9
$DIMSCALE
 40
1.0
  9
$DIMASZ
 40
1.0
  9
$DIMEXO
 40
2.0
  9
$DIMDLI
 40
0.0
  9
$DIMRND
 40
0.0
  9
$DIMDLE
 40
0.0
  9
$DIMEXE
 40
2.0
  9
$DIMTP
 40
0.0
  9
$DIMTM
 40
0.0
  9
$DIMTXT
 40
2.5
  9
$DIMCEN
 40
0.09
  9
$DIMTSZ
 40
0.0
  9
$DIMTOL
 70
     0
  9
$DIMLIM
 70
     0
  9
$DIMTIH
 70
     0
  9
$DIMTOH
 70
     0
  9
$DIMSE1
 70
     0
  9
$DIMSE2
 70
     0
  9
$DIMTAD
 70
     1
  9
$DIMZIN
 70
     0
  9
$DIMBLK
  1
Oblique
  9
$DIMASO
 70
     1
  9
$DIMSHO
 70
     1
  9
$DIMPOST
  1

  9
$DIMAPOST
  1

  9
$DIMALT
 70
     0
  9
$DIMALTD
 70
     2
  9
$DIMALTF
 40
25.4
  9
$DIMLFAC
 40
20.0
  9
$DIMTOFL
 70
     1
  9
$DIMTVP
 40
0.0
  9
$DIMTIX
 70
     1
  9
$DIMSOXD
 70
     0
  9
$DIMSAH
 70
     0
  9
$DIMBLK1
  1

  9
$DIMBLK2
  1

  9
$DIMSTYLE
  2
BZ
  9
$DIMCLRD
 70
     1
  9
$DIMCLRE
 70
     1
  9
$DIMCLRT
 70
     7
  9
$DIMTFAC
 40
1.4
  9
$DIMGAP
 40
1.0
  9
$DIMJUST
 70
     0
  9
$DIMSD1
 70
     0
  9
$DIMSD2
 70
     0
  9
$DIMTOLJ
 70
     1
  9
$DIMTZIN
 70
     0
  9
$DIMALTZ
 70
     0
  9
$DIMALTTZ
 70
     0
  9
$DIMUPT
 70
     0
  9
$DIMDEC
 70
     0
  9
$DIMTDEC
 70
     0
  9
$DIMALTU
 70
     2
  9
$DIMALTTD
 70
     2
  9
$DIMTXSTY
  7
DXT
  9
$DIMAUNIT
 70
     0
  9
$DIMADEC
 70
     0
  9
$DIMALTRND
 40
0.0
  9
$DIMAZIN
 70
     0
  9
$DIMDSEP
 70
    46
  9
$DIMATFIT
 70
     3
  9
$DIMFRAC
 70
     0
  9
$DIMLDRBLK
  1
Oblique
  9
$DIMLUNIT
 70
     2
  9
$DIMLWD
 70
    -2
  9
$DIMLWE
 70
    -2
  9
$DIMTMOVE
 70
     2
  9
$DIMFXL
 40
1.0
  9
$DIMFXLON
 70
     0
  9
$DIMJOGANG
 40
0.7853981633974483
  9
$DIMTFILL
 70
     0
  9
$DIMTFILLCLR
 70
     0
  9
$DIMARCSYM
 70
     0
  9
$DIMLTYPE
  6

  9
$DIMLTEX1
  6

  9
$DIMLTEX2
  6

  9
$DIMTXTDIRECTION
 70
     0
  9
$LUNITS
 70
     2
  9
$LUPREC
 70
     2
  9
$SKETCHINC
 40
1.0
  9
$FILLETRAD
 40
0.0
  9
$AUNITS
 70
     0
  9
$AUPREC
 70
     0
  9
$MENU
  1
.
  9
$ELEVATION
 40
0.0
  9
$PELEVATION
 40
0.0
  9
$THICKNESS
 40
0.0
  9
$LIMCHECK
 70
     0
  9
$CHAMFERA
 40
2.0
  9
$CHAMFERB
 40
2.0
  9
$CHAMFERC
 40
0.0
  9
$CHAMFERD
 40
0.0
  9
$SKPOLY
 70
     0
  9
$TDCREATE
 40
2456793.611478588
  9
$TDUCREATE
 40
2456793.278145255
  9
$TDUPDATE
 40
2461293.944733056
  9
$TDUUPDATE
 40
2461293.611399723
  9
$TDINDWG
 40
12.313916713
  9
$TDUSRTIMER
 40
12.313916713
  9
$USRTIMER
 70
     1
  9
$ANGBASE
 50
0.0
  9
$ANGDIR
 70
     0
  9
$PDMODE
 70
     0
  9
$PDSIZE
 40
0.0
  9
$PLINEWID
 40
0.25
  9
$SPLFRAME
 70
     0
  9
$SPLINETYPE
 70
     6
  9
$SPLINESEGS
 70
     8
  9
$HANDSEED
  5
E01
  9
$SURFTAB1
 70
     6
  9
$SURFTAB2
 70
     6
  9
$SURFTYPE
 70
     6
  9
$SURFU
 70
     6
  9
$SURFV
 70
     6
  9
$UCSBASE
  2

  9
$UCSNAME
  2

  9
$UCSORG
 10
0.0
 20
0.0
 30
0.0
  9
$UCSXDIR
 10
1.0
 20
0.0
 30
0.0
  9
$UCSYDIR
 10
0.0
 20
1.0
 30
0.0
  9
$UCSORTHOREF
  2

  9
$UCSORTHOVIEW
 70
     0
  9
$UCSORGTOP
 10
0.0
 20
0.0
 30
0.0
  9
$UCSORGBOTTOM
 10
0.0
 20
0.0
 30
0.0
  9
$UCSORGLEFT
 10
0.0
 20
0.0
 30
0.0
  9
$UCSORGRIGHT
 10
0.0
 20
0.0
 30
0.0
  9
$UCSORGFRONT
 10
0.0
 20
0.0
 30
0.0
  9
$UCSORGBACK
 10
0.0
 20
0.0
 30
0.0
  9
$PUCSBASE
  2

  9
$PUCSNAME
  2

  9
$PUCSORG
 10
0.0
 20
0.0
 30
0.0
  9
$PUCSXDIR
 10
1.0
 20
0.0
 30
0.0
  9
$PUCSYDIR
 10
0.0
 20
1.0
 30
0.0
  9
$PUCSORTHOREF
  2

  9
$PUCSORTHOVIEW
 70
     0
  9
$PUCSORGTOP
 10
0.0
 20
0.0
 30
0.0
  9
$PUCSORGBOTTOM
 10
0.0
 20
0.0
 30
0.0
  9
$PUCSORGLEFT
 10
0.0
 20
0.0
 30
0.0
  9
$PUCSORGRIGHT
 10
0.0
 20
0.0
 30
0.0
  9
$PUCSORGFRONT
 10
0.0
 20
0.0
 30
0.0
  9
$PUCSORGBACK
 10
0.0
 20
0.0
 30
0.0
  9
$USERI1
 70
     0
  9
$USERI2
 70
     0
  9
$USERI3
 70
     0
  9
$USERI4
 70
     0
  9
$USERI5
 70
     0
  9
$USERR1
 40
0.0
  9
$USERR2
 40
0.0
  9
$USERR3
 40
0.0
  9
$USERR4
 40
0.0
  9
$USERR5
 40
0.0
  9
$WORLDVIEW
 70
     1
  9
$SHADEDGE
 70
     3
  9
$SHADEDIF
 70
    70
  9
$TILEMODE
 70
     1
  9
$MAXACTVP
 70
    64
  9
$PINSBASE
 10
0.0
 20
0.0
 30
0.0
  9
$PLIMCHECK
 70
     0
  9
$PEXTMIN
 10
0.0
 20
0.0
 30
0.0
  9
$PEXTMAX
 10
0.0
 20
0.0
 30
0.0
  9
$PLIMMIN
 10
0.0
 20
0.0
  9
$PLIMMAX
 10
12.0
 20
9.0
  9
$UNITMODE
 70
     0
  9
$VISRETAIN
 70
     1
  9
$PLINEGEN
 70
     0
  9
$PSLTSCALE
 70
     1
  9
$TREEDEPTH
 70
  3020
  9
$CMLSTYLE
  2
Standard
  9
$CMLJUST
 70
     0
  9
$CMLSCALE
 40
20.0
  9
$PROXYGRAPHICS
 70
     1
  9
$MEASUREMENT
 70
     1
  9
$CELWEIGHT
370
    -1
  9
$ENDCAPS
280
     0
  9
$JOINSTYLE
280
     0
  9
$LWDISPLAY
290
     0
  9
$INSUNITS
 70
     4
  9
$HYPERLINKBASE
  1

  9
$STYLESHEET
  1

  9
$XEDIT
290
     1
  9
$CEPSNTYPE
380
     0
  9
$PSTYLEMODE
290
     1
  9
$FINGERPRINTGUID
  2
{CF0A1668-CCEF-4408-96E7-11F2926EBD4E}
  9
$VERSIONGUID
  2
{4B6539FD-21F5-4DCE-8695-8683A8447E16}
  9
$EXTNAMES
290
     1
  9
$PSVPSCALE
 40
0.0
  9
$OLESTARTUP
290
     0
  9
$SORTENTS
280
   127
  9
$INDEXCTL
280
     0
  9
$HIDETEXT
280
     1
  9
$XCLIPFRAME
280
     0
  9
$HALOGAP
280
     0
  9
$OBSCOLOR
 70
   257
  9
$OBSLTYPE
280
     0
  9
$INTERSECTIONDISPLAY
280
     0
  9
$INTERSECTIONCOLOR
 70
   257
  9
$DIMASSOC
280
     2
  9
$PROJECTNAME
  1

  9
$CAMERADISPLAY
290
     0
  9
$LENSLENGTH
 40
50.0
  9
$CAMERAHEIGHT
 40
0.0
  9
$STEPSPERSEC
 40
2.0
  9
$STEPSIZE
 40
6.0
  9
$3DDWFPREC
 40
2.0
  9
$PSOLWIDTH
 40
0.25
  9
$PSOLHEIGHT
 40
4.0
  9
$LOFTANG1
 40
1.570796326794897
  9
$LOFTANG2
 40
1.570796326794897
  9
$LOFTMAG1
 40
0.0
  9
$LOFTMAG2
 40
0.0
  9
$LOFTPARAM
 70
     7
  9
$LOFTNORMALS
280
     1
  9
$LATITUDE
 40
37.795
  9
$LONGITUDE
 40
-122.394
  9
$NORTHDIRECTION
 40
0.0
  9
$TIMEZONE
 70
 -8000
  9
$LIGHTGLYPHDISPLAY
280
     1
  9
$TILEMODELIGHTSYNCH
280
     1
  9
$CMATERIAL
347
40
  9
$SOLIDHIST
280
     0
  9
$SHOWHIST
280
     1
  9
$DWFFRAME
280
     2
  9
$DGNFRAME
280
     2
  9
$REALWORLDSCALE
290
     1
  9
$INTERFERECOLOR
 62
   256
  9
$CSHADOW
280
     0
  9
$SHADOWPLANELOCATION
 40
0.0
  0
ENDSEC
  0
SECTION
  2
CLASSES
  0
CLASS
  1
ACDBDICTIONARYWDFLT
  2
AcDbDictionaryWithDefault
  3
ObjectDBX Classes
 90
        0
 91
        3
280
     0
281
     0
  0
CLASS
  1
ACDBPLACEHOLDER
  2
AcDbPlaceHolder
  3
ObjectDBX Classes
 90
        0
 91
        1
280
     0
281
     0
  0
CLASS
  1
LAYOUT
  2
AcDbLayout
  3
ObjectDBX Classes
 90
        0
 91
        1
280
     0
281
     0
  0
CLASS
  1
DICTIONARYVAR
  2
AcDbDictionaryVar
  3
ObjectDBX Classes
 90
        0
 91
        3
280
     0
281
     0
  0
CLASS
  1
SORTENTSTABLE
  2
AcDbSortentsTable
  3
ObjectDBX Classes
 90
        0
 91
        3
280
     0
281
     0
  0
CLASS
  1
DIMASSOC
  2
AcDbDimAssoc
  3
"AcDbDimAssoc|Product Desc:     AcDim ARX App For Dimension|Company:          Autodesk, Inc.|WEB Address:      www.autodesk.com"
 90
        0
 91
        3
280
     0
281
     0
  0
CLASS
  1
MATERIAL
  2
AcDbMaterial
  3
ObjectDBX Classes
 90
     1153
 91
        3
280
     0
281
     0
  0
CLASS
  1
VISUALSTYLE
  2
AcDbVisualStyle
  3
ObjectDBX Classes
 90
     4095
 91
        3
280
     0
281
     0
  0
CLASS
  1
TABLESTYLE
  2
AcDbTableStyle
  3
ObjectDBX Classes
 90
     4095
 91
        3
280
     0
281
     0
  0
CLASS
  1
SCALE
  2
AcDbScale
  3
ObjectDBX Classes
 90
     1153
 91
        3
280
     0
281
     0
  0
CLASS
  1
MLEADERSTYLE
  2
AcDbMLeaderStyle
  3
ACDB_MLEADERSTYLE_CLASS
 90
     4095
 91
        3
280
     0
281
     0
  0
CLASS
  1
CELLSTYLEMAP
  2
AcDbCellStyleMap
  3
ObjectDBX Classes
 90
     1152
 91
        3
280
     0
281
     0
  0
CLASS
  1
SOLID_BACKGROUND
  2
AcDbSolidBackground
  3
SCENEOE
 90
     4095
 91
        3
280
     0
281
     0
  0
CLASS
  1
NPOCOLLECTION
  2
AcDbImpNonPersistentObjectsCollection
  3
ObjectDBX Classes
 90
     1153
 91
        1
280
     1
281
     0
  0
CLASS
  1
ACAD_EVALUATION_GRAPH
  2
AcDbEvalGraph
  3
ObjectDBX Classes
 90
     1153
 91
        1
280
     1
281
     0
  0
CLASS
  1
ACAECUSTOBJ
  2
AcAeEditorObj
  3
AcAeEditorObj
 90
     1024
 91
        1
280
     1
281
     0
  0
CLASS
  1
ACDB_DYNAMICBLOCKPURGEPREVENTER_VERSION
  2
AcDbDynamicBlockPurgePreventer
  3
ObjectDBX Classes
 90
     1153
 91
        1
280
     1
281
     0
  0
CLASS
  1
EXACXREFPANELOBJECT
  2
ExAcXREFPanelObject
  3
EXAC_ESW
 90
     1025
 91
        1
280
     1
281
     0
  0
CLASS
  1
ACDBDETAILVIEWSTYLE
  2
AcDbDetailViewStyle
  3
ObjectDBX Classes
 90
     1025
 91
        3
280
     0
281
     0
  0
CLASS
  1
ACDBSECTIONVIEWSTYLE
  2
AcDbSectionViewStyle
  3
ObjectDBX Classes
 90
     1025
 91
        3
280
     0
281
     0
  0
ENDSEC
  0
SECTION
  2
TABLES
  0
TABLE
  2
VPORT
  5
2A
330
0
100
AcDbSymbolTable
 70
     1
  0
VPORT
  5
2B
330
2A
100
AcDbSymbolTableRecord
100
AcDbViewportTableRecord
  2
*Active
 70
     0
 10
0.0
 20
0.0
 11
1.0
 21
1.0
 12
26331.48465982289
 22
-11286.72597124304
 13
0.0
 23
0.0
 14
10.0
 24
10.0
 15
10.0
 25
10.0
 16
-1.124745541366603E-32
 26
-6.123031769111886E-17
 36
1.0
 17
0.0
 27
0.0
 37
0.0
 40
599.0033522855556
 41
1.75
 42
50.0
 43
0.0
 44
0.0
 50
0.0
 51
0.0
 71
     0
 72
   300
 73
     1
 74
     3
 75
     0
 76
     0
 77
     0
 78
     0
281
     0
 65
     1
110
0.0
120
0.0
130
0.0
111
1.0
121
0.0
131
0.0
112
0.0
122
1.0
132
0.0
 79
     0
146
0.0
348
2C
 60
     3
 61
     5
292
     1
282
     1
141
0.0
142
0.0
 63
   256
  0
ENDTAB
  0
TABLE
  2
LTYPE
  5
25
330
0
100
AcDbSymbolTable
 70
     4
  0
LTYPE
  5
26
330
25
100
AcDbSymbolTableRecord
100
AcDbLinetypeTableRecord
  2
ByBlock
 70
     0
  3

 72
    65
 73
     0
 40
0.0
  0
LTYPE
  5
27
330
25
100
AcDbSymbolTableRecord
100
AcDbLinetypeTableRecord
  2
ByLayer
 70
     0
  3

 72
    65
 73
     0
 40
0.0
  0
LTYPE
  5
15
330
25
100
AcDbSymbolTableRecord
100
AcDbLinetypeTableRecord
  2
Continuous
 70
     0
  3
Solid line
 72
    65
 73
     0
 40
0.0
  0
LTYPE
  5
E5
330
25
100
AcDbSymbolTableRecord
100
AcDbLinetypeTableRecord
  2
DASHED
 70
     0
  3
Dashed __ __ __ __ __ __ __ __ __ __ __ __ __ _
 72
    65
 73
     2
 40
0.75
 49
0.5
 74
     0
 49
-0.25
 74
     0
  0
LTYPE
  5
17E
330
25
100
AcDbSymbolTableRecord
100
AcDbLinetypeTableRecord
  2
DASHDOTX2
 70
     0
  3
Dash dot (2x) ____  .  ____  .  ____  .  ___
 72
    65
 73
     4
 40
2.0
 49
1.0
 74
     0
 49
-0.5
 74
     0
 49
0.0
 74
     0
 49
-0.5
 74
     0
  0
LTYPE
  5
729
330
25
100
AcDbSymbolTableRecord
100
AcDbLinetypeTableRecord
  2
DASHDOT
 70
     0
  3
Dash dot __ . __ . __ . __ . __ . __ . __ . __
 72
    65
 73
     4
 40
1.0
 49
0.5
 74
     0
 49
-0.25
 74
     0
 49
0.0
 74
     0
 49
-0.25
 74
     0
  0
ENDTAB
  0
TABLE
  2
LAYER
  5
1E
102
{ACAD_XDICTIONARY
360
1F
102
}
330
0
100
AcDbSymbolTable
 70
    10
  0
LAYER
  5
6
102
{ACAD_XDICTIONARY
360
7
102
}
330
1E
100
AcDbSymbolTableRecord
100
AcDbLayerTableRecord
  2
0
 70
     0
 62
     7
  6
Continuous
370
    -3
390
9
347
C
348
0
  0
LAYER
  5
1BC
330
1E
100
AcDbSymbolTableRecord
100
AcDbLayerTableRecord
  2
Defpoints
 70
     0
 62
     7
  6
Continuous
290
     0
370
    -3
390
9
347
C
348
0
  0
LAYER
  5
59
102
{ACAD_XDICTIONARY
360
5A
102
}
330
1E
100
AcDbSymbolTableRecord
100
AcDbLayerTableRecord
  2
2
 70
     0
 62
     1
  6
Continuous
370
    -3
390
9
347
C
348
0
  0
LAYER
  5
E2
102
{ACAD_XDICTIONARY
360
E3
102
}
330
1E
100
AcDbSymbolTableRecord
100
AcDbLayerTableRecord
  2
1
 70
     0
 62
     1
  6
DASHED
370
    -3
390
9
347
C
348
0
  0
LAYER
  5
8D
102
{ACAD_XDICTIONARY
360
8E
102
}
330
1E
100
AcDbSymbolTableRecord
100
AcDbLayerTableRecord
  2
3
 70
     0
 62
     1
  6
Continuous
370
    -3
390
9
347
C
348
0
  0
LAYER
  5
17B
102
{ACAD_XDICTIONARY
360
17C
102
}
330
1E
100
AcDbSymbolTableRecord
100
AcDbLayerTableRecord
  2
4
 70
     0
 62
     2
  6
DASHDOTX2
370
    -3
390
9
347
C
348
0
  0
LAYER
  5
726
102
{ACAD_XDICTIONARY
360
727
102
}
330
1E
100
AcDbSymbolTableRecord
100
AcDbLayerTableRecord
  2
5
 70
     0
 62
     2
  6
DASHDOT
370
    -3
390
9
347
C
348
0
  0
LAYER
  5
980
102
{ACAD_XDICTIONARY
360
981
102
}
330
1E
100
AcDbSymbolTableRecord
100
AcDbLayerTableRecord
  2
8
 70
     0
 62
     3
  6
Continuous
370
    -3
390
9
347
C
348
0
  0
LAYER
  5
989
330
1E
100
AcDbSymbolTableRecord
100
AcDbLayerTableRecord
  2
$TD_AUDIT_GENERATED_(989)
 70
     0
 62
     4
  6
Continuous
370
    -3
390
9
347
C
348
0
  0
LAYER
  5
801
330
1E
100
AcDbSymbolTableRecord
100
AcDbLayerTableRecord
  2
$TD_AUDIT_GENERATED_(801)
 70
     0
 62
     3
  6
Continuous
370
    -3
390
9
347
C
348
0
  0
ENDTAB
  0
TABLE
  2
STYLE
  5
22
330
0
100
AcDbSymbolTable
 70
     6
  0
STYLE
  5
23
330
22
100
AcDbSymbolTableRecord
100
AcDbTextStyleTableRecord
  2
Standard
 70
     0
 40
0.0
 41
0.7
 50
0.0
 71
     0
 42
60.0
  3
SIMPLEX.shx
  4
gbhzfs.shx
  0
STYLE
  5
33
330
22
100
AcDbSymbolTableRecord
100
AcDbTextStyleTableRecord
  2
DXT
 70
     0
 40
0.0
 41
0.72
 50
0.0
 71
     0
 42
3.0
  3
simplex.shx
  4
hztxt.shx
  0
STYLE
  5
7ED
330
22
100
AcDbSymbolTableRecord
100
AcDbTextStyleTableRecord
  2
$TD_AUDIT_GENERATED_(7ED)
 70
     0
 40
0.0
 41
1.0
 50
0.0
 71
     0
 42
88.04108111815731
  3

  4

1001
ACAD
1000
SimSun
1071
    34306
  0
STYLE
  5
7EF
330
22
100
AcDbSymbolTableRecord
100
AcDbTextStyleTableRecord
  2
$TD_AUDIT_GENERATED_(7EF)
 70
     0
 40
0.0
 41
0.8
 50
0.0
 71
     0
 42
500.0
  3
verdanab.ttf
  4

1001
ACAD
1000
Verdana
1071
 33554466
  0
STYLE
  5
814
330
22
100
AcDbSymbolTableRecord
100
AcDbTextStyleTableRecord
  2
1-1
 70
     0
 40
0.0
 41
1.0
 50
0.0
 71
     0
 42
2.5
  3
simhei.ttf
  4

1001
ACAD
1000
SimHei
1071
    34306
  0
STYLE
  5
7E8
330
22
100
AcDbSymbolTableRecord
100
AcDbTextStyleTableRecord
  2
1-2
 70
     0
 40
0.0
 41
1.0
 50
0.0
 71
     0
 42
2.5
  3

  4

1001
ACAD
1000
STZhongsong
1071
    34306
  0
ENDTAB
  0
TABLE
  2
VIEW
  5
28
330
0
100
AcDbSymbolTable
 70
     0
  0
ENDTAB
  0
TABLE
  2
UCS
  5
29
330
0
100
AcDbSymbolTable
 70
     0
  0
ENDTAB
  0
TABLE
  2
APPID
  5
2F
330
0
100
AcDbSymbolTable
 70
     4
  0
APPID
  5
30
330
2F
100
AcDbSymbolTableRecord
100
AcDbRegAppTableRecord
  2
ACAD
 70
     0
  0
APPID
  5
3A
330
2F
100
AcDbSymbolTableRecord
100
AcDbRegAppTableRecord
  2
ACAD_DSTYLE_DIMJAG
 70
     0
  0
APPID
  5
3B
330
2F
100
AcDbSymbolTableRecord
100
AcDbRegAppTableRecord
  2
ACAD_DSTYLE_DIMTALN
 70
     0
  0
APPID
  5
19
330
2F
100
AcDbSymbolTableRecord
100
AcDbRegAppTableRecord
  2
ACAD_PSEXT
 70
     0
  0
ENDTAB
  0
TABLE
  2
DIMSTYLE
  5
31
330
0
100
AcDbSymbolTable
 70
     2
100
AcDbDimStyleTable
  0
DIMSTYLE
105
32
330
31
100
AcDbSymbolTableRecord
100
AcDbDimStyleTableRecord
  2
BZ
 70
     0
 41
1.0
 42
2.0
 43
0.0
 44
2.0
 73
     0
 74
     0
 77
     1
140
2.5
144
20.0
146
1.4
147
1.0
172
     1
174
     1
176
     1
177
     1
271
     0
178
     7
271
     0
272
     0
279
     2
340
33
341
34
342
34
1001
ACAD_DSTYLE_DIMJAG
1070
   388
1040
1.5
1001
ACAD_DSTYLE_DIMTALN
1070
   392
1070
     0
  0
DIMSTYLE
105
1B0
102
{ACAD_REACTORS
330
3D5
330
3C8
330
3BB
330
3AE
330
3A1
330
394
330
387
330
37A
330
36D
330
360
330
353
330
346
330
339
330
32C
330
31F
330
312
330
305
330
2F8
330
2EB
330
272
330
263
330
256
330
247
330
238
330
229
330
21A
330
20B
330
1FC
330
1ED
330
1DE
330
1CF
330
1C0
330
1AF
330
744
330
751
330
75E
330
76B
330
778
330
785
330
792
330
7AF
330
7BF
330
83D
330
850
330
863
330
870
330
889
330
89D
330
8CB
330
8DA
330
922
330
92F
330
93E
330
94D
330
95A
330
96D
330
9E0
330
9ED
330
A08
330
A15
330
A74
330
A81
330
A8E
330
A9B
330
ABD
330
ACC
330
AD9
330
AE6
330
AF3
330
B00
330
B0D
330
B1A
330
B45
330
B52
330
B5F
330
B6C
330
B79
330
B88
330
BA2
330
BB1
330
BC0
330
BCD
330
BE0
330
BED
330
B95
330
D57
330
D64
330
D73
330
D80
102
}
330
31
100
AcDbSymbolTableRecord
100
AcDbDimStyleTableRecord
  2
BZ$0
 70
     0
 41
1.0
 42
2.0
 43
0.0
 44
2.0
 73
     0
 74
     0
 77
     1
 78
    12
 79
     3
140
2.5
144
20.0
146
1.4
147
1.0
172
     1
174
     1
176
     1
177
     1
271
     0
178
     7
179
     4
271
     0
272
     0
279
     2
340
33
341
34
342
34
  0
ENDTAB
  0
TABLE
  2
BLOCK_RECORD
  5
1
330
0
100
AcDbSymbolTable
 70
    96
  0
BLOCK_RECORD
  5
2
102
{ACAD_XDICTIONARY
360
3
102
}
330
1
100
AcDbSymbolTableRecord
100
AcDbBlockTableRecord
  2
*Model_Space
340
17
 70
     0
280
     1
281
     0
  0
BLOCK_RECORD
  5
1A
330
1
100
AcDbSymbolTableRecord
100
AcDbBlockTableRecord
  2
*Paper_Space
340
1D
 70
     0
280
     1
281
     0
  0
BLOCK_RECORD
  5
34
102
{ACAD_XDICTIONARY
360
35
102
}
330
1
100
AcDbSymbolTableRecord
100
AcDbBlockTableRecord
  2
_Oblique
340
0
102
{BLKREFS
331
1B8
331
1B9
331
1C8
331
1C9
331
1D7
331
1D8
331
1E6
331
1E7
331
1F5
331
1F6
331
205
331
206
331
213
331
214
331
222
331
223
331
231
331
232
331
240
331
241
331
24F
331
250
331
25D
331
25E
331
26B
331
26C
331
27A
331
27B
331
2F1
331
2F2
331
2FE
331
2FF
331
30B
331
30C
331
318
331
319
331
325
331
326
331
332
331
333
331
33F
331
340
331
34C
331
34D
331
359
331
35A
331
366
331
367
331
373
331
374
331
380
331
381
331
38D
331
38E
331
39A
331
39B
331
3A7
331
3A8
331
3B4
331
3B5
331
3C1
331
3C2
331
3CE
331
3CF
331
3DD
331
3DE
331
74A
331
74B
331
757
331
758
331
764
331
765
331
771
331
772
331
77E
331
77F
331
78B
331
78C
331
798
331
799
331
7B8
331
7B9
331
7C8
331
7C9
331
845
331
846
331
858
331
859
331
86A
331
86B
331
877
331
878
331
88F
331
890
331
8A4
331
8A5
331
8D4
331
8D5
331
8E3
331
8E4
331
928
331
929
331
937
331
938
331
946
331
947
331
953
331
954
331
962
331
963
331
975
331
976
331
9E6
331
9E7
331
9F3
331
9F4
331
A0E
331
A0F
331
A1B
331
A1C
331
A7A
331
A7B
331
A87
331
A88
331
A94
331
A95
331
AA1
331
AA2
331
AC5
331
AC6
331
AD2
331
AD3
331
ADF
331
AE0
331
AEC
331
AED
331
AF9
331
AFA
331
B06
331
B07
331
B13
331
B14
331
B22
331
B23
331
B4B
331
B4C
331
B58
331
B59
331
B65
331
B66
331
B72
331
B73
331
B81
331
B82
331
B8E
331
B8F
331
B9B
331
B9C
331
BAA
331
BAB
331
BB9
331
BBA
331
BC6
331
BC7
331
BD3
331
BD4
331
BE6
331
BE7
331
BF5
331
BF6
331
D5D
331
D5E
331
D6C
331
D6D
331
D79
331
D7A
331
D89
331
D8A
102
}
 70
     0
280
     1
281
     0
  0
BLOCK_RECORD
  5
5C
102
{ACAD_XDICTIONARY
360
5D
102
}
330
1
100
AcDbSymbolTableRecord
100
AcDbBlockTableRecord
  2
M16X40
340
0
102
{BLKREFS
331
58
331
67
331
68
331
69
331
6A
331
6B
331
6C
331
6D
331
6E
331
6F
331
170
331
171
331
172
331
173
331
174
331
175
331
176
331
177
331
178
331
179
331
281
331
282
331
283
331
284
331
285
331
286
331
294
331
295
331
298
331
299
331
29A
331
29B
331
29C
331
29D
331
6E9
331
6F3
331
6FC
331
6FD
331
6FE
331
6FF
331
700
331
701
331
702
331
703
331
704
331
705
331
706
331
70F
331
710
331
711
331
712
331
713
331
714
331
715
331
716
331
721
331
84C
331
84D
331
85F
331
860
331
887
331
888
331
90F
331
911
331
912
331
C3C
102
}
 70
     0
280
     1
281
     0
  0
BLOCK_RECORD
  5
288
102
{ACAD_XDICTIONARY
360
289
102
}
330
1
100
AcDbSymbolTableRecord
100
AcDbBlockTableRecord
  2
M16X50
340
0
102
{BLKREFS
331
287
331
296
331
297
331
29E
331
6E7
331
6E8
331
6EA
331
6EB
331
6EC
331
6F4
331
6F5
331
6F6
331
6F7
331
6F8
331
70D
331
70E
331
717
331
718
331
719
331
71A
331
722
331
723
331
724
331
880
331
881
331
8B4
331
90C
331
90D
331
90E
331
910
331
913
331
C38
331
D8F
102
}
 70
     0
280
     1
281
     0
  0
BLOCK_RECORD
  5
419
102
{ACAD_XDICTIONARY
360
41A
102
}
330
1
100
AcDbSymbolTableRecord
100
AcDbBlockTableRecord
  2
M20X45
340
0
102
{BLKREFS
331
418
331
41F
331
420
331
421
331
422
331
423
331
424
331
425
331
8EC
331
8ED
331
8EE
331
8EF
331
8F0
331
8F1
331
8F2
331
8F3
331
8F4
331
8F5
331
8F6
331
8F7
331
8F8
331
8F9
331
8FA
331
8FB
331
B2D
331
B2E
331
B2F
331
B30
331
B31
331
B32
331
B33
331
B34
331
B35
331
B36
331
B37
331
B38
331
B39
331
B3A
331
B3B
331
B3C
331
C30
102
}
 70
     0
280
     1
281
     0
  0
BLOCK_RECORD
  5
1A1
102
{ACAD_XDICTIONARY
360
1A2
102
}
330
1
100
AcDbSymbolTableRecord
100
AcDbBlockTableRecord
  2
M16X60
340
0
102
{BLKREFS
331
1A0
331
1AE
331
C34
102
}
 70
     0
280
     1
281
     0
  0
BLOCK_RECORD
  5
7EA
330
1
100
AcDbSymbolTableRecord
100
AcDbBlockTableRecord
  2
logo
340
0
310
2800000020000000200000000100080000000000000400000000000000000000000000000000000000000000000080000080000000808000800000008000800080800000C0C0C000C0DCC000F0CAA6000020400000206000002080000020A0000020C0000020E00000400000004020000040400000406000004080000040A0
310
000040C0000040E00000600000006020000060400000606000006080000060A0000060C0000060E00000800000008020000080400000806000008080000080A0000080C0000080E00000A0000000A0200000A0400000A0600000A0800000A0A00000A0C00000A0E00000C0000000C0200000C0400000C0600000C0800000C0
310
A00000C0C00000C0E00000E0000000E0200000E0400000E0600000E0800000E0A00000E0C00000E0E00040000000400020004000400040006000400080004000A0004000C0004000E00040200000402020004020400040206000402080004020A0004020C0004020E000404000004040200040404000404060004040800040
310
40A0004040C0004040E00040600000406020004060400040606000406080004060A0004060C0004060E00040800000408020004080400040806000408080004080A0004080C0004080E00040A0000040A0200040A0400040A0600040A0800040A0A00040A0C00040A0E00040C0000040C0200040C0400040C0600040C08000
310
40C0A00040C0C00040C0E00040E0000040E0200040E0400040E0600040E0800040E0A00040E0C00040E0E00080000000800020008000400080006000800080008000A0008000C0008000E00080200000802020008020400080206000802080008020A0008020C0008020E00080400000804020008040400080406000804080
310
008040A0008040C0008040E00080600000806020008060400080606000806080008060A0008060C0008060E00080800000808020008080400080806000808080008080A0008080C0008080E00080A0000080A0200080A0400080A0600080A0800080A0A00080A0C00080A0E00080C0000080C0200080C0400080C0600080C0
310
800080C0A00080C0C00080C0E00080E0000080E0200080E0400080E0600080E0800080E0A00080E0C00080E0E000C0000000C0002000C0004000C0006000C0008000C000A000C000C000C000E000C0200000C0202000C0204000C0206000C0208000C020A000C020C000C020E000C0400000C0402000C0404000C0406000C0
310
408000C040A000C040C000C040E000C0600000C0602000C0604000C0606000C0608000C060A000C060C000C060E000C0800000C0802000C0804000C0806000C0808000C080A000C080C000C080E000C0A00000C0A02000C0A04000C0A06000C0A08000C0A0A000C0A0C000C0A0E000C0C00000C0C02000C0C04000C0C06000
310
C0C08000C0C0A000F0FBFF00A4A0A000808080000000FF0000FF000000FFFF00FF000000FF00FF00FFFF0000FFFFFF00000000000000000000000000000000000000000000000000000000000000000000000000000000000000000000000000000000000000000000000000000000000000000000000000000000FFFFFFFF
310
FFFFFFFFFFFF0000000000000000000000000000000000000000FFFFFFFFFFFFFFFFFFFFFFFFFFFF00000000000000000000000000000000FFFFFFFFFFFFFFFFFFFFFFFFFFFFFFFFFF000000000000000000000000000000FFFFFFFFFF0000FFFFFFFFFF00FFFFFFFFFFFF0000000000000000000000FFFFFFFFFF0000FFFF
310
0000FFFF00FFFF00FFFFFFFFFF000000000000000000FFFFFFFF0000FFFFFF0000FFFF00000000FFFFFFFFFFFF0000000000000000FFFFFFFFFFFFFF00FFFF00FF00FF0000000000FFFFFFFF000000000000000000FFFFFFFFFFFFFFFFFFFFFF00FFFFFFFF0000000000FF00FFFFFF000000000000FFFFFF00FFFF000000FF
310
00FFFFFFFFFFFFFF000000FF00FFFFFF0000000000FFFFFFFFFFFF00FFFFFFFF00FFFFFFFF0000FFFFFFFF00FFFFFFFF0000000000FFFFFFFFFFFFFFFFFFFFFFFFFFFF0000FFFFFF00FFFFFFFFFFFF000000000000FF00FFFFFF00FFFFFFFFFFFF0000FFFFFFFFFFFFFFFF00FFFFFFFFFF00000000FFFFFFFFFFFFFF00FFFF
310
00FF00000000000000FFFF00FF00FFFFFFFF00000000FFFFFFFF0000FF00FFFF00FF000000000000000000FF00FFFFFFFFFF00000000FFFFFFFF0000FFFF00FF00FF00000000000000000000FF0000FFFFFF00000000FFFFFFFFFF00FF00FFFFFF000000000000000000000000FFFFFFFFFF00000000FFFFFF00FF00FF00FF
310
00FF00000000000000000000000000FFFFFFFF00000000FFFFFFFFFF00FF00FF00FF000000000000000000000000FF00FFFFFF00000000FFFFFFFFFFFF00FFFF00FFFF0000000000000000000000FFFFFFFFFF0000000000FFFFFF00FF00FFFF00FFFF00000000000000000000FF00FFFFFF00000000000000000000FFFFFF
310
00FF00FF00000000000000000000FFFFFFFF00000000000000000000FF00FFFFFFFF0000FF0000000000000000FFFFFFFFFFFF0000000000000000FFFFFFFFFFFFFFFF00FFFF0000000000FFFFFFFFFFFFFF000000000000000000FFFFFFFF0000FFFFFF00FF00FFFFFFFF0000FFFFFFFF0000000000000000000000FFFF00
310
FFFFFF00FFFFFFFFFFFFFF0000FFFFFFFFFF0000000000000000000000FF00FFFFFFFFFFFFFFFFFFFFFFFFFFFFFFFF0000000000000000000000000000000000FFFFFFFFFFFFFF0000FFFFFFFFFF0000000000000000000000000000000000000000FFFFFFFFFF00FFFF000000000000000000000000000000000000000000
310
000000FFFF0000000000FFFF0000000000000000000000000000000000000000000000000000000000000000000000000000000000000000
102
{BLKREFS
331
7E9
102
}
 70
     4
280
     1
281
     0
1001
ACAD
1000
DesignCenter Data
1002
{
1070
     1
1070
     4
1002
}
  0
BLOCK_RECORD
  5
7DB
330
1
100
AcDbSymbolTableRecord
100
AcDbBlockTableRecord
  2
GWTKA1
340
0
310
2800000020000000200000000100080000000000000400000000000000000000000000000000000000000000000080000080000000808000800000008000800080800000C0C0C000C0DCC000F0CAA6000020400000206000002080000020A0000020C0000020E00000400000004020000040400000406000004080000040A0
310
000040C0000040E00000600000006020000060400000606000006080000060A0000060C0000060E00000800000008020000080400000806000008080000080A0000080C0000080E00000A0000000A0200000A0400000A0600000A0800000A0A00000A0C00000A0E00000C0000000C0200000C0400000C0600000C0800000C0
310
A00000C0C00000C0E00000E0000000E0200000E0400000E0600000E0800000E0A00000E0C00000E0E00040000000400020004000400040006000400080004000A0004000C0004000E00040200000402020004020400040206000402080004020A0004020C0004020E000404000004040200040404000404060004040800040
310
40A0004040C0004040E00040600000406020004060400040606000406080004060A0004060C0004060E00040800000408020004080400040806000408080004080A0004080C0004080E00040A0000040A0200040A0400040A0600040A0800040A0A00040A0C00040A0E00040C0000040C0200040C0400040C0600040C08000
310
40C0A00040C0C00040C0E00040E0000040E0200040E0400040E0600040E0800040E0A00040E0C00040E0E00080000000800020008000400080006000800080008000A0008000C0008000E00080200000802020008020400080206000802080008020A0008020C0008020E00080400000804020008040400080406000804080
310
008040A0008040C0008040E00080600000806020008060400080606000806080008060A0008060C0008060E00080800000808020008080400080806000808080008080A0008080C0008080E00080A0000080A0200080A0400080A0600080A0800080A0A00080A0C00080A0E00080C0000080C0200080C0400080C0600080C0
310
800080C0A00080C0C00080C0E00080E0000080E0200080E0400080E0600080E0800080E0A00080E0C00080E0E000C0000000C0002000C0004000C0006000C0008000C000A000C000C000C000E000C0200000C0202000C0204000C0206000C0208000C020A000C020C000C020E000C0400000C0402000C0404000C0406000C0
310
408000C040A000C040C000C040E000C0600000C0602000C0604000C0606000C0608000C060A000C060C000C060E000C0800000C0802000C0804000C0806000C0808000C080A000C080C000C080E000C0A00000C0A02000C0A04000C0A06000C0A08000C0A0A000C0A0C000C0A0E000C0C00000C0C02000C0C04000C0C06000
310
C0C08000C0C0A000F0FBFF00A4A0A000808080000000FF0000FF000000FFFF00FF000000FF00FF00FFFF0000FFFFFF0000000000000000000000000000000000000000000000000000000000000000000000000000000000000000000000000000000000000000000000000000000000000000000000000000000000000000
310
000000000000000000000000000000000000000000000000000000000000000000000000000000000000000000000000000000000000000000000000000000000000000000000000000000000000000000000000000000000000000000000000000000000000000000000000000000000000FFFFFFFFFFFFFFFFFFFFFFFFFF
310
FFFFFFFFFFFFFFFFFFFFFFFFFFFFFFFFFF0000FFFF00000000000000000000000000000000000000000000FFFFFF00FFFF0000FFFF00000000000000000000000000000000000000000000FFFFFFFFFFFF0000FFFF00000000000000000000000000000000000000000000FFFFFFFFFFFF0000FFFF00000000000000000000
310
00000000000000000000000000000000FFFF0000FFFF0000000000000000000000000000000000000000000000000000FFFF0000FFFF0000000000000000000000000000000000000000000000000000FFFF0000FFFF0000000000000000000000000000000000000000000000000000FFFF0000FFFF000000000000000000
310
0000000000000000000000000000000000FFFF0000FFFF0000000000000000000000000000000000000000000000000000FFFF0000FFFF0000000000000000000000000000000000000000000000000000FFFF0000FFFF0000000000000000000000000000000000000000000000000000FFFF0000FFFF0000000000000000
310
000000000000000000000000000000000000FFFF0000FFFF0000000000000000000000000000000000000000000000000000FFFF0000FFFF0000000000000000000000000000000000000000000000000000FFFF0000FFFF0000000000000000000000000000000000000000000000000000FFFF0000FFFF00000000000000
310
00000000000000000000000000000000000000FFFF0000FFFF0000000000000000000000000000000000000000000000000000FFFF0000FFFF0000000000000000000000000000000000000000000000000000FFFF0000FFFFFFFFFFFFFFFFFFFFFFFFFFFFFFFFFFFFFFFFFFFFFFFFFFFFFFFFFFFF00000000000000000000
310
00000000000000000000000000000000000000000000000000000000000000000000000000000000000000000000000000000000000000000000000000000000000000000000000000000000000000000000000000000000000000000000000000000000000000000000000000000000000000000000000000000000000000
310
0000000000000000000000000000000000000000000000000000000000000000000000000000000000000000000000000000000000000000
102
{BLKREFS
331
7DA
102
}
 70
     4
280
     1
281
     0
1001
ACAD
1000
DesignCenter Data
1002
{
1070
     1
1070
     4
1002
}
  0
BLOCK_RECORD
  5
1B1
330
1
100
AcDbSymbolTableRecord
100
AcDbBlockTableRecord
  2
*D7
340
0
 70
     0
280
     1
281
     0
  0
BLOCK_RECORD
  5
1C1
330
1
100
AcDbSymbolTableRecord
100
AcDbBlockTableRecord
  2
*D8
340
0
 70
     0
280
     1
281
     0
  0
BLOCK_RECORD
  5
1D0
330
1
100
AcDbSymbolTableRecord
100
AcDbBlockTableRecord
  2
*D9
340
0
 70
     0
280
     1
281
     0
  0
BLOCK_RECORD
  5
1DF
330
1
100
AcDbSymbolTableRecord
100
AcDbBlockTableRecord
  2
*D10
340
0
 70
     0
280
     1
281
     0
  0
BLOCK_RECORD
  5
1EE
330
1
100
AcDbSymbolTableRecord
100
AcDbBlockTableRecord
  2
*D11
340
0
 70
     0
280
     1
281
     0
  0
BLOCK_RECORD
  5
1FD
330
1
100
AcDbSymbolTableRecord
100
AcDbBlockTableRecord
  2
*D12
340
0
 70
     0
280
     1
281
     0
  0
BLOCK_RECORD
  5
20C
330
1
100
AcDbSymbolTableRecord
100
AcDbBlockTableRecord
  2
*D13
340
0
 70
     0
280
     1
281
     0
  0
BLOCK_RECORD
  5
21B
330
1
100
AcDbSymbolTableRecord
100
AcDbBlockTableRecord
  2
*D14
340
0
 70
     0
280
     1
281
     0
  0
BLOCK_RECORD
  5
22A
330
1
100
AcDbSymbolTableRecord
100
AcDbBlockTableRecord
  2
*D15
340
0
 70
     0
280
     1
281
     0
  0
BLOCK_RECORD
  5
239
330
1
100
AcDbSymbolTableRecord
100
AcDbBlockTableRecord
  2
*D16
340
0
 70
     0
280
     1
281
     0
  0
BLOCK_RECORD
  5
248
330
1
100
AcDbSymbolTableRecord
100
AcDbBlockTableRecord
  2
*D17
340
0
 70
     0
280
     1
281
     0
  0
BLOCK_RECORD
  5
257
330
1
100
AcDbSymbolTableRecord
100
AcDbBlockTableRecord
  2
*D18
340
0
 70
     0
280
     1
281
     0
  0
BLOCK_RECORD
  5
264
330
1
100
AcDbSymbolTableRecord
100
AcDbBlockTableRecord
  2
*D19
340
0
 70
     0
280
     1
281
     0
  0
BLOCK_RECORD
  5
273
330
1
100
AcDbSymbolTableRecord
100
AcDbBlockTableRecord
  2
*D20
340
0
 70
     0
280
     1
281
     0
  0
BLOCK_RECORD
  5
2EC
330
1
100
AcDbSymbolTableRecord
100
AcDbBlockTableRecord
  2
*D21
340
0
 70
     0
280
     1
281
     0
  0
BLOCK_RECORD
  5
2F9
330
1
100
AcDbSymbolTableRecord
100
AcDbBlockTableRecord
  2
*D22
340
0
 70
     0
280
     1
281
     0
  0
BLOCK_RECORD
  5
306
330
1
100
AcDbSymbolTableRecord
100
AcDbBlockTableRecord
  2
*D23
340
0
 70
     0
280
     1
281
     0
  0
BLOCK_RECORD
  5
313
330
1
100
AcDbSymbolTableRecord
100
AcDbBlockTableRecord
  2
*D24
340
0
 70
     0
280
     1
281
     0
  0
BLOCK_RECORD
  5
320
330
1
100
AcDbSymbolTableRecord
100
AcDbBlockTableRecord
  2
*D25
340
0
 70
     0
280
     1
281
     0
  0
BLOCK_RECORD
  5
32D
330
1
100
AcDbSymbolTableRecord
100
AcDbBlockTableRecord
  2
*D26
340
0
 70
     0
280
     1
281
     0
  0
BLOCK_RECORD
  5
33A
330
1
100
AcDbSymbolTableRecord
100
AcDbBlockTableRecord
  2
*D27
340
0
 70
     0
280
     1
281
     0
  0
BLOCK_RECORD
  5
347
330
1
100
AcDbSymbolTableRecord
100
AcDbBlockTableRecord
  2
*D28
340
0
 70
     0
280
     1
281
     0
  0
BLOCK_RECORD
  5
354
330
1
100
AcDbSymbolTableRecord
100
AcDbBlockTableRecord
  2
*D29
340
0
 70
     0
280
     1
281
     0
  0
BLOCK_RECORD
  5
361
330
1
100
AcDbSymbolTableRecord
100
AcDbBlockTableRecord
  2
*D30
340
0
 70
     0
280
     1
281
     0
  0
BLOCK_RECORD
  5
36E
330
1
100
AcDbSymbolTableRecord
100
AcDbBlockTableRecord
  2
*D31
340
0
 70
     0
280
     1
281
     0
  0
BLOCK_RECORD
  5
37B
330
1
100
AcDbSymbolTableRecord
100
AcDbBlockTableRecord
  2
*D32
340
0
 70
     0
280
     1
281
     0
  0
BLOCK_RECORD
  5
388
330
1
100
AcDbSymbolTableRecord
100
AcDbBlockTableRecord
  2
*D33
340
0
 70
     0
280
     1
281
     0
  0
BLOCK_RECORD
  5
395
330
1
100
AcDbSymbolTableRecord
100
AcDbBlockTableRecord
  2
*D34
340
0
 70
     0
280
     1
281
     0
  0
BLOCK_RECORD
  5
3A2
330
1
100
AcDbSymbolTableRecord
100
AcDbBlockTableRecord
  2
*D35
340
0
 70
     0
280
     1
281
     0
  0
BLOCK_RECORD
  5
3AF
330
1
100
AcDbSymbolTableRecord
100
AcDbBlockTableRecord
  2
*D36
340
0
 70
     0
280
     1
281
     0
  0
BLOCK_RECORD
  5
3BC
330
1
100
AcDbSymbolTableRecord
100
AcDbBlockTableRecord
  2
*D37
340
0
 70
     0
280
     1
281
     0
  0
BLOCK_RECORD
  5
3C9
330
1
100
AcDbSymbolTableRecord
100
AcDbBlockTableRecord
  2
*D38
340
0
 70
     0
280
     1
281
     0
  0
BLOCK_RECORD
  5
3D6
330
1
100
AcDbSymbolTableRecord
100
AcDbBlockTableRecord
  2
*D39
340
0
 70
     0
280
     1
281
     0
  0
BLOCK_RECORD
  5
745
330
1
100
AcDbSymbolTableRecord
100
AcDbBlockTableRecord
  2
*D40
340
0
 70
     0
280
     1
281
     0
  0
BLOCK_RECORD
  5
752
330
1
100
AcDbSymbolTableRecord
100
AcDbBlockTableRecord
  2
*D41
340
0
 70
     0
280
     1
281
     0
  0
BLOCK_RECORD
  5
75F
330
1
100
AcDbSymbolTableRecord
100
AcDbBlockTableRecord
  2
*D42
340
0
 70
     0
280
     1
281
     0
  0
BLOCK_RECORD
  5
76C
330
1
100
AcDbSymbolTableRecord
100
AcDbBlockTableRecord
  2
*D43
340
0
 70
     0
280
     1
281
     0
  0
BLOCK_RECORD
  5
779
330
1
100
AcDbSymbolTableRecord
100
AcDbBlockTableRecord
  2
*D44
340
0
 70
     0
280
     1
281
     0
  0
BLOCK_RECORD
  5
786
330
1
100
AcDbSymbolTableRecord
100
AcDbBlockTableRecord
  2
*D45
340
0
 70
     0
280
     1
281
     0
  0
BLOCK_RECORD
  5
793
330
1
100
AcDbSymbolTableRecord
100
AcDbBlockTableRecord
  2
*D46
340
0
 70
     0
280
     1
281
     0
  0
BLOCK_RECORD
  5
7B0
330
1
100
AcDbSymbolTableRecord
100
AcDbBlockTableRecord
  2
*D47
340
0
 70
     0
280
     1
281
     0
  0
BLOCK_RECORD
  5
7C0
330
1
100
AcDbSymbolTableRecord
100
AcDbBlockTableRecord
  2
*D48
340
0
 70
     0
280
     1
281
     0
  0
BLOCK_RECORD
  5
83E
330
1
100
AcDbSymbolTableRecord
100
AcDbBlockTableRecord
  2
*D49
340
0
 70
     0
280
     1
281
     0
  0
BLOCK_RECORD
  5
851
330
1
100
AcDbSymbolTableRecord
100
AcDbBlockTableRecord
  2
*D50
340
0
 70
     0
280
     1
281
     0
  0
BLOCK_RECORD
  5
864
330
1
100
AcDbSymbolTableRecord
100
AcDbBlockTableRecord
  2
*D51
340
0
 70
     0
280
     1
281
     0
  0
BLOCK_RECORD
  5
871
330
1
100
AcDbSymbolTableRecord
100
AcDbBlockTableRecord
  2
*D52
340
0
 70
     0
280
     1
281
     0
  0
BLOCK_RECORD
  5
88A
330
1
100
AcDbSymbolTableRecord
100
AcDbBlockTableRecord
  2
*D53
340
0
 70
     0
280
     1
281
     0
  0
BLOCK_RECORD
  5
89E
330
1
100
AcDbSymbolTableRecord
100
AcDbBlockTableRecord
  2
*D54
340
0
 70
     0
280
     1
281
     0
  0
BLOCK_RECORD
  5
8CC
330
1
100
AcDbSymbolTableRecord
100
AcDbBlockTableRecord
  2
*D55
340
0
 70
     0
280
     1
281
     0
  0
BLOCK_RECORD
  5
8DB
330
1
100
AcDbSymbolTableRecord
100
AcDbBlockTableRecord
  2
*D56
340
0
 70
     0
280
     1
281
     0
  0
BLOCK_RECORD
  5
923
330
1
100
AcDbSymbolTableRecord
100
AcDbBlockTableRecord
  2
*D57
340
0
 70
     0
280
     1
281
     0
  0
BLOCK_RECORD
  5
930
330
1
100
AcDbSymbolTableRecord
100
AcDbBlockTableRecord
  2
*D58
340
0
 70
     0
280
     1
281
     0
  0
BLOCK_RECORD
  5
93F
330
1
100
AcDbSymbolTableRecord
100
AcDbBlockTableRecord
  2
*D59
340
0
 70
     0
280
     1
281
     0
  0
BLOCK_RECORD
  5
94E
330
1
100
AcDbSymbolTableRecord
100
AcDbBlockTableRecord
  2
*D60
340
0
 70
     0
280
     1
281
     0
  0
BLOCK_RECORD
  5
95B
330
1
100
AcDbSymbolTableRecord
100
AcDbBlockTableRecord
  2
*D61
340
0
 70
     0
280
     1
281
     0
  0
BLOCK_RECORD
  5
96E
330
1
100
AcDbSymbolTableRecord
100
AcDbBlockTableRecord
  2
*D62
340
0
 70
     0
280
     1
281
     0
  0
BLOCK_RECORD
  5
9E1
330
1
100
AcDbSymbolTableRecord
100
AcDbBlockTableRecord
  2
*D63
340
0
 70
     0
280
     1
281
     0
  0
BLOCK_RECORD
  5
9EE
330
1
100
AcDbSymbolTableRecord
100
AcDbBlockTableRecord
  2
*D64
340
0
 70
     0
280
     1
281
     0
  0
BLOCK_RECORD
  5
A09
330
1
100
AcDbSymbolTableRecord
100
AcDbBlockTableRecord
  2
*D65
340
0
 70
     0
280
     1
281
     0
  0
BLOCK_RECORD
  5
A16
330
1
100
AcDbSymbolTableRecord
100
AcDbBlockTableRecord
  2
*D66
340
0
 70
     0
280
     1
281
     0
  0
BLOCK_RECORD
  5
A75
330
1
100
AcDbSymbolTableRecord
100
AcDbBlockTableRecord
  2
*D67
340
0
 70
     0
280
     1
281
     0
  0
BLOCK_RECORD
  5
A82
330
1
100
AcDbSymbolTableRecord
100
AcDbBlockTableRecord
  2
*D68
340
0
 70
     0
280
     1
281
     0
  0
BLOCK_RECORD
  5
A8F
330
1
100
AcDbSymbolTableRecord
100
AcDbBlockTableRecord
  2
*D69
340
0
 70
     0
280
     1
281
     0
  0
BLOCK_RECORD
  5
A9C
330
1
100
AcDbSymbolTableRecord
100
AcDbBlockTableRecord
  2
*D70
340
0
 70
     0
280
     1
281
     0
  0
BLOCK_RECORD
  5
ABE
330
1
100
AcDbSymbolTableRecord
100
AcDbBlockTableRecord
  2
*D71
340
0
 70
     0
280
     1
281
     0
  0
BLOCK_RECORD
  5
ACD
330
1
100
AcDbSymbolTableRecord
100
AcDbBlockTableRecord
  2
*D72
340
0
 70
     0
280
     1
281
     0
  0
BLOCK_RECORD
  5
ADA
330
1
100
AcDbSymbolTableRecord
100
AcDbBlockTableRecord
  2
*D73
340
0
 70
     0
280
     1
281
     0
  0
BLOCK_RECORD
  5
AE7
330
1
100
AcDbSymbolTableRecord
100
AcDbBlockTableRecord
  2
*D74
340
0
 70
     0
280
     1
281
     0
  0
BLOCK_RECORD
  5
AF4
330
1
100
AcDbSymbolTableRecord
100
AcDbBlockTableRecord
  2
*D75
340
0
 70
     0
280
     1
281
     0
  0
BLOCK_RECORD
  5
B01
330
1
100
AcDbSymbolTableRecord
100
AcDbBlockTableRecord
  2
*D76
340
0
 70
     0
280
     1
281
     0
  0
BLOCK_RECORD
  5
B0E
330
1
100
AcDbSymbolTableRecord
100
AcDbBlockTableRecord
  2
*D77
340
0
 70
     0
280
     1
281
     0
  0
BLOCK_RECORD
  5
B1B
330
1
100
AcDbSymbolTableRecord
100
AcDbBlockTableRecord
  2
*D78
340
0
 70
     0
280
     1
281
     0
  0
BLOCK_RECORD
  5
B46
330
1
100
AcDbSymbolTableRecord
100
AcDbBlockTableRecord
  2
*D79
340
0
 70
     0
280
     1
281
     0
  0
BLOCK_RECORD
  5
B53
330
1
100
AcDbSymbolTableRecord
100
AcDbBlockTableRecord
  2
*D80
340
0
 70
     0
280
     1
281
     0
  0
BLOCK_RECORD
  5
B60
330
1
100
AcDbSymbolTableRecord
100
AcDbBlockTableRecord
  2
*D81
340
0
 70
     0
280
     1
281
     0
  0
BLOCK_RECORD
  5
B6D
330
1
100
AcDbSymbolTableRecord
100
AcDbBlockTableRecord
  2
*D82
340
0
 70
     0
280
     1
281
     0
  0
BLOCK_RECORD
  5
B7A
330
1
100
AcDbSymbolTableRecord
100
AcDbBlockTableRecord
  2
*D83
340
0
 70
     0
280
     1
281
     0
  0
BLOCK_RECORD
  5
B89
330
1
100
AcDbSymbolTableRecord
100
AcDbBlockTableRecord
  2
*D84
340
0
 70
     0
280
     1
281
     0
  0
BLOCK_RECORD
  5
B96
330
1
100
AcDbSymbolTableRecord
100
AcDbBlockTableRecord
  2
*D85
340
0
 70
     0
280
     1
281
     0
  0
BLOCK_RECORD
  5
BA3
330
1
100
AcDbSymbolTableRecord
100
AcDbBlockTableRecord
  2
*D86
340
0
 70
     0
280
     1
281
     0
  0
BLOCK_RECORD
  5
BB2
330
1
100
AcDbSymbolTableRecord
100
AcDbBlockTableRecord
  2
*D87
340
0
 70
     0
280
     1
281
     0
  0
BLOCK_RECORD
  5
BCE
330
1
100
AcDbSymbolTableRecord
100
AcDbBlockTableRecord
  2
*D88
340
0
 70
     0
280
     1
281
     0
  0
BLOCK_RECORD
  5
BE1
330
1
100
AcDbSymbolTableRecord
100
AcDbBlockTableRecord
  2
*D89
340
0
 70
     0
280
     1
281
     0
  0
BLOCK_RECORD
  5
BEE
330
1
100
AcDbSymbolTableRecord
100
AcDbBlockTableRecord
  2
*D90
340
0
 70
     0
280
     1
281
     0
  0
BLOCK_RECORD
  5
BC1
330
1
100
AcDbSymbolTableRecord
100
AcDbBlockTableRecord
  2
*D91
340
0
 70
     0
280
     1
281
     0
  0
BLOCK_RECORD
  5
D58
330
1
100
AcDbSymbolTableRecord
100
AcDbBlockTableRecord
  2
*D92
340
0
 70
     0
280
     1
281
     0
  0
BLOCK_RECORD
  5
D65
330
1
100
AcDbSymbolTableRecord
100
AcDbBlockTableRecord
  2
*D93
340
0
 70
     0
280
     1
281
     0
  0
BLOCK_RECORD
  5
D74
330
1
100
AcDbSymbolTableRecord
100
AcDbBlockTableRecord
  2
*D94
340
0
 70
     0
280
     1
281
     0
  0
BLOCK_RECORD
  5
D81
330
1
100
AcDbSymbolTableRecord
100
AcDbBlockTableRecord
  2
*D95
340
0
 70
     0
280
     1
281
     0
  0
ENDTAB
  0
ENDSEC
  0
SECTION
  2
BLOCKS
  0
BLOCK
  5
5
330
2
100
AcDbEntity
  8
0
100
AcDbBlockBegin
  2
*Model_Space
 70
     0
 10
0.0
 20
0.0
 30
0.0
  3
*Model_Space
  1

  0
ENDBLK
  5
16
330
2
100
AcDbEntity
  8
0
100
AcDbBlockEnd
  0
BLOCK
  5
1B
330
1A
100
AcDbEntity
 67
     1
  8
0
100
AcDbBlockBegin
  2
*Paper_Space
 70
     0
 10
0.0
 20
0.0
 30
0.0
  3
*Paper_Space
  1

  0
ENDBLK
  5
1C
330
1A
100
AcDbEntity
 67
     1
  8
0
100
AcDbBlockEnd
  0
BLOCK
  5
37
330
34
100
AcDbEntity
  8
0
100
AcDbBlockBegin
  2
_Oblique
 70
     0
 10
0.0
 20
0.0
 30
0.0
  3
_Oblique
  1

  0
LINE
  5
38
330
34
100
AcDbEntity
  8
0
  6
ByBlock
 62
     0
370
    -2
100
AcDbLine
 10
-0.5
 20
-0.5
 30
0.0
 11
0.5
 21
0.5
 31
0.0
  0
ENDBLK
  5
39
330
34
100
AcDbEntity
  8
0
100
AcDbBlockEnd
  0
BLOCK
  5
5F
330
5C
100
AcDbEntity
  8
0
100
AcDbBlockBegin
  2
M16X40
 70
     0
 10
0.0
 20
0.0
 30
0.0
  3
M16X40
  1

  0
CIRCLE
  5
60
330
5C
100
AcDbEntity
  8
0
100
AcDbCircle
 10
0.0
 20
0.0
 30
0.0
 40
0.2000000029802322
  0
LINE
  5
61
330
5C
100
AcDbEntity
  8
0
100
AcDbLine
 10
-0.1414200067520142
 20
-0.1414200067520142
 30
0.0
 11
0.1414200067520142
 21
0.1414200067520142
 31
0.0
  0
ARC
  5
62
330
5C
100
AcDbEntity
  8
0
100
AcDbCircle
 10
0.0
 20
0.0
 30
0.0
 40
0.0399996193615898
100
AcDbArc
 50
225.0000000000001
 51
45.00000000000005
  0
ARC
  5
63
330
5C
100
AcDbEntity
  8
0
100
AcDbCircle
 10
0.0
 20
0.0
 30
0.0
 40
0.0799992387231797
100
AcDbArc
 50
225.0000000000001
 51
45.00000000000005
  0
ARC
  5
64
330
5C
100
AcDbEntity
  8
0
100
AcDbCircle
 10
0.0
 20
0.0
 30
0.0
 40
0.1199988633531256
100
AcDbArc
 50
225.0000000000001
 51
45.00000000000005
  0
ARC
  5
65
330
5C
100
AcDbEntity
  8
0
100
AcDbCircle
 10
0.0
 20
0.0
 30
0.0
 40
0.1599984774463594
100
AcDbArc
 50
225.0000000000001
 51
45.00000000000005
  0
ENDBLK
  5
66
330
5C
100
AcDbEntity
  8
0
100
AcDbBlockEnd
  0
BLOCK
  5
28B
330
288
100
AcDbEntity
  8
0
100
AcDbBlockBegin
  2
M16X50
 70
     0
 10
0.0
 20
0.0
 30
0.0
  3
M16X50
  1

  0
CIRCLE
  5
28C
330
288
100
AcDbEntity
  8
0
100
AcDbCircle
 10
0.0
 20
0.0
 30
0.0
 40
0.2000000029802322
  0
LINE
  5
28D
330
288
100
AcDbEntity
  8
0
100
AcDbLine
 10
-0.1414200067520142
 20
-0.1414200067520142
 30
0.0
 11
0.1414200067520142
 21
0.1414200067520142
 31
0.0
  0
ARC
  5
28E
330
288
100
AcDbEntity
  8
0
100
AcDbCircle
 10
0.0
 20
0.0
 30
0.0
 40
0.0399996193615898
100
AcDbArc
 50
225.0000000000001
 51
45.00000000000005
  0
ARC
  5
28F
330
288
100
AcDbEntity
  8
0
100
AcDbCircle
 10
0.0
 20
0.0
 30
0.0
 40
0.0799992387231797
100
AcDbArc
 50
225.0000000000001
 51
45.00000000000005
  0
ARC
  5
290
330
288
100
AcDbEntity
  8
0
100
AcDbCircle
 10
0.0
 20
0.0
 30
0.0
 40
0.1199988633531256
100
AcDbArc
 50
225.0000000000001
 51
45.00000000000005
  0
ARC
  5
291
330
288
100
AcDbEntity
  8
0
100
AcDbCircle
 10
0.0
 20
0.0
 30
0.0
 40
0.1599984774463594
100
AcDbArc
 50
225.0000000000001
 51
45.00000000000005
  0
LINE
  5
292
330
288
100
AcDbEntity
  8
0
100
AcDbLine
 10
-0.2828427124746191
 20
-0.2828427124746191
 30
0.0
 11
0.282842712474619
 21
0.282842712474619
 31
0.0
  0
ENDBLK
  5
293
330
288
100
AcDbEntity
  8
0
100
AcDbBlockEnd
  0
BLOCK
  5
41C
330
419
100
AcDbEntity
  8
0
100
AcDbBlockBegin
  2
M20X45
 70
     0
 10
0.0
 20
0.0
 30
0.0
  3
M20X45
  1

  0
CIRCLE
  5
41D
330
419
100
AcDbEntity
  8
0
100
AcDbCircle
 10
0.0
 20
0.0
 30
0.0
 40
0.2000000029802322
  0
ENDBLK
  5
41E
330
419
100
AcDbEntity
  8
0
100
AcDbBlockEnd
  0
BLOCK
  5
1A4
330
1A1
100
AcDbEntity
  8
0
100
AcDbBlockBegin
  2
M16X60
 70
     0
 10
0.0
 20
0.0
 30
0.0
  3
M16X60
  1

  0
CIRCLE
  5
1A5
330
1A1
100
AcDbEntity
  8
0
100
AcDbCircle
 10
0.0
 20
0.0
 30
0.0
 40
0.2000000029802322
  0
LINE
  5
1A6
330
1A1
100
AcDbEntity
  8
0
100
AcDbLine
 10
-0.1414200067520142
 20
-0.1414200067520142
 30
0.0
 11
0.1414200067520142
 21
0.1414200067520142
 31
0.0
  0
ARC
  5
1A7
330
1A1
100
AcDbEntity
  8
0
100
AcDbCircle
 10
0.0
 20
0.0
 30
0.0
 40
0.0399996193615898
100
AcDbArc
 50
225.0000000000001
 51
45.00000000000005
  0
ARC
  5
1A8
330
1A1
100
AcDbEntity
  8
0
100
AcDbCircle
 10
0.0
 20
0.0
 30
0.0
 40
0.0799992387231797
100
AcDbArc
 50
225.0000000000001
 51
45.00000000000005
  0
ARC
  5
1A9
330
1A1
100
AcDbEntity
  8
0
100
AcDbCircle
 10
0.0
 20
0.0
 30
0.0
 40
0.1199988633531256
100
AcDbArc
 50
225.0000000000001
 51
45.00000000000005
  0
ARC
  5
1AA
330
1A1
100
AcDbEntity
  8
0
100
AcDbCircle
 10
0.0
 20
0.0
 30
0.0
 40
0.1599984774463594
100
AcDbArc
 50
225.0000000000001
 51
45.00000000000005
  0
LINE
  5
1AB
330
1A1
100
AcDbEntity
  8
0
100
AcDbLine
 10
-0.2828427124746191
 20
-0.2828427124746191
 30
0.0
 11
0.282842712474619
 21
0.282842712474619
 31
0.0
  0
LINE
  5
1AC
330
1A1
100
AcDbEntity
  8
0
100
AcDbLine
 10
0.282842712474619
 20
-0.282842712474619
 30
0.0
 11
-0.282842712474619
 21
0.282842712474619
 31
0.0
  0
ENDBLK
  5
1AD
330
1A1
100
AcDbEntity
  8
0
100
AcDbBlockEnd
  0
BLOCK
  5
7EB
330
7EA
100
AcDbEntity
  8
0
 62
     3
100
AcDbBlockBegin
  2
logo
 70
     0
 10
0.0
 20
0.0
 30
0.0
  3
logo
  1

  0
TEXT
  5
7EC
330
7EA
100
AcDbEntity
  8
0
100
AcDbText
 10
451.9465732074652
 20
89.14765559863525
 30
0.0
 40
1.005104499387758
  1
N
 50
45.46812547204831
 41
0.8
  7
$TD_AUDIT_GENERATED_(7ED)
 72
     4
 11
451.8059557150214
 21
89.6892896335105
 31
0.0
100
AcDbText
  0
TEXT
  5
7EE
330
7EA
100
AcDbEntity
  8
0
100
AcDbText
 10
450.8970089985486
 20
97.07060557138732
 30
0.0
 40
1.005104499387758
  1
\M+5CBBE
 50
313.9999999830155
 41
0.8
  7
$TD_AUDIT_GENERATED_(7EF)
 72
     4
 11
451.6282649048233
 21
97.00766841509329
 31
0.0
100
AcDbText
  0
TEXT
  5
7F0
330
7EA
100
AcDbEntity
  8
0
100
AcDbText
 10
449.6655487072845
 20
97.80458275904302
 30
0.0
 40
1.005104499387758
  1
\M+5B9AB
 50
332.0000000220918
 41
0.8
  7
$TD_AUDIT_GENERATED_(7EF)
 72
     4
 11
450.3902870335594
 21
97.98917268984957
 31
0.0
100
AcDbText
  0
HATCH
  5
7F1
330
7EA
100
AcDbEntity
  8
0
100
AcDbHatch
 10
0.0
 20
0.0
 30
0.0
210
0.0
220
0.0
230
1.0
  2
SOLID
 70
     1
 71
     0
 91
        5
 92
        1
 93
        8
 72
     4
 94
        3
 73
     0
 74
     0
 95
        9
 96
        5
 40
0.0
 40
0.0
 40
0.0
 40
0.0
 40
0.2241663815802706
 40
0.4614643167746397
 40
0.4614643167746397
 40
0.4614643167746397
 40
0.4614643167746397
 10
446.236022319209
 20
89.47065316716424
 10
446.296923348699
 20
89.42709838784083
 10
446.422292959282
 20
89.3374374121804
 10
446.5612707076975
 20
89.2707397840897
 10
446.6327369761352
 20
89.23644198715726
 97
        0
 72
     4
 94
        3
 73
     0
 74
     0
 95
       26
 96
       22
 40
0.0
 40
0.0
 40
0.0
 40
0.0
 40
0.057603217311697
 40
0.0998147821405393
 40
0.1504586407897344
 40
0.2127194168510028
 40
0.2663297105922637
 40
0.320563421659545
 40
0.3856033483655085
 40
0.4507516626295947
 40
0.5206554591326177
 40
0.5819440420636764
 40
0.6437753388674202
 40
0.7029602690409292
 40
0.7834997370295085
 40
1.020501937707859
 40
1.13439552113683
 40
1.28514441201188
 40
1.413721704973908
 40
1.517232383884393
 40
1.556601052873635
 40
1.556601052873635
 40
1.556601052873635
 40
1.556601052873635
 10
446.6327369761352
 20
89.2364419871572
 10
446.618146463293
 20
89.24892408117086
 10
446.5928640410841
 20
89.27055303789882
 10
446.55528132381
 20
89.30376821031592
 10
446.5153897610032
 20
89.33667536069976
 10
446.474100025448
 20
89.37379786973389
 10
446.4306338663671
 20
89.41017582436683
 10
446.3861157528445
 20
89.44692999884631
 10
446.3451514679193
 20
89.49295701854732
 10
446.3006217141854
 20
89.54255984936975
 10
446.25544255775
 20
89.58995164792486
 10
446.2143550507553
 20
89.63954233981144
 10
446.1703419471964
 20
89.68162634089117
 10
446.1287250528417
 20
89.73454419806416
 10
446.056410594739
 20
89.83714760633751
 10
445.9668184996717
 20
89.95004074524365
 10
445.8798749295204
 20
90.09306474327883
 10
445.8164566406094
 20
90.20774635392178
 10
445.7488879634066
 20
90.3161627169834
 10
445.7092148708214
 20
90.39757408302836
 10
445.6887766474449
 20
90.44060204092324
 10
445.683180324929
 20
90.4524726965737
 97
        0
 72
     4
 94
        3
 73
     0
 74
     0
 95
        9
 96
        5
 40
5.543272291493883
 40
5.543272291493883
 40
5.543272291493883
 40
5.543272291493883
 40
5.872403022592868
 40
6.573153481137538
 40
6.573153481137538
 40
6.573153481137538
 40
6.573153481137538
 10
445.683180324929
 20
90.45247269657364
 10
445.7910207244097
 20
90.43127417298206
 10
446.1305511927326
 20
90.37543792115724
 10
446.473541842043
 20
90.35095951548368
 10
446.7071277818156
 20
90.34498631849482
 97
        0
 72
     4
 94
        3
 73
     0
 74
     0
 95
       16
 96
       12
 40
7.525196457517759
 40
7.525196457517759
 40
7.525196457517759
 40
7.525196457517759
 40
7.698435514731243
 40
8.095589260690783
 40
8.455471495748146
 40
8.774397086495217
 40
9.030973949537257
 40
9.303711859261632
 40
9.37744130907351
 40
9.42505109935746
 40
9.446032685300692
 40
9.446032685300692
 40
9.446032685300692
 40
9.446032685300692
 10
446.7071277818159
 20
90.34498631849482
 10
446.7374310485307
 20
90.29580449256838
 10
446.8405374318268
 20
90.13575858303761
 10
447.010311729013
 20
89.8764864678621
 10
447.2237717274743
 20
89.5875346532303
 10
447.4334818410343
 20
89.35655006917654
 10
447.6251096675971
 20
89.14854913787315
 10
447.7724817594878
 20
89.01154709242354
 10
447.8714528894011
 20
88.92516140079954
 10
447.9058678420226
 20
88.89249912326193
 10
447.9226643339284
 20
88.87698706296754
 10
447.9278022544349
 20
88.87224204042792
 97
        0
 72
     4
 94
        3
 73
     0
 74
     0
 95
        8
 96
        4
 40
0.0
 40
0.0
 40
0.0
 40
0.0
 40
0.0023849449572866
 40
0.0023849449572866
 40
0.0023849449572866
 40
0.0023849449572866
 10
447.9278022544349
 20
88.87224204042792
 10
447.9283858209931
 20
88.87170218313219
 10
447.9289693875514
 20
88.87116232583634
 10
447.9295529541096
 20
88.8706224685406
 97
        0
 72
     2
 10
447.6406112307427
 20
93.2495013072359
 40
4.388401440556144
 50
86.22479244454537
 51
156.7920033932537
 73
     0
 72
     4
 94
        3
 73
     0
 74
     0
 95
       11
 96
        7
 40
6.993801407225128
 40
6.993801407225128
 40
6.993801407225128
 40
6.993801407225128
 40
7.589665414074407
 40
8.123227460410707
 40
8.777741004712693
 40
8.948850637601048
 40
8.948850637601048
 40
8.948850637601048
 40
8.948850637601048
 10
443.6073177033488
 20
91.52016313170196
 10
443.7428842961988
 20
91.37391151337687
 10
444.0133483316822
 20
91.1131582273755
 10
444.5340223072403
 20
90.81520711622164
 10
444.9551542147562
 20
90.64604501737062
 10
445.218714730582
 20
90.56611217125584
 10
445.27362611492
 20
90.55050514847994
 97
        0
 72
     4
 94
        3
 73
     0
 74
     0
 95
       17
 96
       13
 40
6.924526248046507
 40
6.924526248046507
 40
6.924526248046507
 40
6.924526248046507
 40
6.974299861745713
 40
7.083687340324216
 40
7.183444156210336
 40
7.311462081406292
 40
7.446857501580832
 40
7.55273464986723
 40
7.855886365124284
 40
8.147167387145247
 40
8.279801406373
 40
8.388095192127565
 40
8.388095192127565
 40
8.388095192127565
 40
8.388095192127565
 10
445.2736261149198
 20
90.55050514848
 10
445.2816785559287
 20
90.53599946594551
 10
445.3074640599152
 20
90.48962381096396
 10
445.350974224009
 20
90.41495193256401
 10
445.4180973373041
 20
90.32466994733232
 10
445.4882395405082
 20
90.22611412315081
 10
445.5541274432144
 20
90.12162138122477
 10
445.6767009586617
 20
89.9875637804364
 10
445.8244093944538
 20
89.8041807218197
 10
445.9996945891683
 20
89.64455785429817
 10
446.1462672919297
 20
89.52625975857626
 10
446.2027359678825
 20
89.49748366910353
 10
446.236022319209
 20
89.47065316716424
 97
        0
 97
        0
 92
        1
 93
        8
 72
     4
 94
        3
 73
     0
 74
     0
 95
       15
 96
       11
 40
0.0
 40
0.0
 40
0.0
 40
0.0
 40
0.4987467732066163
 40
0.7013259530216552
 40
1.06717765587035
 40
1.555863591533154
 40
2.373610417989843
 40
3.400921402867271
 40
4.144528950496907
 40
4.921283116414468
 40
4.921283116414468
 40
4.921283116414468
 40
4.921283116414468
 10
451.6608608566955
 20
92.38119854079076
 10
451.5441389082271
 20
92.2622301035488
 10
451.3800072563633
 20
92.09493949213936
 10
451.0943349518857
 20
91.88230714852477
 10
450.800634120104
 20
91.68668632582302
 10
450.2970965288926
 20
91.44357331900602
 10
449.5609234444985
 20
91.1885912565345
 10
448.7144899919053
 20
90.99985667139356
 10
447.8648844062955
 20
90.95333058515627
 10
447.357545044176
 20
90.96212353339718
 10
447.0991433965687
 20
90.97927422676611
 97
        0
 72
     4
 94
        3
 73
     0
 74
     0
 95
        9
 96
        5
 40
6.124205566293918
 40
6.124205566293918
 40
6.124205566293918
 40
6.124205566293918
 40
6.550309021250564
 40
6.656753593472368
 40
6.656753593472368
 40
6.656753593472368
 40
6.656753593472368
 10
447.0991433965689
 20
90.97927422676611
 10
447.0341911831663
 20
91.10566851616846
 10
446.9577568978334
 20
91.26604516459037
 10
446.88704178286
 20
91.42888078360824
 10
446.8731307558789
 20
91.46152249026488
 97
        0
 72
     4
 94
        3
 73
     0
 74
     0
 95
       18
 96
       14
 40
3.488374074371862
 40
3.488374074371862
 40
3.488374074371862
 40
3.488374074371862
 40
3.887806745815772
 40
4.416978135454834
 40
5.102881864907689
 40
5.778269700658052
 40
6.291653642830703
 40
6.838032875936091
 40
7.300646943173225
 40
7.769121453811416
 40
8.199365638989676
 40
8.680256300361139
 40
9.018495107481964
 40
9.018495107481964
 40
9.018495107481964
 40
9.018495107481964
 10
446.8731307558789
 20
91.46152249026494
 10
447.0059149441468
 20
91.4513370625553
 10
447.3154633093704
 20
91.4384851438059
 10
447.85394247164
 20
91.45562551666814
 10
448.4804672699941
 20
91.52740644974091
 10
449.0962004350088
 20
91.64126850525804
 10
449.6491661599791
 20
91.8130294451716
 10
450.1265905907619
 20
91.98559402872621
 10
450.5777900759435
 20
92.18393457824101
 10
450.9811304361569
 20
92.39238686098548
 10
451.3783715268235
 20
92.6244928317463
 10
451.7226812099047
 20
92.85973393376668
 10
451.9367667642291
 20
93.02926253340587
 10
452.0251679819874
 20
93.09926508308871
 97
        0
 72
     4
 94
        3
 73
     0
 74
     0
 95
        8
 96
        4
 40
0.0
 40
0.0
 40
0.0
 40
0.0
 40
0.0017177855416153
 40
0.0017177855416153
 40
0.0017177855416153
 40
0.0017177855416153
 10
452.0251679819874
 20
93.09926508308871
 10
452.0256047129747
 20
93.09963539550478
 10
452.026041443962
 20
93.10000570792084
 10
452.0264781749493
 20
93.10037602033691
 97
        0
 72
     2
 10
447.6406112307427
 20
93.2495013072359
 40
4.388401440556144
 50
1.94738219516251
 51
75.76919207558522
 73
     0
 72
     4
 94
        3
 73
     0
 74
     0
 95
        8
 96
        4
 40
0.0
 40
0.0
 40
0.0
 40
0.0
 40
0.0020923791021179
 40
0.0020923791021179
 40
0.0020923791021179
 40
0.0020923791021179
 10
448.7194059047511
 20
88.9957653898561
 10
448.7188955834035
 20
88.99624080773168
 10
448.718385262056
 20
88.9967162256072
 10
448.7178749407085
 20
88.99719164348272
 97
        0
 72
     4
 94
        3
 73
     0
 74
     0
 95
       13
 96
        9
 40
7.370154445551353
 40
7.370154445551353
 40
7.370154445551353
 40
7.370154445551353
 40
7.384670112060126
 40
7.615560347569366
 40
7.856432306933838
 40
8.293501929024398
 40
8.98250490958248
 40
9.23484214211912
 40
9.23484214211912
 40
9.23484214211912
 40
9.23484214211912
 10
448.7178749407085
 20
88.99719164348272
 10
448.7142573844778
 20
89.00040489425521
 10
448.653097971003
 20
89.05472900701665
 10
448.5310874905088
 20
89.16142883704975
 10
448.295975661403
 20
89.35285601112321
 10
447.9803590316783
 20
89.6827999325497
 10
447.6837562807541
 20
90.03469542763384
 10
447.5047004109224
 20
90.29251403016798
 10
447.4582625092328
 20
90.36268876589367
 97
        0
 72
     4
 94
        3
 73
     0
 74
     0
 95
       15
 96
       11
 40
0.0
 40
0.0
 40
0.0
 40
0.0
 40
0.0396490280830779
 40
1.145445618669398
 40
2.065674080291337
 40
3.369619663016798
 40
3.804909353442616
 40
4.135233665046806
 40
4.289277524492026
 40
4.791890366848904
 40
4.791890366848904
 40
4.791890366848904
 40
4.791890366848904
 10
447.4582625092328
 20
90.36268876589367
 10
447.4714557998454
 20
90.36366967092323
 10
447.8525551871041
 20
90.39306124786373
 10
448.5370491039325
 20
90.50122880335306
 10
449.5907368921187
 20
90.84601145468497
 10
450.4152894982694
 20
91.21305696438344
 10
450.9402121293408
 20
91.66159900905177
 10
451.1917571012666
 20
91.84037175486537
 10
451.4071023698107
 20
92.09022663006903
 10
451.55084134052
 20
92.25504477454137
 10
451.6608608566955
 20
92.38119854079076
 97
        0
 97
        0
 92
        1
 93
        6
 72
     4
 94
        3
 73
     0
 74
     0
 95
       21
 96
       17
 40
3.150581735181415
 40
3.150581735181415
 40
3.150581735181415
 40
3.150581735181415
 40
3.579808696638748
 40
4.023604315399971
 40
4.449119913436038
 40
4.899617051385869
 40
5.287157745437676
 40
5.787622231206912
 40
6.188038686120505
 40
6.672494971076138
 40
7.171322985893136
 40
7.735845578088812
 40
8.217568891518575
 40
8.59231953958858
 40
8.835590821903816
 40
8.9816115921349
 40
8.9816115921349
 40
8.9816115921349
 40
8.9816115921349
 10
446.7051257037374
 20
91.889019099368
 10
446.8482008733379
 20
91.88602838522417
 10
447.1394814753971
 20
91.890409164066
 10
447.5713156996419
 20
91.92374341313683
 10
448.0070169171477
 20
91.98653144974429
 10
448.4201301666481
 20
92.06988647015419
 10
448.8520789180016
 20
92.1820600766901
 10
449.2622707333462
 20
92.31079215284734
 10
449.6909047803479
 20
92.4832347543616
 10
450.1105697279888
 20
92.6752410176801
 10
450.5638074936908
 20
92.92255771100628
 10
450.9987564817723
 20
93.19938916618327
 10
451.3759597030528
 20
93.48682264884218
 10
451.6506872928198
 20
93.72978690209908
 10
451.8346652931696
 20
93.90601798795382
 10
451.9246684713125
 20
93.99948656380906
 10
451.9581784181753
 20
94.03479156279667
 97
        0
 72
     2
 10
447.6406112307427
 20
93.2495013072359
 40
4.388401440556144
 50
10.30841805244392
 51
102.9113634823187
 73
     1
 72
     4
 94
        3
 73
     0
 74
     0
 95
       56
 96
       52
 40
3.312575675732061
 40
3.312575675732061
 40
3.312575675732061
 40
3.312575675732061
 40
3.318391505043365
 40
3.380848207226377
 40
3.435782794916687
 40
3.55426477112907
 40
3.630519490547949
 40
3.755692401086849
 40
3.852207924787706
 40
3.992551869445919
 40
4.118307566247655
 40
4.229942193344062
 40
4.351757507598263
 40
4.431547558848829
 40
4.539652604931355
 40
4.659667264389723
 40
4.799394089192074
 40
4.926978488074752
 40
5.058168636691814
 40
5.180442951834922
 40
5.31740367694762
 40
5.470942392176496
 40
5.588513779404578
 40
5.695553560008105
 40
5.867776508687719
 40
6.008119726127337
 40
6.14526862597308
 40
6.308593856940433
 40
6.445721283483012
 40
6.598149873119415
 40
6.804260269526696
 40
6.931829251199067
 40
7.06496032481533
 40
7.203523697489236
 40
7.331988279414631
 40
7.488665631345652
 40
7.644207866042034
 40
7.794557595625662
 40
7.942808822799561
 40
8.095166164498163
 40
8.221993502087265
 40
8.343091109316081
 40
8.41395695465994
 40
8.521731161098288
 40
8.619725495650615
 40
8.72843395942529
 40
8.83418007340063
 40
8.92428678162834
 40
9.054113911850516
 40
9.168842545474352
 40
9.173127030428851
 40
9.173127030428851
 40
9.173127030428851
 40
9.173127030428851
 10
446.6600517335146
 20
97.5269503456081
 10
446.6585245395372
 20
97.52575638062086
 10
446.6406479990751
 20
97.51167648726806
 10
446.6099218923282
 20
97.48435881105007
 10
446.5467601881687
 20
97.43744728725954
 10
446.48352306369
 20
97.3833839923862
 10
446.3989158274235
 20
97.318058290784
 10
446.3342626169301
 20
97.24200763658598
 10
446.2491971838499
 20
97.15654536835638
 10
446.167027238334
 20
97.06760665963094
 10
446.0921518419677
 20
96.9662300178598
 10
446.019765527469
 20
96.87096871936427
 10
445.9556932943008
 20
96.78819492968671
 10
445.9050515179536
 20
96.69807722365664
 10
445.8504881918366
 20
96.61117704490044
 10
445.7845184789446
 20
96.50771468509828
 10
445.7260599180811
 20
96.39243701587219
 10
445.6685091410661
 20
96.27275622082692
 10
445.6101384802228
 20
96.1598850634071
 10
445.5585142711443
 20
96.04033220681055
 10
445.5087566125999
 20
95.91205904343491
 10
445.4580989511694
 20
95.7858047520537
 10
445.4162484865205
 20
95.66685110425675
 10
445.3780594285561
 20
95.54018672879823
 10
445.3371177056008
 20
95.40647481194026
 10
445.2916423882807
 20
95.26353879572105
 10
445.2592912575553
 20
95.12009480657412
 10
445.2297297871858
 20
94.97728445865397
 10
445.1907113235229
 20
94.8312582549276
 10
445.1678172188856
 20
94.66741433178817
 10
445.1399500717589
 20
94.50785404219641
 10
445.116529819677
 20
94.35396438914995
 10
445.1038281006904
 20
94.22144764909973
 10
445.0920946456938
 20
94.08858862678903
 10
445.0772182955327
 20
93.94811801346867
 10
445.06877433306
 20
93.80141034751102
 10
445.0638820862168
 20
93.64731410633061
 10
445.0560423054869
 20
93.49607789731039
 10
445.0582347623072
 20
93.34572201433804
 10
445.060215962729
 20
93.2032522352248
 10
445.0665996267844
 20
93.06997482799454
 10
445.0651795335532
 20
92.96355477292161
 10
445.0754802592144
 20
92.86409950120003
 10
445.0834000259451
 20
92.77225072509611
 10
445.0928059339121
 20
92.66783573862108
 10
445.101833766302
 20
92.5641045747816
 10
445.1090535647775
 20
92.46274172960057
 10
445.1277197354398
 20
92.3557176833969
 10
445.1443223707406
 20
92.24542121086853
 10
445.1567156373594
 20
92.16341369549059
 10
445.1623740408891
 20
92.1241386668625
 10
445.162577472036
 20
92.1227247067651
 97
        0
 72
     4
 94
        3
 73
     0
 74
     0
 95
       10
 96
        6
 40
1.586162538885827
 40
1.586162538885827
 40
1.586162538885827
 40
1.586162538885827
 40
2.071194100565923
 40
2.486699357005002
 40
2.486788559394391
 40
2.486788559394391
 40
2.486788559394391
 40
2.486788559394391
 10
445.162577472036
 20
92.12272470676515
 10
445.3173650340884
 20
92.07583114681387
 10
445.6087558617883
 20
92.00126143794677
 10
445.9057747844824
 20
91.95603196644294
 10
446.0433020922467
 20
91.93886149441744
 10
446.0433316108631
 20
91.9388578091511
 97
        0
 72
     4
 94
        3
 73
     0
 74
     0
 95
       53
 96
       49
 40
0.0
 40
0.0
 40
0.0
 40
0.0
 40
0.1300337471917388
 40
0.466224071899731
 40
0.7825891158204055
 40
1.155885933674857
 40
1.476403966736586
 40
1.750502273210316
 40
2.08170439442799
 40
2.409745300650678
 40
2.731103961501755
 40
3.098788249151716
 40
3.433637640124101
 40
3.715652802792438
 40
3.996982547103072
 40
4.344441565590744
 40
4.559558391482521
 40
4.956755503002683
 40
5.278032479805446
 40
5.395001113812131
 40
5.47055824108942
 40
5.496751745662129
 40
5.510958610028381
 40
5.524304766687864
 40
5.548343492655103
 40
5.564655763696178
 40
5.578858133927172
 40
5.592595877692681
 40
5.602847756834954
 40
5.612602713043281
 40
5.62611384528754
 40
5.63453646148425
 40
5.648906140884049
 40
5.662576481655982
 40
5.672607160057203
 40
5.682356417263424
 40
5.691213135538296
 40
5.703775077157794
 40
5.711394211099979
 40
5.722612125900232
 40
5.734190404588679
 40
5.745074201157167
 40
5.752057506583875
 40
5.761219591049745
 40
5.768448829015005
 40
5.776337971598063
 40
5.782839756287265
 40
5.793493644417593
 40
5.793493644417593
 40
5.793493644417593
 40
5.793493644417593
 10
446.0433316108631
 20
91.9388578091511
 10
446.0304109940325
 20
91.98025183093142
 10
445.9843182199022
 20
92.12865823154982
 10
445.9402411145336
 20
92.38644109729705
 10
445.8740464174189
 20
92.72195808118204
 10
445.8430698151417
 20
93.05766955535074
 10
445.8177879557829
 20
93.37938813007702
 10
445.8167781250943
 20
93.68819638142509
 10
445.8260314333832
 20
93.99917424881636
 10
445.8486337091031
 20
94.3254653241492
 10
445.9001587653686
 20
94.6610925279382
 10
445.9799267755673
 20
94.99281328099943
 10
446.0559540800143
 20
95.31294970656307
 10
446.1718214067489
 20
95.58955881821845
 10
446.2778441619448
 20
95.87432383460913
 10
446.4124029590998
 20
96.122151016656
 10
446.5720003767256
 20
96.3994306805377
 10
446.7522769818058
 20
96.65374337315399
 10
446.928700769234
 20
96.86985566348795
 10
447.0498450027519
 20
96.99105331594234
 10
447.1030819773869
 20
97.0408710983989
 10
447.1317761326854
 20
97.06676911041086
 10
447.1451323261019
 20
97.07870973072494
 10
447.1578586525557
 20
97.09027667832163
 10
447.1709348589043
 20
97.10250064371797
 10
447.184577373409
 20
97.11452800961246
 10
447.1952601929208
 20
97.12470185776732
 10
447.2046038143687
 20
97.13334916802972
 10
447.2129971852287
 20
97.14083846341106
 10
447.2211334026194
 20
97.14849644651298
 10
447.228923622916
 20
97.1556299949101
 10
447.2378129838376
 20
97.16384096342819
 10
447.2468735168661
 20
97.17194318622876
 10
447.2561708650246
 20
97.18058080584234
 10
447.2643434250342
 20
97.18816608902915
 10
447.2714287557403
 20
97.19456286420467
 10
447.2790977355096
 20
97.20157177071957
 10
447.2861882028878
 20
97.20816105670048
 10
447.2937180264921
 20
97.21543238782061
 10
447.3013297026143
 20
97.22213356085581
 10
447.3094394594839
 20
97.22989998608983
 10
447.3169057995899
 20
97.2362809651317
 10
447.3232666522306
 20
97.2426708480678
 10
447.3292615785749
 20
97.24766139945291
 10
447.3350396495591
 20
97.2533331595339
 10
447.3403730566429
 20
97.25818088905316
 10
447.3465961042075
 20
97.26374563719571
 10
447.3508129965692
 20
97.2676083826226
 10
447.3534317396493
 20
97.27000719601148
 97
        0
 72
     4
 94
        3
 73
     0
 74
     0
 95
      160
 96
      156
 40
0.0
 40
0.0
 40
0.0
 40
0.0
 40
0.1107477158696539
 40
0.1174312145756693
 40
0.1271853091298365
 40
0.1367163271431169
 40
0.1453333590380123
 40
0.1561283268376976
 40
0.1673104266620594
 40
0.1839960066494838
 40
0.2039455200536655
 40
0.2296060625483584
 40
0.2552693518759473
 40
0.2811184945144847
 40
0.3095352764788754
 40
0.337175172850663
 40
0.3630078713530387
 40
0.3864999392550619
 40
0.4096573585411288
 40
0.4326335428245247
 40
0.4576978286981253
 40
0.4763879152029193
 40
0.5022326135797408
 40
0.5319784374845814
 40
0.5567323115883612
 40
0.5755939068090948
 40
0.5983445822293212
 40
0.628130051986942
 40
0.6535427561445373
 40
0.6739369991058034
 40
0.6902213010181728
 40
0.7096668000750198
 40
0.7303390503472671
 40
0.7532192640776006
 40
0.7834753981206175
 40
0.8037891038344896
 40
0.8252240769144858
 40
0.8467094301912894
 40
0.8653006394055396
 40
0.886062624037366
 40
0.9043955271012523
 40
0.9225262190336276
 40
0.9425813147136054
 40
0.9584087980959783
 40
0.9751310408466805
 40
0.9920613665400241
 40
1.01234378765005
 40
1.030406107724672
 40
1.043364384635123
 40
1.064515264590926
 40
1.079746794361193
 40
1.097078572584323
 40
1.111032404247666
 40
1.125286160326508
 40
1.137638084605187
 40
1.153566440108332
 40
1.164537279192371
 40
1.174270917037503
 40
1.184708125047926
 40
1.195427607248417
 40
1.210105601452837
 40
1.22276048634133
 40
1.234843234779326
 40
1.247309332311784
 40
1.261176355988959
 40
1.274405750637335
 40
1.289726139891182
 40
1.30433719793271
 40
1.320375811778753
 40
1.331255932051061
 40
1.343091238753967
 40
1.35457166839334
 40
1.367346014366812
 40
1.377319972379365
 40
1.389174992722888
 40
1.399760495784695
 40
1.40973155470026
 40
1.421605794079571
 40
1.435670448725419
 40
1.447175071788926
 40
1.465214311139455
 40
1.475741281399696
 40
1.485484174210874
 40
1.493892275900931
 40
1.503251300595758
 40
1.51556632592467
 40
1.532388548254147
 40
1.545008982694388
 40
1.559034411923492
 40
1.567651720929816
 40
1.574499184581334
 40
1.58290607389516
 40
1.590491070853209
 40
1.599279815279878
 40
1.610908154402809
 40
1.619021751024455
 40
1.625180468235297
 40
1.636636674602325
 40
1.643645099347187
 40
1.651176733842647
 40
1.658497294244557
 40
1.668989860214827
 40
1.676940686613839
 40
1.683290804139898
 40
1.692967067081428
 40
1.698740963146071
 40
1.7046244808274
 40
1.713314684498083
 40
1.72548141788807
 40
1.736405021089046
 40
1.746884957679967
 40
1.755507723694281
 40
1.762406941634038
 40
1.772707394162442
 40
1.781750587527271
 40
1.79153453885394
 40
1.801611730872196
 40
1.811392902326527
 40
1.81828676597302
 40
1.822647681417871
 40
1.829473958237928
 40
1.837582495163095
 40
1.842425949822617
 40
1.850591866006386
 40
1.858710596001808
 40
1.864743519296687
 40
1.872875391168455
 40
1.880336535473477
 40
1.888273508415793
 40
1.896927820238293
 40
1.904419707302538
 40
1.913743135015038
 40
1.923419260974708
 40
1.932908267495248
 40
1.944251653026222
 40
1.953692744276887
 40
1.972954852044431
 40
1.994746628995993
 40
2.018161444664881
 40
2.046924305414614
 40
2.070586725241041
 40
2.094732896049115
 40
2.118101146540499
 40
2.136202529785193
 40
2.154267703650845
 40
2.173655153522503
 40
2.237711843841197
 40
2.395857590566159
 40
2.64751491840506
 40
3.151040366807829
 40
3.408722852245061
 40
4.363534989138262
 40
4.843443075411796
 40
5.600843692168699
 40
5.664922826657165
 40
5.664922826657165
 40
5.664922826657165
 40
5.664922826657165
 10
447.3534317396493
 20
97.27000719601148
 10
447.3310021140087
 20
97.2406871440516
 10
447.3072188859685
 20
97.20959766029995
 10
447.2812790888677
 20
97.1760626818783
 10
447.2762813282934
 20
97.16898866702195
 10
447.2703228833936
 20
97.1618403851889
 10
447.2644870193171
 20
97.15415715663653
 10
447.2582562063658
 20
97.1460840157493
 10
447.2504300117253
 20
97.13584517975471
 10
447.2410472007275
 20
97.1229531737709
 10
447.2275951990528
 20
97.10711329358213
 10
447.2136769880142
 20
97.08784723859316
 10
447.1985345101325
 20
97.06704222533023
 10
447.1812801651336
 20
97.04671512332794
 10
447.1652238940112
 20
97.02461884752387
 10
447.1483917554133
 20
97.00312897015397
 10
447.1329504321607
 20
96.98264039370326
 10
447.1182427478698
 20
96.96347235152007
 10
447.1039326571961
 20
96.94519789117447
 10
447.0898993658086
 20
96.92605719030013
 10
447.0756940227311
 20
96.90890394059892
 10
447.0630819314031
 20
96.88939124972734
 10
447.0509800704617
 20
96.86778987979932
 10
447.0375087179098
 20
96.84464121244764
 10
447.0249144163249
 20
96.8236800524682
 10
447.0136752794849
 20
96.80462509822087
 10
447.0019344142561
 20
96.78392203928325
 10
446.9885995368093
 20
96.76162118497285
 10
446.9756935624789
 20
96.73997752268127
 10
446.965756375499
 20
96.72181578098508
 10
446.9559362430239
 20
96.70588666542642
 10
446.9468658206895
 20
96.68941214392459
 10
446.9357569984784
 20
96.67158404154401
 10
446.9237658728321
 20
96.65009594271692
 10
446.9111775673093
 20
96.62909497666152
 10
446.8990950427497
 20
96.60835637065423
 10
446.8884936956197
 20
96.59013825354805
 10
446.8779391357903
 20
96.57255839029557
 10
446.8679807418364
 20
96.55488936447216
 10
446.8578845677052
 20
96.53852012892895
 10
446.8485819852922
 20
96.52186087306336
 10
446.8390486907781
 20
96.50562299788083
 10
446.8294292515295
 20
96.49034637411347
 10
446.8226529159756
 20
96.4741365642891
 10
446.8158761822958
 20
96.45910791614108
 10
446.8087257608693
 20
96.44260995199858
 10
446.8014639266976
 20
96.42567667748853
 10
446.794425382082
 20
96.41009022507086
 10
446.7875529073801
 20
96.39411496799124
 10
446.7808603179988
 20
96.37909085996074
 10
446.7738003577469
 20
96.36263660835908
 10
446.7676336215252
 20
96.34840983958071
 10
446.7615212093865
 20
96.33451517321458
 10
446.7560250658221
 20
96.32216229828481
 10
446.7505546568284
 20
96.30908130855437
 10
446.7452536136345
 20
96.29711901521421
 10
446.740279800149
 20
96.28596692189365
 10
446.7361692802112
 20
96.2764346815041
 10
446.7319972807811
 20
96.26702090074258
 10
446.7272275431442
 20
96.25606954986574
 10
446.7222553437739
 20
96.24440039906204
 10
446.7169526301227
 20
96.23237929940802
 10
446.7121525533578
 20
96.22094338525659
 10
446.7067839288409
 20
96.20931592718273
 10
446.7016106630829
 20
96.1971846522805
 10
446.6958119738392
 20
96.18428853891328
 10
446.6903106703128
 20
96.17099306642984
 10
446.6840467422594
 20
96.15700751443114
 10
446.6785667236795
 20
96.14429508295024
 10
446.6734586225923
 20
96.13242966023017
 10
446.6687850562093
 20
96.1220328715927
 10
446.6639567540869
 20
96.11101433207881
 10
446.6593498879627
 20
96.10057588741421
 10
446.6548548921955
 20
96.08995313511082
 10
446.6505291324281
 20
96.08005169631332
 10
446.6460293341024
 20
96.07022827458962
 10
446.6418943903218
 20
96.06023827445813
 10
446.6369679895147
 20
96.04932847629442
 10
446.6319448523782
 20
96.03790137656546
 10
446.6267701047011
 20
96.02430525459494
 10
446.6231199095532
 20
96.01144653651585
 10
446.6192675096072
 20
95.99927264793212
 10
446.6165001059339
 20
95.99012232016315
 10
446.6137682730484
 20
95.98136865779406
 10
446.6107316197504
 20
95.97181209919484
 10
446.6069100252951
 20
95.95956226180607
 10
446.6027617303309
 20
95.94627551737807
 10
446.5985092151966
 20
95.93242426733053
 10
446.595061365917
 20
95.92118676026013
 10
446.5920070464783
 20
95.91184226780399
 10
446.5897873139299
 20
95.90419997057819
 10
446.5874387724266
 20
95.89695746624358
 10
446.5850508591875
 20
95.88904969893849
 10
446.5821998110357
 20
95.88016142447867
 10
446.5794781837355
 20
95.87104826272474
 10
446.5767699802727
 20
95.86284925686283
 10
446.574367510043
 20
95.85461560080017
 10
446.5718487057086
 20
95.84680317624003
 10
446.5693366883083
 20
95.83850968999059
 10
446.567132364125
 20
95.83156412689806
 10
446.5645768096897
 20
95.82351161510809
 10
446.5620771461145
 20
95.81529530804704
 10
446.5596085625762
 20
95.80740805361319
 10
446.5571760353703
 20
95.79979472788244
 10
446.5550377557377
 20
95.79284976768207
 10
446.5528579568011
 20
95.78608012909831
 10
446.5510477229186
 20
95.7795416064559
 10
446.5481727093572
 20
95.77110127928773
 10
446.5451325291547
 20
95.7609527159405
 10
446.5417560981696
 20
95.7502840675221
 10
446.5387991293387
 20
95.74072202304802
 10
446.5362662695804
 20
95.73243306171901
 10
446.5337188489391
 20
95.72421115113474
 10
446.5310907463836
 20
95.71586763619774
 10
446.5282059304034
 20
95.70659689408785
 10
446.5253667306104
 20
95.69738993503188
 10
446.522427617721
 20
95.68795642213666
 10
446.5197008632654
 20
95.67946575658505
 10
446.5177041385755
 20
95.67274364748124
 10
446.5158724363848
 20
95.66700155675943
 10
446.51399377959
 20
95.66085005410622
 10
446.5119677944404
 20
95.65457581743061
 10
446.5099765993671
 20
95.64782359436356
 10
446.5078185045588
 20
95.6411192412267
 10
446.5056215284526
 20
95.6340118836759
 10
446.5034308600689
 20
95.62691438772072
 10
446.5012377702428
 20
95.62004733898567
 10
446.4989216013735
 20
95.6125537570419
 10
446.4965911701297
 20
95.60488227917489
 10
446.4941078597039
 20
95.59724774640966
 10
446.4916793261982
 20
95.58911213774752
 10
446.4889770380967
 20
95.5807049021617
 10
446.4861837407116
 20
95.57162895598793
 10
446.4831469917283
 20
95.56192269212465
 10
446.4802025676281
 20
95.55227357849077
 10
446.4760169485223
 20
95.53958247373151
 10
446.4731783057573
 20
95.52294503973519
 10
446.4688869112924
 20
95.50190278362442
 10
446.4638894817904
 20
95.47775335870477
 10
446.4590033116319
 20
95.45295121073411
 10
446.4538215758323
 20
95.42795807798774
 10
446.4494207154078
 20
95.40464290231415
 10
446.4448446945257
 20
95.38325364673534
 10
446.4410483121044
 20
95.36377485003567
 10
446.4373528762637
 20
95.3456292858765
 10
446.4307845154817
 20
95.31243620592431
 10
446.4147304368778
 20
95.23352679693272
 10
446.3826828586521
 20
95.07880196414618
 10
446.3421694683652
 20
94.77691617752629
 10
446.3119613053655
 20
94.44013857467394
 10
446.3108479332084
 20
93.86796131953975
 10
446.3522186510545
 20
93.30368649017208
 10
446.4780704075577
 20
92.58306547214835
 10
446.6055702842646
 20
92.16714106427509
 10
446.6978542116758
 20
91.90911774609003
 10
446.7051257037376
 20
91.889019099368
 97
        0
 97
        0
 92
        1
 93
        6
 72
     4
 94
        3
 73
     0
 74
     0
 95
      182
 96
      178
 40
0.0
 40
0.0
 40
0.0
 40
0.0
 40
0.0004608570517367
 40
0.0009729494474141
 40
0.0016363540590875
 40
0.0023303345230375
 40
0.0030111086512431
 40
0.0037157791883016
 40
0.0044417474296336
 40
0.0051453628955143
 40
0.0058457108451621
 40
0.0066866786930528
 40
0.0076158468232376
 40
0.0084479273527105
 40
0.009117357892274
 40
0.0098732447618965
 40
0.0104669246043033
 40
0.0112879120182304
 40
0.0120939639375117
 40
0.0133150503152903
 40
0.0141420845878485
 40
0.0150856124945886
 40
0.0160343530682034
 40
0.0170494170498098
 40
0.0182152627564697
 40
0.0191778835943859
 40
0.02021885429002
 40
0.0216039574267802
 40
0.0226431291531624
 40
0.0237085940079975
 40
0.024784804151143
 40
0.0259610156830361
 40
0.0268691947890177
 40
0.0278193764751355
 40
0.029008713334361
 40
0.0300971263788275
 40
0.0312206603862568
 40
0.0322461388636397
 40
0.0338052225386787
 40
0.0349109557935424
 40
0.0359159498802699
 40
0.0369636947908207
 40
0.0379818331759885
 40
0.0389619575608237
 40
0.0402352501661673
 40
0.041600163295043
 40
0.0427250679694499
 40
0.0440449973191094
 40
0.045366395635904
 40
0.0468917127909704
 40
0.0482134339391989
 40
0.0492326377690379
 40
0.0502573468264918
 40
0.0517879629975059
 40
0.053004317701275
 40
0.0545983135097645
 40
0.0558073547541555
 40
0.0577756720546503
 40
0.058798123490735
 40
0.0604262997066089
 40
0.0615134730361969
 40
0.0630345618061035
 40
0.0640687594318062
 40
0.0649572381994759
 40
0.0658986911827748
 40
0.0672630360746801
 40
0.0684670944749899
 40
0.0697975057077783
 40
0.0706248305678359
 40
0.0715396151011575
 40
0.0724750269747097
 40
0.0735603355951217
 40
0.075301930394205
 40
0.0774998670637863
 40
0.0787621284134879
 40
0.0802922573730132
 40
0.0811989454043717
 40
0.08200618191791
 40
0.0827677293106331
 40
0.0835355298256289
 40
0.0845190237729586
 40
0.0858358952632763
 40
0.0869110956422041
 40
0.0882174780214062
 40
0.0891805827505775
 40
0.0902608845568213
 40
0.0912652254992066
 40
0.0920771480940162
 40
0.0928681871172973
 40
0.0936015272172201
 40
0.0947209886137988
 40
0.0956208213994727
 40
0.0965679810674416
 40
0.0976386311253129
 40
0.0984871360326426
 40
0.0995995445261069
 40
0.1010865971118794
 40
0.1020854413773498
 40
0.1032406716340323
 40
0.1042452603298389
 40
0.1054942337817878
 40
0.1069376761292079
 40
0.1082153447841134
 40
0.1096418227219575
 40
0.1108114386188248
 40
0.1118828617967959
 40
0.1130566316869884
 40
0.1141382544480658
 40
0.1153754704310354
 40
0.1167108382869029
 40
0.1176812261433391
 40
0.1189549787649838
 40
0.1200606000634158
 40
0.1208396530316786
 40
0.1222807538265694
 40
0.1233970783302719
 40
0.1243074346344418
 40
0.1251525100345359
 40
0.1268539043866664
 40
0.1279833751189703
 40
0.1291200043944449
 40
0.1301321856655542
 40
0.1314827819899106
 40
0.1323788873955422
 40
0.1333871534397205
 40
0.1347115430085196
 40
0.1357453450542793
 40
0.1368692025410944
 40
0.1376653659912846
 40
0.1384244240306752
 40
0.1390377680730266
 40
0.1397038783791403
 40
0.1407170810693928
 40
0.141825101238336
 40
0.1429137193763129
 40
0.1438351799583906
 40
0.1450911403738796
 40
0.1461658000956271
 40
0.1472721306647419
 40
0.1484474065299292
 40
0.1496479121902209
 40
0.1508941784680481
 40
0.1521223838283178
 40
0.1532322790465278
 40
0.1544111465477333
 40
0.1553724303815609
 40
0.1565468438037109
 40
0.1578009413757344
 40
0.1590424608351619
 40
0.1599422936208256
 40
0.1609728715187098
 40
0.1621942659575709
 40
0.1634308407478035
 40
0.1644658551978062
 40
0.1656412877832724
 40
0.1667925538624304
 40
0.1677655831563102
 40
0.1687750501645568
 40
0.1704834691513263
 40
0.1726513907565534
 40
0.1758476125104698
 40
0.1787639746265801
 40
0.1841546140659608
 40
0.1902332356873936
 40
0.1968890799812081
 40
0.2064660553904191
 40
0.2160762412396205
 40
0.2258173677047658
 40
0.2351998526357398
 40
0.2478395738368472
 40
0.2533211732776546
 40
0.4012285880048347
 40
0.4659550722133198
 40
0.5799164568600612
 40
0.7695111713852327
 40
1.116892179648216
 40
1.16096584763539
 40
1.16096584763539
 40
1.16096584763539
 40
1.16096584763539
 10
443.7641111576827
 20
92.8496214268352
 10
443.7642141429387
 20
92.84950743967858
 10
443.764431562739
 20
92.84926679295177
 10
443.7647915901023
 20
92.8488570000664
 10
443.7652148597601
 20
92.84839960223695
 10
443.7656722515751
 20
92.84789723221246
 10
443.7661294044915
 20
92.84737615634157
 10
443.7666086679912
 20
92.84686063773296
 10
443.7670751080502
 20
92.8463233324589
 10
443.7675597680886
 20
92.84580438102466
 10
443.7680525409237
 20
92.84524113140327
 10
443.7686128849036
 20
92.84463754908728
 10
443.7691810100705
 20
92.84398193238661
 10
443.7697299675567
 20
92.8433859555181
 10
443.7702364542295
 20
92.84282947686694
 10
443.7706843693329
 20
92.84232714351543
 10
443.7711783931475
 20
92.8417984637212
 10
443.7716672329636
 20
92.84124251359634
 10
443.7723010578995
 20
92.84053569937714
 10
443.7729496844145
 20
92.83983954147823
 10
443.7736038319986
 20
92.83908666547063
 10
443.7742267410506
 20
92.83842788332021
 10
443.7748598572582
 20
92.8376938835467
 10
443.775572942101
 20
92.8369322592834
 10
443.7762727980753
 20
92.8361523461088
 10
443.7769683417675
 20
92.83535707706693
 10
443.7777318678102
 20
92.83452456622251
 10
443.7785050171613
 20
92.83366641725888
 10
443.7792885573508
 20
92.83280660367694
 10
443.7799870622757
 20
92.83200884186982
 10
443.7807341236087
 20
92.83119328351353
 10
443.781443637831
 20
92.83041447997618
 10
443.7821159961841
 20
92.82965873882961
 10
443.7827972073428
 20
92.82890508006716
 10
443.7835108275319
 20
92.82809973909332
 10
443.7842931790808
 20
92.82727860888002
 10
443.7849810108382
 20
92.82644609318572
 10
443.7858374209479
 20
92.82555413280477
 10
443.7866474000175
 20
92.8246281158398
 10
443.7874735670021
 20
92.82372595475988
 10
443.7881746340227
 20
92.82294047201657
 10
443.788868473946
 20
92.82218780952581
 10
443.7895382747752
 20
92.82142463896429
 10
443.790278884572
 20
92.82062407062625
 10
443.7910705563418
 20
92.8197139203159
 10
443.791928586754
 20
92.81879867009798
 10
443.7927707376439
 20
92.81784809299546
 10
443.7936097106503
 20
92.81691419026345
 10
443.7945433039229
 20
92.81588588576693
 10
443.7954753863939
 20
92.81485541695815
 10
443.7963408030728
 20
92.8139004612031
 10
443.7970806089011
 20
92.81305694320747
 10
443.7978956006998
 20
92.81218758804522
 10
443.7987319887925
 20
92.81124883998308
 10
443.7996935057865
 20
92.81016753986569
 10
443.8005911931941
 20
92.80917289834093
 10
443.8016725678356
 20
92.80800655779439
 10
443.8025977740517
 20
92.80695577471602
 10
443.8036318502318
 20
92.8058150774661
 10
443.804474613876
 20
92.80489732790329
 10
443.805402592124
 20
92.80383271643421
 10
443.8062302526221
 20
92.8029442458635
 10
443.8069904584397
 20
92.80208381226151
 10
443.8076562996239
 20
92.80139939394883
 10
443.808390686768
 20
92.80062842454004
 10
443.8091792066527
 20
92.79976400128709
 10
443.8100740303939
 20
92.79882148585244
 10
443.8108406164711
 20
92.79800412603453
 10
443.8115414571275
 20
92.79725728935131
 10
443.8121479141364
 20
92.79660248139231
 10
443.8128089341544
 20
92.79588095221158
 10
443.8136790090716
 20
92.79497765786562
 10
443.8148206148464
 20
92.79375199009502
 10
443.8160106429284
 20
92.79249088802578
 10
443.8171413941504
 20
92.79127084791361
 10
443.8179876127058
 20
92.79037403791284
 10
443.8187283789564
 20
92.78958623930617
 10
443.8192824438363
 20
92.78897468301506
 10
443.8198221540592
 20
92.78841303808622
 10
443.8203862786786
 20
92.78779377475598
 10
443.8211024126842
 20
92.78706330819892
 10
443.8218445662383
 20
92.78621684432511
 10
443.8227136900066
 20
92.78534195516625
 10
443.8234608062187
 20
92.7845141198286
 10
443.8242358141497
 20
92.78371015774775
 10
443.8249191811537
 20
92.7829582986821
 10
443.8255871383558
 20
92.78226102626269
 10
443.8261745101981
 20
92.7816204136127
 10
443.8267089279259
 20
92.78105393885124
 10
443.8273129192883
 20
92.78041219771006
 10
443.8279271845067
 20
92.7797302917757
 10
443.8286279015313
 20
92.77903215804469
 10
443.8292818453103
 20
92.77831206830348
 10
443.8299272955687
 20
92.77760759773912
 10
443.8306282425051
 20
92.7768796053403
 10
443.8314061662618
 20
92.77603349962004
 10
443.8322329521868
 20
92.77516450374486
 10
443.8330568865326
 20
92.77427328668887
 10
443.833780216451
 20
92.77350817854062
 10
443.8345533826384
 20
92.77267550804498
 10
443.8354042956053
 20
92.77178405310832
 10
443.836301101217
 20
92.7708108472587
 10
443.8372492911162
 20
92.76980469626795
 10
443.8381287843074
 20
92.76885925103187
 10
443.838974320518
 20
92.7679762369284
 10
443.8397442671921
 20
92.7671378218784
 10
443.8405050330039
 20
92.76633098035649
 10
443.8413079021348
 20
92.7654878533105
 10
443.8421267050949
 20
92.76458592658577
 10
443.8429404902008
 20
92.76373000068742
 10
443.8437516646684
 20
92.76285497479387
 10
443.8445187198233
 20
92.76204354086906
 10
443.8452313184453
 20
92.76126849135545
 10
443.8459971191742
 20
92.76046688042868
 10
443.8467573508806
 20
92.75965510895963
 10
443.8475428651038
 20
92.75880707727669
 10
443.8482021255663
 20
92.75811299331417
 10
443.8489864028852
 20
92.7572688354353
 10
443.8498194174783
 20
92.75636998127237
 10
443.8507527963179
 20
92.75543290399122
 10
443.8515086477662
 20
92.75464368471518
 10
443.8523255984358
 20
92.75381106365387
 10
443.8530864924849
 20
92.75303575168238
 10
443.8538359230481
 20
92.75225114103444
 10
443.8545919152266
 20
92.75148507426917
 10
443.8553700640778
 20
92.75067653205582
 10
443.8561809662904
 20
92.74984609235338
 10
443.8568656081948
 20
92.74913847580132
 10
443.8574884291781
 20
92.7484984828302
 10
443.8579911268096
 20
92.7479790447859
 10
443.8584629253066
 20
92.74749003352758
 10
443.8589948063491
 20
92.74694127561003
 10
443.8596439463013
 20
92.74627654460113
 10
443.8603927003655
 20
92.74551224337671
 10
443.8611164277354
 20
92.74476624781158
 10
443.8618733777721
 20
92.74398378971716
 10
443.8626245814405
 20
92.74320221501108
 10
443.8634326097581
 20
92.74238998519508
 10
443.8642037040627
 20
92.74157930558539
 10
443.8650272992666
 20
92.74076123679578
 10
443.8658566754239
 20
92.73988371951049
 10
443.8667078983303
 20
92.73900278460309
 10
443.8675456941171
 20
92.73815095007939
 10
443.8683696318301
 20
92.7373169611721
 10
443.8691155199142
 20
92.7365311999153
 10
443.8698907990561
 20
92.73574399495334
 10
443.870684083663
 20
92.73493934593819
 10
443.871532179086
 20
92.73405766817694
 10
443.8723151685349
 20
92.73324040164897
 10
443.87305149181
 20
92.73248160758203
 10
443.8737910639852
 20
92.73173541356493
 10
443.8746060595456
 20
92.73090592699793
 10
443.8754118434376
 20
92.73006545684115
 10
443.8762070306661
 20
92.72923603513931
 10
443.8769960777736
 20
92.72844031072452
 10
443.8777572884751
 20
92.72764631583641
 10
443.8784916737939
 20
92.72690341962885
 10
443.8793433354572
 20
92.72601550443522
 10
443.8804906155792
 20
92.72485950146108
 10
443.8821153203155
 20
92.72315107473622
 10
443.8840484424059
 20
92.72118084477165
 10
443.8867227730802
 20
92.71843300260076
 10
443.8900874450726
 20
92.71501642415319
 10
443.8942401083198
 20
92.71062672884528
 10
443.8995847999956
 20
92.70545337643796
 10
443.9056686059325
 20
92.69935487752883
 10
443.9125201620323
 20
92.69256956693295
 10
443.919304459544
 20
92.68580860961606
 10
443.9268571054592
 20
92.67838839602643
 10
443.9333703302029
 20
92.67193631582211
 10
443.9725760158469
 20
92.6328753184415
 10
444.0259568752954
 20
92.58345523373629
 10
444.1075752692288
 20
92.51140280896414
 10
444.2028195810931
 20
92.43392180553548
 10
444.3727572844377
 20
92.29889341363554
 10
444.5352426135194
 20
92.19279175219668
 10
444.6476283242391
 20
92.12633619240421
 10
444.6603180183645
 20
92.11891744188944
 97
        0
 72
     4
 94
        3
 73
     0
 74
     0
 95
       15
 96
       11
 40
5.233690822292881
 40
5.233690822292881
 40
5.233690822292881
 40
5.233690822292881
 40
5.303825753327492
 40
5.383027286154253
 40
5.450246723878536
 40
5.541937193395427
 40
5.632391109541941
 40
5.746362704934958
 40
5.868643984550646
 40
5.876945215343023
 40
5.876945215343023
 40
5.876945215343023
 40
5.876945215343023
 10
444.6603180183643
 20
92.11891744188938
 10
444.6648711625921
 20
92.09598046938493
 10
444.6744027432107
 20
92.0470979888484
 10
444.6942264301422
 20
91.97763058604318
 10
444.7164048065706
 20
91.90143598391404
 10
444.7382194441313
 20
91.82121391366417
 10
444.7669848969138
 20
91.7267949308748
 10
444.7950672378997
 20
91.62149996969885
 10
444.823057329394
 20
91.54488097277147
 10
444.8376898009849
 20
91.50387346006067
 10
444.8386191868392
 20
91.50126635731954
 97
        0
 72
     4
 94
        3
 73
     0
 74
     0
 95
       11
 96
        7
 40
7.250280902057175
 40
7.250280902057175
 40
7.250280902057175
 40
7.250280902057175
 40
7.690997203514118
 40
8.598983734656267
 40
9.015708971630115
 40
9.232809360711533
 40
9.232809360711533
 40
9.232809360711533
 40
9.232809360711533
 10
444.838619186839
 20
91.50126635731954
 10
444.7033846903978
 20
91.55907985975398
 10
444.2972574075534
 20
91.7538904483207
 10
443.8090174470585
 20
92.09588124461283
 10
443.4593792693031
 20
92.47455524763205
 10
443.3302835391301
 20
92.6417848634913
 10
443.2867944267459
 20
92.69964092430928
 97
        0
 72
     2
 10
447.6406112307427
 20
93.2495013072359
 40
4.388401440556144
 50
172.8020024116292
 51
241.3246991952008
 73
     0
 72
     4
 94
        3
 73
     0
 74
     0
 95
       29
 96
       25
 40
0.0176581850300042
 40
0.0176581850300042
 40
0.0176581850300042
 40
0.0176581850300042
 40
0.1350136473611706
 40
0.3586319266787619
 40
0.5117678418293916
 40
1.044160938904145
 40
1.302848521635252
 40
1.630881788839104
 40
1.896901206132972
 40
2.202762203630451
 40
2.693157240403069
 40
2.997105140741793
 40
3.499856752425399
 40
3.835722073500915
 40
4.147195076379828
 40
4.24833332884689
 40
4.305055169871896
 40
4.49165549308347
 40
4.615666705313137
 40
4.73446748224874
 40
4.848662319531485
 40
4.923882241094272
 40
5.016750343729278
 40
5.021781432951515
 40
5.021781432951515
 40
5.021781432951515
 40
5.021781432951515
 10
445.5348572903993
 20
97.09967890654372
 10
445.5127237195595
 20
97.06742547854395
 10
445.448087532706
 20
96.97393973803202
 10
445.3438768644571
 20
96.84574028336192
 10
445.1924512458293
 20
96.58285775371934
 10
445.0323108349971
 20
96.31083597870958
 10
444.8944519399947
 20
95.96385827750231
 10
444.7885501107478
 20
95.699699107367
 10
444.712373534034
 20
95.40918759066619
 10
444.6213086135233
 20
95.06710598132321
 10
444.5525411368353
 20
94.70612308118638
 10
444.5064341606835
 20
94.27605731513108
 10
444.4878801517041
 20
93.8953879706196
 10
444.4868151826263
 20
93.51190424659706
 10
444.4989767404013
 20
93.26263245898895
 10
444.5089255974001
 20
93.10650457301273
 10
444.5175795286189
 20
92.99201245006657
 10
444.5294648931613
 20
92.87008841419822
 10
444.5501833235239
 20
92.72843600363564
 10
444.5674523008968
 20
92.61071911636492
 10
444.5777248293257
 20
92.50833495527979
 10
444.5983574400691
 20
92.41644340703101
 10
444.610140110975
 20
92.35996768712067
 10
444.6168489454362
 20
92.32803418348868
 10
444.617193824517
 20
92.32639311280838
 97
        0
 72
     4
 94
        3
 73
     0
 74
     0
 95
       15
 96
       11
 40
0.0
 40
0.0
 40
0.0
 40
0.0
 40
0.151070518449171
 40
0.3099551499702086
 40
0.4614421652073235
 40
0.6067730124679518
 40
0.7376919579981522
 40
0.855097158991247
 40
0.9279188759264442
 40
1.003628961646776
 40
1.003628961646776
 40
1.003628961646776
 40
1.003628961646776
 10
444.6171938245168
 20
92.32639311280832
 10
444.5712249261271
 20
92.34696120483733
 10
444.4776265303594
 20
92.39077427216063
 10
444.3411615581981
 20
92.46184607359612
 10
444.2092974892287
 20
92.53730756547776
 10
444.0878714642033
 20
92.61209769623025
 10
443.9790847731522
 20
92.68554850496287
 10
443.8928712374752
 20
92.74903561691349
 10
443.8225569446615
 20
92.80302230834849
 10
443.7838440254989
 20
92.83388831255996
 10
443.7641111576827
 20
92.8496214268352
 97
        0
 97
        0
 92
        1
 93
        4
 72
     4
 94
        3
 73
     0
 74
     0
 95
       10
 96
        6
 40
1.781427080250382
 40
1.781427080250382
 40
1.781427080250382
 40
1.781427080250382
 40
2.088036036302896
 40
2.589950839260203
 40
2.760242605119786
 40
2.760242605119786
 40
2.760242605119786
 40
2.760242605119786
 10
445.2157290095388
 20
91.8427074925118
 10
445.3101150315665
 20
91.80334182921155
 10
445.5624659771115
 20
91.70788618862605
 10
445.8777714233393
 20
91.62182879418708
 10
446.0968020695807
 20
91.57421181502008
 10
446.1524385320408
 20
91.56290824032078
 97
        0
 72
     4
 94
        3
 73
     0
 74
     0
 95
        9
 96
        5
 40
6.184923259416534
 40
6.184923259416534
 40
6.184923259416534
 40
6.184923259416534
 40
6.572631212823501
 40
6.716434027690795
 40
6.716434027690795
 40
6.716434027690795
 40
6.716434027690795
 10
446.1524385320413
 20
91.56290824032271
 10
446.1918290106464
 20
91.4399806625459
 10
446.261402601453
 20
91.27652985429694
 10
446.3267064124198
 20
91.11174985078554
 10
446.3450935814919
 20
91.06749908891891
 97
        0
 72
     4
 94
        3
 73
     0
 74
     0
 95
        9
 96
        5
 40
5.680414126429065
 40
5.680414126429065
 40
5.680414126429065
 40
5.680414126429065
 40
5.911713471620197
 40
6.704560383601724
 40
6.704560383601724
 40
6.704560383601724
 40
6.704560383601724
 10
446.3450935814919
 20
91.06749908891891
 10
446.2690338626346
 20
91.08039555792283
 10
445.9331919081762
 20
91.14289342843193
 10
445.6024155959653
 20
91.22961378753968
 10
445.3506704016661
 20
91.31101328442475
 97
        0
 72
     4
 94
        3
 73
     0
 74
     0
 95
       12
 96
        8
 40
2.478609126391185
 40
2.478609126391185
 40
2.478609126391185
 40
2.478609126391185
 40
2.520390519671875
 40
2.641749035714576
 40
2.765272743722494
 40
2.911650990441924
 40
3.027422239500122
 40
3.027422239500122
 40
3.027422239500122
 40
3.027422239500122
 10
445.3506704016661
 20
91.3110132844248
 10
445.3467093071713
 20
91.32436472645486
 10
445.3312275548028
 20
91.37648934897516
 10
445.3050082645796
 20
91.46836085337492
 10
445.2683647301303
 20
91.59362946930048
 10
445.2448759624672
 20
91.72016220557617
 10
445.2246418255299
 20
91.80515472391323
 10
445.2157290095388
 20
91.8427074925118
 97
        0
 97
        0
 75
     0
 76
     1
 98
        1
 10
-168.2576044211908
 20
28.83057911363136
  0
TEXT
  5
7F2
330
7EA
100
AcDbEntity
  8
0
100
AcDbText
 10
442.3019828816916
 20
95.89509659868513
 30
0.0
 40
1.005104499387758
  1
S
 50
242.7181255168881
 41
0.8
  7
$TD_AUDIT_GENERATED_(7ED)
 72
     4
 11
442.6068733957106
 21
95.41437664849803
 31
0.0
100
AcDbText
  0
TEXT
  5
7F3
330
7EA
100
AcDbEntity
  8
0
100
AcDbText
 10
442.0129036068379
 20
95.17183157643069
 30
0.0
 40
1.005104499387758
  1
T
 50
250.218125497334
 41
0.8
  7
$TD_AUDIT_GENERATED_(7ED)
 72
     4
 11
442.3673647857945
 21
94.73882120758356
 31
0.0
100
AcDbText
  0
TEXT
  5
7F4
330
7EA
100
AcDbEntity
  8
0
100
AcDbText
 10
441.7991617839599
 20
94.42321143337888
 30
0.0
 40
1.005104499387758
  1
A
 50
257.7181255624761
 41
0.8
  7
$TD_AUDIT_GENERATED_(7ED)
 72
     4
 11
442.2180828844173
 21
94.03778309031333
 31
0.0
100
AcDbText
  0
TEXT
  5
7F5
330
7EA
100
AcDbEntity
  8
0
100
AcDbText
 10
441.7056433964641
 20
92.87187242801114
 30
0.0
 40
1.005104499387758
  1
E
 50
272.7181254746196
 41
0.8
  7
$TD_AUDIT_GENERATED_(7ED)
 72
     4
 11
442.1988287188672
 21
92.60746943127589
 31
0.0
100
AcDbText
  0
TEXT
  5
7F6
330
7EA
100
AcDbEntity
  8
0
100
AcDbText
 10
442.6050488628564
 20
90.08571269199842
 30
0.0
 40
1.005104499387758
  1
I
 50
301.2181254785395
 41
0.8
  7
$TD_AUDIT_GENERATED_(7ED)
 72
     4
 11
443.1646307700289
 21
90.08867851088274
 31
0.0
100
AcDbText
  0
TEXT
  5
7F7
330
7EA
100
AcDbEntity
  8
0
100
AcDbText
 10
442.2031796262224
 20
90.84101956400744
 30
0.0
 40
1.005104499387758
  1
R
 50
292.9681254674569
 41
0.8
  7
$TD_AUDIT_GENERATED_(7ED)
 72
     4
 11
442.7573962098079
 21
90.76365881559315
 31
0.0
100
AcDbText
  0
TEXT
  5
7F8
330
7EA
100
AcDbEntity
  8
0
100
AcDbText
 10
441.9029884164428
 20
91.64332213424765
 30
0.0
 40
1.005104499387758
  1
G
 50
284.71812549818
 41
0.8
  7
$TD_AUDIT_GENERATED_(7ED)
 72
     4
 11
442.4512306559807
 21
91.490089165102
 31
0.0
100
AcDbText
  0
TEXT
  5
7F9
330
7EA
100
AcDbEntity
  8
0
100
AcDbText
 10
441.7071274094438
 20
93.64977184770474
 30
0.0
 40
1.005104499387758
  1
T
 50
265.2181254835607
 41
0.8
  7
$TD_AUDIT_GENERATED_(7ED)
 72
     4
 11
442.1615819467208
 21
93.32325725313854
 31
0.0
100
AcDbText
  0
TEXT
  5
7FA
330
7EA
100
AcDbEntity
  8
0
100
AcDbText
 10
443.6934440790122
 20
96.3302564697948
 30
0.0
 40
1.005104499387758
  1
\M+5B9FA
 50
45.66819710045415
 41
0.8
  7
$TD_AUDIT_GENERATED_(7EF)
 72
     4
 11
443.7200984683213
 21
97.0776577192301
 31
0.0
100
AcDbText
  0
TEXT
  5
7FB
330
7EA
100
AcDbEntity
  8
0
100
AcDbText
 10
443.1111402739703
 20
89.3958874685448
 30
0.0
 40
1.005104499387758
  1
D
 50
309.4681255446012
 41
0.8
  7
$TD_AUDIT_GENERATED_(7ED)
 72
     4
 11
443.6645057112187
 21
89.47911847103376
 31
0.0
100
AcDbText
  0
TEXT
  5
7FC
330
7EA
100
AcDbEntity
  8
0
 48
2.0
100
AcDbText
 10
444.8580247594009
 20
97.40574616608747
 30
0.0
 40
1.005104499387758
  1
\M+5BCD2
 50
27.9999999779082
 41
0.8
  7
$TD_AUDIT_GENERATED_(7EF)
 72
     4
 11
445.110261300716
 21
98.10980284800468
 31
0.0
100
AcDbText
  0
TEXT
  5
7FD
330
7EA
100
AcDbEntity
  8
0
100
AcDbText
 10
453.0898057834171
 20
90.86775289609693
 30
0.0
 40
1.005104499387758
  1
F
 50
65.46812554051857
 41
0.8
  7
$TD_AUDIT_GENERATED_(7ED)
 72
     4
 11
452.7724188126253
 21
91.32862838653665
 31
0.0
100
AcDbText
  0
TEXT
  5
7FE
330
7EA
100
AcDbEntity
  8
0
100
AcDbText
 10
452.7684982668217
 20
90.21554322632383
 30
0.0
 40
1.005104499387758
  1
O
 50
58.46812547245673
 41
0.8
  7
$TD_AUDIT_GENERATED_(7ED)
 72
     4
 11
452.5000715753856
 21
90.71753626150593
 31
0.0
100
AcDbText
  0
TEXT
  5
7FF
330
7EA
100
AcDbEntity
  8
0
100
AcDbText
 10
451.2997380577264
 20
88.54727651906622
 30
0.0
 40
1.005104499387758
  1
O
 50
36.96812553593979
 41
0.8
  7
$TD_AUDIT_GENERATED_(7ED)
 72
     4
 11
451.2339702108736
 21
89.11271836962828
 31
0.0
100
AcDbText
  0
CIRCLE
  5
800
330
7EA
100
AcDbEntity
  8
$TD_AUDIT_GENERATED_(801)
 62
     7
370
    30
100
AcDbCircle
 10
447.6406112307427
 20
93.2495013072359
 30
0.0
 40
4.751781372669854
  0
TEXT
  5
802
330
7EA
100
AcDbEntity
  8
0
100
AcDbText
 10
446.2917822494589
 20
87.4575148479607
 30
0.0
 40
1.005104499387758
  1
P
 50
345.9681255179018
 41
0.8
  7
$TD_AUDIT_GENERATED_(7ED)
 72
     4
 11
446.6871011559595
 21
87.85357503161924
 31
0.0
100
AcDbText
  0
TEXT
  5
803
330
7EA
100
AcDbEntity
  8
0
100
AcDbText
 10
448.9189253072934
 20
87.4300477060788
 30
0.0
 40
1.005104499387758
  1
A
 50
11.46812551002384
 41
0.8
  7
$TD_AUDIT_GENERATED_(7ED)
 72
     4
 11
449.1029932080512
 21
87.96872098735167
 31
0.0
100
AcDbText
  0
TEXT
  5
804
330
7EA
100
AcDbEntity
  8
0
100
AcDbText
 10
443.9225154812682
 20
88.59376386952907
 30
0.0
 40
1.005104499387758
  1
C
 50
320.4681254797286
 41
0.8
  7
$TD_AUDIT_GENERATED_(7ED)
 72
     4
 11
444.4569809297425
 21
88.7897143235574
 31
0.0
100
AcDbText
  0
TEXT
  5
805
330
7EA
100
AcDbEntity
  8
0
100
AcDbText
 10
445.4504878636272
 20
87.72050443608902
 30
0.0
 40
1.005104499387758
  1
R
 50
337.468125510359
 41
0.8
  7
$TD_AUDIT_GENERATED_(7ED)
 72
     4
 11
445.9000059558055
 21
88.05378238573593
 31
0.0
100
AcDbText
  0
TEXT
  5
806
330
7EA
100
AcDbEntity
  8
0
100
AcDbText
 10
444.6515173619444
 20
88.09533358229206
 30
0.0
 40
1.005104499387758
  1
O
 50
328.9681254914715
 41
0.8
  7
$TD_AUDIT_GENERATED_(7ED)
 72
     4
 11
445.1511488476278
 21
88.36813071306955
 31
0.0
100
AcDbText
  0
TEXT
  5
807
330
7EA
100
AcDbEntity
  8
0
100
AcDbText
 10
449.761219051086
 20
87.6934713184736
 30
0.0
 40
1.005104499387758
  1
T
 50
19.9681255013747
 41
0.8
  7
$TD_AUDIT_GENERATED_(7ED)
 72
     4
 11
449.8674792338256
 21
88.24287961881186
 31
0.0
100
AcDbText
  0
TEXT
  5
808
330
7EA
100
AcDbEntity
  8
0
100
AcDbText
 10
450.5591595262344
 20
88.06794530424195
 30
0.0
 40
1.005104499387758
  1
I
 50
28.4681255127006
 41
0.8
  7
$TD_AUDIT_GENERATED_(7ED)
 72
     4
 11
450.5830448151544
 21
88.62702508378118
 31
0.0
100
AcDbText
  0
TEXT
  5
809
330
7EA
100
AcDbEntity
  8
0
100
AcDbText
 10
446.286338364741
 20
98.0282912533922
 30
0.0
 40
1.005104499387758
  1
\M+5B5E7
 50
11.99999999866089
 41
0.8
  7
$TD_AUDIT_GENERATED_(7EF)
 72
     4
 11
446.7195699161593
 21
98.65106448207234
 31
0.0
100
AcDbText
  0
TEXT
  5
80A
330
7EA
100
AcDbEntity
  8
0
100
AcDbText
 10
448.1160630411769
 20
98.26389192858298
 30
0.0
 40
1.005104499387758
  1
\M+5CDF8
 50
346.0000000036221
 41
0.8
  7
$TD_AUDIT_GENERATED_(7EF)
 72
     4
 11
448.7727392221429
 21
98.61079667741154
 31
0.0
100
AcDbText
  0
TEXT
  5
80B
330
7EA
100
AcDbEntity
  8
0
100
AcDbText
 10
447.1616254919643
 20
87.31058728562442
 30
0.0
 40
1.005104499387758
  1
O
 50
354.4681255125807
 41
0.8
  7
$TD_AUDIT_GENERATED_(7ED)
 72
     4
 11
447.495143326393
 21
87.77190686050147
 31
0.0
100
AcDbText
  0
TEXT
  5
80C
330
7EA
100
AcDbEntity
  8
0
100
AcDbText
 10
448.0441326157611
 20
87.31623768116289
 30
0.0
 40
1.005104499387758
  1
R
 50
2.968125509180445
 41
0.8
  7
$TD_AUDIT_GENERATED_(7ED)
 72
     4
 11
448.3063811751758
 21
87.81057198100592
 31
0.0
100
AcDbText
  0
TEXT
  5
80D
330
7EA
100
AcDbEntity
  8
0
100
AcDbText
 10
453.4534777878079
 20
94.50529952039416
 30
0.0
 40
1.005104499387758
  1
N
 50
101.2681254657132
 41
0.8
  7
$TD_AUDIT_GENERATED_(7ED)
 72
     4
 11
452.9264640440795
 21
94.69344101193127
 31
0.0
100
AcDbText
  0
TEXT
  5
80E
330
7EA
100
AcDbEntity
  8
0
100
AcDbText
 10
453.5685022342105
 20
93.72547926412629
 30
0.0
 40
1.005104499387758
  1
I
 50
93.66812551460593
 41
0.8
  7
$TD_AUDIT_GENERATED_(7ED)
 72
     4
 11
453.0710009358104
 21
93.98166896924084
 31
0.0
100
AcDbText
  0
TEXT
  5
80F
330
7EA
100
AcDbEntity
  8
0
100
AcDbText
 10
453.2469543234911
 20
95.26668851161823
 30
0.0
 40
1.005104499387758
  1
A
 50
108.8681254954207
 41
0.8
  7
$TD_AUDIT_GENERATED_(7ED)
 72
     4
 11
452.6890604294465
 21
95.37984459424041
 31
0.0
100
AcDbText
  0
TEXT
  5
810
330
7EA
100
AcDbEntity
  8
0
100
AcDbText
 10
453.4969236166035
 20
92.15235394617406
 30
0.0
 40
1.005104499387758
  1
C
 50
78.46812550852881
 41
0.8
  7
$TD_AUDIT_GENERATED_(7ED)
 72
     4
 11
453.0729933053583
 21
92.53226576127628
 31
0.0
100
AcDbText
  0
TEXT
  5
811
330
7EA
100
AcDbEntity
  8
0
100
AcDbText
 10
453.5793800407187
 20
92.93729658884102
 30
0.0
 40
1.005104499387758
  1
H
 50
86.0681255031629
 41
0.8
  7
$TD_AUDIT_GENERATED_(7ED)
 72
     4
 11
453.1201317481325
 21
93.25703353176937
 31
0.0
100
AcDbText
  0
ENDBLK
  5
812
330
7EA
100
AcDbEntity
  8
0
 62
     3
100
AcDbBlockEnd
  0
BLOCK
  5
7DC
330
7DB
100
AcDbEntity
  8
0
100
AcDbBlockBegin
  2
GWTKA1
 70
     0
 10
0.0
 20
0.0
 30
0.0
  3
GWTKA1
  1

  0
LWPOLYLINE
  5
7DD
330
7DB
100
AcDbEntity
  8
0
  6
Continuous
 62
     0
100
AcDbPolyline
 90
        4
 70
     1
 43
0.7
 10
22480.81518685338
 20
-9675.875701341163
 10
22620.81518685338
 20
-9675.875701341163
 10
22620.81518685338
 20
-9755.875701341163
 10
22480.81518685338
 20
-9755.875701341163
  0
TEXT
  5
7DE
330
7DB
100
AcDbEntity
  8
0
100
AcDbText
 10
22606.90946775514
 20
-9696.664980575755
 30
0.0
 40
3.5
  1
\M+5B0E6\M+5B4CE 
 41
0.7
 51
1.0
100
AcDbText
  0
TEXT
  5
7DF
330
7DB
100
AcDbEntity
  8
0
100
AcDbText
 10
22545.62746238425
 20
-9752.63035952173
 30
0.0
 40
3.5
  1
\M+5CDBC \M+5BAC5 
 41
0.7
 51
1.0
100
AcDbText
  0
TEXT
  5
7E0
330
7DB
100
AcDbEntity
  8
0
100
AcDbText
 10
22510.37331973112
 20
-9752.527996709552
 30
0.0
 40
3.5
  1
\M+5B1C8 \M+5C0FD 
 41
0.7
 51
1.0
100
AcDbText
  0
TEXT
  5
7E1
330
7DB
100
AcDbEntity
  8
0
100
AcDbText
 10
22488.27587464392
 20
-9725.354651243319
 30
0.0
 40
3.5
  1
\M+5D0A3  \M+5BACB 
 41
0.7
 51
1.0
100
AcDbText
  0
TEXT
  5
7E2
330
7DB
100
AcDbEntity
  8
0
100
AcDbText
 10
22485.36265385408
 20
-9743.427038044105
 30
0.0
 40
3.5
  1
CAD\M+5D6C6\M+5CDBC 
 41
0.7
 51
1.0
100
AcDbText
  0
TEXT
  5
7E3
330
7DB
100
AcDbEntity
  8
0
100
AcDbText
 10
22488.23754101177
 20
-9734.397567230673
 30
0.0
 40
3.5
  1
\M+5C9E8  \M+5BCC6 
 41
0.7
 51
1.0
100
AcDbText
  0
TEXT
  5
7E4
330
7DB
100
AcDbEntity
  8
0
100
AcDbText
 10
22488.11790223942
 20
-9716.37020738451
 30
0.0
 40
3.5
  1
\M+5C9F3  \M+5BACB 
 41
0.7
 51
1.0
100
AcDbText
  0
TEXT
  5
7E5
330
7DB
100
AcDbEntity
  8
0
100
AcDbText
 10
22488.08790249773
 20
-9707.206078378673
 30
0.0
 40
3.5
  1
\M+5C5FA  \M+5D7BC 
 41
0.7
 51
1.0
100
AcDbText
  0
TEXT
  5
7E6
330
7DB
100
AcDbEntity
  8
0
100
AcDbText
 10
22575.22733525564
 20
-9697.870814544032
 30
0.0
 40
4.5
  1
\M+5CAA9 \M+5B9A4 \M+5CDBC
 41
0.7
100
AcDbText
  0
MTEXT
  5
7E7
330
7DB
100
AcDbEntity
  8
0
100
AcDbMText
 10
22559.54999972634
 20
-9679.174378507001
 30
0.0
 40
4.16761607070872
 41
30.14159743860961
 46
0.0
 71
     1
 72
     5
  1
S{\H0.7692x;TATE }G{\H0.7692x;RID}
  7
1-2
 73
     1
 44
1.0
  0
INSERT
  5
7E9
330
7DB
100
AcDbEntity
  8
0
 62
     3
100
AcDbBlockReference
  2
logo
 10
22103.17457562263
 20
-9775.6252026484
 30
0.0
  0
TEXT
  5
813
330
7DB
100
AcDbEntity
  8
0
100
AcDbText
 10
22507.40737672019
 20
-9684.180106450392
 30
0.0
 40
3.775
  1
 \M+5B9FA\M+5BCD2\M+5B5E7\M+5CDF8\M+5B9AB\M+5CBBE
  7
1-1
100
AcDbText
  0
TEXT
  5
815
330
7DB
100
AcDbEntity
  8
0
100
AcDbText
 10
22559.67292046913
 20
-9685.826285474694
 30
0.0
 40
1.6371
  1
CORPORATION OF CHINA
  7
1-2
100
AcDbText
  0
LWPOLYLINE
  5
816
330
7DB
100
AcDbEntity
  8
0
  6
Continuous
 62
     0
100
AcDbPolyline
 90
        2
 70
     0
 43
0.35
 10
22567.62125924531
 20
-9688.66025408748
 10
22567.62125924531
 20
-9700.66025408748
  0
LWPOLYLINE
  5
817
330
7DB
100
AcDbEntity
  8
0
  6
Continuous
 62
     0
100
AcDbPolyline
 90
        2
 70
     0
 43
0.35
 10
22598.48377595473
 20
-9688.875701341163
 10
22598.48377595473
 20
-9700.875701341163
  0
LWPOLYLINE
  5
818
330
7DB
100
AcDbEntity
  8
0
  6
Continuous
 62
     0
100
AcDbPolyline
 90
        2
 70
     0
 43
0.35
 10
22555.81518685338
 20
-9745.875701341163
 10
22555.81518685338
 20
-9755.875701341163
  0
LWPOLYLINE
  5
819
330
7DB
100
AcDbEntity
  8
0
  6
Continuous
 62
     0
100
AcDbPolyline
 90
        2
 70
     0
 43
0.35
 10
22520.81518685338
 20
-9745.875701341163
 10
22520.81518685338
 20
-9755.875701341163
  0
LWPOLYLINE
  5
81A
330
7DB
100
AcDbEntity
  8
0
  6
Continuous
 62
     0
100
AcDbPolyline
 90
        2
 70
     0
 43
0.35
 10
22505.81518685338
 20
-9700.875701341163
 10
22505.81518685338
 20
-9755.875701341163
  0
LWPOLYLINE
  5
81B
330
7DB
100
AcDbEntity
  8
0
  6
Continuous
 62
     0
100
AcDbPolyline
 90
        2
 70
     0
 43
0.35
 10
22540.81518685338
 20
-9700.875701341163
 10
22540.81518685338
 20
-9755.875701341163
  0
LWPOLYLINE
  5
81C
330
7DB
100
AcDbEntity
  8
0
  6
Continuous
 62
     0
100
AcDbPolyline
 90
        2
 70
     0
 43
0.35
 10
22480.81518685338
 20
-9688.875701341163
 10
22620.81518685338
 20
-9688.875701341163
  0
LWPOLYLINE
  5
81D
330
7DB
100
AcDbEntity
  8
0
  6
Continuous
 62
     0
100
AcDbPolyline
 90
        2
 70
     0
 43
0.35
 10
22480.81518685338
 20
-9700.875701341163
 10
22620.81518685338
 20
-9700.875701341163
  0
LWPOLYLINE
  5
81E
330
7DB
100
AcDbEntity
  8
0
  6
Continuous
 62
     0
100
AcDbPolyline
 90
        2
 70
     0
 43
0.35
 10
22480.81518685338
 20
-9709.875701341163
 10
22540.81518685338
 20
-9709.875701341163
  0
LWPOLYLINE
  5
81F
330
7DB
100
AcDbEntity
  8
0
  6
Continuous
 62
     0
100
AcDbPolyline
 90
        2
 70
     0
 43
0.35
 10
22480.81518685338
 20
-9718.875701341163
 10
22540.81518685338
 20
-9718.875701341163
  0
LWPOLYLINE
  5
820
330
7DB
100
AcDbEntity
  8
0
  6
Continuous
 62
     0
100
AcDbPolyline
 90
        2
 70
     0
 43
0.35
 10
22480.81518685338
 20
-9727.875701341163
 10
22540.81518685338
 20
-9727.875701341163
  0
LWPOLYLINE
  5
821
330
7DB
100
AcDbEntity
  8
0
  6
Continuous
 62
     0
100
AcDbPolyline
 90
        2
 70
     0
 43
0.35
 10
22480.81518685338
 20
-9736.875701341163
 10
22540.81518685338
 20
-9736.875701341163
  0
LWPOLYLINE
  5
822
330
7DB
100
AcDbEntity
  8
0
  6
Continuous
 62
     0
100
AcDbPolyline
 90
        2
 70
     0
 43
0.35
 10
22480.81518685338
 20
-9745.875701341163
 10
22620.81518685338
 20
-9745.875701341163
  0
TEXT
  5
823
330
7DB
100
AcDbEntity
  8
0
100
AcDbText
 10
22489.21158223135
 20
-9697.999317847916
 30
0.0
 40
4.5
  1
\M+5B8A3\M+5BDA8\M+5B9AB\M+5CBBE2019\M+5C4EA\M+5B0E635kV\M+5B8CB\M+5CBFE\M+5CDA8\M+5D3C3\M+5C9E8\M+5BCC6
 41
0.7
100
AcDbText
  0
LWPOLYLINE
  5
824
330
7DB
100
AcDbEntity
  8
0
100
AcDbPolyline
 90
        3
 70
     0
 43
1.0
 10
21814.71416270315
 20
-9191.875701341163
 10
21864.71416270315
 20
-9191.875701341163
 10
21864.71416270315
 20
-9181.875701341163
  0
LINE
  5
825
330
7DB
100
AcDbEntity
  8
0
100
AcDbLine
 10
21789.71416270315
 20
-9765.875701341163
 30
0.0
 11
21789.71416270315
 21
-9171.875701341163
 31
0.0
  0
LINE
  5
826
330
7DB
100
AcDbEntity
  8
0
100
AcDbLine
 10
21789.71416270315
 20
-9171.875701341163
 30
0.0
 11
22630.71416270315
 21
-9171.875701341163
 31
0.0
  0
LWPOLYLINE
  5
827
330
7DB
100
AcDbEntity
  8
0
100
AcDbPolyline
 90
        5
 70
     0
 43
1.0
 10
21814.71416270315
 20
-9755.875701341163
 10
21814.71416270315
 20
-9181.875701341163
 10
22620.71416270315
 20
-9181.875701341163
 10
22620.71416270315
 20
-9755.875701341163
 10
21814.71416270315
 20
-9755.875701341163
  0
LINE
  5
828
330
7DB
100
AcDbEntity
  8
0
100
AcDbLine
 10
22630.71416270315
 20
-9765.875701341163
 30
0.0
 11
21789.71416270315
 21
-9765.875701341163
 31
0.0
  0
LINE
  5
829
330
7DB
100
AcDbEntity
  8
0
100
AcDbLine
 10
22630.71416270315
 20
-9171.875701341163
 30
0.0
 11
22630.71416270315
 21
-9765.875701341163
 31
0.0
  0
ENDBLK
  5
82A
330
7DB
100
AcDbEntity
  8
0
100
AcDbBlockEnd
  0
BLOCK
  5
1B2
330
1B1
100
AcDbEntity
  8
0
100
AcDbBlockBegin
  2
*D7
 70
     1
 10
0.0
 20
0.0
 30
0.0
  3
*D7
  1

  0
LINE
  5
1B3
330
1B1
100
AcDbEntity
  8
3
 62
     1
370
    -2
100
AcDbLine
 10
26226.12056766547
 20
-11141.06694491265
 30
0.0
 11
26233.59950934058
 21
-11140.50756708047
 31
0.0
  0
LINE
  5
1B4
330
1B1
100
AcDbEntity
  8
3
 62
     1
370
    -2
100
AcDbLine
 10
26226.38156766546
 20
-11144.55694491266
 30
0.0
 11
26233.86053923869
 21
-11143.99756484428
 31
0.0
  0
LINE
  5
1B5
330
1B1
100
AcDbEntity
  8
3
 62
     1
370
    -2
100
AcDbLine
 10
26231.6050800788
 20
-11140.65673785427
 30
0.0
 11
26231.5304946919
 21
-11139.65952322338
 31
0.0
  0
LINE
  5
1B6
330
1B1
100
AcDbEntity
  8
3
 62
     1
370
    -2
100
AcDbLine
 10
26231.86610997691
 20
-11144.14673561808
 30
0.0
 11
26231.94069536381
 21
-11145.14395024897
 31
0.0
  0
LINE
  5
1B7
330
1B1
100
AcDbEntity
  8
3
 62
     1
370
    -2
100
AcDbLine
 10
26231.6050800788
 20
-11140.65673785427
 30
0.0
 11
26231.86610997691
 21
-11144.14673561808
 31
0.0
  0
INSERT
  5
1B8
330
1B1
100
AcDbEntity
  8
3
 62
     1
370
    -2
100
AcDbBlockReference
  2
_Oblique
 10
26231.6050800788
 20
-11140.65673785427
 30
0.0
 50
274.2774000000041
  0
INSERT
  5
1B9
330
1B1
100
AcDbEntity
  8
3
 62
     1
370
    -2
100
AcDbBlockReference
  2
_Oblique
 10
26231.86610997691
 20
-11144.14673561808
 30
0.0
 50
94.27740000000416
  0
MTEXT
  5
1BA
330
1B1
100
AcDbEntity
  8
3
 62
     7
100
AcDbMText
 10
26233.97932794736
 20
-11142.23391961565
 30
0.0
 40
2.5
 41
0.0
 46
0.0
 71
     5
 72
     1
  1
\A1;70
  7
DXT
 11
0.07458538690116284
 21
-0.9972146308898621
 31
0.0
 73
     1
 44
1.0
  0
POINT
  5
1BB
330
1B1
100
AcDbEntity
  8
Defpoints
 62
     0
100
AcDbPoint
 10
26224.12613840369
 20
-11141.21611568645
 30
0.0
  0
POINT
  5
1BD
330
1B1
100
AcDbEntity
  8
Defpoints
 62
     0
100
AcDbPoint
 10
26224.38713840368
 20
-11144.70611568646
 30
0.0
  0
POINT
  5
1BE
330
1B1
100
AcDbEntity
  8
Defpoints
 62
     0
100
AcDbPoint
 10
26231.86610997691
 20
-11144.14673561808
 30
0.0
  0
ENDBLK
  5
1BF
330
1B1
100
AcDbEntity
  8
0
100
AcDbBlockEnd
  0
BLOCK
  5
1C2
330
1C1
100
AcDbEntity
  8
0
100
AcDbBlockBegin
  2
*D8
 70
     1
 10
0.0
 20
0.0
 30
0.0
  3
*D8
  1

  0
LINE
  5
1C3
330
1C1
100
AcDbEntity
  8
3
 62
     1
370
    -2
100
AcDbLine
 10
26225.40936969782
 20
-11142.75016830803
 30
0.0
 11
26234.71377747006
 21
-11153.87322242976
 31
0.0
  0
LINE
  5
1C4
330
1C1
100
AcDbEntity
  8
3
 62
     1
370
    -2
100
AcDbLine
 10
26221.76586969781
 20
-11145.79766830803
 30
0.0
 11
26231.07041472957
 21
-11156.92088651812
 31
0.0
  0
LINE
  5
1C5
330
1C1
100
AcDbEntity
  8
3
 62
     1
370
    -2
100
AcDbLine
 10
26233.43054617593
 20
-11152.33916980818
 30
0.0
 11
26234.19757248672
 21
-11151.69755416111
 31
0.0
  0
LINE
  5
1C6
330
1C1
100
AcDbEntity
  8
3
 62
     1
370
    -2
100
AcDbLine
 10
26229.78718343545
 20
-11155.38683389654
 30
0.0
 11
26229.02015712466
 21
-11156.0284495436
 31
0.0
  0
LINE
  5
1C7
330
1C1
100
AcDbEntity
  8
3
 62
     1
370
    -2
100
AcDbLine
 10
26233.43054617593
 20
-11152.33916980818
 30
0.0
 11
26229.78718343545
 21
-11155.38683389654
 31
0.0
  0
INSERT
  5
1C8
330
1C1
100
AcDbEntity
  8
3
 62
     1
370
    -2
100
AcDbBlockReference
  2
_Oblique
 10
26233.43054617593
 20
-11152.33916980818
 30
0.0
 50
219.9124000000451
  0
INSERT
  5
1C9
330
1C1
100
AcDbEntity
  8
3
 62
     1
370
    -2
100
AcDbBlockReference
  2
_Oblique
 10
26229.78718343545
 20
-11155.38683389654
 30
0.0
 50
39.91240000004506
  0
MTEXT
  5
1CA
330
1C1
100
AcDbEntity
  8
3
 62
     7
100
AcDbMText
 10
26230.1652295998
 20
-11152.13719265308
 30
0.0
 40
2.5
 41
0.0
 46
0.0
 71
     5
 72
     1
  1
\A1;95
  7
DXT
 11
0.7670263107897463
 21
0.6416156470631554
 31
0.0
 73
     1
 44
1.0
  0
POINT
  5
1CB
330
1C1
100
AcDbEntity
  8
Defpoints
 62
     0
100
AcDbPoint
 10
26224.12613840369
 20
-11141.21611568645
 30
0.0
  0
POINT
  5
1CC
330
1C1
100
AcDbEntity
  8
Defpoints
 62
     0
100
AcDbPoint
 10
26220.48263840368
 20
-11144.26361568645
 30
0.0
  0
POINT
  5
1CD
330
1C1
100
AcDbEntity
  8
Defpoints
 62
     0
100
AcDbPoint
 10
26229.78718343545
 20
-11155.38683389654
 30
0.0
  0
ENDBLK
  5
1CE
330
1C1
100
AcDbEntity
  8
0
100
AcDbBlockEnd
  0
BLOCK
  5
1D1
330
1D0
100
AcDbEntity
  8
0
100
AcDbBlockBegin
  2
*D9
 70
     1
 10
0.0
 20
0.0
 30
0.0
  3
*D9
  1

  0
LINE
  5
1D2
330
1D0
100
AcDbEntity
  8
3
 62
     1
370
    -2
100
AcDbLine
 10
26225.50828929217
 20
-11139.77055042627
 30
0.0
 11
26231.12953013789
 21
-11133.89140180843
 31
0.0
  0
LINE
  5
1D3
330
1D0
100
AcDbEntity
  8
3
 62
     1
370
    -2
100
AcDbLine
 10
26221.35228929219
 20
-11135.79705042628
 30
0.0
 11
26226.97362188896
 21
-11129.91780584777
 31
0.0
  0
LINE
  5
1D4
330
1D0
100
AcDbEntity
  8
3
 62
     1
370
    -2
100
AcDbLine
 10
26229.74737924941
 20
-11135.33696706862
 30
0.0
 11
26230.4701618795
 21
-11136.02804251286
 31
0.0
  0
LINE
  5
1D5
330
1D0
100
AcDbEntity
  8
3
 62
     1
370
    -2
100
AcDbLine
 10
26225.59147100047
 20
-11131.36337110795
 30
0.0
 11
26224.86868837038
 21
-11130.67229566371
 31
0.0
  0
LINE
  5
1D6
330
1D0
100
AcDbEntity
  8
3
 62
     1
370
    -2
100
AcDbLine
 10
26229.74737924941
 20
-11135.33696706862
 30
0.0
 11
26225.59147100047
 21
-11131.36337110795
 31
0.0
  0
INSERT
  5
1D7
330
1D0
100
AcDbEntity
  8
3
 62
     1
370
    -2
100
AcDbBlockReference
  2
_Oblique
 10
26229.74737924941
 20
-11135.33696706862
 30
0.0
 50
136.2847000000631
  0
INSERT
  5
1D8
330
1D0
100
AcDbEntity
  8
3
 62
     1
370
    -2
100
AcDbBlockReference
  2
_Oblique
 10
26225.59147100047
 20
-11131.36337110795
 30
0.0
 50
316.2847000000631
  0
MTEXT
  5
1D9
330
1D0
100
AcDbEntity
  8
3
 62
     7
100
AcDbMText
 10
26229.22434487449
 20
-11131.72390817058
 30
0.0
 40
2.5
 41
0.0
 46
0.0
 71
     5
 72
     1
  1
\A1;115
  7
DXT
 11
0.7227826300917841
 21
-0.691075444244406
 31
0.0
 73
     1
 44
1.0
  0
POINT
  5
1DA
330
1D0
100
AcDbEntity
  8
Defpoints
 62
     0
100
AcDbPoint
 10
26224.12613840369
 20
-11141.21611568645
 30
0.0
  0
POINT
  5
1DB
330
1D0
100
AcDbEntity
  8
Defpoints
 62
     0
100
AcDbPoint
 10
26219.9701384037
 20
-11137.24261568646
 30
0.0
  0
POINT
  5
1DC
330
1D0
100
AcDbEntity
  8
Defpoints
 62
     0
100
AcDbPoint
 10
26225.59147100047
 20
-11131.36337110795
 30
0.0
  0
ENDBLK
  5
1DD
330
1D0
100
AcDbEntity
  8
0
100
AcDbBlockEnd
  0
BLOCK
  5
1E0
330
1DF
100
AcDbEntity
  8
0
100
AcDbBlockBegin
  2
*D10
 70
     1
 10
0.0
 20
0.0
 30
0.0
  3
*D10
  1

  0
LINE
  5
1E1
330
1DF
100
AcDbEntity
  8
3
 62
     1
370
    -2
100
AcDbLine
 10
26226.12056740511
 20
-11141.06694143172
 30
0.0
 11
26233.59993232337
 21
-11140.50751881663
 31
0.0
  0
LINE
  5
1E2
330
1DF
100
AcDbEntity
  8
3
 62
     1
370
    -2
100
AcDbLine
 10
26225.82206740511
 20
-11137.07794143172
 30
0.0
 11
26233.30157240946
 21
-11136.51850833882
 31
0.0
  0
LINE
  5
1E3
330
1DF
100
AcDbEntity
  8
3
 62
     1
370
    -2
100
AcDbLine
 10
26231.60550332194
 20
-11140.65669307136
 30
0.0
 11
26231.68009044931
 21
-11141.65390757208
 31
0.0
  0
LINE
  5
1E4
330
1DF
100
AcDbEntity
  8
3
 62
     1
370
    -2
100
AcDbLine
 10
26231.30714340804
 20
-11136.66768259356
 30
0.0
 11
26231.23255628067
 21
-11135.67046809285
 31
0.0
  0
LINE
  5
1E5
330
1DF
100
AcDbEntity
  8
3
 62
     1
370
    -2
100
AcDbLine
 10
26231.60550332194
 20
-11140.65669307136
 30
0.0
 11
26231.30714340804
 21
-11136.66768259356
 31
0.0
  0
INSERT
  5
1E6
330
1DF
100
AcDbEntity
  8
3
 62
     1
370
    -2
100
AcDbBlockReference
  2
_Oblique
 10
26231.60550332194
 20
-11140.65669307136
 30
0.0
 50
94.2774999999765
  0
INSERT
  5
1E7
330
1DF
100
AcDbEntity
  8
3
 62
     1
370
    -2
100
AcDbBlockReference
  2
_Oblique
 10
26231.30714340804
 20
-11136.66768259356
 30
0.0
 50
274.2774999999765
  0
MTEXT
  5
1E8
330
1DF
100
AcDbEntity
  8
3
 62
     7
100
AcDbMText
 10
26233.70005599159
 20
-11138.49436679588
 30
0.0
 40
2.5
 41
0.0
 46
0.0
 71
     5
 72
     1
  1
\A1;80
  7
DXT
 11
0.07458712736843369
 21
-0.9972145007123216
 31
0.0
 73
     1
 44
1.0
  0
POINT
  5
1E9
330
1DF
100
AcDbEntity
  8
Defpoints
 62
     0
100
AcDbPoint
 10
26224.12613840369
 20
-11141.21611568645
 30
0.0
  0
POINT
  5
1EA
330
1DF
100
AcDbEntity
  8
Defpoints
 62
     0
100
AcDbPoint
 10
26223.82763840368
 20
-11137.22711568645
 30
0.0
  0
POINT
  5
1EB
330
1DF
100
AcDbEntity
  8
Defpoints
 62
     0
100
AcDbPoint
 10
26231.30714340804
 20
-11136.66768259356
 30
0.0
  0
ENDBLK
  5
1EC
330
1DF
100
AcDbEntity
  8
0
100
AcDbBlockEnd
  0
BLOCK
  5
1EF
330
1EE
100
AcDbEntity
  8
0
100
AcDbBlockBegin
  2
*D11
 70
     1
 10
0.0
 20
0.0
 30
0.0
  3
*D11
  1

  0
LINE
  5
1F0
330
1EE
100
AcDbEntity
  8
3
 62
     1
370
    -2
100
AcDbLine
 10
26233.99556766547
 20
-11246.36194491266
 30
0.0
 11
26241.47450934059
 21
-11245.80256708048
 31
0.0
  0
LINE
  5
1F1
330
1EE
100
AcDbEntity
  8
3
 62
     1
370
    -2
100
AcDbLine
 10
26234.25656766547
 20
-11249.85194491267
 30
0.0
 11
26241.73553923871
 21
-11249.29256484429
 31
0.0
  0
LINE
  5
1F2
330
1EE
100
AcDbEntity
  8
3
 62
     1
370
    -2
100
AcDbLine
 10
26239.48008007881
 20
-11245.95173785428
 30
0.0
 11
26239.40549469191
 21
-11244.95452322339
 31
0.0
  0
LINE
  5
1F3
330
1EE
100
AcDbEntity
  8
3
 62
     1
370
    -2
100
AcDbLine
 10
26239.74110997693
 20
-11249.4417356181
 30
0.0
 11
26239.81569536383
 21
-11250.43895024899
 31
0.0
  0
LINE
  5
1F4
330
1EE
100
AcDbEntity
  8
3
 62
     1
370
    -2
100
AcDbLine
 10
26239.48008007881
 20
-11245.95173785428
 30
0.0
 11
26239.74110997693
 21
-11249.4417356181
 31
0.0
  0
INSERT
  5
1F5
330
1EE
100
AcDbEntity
  8
3
 62
     1
370
    -2
100
AcDbBlockReference
  2
_Oblique
 10
26239.48008007881
 20
-11245.95173785428
 30
0.0
 50
274.2774000000041
  0
INSERT
  5
1F6
330
1EE
100
AcDbEntity
  8
3
 62
     1
370
    -2
100
AcDbBlockReference
  2
_Oblique
 10
26239.74110997693
 20
-11249.4417356181
 30
0.0
 50
94.27740000000416
  0
MTEXT
  5
1F7
330
1EE
100
AcDbEntity
  8
3
 62
     7
100
AcDbMText
 10
26241.85432794737
 20
-11247.52891961566
 30
0.0
 40
2.5
 41
0.0
 46
0.0
 71
     5
 72
     1
  1
\A1;70
  7
DXT
 11
0.07458538690116284
 21
-0.9972146308898621
 31
0.0
 73
     1
 44
1.0
  0
POINT
  5
1F8
330
1EE
100
AcDbEntity
  8
Defpoints
 62
     0
100
AcDbPoint
 10
26232.00113840369
 20
-11246.51111568647
 30
0.0
  0
POINT
  5
1F9
330
1EE
100
AcDbEntity
  8
Defpoints
 62
     0
100
AcDbPoint
 10
26232.26213840369
 20
-11250.00111568647
 30
0.0
  0
POINT
  5
1FA
330
1EE
100
AcDbEntity
  8
Defpoints
 62
     0
100
AcDbPoint
 10
26239.74110997693
 20
-11249.4417356181
 30
0.0
  0
ENDBLK
  5
1FB
330
1EE
100
AcDbEntity
  8
0
100
AcDbBlockEnd
  0
BLOCK
  5
1FE
330
1FD
100
AcDbEntity
  8
0
100
AcDbBlockBegin
  2
*D12
 70
     1
 10
0.0
 20
0.0
 30
0.0
  3
*D12
  1

  0
LINE
  5
1FF
330
1FD
100
AcDbEntity
  8
3
 62
     1
370
    -2
100
AcDbLine
 10
26233.33882622854
 20
-11247.99792141797
 30
0.0
 11
26239.86015210401
 21
-11255.24620798263
 31
0.0
  0
LINE
  5
200
330
1FD
100
AcDbEntity
  8
3
 62
     1
370
    -2
100
AcDbLine
 10
26229.80782622853
 20
-11251.17492141796
 30
0.0
 11
26236.32908317983
 21
-11258.42313137519
 31
0.0
  0
LINE
  5
201
330
1FD
100
AcDbEntity
  8
3
 62
     1
370
    -2
100
AcDbLine
 10
26238.52246427915
 20
-11253.75940225113
 30
0.0
 11
26239.2658671449
 21
-11253.0905583387
 31
0.0
  0
LINE
  5
202
330
1FD
100
AcDbEntity
  8
3
 62
     1
370
    -2
100
AcDbLine
 10
26234.99139535497
 20
-11256.93632564369
 30
0.0
 11
26234.24799248922
 21
-11257.60516955612
 31
0.0
  0
MTEXT
  5
203
330
1FD
100
AcDbEntity
  8
3
 62
     7
100
AcDbMText
 10
26238.02289565985
 20
-11256.8879647221
 30
0.0
 40
2.5
 41
0.0
 46
0.0
 71
     5
 72
     1
  1
\A1;95
  7
DXT
 11
0.7434028657512342
 21
0.6688439124286417
 31
0.0
 73
     1
 44
1.0
  0
LINE
  5
204
330
1FD
100
AcDbEntity
  8
3
 62
     1
370
    -2
100
AcDbLine
 10
26238.52246427915
 20
-11253.75940225113
 30
0.0
 11
26234.99139535497
 21
-11256.93632564369
 31
0.0
  0
INSERT
  5
205
330
1FD
100
AcDbEntity
  8
3
 62
     1
370
    -2
100
AcDbBlockReference
  2
_Oblique
 10
26238.52246427915
 20
-11253.75940225113
 30
0.0
 50
221.9778999999708
  0
INSERT
  5
206
330
1FD
100
AcDbEntity
  8
3
 62
     1
370
    -2
100
AcDbBlockReference
  2
_Oblique
 10
26234.99139535497
 20
-11256.93632564369
 30
0.0
 50
41.97789999997082
  0
POINT
  5
207
330
1FD
100
AcDbEntity
  8
Defpoints
 62
     0
100
AcDbPoint
 10
26232.00113840369
 20
-11246.51111568646
 30
0.0
  0
POINT
  5
208
330
1FD
100
AcDbEntity
  8
Defpoints
 62
     0
100
AcDbPoint
 10
26228.47013840367
 20
-11249.68811568646
 30
0.0
  0
POINT
  5
209
330
1FD
100
AcDbEntity
  8
Defpoints
 62
     0
100
AcDbPoint
 10
26234.99139535497
 20
-11256.93632564369
 30
0.0
  0
ENDBLK
  5
20A
330
1FD
100
AcDbEntity
  8
0
100
AcDbBlockEnd
  0
BLOCK
  5
20D
330
20C
100
AcDbEntity
  8
0
100
AcDbBlockBegin
  2
*D13
 70
     1
 10
0.0
 20
0.0
 30
0.0
  3
*D13
  1

  0
LINE
  5
20E
330
20C
100
AcDbEntity
  8
3
 62
     1
370
    -2
100
AcDbLine
 10
26233.28437773008
 20
-11244.97706978389
 30
0.0
 11
26239.79215503006
 21
-11237.19736034341
 31
0.0
  0
LINE
  5
20F
330
20C
100
AcDbEntity
  8
3
 62
     1
370
    -2
100
AcDbLine
 10
26229.25737773007
 20
-11241.60856978388
 30
0.0
 11
26235.76520993491
 21
-11233.82879470751
 31
0.0
  0
LINE
  5
210
330
20C
100
AcDbEntity
  8
3
 62
     1
370
    -2
100
AcDbLine
 10
26238.50891570367
 20
-11238.73140624599
 30
0.0
 11
26239.27593865496
 21
-11239.37302590918
 31
0.0
  0
LINE
  5
211
330
20C
100
AcDbEntity
  8
3
 62
     1
370
    -2
100
AcDbLine
 10
26234.48197060852
 20
-11235.36284061008
 30
0.0
 11
26233.71494765723
 21
-11234.72122094689
 31
0.0
  0
LINE
  5
212
330
20C
100
AcDbEntity
  8
3
 62
     1
370
    -2
100
AcDbLine
 10
26238.50891570367
 20
-11238.73140624599
 30
0.0
 11
26234.48197060852
 21
-11235.36284061008
 31
0.0
  0
INSERT
  5
213
330
20C
100
AcDbEntity
  8
3
 62
     1
370
    -2
100
AcDbBlockReference
  2
_Oblique
 10
26238.50891570367
 20
-11238.73140624599
 30
0.0
 50
140.0872999999402
  0
INSERT
  5
214
330
20C
100
AcDbEntity
  8
3
 62
     1
370
    -2
100
AcDbBlockReference
  2
_Oblique
 10
26234.48197060852
 20
-11235.36284061008
 30
0.0
 50
320.0872999999402
  0
MTEXT
  5
215
330
20C
100
AcDbEntity
  8
3
 62
     7
100
AcDbMText
 10
26237.93908739828
 20
-11235.32132178764
 30
0.0
 40
2.5
 41
0.0
 46
0.0
 71
     5
 72
     1
  1
\A1;105
  7
DXT
 11
0.7670229512873949
 21
-0.6416196631949294
 31
0.0
 73
     1
 44
1.0
  0
POINT
  5
216
330
20C
100
AcDbEntity
  8
Defpoints
 62
     0
100
AcDbPoint
 10
26232.00113840369
 20
-11246.51111568647
 30
0.0
  0
POINT
  5
217
330
20C
100
AcDbEntity
  8
Defpoints
 62
     0
100
AcDbPoint
 10
26227.97413840368
 20
-11243.14261568646
 30
0.0
  0
POINT
  5
218
330
20C
100
AcDbEntity
  8
Defpoints
 62
     0
100
AcDbPoint
 10
26234.48197060852
 20
-11235.36284061008
 30
0.0
  0
ENDBLK
  5
219
330
20C
100
AcDbEntity
  8
0
100
AcDbBlockEnd
  0
BLOCK
  5
21C
330
21B
100
AcDbEntity
  8
0
100
AcDbBlockBegin
  2
*D14
 70
     1
 10
0.0
 20
0.0
 30
0.0
  3
*D14
  1

  0
LINE
  5
21D
330
21B
100
AcDbEntity
  8
3
 62
     1
370
    -2
100
AcDbLine
 10
26233.99556740511
 20
-11246.36194143173
 30
0.0
 11
26241.47493232337
 21
-11245.80251881664
 31
0.0
  0
LINE
  5
21E
330
21B
100
AcDbEntity
  8
3
 62
     1
370
    -2
100
AcDbLine
 10
26233.6970674051
 20
-11242.37294143173
 30
0.0
 11
26241.17657240946
 21
-11241.81350833883
 31
0.0
  0
LINE
  5
21F
330
21B
100
AcDbEntity
  8
3
 62
     1
370
    -2
100
AcDbLine
 10
26239.48050332195
 20
-11245.95169307138
 30
0.0
 11
26239.55509044932
 21
-11246.94890757209
 31
0.0
  0
LINE
  5
220
330
21B
100
AcDbEntity
  8
3
 62
     1
370
    -2
100
AcDbLine
 10
26239.18214340804
 20
-11241.96268259357
 30
0.0
 11
26239.10755628067
 21
-11240.96546809286
 31
0.0
  0
LINE
  5
221
330
21B
100
AcDbEntity
  8
3
 62
     1
370
    -2
100
AcDbLine
 10
26239.48050332195
 20
-11245.95169307138
 30
0.0
 11
26239.18214340804
 21
-11241.96268259357
 31
0.0
  0
INSERT
  5
222
330
21B
100
AcDbEntity
  8
3
 62
     1
370
    -2
100
AcDbBlockReference
  2
_Oblique
 10
26239.48050332195
 20
-11245.95169307138
 30
0.0
 50
94.2774999999765
  0
INSERT
  5
223
330
21B
100
AcDbEntity
  8
3
 62
     1
370
    -2
100
AcDbBlockReference
  2
_Oblique
 10
26239.18214340804
 20
-11241.96268259357
 30
0.0
 50
274.2774999999765
  0
MTEXT
  5
224
330
21B
100
AcDbEntity
  8
3
 62
     7
100
AcDbMText
 10
26241.5750559916
 20
-11243.7893667959
 30
0.0
 40
2.5
 41
0.0
 46
0.0
 71
     5
 72
     1
  1
\A1;80
  7
DXT
 11
0.07458712736843369
 21
-0.9972145007123216
 31
0.0
 73
     1
 44
1.0
  0
POINT
  5
225
330
21B
100
AcDbEntity
  8
Defpoints
 62
     0
100
AcDbPoint
 10
26232.00113840369
 20
-11246.51111568647
 30
0.0
  0
POINT
  5
226
330
21B
100
AcDbEntity
  8
Defpoints
 62
     0
100
AcDbPoint
 10
26231.70263840368
 20
-11242.52211568647
 30
0.0
  0
POINT
  5
227
330
21B
100
AcDbEntity
  8
Defpoints
 62
     0
100
AcDbPoint
 10
26239.18214340804
 20
-11241.96268259357
 30
0.0
  0
ENDBLK
  5
228
330
21B
100
AcDbEntity
  8
0
100
AcDbBlockEnd
  0
BLOCK
  5
22B
330
22A
100
AcDbEntity
  8
0
100
AcDbBlockBegin
  2
*D15
 70
     1
 10
0.0
 20
0.0
 30
0.0
  3
*D15
  1

  0
LINE
  5
22C
330
22A
100
AcDbEntity
  8
3
 62
     1
370
    -2
100
AcDbLine
 10
26238.49556766547
 20
-11306.53044491266
 30
0.0
 11
26245.97450934061
 21
-11305.97106708048
 31
0.0
  0
LINE
  5
22D
330
22A
100
AcDbEntity
  8
3
 62
     1
370
    -2
100
AcDbLine
 10
26238.75656766547
 20
-11310.02044491267
 30
0.0
 11
26246.23553923872
 21
-11309.46106484429
 31
0.0
  0
LINE
  5
22E
330
22A
100
AcDbEntity
  8
3
 62
     1
370
    -2
100
AcDbLine
 10
26243.98008007883
 20
-11306.12023785428
 30
0.0
 11
26243.90549469193
 21
-11305.12302322339
 31
0.0
  0
LINE
  5
22F
330
22A
100
AcDbEntity
  8
3
 62
     1
370
    -2
100
AcDbLine
 10
26244.24110997694
 20
-11309.61023561809
 30
0.0
 11
26244.31569536385
 21
-11310.60745024898
 31
0.0
  0
LINE
  5
230
330
22A
100
AcDbEntity
  8
3
 62
     1
370
    -2
100
AcDbLine
 10
26243.98008007883
 20
-11306.12023785428
 30
0.0
 11
26244.24110997694
 21
-11309.61023561809
 31
0.0
  0
INSERT
  5
231
330
22A
100
AcDbEntity
  8
3
 62
     1
370
    -2
100
AcDbBlockReference
  2
_Oblique
 10
26243.98008007883
 20
-11306.12023785428
 30
0.0
 50
274.2774000000041
  0
INSERT
  5
232
330
22A
100
AcDbEntity
  8
3
 62
     1
370
    -2
100
AcDbBlockReference
  2
_Oblique
 10
26244.24110997694
 20
-11309.61023561809
 30
0.0
 50
94.27740000000416
  0
MTEXT
  5
233
330
22A
100
AcDbEntity
  8
3
 62
     7
100
AcDbMText
 10
26246.35432794739
 20
-11307.69741961566
 30
0.0
 40
2.5
 41
0.0
 46
0.0
 71
     5
 72
     1
  1
\A1;70
  7
DXT
 11
0.07458538690116284
 21
-0.9972146308898621
 31
0.0
 73
     1
 44
1.0
  0
POINT
  5
234
330
22A
100
AcDbEntity
  8
Defpoints
 62
     0
100
AcDbPoint
 10
26236.50113840369
 20
-11306.67961568647
 30
0.0
  0
POINT
  5
235
330
22A
100
AcDbEntity
  8
Defpoints
 62
     0
100
AcDbPoint
 10
26236.76213840369
 20
-11310.16961568647
 30
0.0
  0
POINT
  5
236
330
22A
100
AcDbEntity
  8
Defpoints
 62
     0
100
AcDbPoint
 10
26244.24110997694
 20
-11309.61023561809
 30
0.0
  0
ENDBLK
  5
237
330
22A
100
AcDbEntity
  8
0
100
AcDbBlockEnd
  0
BLOCK
  5
23A
330
239
100
AcDbEntity
  8
0
100
AcDbBlockBegin
  2
*D16
 70
     1
 10
0.0
 20
0.0
 30
0.0
  3
*D16
  1

  0
LINE
  5
23B
330
239
100
AcDbEntity
  8
3
 62
     1
370
    -2
100
AcDbLine
 10
26238.49556766547
 20
-11306.53044491266
 30
0.0
 11
26245.97460632566
 21
-11305.97105982661
 31
0.0
  0
LINE
  5
23C
330
239
100
AcDbEntity
  8
3
 62
     1
370
    -2
100
AcDbLine
 10
26238.23456766545
 20
-11303.03994491266
 30
0.0
 11
26245.71353923872
 21
-11302.48056484429
 31
0.0
  0
LINE
  5
23D
330
239
100
AcDbEntity
  8
3
 62
     1
370
    -2
100
AcDbLine
 10
26243.98017706388
 20
-11306.12023060041
 30
0.0
 11
26244.05476245078
 21
-11307.1174452313
 31
0.0
  0
LINE
  5
23E
330
239
100
AcDbEntity
  8
3
 62
     1
370
    -2
100
AcDbLine
 10
26243.71910997694
 20
-11302.62973561809
 30
0.0
 11
26243.64452459004
 21
-11301.6325209872
 31
0.0
  0
LINE
  5
23F
330
239
100
AcDbEntity
  8
3
 62
     1
370
    -2
100
AcDbLine
 10
26243.98017706388
 20
-11306.12023060041
 30
0.0
 11
26243.71910997694
 21
-11302.62973561809
 31
0.0
  0
INSERT
  5
240
330
239
100
AcDbEntity
  8
3
 62
     1
370
    -2
100
AcDbBlockReference
  2
_Oblique
 10
26243.98017706388
 20
-11306.12023060041
 30
0.0
 50
94.27740000000416
  0
INSERT
  5
241
330
239
100
AcDbEntity
  8
3
 62
     1
370
    -2
100
AcDbBlockReference
  2
_Oblique
 10
26243.71910997694
 20
-11302.62973561809
 30
0.0
 50
274.2774000000041
  0
MTEXT
  5
242
330
239
100
AcDbEntity
  8
3
 62
     7
100
AcDbMText
 10
26246.09337643991
 20
-11304.20716598872
 30
0.0
 40
2.5
 41
0.0
 46
0.0
 71
     5
 72
     1
  1
\A1;70
  7
DXT
 11
0.07458538690116284
 21
-0.9972146308898621
 31
0.0
 73
     1
 44
1.0
  0
POINT
  5
243
330
239
100
AcDbEntity
  8
Defpoints
 62
     0
100
AcDbPoint
 10
26236.50113840369
 20
-11306.67961568647
 30
0.0
  0
POINT
  5
244
330
239
100
AcDbEntity
  8
Defpoints
 62
     0
100
AcDbPoint
 10
26236.24013840367
 20
-11303.18911568647
 30
0.0
  0
POINT
  5
245
330
239
100
AcDbEntity
  8
Defpoints
 62
     0
100
AcDbPoint
 10
26243.71910997694
 20
-11302.62973561809
 30
0.0
  0
ENDBLK
  5
246
330
239
100
AcDbEntity
  8
0
100
AcDbBlockEnd
  0
BLOCK
  5
249
330
248
100
AcDbEntity
  8
0
100
AcDbBlockBegin
  2
*D17
 70
     1
 10
0.0
 20
0.0
 30
0.0
  3
*D17
  1

  0
LINE
  5
24A
330
248
100
AcDbEntity
  8
3
 62
     1
370
    -2
100
AcDbLine
 10
26243.37056766547
 20
-11371.71294491266
 30
0.0
 11
26250.84950934059
 21
-11371.15356708047
 31
0.0
  0
LINE
  5
24B
330
248
100
AcDbEntity
  8
3
 62
     1
370
    -2
100
AcDbLine
 10
26243.63156766547
 20
-11375.20294491265
 30
0.0
 11
26251.11053923871
 21
-11374.64356484427
 31
0.0
  0
LINE
  5
24C
330
248
100
AcDbEntity
  8
3
 62
     1
370
    -2
100
AcDbLine
 10
26248.85508007882
 20
-11371.30273785428
 30
0.0
 11
26248.78049469192
 21
-11370.30552322339
 31
0.0
  0
LINE
  5
24D
330
248
100
AcDbEntity
  8
3
 62
     1
370
    -2
100
AcDbLine
 10
26249.11610997693
 20
-11374.79273561808
 30
0.0
 11
26249.19069536383
 21
-11375.78995024897
 31
0.0
  0
LINE
  5
24E
330
248
100
AcDbEntity
  8
3
 62
     1
370
    -2
100
AcDbLine
 10
26248.85508007882
 20
-11371.30273785428
 30
0.0
 11
26249.11610997693
 21
-11374.79273561808
 31
0.0
  0
INSERT
  5
24F
330
248
100
AcDbEntity
  8
3
 62
     1
370
    -2
100
AcDbBlockReference
  2
_Oblique
 10
26248.85508007882
 20
-11371.30273785428
 30
0.0
 50
274.2774000000041
  0
INSERT
  5
250
330
248
100
AcDbEntity
  8
3
 62
     1
370
    -2
100
AcDbBlockReference
  2
_Oblique
 10
26249.11610997693
 20
-11374.79273561808
 30
0.0
 50
94.27740000000416
  0
MTEXT
  5
251
330
248
100
AcDbEntity
  8
3
 62
     7
100
AcDbMText
 10
26251.22932794737
 20
-11372.87991961565
 30
0.0
 40
2.5
 41
0.0
 46
0.0
 71
     5
 72
     1
  1
\A1;70
  7
DXT
 11
0.07458538690116284
 21
-0.9972146308898621
 31
0.0
 73
     1
 44
1.0
  0
POINT
  5
252
330
248
100
AcDbEntity
  8
Defpoints
 62
     0
100
AcDbPoint
 10
26241.37613840369
 20
-11371.86211568646
 30
0.0
  0
POINT
  5
253
330
248
100
AcDbEntity
  8
Defpoints
 62
     0
100
AcDbPoint
 10
26241.63713840369
 20
-11375.35211568645
 30
0.0
  0
POINT
  5
254
330
248
100
AcDbEntity
  8
Defpoints
 62
     0
100
AcDbPoint
 10
26249.11610997693
 20
-11374.79273561808
 30
0.0
  0
ENDBLK
  5
255
330
248
100
AcDbEntity
  8
0
100
AcDbBlockEnd
  0
BLOCK
  5
258
330
257
100
AcDbEntity
  8
0
100
AcDbBlockBegin
  2
*D18
 70
     1
 10
0.0
 20
0.0
 30
0.0
  3
*D18
  1

  0
LINE
  5
259
330
257
100
AcDbEntity
  8
3
 62
     1
370
    -2
100
AcDbLine
 10
26242.57111440511
 20
-11373.46587138981
 30
0.0
 11
26249.55909734038
 21
-11382.84431704395
 31
0.0
  0
LINE
  5
25A
330
257
100
AcDbEntity
  8
3
 62
     1
370
    -2
100
AcDbLine
 10
26238.96261440511
 20
-11376.15437138982
 30
0.0
 11
26245.95070897883
 21
-11385.53296687189
 31
0.0
  0
LINE
  5
25B
330
257
100
AcDbEntity
  8
3
 62
     1
370
    -2
100
AcDbLine
 10
26248.36412133896
 20
-11381.2405613406
 30
0.0
 11
26244.75573297741
 21
-11383.92921116855
 31
0.0
  0
MTEXT
  5
25C
330
257
100
AcDbEntity
  8
3
 62
     7
100
AcDbMText
 10
26248.38319964748
 20
-11385.05482823811
 30
0.0
 40
2.5
 41
0.0
 46
0.0
 71
     5
 72
     1
  1
\A1;90
  7
DXT
 11
0.8018778516742849
 21
0.5974880007115067
 31
0.0
 73
     1
 44
1.0
  0
INSERT
  5
25D
330
257
100
AcDbEntity
  8
3
 62
     1
370
    -2
100
AcDbBlockReference
  2
_Oblique
 10
26248.36412133896
 20
-11381.2405613406
 30
0.0
 50
36.69020000005627
  0
INSERT
  5
25E
330
257
100
AcDbEntity
  8
3
 62
     1
370
    -2
100
AcDbBlockReference
  2
_Oblique
 10
26244.75573297741
 20
-11383.92921116855
 30
0.0
 50
216.6902000000563
  0
POINT
  5
25F
330
257
100
AcDbEntity
  8
Defpoints
 62
     0
100
AcDbPoint
 10
26241.37613840369
 20
-11371.86211568646
 30
0.0
  0
POINT
  5
260
330
257
100
AcDbEntity
  8
Defpoints
 62
     0
100
AcDbPoint
 10
26237.76763840369
 20
-11374.55061568647
 30
0.0
  0
POINT
  5
261
330
257
100
AcDbEntity
  8
Defpoints
 62
     0
100
AcDbPoint
 10
26244.75573297741
 20
-11383.92921116855
 30
0.0
  0
ENDBLK
  5
262
330
257
100
AcDbEntity
  8
0
100
AcDbBlockEnd
  0
BLOCK
  5
265
330
264
100
AcDbEntity
  8
0
100
AcDbBlockBegin
  2
*D19
 70
     1
 10
0.0
 20
0.0
 30
0.0
  3
*D19
  1

  0
LINE
  5
266
330
264
100
AcDbEntity
  8
3
 62
     1
370
    -2
100
AcDbLine
 10
26242.67571652927
 20
-11370.34188652758
 30
0.0
 11
26249.64334808136
 21
-11362.191244065
 31
0.0
  0
LINE
  5
267
330
264
100
AcDbEntity
  8
3
 62
     1
370
    -2
100
AcDbLine
 10
26238.57122352984
 20
-11366.83287064767
 30
0.0
 11
26245.53872546819
 21
-11358.6823798055
 31
0.0
  0
LINE
  5
268
330
264
100
AcDbEntity
  8
3
 62
     1
370
    -2
100
AcDbLine
 10
26248.34376995578
 20
-11363.71147322387
 30
0.0
 11
26249.10388453521
 21
-11364.36126228667
 31
0.0
  0
LINE
  5
269
330
264
100
AcDbEntity
  8
3
 62
     1
370
    -2
100
AcDbLine
 10
26244.23914734261
 20
-11360.20260896438
 30
0.0
 11
26243.47903276317
 21
-11359.55281990159
 31
0.0
  0
LINE
  5
26A
330
264
100
AcDbEntity
  8
3
 62
     1
370
    -2
100
AcDbLine
 10
26248.34376995578
 20
-11363.71147322387
 30
0.0
 11
26244.23914734261
 21
-11360.20260896438
 31
0.0
  0
INSERT
  5
26B
330
264
100
AcDbEntity
  8
3
 62
     1
370
    -2
100
AcDbBlockReference
  2
_Oblique
 10
26248.34376995578
 20
-11363.71147322387
 30
0.0
 50
139.4742999999868
  0
INSERT
  5
26C
330
264
100
AcDbEntity
  8
3
 62
     1
370
    -2
100
AcDbBlockReference
  2
_Oblique
 10
26244.23914734261
 20
-11360.20260896438
 30
0.0
 50
319.4742999999867
  0
MTEXT
  5
26D
330
264
100
AcDbEntity
  8
3
 62
     7
100
AcDbMText
 10
26247.75348404047
 20
-11360.24678329039
 30
0.0
 40
2.5
 41
0.0
 46
0.0
 71
     5
 72
     1
  1
\A1;108
  7
DXT
 11
0.7601145794402071
 21
-0.649789062790716
 31
0.0
 73
     1
 44
1.0
  0
POINT
  5
26E
330
264
100
AcDbEntity
  8
Defpoints
 62
     0
100
AcDbPoint
 10
26241.37613840369
 20
-11371.86211568646
 30
0.0
  0
POINT
  5
26F
330
264
100
AcDbEntity
  8
Defpoints
 62
     0
100
AcDbPoint
 10
26237.27164540426
 20
-11368.35309980655
 30
0.0
  0
POINT
  5
270
330
264
100
AcDbEntity
  8
Defpoints
 62
     0
100
AcDbPoint
 10
26244.23914734261
 20
-11360.20260896438
 30
0.0
  0
ENDBLK
  5
271
330
264
100
AcDbEntity
  8
0
100
AcDbBlockEnd
  0
BLOCK
  5
274
330
273
100
AcDbEntity
  8
0
100
AcDbBlockBegin
  2
*D20
 70
     1
 10
0.0
 20
0.0
 30
0.0
  3
*D20
  1

  0
LINE
  5
275
330
273
100
AcDbEntity
  8
3
 62
     1
370
    -2
100
AcDbLine
 10
26243.37056714475
 20
-11371.71293795079
 30
0.0
 11
26250.84993804881
 21
-11371.153501761
 31
0.0
  0
LINE
  5
276
330
273
100
AcDbEntity
  8
3
 62
     1
370
    -2
100
AcDbLine
 10
26243.07206714474
 20
-11367.72393795079
 30
0.0
 11
26250.55157117274
 21
-11367.16449180369
 31
0.0
  0
LINE
  5
277
330
273
100
AcDbEntity
  8
3
 62
     1
370
    -2
100
AcDbLine
 10
26248.85550930774
 20
-11371.30267949667
 30
0.0
 11
26248.93009817558
 21
-11372.2998938672
 31
0.0
  0
LINE
  5
278
330
273
100
AcDbEntity
  8
3
 62
     1
370
    -2
100
AcDbLine
 10
26248.55714243168
 20
-11367.31366953937
 30
0.0
 11
26248.48255356385
 21
-11366.31645516883
 31
0.0
  0
LINE
  5
279
330
273
100
AcDbEntity
  8
3
 62
     1
370
    -2
100
AcDbLine
 10
26248.85550930774
 20
-11371.30267949667
 30
0.0
 11
26248.55714243168
 21
-11367.31366953937
 31
0.0
  0
INSERT
  5
27A
330
273
100
AcDbEntity
  8
3
 62
     1
370
    -2
100
AcDbBlockReference
  2
_Oblique
 10
26248.85550930774
 20
-11371.30267949667
 30
0.0
 50
94.27759999996148
  0
INSERT
  5
27B
330
273
100
AcDbEntity
  8
3
 62
     1
370
    -2
100
AcDbBlockReference
  2
_Oblique
 10
26248.55714243168
 20
-11367.31366953937
 30
0.0
 50
274.2775999999615
  0
MTEXT
  5
27C
330
273
100
AcDbEntity
  8
3
 62
     7
100
AcDbMText
 10
26250.95005820341
 20
-11369.14034956539
 30
0.0
 40
2.5
 41
0.0
 46
0.0
 71
     5
 72
     1
  1
\A1;80
  7
DXT
 11
0.07458886783569721
 21
-0.9972143705317272
 31
0.0
 73
     1
 44
1.0
  0
POINT
  5
27D
330
273
100
AcDbEntity
  8
Defpoints
 62
     0
100
AcDbPoint
 10
26241.37613840368
 20
-11371.86211568646
 30
0.0
  0
POINT
  5
27E
330
273
100
AcDbEntity
  8
Defpoints
 62
     0
100
AcDbPoint
 10
26241.07763840368
 20
-11367.87311568646
 30
0.0
  0
POINT
  5
27F
330
273
100
AcDbEntity
  8
Defpoints
 62
     0
100
AcDbPoint
 10
26248.55714243168
 20
-11367.31366953937
 30
0.0
  0
ENDBLK
  5
280
330
273
100
AcDbEntity
  8
0
100
AcDbBlockEnd
  0
BLOCK
  5
2ED
330
2EC
100
AcDbEntity
  8
0
100
AcDbBlockBegin
  2
*D21
 70
     1
 10
0.0
 20
0.0
 30
0.0
  3
*D21
  1

  0
LINE
  5
2EE
330
2EC
100
AcDbEntity
  8
3
 62
     1
370
    -2
100
AcDbLine
 10
26234.84556818616
 20
-11130.34945187452
 30
0.0
 11
26247.80919077856
 21
-11129.37989988561
 31
0.0
  0
LINE
  5
2EF
330
2EC
100
AcDbEntity
  8
3
 62
     1
370
    -2
100
AcDbLine
 10
26233.16756818615
 20
-11107.91245187453
 30
0.0
 11
26246.13112333025
 21
-11106.94290493009
 31
0.0
  0
LINE
  5
2F0
330
2EC
100
AcDbEntity
  8
3
 62
     1
370
    -2
100
AcDbLine
 10
26245.81476099608
 20
-11129.52906369754
 30
0.0
 11
26244.13669354778
 21
-11107.09206874202
 31
0.0
  0
INSERT
  5
2F1
330
2EC
100
AcDbEntity
  8
3
 62
     1
370
    -2
100
AcDbBlockReference
  2
_Oblique
 10
26245.81476099608
 20
-11129.52906369754
 30
0.0
 50
274.2772000000993
  0
INSERT
  5
2F2
330
2EC
100
AcDbEntity
  8
3
 62
     1
370
    -2
100
AcDbBlockReference
  2
_Oblique
 10
26244.13669354778
 20
-11107.09206874202
 30
0.0
 50
94.27720000009928
  0
MTEXT
  5
2F3
330
2EC
100
AcDbEntity
  8
3
 62
     7
100
AcDbMText
 10
26247.21946077721
 20
-11118.14275693136
 30
0.0
 40
2.5
 41
0.0
 46
0.0
 71
     5
 72
     1
  1
\A1;450
  7
DXT
 11
0.0745819059666324
 21
-0.9972148912357779
 31
0.0
 73
     1
 44
1.0
  0
POINT
  5
2F4
330
2EC
100
AcDbEntity
  8
Defpoints
 62
     0
100
AcDbPoint
 10
26232.85113840369
 20
-11130.49861568645
 30
0.0
  0
POINT
  5
2F5
330
2EC
100
AcDbEntity
  8
Defpoints
 62
     0
100
AcDbPoint
 10
26231.17313840368
 20
-11108.06161568646
 30
0.0
  0
POINT
  5
2F6
330
2EC
100
AcDbEntity
  8
Defpoints
 62
     0
100
AcDbPoint
 10
26244.13669354778
 20
-11107.09206874202
 30
0.0
  0
ENDBLK
  5
2F7
330
2EC
100
AcDbEntity
  8
0
100
AcDbBlockEnd
  0
BLOCK
  5
2FA
330
2F9
100
AcDbEntity
  8
0
100
AcDbBlockBegin
  2
*D22
 70
     1
 10
0.0
 20
0.0
 30
0.0
  3
*D22
  1

  0
LINE
  5
2FB
330
2F9
100
AcDbEntity
  8
3
 62
     1
370
    -2
100
AcDbLine
 10
26236.15056818616
 20
-11147.80095187453
 30
0.0
 11
26249.11439091847
 21
-11146.83138491711
 31
0.0
  0
LINE
  5
2FC
330
2F9
100
AcDbEntity
  8
3
 62
     1
370
    -2
100
AcDbLine
 10
26234.84556818616
 20
-11130.34945187452
 30
0.0
 11
26247.80919077852
 21
-11129.37989988561
 31
0.0
  0
LINE
  5
2FD
330
2F9
100
AcDbEntity
  8
3
 62
     1
370
    -2
100
AcDbLine
 10
26247.119961136
 20
-11146.98054872904
 30
0.0
 11
26245.81476099605
 21
-11129.52906369754
 31
0.0
  0
INSERT
  5
2FE
330
2F9
100
AcDbEntity
  8
3
 62
     1
370
    -2
100
AcDbBlockReference
  2
_Oblique
 10
26247.119961136
 20
-11146.98054872904
 30
0.0
 50
274.2772000000993
  0
INSERT
  5
2FF
330
2F9
100
AcDbEntity
  8
3
 62
     1
370
    -2
100
AcDbBlockReference
  2
_Oblique
 10
26245.81476099605
 20
-11129.52906369754
 30
0.0
 50
94.27720000009928
  0
MTEXT
  5
300
330
2F9
100
AcDbEntity
  8
3
 62
     7
100
AcDbMText
 10
26248.7110945713
 20
-11138.08699692487
 30
0.0
 40
2.5
 41
0.0
 46
0.0
 71
     5
 72
     1
  1
\A1;350
  7
DXT
 11
0.0745819059666324
 21
-0.9972148912357779
 31
0.0
 73
     1
 44
1.0
  0
POINT
  5
301
330
2F9
100
AcDbEntity
  8
Defpoints
 62
     0
100
AcDbPoint
 10
26234.15613840369
 20
-11147.95011568646
 30
0.0
  0
POINT
  5
302
330
2F9
100
AcDbEntity
  8
Defpoints
 62
     0
100
AcDbPoint
 10
26232.85113840369
 20
-11130.49861568645
 30
0.0
  0
POINT
  5
303
330
2F9
100
AcDbEntity
  8
Defpoints
 62
     0
100
AcDbPoint
 10
26245.81476099605
 20
-11129.52906369754
 30
0.0
  0
ENDBLK
  5
304
330
2F9
100
AcDbEntity
  8
0
100
AcDbBlockEnd
  0
BLOCK
  5
307
330
306
100
AcDbEntity
  8
0
100
AcDbBlockBegin
  2
*D23
 70
     1
 10
0.0
 20
0.0
 30
0.0
  3
*D23
  1

  0
LINE
  5
308
330
306
100
AcDbEntity
  8
3
 62
     1
370
    -2
100
AcDbLine
 10
26237.45606818614
 20
-11165.25195187453
 30
0.0
 11
26250.41955665255
 21
-11164.28240991693
 31
0.0
  0
LINE
  5
309
330
306
100
AcDbEntity
  8
3
 62
     1
370
    -2
100
AcDbLine
 10
26236.15056818616
 20
-11147.80095187453
 30
0.0
 11
26249.11439091847
 21
-11146.83138491711
 31
0.0
  0
LINE
  5
30A
330
306
100
AcDbEntity
  8
3
 62
     1
370
    -2
100
AcDbLine
 10
26248.42512687009
 20
-11164.43157372886
 30
0.0
 11
26247.119961136
 21
-11146.98054872904
 31
0.0
  0
INSERT
  5
30B
330
306
100
AcDbEntity
  8
3
 62
     1
370
    -2
100
AcDbBlockReference
  2
_Oblique
 10
26248.42512687009
 20
-11164.43157372886
 30
0.0
 50
274.2772000000993
  0
INSERT
  5
30C
330
306
100
AcDbEntity
  8
3
 62
     1
370
    -2
100
AcDbBlockReference
  2
_Oblique
 10
26247.119961136
 20
-11146.98054872904
 30
0.0
 50
94.27720000009928
  0
MTEXT
  5
30D
330
306
100
AcDbEntity
  8
3
 62
     7
100
AcDbMText
 10
26250.01627750832
 20
-11155.53825194053
 30
0.0
 40
2.5
 41
0.0
 46
0.0
 71
     5
 72
     1
  1
\A1;350
  7
DXT
 11
0.0745819059666324
 21
-0.9972148912357779
 31
0.0
 73
     1
 44
1.0
  0
POINT
  5
30E
330
306
100
AcDbEntity
  8
Defpoints
 62
     0
100
AcDbPoint
 10
26235.46163840367
 20
-11165.40111568647
 30
0.0
  0
POINT
  5
30F
330
306
100
AcDbEntity
  8
Defpoints
 62
     0
100
AcDbPoint
 10
26234.15613840369
 20
-11147.95011568646
 30
0.0
  0
POINT
  5
310
330
306
100
AcDbEntity
  8
Defpoints
 62
     0
100
AcDbPoint
 10
26247.119961136
 20
-11146.98054872904
 30
0.0
  0
ENDBLK
  5
311
330
306
100
AcDbEntity
  8
0
100
AcDbBlockEnd
  0
BLOCK
  5
314
330
313
100
AcDbEntity
  8
0
100
AcDbBlockBegin
  2
*D24
 70
     1
 10
0.0
 20
0.0
 30
0.0
  3
*D24
  1

  0
LINE
  5
315
330
313
100
AcDbEntity
  8
3
 62
     1
370
    -2
100
AcDbLine
 10
26238.76106818616
 20
-11182.70345187453
 30
0.0
 11
26251.72475679244
 21
-11181.73389494842
 31
0.0
  0
LINE
  5
316
330
313
100
AcDbEntity
  8
3
 62
     1
370
    -2
100
AcDbLine
 10
26237.45606818614
 20
-11165.25195187453
 30
0.0
 11
26250.4195566525
 21
-11164.28240991693
 31
0.0
  0
LINE
  5
317
330
313
100
AcDbEntity
  8
3
 62
     1
370
    -2
100
AcDbLine
 10
26249.73032700998
 20
-11181.88305876036
 30
0.0
 11
26248.42512687003
 21
-11164.43157372886
 31
0.0
  0
INSERT
  5
318
330
313
100
AcDbEntity
  8
3
 62
     1
370
    -2
100
AcDbBlockReference
  2
_Oblique
 10
26249.73032700998
 20
-11181.88305876036
 30
0.0
 50
274.2772000000993
  0
INSERT
  5
319
330
313
100
AcDbEntity
  8
3
 62
     1
370
    -2
100
AcDbBlockReference
  2
_Oblique
 10
26248.42512687003
 20
-11164.43157372886
 30
0.0
 50
94.27720000009928
  0
MTEXT
  5
31A
330
313
100
AcDbEntity
  8
3
 62
     7
100
AcDbMText
 10
26251.32146044528
 20
-11172.98950695619
 30
0.0
 40
2.5
 41
0.0
 46
0.0
 71
     5
 72
     1
  1
\A1;350
  7
DXT
 11
0.0745819059666324
 21
-0.9972148912357779
 31
0.0
 73
     1
 44
1.0
  0
POINT
  5
31B
330
313
100
AcDbEntity
  8
Defpoints
 62
     0
100
AcDbPoint
 10
26236.7666384037
 20
-11182.85261568646
 30
0.0
  0
POINT
  5
31C
330
313
100
AcDbEntity
  8
Defpoints
 62
     0
100
AcDbPoint
 10
26235.46163840367
 20
-11165.40111568647
 30
0.0
  0
POINT
  5
31D
330
313
100
AcDbEntity
  8
Defpoints
 62
     0
100
AcDbPoint
 10
26248.42512687003
 20
-11164.43157372886
 30
0.0
  0
ENDBLK
  5
31E
330
313
100
AcDbEntity
  8
0
100
AcDbBlockEnd
  0
BLOCK
  5
321
330
320
100
AcDbEntity
  8
0
100
AcDbBlockBegin
  2
*D25
 70
     1
 10
0.0
 20
0.0
 30
0.0
  3
*D25
  1

  0
LINE
  5
322
330
320
100
AcDbEntity
  8
3
 62
     1
370
    -2
100
AcDbLine
 10
26240.06606818616
 20
-11200.15445187453
 30
0.0
 11
26253.02991974529
 21
-11199.18488276115
 31
0.0
  0
LINE
  5
323
330
320
100
AcDbEntity
  8
3
 62
     1
370
    -2
100
AcDbLine
 10
26238.76106818616
 20
-11182.70345187453
 30
0.0
 11
26251.72475679244
 21
-11181.73389494842
 31
0.0
  0
LINE
  5
324
330
320
100
AcDbEntity
  8
3
 62
     1
370
    -2
100
AcDbLine
 10
26251.03548996282
 20
-11199.33404657308
 30
0.0
 11
26249.73032700997
 21
-11181.88305876036
 31
0.0
  0
INSERT
  5
325
330
320
100
AcDbEntity
  8
3
 62
     1
370
    -2
100
AcDbBlockReference
  2
_Oblique
 10
26251.03548996282
 20
-11199.33404657308
 30
0.0
 50
274.2772000000993
  0
INSERT
  5
326
330
320
100
AcDbEntity
  8
3
 62
     1
370
    -2
100
AcDbBlockReference
  2
_Oblique
 10
26249.73032700997
 20
-11181.88305876036
 30
0.0
 50
94.27720000009928
  0
MTEXT
  5
327
330
320
100
AcDbEntity
  8
3
 62
     7
100
AcDbMText
 10
26252.62664199167
 20
-11190.4407433783
 30
0.0
 40
2.5
 41
0.0
 46
0.0
 71
     5
 72
     1
  1
\A1;350
  7
DXT
 11
0.0745819059666324
 21
-0.9972148912357779
 31
0.0
 73
     1
 44
1.0
  0
POINT
  5
328
330
320
100
AcDbEntity
  8
Defpoints
 62
     0
100
AcDbPoint
 10
26238.07163840368
 20
-11200.30361568646
 30
0.0
  0
POINT
  5
329
330
320
100
AcDbEntity
  8
Defpoints
 62
     0
100
AcDbPoint
 10
26236.7666384037
 20
-11182.85261568646
 30
0.0
  0
POINT
  5
32A
330
320
100
AcDbEntity
  8
Defpoints
 62
     0
100
AcDbPoint
 10
26249.73032700997
 20
-11181.88305876036
 30
0.0
  0
ENDBLK
  5
32B
330
320
100
AcDbEntity
  8
0
100
AcDbBlockEnd
  0
BLOCK
  5
32E
330
32D
100
AcDbEntity
  8
0
100
AcDbBlockBegin
  2
*D26
 70
     1
 10
0.0
 20
0.0
 30
0.0
  3
*D26
  1

  0
LINE
  5
32F
330
32D
100
AcDbEntity
  8
3
 62
     1
370
    -2
100
AcDbLine
 10
26241.37156818615
 20
-11217.60595187452
 30
0.0
 11
26254.33512266643
 21
-11216.63640497973
 31
0.0
  0
LINE
  5
330
330
32D
100
AcDbEntity
  8
3
 62
     1
370
    -2
100
AcDbLine
 10
26240.06606818616
 20
-11200.15445187453
 30
0.0
 11
26253.02991974525
 21
-11199.18488276115
 31
0.0
  0
LINE
  5
331
330
32D
100
AcDbEntity
  8
3
 62
     1
370
    -2
100
AcDbLine
 10
26252.34069288396
 20
-11216.78556879166
 30
0.0
 11
26251.03548996278
 21
-11199.33404657308
 31
0.0
  0
INSERT
  5
332
330
32D
100
AcDbEntity
  8
3
 62
     1
370
    -2
100
AcDbBlockReference
  2
_Oblique
 10
26252.34069288396
 20
-11216.78556879166
 30
0.0
 50
274.2772000000993
  0
INSERT
  5
333
330
32D
100
AcDbEntity
  8
3
 62
     1
370
    -2
100
AcDbBlockReference
  2
_Oblique
 10
26251.03548996278
 20
-11199.33404657308
 30
0.0
 50
94.27720000009928
  0
MTEXT
  5
334
330
32D
100
AcDbEntity
  8
3
 62
     7
100
AcDbMText
 10
26253.93182492865
 20
-11207.89199839395
 30
0.0
 40
2.5
 41
0.0
 46
0.0
 71
     5
 72
     1
  1
\A1;350
  7
DXT
 11
0.0745819059666324
 21
-0.9972148912357779
 31
0.0
 73
     1
 44
1.0
  0
POINT
  5
335
330
32D
100
AcDbEntity
  8
Defpoints
 62
     0
100
AcDbPoint
 10
26239.37713840368
 20
-11217.75511568646
 30
0.0
  0
POINT
  5
336
330
32D
100
AcDbEntity
  8
Defpoints
 62
     0
100
AcDbPoint
 10
26238.07163840368
 20
-11200.30361568646
 30
0.0
  0
POINT
  5
337
330
32D
100
AcDbEntity
  8
Defpoints
 62
     0
100
AcDbPoint
 10
26251.03548996278
 20
-11199.33404657308
 30
0.0
  0
ENDBLK
  5
338
330
32D
100
AcDbEntity
  8
0
100
AcDbBlockEnd
  0
BLOCK
  5
33B
330
33A
100
AcDbEntity
  8
0
100
AcDbBlockBegin
  2
*D27
 70
     1
 10
0.0
 20
0.0
 30
0.0
  3
*D27
  1

  0
LINE
  5
33C
330
33A
100
AcDbEntity
  8
3
 62
     1
370
    -2
100
AcDbLine
 10
26242.86306818616
 20
-11237.55045187452
 30
0.0
 11
26255.82677505407
 21
-11236.58089358262
 31
0.0
  0
LINE
  5
33D
330
33A
100
AcDbEntity
  8
3
 62
     1
370
    -2
100
AcDbLine
 10
26241.37156818615
 20
-11217.60595187452
 30
0.0
 11
26254.3351226664
 21
-11216.63640497973
 31
0.0
  0
LINE
  5
33E
330
33A
100
AcDbEntity
  8
3
 62
     1
370
    -2
100
AcDbLine
 10
26253.8323452716
 20
-11236.73005739456
 30
0.0
 11
26252.34069288393
 21
-11216.78556879166
 31
0.0
  0
INSERT
  5
33F
330
33A
100
AcDbEntity
  8
3
 62
     1
370
    -2
100
AcDbBlockReference
  2
_Oblique
 10
26253.8323452716
 20
-11236.73005739456
 30
0.0
 50
274.2772000000993
  0
INSERT
  5
340
330
33A
100
AcDbEntity
  8
3
 62
     1
370
    -2
100
AcDbBlockReference
  2
_Oblique
 10
26252.34069288393
 20
-11216.78556879166
 30
0.0
 50
94.27720000009928
  0
MTEXT
  5
341
330
33A
100
AcDbEntity
  8
3
 62
     7
100
AcDbMText
 10
26255.33025258305
 20
-11226.59000380469
 30
0.0
 40
2.5
 41
0.0
 46
0.0
 71
     5
 72
     1
  1
\A1;400
  7
DXT
 11
0.0745819059666324
 21
-0.9972148912357779
 31
0.0
 73
     1
 44
1.0
  0
POINT
  5
342
330
33A
100
AcDbEntity
  8
Defpoints
 62
     0
100
AcDbPoint
 10
26240.86863840369
 20
-11237.69961568645
 30
0.0
  0
POINT
  5
343
330
33A
100
AcDbEntity
  8
Defpoints
 62
     0
100
AcDbPoint
 10
26239.37713840368
 20
-11217.75511568646
 30
0.0
  0
POINT
  5
344
330
33A
100
AcDbEntity
  8
Defpoints
 62
     0
100
AcDbPoint
 10
26252.34069288393
 20
-11216.78556879166
 30
0.0
  0
ENDBLK
  5
345
330
33A
100
AcDbEntity
  8
0
100
AcDbBlockEnd
  0
BLOCK
  5
348
330
347
100
AcDbEntity
  8
0
100
AcDbBlockBegin
  2
*D28
 70
     1
 10
0.0
 20
0.0
 30
0.0
  3
*D28
  1

  0
LINE
  5
349
330
347
100
AcDbEntity
  8
3
 62
     1
370
    -2
100
AcDbLine
 10
26244.46656818615
 20
-11258.99045187452
 30
0.0
 11
26257.43027703432
 21
-11258.02089343452
 31
0.0
  0
LINE
  5
34A
330
347
100
AcDbEntity
  8
3
 62
     1
370
    -2
100
AcDbLine
 10
26242.86306818616
 20
-11237.55045187452
 30
0.0
 11
26255.82677505402
 21
-11236.58089358263
 31
0.0
  0
LINE
  5
34B
330
347
100
AcDbEntity
  8
3
 62
     1
370
    -2
100
AcDbLine
 10
26255.43584725185
 20
-11258.17005724646
 30
0.0
 11
26253.83234527155
 21
-11236.73005739456
 31
0.0
  0
INSERT
  5
34C
330
347
100
AcDbEntity
  8
3
 62
     1
370
    -2
100
AcDbBlockReference
  2
_Oblique
 10
26255.43584725185
 20
-11258.17005724646
 30
0.0
 50
274.2772000000993
  0
INSERT
  5
34D
330
347
100
AcDbEntity
  8
3
 62
     1
370
    -2
100
AcDbBlockReference
  2
_Oblique
 10
26253.83234527155
 20
-11236.73005739456
 30
0.0
 50
94.27720000009928
  0
MTEXT
  5
34E
330
347
100
AcDbEntity
  8
3
 62
     7
100
AcDbMText
 10
26256.87782976698
 20
-11247.28224803209
 30
0.0
 40
2.5
 41
0.0
 46
0.0
 71
     5
 72
     1
  1
\A1;430
  7
DXT
 11
0.0745819059666324
 21
-0.9972148912357779
 31
0.0
 73
     1
 44
1.0
  0
POINT
  5
34F
330
347
100
AcDbEntity
  8
Defpoints
 62
     0
100
AcDbPoint
 10
26242.47213840367
 20
-11259.13961568646
 30
0.0
  0
POINT
  5
350
330
347
100
AcDbEntity
  8
Defpoints
 62
     0
100
AcDbPoint
 10
26240.86863840369
 20
-11237.69961568645
 30
0.0
  0
POINT
  5
351
330
347
100
AcDbEntity
  8
Defpoints
 62
     0
100
AcDbPoint
 10
26253.83234527155
 20
-11236.73005739456
 30
0.0
  0
ENDBLK
  5
352
330
347
100
AcDbEntity
  8
0
100
AcDbBlockEnd
  0
BLOCK
  5
355
330
354
100
AcDbEntity
  8
0
100
AcDbBlockBegin
  2
*D29
 70
     1
 10
0.0
 20
0.0
 30
0.0
  3
*D29
  1

  0
LINE
  5
356
330
354
100
AcDbEntity
  8
3
 62
     1
370
    -2
100
AcDbLine
 10
26245.95806818615
 20
-11278.93445187453
 30
0.0
 11
26258.92189223489
 21
-11277.96488481865
 31
0.0
  0
LINE
  5
357
330
354
100
AcDbEntity
  8
3
 62
     1
370
    -2
100
AcDbLine
 10
26244.46656818615
 20
-11258.99045187452
 30
0.0
 11
26257.43027703431
 21
-11258.02089343452
 31
0.0
  0
LINE
  5
358
330
354
100
AcDbEntity
  8
3
 62
     1
370
    -2
100
AcDbLine
 10
26256.92746245241
 20
-11278.11404863059
 30
0.0
 11
26255.43584725184
 21
-11258.17005724646
 31
0.0
  0
INSERT
  5
359
330
354
100
AcDbEntity
  8
3
 62
     1
370
    -2
100
AcDbBlockReference
  2
_Oblique
 10
26256.92746245241
 20
-11278.11404863059
 30
0.0
 50
274.2772000000993
  0
INSERT
  5
35A
330
354
100
AcDbEntity
  8
3
 62
     1
370
    -2
100
AcDbBlockReference
  2
_Oblique
 10
26255.43584725184
 20
-11258.17005724646
 30
0.0
 50
94.27720000009928
  0
MTEXT
  5
35B
330
354
100
AcDbEntity
  8
3
 62
     7
100
AcDbMText
 10
26258.4253883574
 20
-11267.9742436501
 30
0.0
 40
2.5
 41
0.0
 46
0.0
 71
     5
 72
     1
  1
\A1;400
  7
DXT
 11
0.0745819059666324
 21
-0.9972148912357779
 31
0.0
 73
     1
 44
1.0
  0
POINT
  5
35C
330
354
100
AcDbEntity
  8
Defpoints
 62
     0
100
AcDbPoint
 10
26243.96363840368
 20
-11279.08361568646
 30
0.0
  0
POINT
  5
35D
330
354
100
AcDbEntity
  8
Defpoints
 62
     0
100
AcDbPoint
 10
26242.47213840367
 20
-11259.13961568646
 30
0.0
  0
POINT
  5
35E
330
354
100
AcDbEntity
  8
Defpoints
 62
     0
100
AcDbPoint
 10
26255.43584725184
 20
-11258.17005724646
 30
0.0
  0
ENDBLK
  5
35F
330
354
100
AcDbEntity
  8
0
100
AcDbBlockEnd
  0
BLOCK
  5
362
330
361
100
AcDbEntity
  8
0
100
AcDbBlockBegin
  2
*D30
 70
     1
 10
0.0
 20
0.0
 30
0.0
  3
*D30
  1

  0
LINE
  5
363
330
361
100
AcDbEntity
  8
3
 62
     1
370
    -2
100
AcDbLine
 10
26247.45006818615
 20
-11298.87895187453
 30
0.0
 11
26260.41354740372
 21
-11297.90941060864
 31
0.0
  0
LINE
  5
364
330
361
100
AcDbEntity
  8
3
 62
     1
370
    -2
100
AcDbLine
 10
26245.95806818615
 20
-11278.93445187453
 30
0.0
 11
26258.92189223481
 21
-11277.96488481866
 31
0.0
  0
LINE
  5
365
330
361
100
AcDbEntity
  8
3
 62
     1
370
    -2
100
AcDbLine
 10
26258.41911762124
 20
-11298.05857442058
 30
0.0
 11
26256.92746245234
 21
-11278.11404863059
 31
0.0
  0
INSERT
  5
366
330
361
100
AcDbEntity
  8
3
 62
     1
370
    -2
100
AcDbBlockReference
  2
_Oblique
 10
26258.41911762124
 20
-11298.05857442058
 30
0.0
 50
274.2772000000993
  0
INSERT
  5
367
330
361
100
AcDbEntity
  8
3
 62
     1
370
    -2
100
AcDbBlockReference
  2
_Oblique
 10
26256.92746245234
 20
-11278.11404863059
 30
0.0
 50
94.27720000009928
  0
MTEXT
  5
368
330
361
100
AcDbEntity
  8
3
 62
     7
100
AcDbMText
 10
26259.91702354207
 20
-11287.91850223716
 30
0.0
 40
2.5
 41
0.0
 46
0.0
 71
     5
 72
     1
  1
\A1;400
  7
DXT
 11
0.0745819059666324
 21
-0.9972148912357779
 31
0.0
 73
     1
 44
1.0
  0
POINT
  5
369
330
361
100
AcDbEntity
  8
Defpoints
 62
     0
100
AcDbPoint
 10
26245.45563840368
 20
-11299.02811568646
 30
0.0
  0
POINT
  5
36A
330
361
100
AcDbEntity
  8
Defpoints
 62
     0
100
AcDbPoint
 10
26243.96363840368
 20
-11279.08361568646
 30
0.0
  0
POINT
  5
36B
330
361
100
AcDbEntity
  8
Defpoints
 62
     0
100
AcDbPoint
 10
26256.92746245234
 20
-11278.11404863059
 30
0.0
  0
ENDBLK
  5
36C
330
361
100
AcDbEntity
  8
0
100
AcDbBlockEnd
  0
BLOCK
  5
36F
330
36E
100
AcDbEntity
  8
0
100
AcDbBlockBegin
  2
*D31
 70
     1
 10
0.0
 20
0.0
 30
0.0
  3
*D31
  1

  0
LINE
  5
370
330
36E
100
AcDbEntity
  8
3
 62
     1
370
    -2
100
AcDbLine
 10
26248.94156818615
 20
-11318.82345187452
 30
0.0
 11
26261.90519979136
 21
-11317.85389921154
 31
0.0
  0
LINE
  5
371
330
36E
100
AcDbEntity
  8
3
 62
     1
370
    -2
100
AcDbLine
 10
26247.45006818615
 20
-11298.87895187453
 30
0.0
 11
26260.41354740369
 21
-11297.90941060865
 31
0.0
  0
LINE
  5
372
330
36E
100
AcDbEntity
  8
3
 62
     1
370
    -2
100
AcDbLine
 10
26259.91077000889
 20
-11318.00306302347
 30
0.0
 11
26258.41911762122
 21
-11298.05857442058
 31
0.0
  0
INSERT
  5
373
330
36E
100
AcDbEntity
  8
3
 62
     1
370
    -2
100
AcDbBlockReference
  2
_Oblique
 10
26259.91077000889
 20
-11318.00306302347
 30
0.0
 50
274.2772000000993
  0
INSERT
  5
374
330
36E
100
AcDbEntity
  8
3
 62
     1
370
    -2
100
AcDbBlockReference
  2
_Oblique
 10
26258.41911762122
 20
-11298.05857442058
 30
0.0
 50
94.27720000009928
  0
MTEXT
  5
375
330
36E
100
AcDbEntity
  8
3
 62
     7
100
AcDbMText
 10
26261.40867732033
 20
-11307.8630094336
 30
0.0
 40
2.5
 41
0.0
 46
0.0
 71
     5
 72
     1
  1
\A1;400
  7
DXT
 11
0.0745819059666324
 21
-0.9972148912357779
 31
0.0
 73
     1
 44
1.0
  0
POINT
  5
376
330
36E
100
AcDbEntity
  8
Defpoints
 62
     0
100
AcDbPoint
 10
26246.94713840368
 20
-11318.97261568646
 30
0.0
  0
POINT
  5
377
330
36E
100
AcDbEntity
  8
Defpoints
 62
     0
100
AcDbPoint
 10
26245.45563840368
 20
-11299.02811568646
 30
0.0
  0
POINT
  5
378
330
36E
100
AcDbEntity
  8
Defpoints
 62
     0
100
AcDbPoint
 10
26258.41911762122
 20
-11298.05857442058
 30
0.0
  0
ENDBLK
  5
379
330
36E
100
AcDbEntity
  8
0
100
AcDbBlockEnd
  0
BLOCK
  5
37C
330
37B
100
AcDbEntity
  8
0
100
AcDbBlockBegin
  2
*D32
 70
     1
 10
0.0
 20
0.0
 30
0.0
  3
*D32
  1

  0
LINE
  5
37D
330
37B
100
AcDbEntity
  8
3
 62
     1
370
    -2
100
AcDbLine
 10
26250.43306818616
 20
-11338.76745187453
 30
0.0
 11
26263.39681499189
 21
-11337.79789059567
 31
0.0
  0
LINE
  5
37E
330
37B
100
AcDbEntity
  8
3
 62
     1
370
    -2
100
AcDbLine
 10
26248.94156818615
 20
-11318.82345187452
 30
0.0
 11
26261.90519979131
 21
-11317.85389921154
 31
0.0
  0
LINE
  5
37F
330
37B
100
AcDbEntity
  8
3
 62
     1
370
    -2
100
AcDbLine
 10
26261.40238520942
 20
-11337.9470544076
 30
0.0
 11
26259.91077000884
 21
-11318.00306302348
 31
0.0
  0
INSERT
  5
380
330
37B
100
AcDbEntity
  8
3
 62
     1
370
    -2
100
AcDbBlockReference
  2
_Oblique
 10
26261.40238520942
 20
-11337.9470544076
 30
0.0
 50
274.2772000000993
  0
INSERT
  5
381
330
37B
100
AcDbEntity
  8
3
 62
     1
370
    -2
100
AcDbBlockReference
  2
_Oblique
 10
26259.91077000884
 20
-11318.00306302348
 30
0.0
 50
94.27720000009928
  0
MTEXT
  5
382
330
37B
100
AcDbEntity
  8
3
 62
     7
100
AcDbMText
 10
26262.9003111144
 20
-11327.80724942712
 30
0.0
 40
2.5
 41
0.0
 46
0.0
 71
     5
 72
     1
  1
\A1;400
  7
DXT
 11
0.0745819059666324
 21
-0.9972148912357779
 31
0.0
 73
     1
 44
1.0
  0
POINT
  5
383
330
37B
100
AcDbEntity
  8
Defpoints
 62
     0
100
AcDbPoint
 10
26248.43863840369
 20
-11338.91661568646
 30
0.0
  0
POINT
  5
384
330
37B
100
AcDbEntity
  8
Defpoints
 62
     0
100
AcDbPoint
 10
26246.94713840368
 20
-11318.97261568646
 30
0.0
  0
POINT
  5
385
330
37B
100
AcDbEntity
  8
Defpoints
 62
     0
100
AcDbPoint
 10
26259.91077000884
 20
-11318.00306302348
 30
0.0
  0
ENDBLK
  5
386
330
37B
100
AcDbEntity
  8
0
100
AcDbBlockEnd
  0
BLOCK
  5
389
330
388
100
AcDbEntity
  8
0
100
AcDbBlockBegin
  2
*D33
 70
     1
 10
0.0
 20
0.0
 30
0.0
  3
*D33
  1

  0
LINE
  5
38A
330
388
100
AcDbEntity
  8
3
 62
     1
370
    -2
100
AcDbLine
 10
26251.92456818616
 20
-11358.71195187453
 30
0.0
 11
26264.88846737956
 21
-11357.74237919857
 31
0.0
  0
LINE
  5
38B
330
388
100
AcDbEntity
  8
3
 62
     1
370
    -2
100
AcDbLine
 10
26250.43306818616
 20
-11338.76745187453
 30
0.0
 11
26263.39681499189
 21
-11337.79789059567
 31
0.0
  0
LINE
  5
38C
330
388
100
AcDbEntity
  8
3
 62
     1
370
    -2
100
AcDbLine
 10
26262.89403759709
 20
-11357.8915430105
 30
0.0
 11
26261.40238520942
 21
-11337.9470544076
 31
0.0
  0
INSERT
  5
38D
330
388
100
AcDbEntity
  8
3
 62
     1
370
    -2
100
AcDbBlockReference
  2
_Oblique
 10
26262.89403759709
 20
-11357.8915430105
 30
0.0
 50
274.2772000000993
  0
INSERT
  5
38E
330
388
100
AcDbEntity
  8
3
 62
     1
370
    -2
100
AcDbBlockReference
  2
_Oblique
 10
26261.40238520942
 20
-11337.9470544076
 30
0.0
 50
94.27720000009928
  0
MTEXT
  5
38F
330
388
100
AcDbEntity
  8
3
 62
     7
100
AcDbMText
 10
26264.39194490853
 20
-11347.75148942063
 30
0.0
 40
2.5
 41
0.0
 46
0.0
 71
     5
 72
     1
  1
\A1;400
  7
DXT
 11
0.0745819059666324
 21
-0.9972148912357779
 31
0.0
 73
     1
 44
1.0
  0
POINT
  5
390
330
388
100
AcDbEntity
  8
Defpoints
 62
     0
100
AcDbPoint
 10
26249.93013840369
 20
-11358.86111568646
 30
0.0
  0
POINT
  5
391
330
388
100
AcDbEntity
  8
Defpoints
 62
     0
100
AcDbPoint
 10
26248.43863840369
 20
-11338.91661568646
 30
0.0
  0
POINT
  5
392
330
388
100
AcDbEntity
  8
Defpoints
 62
     0
100
AcDbPoint
 10
26261.40238520942
 20
-11337.9470544076
 30
0.0
  0
ENDBLK
  5
393
330
388
100
AcDbEntity
  8
0
100
AcDbBlockEnd
  0
BLOCK
  5
396
330
395
100
AcDbEntity
  8
0
100
AcDbBlockBegin
  2
*D34
 70
     1
 10
0.0
 20
0.0
 30
0.0
  3
*D34
  1

  0
LINE
  5
397
330
395
100
AcDbEntity
  8
3
 62
     1
370
    -2
100
AcDbLine
 10
26253.41656818616
 20
-11378.65595187453
 30
0.0
 11
26266.38008536131
 21
-11377.68640776979
 31
0.0
  0
LINE
  5
398
330
395
100
AcDbEntity
  8
3
 62
     1
370
    -2
100
AcDbLine
 10
26251.92456818616
 20
-11358.71195187453
 30
0.0
 11
26264.8884673795
 21
-11357.74237919857
 31
0.0
  0
LINE
  5
399
330
395
100
AcDbEntity
  8
3
 62
     1
370
    -2
100
AcDbLine
 10
26264.38565557884
 20
-11377.83557158172
 30
0.0
 11
26262.89403759703
 21
-11357.8915430105
 31
0.0
  0
INSERT
  5
39A
330
395
100
AcDbEntity
  8
3
 62
     1
370
    -2
100
AcDbBlockReference
  2
_Oblique
 10
26264.38565557884
 20
-11377.83557158172
 30
0.0
 50
274.2772000000993
  0
INSERT
  5
39B
330
395
100
AcDbEntity
  8
3
 62
     1
370
    -2
100
AcDbBlockReference
  2
_Oblique
 10
26262.89403759703
 20
-11357.8915430105
 30
0.0
 50
94.27720000009928
  0
MTEXT
  5
39C
330
395
100
AcDbEntity
  8
3
 62
     7
100
AcDbMText
 10
26265.88358009322
 20
-11367.69574800769
 30
0.0
 40
2.5
 41
0.0
 46
0.0
 71
     5
 72
     1
  1
\A1;400
  7
DXT
 11
0.0745819059666324
 21
-0.9972148912357779
 31
0.0
 73
     1
 44
1.0
  0
POINT
  5
39D
330
395
100
AcDbEntity
  8
Defpoints
 62
     0
100
AcDbPoint
 10
26251.42213840369
 20
-11378.80511568646
 30
0.0
  0
POINT
  5
39E
330
395
100
AcDbEntity
  8
Defpoints
 62
     0
100
AcDbPoint
 10
26249.93013840369
 20
-11358.86111568646
 30
0.0
  0
POINT
  5
39F
330
395
100
AcDbEntity
  8
Defpoints
 62
     0
100
AcDbPoint
 10
26262.89403759703
 20
-11357.8915430105
 30
0.0
  0
ENDBLK
  5
3A0
330
395
100
AcDbEntity
  8
0
100
AcDbBlockEnd
  0
BLOCK
  5
3A3
330
3A2
100
AcDbEntity
  8
0
100
AcDbBlockBegin
  2
*D35
 70
     1
 10
0.0
 20
0.0
 30
0.0
  3
*D35
  1

  0
LINE
  5
3A4
330
3A2
100
AcDbEntity
  8
3
 62
     1
370
    -2
100
AcDbLine
 10
26254.90806818616
 20
-11398.60045187453
 30
0.0
 11
26267.87173774894
 21
-11397.63089637269
 31
0.0
  0
LINE
  5
3A5
330
3A2
100
AcDbEntity
  8
3
 62
     1
370
    -2
100
AcDbLine
 10
26253.41656818616
 20
-11378.65595187453
 30
0.0
 11
26266.38008536127
 21
-11377.68640776979
 31
0.0
  0
LINE
  5
3A6
330
3A2
100
AcDbEntity
  8
3
 62
     1
370
    -2
100
AcDbLine
 10
26265.87730796647
 20
-11397.78006018462
 30
0.0
 11
26264.3856555788
 21
-11377.83557158173
 31
0.0
  0
INSERT
  5
3A7
330
3A2
100
AcDbEntity
  8
3
 62
     1
370
    -2
100
AcDbBlockReference
  2
_Oblique
 10
26265.87730796647
 20
-11397.78006018462
 30
0.0
 50
274.2772000000993
  0
INSERT
  5
3A8
330
3A2
100
AcDbEntity
  8
3
 62
     1
370
    -2
100
AcDbBlockReference
  2
_Oblique
 10
26264.3856555788
 20
-11377.83557158173
 30
0.0
 50
94.27720000009928
  0
MTEXT
  5
3A9
330
3A2
100
AcDbEntity
  8
3
 62
     7
100
AcDbMText
 10
26267.37521527792
 20
-11387.64000659475
 30
0.0
 40
2.5
 41
0.0
 46
0.0
 71
     5
 72
     1
  1
\A1;400
  7
DXT
 11
0.0745819059666324
 21
-0.9972148912357779
 31
0.0
 73
     1
 44
1.0
  0
POINT
  5
3AA
330
3A2
100
AcDbEntity
  8
Defpoints
 62
     0
100
AcDbPoint
 10
26252.91363840369
 20
-11398.74961568646
 30
0.0
  0
POINT
  5
3AB
330
3A2
100
AcDbEntity
  8
Defpoints
 62
     0
100
AcDbPoint
 10
26251.42213840369
 20
-11378.80511568646
 30
0.0
  0
POINT
  5
3AC
330
3A2
100
AcDbEntity
  8
Defpoints
 62
     0
100
AcDbPoint
 10
26264.3856555788
 20
-11377.83557158173
 30
0.0
  0
ENDBLK
  5
3AD
330
3A2
100
AcDbEntity
  8
0
100
AcDbBlockEnd
  0
BLOCK
  5
3B0
330
3AF
100
AcDbEntity
  8
0
100
AcDbBlockBegin
  2
*D36
 70
     1
 10
0.0
 20
0.0
 30
0.0
  3
*D36
  1

  0
LINE
  5
3B1
330
3AF
100
AcDbEntity
  8
3
 62
     1
370
    -2
100
AcDbLine
 10
26256.39956818615
 20
-11418.54495187452
 30
0.0
 11
26269.36339013658
 21
-11417.57538497558
 31
0.0
  0
LINE
  5
3B2
330
3AF
100
AcDbEntity
  8
3
 62
     1
370
    -2
100
AcDbLine
 10
26254.90806818616
 20
-11398.60045187453
 30
0.0
 11
26267.87173774891
 21
-11397.63089637269
 31
0.0
  0
LINE
  5
3B3
330
3AF
100
AcDbEntity
  8
3
 62
     1
370
    -2
100
AcDbLine
 10
26267.36896035411
 20
-11417.72454878751
 30
0.0
 11
26265.87730796644
 21
-11397.78006018462
 31
0.0
  0
INSERT
  5
3B4
330
3AF
100
AcDbEntity
  8
3
 62
     1
370
    -2
100
AcDbBlockReference
  2
_Oblique
 10
26267.36896035411
 20
-11417.72454878751
 30
0.0
 50
274.2772000000993
  0
INSERT
  5
3B5
330
3AF
100
AcDbEntity
  8
3
 62
     1
370
    -2
100
AcDbBlockReference
  2
_Oblique
 10
26265.87730796644
 20
-11397.78006018462
 30
0.0
 50
94.27720000009928
  0
MTEXT
  5
3B6
330
3AF
100
AcDbEntity
  8
3
 62
     7
100
AcDbMText
 10
26268.86686766555
 20
-11407.58449519765
 30
0.0
 40
2.5
 41
0.0
 46
0.0
 71
     5
 72
     1
  1
\A1;400
  7
DXT
 11
0.0745819059666324
 21
-0.9972148912357779
 31
0.0
 73
     1
 44
1.0
  0
POINT
  5
3B7
330
3AF
100
AcDbEntity
  8
Defpoints
 62
     0
100
AcDbPoint
 10
26254.40513840368
 20
-11418.69411568646
 30
0.0
  0
POINT
  5
3B8
330
3AF
100
AcDbEntity
  8
Defpoints
 62
     0
100
AcDbPoint
 10
26252.91363840369
 20
-11398.74961568646
 30
0.0
  0
POINT
  5
3B9
330
3AF
100
AcDbEntity
  8
Defpoints
 62
     0
100
AcDbPoint
 10
26265.87730796644
 20
-11397.78006018462
 30
0.0
  0
ENDBLK
  5
3BA
330
3AF
100
AcDbEntity
  8
0
100
AcDbBlockEnd
  0
BLOCK
  5
3BD
330
3BC
100
AcDbEntity
  8
0
100
AcDbBlockBegin
  2
*D37
 70
     1
 10
0.0
 20
0.0
 30
0.0
  3
*D37
  1

  0
LINE
  5
3BE
330
3BC
100
AcDbEntity
  8
3
 62
     1
370
    -2
100
AcDbLine
 10
26257.89106818614
 20
-11438.48895187453
 30
0.0
 11
26270.85500533713
 21
-11437.51937635971
 31
0.0
  0
LINE
  5
3BF
330
3BC
100
AcDbEntity
  8
3
 62
     1
370
    -2
100
AcDbLine
 10
26256.39956818615
 20
-11418.54495187452
 30
0.0
 11
26269.36339013655
 21
-11417.57538497558
 31
0.0
  0
LINE
  5
3C0
330
3BC
100
AcDbEntity
  8
3
 62
     1
370
    -2
100
AcDbLine
 10
26268.86057555466
 20
-11437.66854017164
 30
0.0
 11
26267.36896035408
 21
-11417.72454878752
 31
0.0
  0
INSERT
  5
3C1
330
3BC
100
AcDbEntity
  8
3
 62
     1
370
    -2
100
AcDbBlockReference
  2
_Oblique
 10
26268.86057555466
 20
-11437.66854017164
 30
0.0
 50
274.2772000000993
  0
INSERT
  5
3C2
330
3BC
100
AcDbEntity
  8
3
 62
     1
370
    -2
100
AcDbBlockReference
  2
_Oblique
 10
26267.36896035408
 20
-11417.72454878752
 30
0.0
 50
94.27720000009928
  0
MTEXT
  5
3C3
330
3BC
100
AcDbEntity
  8
3
 62
     7
100
AcDbMText
 10
26270.35850145965
 20
-11427.52873519116
 30
0.0
 40
2.5
 41
0.0
 46
0.0
 71
     5
 72
     1
  1
\A1;400
  7
DXT
 11
0.0745819059666324
 21
-0.9972148912357779
 31
0.0
 73
     1
 44
1.0
  0
POINT
  5
3C4
330
3BC
100
AcDbEntity
  8
Defpoints
 62
     0
100
AcDbPoint
 10
26255.89663840367
 20
-11438.63811568646
 30
0.0
  0
POINT
  5
3C5
330
3BC
100
AcDbEntity
  8
Defpoints
 62
     0
100
AcDbPoint
 10
26254.40513840368
 20
-11418.69411568646
 30
0.0
  0
POINT
  5
3C6
330
3BC
100
AcDbEntity
  8
Defpoints
 62
     0
100
AcDbPoint
 10
26267.36896035408
 20
-11417.72454878752
 30
0.0
  0
ENDBLK
  5
3C7
330
3BC
100
AcDbEntity
  8
0
100
AcDbBlockEnd
  0
BLOCK
  5
3CA
330
3C9
100
AcDbEntity
  8
0
100
AcDbBlockBegin
  2
*D38
 70
     1
 10
0.0
 20
0.0
 30
0.0
  3
*D38
  1

  0
LINE
  5
3CB
330
3C9
100
AcDbEntity
  8
3
 62
     1
370
    -2
100
AcDbLine
 10
26259.38306818614
 20
-11458.43345187454
 30
0.0
 11
26272.346660506
 21
-11457.46390214971
 31
0.0
  0
LINE
  5
3CC
330
3C9
100
AcDbEntity
  8
3
 62
     1
370
    -2
100
AcDbLine
 10
26257.89106818614
 20
-11438.48895187453
 30
0.0
 11
26270.8550053371
 21
-11437.51937635971
 31
0.0
  0
LINE
  5
3CD
330
3C9
100
AcDbEntity
  8
3
 62
     1
370
    -2
100
AcDbLine
 10
26270.35223072353
 20
-11457.61306596165
 30
0.0
 11
26268.86057555463
 21
-11437.66854017165
 31
0.0
  0
INSERT
  5
3CE
330
3C9
100
AcDbEntity
  8
3
 62
     1
370
    -2
100
AcDbBlockReference
  2
_Oblique
 10
26270.35223072353
 20
-11457.61306596165
 30
0.0
 50
274.2772000000993
  0
INSERT
  5
3CF
330
3C9
100
AcDbEntity
  8
3
 62
     1
370
    -2
100
AcDbBlockReference
  2
_Oblique
 10
26268.86057555463
 20
-11437.66854017165
 30
0.0
 50
94.27720000009928
  0
MTEXT
  5
3D0
330
3C9
100
AcDbEntity
  8
3
 62
     7
100
AcDbMText
 10
26271.85013664435
 20
-11447.47299377822
 30
0.0
 40
2.5
 41
0.0
 46
0.0
 71
     5
 72
     1
  1
\A1;400
  7
DXT
 11
0.0745819059666324
 21
-0.9972148912357779
 31
0.0
 73
     1
 44
1.0
  0
POINT
  5
3D1
330
3C9
100
AcDbEntity
  8
Defpoints
 62
     0
100
AcDbPoint
 10
26257.38863840367
 20
-11458.58261568647
 30
0.0
  0
POINT
  5
3D2
330
3C9
100
AcDbEntity
  8
Defpoints
 62
     0
100
AcDbPoint
 10
26255.89663840367
 20
-11438.63811568646
 30
0.0
  0
POINT
  5
3D3
330
3C9
100
AcDbEntity
  8
Defpoints
 62
     0
100
AcDbPoint
 10
26268.86057555463
 20
-11437.66854017165
 30
0.0
  0
ENDBLK
  5
3D4
330
3C9
100
AcDbEntity
  8
0
100
AcDbBlockEnd
  0
BLOCK
  5
3D7
330
3D6
100
AcDbEntity
  8
0
100
AcDbBlockBegin
  2
*D39
 70
     1
 10
0.0
 20
0.0
 30
0.0
  3
*D39
  1

  0
LINE
  5
3D8
330
3D6
100
AcDbEntity
  8
3
 62
     1
370
    -2
100
AcDbLine
 10
26256.76406818615
 20
-11463.64295187454
 30
0.0
 11
26272.71954474986
 21
-11462.44963851431
 31
0.0
  0
LINE
  5
3D9
330
3D6
100
AcDbEntity
  8
3
 62
     1
370
    -2
100
AcDbLine
 10
26259.38306818614
 20
-11458.43345187454
 30
0.0
 11
26272.34666050596
 21
-11457.46390214972
 31
0.0
  0
LINE
  5
3DA
330
3D6
100
AcDbEntity
  8
3
 62
     1
370
    -2
100
AcDbLine
 10
26270.72511496739
 20
-11462.59880232624
 30
0.0
 11
26270.79969687335
 21
-11463.59601721748
 31
0.0
  0
LINE
  5
3DB
330
3D6
100
AcDbEntity
  8
3
 62
     1
370
    -2
100
AcDbLine
 10
26270.35223072349
 20
-11457.61306596165
 30
0.0
 11
26270.27764881752
 21
-11456.61585107041
 31
0.0
  0
LINE
  5
3DC
330
3D6
100
AcDbEntity
  8
3
 62
     1
370
    -2
100
AcDbLine
 10
26270.72511496739
 20
-11462.59880232624
 30
0.0
 11
26270.35223072349
 21
-11457.61306596165
 31
0.0
  0
INSERT
  5
3DD
330
3D6
100
AcDbEntity
  8
3
 62
     1
370
    -2
100
AcDbBlockReference
  2
_Oblique
 10
26270.72511496739
 20
-11462.59880232624
 30
0.0
 50
94.27720000009928
  0
INSERT
  5
3DE
330
3D6
100
AcDbEntity
  8
3
 62
     1
370
    -2
100
AcDbBlockReference
  2
_Oblique
 10
26270.35223072349
 20
-11457.61306596165
 30
0.0
 50
274.2772000000993
  0
MTEXT
  5
3DF
330
3D6
100
AcDbEntity
  8
3
 62
     7
100
AcDbMText
 10
26272.78240635072
 20
-11459.93812485552
 30
0.0
 40
2.5
 41
0.0
 46
0.0
 71
     5
 72
     1
  1
\A1;100
  7
DXT
 11
0.0745819059666324
 21
-0.9972148912357779
 31
0.0
 73
     1
 44
1.0
  0
POINT
  5
3E0
330
3D6
100
AcDbEntity
  8
Defpoints
 62
     0
100
AcDbPoint
 10
26254.76963840368
 20
-11463.79211568647
 30
0.0
  0
POINT
  5
3E1
330
3D6
100
AcDbEntity
  8
Defpoints
 62
     0
100
AcDbPoint
 10
26257.38863840367
 20
-11458.58261568647
 30
0.0
  0
POINT
  5
3E2
330
3D6
100
AcDbEntity
  8
Defpoints
 62
     0
100
AcDbPoint
 10
26270.35223072349
 20
-11457.61306596165
 30
0.0
  0
ENDBLK
  5
3E3
330
3D6
100
AcDbEntity
  8
0
100
AcDbBlockEnd
  0
BLOCK
  5
746
330
745
100
AcDbEntity
  8
0
100
AcDbBlockBegin
  2
*D40
 70
     1
 10
0.0
 20
0.0
 30
0.0
  3
*D40
  1

  0
LINE
  5
747
330
745
100
AcDbEntity
  8
0
 62
     1
370
    -2
100
AcDbLine
 10
26042.28291778787
 20
-11090.31389976874
 30
0.0
 11
26042.28291778787
 21
-11084.96342616481
 31
0.0
  0
LINE
  5
748
330
745
100
AcDbEntity
  8
0
 62
     1
370
    -2
100
AcDbLine
 10
26018.68291778787
 20
-11090.31389976874
 30
0.0
 11
26018.68291778787
 21
-11084.96342616481
 31
0.0
  0
LINE
  5
749
330
745
100
AcDbEntity
  8
0
 62
     1
370
    -2
100
AcDbLine
 10
26042.28291778787
 20
-11086.96342616481
 30
0.0
 11
26018.68291778787
 21
-11086.96342616481
 31
0.0
  0
INSERT
  5
74A
330
745
100
AcDbEntity
  8
0
 62
     1
370
    -2
100
AcDbBlockReference
  2
_Oblique
 10
26042.28291778787
 20
-11086.96342616481
 30
0.0
  0
INSERT
  5
74B
330
745
100
AcDbEntity
  8
0
 62
     1
370
    -2
100
AcDbBlockReference
  2
_Oblique
 10
26018.68291778787
 20
-11086.96342616481
 30
0.0
 50
180.0
  0
MTEXT
  5
74C
330
745
100
AcDbEntity
  8
0
 62
     7
100
AcDbMText
 10
26030.48291778787
 20
-11084.71342616481
 30
0.0
 40
2.5
 41
0.0
 46
0.0
 71
     5
 72
     1
  1
\A1;2360
  7
DXT
 73
     1
 44
1.0
  0
POINT
  5
74D
330
745
100
AcDbEntity
  8
Defpoints
 62
     0
100
AcDbPoint
 10
26042.28291778787
 20
-11092.31389976874
 30
0.0
  0
POINT
  5
74E
330
745
100
AcDbEntity
  8
Defpoints
 62
     0
100
AcDbPoint
 10
26018.68291778787
 20
-11092.31389976874
 30
0.0
  0
POINT
  5
74F
330
745
100
AcDbEntity
  8
Defpoints
 62
     0
100
AcDbPoint
 10
26018.68291778787
 20
-11086.96342616481
 30
0.0
  0
ENDBLK
  5
750
330
745
100
AcDbEntity
  8
0
100
AcDbBlockEnd
  0
BLOCK
  5
753
330
752
100
AcDbEntity
  8
0
100
AcDbBlockBegin
  2
*D41
 70
     1
 10
0.0
 20
0.0
 30
0.0
  3
*D41
  1

  0
LINE
  5
754
330
752
100
AcDbEntity
  8
0
 62
     1
370
    -2
100
AcDbLine
 10
26013.43291778787
 20
-11164.51049976874
 30
0.0
 11
26013.43291778787
 21
-11170.52399194294
 31
0.0
  0
LINE
  5
755
330
752
100
AcDbEntity
  8
0
 62
     1
370
    -2
100
AcDbLine
 10
26047.53291778787
 20
-11164.51049976874
 30
0.0
 11
26047.53291778787
 21
-11170.52399194294
 31
0.0
  0
LINE
  5
756
330
752
100
AcDbEntity
  8
0
 62
     1
370
    -2
100
AcDbLine
 10
26013.43291778787
 20
-11168.52399194294
 30
0.0
 11
26047.53291778787
 21
-11168.52399194294
 31
0.0
  0
INSERT
  5
757
330
752
100
AcDbEntity
  8
0
 62
     1
370
    -2
100
AcDbBlockReference
  2
_Oblique
 10
26013.43291778787
 20
-11168.52399194294
 30
0.0
 50
180.0
  0
INSERT
  5
758
330
752
100
AcDbEntity
  8
0
 62
     1
370
    -2
100
AcDbBlockReference
  2
_Oblique
 10
26047.53291778787
 20
-11168.52399194294
 30
0.0
  0
MTEXT
  5
759
330
752
100
AcDbEntity
  8
0
 62
     7
100
AcDbMText
 10
26030.48291778787
 20
-11166.27399194294
 30
0.0
 40
2.5
 41
0.0
 46
0.0
 71
     5
 72
     1
  1
\A1;3410
  7
DXT
 73
     1
 44
1.0
  0
POINT
  5
75A
330
752
100
AcDbEntity
  8
Defpoints
 62
     0
100
AcDbPoint
 10
26013.43291778787
 20
-11162.51049976874
 30
0.0
  0
POINT
  5
75B
330
752
100
AcDbEntity
  8
Defpoints
 62
     0
100
AcDbPoint
 10
26047.53291778787
 20
-11162.51049976874
 30
0.0
  0
POINT
  5
75C
330
752
100
AcDbEntity
  8
Defpoints
 62
     0
100
AcDbPoint
 10
26047.53291778787
 20
-11168.52399194294
 30
0.0
  0
ENDBLK
  5
75D
330
752
100
AcDbEntity
  8
0
100
AcDbBlockEnd
  0
BLOCK
  5
760
330
75F
100
AcDbEntity
  8
0
100
AcDbBlockBegin
  2
*D42
 70
     1
 10
0.0
 20
0.0
 30
0.0
  3
*D42
  1

  0
LINE
  5
761
330
75F
100
AcDbEntity
  8
0
 62
     1
370
    -2
100
AcDbLine
 10
26011.43291778787
 20
-11162.51049976874
 30
0.0
 11
26006.6233792645
 21
-11162.51049976874
 31
0.0
  0
LINE
  5
762
330
75F
100
AcDbEntity
  8
0
 62
     1
370
    -2
100
AcDbLine
 10
26013.23291809148
 20
-11138.44308999496
 30
0.0
 11
26006.6233792645
 21
-11138.44308999496
 31
0.0
  0
LINE
  5
763
330
75F
100
AcDbEntity
  8
0
 62
     1
370
    -2
100
AcDbLine
 10
26008.6233792645
 20
-11162.51049976874
 30
0.0
 11
26008.6233792645
 21
-11138.44308999496
 31
0.0
  0
INSERT
  5
764
330
75F
100
AcDbEntity
  8
0
 62
     1
370
    -2
100
AcDbBlockReference
  2
_Oblique
 10
26008.6233792645
 20
-11162.51049976874
 30
0.0
 50
270.0
  0
INSERT
  5
765
330
75F
100
AcDbEntity
  8
0
 62
     1
370
    -2
100
AcDbBlockReference
  2
_Oblique
 10
26008.6233792645
 20
-11138.44308999496
 30
0.0
 50
90.0
  0
MTEXT
  5
766
330
75F
100
AcDbEntity
  8
0
 62
     7
100
AcDbMText
 10
26006.3733792645
 20
-11150.47679488185
 30
0.0
 40
2.5
 41
0.0
 46
0.0
 71
     5
 72
     1
  1
\A1;2400
  7
DXT
 11
6.123031769111886E-17
 21
1.0
 31
0.0
 73
     1
 44
1.0
  0
POINT
  5
767
330
75F
100
AcDbEntity
  8
Defpoints
 62
     0
100
AcDbPoint
 10
26013.43291778787
 20
-11162.51049976874
 30
0.0
  0
POINT
  5
768
330
75F
100
AcDbEntity
  8
Defpoints
 62
     0
100
AcDbPoint
 10
26015.23291809148
 20
-11138.44308999496
 30
0.0
  0
POINT
  5
769
330
75F
100
AcDbEntity
  8
Defpoints
 62
     0
100
AcDbPoint
 10
26008.6233792645
 20
-11138.44308999496
 30
0.0
  0
ENDBLK
  5
76A
330
75F
100
AcDbEntity
  8
0
100
AcDbBlockEnd
  0
BLOCK
  5
76D
330
76C
100
AcDbEntity
  8
0
100
AcDbBlockBegin
  2
*D43
 70
     1
 10
0.0
 20
0.0
 30
0.0
  3
*D43
  1

  0
LINE
  5
76E
330
76C
100
AcDbEntity
  8
0
 62
     1
370
    -2
100
AcDbLine
 10
26013.23291809148
 20
-11138.44308999496
 30
0.0
 11
26006.6233792645
 21
-11138.44308999496
 31
0.0
  0
LINE
  5
76F
330
76C
100
AcDbEntity
  8
0
 62
     1
370
    -2
100
AcDbLine
 10
26014.20791778787
 20
-11125.40657976874
 30
0.0
 11
26006.6233792645
 21
-11125.40657976874
 31
0.0
  0
LINE
  5
770
330
76C
100
AcDbEntity
  8
0
 62
     1
370
    -2
100
AcDbLine
 10
26008.6233792645
 20
-11138.44308999496
 30
0.0
 11
26008.6233792645
 21
-11125.40657976874
 31
0.0
  0
INSERT
  5
771
330
76C
100
AcDbEntity
  8
0
 62
     1
370
    -2
100
AcDbBlockReference
  2
_Oblique
 10
26008.6233792645
 20
-11138.44308999496
 30
0.0
 50
270.0
  0
INSERT
  5
772
330
76C
100
AcDbEntity
  8
0
 62
     1
370
    -2
100
AcDbBlockReference
  2
_Oblique
 10
26008.6233792645
 20
-11125.40657976874
 30
0.0
 50
90.0
  0
MTEXT
  5
773
330
76C
100
AcDbEntity
  8
0
 62
     7
100
AcDbMText
 10
26006.3733792645
 20
-11131.92483488185
 30
0.0
 40
2.5
 41
0.0
 46
0.0
 71
     5
 72
     1
  1
\A1;1300
  7
DXT
 11
6.123031769111886E-17
 21
1.0
 31
0.0
 73
     1
 44
1.0
  0
POINT
  5
774
330
76C
100
AcDbEntity
  8
Defpoints
 62
     0
100
AcDbPoint
 10
26015.23291809148
 20
-11138.44308999496
 30
0.0
  0
POINT
  5
775
330
76C
100
AcDbEntity
  8
Defpoints
 62
     0
100
AcDbPoint
 10
26016.20791778787
 20
-11125.40657976874
 30
0.0
  0
POINT
  5
776
330
76C
100
AcDbEntity
  8
Defpoints
 62
     0
100
AcDbPoint
 10
26008.6233792645
 20
-11125.40657976874
 30
0.0
  0
ENDBLK
  5
777
330
76C
100
AcDbEntity
  8
0
100
AcDbBlockEnd
  0
BLOCK
  5
77A
330
779
100
AcDbEntity
  8
0
100
AcDbBlockBegin
  2
*D44
 70
     1
 10
0.0
 20
0.0
 30
0.0
  3
*D44
  1

  0
LINE
  5
77B
330
779
100
AcDbEntity
  8
0
 62
     1
370
    -2
100
AcDbLine
 10
26014.20791778787
 20
-11125.40657976874
 30
0.0
 11
26006.6233792645
 21
-11125.40657976874
 31
0.0
  0
LINE
  5
77C
330
779
100
AcDbEntity
  8
0
 62
     1
370
    -2
100
AcDbLine
 10
26015.10791778787
 20
-11113.37287976874
 30
0.0
 11
26006.6233792645
 21
-11113.37287976874
 31
0.0
  0
LINE
  5
77D
330
779
100
AcDbEntity
  8
0
 62
     1
370
    -2
100
AcDbLine
 10
26008.6233792645
 20
-11125.40657976874
 30
0.0
 11
26008.6233792645
 21
-11113.37287976874
 31
0.0
  0
INSERT
  5
77E
330
779
100
AcDbEntity
  8
0
 62
     1
370
    -2
100
AcDbBlockReference
  2
_Oblique
 10
26008.6233792645
 20
-11125.40657976874
 30
0.0
 50
270.0
  0
INSERT
  5
77F
330
779
100
AcDbEntity
  8
0
 62
     1
370
    -2
100
AcDbBlockReference
  2
_Oblique
 10
26008.6233792645
 20
-11113.37287976874
 30
0.0
 50
90.0
  0
MTEXT
  5
780
330
779
100
AcDbEntity
  8
0
 62
     7
100
AcDbMText
 10
26006.3733792645
 20
-11119.38972976874
 30
0.0
 40
2.5
 41
0.0
 46
0.0
 71
     5
 72
     1
  1
\A1;1200
  7
DXT
 11
6.123031769111886E-17
 21
1.0
 31
0.0
 73
     1
 44
1.0
  0
POINT
  5
781
330
779
100
AcDbEntity
  8
Defpoints
 62
     0
100
AcDbPoint
 10
26016.20791778787
 20
-11125.40657976874
 30
0.0
  0
POINT
  5
782
330
779
100
AcDbEntity
  8
Defpoints
 62
     0
100
AcDbPoint
 10
26017.10791778787
 20
-11113.37287976874
 30
0.0
  0
POINT
  5
783
330
779
100
AcDbEntity
  8
Defpoints
 62
     0
100
AcDbPoint
 10
26008.6233792645
 20
-11113.37287976874
 30
0.0
  0
ENDBLK
  5
784
330
779
100
AcDbEntity
  8
0
100
AcDbBlockEnd
  0
BLOCK
  5
787
330
786
100
AcDbEntity
  8
0
100
AcDbBlockBegin
  2
*D45
 70
     1
 10
0.0
 20
0.0
 30
0.0
  3
*D45
  1

  0
LINE
  5
788
330
786
100
AcDbEntity
  8
0
 62
     1
370
    -2
100
AcDbLine
 10
26015.10791778787
 20
-11113.37287976874
 30
0.0
 11
26006.6233792645
 21
-11113.37287976874
 31
0.0
  0
LINE
  5
789
330
786
100
AcDbEntity
  8
0
 62
     1
370
    -2
100
AcDbLine
 10
26016.68291778787
 20
-11092.31389976874
 30
0.0
 11
26006.6233792645
 21
-11092.31389976874
 31
0.0
  0
LINE
  5
78A
330
786
100
AcDbEntity
  8
0
 62
     1
370
    -2
100
AcDbLine
 10
26008.6233792645
 20
-11113.37287976874
 30
0.0
 11
26008.6233792645
 21
-11092.31389976874
 31
0.0
  0
INSERT
  5
78B
330
786
100
AcDbEntity
  8
0
 62
     1
370
    -2
100
AcDbBlockReference
  2
_Oblique
 10
26008.6233792645
 20
-11113.37287976874
 30
0.0
 50
270.0
  0
INSERT
  5
78C
330
786
100
AcDbEntity
  8
0
 62
     1
370
    -2
100
AcDbBlockReference
  2
_Oblique
 10
26008.6233792645
 20
-11092.31389976874
 30
0.0
 50
90.0
  0
MTEXT
  5
78D
330
786
100
AcDbEntity
  8
0
 62
     7
100
AcDbMText
 10
26006.3733792645
 20
-11102.84338976873
 30
0.0
 40
2.5
 41
0.0
 46
0.0
 71
     5
 72
     1
  1
\A1;2100
  7
DXT
 11
6.123031769111886E-17
 21
1.0
 31
0.0
 73
     1
 44
1.0
  0
POINT
  5
78E
330
786
100
AcDbEntity
  8
Defpoints
 62
     0
100
AcDbPoint
 10
26017.10791778787
 20
-11113.37287976874
 30
0.0
  0
POINT
  5
78F
330
786
100
AcDbEntity
  8
Defpoints
 62
     0
100
AcDbPoint
 10
26018.68291778787
 20
-11092.31389976874
 30
0.0
  0
POINT
  5
790
330
786
100
AcDbEntity
  8
Defpoints
 62
     0
100
AcDbPoint
 10
26008.6233792645
 20
-11092.31389976874
 30
0.0
  0
ENDBLK
  5
791
330
786
100
AcDbEntity
  8
0
100
AcDbBlockEnd
  0
BLOCK
  5
794
330
793
100
AcDbEntity
  8
0
100
AcDbBlockBegin
  2
*D46
 70
     1
 10
0.0
 20
0.0
 30
0.0
  3
*D46
  1

  0
LINE
  5
795
330
793
100
AcDbEntity
  8
0
 62
     1
370
    -2
100
AcDbLine
 10
26016.68291778787
 20
-11092.31389976874
 30
0.0
 11
25999.44752707053
 21
-11092.31389976874
 31
0.0
  0
LINE
  5
796
330
793
100
AcDbEntity
  8
0
 62
     1
370
    -2
100
AcDbLine
 10
26011.43291778787
 20
-11162.51049976874
 30
0.0
 11
25999.44752707053
 21
-11162.51049976874
 31
0.0
  0
LINE
  5
797
330
793
100
AcDbEntity
  8
0
 62
     1
370
    -2
100
AcDbLine
 10
26001.44752707053
 20
-11092.31389976874
 30
0.0
 11
26001.44752707053
 21
-11162.51049976874
 31
0.0
  0
INSERT
  5
798
330
793
100
AcDbEntity
  8
0
 62
     1
370
    -2
100
AcDbBlockReference
  2
_Oblique
 10
26001.44752707053
 20
-11092.31389976874
 30
0.0
 50
90.0
  0
INSERT
  5
799
330
793
100
AcDbEntity
  8
0
 62
     1
370
    -2
100
AcDbBlockReference
  2
_Oblique
 10
26001.44752707053
 20
-11162.51049976874
 30
0.0
 50
270.0
  0
MTEXT
  5
79A
330
793
100
AcDbEntity
  8
0
 62
     7
100
AcDbMText
 10
25999.19752707054
 20
-11127.41219976873
 30
0.0
 40
2.5
 41
0.0
 46
0.0
 71
     5
 72
     1
  1
\A1;7000
  7
DXT
 11
6.123031769111886E-17
 21
1.0
 31
0.0
 73
     1
 44
1.0
  0
POINT
  5
79B
330
793
100
AcDbEntity
  8
Defpoints
 62
     0
100
AcDbPoint
 10
26018.68291778787
 20
-11092.31389976874
 30
0.0
  0
POINT
  5
79C
330
793
100
AcDbEntity
  8
Defpoints
 62
     0
100
AcDbPoint
 10
26013.43291778787
 20
-11162.51049976874
 30
0.0
  0
POINT
  5
79D
330
793
100
AcDbEntity
  8
Defpoints
 62
     0
100
AcDbPoint
 10
26001.44752707053
 20
-11162.51049976874
 30
0.0
  0
ENDBLK
  5
79E
330
793
100
AcDbEntity
  8
0
100
AcDbBlockEnd
  0
BLOCK
  5
7B1
330
7B0
100
AcDbEntity
  8
0
100
AcDbBlockBegin
  2
*D47
 70
     1
 10
0.0
 20
0.0
 30
0.0
  3
*D47
  1

  0
LINE
  5
7B2
330
7B0
100
AcDbEntity
  8
0
 62
     1
370
    -2
100
AcDbLine
 10
26501.0754721985
 20
-11421.01154313222
 30
0.0
 11
26501.63011139406
 21
-11421.01154313222
 31
0.0
  0
LINE
  5
7B3
330
7B0
100
AcDbEntity
  8
0
 62
     1
370
    -2
100
AcDbLine
 10
26501.0754721985
 20
-11422.41154313222
 30
0.0
 11
26501.63011139406
 21
-11422.41154313222
 31
0.0
  0
LINE
  5
7B4
330
7B0
100
AcDbEntity
  8
0
 62
     1
370
    -2
100
AcDbLine
 10
26499.63011139406
 20
-11421.01154313222
 30
0.0
 11
26499.63011139406
 21
-11420.01154313222
 31
0.0
  0
LINE
  5
7B5
330
7B0
100
AcDbEntity
  8
0
 62
     1
370
    -2
100
AcDbLine
 10
26499.63011139406
 20
-11422.41154313222
 30
0.0
 11
26499.63011139406
 21
-11423.41154313222
 31
0.0
  0
MTEXT
  5
7B6
330
7B0
100
AcDbEntity
  8
0
 62
     7
100
AcDbMText
 10
26497.38939079992
 20
-11424.46919928799
 30
0.0
 40
2.5
 41
0.0
 46
0.0
 71
     5
 72
     1
  1
\A1;28
  7
DXT
 11
6.123031769111886E-17
 21
1.0
 31
0.0
 73
     1
 44
1.0
  0
LINE
  5
7B7
330
7B0
100
AcDbEntity
  8
0
 62
     1
370
    -2
100
AcDbLine
 10
26499.63011139406
 20
-11421.01154313222
 30
0.0
 11
26499.63011139406
 21
-11422.41154313222
 31
0.0
  0
INSERT
  5
7B8
330
7B0
100
AcDbEntity
  8
0
 62
     1
370
    -2
100
AcDbBlockReference
  2
_Oblique
 10
26499.63011139406
 20
-11421.01154313222
 30
0.0
 50
270.0
  0
INSERT
  5
7B9
330
7B0
100
AcDbEntity
  8
0
 62
     1
370
    -2
100
AcDbBlockReference
  2
_Oblique
 10
26499.63011139406
 20
-11422.41154313222
 30
0.0
 50
90.0
  0
POINT
  5
7BA
330
7B0
100
AcDbEntity
  8
Defpoints
 62
     0
100
AcDbPoint
 10
26499.0754721985
 20
-11421.01154313222
 30
0.0
  0
POINT
  5
7BB
330
7B0
100
AcDbEntity
  8
Defpoints
 62
     0
100
AcDbPoint
 10
26499.0754721985
 20
-11422.41154313222
 30
0.0
  0
POINT
  5
7BC
330
7B0
100
AcDbEntity
  8
Defpoints
 62
     0
100
AcDbPoint
 10
26499.63011139406
 20
-11422.41154313222
 30
0.0
  0
ENDBLK
  5
7BD
330
7B0
100
AcDbEntity
  8
0
100
AcDbBlockEnd
  0
BLOCK
  5
7C1
330
7C0
100
AcDbEntity
  8
0
100
AcDbBlockBegin
  2
*D48
 70
     1
 10
0.0
 20
0.0
 30
0.0
  3
*D48
  1

  0
LINE
  5
7C2
330
7C0
100
AcDbEntity
  8
0
 62
     1
370
    -2
100
AcDbLine
 10
26528.06035122464
 20
-11394.0266641058
 30
0.0
 11
26528.06035122464
 21
-11394.58130330134
 31
0.0
  0
LINE
  5
7C3
330
7C0
100
AcDbEntity
  8
0
 62
     1
370
    -2
100
AcDbLine
 10
26529.46035122463
 20
-11394.02666410579
 30
0.0
 11
26529.46035122463
 21
-11394.58130330134
 31
0.0
  0
LINE
  5
7C4
330
7C0
100
AcDbEntity
  8
0
 62
     1
370
    -2
100
AcDbLine
 10
26528.06035122464
 20
-11392.58130330134
 30
0.0
 11
26527.06035122464
 21
-11392.58130330134
 31
0.0
  0
LINE
  5
7C5
330
7C0
100
AcDbEntity
  8
0
 62
     1
370
    -2
100
AcDbLine
 10
26529.46035122463
 20
-11392.58130330134
 30
0.0
 11
26530.46035122463
 21
-11392.58130330134
 31
0.0
  0
MTEXT
  5
7C6
330
7C0
100
AcDbEntity
  8
0
 62
     7
100
AcDbMText
 10
26531.51800738039
 20
-11390.34058270718
 30
0.0
 40
2.5
 41
0.0
 46
0.0
 71
     5
 72
     1
  1
\A1;28
  7
DXT
 73
     1
 44
1.0
  0
LINE
  5
7C7
330
7C0
100
AcDbEntity
  8
0
 62
     1
370
    -2
100
AcDbLine
 10
26528.06035122464
 20
-11392.58130330134
 30
0.0
 11
26529.46035122463
 21
-11392.58130330134
 31
0.0
  0
INSERT
  5
7C8
330
7C0
100
AcDbEntity
  8
0
 62
     1
370
    -2
100
AcDbBlockReference
  2
_Oblique
 10
26528.06035122464
 20
-11392.58130330134
 30
0.0
  0
INSERT
  5
7C9
330
7C0
100
AcDbEntity
  8
0
 62
     1
370
    -2
100
AcDbBlockReference
  2
_Oblique
 10
26529.46035122463
 20
-11392.58130330134
 30
0.0
 50
180.0
  0
POINT
  5
7CA
330
7C0
100
AcDbEntity
  8
Defpoints
 62
     0
100
AcDbPoint
 10
26528.06035122464
 20
-11392.0266641058
 30
0.0
  0
POINT
  5
7CB
330
7C0
100
AcDbEntity
  8
Defpoints
 62
     0
100
AcDbPoint
 10
26529.46035122463
 20
-11392.02666410579
 30
0.0
  0
POINT
  5
7CC
330
7C0
100
AcDbEntity
  8
Defpoints
 62
     0
100
AcDbPoint
 10
26529.46035122463
 20
-11392.58130330134
 30
0.0
  0
ENDBLK
  5
7CD
330
7C0
100
AcDbEntity
  8
0
100
AcDbBlockEnd
  0
BLOCK
  5
83F
330
83E
100
AcDbEntity
  8
0
100
AcDbBlockBegin
  2
*D49
 70
     1
 10
0.0
 20
0.0
 30
0.0
  3
*D49
  1

  0
LINE
  5
840
330
83E
100
AcDbEntity
  8
3
 62
     1
370
    -2
100
AcDbLine
 10
26251.57112560141
 20
-11490.59536832566
 30
0.0
 11
26254.68636619328
 21
-11486.41452112745
 31
0.0
  0
LINE
  5
841
330
83E
100
AcDbEntity
  8
3
 62
     1
370
    -2
100
AcDbLine
 10
26247.56162560142
 20
-11487.60786832565
 30
0.0
 11
26250.6768978392
 21
-11483.42697865667
 31
0.0
  0
LINE
  5
842
330
83E
100
AcDbEntity
  8
3
 62
     1
370
    -2
100
AcDbLine
 10
26253.49137899556
 20
-11488.01826848825
 30
0.0
 11
26254.29325267596
 21
-11488.61576208711
 31
0.0
  0
LINE
  5
843
330
83E
100
AcDbEntity
  8
3
 62
     1
370
    -2
100
AcDbLine
 10
26249.48191064147
 20
-11485.03072601748
 30
0.0
 11
26248.68003696107
 21
-11484.43323241861
 31
0.0
  0
LINE
  5
844
330
83E
100
AcDbEntity
  8
3
 62
     1
370
    -2
100
AcDbLine
 10
26253.49137899556
 20
-11488.01826848825
 30
0.0
 11
26249.48191064147
 21
-11485.03072601748
 31
0.0
  0
INSERT
  5
845
330
83E
100
AcDbEntity
  8
3
 62
     1
370
    -2
100
AcDbBlockReference
  2
_Oblique
 10
26253.49137899556
 20
-11488.01826848825
 30
0.0
 50
143.3093999999676
  0
INSERT
  5
846
330
83E
100
AcDbEntity
  8
3
 62
     1
370
    -2
100
AcDbBlockReference
  2
_Oblique
 10
26249.48191064147
 20
-11485.03072601748
 30
0.0
 50
323.3093999999676
  0
MTEXT
  5
847
330
83E
100
AcDbEntity
  8
3
 62
     7
100
AcDbMText
 10
26252.83100541596
 20
-11484.72028147196
 30
0.0
 40
2.5
 41
0.0
 46
0.0
 71
     5
 72
     1
  1
\A1;100
  7
DXT
 11
0.8018736804018515
 21
-0.5974935988600961
 31
0.0
 73
     1
 44
1.0
  0
POINT
  5
848
330
83E
100
AcDbEntity
  8
Defpoints
 62
     0
100
AcDbPoint
 10
26250.37613840369
 20
-11492.19911568646
 30
0.0
  0
POINT
  5
849
330
83E
100
AcDbEntity
  8
Defpoints
 62
     0
100
AcDbPoint
 10
26246.3666384037
 20
-11489.21161568646
 30
0.0
  0
POINT
  5
84A
330
83E
100
AcDbEntity
  8
Defpoints
 62
     0
100
AcDbPoint
 10
26249.48191064147
 20
-11485.03072601748
 30
0.0
  0
ENDBLK
  5
84B
330
83E
100
AcDbEntity
  8
0
100
AcDbBlockEnd
  0
BLOCK
  5
852
330
851
100
AcDbEntity
  8
0
100
AcDbBlockBegin
  2
*D50
 70
     1
 10
0.0
 20
0.0
 30
0.0
  3
*D50
  1

  0
LINE
  5
853
330
851
100
AcDbEntity
  8
3
 62
     1
370
    -2
100
AcDbLine
 10
26078.68115120595
 20
-11490.59536832566
 30
0.0
 11
26075.56591061407
 21
-11486.41452112745
 31
0.0
  0
LINE
  5
854
330
851
100
AcDbEntity
  8
3
 62
     1
370
    -2
100
AcDbLine
 10
26082.69065120593
 20
-11487.60786832566
 30
0.0
 11
26079.57537896815
 21
-11483.42697865667
 31
0.0
  0
LINE
  5
855
330
851
100
AcDbEntity
  8
3
 62
     1
370
    -2
100
AcDbLine
 10
26076.76089781179
 20
-11488.01826848825
 30
0.0
 11
26075.95902413139
 21
-11488.61576208711
 31
0.0
  0
LINE
  5
856
330
851
100
AcDbEntity
  8
3
 62
     1
370
    -2
100
AcDbLine
 10
26080.77036616587
 20
-11485.03072601747
 30
0.0
 11
26081.57223984627
 21
-11484.43323241861
 31
0.0
  0
LINE
  5
857
330
851
100
AcDbEntity
  8
3
 62
     1
370
    -2
100
AcDbLine
 10
26076.76089781179
 20
-11488.01826848825
 30
0.0
 11
26080.77036616587
 21
-11485.03072601747
 31
0.0
  0
INSERT
  5
858
330
851
100
AcDbEntity
  8
3
 62
     1
370
    -2
100
AcDbBlockReference
  2
_Oblique
 10
26076.76089781179
 20
-11488.01826848825
 30
0.0
 50
36.69060000006882
  0
INSERT
  5
859
330
851
100
AcDbEntity
  8
3
 62
     1
370
    -2
100
AcDbBlockReference
  2
_Oblique
 10
26080.77036616587
 20
-11485.03072601747
 30
0.0
 50
216.6906000000689
  0
MTEXT
  5
85A
330
851
100
AcDbEntity
  8
3
 62
     7
100
AcDbMText
 10
26077.42127139139
 20
-11484.72028147196
 30
0.0
 40
2.5
 41
0.0
 46
0.0
 71
     5
 72
     1
  1
\A1;100
  7
DXT
 11
0.8018736804014712
 21
0.5974935988606063
 31
0.0
 73
     1
 44
1.0
  0
POINT
  5
85B
330
851
100
AcDbEntity
  8
Defpoints
 62
     0
100
AcDbPoint
 10
26079.87613840367
 20
-11492.19911568646
 30
0.0
  0
POINT
  5
85C
330
851
100
AcDbEntity
  8
Defpoints
 62
     0
100
AcDbPoint
 10
26083.88563840366
 20
-11489.21161568646
 30
0.0
  0
POINT
  5
85D
330
851
100
AcDbEntity
  8
Defpoints
 62
     0
100
AcDbPoint
 10
26080.77036616587
 20
-11485.03072601747
 30
0.0
  0
ENDBLK
  5
85E
330
851
100
AcDbEntity
  8
0
100
AcDbBlockEnd
  0
BLOCK
  5
865
330
864
100
AcDbEntity
  8
0
100
AcDbBlockBegin
  2
*D51
 70
     1
 10
0.0
 20
0.0
 30
0.0
  3
*D51
  1

  0
LINE
  5
866
330
864
100
AcDbEntity
  8
0
 62
     1
370
    -2
100
AcDbLine
 10
26239.5084376956
 20
-11346.88910041039
 30
0.0
 11
26239.40475489635
 21
-11345.50276111287
 31
0.0
  0
LINE
  5
867
330
864
100
AcDbEntity
  8
0
 62
     1
370
    -2
100
AcDbLine
 10
26242.00132165915
 20
-11346.70266034625
 30
0.0
 11
26241.89763885989
 21
-11345.31632104873
 31
0.0
  0
LINE
  5
868
330
864
100
AcDbEntity
  8
0
 62
     1
370
    -2
100
AcDbLine
 10
26239.55391613207
 20
-11347.49719108802
 30
0.0
 11
26242.04680009561
 21
-11347.31075102387
 31
0.0
  0
MTEXT
  5
869
330
864
100
AcDbEntity
  8
0
 62
     7
100
AcDbMText
 10
26244.58623879882
 20
-11344.95895376032
 30
0.0
 40
2.5
 41
0.0
 46
0.0
 71
     5
 72
     1
  1
\A1;50
  7
DXT
 11
0.9972149875728669
 21
0.07458061785777177
 31
0.0
 73
     1
 44
1.0
  0
INSERT
  5
86A
330
864
100
AcDbEntity
  8
0
 62
     1
370
    -2
100
AcDbBlockReference
  2
_Oblique
 10
26239.55391613207
 20
-11347.49719108802
 30
0.0
 50
184.2771259907776
  0
INSERT
  5
86B
330
864
100
AcDbEntity
  8
0
 62
     1
370
    -2
100
AcDbBlockReference
  2
_Oblique
 10
26242.04680009561
 20
-11347.31075102387
 30
0.0
 50
4.277125990777573
  0
POINT
  5
86C
330
864
100
AcDbEntity
  8
Defpoints
 62
     0
100
AcDbPoint
 10
26239.65759893132
 20
-11348.88353038554
 30
0.0
  0
POINT
  5
86D
330
864
100
AcDbEntity
  8
Defpoints
 62
     0
100
AcDbPoint
 10
26242.15048289486
 20
-11348.69709032139
 30
0.0
  0
POINT
  5
86E
330
864
100
AcDbEntity
  8
Defpoints
 62
     0
100
AcDbPoint
 10
26242.04680009561
 20
-11347.31075102387
 30
0.0
  0
ENDBLK
  5
86F
330
864
100
AcDbEntity
  8
0
100
AcDbBlockEnd
  0
BLOCK
  5
872
330
871
100
AcDbEntity
  8
0
100
AcDbBlockBegin
  2
*D52
 70
     1
 10
0.0
 20
0.0
 30
0.0
  3
*D52
  1

  0
LINE
  5
873
330
871
100
AcDbEntity
  8
0
 62
     1
370
    -2
100
AcDbLine
 10
26090.74383911175
 20
-11346.88910041039
 30
0.0
 11
26090.84752191101
 21
-11345.50276111287
 31
0.0
  0
LINE
  5
874
330
871
100
AcDbEntity
  8
0
 62
     1
370
    -2
100
AcDbLine
 10
26088.25095514821
 20
-11346.70266034625
 30
0.0
 11
26088.35463794747
 21
-11345.31632104873
 31
0.0
  0
LINE
  5
875
330
871
100
AcDbEntity
  8
0
 62
     1
370
    -2
100
AcDbLine
 10
26090.69836067529
 20
-11347.49719108802
 30
0.0
 11
26088.20547671175
 21
-11347.31075102387
 31
0.0
  0
MTEXT
  5
876
330
871
100
AcDbEntity
  8
0
 62
     7
100
AcDbMText
 10
26085.66603800853
 20
-11344.95895376032
 30
0.0
 40
2.5
 41
0.0
 46
0.0
 71
     5
 72
     1
  1
\A1;50
  7
DXT
 11
0.9972149875728669
 21
-0.07458061785777159
 31
0.0
 73
     1
 44
1.0
  0
INSERT
  5
877
330
871
100
AcDbEntity
  8
0
 62
     1
370
    -2
100
AcDbBlockReference
  2
_Oblique
 10
26090.69836067529
 20
-11347.49719108802
 30
0.0
 50
355.7228740092225
  0
INSERT
  5
878
330
871
100
AcDbEntity
  8
0
 62
     1
370
    -2
100
AcDbBlockReference
  2
_Oblique
 10
26088.20547671175
 20
-11347.31075102387
 30
0.0
 50
175.7228740092224
  0
POINT
  5
879
330
871
100
AcDbEntity
  8
Defpoints
 62
     0
100
AcDbPoint
 10
26090.59467787604
 20
-11348.88353038554
 30
0.0
  0
POINT
  5
87A
330
871
100
AcDbEntity
  8
Defpoints
 62
     0
100
AcDbPoint
 10
26088.1017939125
 20
-11348.69709032139
 30
0.0
  0
POINT
  5
87B
330
871
100
AcDbEntity
  8
Defpoints
 62
     0
100
AcDbPoint
 10
26088.20547671175
 20
-11347.31075102387
 30
0.0
  0
ENDBLK
  5
87C
330
871
100
AcDbEntity
  8
0
100
AcDbBlockEnd
  0
BLOCK
  5
88B
330
88A
100
AcDbEntity
  8
0
100
AcDbBlockBegin
  2
*D53
 70
     1
 10
0.0
 20
0.0
 30
0.0
  3
*D53
  1

  0
LINE
  5
88C
330
88A
100
AcDbEntity
  8
0
 62
     1
370
    -2
100
AcDbLine
 10
26159.12613840368
 20
-11304.67961568646
 30
0.0
 11
26159.12613840368
 21
-11295.98366824324
 31
0.0
  0
LINE
  5
88D
330
88A
100
AcDbEntity
  8
0
 62
     1
370
    -2
100
AcDbLine
 10
26171.12613840369
 20
-11304.67961568646
 30
0.0
 11
26171.12613840369
 21
-11295.98366824324
 31
0.0
  0
LINE
  5
88E
330
88A
100
AcDbEntity
  8
0
 62
     1
370
    -2
100
AcDbLine
 10
26159.12613840368
 20
-11297.98366824324
 30
0.0
 11
26171.12613840369
 21
-11297.98366824324
 31
0.0
  0
INSERT
  5
88F
330
88A
100
AcDbEntity
  8
0
 62
     1
370
    -2
100
AcDbBlockReference
  2
_Oblique
 10
26159.12613840368
 20
-11297.98366824324
 30
0.0
 50
180.0
  0
INSERT
  5
890
330
88A
100
AcDbEntity
  8
0
 62
     1
370
    -2
100
AcDbBlockReference
  2
_Oblique
 10
26171.12613840369
 20
-11297.98366824324
 30
0.0
  0
MTEXT
  5
891
330
88A
100
AcDbEntity
  8
0
 62
     7
100
AcDbMText
 10
26165.12613840369
 20
-11295.73366824324
 30
0.0
 40
2.5
 41
0.0
 46
0.0
 71
     5
 72
     1
  1
\A1;4X60
  7
DXT
 73
     1
 44
1.0
  0
POINT
  5
892
330
88A
100
AcDbEntity
  8
Defpoints
 62
     0
100
AcDbPoint
 10
26159.12613840368
 20
-11306.67961568646
 30
0.0
  0
POINT
  5
893
330
88A
100
AcDbEntity
  8
Defpoints
 62
     0
100
AcDbPoint
 10
26171.12613840369
 20
-11306.67961568646
 30
0.0
  0
POINT
  5
894
330
88A
100
AcDbEntity
  8
Defpoints
 62
     0
100
AcDbPoint
 10
26171.12613840369
 20
-11297.98366824324
 30
0.0
  0
ENDBLK
  5
895
330
88A
100
AcDbEntity
  8
0
100
AcDbBlockEnd
  0
BLOCK
  5
89F
330
89E
100
AcDbEntity
  8
0
100
AcDbBlockBegin
  2
*D54
 70
     1
 10
0.0
 20
0.0
 30
0.0
  3
*D54
  1

  0
LINE
  5
8A0
330
89E
100
AcDbEntity
  8
0
 62
     1
370
    -2
100
AcDbLine
 10
26138.94990342094
 20
-11306.67961568646
 30
0.0
 11
26138.94990342094
 21
-11307.67961568646
 31
0.0
  0
LINE
  5
8A1
330
89E
100
AcDbEntity
  8
0
 62
     1
370
    -2
100
AcDbLine
 10
26138.94990342094
 20
-11305.27961568646
 30
0.0
 11
26138.94990342094
 21
-11304.27961568646
 31
0.0
  0
MTEXT
  5
8A2
330
89E
100
AcDbEntity
  8
0
 62
     7
100
AcDbMText
 10
26136.6458231397
 20
-11302.95135155485
 30
0.0
 40
2.5
 41
0.0
 46
0.0
 71
     5
 72
     1
  1
\A1;28
  7
DXT
 11
6.123031769111886E-17
 21
1.0
 31
0.0
 73
     1
 44
1.0
  0
LINE
  5
8A3
330
89E
100
AcDbEntity
  8
0
 62
     1
370
    -2
100
AcDbLine
 10
26138.94990342094
 20
-11306.67961568646
 30
0.0
 11
26138.94990342094
 21
-11305.27961568646
 31
0.0
  0
INSERT
  5
8A4
330
89E
100
AcDbEntity
  8
0
 62
     1
370
    -2
100
AcDbBlockReference
  2
_Oblique
 10
26138.94990342094
 20
-11306.67961568646
 30
0.0
 50
90.0
  0
INSERT
  5
8A5
330
89E
100
AcDbEntity
  8
0
 62
     1
370
    -2
100
AcDbBlockReference
  2
_Oblique
 10
26138.94990342094
 20
-11305.27961568646
 30
0.0
 50
270.0
  0
POINT
  5
8A6
330
89E
100
AcDbEntity
  8
Defpoints
 62
     0
100
AcDbPoint
 10
26138.94990342093
 20
-11306.67961568646
 30
0.0
  0
POINT
  5
8A7
330
89E
100
AcDbEntity
  8
Defpoints
 62
     0
100
AcDbPoint
 10
26138.94990342093
 20
-11305.27961568646
 30
0.0
  0
POINT
  5
8A8
330
89E
100
AcDbEntity
  8
Defpoints
 62
     0
100
AcDbPoint
 10
26138.94990342094
 20
-11305.27961568646
 30
0.0
  0
ENDBLK
  5
8A9
330
89E
100
AcDbEntity
  8
0
100
AcDbBlockEnd
  0
BLOCK
  5
8CD
330
8CC
100
AcDbEntity
  8
0
100
AcDbBlockBegin
  2
*D55
 70
     1
 10
0.0
 20
0.0
 30
0.0
  3
*D55
  1

  0
LINE
  5
8CE
330
8CC
100
AcDbEntity
  8
0
 62
     1
370
    -2
100
AcDbLine
 10
26186.17918636358
 20
-11412.9904216173
 30
0.0
 11
26186.66976260305
 21
-11412.62488298649
 31
0.0
  0
LINE
  5
8CF
330
8CC
100
AcDbEntity
  8
0
 62
     1
370
    -2
100
AcDbLine
 10
26185.22323237465
 20
-11411.70747017668
 30
0.0
 11
26185.71380861412
 21
-11411.34193154587
 31
0.0
  0
LINE
  5
8D0
330
8CC
100
AcDbEntity
  8
0
 62
     1
370
    -2
100
AcDbLine
 10
26185.06601454763
 20
-11413.81986925198
 30
0.0
 11
26185.66350768038
 21
-11414.6217432797
 31
0.0
  0
LINE
  5
8D1
330
8CC
100
AcDbEntity
  8
0
 62
     1
370
    -2
100
AcDbLine
 10
26184.11006055869
 20
-11412.53691781137
 30
0.0
 11
26183.51256742594
 21
-11411.73504378366
 31
0.0
  0
MTEXT
  5
8D2
330
8CC
100
AcDbEntity
  8
0
 62
     7
100
AcDbMText
 10
26184.33097767579
 20
-11408.89866152575
 30
0.0
 40
2.5
 41
0.0
 46
0.0
 71
     5
 72
     1
  1
\A1;32
  7
DXT
 11
0.5974931327487237
 21
-0.801874027711408
 31
0.0
 73
     1
 44
1.0
  0
LINE
  5
8D3
330
8CC
100
AcDbEntity
  8
0
 62
     1
370
    -2
100
AcDbLine
 10
26185.06601454763
 20
-11413.81986925198
 30
0.0
 11
26184.11006055869
 21
-11412.53691781137
 31
0.0
  0
INSERT
  5
8D4
330
8CC
100
AcDbEntity
  8
0
 62
     1
370
    -2
100
AcDbBlockReference
  2
_Oblique
 10
26185.06601454763
 20
-11413.81986925198
 30
0.0
 50
126.6905666952747
  0
INSERT
  5
8D5
330
8CC
100
AcDbEntity
  8
0
 62
     1
370
    -2
100
AcDbBlockReference
  2
_Oblique
 10
26184.11006055869
 20
-11412.53691781137
 30
0.0
 50
306.6905666952747
  0
POINT
  5
8D6
330
8CC
100
AcDbEntity
  8
Defpoints
 62
     0
100
AcDbPoint
 10
26184.57543830816
 20
-11414.1854078828
 30
0.0
  0
POINT
  5
8D7
330
8CC
100
AcDbEntity
  8
Defpoints
 62
     0
100
AcDbPoint
 10
26183.61948431922
 20
-11412.90245644218
 30
0.0
  0
POINT
  5
8D8
330
8CC
100
AcDbEntity
  8
Defpoints
 62
     0
100
AcDbPoint
 10
26184.11006055869
 20
-11412.53691781137
 30
0.0
  0
ENDBLK
  5
8D9
330
8CC
100
AcDbEntity
  8
0
100
AcDbBlockEnd
  0
BLOCK
  5
8DC
330
8DB
100
AcDbEntity
  8
0
100
AcDbBlockBegin
  2
*D56
 70
     1
 10
0.0
 20
0.0
 30
0.0
  3
*D56
  1

  0
LINE
  5
8DD
330
8DB
100
AcDbEntity
  8
0
 62
     1
370
    -2
100
AcDbLine
 10
26144.07309044378
 20
-11412.9904216173
 30
0.0
 11
26143.5825142043
 21
-11412.62488298648
 31
0.0
  0
LINE
  5
8DE
330
8DB
100
AcDbEntity
  8
0
 62
     1
370
    -2
100
AcDbLine
 10
26145.02904443272
 20
-11411.70747017668
 30
0.0
 11
26144.53846819324
 21
-11411.34193154587
 31
0.0
  0
LINE
  5
8DF
330
8DB
100
AcDbEntity
  8
0
 62
     1
370
    -2
100
AcDbLine
 10
26145.18626225972
 20
-11413.81986925198
 30
0.0
 11
26144.58876912698
 21
-11414.62174327969
 31
0.0
  0
LINE
  5
8E0
330
8DB
100
AcDbEntity
  8
0
 62
     1
370
    -2
100
AcDbLine
 10
26146.14221624866
 20
-11412.53691781136
 30
0.0
 11
26146.73970938141
 21
-11411.73504378365
 31
0.0
  0
MTEXT
  5
8E1
330
8DB
100
AcDbEntity
  8
0
 62
     7
100
AcDbMText
 10
26145.92129913157
 20
-11408.89866152574
 30
0.0
 40
2.5
 41
0.0
 46
0.0
 71
     5
 72
     1
  1
\A1;32
  7
DXT
 11
0.5974931327487237
 21
0.801874027711408
 31
0.0
 73
     1
 44
1.0
  0
LINE
  5
8E2
330
8DB
100
AcDbEntity
  8
0
 62
     1
370
    -2
100
AcDbLine
 10
26145.18626225972
 20
-11413.81986925198
 30
0.0
 11
26146.14221624866
 21
-11412.53691781136
 31
0.0
  0
INSERT
  5
8E3
330
8DB
100
AcDbEntity
  8
0
 62
     1
370
    -2
100
AcDbBlockReference
  2
_Oblique
 10
26145.18626225972
 20
-11413.81986925198
 30
0.0
 50
53.3094333047253
  0
INSERT
  5
8E4
330
8DB
100
AcDbEntity
  8
0
 62
     1
370
    -2
100
AcDbBlockReference
  2
_Oblique
 10
26146.14221624866
 20
-11412.53691781136
 30
0.0
 50
233.3094333047253
  0
POINT
  5
8E5
330
8DB
100
AcDbEntity
  8
Defpoints
 62
     0
100
AcDbPoint
 10
26145.6768384992
 20
-11414.18540788279
 30
0.0
  0
POINT
  5
8E6
330
8DB
100
AcDbEntity
  8
Defpoints
 62
     0
100
AcDbPoint
 10
26146.63279248814
 20
-11412.90245644218
 30
0.0
  0
POINT
  5
8E7
330
8DB
100
AcDbEntity
  8
Defpoints
 62
     0
100
AcDbPoint
 10
26146.14221624866
 20
-11412.53691781136
 30
0.0
  0
ENDBLK
  5
8E8
330
8DB
100
AcDbEntity
  8
0
100
AcDbBlockEnd
  0
BLOCK
  5
924
330
923
100
AcDbEntity
  8
0
100
AcDbBlockBegin
  2
*D57
 70
     1
 10
0.0
 20
0.0
 30
0.0
  3
*D57
  1

  0
LINE
  5
925
330
923
100
AcDbEntity
  8
3
 62
     1
370
    -2
100
AcDbLine
 10
26543.63416930286
 20
-11221.14680875069
 30
0.0
 11
26536.46324867654
 21
-11221.14680875069
 31
0.0
  0
LINE
  5
926
330
923
100
AcDbEntity
  8
3
 62
     1
370
    -2
100
AcDbLine
 10
26543.63416930286
 20
-11211.54680875069
 30
0.0
 11
26536.46324867654
 21
-11211.54680875069
 31
0.0
  0
LINE
  5
927
330
923
100
AcDbEntity
  8
3
 62
     1
370
    -2
100
AcDbLine
 10
26538.46324867654
 20
-11221.14680875069
 30
0.0
 11
26538.46324867654
 21
-11211.54680875069
 31
0.0
  0
INSERT
  5
928
330
923
100
AcDbEntity
  8
3
 62
     1
370
    -2
100
AcDbBlockReference
  2
_Oblique
 10
26538.46324867654
 20
-11221.14680875069
 30
0.0
 50
270.0
  0
INSERT
  5
929
330
923
100
AcDbEntity
  8
3
 62
     1
370
    -2
100
AcDbBlockReference
  2
_Oblique
 10
26538.46324867654
 20
-11211.54680875069
 30
0.0
 50
90.0
  0
MTEXT
  5
92A
330
923
100
AcDbEntity
  8
3
 62
     7
100
AcDbMText
 10
26536.21324867655
 20
-11216.34680875068
 30
0.0
 40
2.5
 41
0.0
 46
0.0
 71
     5
 72
     1
  1
\A1;50
  7
DXT
 11
6.123031769111886E-17
 21
1.0
 31
0.0
 73
     1
 44
1.0
  0
POINT
  5
92B
330
923
100
AcDbEntity
  8
Defpoints
 62
     0
100
AcDbPoint
 10
26545.63416930286
 20
-11221.14680875069
 30
0.0
  0
POINT
  5
92C
330
923
100
AcDbEntity
  8
Defpoints
 62
     0
100
AcDbPoint
 10
26545.63416930286
 20
-11211.54680875069
 30
0.0
  0
POINT
  5
92D
330
923
100
AcDbEntity
  8
Defpoints
 62
     0
100
AcDbPoint
 10
26538.46324867654
 20
-11211.54680875069
 30
0.0
  0
ENDBLK
  5
92E
330
923
100
AcDbEntity
  8
0
100
AcDbBlockEnd
  0
BLOCK
  5
931
330
930
100
AcDbEntity
  8
0
100
AcDbBlockBegin
  2
*D58
 70
     1
 10
0.0
 20
0.0
 30
0.0
  3
*D58
  1

  0
LINE
  5
932
330
930
100
AcDbEntity
  8
3
 62
     1
370
    -2
100
AcDbLine
 10
26543.63416930286
 20
-11221.14680875069
 30
0.0
 11
26540.38935994786
 21
-11221.14680875069
 31
0.0
  0
LINE
  5
933
330
930
100
AcDbEntity
  8
3
 62
     1
370
    -2
100
AcDbLine
 10
26543.63416930286
 20
-11216.34680875069
 30
0.0
 11
26540.38935994786
 21
-11216.34680875069
 31
0.0
  0
LINE
  5
934
330
930
100
AcDbEntity
  8
3
 62
     1
370
    -2
100
AcDbLine
 10
26542.38935994786
 20
-11221.14680875069
 30
0.0
 11
26542.38935994786
 21
-11222.14680875069
 31
0.0
  0
LINE
  5
935
330
930
100
AcDbEntity
  8
3
 62
     1
370
    -2
100
AcDbLine
 10
26542.38935994786
 20
-11216.34680875069
 30
0.0
 11
26542.38935994786
 21
-11215.34680875069
 31
0.0
  0
LINE
  5
936
330
930
100
AcDbEntity
  8
3
 62
     1
370
    -2
100
AcDbLine
 10
26542.38935994786
 20
-11221.14680875069
 30
0.0
 11
26542.38935994786
 21
-11216.34680875069
 31
0.0
  0
INSERT
  5
937
330
930
100
AcDbEntity
  8
3
 62
     1
370
    -2
100
AcDbBlockReference
  2
_Oblique
 10
26542.38935994786
 20
-11221.14680875069
 30
0.0
 50
90.0
  0
INSERT
  5
938
330
930
100
AcDbEntity
  8
3
 62
     1
370
    -2
100
AcDbBlockReference
  2
_Oblique
 10
26542.38935994786
 20
-11216.34680875069
 30
0.0
 50
270.0
  0
MTEXT
  5
939
330
930
100
AcDbEntity
  8
3
 62
     7
100
AcDbMText
 10
26540.13935994786
 20
-11218.74680875068
 30
0.0
 40
2.5
 41
0.0
 46
0.0
 71
     5
 72
     1
  1
\A1;25
  7
DXT
 11
6.123031769111886E-17
 21
1.0
 31
0.0
 73
     1
 44
1.0
  0
POINT
  5
93A
330
930
100
AcDbEntity
  8
Defpoints
 62
     0
100
AcDbPoint
 10
26545.63416930286
 20
-11221.14680875069
 30
0.0
  0
POINT
  5
93B
330
930
100
AcDbEntity
  8
Defpoints
 62
     0
100
AcDbPoint
 10
26545.63416930286
 20
-11216.34680875069
 30
0.0
  0
POINT
  5
93C
330
930
100
AcDbEntity
  8
Defpoints
 62
     0
100
AcDbPoint
 10
26542.38935994786
 20
-11216.34680875069
 30
0.0
  0
ENDBLK
  5
93D
330
930
100
AcDbEntity
  8
0
100
AcDbBlockEnd
  0
BLOCK
  5
940
330
93F
100
AcDbEntity
  8
0
100
AcDbBlockBegin
  2
*D59
 70
     1
 10
0.0
 20
0.0
 30
0.0
  3
*D59
  1

  0
LINE
  5
941
330
93F
100
AcDbEntity
  8
3
 62
     1
370
    -2
100
AcDbLine
 10
26545.63416930286
 20
-11223.14680875069
 30
0.0
 11
26545.63416930286
 21
-11227.00250662559
 31
0.0
  0
LINE
  5
942
330
93F
100
AcDbEntity
  8
3
 62
     1
370
    -2
100
AcDbLine
 10
26550.43416930285
 20
-11223.14680875069
 30
0.0
 11
26550.43416930285
 21
-11227.00250662559
 31
0.0
  0
LINE
  5
943
330
93F
100
AcDbEntity
  8
3
 62
     1
370
    -2
100
AcDbLine
 10
26545.63416930286
 20
-11225.00250662559
 30
0.0
 11
26544.63416930286
 21
-11225.00250662559
 31
0.0
  0
LINE
  5
944
330
93F
100
AcDbEntity
  8
3
 62
     1
370
    -2
100
AcDbLine
 10
26550.43416930285
 20
-11225.00250662559
 30
0.0
 11
26551.43416930285
 21
-11225.00250662559
 31
0.0
  0
LINE
  5
945
330
93F
100
AcDbEntity
  8
3
 62
     1
370
    -2
100
AcDbLine
 10
26545.63416930286
 20
-11225.00250662559
 30
0.0
 11
26550.43416930285
 21
-11225.00250662559
 31
0.0
  0
INSERT
  5
946
330
93F
100
AcDbEntity
  8
3
 62
     1
370
    -2
100
AcDbBlockReference
  2
_Oblique
 10
26545.63416930286
 20
-11225.00250662559
 30
0.0
  0
INSERT
  5
947
330
93F
100
AcDbEntity
  8
3
 62
     1
370
    -2
100
AcDbBlockReference
  2
_Oblique
 10
26550.43416930285
 20
-11225.00250662559
 30
0.0
 50
180.0
  0
MTEXT
  5
948
330
93F
100
AcDbEntity
  8
3
 62
     7
100
AcDbMText
 10
26548.03416930285
 20
-11222.75250662559
 30
0.0
 40
2.5
 41
0.0
 46
0.0
 71
     5
 72
     1
  1
\A1;25
  7
DXT
 73
     1
 44
1.0
  0
POINT
  5
949
330
93F
100
AcDbEntity
  8
Defpoints
 62
     0
100
AcDbPoint
 10
26545.63416930286
 20
-11221.14680875069
 30
0.0
  0
POINT
  5
94A
330
93F
100
AcDbEntity
  8
Defpoints
 62
     0
100
AcDbPoint
 10
26550.43416930285
 20
-11221.14680875069
 30
0.0
  0
POINT
  5
94B
330
93F
100
AcDbEntity
  8
Defpoints
 62
     0
100
AcDbPoint
 10
26550.43416930285
 20
-11225.00250662559
 30
0.0
  0
ENDBLK
  5
94C
330
93F
100
AcDbEntity
  8
0
100
AcDbBlockEnd
  0
BLOCK
  5
94F
330
94E
100
AcDbEntity
  8
0
100
AcDbBlockBegin
  2
*D60
 70
     1
 10
0.0
 20
0.0
 30
0.0
  3
*D60
  1

  0
LINE
  5
950
330
94E
100
AcDbEntity
  8
3
 62
     1
370
    -2
100
AcDbLine
 10
26545.63416930286
 20
-11223.14680875069
 30
0.0
 11
26545.63416930286
 21
-11231.72251821064
 31
0.0
  0
LINE
  5
951
330
94E
100
AcDbEntity
  8
3
 62
     1
370
    -2
100
AcDbLine
 10
26555.23416930283
 20
-11223.14680875069
 30
0.0
 11
26555.23416930283
 21
-11231.72251821064
 31
0.0
  0
LINE
  5
952
330
94E
100
AcDbEntity
  8
3
 62
     1
370
    -2
100
AcDbLine
 10
26545.63416930286
 20
-11229.72251821064
 30
0.0
 11
26555.23416930283
 21
-11229.72251821064
 31
0.0
  0
INSERT
  5
953
330
94E
100
AcDbEntity
  8
3
 62
     1
370
    -2
100
AcDbBlockReference
  2
_Oblique
 10
26545.63416930286
 20
-11229.72251821064
 30
0.0
 50
180.0
  0
INSERT
  5
954
330
94E
100
AcDbEntity
  8
3
 62
     1
370
    -2
100
AcDbBlockReference
  2
_Oblique
 10
26555.23416930283
 20
-11229.72251821064
 30
0.0
  0
MTEXT
  5
955
330
94E
100
AcDbEntity
  8
3
 62
     7
100
AcDbMText
 10
26550.43416930285
 20
-11227.47251821064
 30
0.0
 40
2.5
 41
0.0
 46
0.0
 71
     5
 72
     1
  1
\A1;50
  7
DXT
 73
     1
 44
1.0
  0
POINT
  5
956
330
94E
100
AcDbEntity
  8
Defpoints
 62
     0
100
AcDbPoint
 10
26545.63416930286
 20
-11221.14680875069
 30
0.0
  0
POINT
  5
957
330
94E
100
AcDbEntity
  8
Defpoints
 62
     0
100
AcDbPoint
 10
26555.23416930283
 20
-11221.14680875069
 30
0.0
  0
POINT
  5
958
330
94E
100
AcDbEntity
  8
Defpoints
 62
     0
100
AcDbPoint
 10
26555.23416930283
 20
-11229.72251821064
 30
0.0
  0
ENDBLK
  5
959
330
94E
100
AcDbEntity
  8
0
100
AcDbBlockEnd
  0
BLOCK
  5
95C
330
95B
100
AcDbEntity
  8
0
100
AcDbBlockBegin
  2
*D61
 70
     1
 10
0.0
 20
0.0
 30
0.0
  3
*D61
  1

  0
LINE
  5
95D
330
95B
100
AcDbEntity
  8
3
 62
     1
370
    -2
100
AcDbLine
 10
26555.23416930283
 20
-11223.14680875069
 30
0.0
 11
26555.23416930283
 21
-11227.00250662559
 31
0.0
  0
LINE
  5
95E
330
95B
100
AcDbEntity
  8
3
 62
     1
370
    -2
100
AcDbLine
 10
26550.43416930285
 20
-11223.14680875069
 30
0.0
 11
26550.43416930285
 21
-11227.00250662559
 31
0.0
  0
LINE
  5
95F
330
95B
100
AcDbEntity
  8
3
 62
     1
370
    -2
100
AcDbLine
 10
26555.23416930283
 20
-11225.00250662559
 30
0.0
 11
26556.23416930283
 21
-11225.00250662559
 31
0.0
  0
LINE
  5
960
330
95B
100
AcDbEntity
  8
3
 62
     1
370
    -2
100
AcDbLine
 10
26550.43416930285
 20
-11225.00250662559
 30
0.0
 11
26549.43416930285
 21
-11225.00250662559
 31
0.0
  0
LINE
  5
961
330
95B
100
AcDbEntity
  8
3
 62
     1
370
    -2
100
AcDbLine
 10
26555.23416930283
 20
-11225.00250662559
 30
0.0
 11
26550.43416930285
 21
-11225.00250662559
 31
0.0
  0
INSERT
  5
962
330
95B
100
AcDbEntity
  8
3
 62
     1
370
    -2
100
AcDbBlockReference
  2
_Oblique
 10
26555.23416930283
 20
-11225.00250662559
 30
0.0
 50
180.0
  0
INSERT
  5
963
330
95B
100
AcDbEntity
  8
3
 62
     1
370
    -2
100
AcDbBlockReference
  2
_Oblique
 10
26550.43416930285
 20
-11225.00250662559
 30
0.0
  0
MTEXT
  5
964
330
95B
100
AcDbEntity
  8
3
 62
     7
100
AcDbMText
 10
26552.83416930284
 20
-11222.75250662559
 30
0.0
 40
2.5
 41
0.0
 46
0.0
 71
     5
 72
     1
  1
\A1;25
  7
DXT
 73
     1
 44
1.0
  0
POINT
  5
965
330
95B
100
AcDbEntity
  8
Defpoints
 62
     0
100
AcDbPoint
 10
26555.23416930283
 20
-11221.14680875069
 30
0.0
  0
POINT
  5
966
330
95B
100
AcDbEntity
  8
Defpoints
 62
     0
100
AcDbPoint
 10
26550.43416930285
 20
-11221.14680875069
 30
0.0
  0
POINT
  5
967
330
95B
100
AcDbEntity
  8
Defpoints
 62
     0
100
AcDbPoint
 10
26550.43416930285
 20
-11225.00250662559
 30
0.0
  0
ENDBLK
  5
968
330
95B
100
AcDbEntity
  8
0
100
AcDbBlockEnd
  0
BLOCK
  5
96F
330
96E
100
AcDbEntity
  8
0
100
AcDbBlockBegin
  2
*D62
 70
     1
 10
0.0
 20
0.0
 30
0.0
  3
*D62
  1

  0
LINE
  5
970
330
96E
100
AcDbEntity
  8
3
 62
     1
370
    -2
100
AcDbLine
 10
26543.63416930286
 20
-11211.54680875069
 30
0.0
 11
26540.38935994786
 21
-11211.54680875069
 31
0.0
  0
LINE
  5
971
330
96E
100
AcDbEntity
  8
3
 62
     1
370
    -2
100
AcDbLine
 10
26543.63416930286
 20
-11216.34680875069
 30
0.0
 11
26540.38935994786
 21
-11216.34680875069
 31
0.0
  0
LINE
  5
972
330
96E
100
AcDbEntity
  8
3
 62
     1
370
    -2
100
AcDbLine
 10
26542.38935994786
 20
-11211.54680875069
 30
0.0
 11
26542.38935994786
 21
-11210.54680875069
 31
0.0
  0
LINE
  5
973
330
96E
100
AcDbEntity
  8
3
 62
     1
370
    -2
100
AcDbLine
 10
26542.38935994786
 20
-11216.34680875069
 30
0.0
 11
26542.38935994786
 21
-11217.34680875069
 31
0.0
  0
LINE
  5
974
330
96E
100
AcDbEntity
  8
3
 62
     1
370
    -2
100
AcDbLine
 10
26542.38935994786
 20
-11211.54680875069
 30
0.0
 11
26542.38935994786
 21
-11216.34680875069
 31
0.0
  0
INSERT
  5
975
330
96E
100
AcDbEntity
  8
3
 62
     1
370
    -2
100
AcDbBlockReference
  2
_Oblique
 10
26542.38935994786
 20
-11211.54680875069
 30
0.0
 50
270.0
  0
INSERT
  5
976
330
96E
100
AcDbEntity
  8
3
 62
     1
370
    -2
100
AcDbBlockReference
  2
_Oblique
 10
26542.38935994786
 20
-11216.34680875069
 30
0.0
 50
90.0
  0
MTEXT
  5
977
330
96E
100
AcDbEntity
  8
3
 62
     7
100
AcDbMText
 10
26540.13935994786
 20
-11213.94680875068
 30
0.0
 40
2.5
 41
0.0
 46
0.0
 71
     5
 72
     1
  1
\A1;25
  7
DXT
 11
6.123031769111886E-17
 21
1.0
 31
0.0
 73
     1
 44
1.0
  0
POINT
  5
978
330
96E
100
AcDbEntity
  8
Defpoints
 62
     0
100
AcDbPoint
 10
26545.63416930286
 20
-11211.54680875069
 30
0.0
  0
POINT
  5
979
330
96E
100
AcDbEntity
  8
Defpoints
 62
     0
100
AcDbPoint
 10
26545.63416930286
 20
-11216.34680875069
 30
0.0
  0
POINT
  5
97A
330
96E
100
AcDbEntity
  8
Defpoints
 62
     0
100
AcDbPoint
 10
26542.38935994786
 20
-11216.34680875069
 30
0.0
  0
ENDBLK
  5
97B
330
96E
100
AcDbEntity
  8
0
100
AcDbBlockEnd
  0
BLOCK
  5
9E2
330
9E1
100
AcDbEntity
  8
0
100
AcDbBlockBegin
  2
*D63
 70
     1
 10
0.0
 20
0.0
 30
0.0
  3
*D63
  1

  0
LINE
  5
9E3
330
9E1
100
AcDbEntity
  8
3
 62
     1
370
    -2
100
AcDbLine
 10
26448.96170672881
 20
-11227.03866914506
 30
0.0
 11
26454.96170672882
 21
-11227.03866914506
 31
0.0
  0
LINE
  5
9E4
330
9E1
100
AcDbEntity
  8
3
 62
     1
370
    -2
100
AcDbLine
 10
26448.96170672881
 20
-11217.03866914506
 30
0.0
 11
26454.96170672882
 21
-11217.03866914506
 31
0.0
  0
LINE
  5
9E5
330
9E1
100
AcDbEntity
  8
3
 62
     1
370
    -2
100
AcDbLine
 10
26452.96170672882
 20
-11227.03866914506
 30
0.0
 11
26452.96170672882
 21
-11217.03866914506
 31
0.0
  0
INSERT
  5
9E6
330
9E1
100
AcDbEntity
  8
3
 62
     1
370
    -2
100
AcDbBlockReference
  2
_Oblique
 10
26452.96170672882
 20
-11227.03866914506
 30
0.0
 50
270.0
  0
INSERT
  5
9E7
330
9E1
100
AcDbEntity
  8
3
 62
     1
370
    -2
100
AcDbBlockReference
  2
_Oblique
 10
26452.96170672882
 20
-11217.03866914506
 30
0.0
 50
90.0
  0
MTEXT
  5
9E8
330
9E1
100
AcDbEntity
  8
3
 62
     7
100
AcDbMText
 10
26450.71170672882
 20
-11222.03866914505
 30
0.0
 40
2.5
 41
0.0
 46
0.0
 71
     5
 72
     1
  1
\A1;50
  7
DXT
 11
6.123031769111886E-17
 21
1.0
 31
0.0
 73
     1
 44
1.0
  0
POINT
  5
9E9
330
9E1
100
AcDbEntity
  8
Defpoints
 62
     0
100
AcDbPoint
 10
26446.96170672881
 20
-11227.03866914506
 30
0.0
  0
POINT
  5
9EA
330
9E1
100
AcDbEntity
  8
Defpoints
 62
     0
100
AcDbPoint
 10
26446.96170672881
 20
-11217.03866914506
 30
0.0
  0
POINT
  5
9EB
330
9E1
100
AcDbEntity
  8
Defpoints
 62
     0
100
AcDbPoint
 10
26452.96170672882
 20
-11217.03866914506
 30
0.0
  0
ENDBLK
  5
9EC
330
9E1
100
AcDbEntity
  8
0
100
AcDbBlockEnd
  0
BLOCK
  5
9EF
330
9EE
100
AcDbEntity
  8
0
100
AcDbBlockBegin
  2
*D64
 70
     1
 10
0.0
 20
0.0
 30
0.0
  3
*D64
  1

  0
LINE
  5
9F0
330
9EE
100
AcDbEntity
  8
3
 62
     1
370
    -2
100
AcDbLine
 10
26444.96170672881
 20
-11231.03866914506
 30
0.0
 11
26444.96170672881
 21
-11237.03866914506
 31
0.0
  0
LINE
  5
9F1
330
9EE
100
AcDbEntity
  8
3
 62
     1
370
    -2
100
AcDbLine
 10
26434.96170672881
 20
-11231.03866914506
 30
0.0
 11
26434.96170672881
 21
-11237.03866914506
 31
0.0
  0
LINE
  5
9F2
330
9EE
100
AcDbEntity
  8
3
 62
     1
370
    -2
100
AcDbLine
 10
26444.96170672881
 20
-11235.03866914506
 30
0.0
 11
26434.96170672881
 21
-11235.03866914506
 31
0.0
  0
INSERT
  5
9F3
330
9EE
100
AcDbEntity
  8
3
 62
     1
370
    -2
100
AcDbBlockReference
  2
_Oblique
 10
26444.96170672881
 20
-11235.03866914506
 30
0.0
  0
INSERT
  5
9F4
330
9EE
100
AcDbEntity
  8
3
 62
     1
370
    -2
100
AcDbBlockReference
  2
_Oblique
 10
26434.96170672881
 20
-11235.03866914506
 30
0.0
 50
180.0
  0
MTEXT
  5
9F5
330
9EE
100
AcDbEntity
  8
3
 62
     7
100
AcDbMText
 10
26439.96170672881
 20
-11232.78866914506
 30
0.0
 40
2.5
 41
0.0
 46
0.0
 71
     5
 72
     1
  1
\A1;50
  7
DXT
 73
     1
 44
1.0
  0
POINT
  5
9F6
330
9EE
100
AcDbEntity
  8
Defpoints
 62
     0
100
AcDbPoint
 10
26444.96170672881
 20
-11229.03866914506
 30
0.0
  0
POINT
  5
9F7
330
9EE
100
AcDbEntity
  8
Defpoints
 62
     0
100
AcDbPoint
 10
26434.96170672881
 20
-11229.03866914506
 30
0.0
  0
POINT
  5
9F8
330
9EE
100
AcDbEntity
  8
Defpoints
 62
     0
100
AcDbPoint
 10
26434.96170672881
 20
-11235.03866914506
 30
0.0
  0
ENDBLK
  5
9F9
330
9EE
100
AcDbEntity
  8
0
100
AcDbBlockEnd
  0
BLOCK
  5
A0A
330
A09
100
AcDbEntity
  8
0
100
AcDbBlockBegin
  2
*D65
 70
     1
 10
0.0
 20
0.0
 30
0.0
  3
*D65
  1

  0
LINE
  5
A0B
330
A09
100
AcDbEntity
  8
3
 62
     1
370
    -2
100
AcDbLine
 10
26424.96170672881
 20
-11231.03866914506
 30
0.0
 11
26424.96170672881
 21
-11237.03866914506
 31
0.0
  0
LINE
  5
A0C
330
A09
100
AcDbEntity
  8
3
 62
     1
370
    -2
100
AcDbLine
 10
26434.96170672881
 20
-11231.03866914506
 30
0.0
 11
26434.96170672881
 21
-11237.03866914506
 31
0.0
  0
LINE
  5
A0D
330
A09
100
AcDbEntity
  8
3
 62
     1
370
    -2
100
AcDbLine
 10
26424.96170672881
 20
-11235.03866914506
 30
0.0
 11
26434.96170672881
 21
-11235.03866914506
 31
0.0
  0
INSERT
  5
A0E
330
A09
100
AcDbEntity
  8
3
 62
     1
370
    -2
100
AcDbBlockReference
  2
_Oblique
 10
26424.96170672881
 20
-11235.03866914506
 30
0.0
 50
180.0
  0
INSERT
  5
A0F
330
A09
100
AcDbEntity
  8
3
 62
     1
370
    -2
100
AcDbBlockReference
  2
_Oblique
 10
26434.96170672881
 20
-11235.03866914506
 30
0.0
  0
MTEXT
  5
A10
330
A09
100
AcDbEntity
  8
3
 62
     7
100
AcDbMText
 10
26429.96170672881
 20
-11232.78866914506
 30
0.0
 40
2.5
 41
0.0
 46
0.0
 71
     5
 72
     1
  1
\A1;50
  7
DXT
 73
     1
 44
1.0
  0
POINT
  5
A11
330
A09
100
AcDbEntity
  8
Defpoints
 62
     0
100
AcDbPoint
 10
26424.96170672881
 20
-11229.03866914506
 30
0.0
  0
POINT
  5
A12
330
A09
100
AcDbEntity
  8
Defpoints
 62
     0
100
AcDbPoint
 10
26434.96170672881
 20
-11229.03866914506
 30
0.0
  0
POINT
  5
A13
330
A09
100
AcDbEntity
  8
Defpoints
 62
     0
100
AcDbPoint
 10
26434.96170672881
 20
-11235.03866914506
 30
0.0
  0
ENDBLK
  5
A14
330
A09
100
AcDbEntity
  8
0
100
AcDbBlockEnd
  0
BLOCK
  5
A17
330
A16
100
AcDbEntity
  8
0
100
AcDbBlockBegin
  2
*D66
 70
     1
 10
0.0
 20
0.0
 30
0.0
  3
*D66
  1

  0
LINE
  5
A18
330
A16
100
AcDbEntity
  8
3
 62
     1
370
    -2
100
AcDbLine
 10
26448.96170672881
 20
-11207.03866914507
 30
0.0
 11
26454.96170672882
 21
-11207.03866914507
 31
0.0
  0
LINE
  5
A19
330
A16
100
AcDbEntity
  8
3
 62
     1
370
    -2
100
AcDbLine
 10
26448.96170672881
 20
-11217.03866914507
 30
0.0
 11
26454.96170672882
 21
-11217.03866914507
 31
0.0
  0
LINE
  5
A1A
330
A16
100
AcDbEntity
  8
3
 62
     1
370
    -2
100
AcDbLine
 10
26452.96170672882
 20
-11207.03866914507
 30
0.0
 11
26452.96170672882
 21
-11217.03866914507
 31
0.0
  0
INSERT
  5
A1B
330
A16
100
AcDbEntity
  8
3
 62
     1
370
    -2
100
AcDbBlockReference
  2
_Oblique
 10
26452.96170672882
 20
-11207.03866914507
 30
0.0
 50
90.0
  0
INSERT
  5
A1C
330
A16
100
AcDbEntity
  8
3
 62
     1
370
    -2
100
AcDbBlockReference
  2
_Oblique
 10
26452.96170672882
 20
-11217.03866914507
 30
0.0
 50
270.0
  0
MTEXT
  5
A1D
330
A16
100
AcDbEntity
  8
3
 62
     7
100
AcDbMText
 10
26450.71170672882
 20
-11212.03866914506
 30
0.0
 40
2.5
 41
0.0
 46
0.0
 71
     5
 72
     1
  1
\A1;50
  7
DXT
 11
6.123031769111886E-17
 21
1.0
 31
0.0
 73
     1
 44
1.0
  0
POINT
  5
A1E
330
A16
100
AcDbEntity
  8
Defpoints
 62
     0
100
AcDbPoint
 10
26446.96170672881
 20
-11207.03866914507
 30
0.0
  0
POINT
  5
A1F
330
A16
100
AcDbEntity
  8
Defpoints
 62
     0
100
AcDbPoint
 10
26446.96170672881
 20
-11217.03866914507
 30
0.0
  0
POINT
  5
A20
330
A16
100
AcDbEntity
  8
Defpoints
 62
     0
100
AcDbPoint
 10
26452.96170672882
 20
-11217.03866914507
 30
0.0
  0
ENDBLK
  5
A21
330
A16
100
AcDbEntity
  8
0
100
AcDbBlockEnd
  0
BLOCK
  5
A76
330
A75
100
AcDbEntity
  8
0
100
AcDbBlockBegin
  2
*D67
 70
     1
 10
0.0
 20
0.0
 30
0.0
  3
*D67
  1

  0
LINE
  5
A77
330
A75
100
AcDbEntity
  8
3
 62
     1
370
    -2
100
AcDbLine
 10
26500.97022410531
 20
-11215.5173475703
 30
0.0
 11
26506.97022410531
 21
-11215.5173475703
 31
0.0
  0
LINE
  5
A78
330
A75
100
AcDbEntity
  8
3
 62
     1
370
    -2
100
AcDbLine
 10
26500.97022410531
 20
-11206.5173475703
 30
0.0
 11
26506.97022410531
 21
-11206.5173475703
 31
0.0
  0
LINE
  5
A79
330
A75
100
AcDbEntity
  8
3
 62
     1
370
    -2
100
AcDbLine
 10
26504.97022410531
 20
-11215.5173475703
 30
0.0
 11
26504.97022410531
 21
-11206.5173475703
 31
0.0
  0
INSERT
  5
A7A
330
A75
100
AcDbEntity
  8
3
 62
     1
370
    -2
100
AcDbBlockReference
  2
_Oblique
 10
26504.97022410531
 20
-11215.5173475703
 30
0.0
 50
270.0
  0
INSERT
  5
A7B
330
A75
100
AcDbEntity
  8
3
 62
     1
370
    -2
100
AcDbBlockReference
  2
_Oblique
 10
26504.97022410531
 20
-11206.5173475703
 30
0.0
 50
90.0
  0
MTEXT
  5
A7C
330
A75
100
AcDbEntity
  8
3
 62
     7
100
AcDbMText
 10
26502.72022410532
 20
-11211.0173475703
 30
0.0
 40
2.5
 41
0.0
 46
0.0
 71
     5
 72
     1
  1
\A1;45
  7
DXT
 11
6.123031769111886E-17
 21
1.0
 31
0.0
 73
     1
 44
1.0
  0
POINT
  5
A7D
330
A75
100
AcDbEntity
  8
Defpoints
 62
     0
100
AcDbPoint
 10
26498.97022410531
 20
-11215.5173475703
 30
0.0
  0
POINT
  5
A7E
330
A75
100
AcDbEntity
  8
Defpoints
 62
     0
100
AcDbPoint
 10
26498.97022410531
 20
-11206.5173475703
 30
0.0
  0
POINT
  5
A7F
330
A75
100
AcDbEntity
  8
Defpoints
 62
     0
100
AcDbPoint
 10
26504.97022410531
 20
-11206.5173475703
 30
0.0
  0
ENDBLK
  5
A80
330
A75
100
AcDbEntity
  8
0
100
AcDbBlockEnd
  0
BLOCK
  5
A83
330
A82
100
AcDbEntity
  8
0
100
AcDbBlockBegin
  2
*D68
 70
     1
 10
0.0
 20
0.0
 30
0.0
  3
*D68
  1

  0
LINE
  5
A84
330
A82
100
AcDbEntity
  8
3
 62
     1
370
    -2
100
AcDbLine
 10
26500.97022410531
 20
-11224.5173475703
 30
0.0
 11
26506.97022410531
 21
-11224.5173475703
 31
0.0
  0
LINE
  5
A85
330
A82
100
AcDbEntity
  8
3
 62
     1
370
    -2
100
AcDbLine
 10
26500.97022410531
 20
-11215.5173475703
 30
0.0
 11
26506.97022410531
 21
-11215.5173475703
 31
0.0
  0
LINE
  5
A86
330
A82
100
AcDbEntity
  8
3
 62
     1
370
    -2
100
AcDbLine
 10
26504.97022410531
 20
-11224.5173475703
 30
0.0
 11
26504.97022410531
 21
-11215.5173475703
 31
0.0
  0
INSERT
  5
A87
330
A82
100
AcDbEntity
  8
3
 62
     1
370
    -2
100
AcDbBlockReference
  2
_Oblique
 10
26504.97022410531
 20
-11224.5173475703
 30
0.0
 50
270.0
  0
INSERT
  5
A88
330
A82
100
AcDbEntity
  8
3
 62
     1
370
    -2
100
AcDbBlockReference
  2
_Oblique
 10
26504.97022410531
 20
-11215.5173475703
 30
0.0
 50
90.0
  0
MTEXT
  5
A89
330
A82
100
AcDbEntity
  8
3
 62
     7
100
AcDbMText
 10
26502.72022410532
 20
-11220.0173475703
 30
0.0
 40
2.5
 41
0.0
 46
0.0
 71
     5
 72
     1
  1
\A1;45
  7
DXT
 11
6.123031769111886E-17
 21
1.0
 31
0.0
 73
     1
 44
1.0
  0
POINT
  5
A8A
330
A82
100
AcDbEntity
  8
Defpoints
 62
     0
100
AcDbPoint
 10
26498.97022410531
 20
-11224.5173475703
 30
0.0
  0
POINT
  5
A8B
330
A82
100
AcDbEntity
  8
Defpoints
 62
     0
100
AcDbPoint
 10
26498.97022410531
 20
-11215.5173475703
 30
0.0
  0
POINT
  5
A8C
330
A82
100
AcDbEntity
  8
Defpoints
 62
     0
100
AcDbPoint
 10
26504.97022410531
 20
-11215.5173475703
 30
0.0
  0
ENDBLK
  5
A8D
330
A82
100
AcDbEntity
  8
0
100
AcDbBlockEnd
  0
BLOCK
  5
A90
330
A8F
100
AcDbEntity
  8
0
100
AcDbBlockBegin
  2
*D69
 70
     1
 10
0.0
 20
0.0
 30
0.0
  3
*D69
  1

  0
LINE
  5
A91
330
A8F
100
AcDbEntity
  8
3
 62
     1
370
    -2
100
AcDbLine
 10
26487.97022410531
 20
-11228.5173475703
 30
0.0
 11
26487.97022410531
 21
-11234.5173475703
 31
0.0
  0
LINE
  5
A92
330
A8F
100
AcDbEntity
  8
3
 62
     1
370
    -2
100
AcDbLine
 10
26478.97022410531
 20
-11228.5173475703
 30
0.0
 11
26478.97022410531
 21
-11234.5173475703
 31
0.0
  0
LINE
  5
A93
330
A8F
100
AcDbEntity
  8
3
 62
     1
370
    -2
100
AcDbLine
 10
26487.97022410531
 20
-11232.5173475703
 30
0.0
 11
26478.97022410531
 21
-11232.5173475703
 31
0.0
  0
INSERT
  5
A94
330
A8F
100
AcDbEntity
  8
3
 62
     1
370
    -2
100
AcDbBlockReference
  2
_Oblique
 10
26487.97022410531
 20
-11232.5173475703
 30
0.0
  0
INSERT
  5
A95
330
A8F
100
AcDbEntity
  8
3
 62
     1
370
    -2
100
AcDbBlockReference
  2
_Oblique
 10
26478.97022410531
 20
-11232.5173475703
 30
0.0
 50
180.0
  0
MTEXT
  5
A96
330
A8F
100
AcDbEntity
  8
3
 62
     7
100
AcDbMText
 10
26483.47022410531
 20
-11230.2673475703
 30
0.0
 40
2.5
 41
0.0
 46
0.0
 71
     5
 72
     1
  1
\A1;45
  7
DXT
 73
     1
 44
1.0
  0
POINT
  5
A97
330
A8F
100
AcDbEntity
  8
Defpoints
 62
     0
100
AcDbPoint
 10
26487.97022410531
 20
-11226.5173475703
 30
0.0
  0
POINT
  5
A98
330
A8F
100
AcDbEntity
  8
Defpoints
 62
     0
100
AcDbPoint
 10
26478.97022410531
 20
-11226.5173475703
 30
0.0
  0
POINT
  5
A99
330
A8F
100
AcDbEntity
  8
Defpoints
 62
     0
100
AcDbPoint
 10
26478.97022410531
 20
-11232.5173475703
 30
0.0
  0
ENDBLK
  5
A9A
330
A8F
100
AcDbEntity
  8
0
100
AcDbBlockEnd
  0
BLOCK
  5
A9D
330
A9C
100
AcDbEntity
  8
0
100
AcDbBlockBegin
  2
*D70
 70
     1
 10
0.0
 20
0.0
 30
0.0
  3
*D70
  1

  0
LINE
  5
A9E
330
A9C
100
AcDbEntity
  8
3
 62
     1
370
    -2
100
AcDbLine
 10
26496.97022410531
 20
-11228.5173475703
 30
0.0
 11
26496.97022410531
 21
-11234.5173475703
 31
0.0
  0
LINE
  5
A9F
330
A9C
100
AcDbEntity
  8
3
 62
     1
370
    -2
100
AcDbLine
 10
26487.97022410531
 20
-11228.5173475703
 30
0.0
 11
26487.97022410531
 21
-11234.5173475703
 31
0.0
  0
LINE
  5
AA0
330
A9C
100
AcDbEntity
  8
3
 62
     1
370
    -2
100
AcDbLine
 10
26496.97022410531
 20
-11232.5173475703
 30
0.0
 11
26487.97022410531
 21
-11232.5173475703
 31
0.0
  0
INSERT
  5
AA1
330
A9C
100
AcDbEntity
  8
3
 62
     1
370
    -2
100
AcDbBlockReference
  2
_Oblique
 10
26496.97022410531
 20
-11232.5173475703
 30
0.0
  0
INSERT
  5
AA2
330
A9C
100
AcDbEntity
  8
3
 62
     1
370
    -2
100
AcDbBlockReference
  2
_Oblique
 10
26487.97022410531
 20
-11232.5173475703
 30
0.0
 50
180.0
  0
MTEXT
  5
AA3
330
A9C
100
AcDbEntity
  8
3
 62
     7
100
AcDbMText
 10
26492.47022410531
 20
-11230.2673475703
 30
0.0
 40
2.5
 41
0.0
 46
0.0
 71
     5
 72
     1
  1
\A1;45
  7
DXT
 73
     1
 44
1.0
  0
POINT
  5
AA4
330
A9C
100
AcDbEntity
  8
Defpoints
 62
     0
100
AcDbPoint
 10
26496.97022410531
 20
-11226.5173475703
 30
0.0
  0
POINT
  5
AA5
330
A9C
100
AcDbEntity
  8
Defpoints
 62
     0
100
AcDbPoint
 10
26487.97022410531
 20
-11226.5173475703
 30
0.0
  0
POINT
  5
AA6
330
A9C
100
AcDbEntity
  8
Defpoints
 62
     0
100
AcDbPoint
 10
26487.97022410531
 20
-11232.5173475703
 30
0.0
  0
ENDBLK
  5
AA7
330
A9C
100
AcDbEntity
  8
0
100
AcDbBlockEnd
  0
BLOCK
  5
ABF
330
ABE
100
AcDbEntity
  8
0
100
AcDbBlockBegin
  2
*D71
 70
     1
 10
0.0
 20
0.0
 30
0.0
  3
*D71
  1

  0
LINE
  5
AC0
330
ABE
100
AcDbEntity
  8
3
 62
     1
370
    -2
100
AcDbLine
 10
26338.13010914003
 20
-11175.25318462084
 30
0.0
 11
26331.33010914003
 21
-11175.25318462084
 31
0.0
  0
LINE
  5
AC1
330
ABE
100
AcDbEntity
  8
3
 62
     1
370
    -2
100
AcDbLine
 10
26337.33010914003
 20
-11172.25318457614
 30
0.0
 11
26331.33010914003
 21
-11172.25318457614
 31
0.0
  0
LINE
  5
AC2
330
ABE
100
AcDbEntity
  8
3
 62
     1
370
    -2
100
AcDbLine
 10
26333.33010914003
 20
-11175.25318462084
 30
0.0
 11
26333.33010914003
 21
-11176.25318462084
 31
0.0
  0
LINE
  5
AC3
330
ABE
100
AcDbEntity
  8
3
 62
     1
370
    -2
100
AcDbLine
 10
26333.33010914003
 20
-11172.25318457614
 30
0.0
 11
26333.33010914003
 21
-11171.25318457614
 31
0.0
  0
LINE
  5
AC4
330
ABE
100
AcDbEntity
  8
3
 62
     1
370
    -2
100
AcDbLine
 10
26333.33010914003
 20
-11175.25318462084
 30
0.0
 11
26333.33010914003
 21
-11172.25318457614
 31
0.0
  0
INSERT
  5
AC5
330
ABE
100
AcDbEntity
  8
3
 62
     1
370
    -2
100
AcDbBlockReference
  2
_Oblique
 10
26333.33010914003
 20
-11175.25318462084
 30
0.0
 50
90.0
  0
INSERT
  5
AC6
330
ABE
100
AcDbEntity
  8
3
 62
     1
370
    -2
100
AcDbBlockReference
  2
_Oblique
 10
26333.33010914003
 20
-11172.25318457614
 30
0.0
 50
270.0
  0
MTEXT
  5
AC7
330
ABE
100
AcDbEntity
  8
3
 62
     7
100
AcDbMText
 10
26331.08010914004
 20
-11173.75318459849
 30
0.0
 40
2.5
 41
0.0
 46
0.0
 71
     5
 72
     1
  1
\A1;30
  7
DXT
 11
6.123031769111886E-17
 21
1.0
 31
0.0
 73
     1
 44
1.0
  0
POINT
  5
AC8
330
ABE
100
AcDbEntity
  8
Defpoints
 62
     0
100
AcDbPoint
 10
26340.13010914003
 20
-11175.25318462084
 30
0.0
  0
POINT
  5
AC9
330
ABE
100
AcDbEntity
  8
Defpoints
 62
     0
100
AcDbPoint
 10
26339.33010914003
 20
-11172.25318457614
 30
0.0
  0
POINT
  5
ACA
330
ABE
100
AcDbEntity
  8
Defpoints
 62
     0
100
AcDbPoint
 10
26333.33010914003
 20
-11172.25318457614
 30
0.0
  0
ENDBLK
  5
ACB
330
ABE
100
AcDbEntity
  8
0
100
AcDbBlockEnd
  0
BLOCK
  5
ACE
330
ACD
100
AcDbEntity
  8
0
100
AcDbBlockBegin
  2
*D72
 70
     1
 10
0.0
 20
0.0
 30
0.0
  3
*D72
  1

  0
LINE
  5
ACF
330
ACD
100
AcDbEntity
  8
3
 62
     1
370
    -2
100
AcDbLine
 10
26338.13010914003
 20
-11193.25318488907
 30
0.0
 11
26331.33010914003
 21
-11193.25318488907
 31
0.0
  0
LINE
  5
AD0
330
ACD
100
AcDbEntity
  8
3
 62
     1
370
    -2
100
AcDbLine
 10
26338.13010914003
 20
-11175.25318462084
 30
0.0
 11
26331.33010914003
 21
-11175.25318462084
 31
0.0
  0
LINE
  5
AD1
330
ACD
100
AcDbEntity
  8
3
 62
     1
370
    -2
100
AcDbLine
 10
26333.33010914003
 20
-11193.25318488907
 30
0.0
 11
26333.33010914003
 21
-11175.25318462084
 31
0.0
  0
INSERT
  5
AD2
330
ACD
100
AcDbEntity
  8
3
 62
     1
370
    -2
100
AcDbBlockReference
  2
_Oblique
 10
26333.33010914003
 20
-11193.25318488907
 30
0.0
 50
270.0
  0
INSERT
  5
AD3
330
ACD
100
AcDbEntity
  8
3
 62
     1
370
    -2
100
AcDbBlockReference
  2
_Oblique
 10
26333.33010914003
 20
-11175.25318462084
 30
0.0
 50
90.0
  0
MTEXT
  5
AD4
330
ACD
100
AcDbEntity
  8
3
 62
     7
100
AcDbMText
 10
26331.08010914004
 20
-11184.25318475495
 30
0.0
 40
2.5
 41
0.0
 46
0.0
 71
     5
 72
     1
  1
\A1;3X60
  7
DXT
 11
6.123031769111886E-17
 21
1.0
 31
0.0
 73
     1
 44
1.0
  0
POINT
  5
AD5
330
ACD
100
AcDbEntity
  8
Defpoints
 62
     0
100
AcDbPoint
 10
26340.13010914003
 20
-11193.25318488907
 30
0.0
  0
POINT
  5
AD6
330
ACD
100
AcDbEntity
  8
Defpoints
 62
     0
100
AcDbPoint
 10
26340.13010914003
 20
-11175.25318462084
 30
0.0
  0
POINT
  5
AD7
330
ACD
100
AcDbEntity
  8
Defpoints
 62
     0
100
AcDbPoint
 10
26333.33010914003
 20
-11175.25318462084
 30
0.0
  0
ENDBLK
  5
AD8
330
ACD
100
AcDbEntity
  8
0
100
AcDbBlockEnd
  0
BLOCK
  5
ADB
330
ADA
100
AcDbEntity
  8
0
100
AcDbBlockBegin
  2
*D73
 70
     1
 10
0.0
 20
0.0
 30
0.0
  3
*D73
  1

  0
LINE
  5
ADC
330
ADA
100
AcDbEntity
  8
3
 62
     1
370
    -2
100
AcDbLine
 10
26338.13010914003
 20
-11203.25318503808
 30
0.0
 11
26331.33010914003
 21
-11203.25318503808
 31
0.0
  0
LINE
  5
ADD
330
ADA
100
AcDbEntity
  8
3
 62
     1
370
    -2
100
AcDbLine
 10
26338.13010914003
 20
-11193.25318488907
 30
0.0
 11
26331.33010914003
 21
-11193.25318488907
 31
0.0
  0
LINE
  5
ADE
330
ADA
100
AcDbEntity
  8
3
 62
     1
370
    -2
100
AcDbLine
 10
26333.33010914003
 20
-11203.25318503808
 30
0.0
 11
26333.33010914003
 21
-11193.25318488907
 31
0.0
  0
INSERT
  5
ADF
330
ADA
100
AcDbEntity
  8
3
 62
     1
370
    -2
100
AcDbBlockReference
  2
_Oblique
 10
26333.33010914003
 20
-11203.25318503808
 30
0.0
 50
270.0
  0
INSERT
  5
AE0
330
ADA
100
AcDbEntity
  8
3
 62
     1
370
    -2
100
AcDbBlockReference
  2
_Oblique
 10
26333.33010914003
 20
-11193.25318488907
 30
0.0
 50
90.0
  0
MTEXT
  5
AE1
330
ADA
100
AcDbEntity
  8
3
 62
     7
100
AcDbMText
 10
26331.08010914004
 20
-11198.25318496357
 30
0.0
 40
2.5
 41
0.0
 46
0.0
 71
     5
 72
     1
  1
\A1;100
  7
DXT
 11
6.123031769111886E-17
 21
1.0
 31
0.0
 73
     1
 44
1.0
  0
POINT
  5
AE2
330
ADA
100
AcDbEntity
  8
Defpoints
 62
     0
100
AcDbPoint
 10
26340.13010914003
 20
-11203.25318503808
 30
0.0
  0
POINT
  5
AE3
330
ADA
100
AcDbEntity
  8
Defpoints
 62
     0
100
AcDbPoint
 10
26340.13010914003
 20
-11193.25318488907
 30
0.0
  0
POINT
  5
AE4
330
ADA
100
AcDbEntity
  8
Defpoints
 62
     0
100
AcDbPoint
 10
26333.33010914003
 20
-11193.25318488907
 30
0.0
  0
ENDBLK
  5
AE5
330
ADA
100
AcDbEntity
  8
0
100
AcDbBlockEnd
  0
BLOCK
  5
AE8
330
AE7
100
AcDbEntity
  8
0
100
AcDbBlockBegin
  2
*D74
 70
     1
 10
0.0
 20
0.0
 30
0.0
  3
*D74
  1

  0
LINE
  5
AE9
330
AE7
100
AcDbEntity
  8
3
 62
     1
370
    -2
100
AcDbLine
 10
26338.13010914003
 20
-11224.25318503808
 30
0.0
 11
26331.33010914003
 21
-11224.25318503808
 31
0.0
  0
LINE
  5
AEA
330
AE7
100
AcDbEntity
  8
3
 62
     1
370
    -2
100
AcDbLine
 10
26338.13010914003
 20
-11203.25318503808
 30
0.0
 11
26331.33010914003
 21
-11203.25318503808
 31
0.0
  0
LINE
  5
AEB
330
AE7
100
AcDbEntity
  8
3
 62
     1
370
    -2
100
AcDbLine
 10
26333.33010914003
 20
-11224.25318503808
 30
0.0
 11
26333.33010914003
 21
-11203.25318503808
 31
0.0
  0
INSERT
  5
AEC
330
AE7
100
AcDbEntity
  8
3
 62
     1
370
    -2
100
AcDbBlockReference
  2
_Oblique
 10
26333.33010914003
 20
-11224.25318503808
 30
0.0
 50
270.0
  0
INSERT
  5
AED
330
AE7
100
AcDbEntity
  8
3
 62
     1
370
    -2
100
AcDbBlockReference
  2
_Oblique
 10
26333.33010914003
 20
-11203.25318503808
 30
0.0
 50
90.0
  0
MTEXT
  5
AEE
330
AE7
100
AcDbEntity
  8
3
 62
     7
100
AcDbMText
 10
26331.08010914004
 20
-11213.75318503807
 30
0.0
 40
2.5
 41
0.0
 46
0.0
 71
     5
 72
     1
  1
\A1;3X70
  7
DXT
 11
6.123031769111886E-17
 21
1.0
 31
0.0
 73
     1
 44
1.0
  0
POINT
  5
AEF
330
AE7
100
AcDbEntity
  8
Defpoints
 62
     0
100
AcDbPoint
 10
26340.13010914003
 20
-11224.25318503808
 30
0.0
  0
POINT
  5
AF0
330
AE7
100
AcDbEntity
  8
Defpoints
 62
     0
100
AcDbPoint
 10
26340.13010914003
 20
-11203.25318503808
 30
0.0
  0
POINT
  5
AF1
330
AE7
100
AcDbEntity
  8
Defpoints
 62
     0
100
AcDbPoint
 10
26333.33010914003
 20
-11203.25318503808
 30
0.0
  0
ENDBLK
  5
AF2
330
AE7
100
AcDbEntity
  8
0
100
AcDbBlockEnd
  0
BLOCK
  5
AF5
330
AF4
100
AcDbEntity
  8
0
100
AcDbBlockBegin
  2
*D75
 70
     1
 10
0.0
 20
0.0
 30
0.0
  3
*D75
  1

  0
LINE
  5
AF6
330
AF4
100
AcDbEntity
  8
3
 62
     1
370
    -2
100
AcDbLine
 10
26337.33010914003
 20
-11230.75318503807
 30
0.0
 11
26331.33010914003
 21
-11230.75318503807
 31
0.0
  0
LINE
  5
AF7
330
AF4
100
AcDbEntity
  8
3
 62
     1
370
    -2
100
AcDbLine
 10
26338.13010914003
 20
-11224.25318503808
 30
0.0
 11
26331.33010914003
 21
-11224.25318503808
 31
0.0
  0
LINE
  5
AF8
330
AF4
100
AcDbEntity
  8
3
 62
     1
370
    -2
100
AcDbLine
 10
26333.33010914003
 20
-11230.75318503807
 30
0.0
 11
26333.33010914003
 21
-11224.25318503808
 31
0.0
  0
INSERT
  5
AF9
330
AF4
100
AcDbEntity
  8
3
 62
     1
370
    -2
100
AcDbBlockReference
  2
_Oblique
 10
26333.33010914003
 20
-11230.75318503807
 30
0.0
 50
270.0
  0
INSERT
  5
AFA
330
AF4
100
AcDbEntity
  8
3
 62
     1
370
    -2
100
AcDbBlockReference
  2
_Oblique
 10
26333.33010914003
 20
-11224.25318503808
 30
0.0
 50
90.0
  0
MTEXT
  5
AFB
330
AF4
100
AcDbEntity
  8
3
 62
     7
100
AcDbMText
 10
26331.08010914004
 20
-11227.50318503807
 30
0.0
 40
2.5
 41
0.0
 46
0.0
 71
     5
 72
     1
  1
\A1;65
  7
DXT
 11
6.123031769111886E-17
 21
1.0
 31
0.0
 73
     1
 44
1.0
  0
POINT
  5
AFC
330
AF4
100
AcDbEntity
  8
Defpoints
 62
     0
100
AcDbPoint
 10
26339.33010914003
 20
-11230.75318503807
 30
0.0
  0
POINT
  5
AFD
330
AF4
100
AcDbEntity
  8
Defpoints
 62
     0
100
AcDbPoint
 10
26340.13010914003
 20
-11224.25318503808
 30
0.0
  0
POINT
  5
AFE
330
AF4
100
AcDbEntity
  8
Defpoints
 62
     0
100
AcDbPoint
 10
26333.33010914003
 20
-11224.25318503808
 30
0.0
  0
ENDBLK
  5
AFF
330
AF4
100
AcDbEntity
  8
0
100
AcDbBlockEnd
  0
BLOCK
  5
B02
330
B01
100
AcDbEntity
  8
0
100
AcDbBlockBegin
  2
*D76
 70
     1
 10
0.0
 20
0.0
 30
0.0
  3
*D76
  1

  0
LINE
  5
B03
330
B01
100
AcDbEntity
  8
3
 62
     1
370
    -2
100
AcDbLine
 10
26359.33010914003
 20
-11230.75318503807
 30
0.0
 11
26371.1282720187
 21
-11230.75318503807
 31
0.0
  0
LINE
  5
B04
330
B01
100
AcDbEntity
  8
3
 62
     1
370
    -2
100
AcDbLine
 10
26359.33010914003
 20
-11172.25318457614
 30
0.0
 11
26371.1282720187
 21
-11172.25318457614
 31
0.0
  0
LINE
  5
B05
330
B01
100
AcDbEntity
  8
3
 62
     1
370
    -2
100
AcDbLine
 10
26369.1282720187
 20
-11230.75318503807
 30
0.0
 11
26369.1282720187
 21
-11172.25318457614
 31
0.0
  0
INSERT
  5
B06
330
B01
100
AcDbEntity
  8
3
 62
     1
370
    -2
100
AcDbBlockReference
  2
_Oblique
 10
26369.1282720187
 20
-11230.75318503807
 30
0.0
 50
270.0
  0
INSERT
  5
B07
330
B01
100
AcDbEntity
  8
3
 62
     1
370
    -2
100
AcDbBlockReference
  2
_Oblique
 10
26369.1282720187
 20
-11172.25318457614
 30
0.0
 50
90.0
  0
MTEXT
  5
B08
330
B01
100
AcDbEntity
  8
3
 62
     7
100
AcDbMText
 10
26366.8782720187
 20
-11201.5031848071
 30
0.0
 40
2.5
 41
0.0
 46
0.0
 71
     5
 72
     1
  1
\A1;585
  7
DXT
 11
6.123031769111886E-17
 21
1.0
 31
0.0
 73
     1
 44
1.0
  0
POINT
  5
B09
330
B01
100
AcDbEntity
  8
Defpoints
 62
     0
100
AcDbPoint
 10
26357.33010914003
 20
-11230.75318503807
 30
0.0
  0
POINT
  5
B0A
330
B01
100
AcDbEntity
  8
Defpoints
 62
     0
100
AcDbPoint
 10
26357.33010914003
 20
-11172.25318457614
 30
0.0
  0
POINT
  5
B0B
330
B01
100
AcDbEntity
  8
Defpoints
 62
     0
100
AcDbPoint
 10
26369.1282720187
 20
-11172.25318457614
 30
0.0
  0
ENDBLK
  5
B0C
330
B01
100
AcDbEntity
  8
0
100
AcDbBlockEnd
  0
BLOCK
  5
B0F
330
B0E
100
AcDbEntity
  8
0
100
AcDbBlockBegin
  2
*D77
 70
     1
 10
0.0
 20
0.0
 30
0.0
  3
*D77
  1

  0
LINE
  5
B10
330
B0E
100
AcDbEntity
  8
3
 62
     1
370
    -2
100
AcDbLine
 10
26342.63010914003
 20
-11232.75318503808
 30
0.0
 11
26342.63010914003
 21
-11239.75318503807
 31
0.0
  0
LINE
  5
B11
330
B0E
100
AcDbEntity
  8
3
 62
     1
370
    -2
100
AcDbLine
 10
26348.33010914005
 20
-11232.75318503807
 30
0.0
 11
26348.33010914005
 21
-11239.75318503807
 31
0.0
  0
LINE
  5
B12
330
B0E
100
AcDbEntity
  8
3
 62
     1
370
    -2
100
AcDbLine
 10
26342.63010914003
 20
-11237.75318503807
 30
0.0
 11
26348.33010914005
 21
-11237.75318503807
 31
0.0
  0
INSERT
  5
B13
330
B0E
100
AcDbEntity
  8
3
 62
     1
370
    -2
100
AcDbBlockReference
  2
_Oblique
 10
26342.63010914003
 20
-11237.75318503807
 30
0.0
 50
180.0
  0
INSERT
  5
B14
330
B0E
100
AcDbEntity
  8
3
 62
     1
370
    -2
100
AcDbBlockReference
  2
_Oblique
 10
26348.33010914005
 20
-11237.75318503807
 30
0.0
  0
MTEXT
  5
B15
330
B0E
100
AcDbEntity
  8
3
 62
     7
100
AcDbMText
 10
26345.48010914004
 20
-11235.50318503807
 30
0.0
 40
2.5
 41
0.0
 46
0.0
 71
     5
 72
     1
  1
\A1;58
  7
DXT
 73
     1
 44
1.0
  0
POINT
  5
B16
330
B0E
100
AcDbEntity
  8
Defpoints
 62
     0
100
AcDbPoint
 10
26342.63010914003
 20
-11230.75318503808
 30
0.0
  0
POINT
  5
B17
330
B0E
100
AcDbEntity
  8
Defpoints
 62
     0
100
AcDbPoint
 10
26348.33010914005
 20
-11230.75318503807
 30
0.0
  0
POINT
  5
B18
330
B0E
100
AcDbEntity
  8
Defpoints
 62
     0
100
AcDbPoint
 10
26348.33010914005
 20
-11237.75318503807
 30
0.0
  0
ENDBLK
  5
B19
330
B0E
100
AcDbEntity
  8
0
100
AcDbBlockEnd
  0
BLOCK
  5
B1C
330
B1B
100
AcDbEntity
  8
0
100
AcDbBlockBegin
  2
*D78
 70
     1
 10
0.0
 20
0.0
 30
0.0
  3
*D78
  1

  0
LINE
  5
B1D
330
B1B
100
AcDbEntity
  8
3
 62
     1
370
    -2
100
AcDbLine
 10
26338.33010914005
 20
-11232.75318503808
 30
0.0
 11
26338.33010914005
 21
-11239.75318503807
 31
0.0
  0
LINE
  5
B1E
330
B1B
100
AcDbEntity
  8
3
 62
     1
370
    -2
100
AcDbLine
 10
26342.63010914003
 20
-11232.75318503808
 30
0.0
 11
26342.63010914003
 21
-11239.75318503807
 31
0.0
  0
LINE
  5
B1F
330
B1B
100
AcDbEntity
  8
3
 62
     1
370
    -2
100
AcDbLine
 10
26338.33010914005
 20
-11237.75318503807
 30
0.0
 11
26337.33010914005
 21
-11237.75318503807
 31
0.0
  0
LINE
  5
B20
330
B1B
100
AcDbEntity
  8
3
 62
     1
370
    -2
100
AcDbLine
 10
26342.63010914003
 20
-11237.75318503807
 30
0.0
 11
26343.63010914003
 21
-11237.75318503807
 31
0.0
  0
LINE
  5
B21
330
B1B
100
AcDbEntity
  8
3
 62
     1
370
    -2
100
AcDbLine
 10
26338.33010914005
 20
-11237.75318503807
 30
0.0
 11
26342.63010914003
 21
-11237.75318503807
 31
0.0
  0
INSERT
  5
B22
330
B1B
100
AcDbEntity
  8
3
 62
     1
370
    -2
100
AcDbBlockReference
  2
_Oblique
 10
26338.33010914005
 20
-11237.75318503807
 30
0.0
  0
INSERT
  5
B23
330
B1B
100
AcDbEntity
  8
3
 62
     1
370
    -2
100
AcDbBlockReference
  2
_Oblique
 10
26342.63010914003
 20
-11237.75318503807
 30
0.0
 50
180.0
  0
MTEXT
  5
B24
330
B1B
100
AcDbEntity
  8
3
 62
     7
100
AcDbMText
 10
26340.48010914004
 20
-11235.50318503807
 30
0.0
 40
2.5
 41
0.0
 46
0.0
 71
     5
 72
     1
  1
\A1;42
  7
DXT
 73
     1
 44
1.0
  0
POINT
  5
B25
330
B1B
100
AcDbEntity
  8
Defpoints
 62
     0
100
AcDbPoint
 10
26338.33010914005
 20
-11230.75318503808
 30
0.0
  0
POINT
  5
B26
330
B1B
100
AcDbEntity
  8
Defpoints
 62
     0
100
AcDbPoint
 10
26342.63010914003
 20
-11230.75318503808
 30
0.0
  0
POINT
  5
B27
330
B1B
100
AcDbEntity
  8
Defpoints
 62
     0
100
AcDbPoint
 10
26342.63010914003
 20
-11237.75318503807
 30
0.0
  0
ENDBLK
  5
B28
330
B1B
100
AcDbEntity
  8
0
100
AcDbBlockEnd
  0
BLOCK
  5
B47
330
B46
100
AcDbEntity
  8
0
100
AcDbBlockBegin
  2
*D79
 70
     1
 10
0.0
 20
0.0
 30
0.0
  3
*D79
  1

  0
LINE
  5
B48
330
B46
100
AcDbEntity
  8
3
 62
     1
370
    -2
100
AcDbLine
 10
26358.53010914003
 20
-11178.25318462084
 30
0.0
 11
26365.33010914003
 21
-11178.25318462084
 31
0.0
  0
LINE
  5
B49
330
B46
100
AcDbEntity
  8
3
 62
     1
370
    -2
100
AcDbLine
 10
26359.33010914003
 20
-11172.25318457614
 30
0.0
 11
26365.33010914003
 21
-11172.25318457614
 31
0.0
  0
LINE
  5
B4A
330
B46
100
AcDbEntity
  8
3
 62
     1
370
    -2
100
AcDbLine
 10
26363.33010914003
 20
-11178.25318462084
 30
0.0
 11
26363.33010914003
 21
-11172.25318457614
 31
0.0
  0
INSERT
  5
B4B
330
B46
100
AcDbEntity
  8
3
 62
     1
370
    -2
100
AcDbBlockReference
  2
_Oblique
 10
26363.33010914003
 20
-11178.25318462084
 30
0.0
 50
270.0
  0
INSERT
  5
B4C
330
B46
100
AcDbEntity
  8
3
 62
     1
370
    -2
100
AcDbBlockReference
  2
_Oblique
 10
26363.33010914003
 20
-11172.25318457614
 30
0.0
 50
90.0
  0
MTEXT
  5
B4D
330
B46
100
AcDbEntity
  8
3
 62
     7
100
AcDbMText
 10
26361.08010914004
 20
-11175.25318459849
 30
0.0
 40
2.5
 41
0.0
 46
0.0
 71
     5
 72
     1
  1
\A1;60
  7
DXT
 11
6.123031769111886E-17
 21
1.0
 31
0.0
 73
     1
 44
1.0
  0
POINT
  5
B4E
330
B46
100
AcDbEntity
  8
Defpoints
 62
     0
100
AcDbPoint
 10
26356.53010914003
 20
-11178.25318462084
 30
0.0
  0
POINT
  5
B4F
330
B46
100
AcDbEntity
  8
Defpoints
 62
     0
100
AcDbPoint
 10
26357.33010914003
 20
-11172.25318457614
 30
0.0
  0
POINT
  5
B50
330
B46
100
AcDbEntity
  8
Defpoints
 62
     0
100
AcDbPoint
 10
26363.33010914003
 20
-11172.25318457614
 30
0.0
  0
ENDBLK
  5
B51
330
B46
100
AcDbEntity
  8
0
100
AcDbBlockEnd
  0
BLOCK
  5
B54
330
B53
100
AcDbEntity
  8
0
100
AcDbBlockBegin
  2
*D80
 70
     1
 10
0.0
 20
0.0
 30
0.0
  3
*D80
  1

  0
LINE
  5
B55
330
B53
100
AcDbEntity
  8
3
 62
     1
370
    -2
100
AcDbLine
 10
26358.53010914003
 20
-11196.25318488907
 30
0.0
 11
26365.33010914003
 21
-11196.25318488907
 31
0.0
  0
LINE
  5
B56
330
B53
100
AcDbEntity
  8
3
 62
     1
370
    -2
100
AcDbLine
 10
26358.53010914003
 20
-11178.25318462084
 30
0.0
 11
26365.33010914003
 21
-11178.25318462084
 31
0.0
  0
LINE
  5
B57
330
B53
100
AcDbEntity
  8
3
 62
     1
370
    -2
100
AcDbLine
 10
26363.33010914003
 20
-11196.25318488907
 30
0.0
 11
26363.33010914003
 21
-11178.25318462084
 31
0.0
  0
INSERT
  5
B58
330
B53
100
AcDbEntity
  8
3
 62
     1
370
    -2
100
AcDbBlockReference
  2
_Oblique
 10
26363.33010914003
 20
-11196.25318488907
 30
0.0
 50
270.0
  0
INSERT
  5
B59
330
B53
100
AcDbEntity
  8
3
 62
     1
370
    -2
100
AcDbBlockReference
  2
_Oblique
 10
26363.33010914003
 20
-11178.25318462084
 30
0.0
 50
90.0
  0
MTEXT
  5
B5A
330
B53
100
AcDbEntity
  8
3
 62
     7
100
AcDbMText
 10
26361.08010914004
 20
-11187.25318475495
 30
0.0
 40
2.5
 41
0.0
 46
0.0
 71
     5
 72
     1
  1
\A1;3X60
  7
DXT
 11
6.123031769111886E-17
 21
1.0
 31
0.0
 73
     1
 44
1.0
  0
POINT
  5
B5B
330
B53
100
AcDbEntity
  8
Defpoints
 62
     0
100
AcDbPoint
 10
26356.53010914003
 20
-11196.25318488907
 30
0.0
  0
POINT
  5
B5C
330
B53
100
AcDbEntity
  8
Defpoints
 62
     0
100
AcDbPoint
 10
26356.53010914003
 20
-11178.25318462084
 30
0.0
  0
POINT
  5
B5D
330
B53
100
AcDbEntity
  8
Defpoints
 62
     0
100
AcDbPoint
 10
26363.33010914003
 20
-11178.25318462084
 30
0.0
  0
ENDBLK
  5
B5E
330
B53
100
AcDbEntity
  8
0
100
AcDbBlockEnd
  0
BLOCK
  5
B61
330
B60
100
AcDbEntity
  8
0
100
AcDbBlockBegin
  2
*D81
 70
     1
 10
0.0
 20
0.0
 30
0.0
  3
*D81
  1

  0
LINE
  5
B62
330
B60
100
AcDbEntity
  8
3
 62
     1
370
    -2
100
AcDbLine
 10
26358.53010914003
 20
-11206.75318503808
 30
0.0
 11
26365.33010914003
 21
-11206.75318503808
 31
0.0
  0
LINE
  5
B63
330
B60
100
AcDbEntity
  8
3
 62
     1
370
    -2
100
AcDbLine
 10
26358.53010914003
 20
-11196.25318488907
 30
0.0
 11
26365.33010914003
 21
-11196.25318488907
 31
0.0
  0
LINE
  5
B64
330
B60
100
AcDbEntity
  8
3
 62
     1
370
    -2
100
AcDbLine
 10
26363.33010914003
 20
-11206.75318503808
 30
0.0
 11
26363.33010914003
 21
-11196.25318488907
 31
0.0
  0
INSERT
  5
B65
330
B60
100
AcDbEntity
  8
3
 62
     1
370
    -2
100
AcDbBlockReference
  2
_Oblique
 10
26363.33010914003
 20
-11206.75318503808
 30
0.0
 50
270.0
  0
INSERT
  5
B66
330
B60
100
AcDbEntity
  8
3
 62
     1
370
    -2
100
AcDbBlockReference
  2
_Oblique
 10
26363.33010914003
 20
-11196.25318488907
 30
0.0
 50
90.0
  0
MTEXT
  5
B67
330
B60
100
AcDbEntity
  8
3
 62
     7
100
AcDbMText
 10
26361.08010914004
 20
-11201.50318496357
 30
0.0
 40
2.5
 41
0.0
 46
0.0
 71
     5
 72
     1
  1
\A1;105
  7
DXT
 11
6.123031769111886E-17
 21
1.0
 31
0.0
 73
     1
 44
1.0
  0
POINT
  5
B68
330
B60
100
AcDbEntity
  8
Defpoints
 62
     0
100
AcDbPoint
 10
26356.53010914003
 20
-11206.75318503808
 30
0.0
  0
POINT
  5
B69
330
B60
100
AcDbEntity
  8
Defpoints
 62
     0
100
AcDbPoint
 10
26356.53010914003
 20
-11196.25318488907
 30
0.0
  0
POINT
  5
B6A
330
B60
100
AcDbEntity
  8
Defpoints
 62
     0
100
AcDbPoint
 10
26363.33010914003
 20
-11196.25318488907
 30
0.0
  0
ENDBLK
  5
B6B
330
B60
100
AcDbEntity
  8
0
100
AcDbBlockEnd
  0
BLOCK
  5
B6E
330
B6D
100
AcDbEntity
  8
0
100
AcDbBlockBegin
  2
*D82
 70
     1
 10
0.0
 20
0.0
 30
0.0
  3
*D82
  1

  0
LINE
  5
B6F
330
B6D
100
AcDbEntity
  8
3
 62
     1
370
    -2
100
AcDbLine
 10
26358.53010914006
 20
-11227.71808810528
 30
0.0
 11
26365.33010914003
 21
-11227.71808810528
 31
0.0
  0
LINE
  5
B70
330
B6D
100
AcDbEntity
  8
3
 62
     1
370
    -2
100
AcDbLine
 10
26358.53010914003
 20
-11206.75318503808
 30
0.0
 11
26365.33010914003
 21
-11206.75318503808
 31
0.0
  0
LINE
  5
B71
330
B6D
100
AcDbEntity
  8
3
 62
     1
370
    -2
100
AcDbLine
 10
26363.33010914003
 20
-11227.71808810528
 30
0.0
 11
26363.33010914003
 21
-11206.75318503808
 31
0.0
  0
INSERT
  5
B72
330
B6D
100
AcDbEntity
  8
3
 62
     1
370
    -2
100
AcDbBlockReference
  2
_Oblique
 10
26363.33010914003
 20
-11227.71808810528
 30
0.0
 50
270.0
  0
INSERT
  5
B73
330
B6D
100
AcDbEntity
  8
3
 62
     1
370
    -2
100
AcDbBlockReference
  2
_Oblique
 10
26363.33010914003
 20
-11206.75318503808
 30
0.0
 50
90.0
  0
MTEXT
  5
B74
330
B6D
100
AcDbEntity
  8
3
 62
     7
100
AcDbMText
 10
26361.08010914004
 20
-11217.23563657168
 30
0.0
 40
2.5
 41
0.0
 46
0.0
 71
     5
 72
     1
  1
\A1;3X70
  7
DXT
 11
6.123031769111886E-17
 21
1.0
 31
0.0
 73
     1
 44
1.0
  0
POINT
  5
B75
330
B6D
100
AcDbEntity
  8
Defpoints
 62
     0
100
AcDbPoint
 10
26356.53010914006
 20
-11227.71808810528
 30
0.0
  0
POINT
  5
B76
330
B6D
100
AcDbEntity
  8
Defpoints
 62
     0
100
AcDbPoint
 10
26356.53010914003
 20
-11206.75318503808
 30
0.0
  0
POINT
  5
B77
330
B6D
100
AcDbEntity
  8
Defpoints
 62
     0
100
AcDbPoint
 10
26363.33010914003
 20
-11206.75318503808
 30
0.0
  0
ENDBLK
  5
B78
330
B6D
100
AcDbEntity
  8
0
100
AcDbBlockEnd
  0
BLOCK
  5
B7B
330
B7A
100
AcDbEntity
  8
0
100
AcDbBlockBegin
  2
*D83
 70
     1
 10
0.0
 20
0.0
 30
0.0
  3
*D83
  1

  0
LINE
  5
B7C
330
B7A
100
AcDbEntity
  8
3
 62
     1
370
    -2
100
AcDbLine
 10
26359.33010914006
 20
-11230.71808819469
 30
0.0
 11
26365.33010914006
 21
-11230.71808819469
 31
0.0
  0
LINE
  5
B7D
330
B7A
100
AcDbEntity
  8
3
 62
     1
370
    -2
100
AcDbLine
 10
26358.53010914006
 20
-11227.71808810528
 30
0.0
 11
26365.33010914006
 21
-11227.71808810528
 31
0.0
  0
LINE
  5
B7E
330
B7A
100
AcDbEntity
  8
3
 62
     1
370
    -2
100
AcDbLine
 10
26363.33010914006
 20
-11230.71808819469
 30
0.0
 11
26363.33010914006
 21
-11231.71808819469
 31
0.0
  0
LINE
  5
B7F
330
B7A
100
AcDbEntity
  8
3
 62
     1
370
    -2
100
AcDbLine
 10
26363.33010914006
 20
-11227.71808810528
 30
0.0
 11
26363.33010914006
 21
-11226.71808810528
 31
0.0
  0
LINE
  5
B80
330
B7A
100
AcDbEntity
  8
3
 62
     1
370
    -2
100
AcDbLine
 10
26363.33010914006
 20
-11230.71808819469
 30
0.0
 11
26363.33010914006
 21
-11227.71808810528
 31
0.0
  0
INSERT
  5
B81
330
B7A
100
AcDbEntity
  8
3
 62
     1
370
    -2
100
AcDbBlockReference
  2
_Oblique
 10
26363.33010914006
 20
-11230.71808819469
 30
0.0
 50
90.0
  0
INSERT
  5
B82
330
B7A
100
AcDbEntity
  8
3
 62
     1
370
    -2
100
AcDbBlockReference
  2
_Oblique
 10
26363.33010914006
 20
-11227.71808810528
 30
0.0
 50
270.0
  0
MTEXT
  5
B83
330
B7A
100
AcDbEntity
  8
3
 62
     7
100
AcDbMText
 10
26361.08010914007
 20
-11229.21808814998
 30
0.0
 40
2.5
 41
0.0
 46
0.0
 71
     5
 72
     1
  1
\A1;30
  7
DXT
 11
6.123031769111886E-17
 21
1.0
 31
0.0
 73
     1
 44
1.0
  0
POINT
  5
B84
330
B7A
100
AcDbEntity
  8
Defpoints
 62
     0
100
AcDbPoint
 10
26357.33010914006
 20
-11230.71808819469
 30
0.0
  0
POINT
  5
B85
330
B7A
100
AcDbEntity
  8
Defpoints
 62
     0
100
AcDbPoint
 10
26356.53010914006
 20
-11227.71808810528
 30
0.0
  0
POINT
  5
B86
330
B7A
100
AcDbEntity
  8
Defpoints
 62
     0
100
AcDbPoint
 10
26363.33010914006
 20
-11227.71808810528
 30
0.0
  0
ENDBLK
  5
B87
330
B7A
100
AcDbEntity
  8
0
100
AcDbBlockEnd
  0
BLOCK
  5
B8A
330
B89
100
AcDbEntity
  8
0
100
AcDbBlockBegin
  2
*D84
 70
     1
 10
0.0
 20
0.0
 30
0.0
  3
*D84
  1

  0
LINE
  5
B8B
330
B89
100
AcDbEntity
  8
3
 62
     1
370
    -2
100
AcDbLine
 10
26343.13010914003
 20
-11170.25318457614
 30
0.0
 11
26343.13010914003
 21
-11167.25318453144
 31
0.0
  0
LINE
  5
B8C
330
B89
100
AcDbEntity
  8
3
 62
     1
370
    -2
100
AcDbLine
 10
26348.33010914003
 20
-11174.25318453144
 30
0.0
 11
26348.33010914003
 21
-11167.25318453144
 31
0.0
  0
LINE
  5
B8D
330
B89
100
AcDbEntity
  8
3
 62
     1
370
    -2
100
AcDbLine
 10
26343.13010914003
 20
-11169.25318453144
 30
0.0
 11
26348.33010914003
 21
-11169.25318453144
 31
0.0
  0
INSERT
  5
B8E
330
B89
100
AcDbEntity
  8
3
 62
     1
370
    -2
100
AcDbBlockReference
  2
_Oblique
 10
26343.13010914003
 20
-11169.25318453144
 30
0.0
 50
180.0
  0
INSERT
  5
B8F
330
B89
100
AcDbEntity
  8
3
 62
     1
370
    -2
100
AcDbBlockReference
  2
_Oblique
 10
26348.33010914003
 20
-11169.25318453144
 30
0.0
  0
MTEXT
  5
B90
330
B89
100
AcDbEntity
  8
3
 62
     7
100
AcDbMText
 10
26345.73010914003
 20
-11167.00318453144
 30
0.0
 40
2.5
 41
0.0
 46
0.0
 71
     5
 72
     1
  1
\A1;43
  7
DXT
 73
     1
 44
1.0
  0
POINT
  5
B91
330
B89
100
AcDbEntity
  8
Defpoints
 62
     0
100
AcDbPoint
 10
26343.13010914003
 20
-11172.25318457614
 30
0.0
  0
POINT
  5
B92
330
B89
100
AcDbEntity
  8
Defpoints
 62
     0
100
AcDbPoint
 10
26348.33010914003
 20
-11176.25318453144
 30
0.0
  0
POINT
  5
B93
330
B89
100
AcDbEntity
  8
Defpoints
 62
     0
100
AcDbPoint
 10
26348.33010914003
 20
-11169.25318453144
 30
0.0
  0
ENDBLK
  5
B94
330
B89
100
AcDbEntity
  8
0
100
AcDbBlockEnd
  0
BLOCK
  5
B97
330
B96
100
AcDbEntity
  8
0
100
AcDbBlockBegin
  2
*D85
 70
     1
 10
0.0
 20
0.0
 30
0.0
  3
*D85
  1

  0
LINE
  5
B98
330
B96
100
AcDbEntity
  8
3
 62
     1
370
    -2
100
AcDbLine
 10
26353.53010914003
 20
-11170.25318457614
 30
0.0
 11
26353.53010914003
 21
-11167.25318453144
 31
0.0
  0
LINE
  5
B99
330
B96
100
AcDbEntity
  8
3
 62
     1
370
    -2
100
AcDbLine
 10
26348.33010914003
 20
-11174.25318453144
 30
0.0
 11
26348.33010914003
 21
-11167.25318453144
 31
0.0
  0
LINE
  5
B9A
330
B96
100
AcDbEntity
  8
3
 62
     1
370
    -2
100
AcDbLine
 10
26353.53010914003
 20
-11169.25318453144
 30
0.0
 11
26348.33010914003
 21
-11169.25318453144
 31
0.0
  0
INSERT
  5
B9B
330
B96
100
AcDbEntity
  8
3
 62
     1
370
    -2
100
AcDbBlockReference
  2
_Oblique
 10
26353.53010914003
 20
-11169.25318453144
 30
0.0
  0
INSERT
  5
B9C
330
B96
100
AcDbEntity
  8
3
 62
     1
370
    -2
100
AcDbBlockReference
  2
_Oblique
 10
26348.33010914003
 20
-11169.25318453144
 30
0.0
 50
180.0
  0
MTEXT
  5
B9D
330
B96
100
AcDbEntity
  8
3
 62
     7
100
AcDbMText
 10
26350.93010914003
 20
-11167.00318453144
 30
0.0
 40
2.5
 41
0.0
 46
0.0
 71
     5
 72
     1
  1
\A1;43
  7
DXT
 73
     1
 44
1.0
  0
POINT
  5
B9E
330
B96
100
AcDbEntity
  8
Defpoints
 62
     0
100
AcDbPoint
 10
26353.53010914003
 20
-11172.25318457614
 30
0.0
  0
POINT
  5
B9F
330
B96
100
AcDbEntity
  8
Defpoints
 62
     0
100
AcDbPoint
 10
26348.33010914003
 20
-11176.25318453144
 30
0.0
  0
POINT
  5
BA0
330
B96
100
AcDbEntity
  8
Defpoints
 62
     0
100
AcDbPoint
 10
26348.33010914003
 20
-11169.25318453144
 30
0.0
  0
ENDBLK
  5
BA1
330
B96
100
AcDbEntity
  8
0
100
AcDbBlockEnd
  0
BLOCK
  5
BA4
330
BA3
100
AcDbEntity
  8
0
100
AcDbBlockBegin
  2
*D86
 70
     1
 10
0.0
 20
0.0
 30
0.0
  3
*D86
  1

  0
LINE
  5
BA5
330
BA3
100
AcDbEntity
  8
3
 62
     1
370
    -2
100
AcDbLine
 10
26338.33010914003
 20
-11174.25318453143
 30
0.0
 11
26338.33010914003
 21
-11167.25318453144
 31
0.0
  0
LINE
  5
BA6
330
BA3
100
AcDbEntity
  8
3
 62
     1
370
    -2
100
AcDbLine
 10
26343.13010914003
 20
-11170.25318457614
 30
0.0
 11
26343.13010914003
 21
-11167.25318453144
 31
0.0
  0
LINE
  5
BA7
330
BA3
100
AcDbEntity
  8
3
 62
     1
370
    -2
100
AcDbLine
 10
26338.33010914003
 20
-11169.25318453144
 30
0.0
 11
26337.33010914003
 21
-11169.25318453144
 31
0.0
  0
LINE
  5
BA8
330
BA3
100
AcDbEntity
  8
3
 62
     1
370
    -2
100
AcDbLine
 10
26343.13010914003
 20
-11169.25318453144
 30
0.0
 11
26344.13010914003
 21
-11169.25318453144
 31
0.0
  0
LINE
  5
BA9
330
BA3
100
AcDbEntity
  8
3
 62
     1
370
    -2
100
AcDbLine
 10
26338.33010914003
 20
-11169.25318453144
 30
0.0
 11
26343.13010914003
 21
-11169.25318453144
 31
0.0
  0
INSERT
  5
BAA
330
BA3
100
AcDbEntity
  8
3
 62
     1
370
    -2
100
AcDbBlockReference
  2
_Oblique
 10
26338.33010914003
 20
-11169.25318453144
 30
0.0
  0
INSERT
  5
BAB
330
BA3
100
AcDbEntity
  8
3
 62
     1
370
    -2
100
AcDbBlockReference
  2
_Oblique
 10
26343.13010914003
 20
-11169.25318453144
 30
0.0
 50
180.0
  0
MTEXT
  5
BAC
330
BA3
100
AcDbEntity
  8
3
 62
     7
100
AcDbMText
 10
26340.73010914003
 20
-11167.00318453144
 30
0.0
 40
2.5
 41
0.0
 46
0.0
 71
     5
 72
     1
  1
\A1;47
  7
DXT
 73
     1
 44
1.0
  0
POINT
  5
BAD
330
BA3
100
AcDbEntity
  8
Defpoints
 62
     0
100
AcDbPoint
 10
26338.33010914003
 20
-11176.25318453143
 30
0.0
  0
POINT
  5
BAE
330
BA3
100
AcDbEntity
  8
Defpoints
 62
     0
100
AcDbPoint
 10
26343.13010914003
 20
-11172.25318457614
 30
0.0
  0
POINT
  5
BAF
330
BA3
100
AcDbEntity
  8
Defpoints
 62
     0
100
AcDbPoint
 10
26343.13010914003
 20
-11169.25318453144
 30
0.0
  0
ENDBLK
  5
BB0
330
BA3
100
AcDbEntity
  8
0
100
AcDbBlockEnd
  0
BLOCK
  5
BB3
330
BB2
100
AcDbEntity
  8
0
100
AcDbBlockBegin
  2
*D87
 70
     1
 10
0.0
 20
0.0
 30
0.0
  3
*D87
  1

  0
LINE
  5
BB4
330
BB2
100
AcDbEntity
  8
3
 62
     1
370
    -2
100
AcDbLine
 10
26358.33010914003
 20
-11170.25318457614
 30
0.0
 11
26358.33010914003
 21
-11167.25318453144
 31
0.0
  0
LINE
  5
BB5
330
BB2
100
AcDbEntity
  8
3
 62
     1
370
    -2
100
AcDbLine
 10
26353.53010914003
 20
-11170.25318457614
 30
0.0
 11
26353.53010914003
 21
-11167.25318453144
 31
0.0
  0
LINE
  5
BB6
330
BB2
100
AcDbEntity
  8
3
 62
     1
370
    -2
100
AcDbLine
 10
26358.33010914003
 20
-11169.25318453144
 30
0.0
 11
26359.33010914003
 21
-11169.25318453144
 31
0.0
  0
LINE
  5
BB7
330
BB2
100
AcDbEntity
  8
3
 62
     1
370
    -2
100
AcDbLine
 10
26353.53010914003
 20
-11169.25318453144
 30
0.0
 11
26352.53010914003
 21
-11169.25318453144
 31
0.0
  0
LINE
  5
BB8
330
BB2
100
AcDbEntity
  8
3
 62
     1
370
    -2
100
AcDbLine
 10
26358.33010914003
 20
-11169.25318453144
 30
0.0
 11
26353.53010914003
 21
-11169.25318453144
 31
0.0
  0
INSERT
  5
BB9
330
BB2
100
AcDbEntity
  8
3
 62
     1
370
    -2
100
AcDbBlockReference
  2
_Oblique
 10
26358.33010914003
 20
-11169.25318453144
 30
0.0
 50
180.0
  0
INSERT
  5
BBA
330
BB2
100
AcDbEntity
  8
3
 62
     1
370
    -2
100
AcDbBlockReference
  2
_Oblique
 10
26353.53010914003
 20
-11169.25318453144
 30
0.0
  0
MTEXT
  5
BBB
330
BB2
100
AcDbEntity
  8
3
 62
     7
100
AcDbMText
 10
26355.93010914003
 20
-11167.00318453144
 30
0.0
 40
2.5
 41
0.0
 46
0.0
 71
     5
 72
     1
  1
\A1;47
  7
DXT
 73
     1
 44
1.0
  0
POINT
  5
BBC
330
BB2
100
AcDbEntity
  8
Defpoints
 62
     0
100
AcDbPoint
 10
26358.33010914003
 20
-11172.25318457614
 30
0.0
  0
POINT
  5
BBD
330
BB2
100
AcDbEntity
  8
Defpoints
 62
     0
100
AcDbPoint
 10
26353.53010914003
 20
-11172.25318457614
 30
0.0
  0
POINT
  5
BBE
330
BB2
100
AcDbEntity
  8
Defpoints
 62
     0
100
AcDbPoint
 10
26353.53010914003
 20
-11169.25318453144
 30
0.0
  0
ENDBLK
  5
BBF
330
BB2
100
AcDbEntity
  8
0
100
AcDbBlockEnd
  0
BLOCK
  5
BCF
330
BCE
100
AcDbEntity
  8
0
100
AcDbBlockBegin
  2
*D88
 70
     1
 10
0.0
 20
0.0
 30
0.0
  3
*D88
  1

  0
LINE
  5
BD0
330
BCE
100
AcDbEntity
  8
0
 62
     1
370
    -2
100
AcDbLine
 10
26348.33010914002
 20
-11170.25318457614
 30
0.0
 11
26348.33010914002
 21
-11161.45811499834
 31
0.0
  0
LINE
  5
BD1
330
BCE
100
AcDbEntity
  8
0
 62
     1
370
    -2
100
AcDbLine
 10
26358.33010914002
 20
-11170.25318457614
 30
0.0
 11
26358.33010914002
 21
-11161.45811499834
 31
0.0
  0
LINE
  5
BD2
330
BCE
100
AcDbEntity
  8
0
 62
     1
370
    -2
100
AcDbLine
 10
26348.33010914002
 20
-11163.45811499834
 30
0.0
 11
26358.33010914002
 21
-11163.45811499834
 31
0.0
  0
INSERT
  5
BD3
330
BCE
100
AcDbEntity
  8
0
 62
     1
370
    -2
100
AcDbBlockReference
  2
_Oblique
 10
26348.33010914002
 20
-11163.45811499834
 30
0.0
 50
180.0
  0
INSERT
  5
BD4
330
BCE
100
AcDbEntity
  8
0
 62
     1
370
    -2
100
AcDbBlockReference
  2
_Oblique
 10
26358.33010914002
 20
-11163.45811499834
 30
0.0
  0
MTEXT
  5
BD5
330
BCE
100
AcDbEntity
  8
0
 62
     7
100
AcDbMText
 10
26353.33010914002
 20
-11161.20811499834
 30
0.0
 40
2.5
 41
0.0
 46
0.0
 71
     5
 72
     1
  1
\A1;100
  7
DXT
 73
     1
 44
1.0
  0
POINT
  5
BD6
330
BCE
100
AcDbEntity
  8
Defpoints
 62
     0
100
AcDbPoint
 10
26348.33010914002
 20
-11172.25318457614
 30
0.0
  0
POINT
  5
BD7
330
BCE
100
AcDbEntity
  8
Defpoints
 62
     0
100
AcDbPoint
 10
26358.33010914002
 20
-11172.25318457614
 30
0.0
  0
POINT
  5
BD8
330
BCE
100
AcDbEntity
  8
Defpoints
 62
     0
100
AcDbPoint
 10
26358.33010914002
 20
-11163.45811499834
 30
0.0
  0
ENDBLK
  5
BD9
330
BCE
100
AcDbEntity
  8
0
100
AcDbBlockEnd
  0
BLOCK
  5
BE2
330
BE1
100
AcDbEntity
  8
0
100
AcDbBlockBegin
  2
*D89
 70
     1
 10
0.0
 20
0.0
 30
0.0
  3
*D89
  1

  0
LINE
  5
BE3
330
BE1
100
AcDbEntity
  8
3
 62
     1
370
    -2
100
AcDbLine
 10
26354.03010914003
 20
-11232.75318503807
 30
0.0
 11
26354.03010914003
 21
-11239.75318503807
 31
0.0
  0
LINE
  5
BE4
330
BE1
100
AcDbEntity
  8
3
 62
     1
370
    -2
100
AcDbLine
 10
26348.33010914006
 20
-11232.75318503807
 30
0.0
 11
26348.33010914006
 21
-11239.75318503807
 31
0.0
  0
LINE
  5
BE5
330
BE1
100
AcDbEntity
  8
3
 62
     1
370
    -2
100
AcDbLine
 10
26354.03010914003
 20
-11237.75318503807
 30
0.0
 11
26348.33010914006
 21
-11237.75318503807
 31
0.0
  0
INSERT
  5
BE6
330
BE1
100
AcDbEntity
  8
3
 62
     1
370
    -2
100
AcDbBlockReference
  2
_Oblique
 10
26354.03010914003
 20
-11237.75318503807
 30
0.0
  0
INSERT
  5
BE7
330
BE1
100
AcDbEntity
  8
3
 62
     1
370
    -2
100
AcDbBlockReference
  2
_Oblique
 10
26348.33010914006
 20
-11237.75318503807
 30
0.0
 50
180.0
  0
MTEXT
  5
BE8
330
BE1
100
AcDbEntity
  8
3
 62
     7
100
AcDbMText
 10
26351.18010914004
 20
-11235.50318503807
 30
0.0
 40
2.5
 41
0.0
 46
0.0
 71
     5
 72
     1
  1
\A1;58
  7
DXT
 73
     1
 44
1.0
  0
POINT
  5
BE9
330
BE1
100
AcDbEntity
  8
Defpoints
 62
     0
100
AcDbPoint
 10
26354.03010914003
 20
-11230.75318503807
 30
0.0
  0
POINT
  5
BEA
330
BE1
100
AcDbEntity
  8
Defpoints
 62
     0
100
AcDbPoint
 10
26348.33010914006
 20
-11230.75318503807
 30
0.0
  0
POINT
  5
BEB
330
BE1
100
AcDbEntity
  8
Defpoints
 62
     0
100
AcDbPoint
 10
26348.33010914006
 20
-11237.75318503807
 30
0.0
  0
ENDBLK
  5
BEC
330
BE1
100
AcDbEntity
  8
0
100
AcDbBlockEnd
  0
BLOCK
  5
BEF
330
BEE
100
AcDbEntity
  8
0
100
AcDbBlockBegin
  2
*D90
 70
     1
 10
0.0
 20
0.0
 30
0.0
  3
*D90
  1

  0
LINE
  5
BF0
330
BEE
100
AcDbEntity
  8
3
 62
     1
370
    -2
100
AcDbLine
 10
26358.33010914006
 20
-11232.75318503808
 30
0.0
 11
26358.33010914006
 21
-11239.75318503807
 31
0.0
  0
LINE
  5
BF1
330
BEE
100
AcDbEntity
  8
3
 62
     1
370
    -2
100
AcDbLine
 10
26354.03010914003
 20
-11232.75318503807
 30
0.0
 11
26354.03010914003
 21
-11239.75318503807
 31
0.0
  0
LINE
  5
BF2
330
BEE
100
AcDbEntity
  8
3
 62
     1
370
    -2
100
AcDbLine
 10
26358.33010914006
 20
-11237.75318503807
 30
0.0
 11
26359.33010914006
 21
-11237.75318503807
 31
0.0
  0
LINE
  5
BF3
330
BEE
100
AcDbEntity
  8
3
 62
     1
370
    -2
100
AcDbLine
 10
26354.03010914003
 20
-11237.75318503807
 30
0.0
 11
26353.03010914003
 21
-11237.75318503807
 31
0.0
  0
LINE
  5
BF4
330
BEE
100
AcDbEntity
  8
3
 62
     1
370
    -2
100
AcDbLine
 10
26358.33010914006
 20
-11237.75318503807
 30
0.0
 11
26354.03010914003
 21
-11237.75318503807
 31
0.0
  0
INSERT
  5
BF5
330
BEE
100
AcDbEntity
  8
3
 62
     1
370
    -2
100
AcDbBlockReference
  2
_Oblique
 10
26358.33010914006
 20
-11237.75318503807
 30
0.0
 50
180.0
  0
INSERT
  5
BF6
330
BEE
100
AcDbEntity
  8
3
 62
     1
370
    -2
100
AcDbBlockReference
  2
_Oblique
 10
26354.03010914003
 20
-11237.75318503807
 30
0.0
  0
MTEXT
  5
BF7
330
BEE
100
AcDbEntity
  8
3
 62
     7
100
AcDbMText
 10
26356.18010914004
 20
-11235.50318503807
 30
0.0
 40
2.5
 41
0.0
 46
0.0
 71
     5
 72
     1
  1
\A1;42
  7
DXT
 73
     1
 44
1.0
  0
POINT
  5
BF8
330
BEE
100
AcDbEntity
  8
Defpoints
 62
     0
100
AcDbPoint
 10
26358.33010914006
 20
-11230.75318503808
 30
0.0
  0
POINT
  5
BF9
330
BEE
100
AcDbEntity
  8
Defpoints
 62
     0
100
AcDbPoint
 10
26354.03010914003
 20
-11230.75318503807
 30
0.0
  0
POINT
  5
BFA
330
BEE
100
AcDbEntity
  8
Defpoints
 62
     0
100
AcDbPoint
 10
26354.03010914003
 20
-11237.75318503807
 30
0.0
  0
ENDBLK
  5
BFB
330
BEE
100
AcDbEntity
  8
0
100
AcDbBlockEnd
  0
BLOCK
  5
BC2
330
BC1
100
AcDbEntity
  8
0
100
AcDbBlockBegin
  2
*D91
 70
     1
 10
0.0
 20
0.0
 30
0.0
  3
*D91
  1

  0
LINE
  5
BC3
330
BC1
100
AcDbEntity
  8
0
 62
     1
370
    -2
100
AcDbLine
 10
26348.33010914003
 20
-11170.25318457614
 30
0.0
 11
26348.33010914003
 21
-11161.45811499834
 31
0.0
  0
LINE
  5
BC4
330
BC1
100
AcDbEntity
  8
0
 62
     1
370
    -2
100
AcDbLine
 10
26338.33010914003
 20
-11170.25318457614
 30
0.0
 11
26338.33010914003
 21
-11161.45811499834
 31
0.0
  0
LINE
  5
BC5
330
BC1
100
AcDbEntity
  8
0
 62
     1
370
    -2
100
AcDbLine
 10
26348.33010914003
 20
-11163.45811499834
 30
0.0
 11
26338.33010914003
 21
-11163.45811499834
 31
0.0
  0
INSERT
  5
BC6
330
BC1
100
AcDbEntity
  8
0
 62
     1
370
    -2
100
AcDbBlockReference
  2
_Oblique
 10
26348.33010914003
 20
-11163.45811499834
 30
0.0
  0
INSERT
  5
BC7
330
BC1
100
AcDbEntity
  8
0
 62
     1
370
    -2
100
AcDbBlockReference
  2
_Oblique
 10
26338.33010914003
 20
-11163.45811499834
 30
0.0
 50
180.0
  0
MTEXT
  5
BC8
330
BC1
100
AcDbEntity
  8
0
 62
     7
100
AcDbMText
 10
26343.33010914003
 20
-11161.20811499834
 30
0.0
 40
2.5
 41
0.0
 46
0.0
 71
     5
 72
     1
  1
\A1;100
  7
DXT
 73
     1
 44
1.0
  0
POINT
  5
BC9
330
BC1
100
AcDbEntity
  8
Defpoints
 62
     0
100
AcDbPoint
 10
26348.33010914003
 20
-11172.25318457614
 30
0.0
  0
POINT
  5
BCA
330
BC1
100
AcDbEntity
  8
Defpoints
 62
     0
100
AcDbPoint
 10
26338.33010914003
 20
-11172.25318457614
 30
0.0
  0
POINT
  5
BCB
330
BC1
100
AcDbEntity
  8
Defpoints
 62
     0
100
AcDbPoint
 10
26338.33010914003
 20
-11163.45811499834
 30
0.0
  0
ENDBLK
  5
BCC
330
BC1
100
AcDbEntity
  8
0
100
AcDbBlockEnd
  0
BLOCK
  5
D59
330
D58
100
AcDbEntity
  8
0
100
AcDbBlockBegin
  2
*D92
 70
     1
 10
0.0
 20
0.0
 30
0.0
  3
*D92
  1

  0
LINE
  5
D5A
330
D58
100
AcDbEntity
  8
0
 62
     1
370
    -2
100
AcDbLine
 10
26249.25656238816
 20
-11450.41637437117
 30
0.0
 11
26259.24688861098
 21
-11449.66880543028
 31
0.0
  0
LINE
  5
D5B
330
D58
100
AcDbEntity
  8
0
 62
     1
370
    -2
100
AcDbLine
 10
26250.04006238816
 20
-11460.88687437116
 30
0.0
 11
26260.03038861097
 21
-11460.13930543027
 31
0.0
  0
LINE
  5
D5C
330
D58
100
AcDbEntity
  8
0
 62
     1
370
    -2
100
AcDbLine
 10
26257.25246462651
 20
-11449.81804674558
 30
0.0
 11
26258.03596462651
 21
-11460.28854674557
 31
0.0
  0
INSERT
  5
D5D
330
D58
100
AcDbEntity
  8
0
 62
     1
370
    -2
100
AcDbBlockReference
  2
_Oblique
 10
26257.25246462651
 20
-11449.81804674558
 30
0.0
 50
94.2794265122455
  0
INSERT
  5
D5E
330
D58
100
AcDbEntity
  8
0
 62
     1
370
    -2
100
AcDbBlockReference
  2
_Oblique
 10
26258.03596462651
 20
-11460.28854674557
 30
0.0
 50
274.2794265122455
  0
MTEXT
  5
D5F
330
D58
100
AcDbEntity
  8
0
 62
     7
100
AcDbMText
 10
26259.88794160903
 20
-11454.88540026586
 30
0.0
 40
2.5
 41
0.0
 46
0.0
 71
     5
 72
     1
  1
\A1;3X70
  7
DXT
 11
0.07462065764886001
 21
-0.9972119922323697
 31
0.0
 73
     1
 44
1.0
  0
POINT
  5
D60
330
D58
100
AcDbEntity
  8
Defpoints
 62
     0
100
AcDbPoint
 10
26247.26213840369
 20
-11450.56561568647
 30
0.0
  0
POINT
  5
D61
330
D58
100
AcDbEntity
  8
Defpoints
 62
     0
100
AcDbPoint
 10
26248.04563840369
 20
-11461.03611568646
 30
0.0
  0
POINT
  5
D62
330
D58
100
AcDbEntity
  8
Defpoints
 62
     0
100
AcDbPoint
 10
26258.03596462651
 20
-11460.28854674557
 30
0.0
  0
ENDBLK
  5
D63
330
D58
100
AcDbEntity
  8
0
100
AcDbBlockEnd
  0
BLOCK
  5
D66
330
D65
100
AcDbEntity
  8
0
100
AcDbBlockBegin
  2
*D93
 70
     1
 10
0.0
 20
0.0
 30
0.0
  3
*D93
  1

  0
LINE
  5
D67
330
D65
100
AcDbEntity
  8
0
 62
     1
370
    -2
100
AcDbLine
 10
26250.04006238815
 20
-11460.88687437116
 30
0.0
 11
26260.03038861096
 21
-11460.13930543027
 31
0.0
  0
LINE
  5
D68
330
D65
100
AcDbEntity
  8
0
 62
     1
370
    -2
100
AcDbLine
 10
26252.77506238814
 20
-11463.94137437116
 30
0.0
 11
26260.27291108586
 21
-11463.38031573455
 31
0.0
  0
LINE
  5
D69
330
D65
100
AcDbEntity
  8
0
 62
     1
370
    -2
100
AcDbLine
 10
26258.0359646265
 20
-11460.28854674557
 30
0.0
 11
26257.96134396885
 21
-11459.29133475334
 31
0.0
  0
LINE
  5
D6A
330
D65
100
AcDbEntity
  8
0
 62
     1
370
    -2
100
AcDbLine
 10
26258.2784871014
 20
-11463.52955704985
 30
0.0
 11
26258.35310775904
 21
-11464.52676904208
 31
0.0
  0
LINE
  5
D6B
330
D65
100
AcDbEntity
  8
0
 62
     1
370
    -2
100
AcDbLine
 10
26258.0359646265
 20
-11460.28854674557
 30
0.0
 11
26258.2784871014
 21
-11463.52955704985
 31
0.0
  0
INSERT
  5
D6C
330
D65
100
AcDbEntity
  8
0
 62
     1
370
    -2
100
AcDbBlockReference
  2
_Oblique
 10
26258.0359646265
 20
-11460.28854674557
 30
0.0
 50
274.27942651226
  0
INSERT
  5
D6D
330
D65
100
AcDbEntity
  8
0
 62
     1
370
    -2
100
AcDbBlockReference
  2
_Oblique
 10
26258.2784871014
 20
-11463.52955704985
 30
0.0
 50
94.27942651226003
  0
MTEXT
  5
D6E
330
D65
100
AcDbEntity
  8
0
 62
     7
100
AcDbMText
 10
26260.40095284647
 20
-11461.74115541799
 30
0.0
 40
2.5
 41
0.0
 46
0.0
 71
     5
 72
     1
  1
\A1;65
  7
DXT
 11
0.07462065764911288
 21
-0.9972119922323507
 31
0.0
 73
     1
 44
1.0
  0
POINT
  5
D6F
330
D65
100
AcDbEntity
  8
Defpoints
 62
     0
100
AcDbPoint
 10
26248.04563840368
 20
-11461.03611568646
 30
0.0
  0
POINT
  5
D70
330
D65
100
AcDbEntity
  8
Defpoints
 62
     0
100
AcDbPoint
 10
26250.78063840368
 20
-11464.09061568646
 30
0.0
  0
POINT
  5
D71
330
D65
100
AcDbEntity
  8
Defpoints
 62
     0
100
AcDbPoint
 10
26258.2784871014
 20
-11463.52955704985
 30
0.0
  0
ENDBLK
  5
D72
330
D65
100
AcDbEntity
  8
0
100
AcDbBlockEnd
  0
BLOCK
  5
D75
330
D74
100
AcDbEntity
  8
0
100
AcDbBlockBegin
  2
*D94
 70
     1
 10
0.0
 20
0.0
 30
0.0
  3
*D94
  1

  0
LINE
  5
D76
330
D74
100
AcDbEntity
  8
0
 62
     1
370
    -2
100
AcDbLine
 10
26080.86521441923
 20
-11452.16137437115
 30
0.0
 11
26072.60264080943
 21
-11451.54309191822
 31
0.0
  0
LINE
  5
D77
330
D74
100
AcDbEntity
  8
0
 62
     1
370
    -2
100
AcDbLine
 10
26080.08171441921
 20
-11462.63187437116
 30
0.0
 11
26071.81914080942
 21
-11462.01359191823
 31
0.0
  0
LINE
  5
D78
330
D74
100
AcDbEntity
  8
0
 62
     1
370
    -2
100
AcDbLine
 10
26074.59706479389
 20
-11451.69233323353
 30
0.0
 11
26073.81356479388
 21
-11462.16283323353
 31
0.0
  0
INSERT
  5
D79
330
D74
100
AcDbEntity
  8
0
 62
     1
370
    -2
100
AcDbBlockReference
  2
_Oblique
 10
26074.59706479389
 20
-11451.69233323353
 30
0.0
 50
85.72057348765922
  0
INSERT
  5
D7A
330
D74
100
AcDbEntity
  8
0
 62
     1
370
    -2
100
AcDbBlockReference
  2
_Oblique
 10
26073.81356479388
 20
-11462.16283323353
 30
0.0
 50
265.7205734876592
  0
MTEXT
  5
D7B
330
D74
100
AcDbEntity
  8
0
 62
     7
100
AcDbMText
 10
26071.96158781136
 20
-11456.75968675381
 30
0.0
 40
2.5
 41
0.0
 46
0.0
 71
     5
 72
     1
  1
\A1;3X70
  7
DXT
 11
0.07462065765051805
 21
0.9972119922322455
 31
0.0
 73
     1
 44
1.0
  0
POINT
  5
D7C
330
D74
100
AcDbEntity
  8
Defpoints
 62
     0
100
AcDbPoint
 10
26082.85963840369
 20
-11452.31061568646
 30
0.0
  0
POINT
  5
D7D
330
D74
100
AcDbEntity
  8
Defpoints
 62
     0
100
AcDbPoint
 10
26082.07613840367
 20
-11462.78111568646
 30
0.0
  0
POINT
  5
D7E
330
D74
100
AcDbEntity
  8
Defpoints
 62
     0
100
AcDbPoint
 10
26073.81356479388
 20
-11462.16283323353
 30
0.0
  0
ENDBLK
  5
D7F
330
D74
100
AcDbEntity
  8
0
100
AcDbBlockEnd
  0
BLOCK
  5
D82
330
D81
100
AcDbEntity
  8
0
100
AcDbBlockBegin
  2
*D95
 70
     1
 10
0.0
 20
0.0
 30
0.0
  3
*D95
  1

  0
LINE
  5
D83
330
D81
100
AcDbEntity
  8
0
 62
     1
370
    -2
100
AcDbLine
 10
26080.08171441921
 20
-11462.63187437116
 30
0.0
 11
26071.81914080943
 21
-11462.01359191823
 31
0.0
  0
LINE
  5
D84
330
D81
100
AcDbEntity
  8
0
 62
     1
370
    -2
100
AcDbLine
 10
26077.47721441922
 20
-11463.94137437116
 30
0.0
 11
26071.70719500279
 21
-11463.50960795954
 31
0.0
  0
LINE
  5
D85
330
D81
100
AcDbEntity
  8
0
 62
     1
370
    -2
100
AcDbLine
 10
26073.81356479389
 20
-11462.16283323353
 30
0.0
 11
26073.88818545154
 21
-11461.1656212413
 31
0.0
  0
LINE
  5
D86
330
D81
100
AcDbEntity
  8
0
 62
     1
370
    -2
100
AcDbLine
 10
26073.70161898725
 20
-11463.65884927484
 30
0.0
 11
26073.62699832961
 21
-11464.65606126707
 31
0.0
  0
MTEXT
  5
D87
330
D81
100
AcDbEntity
  8
0
 62
     7
100
AcDbMText
 10
26070.43697531
 20
-11462.46264043289
 30
0.0
 40
2.5
 41
0.0
 46
0.0
 71
     5
 72
     1
  1
\A1;30
  7
DXT
 11
0.07462065765048638
 21
0.9972119922322479
 31
0.0
 73
     1
 44
1.0
  0
LINE
  5
D88
330
D81
100
AcDbEntity
  8
0
 62
     1
370
    -2
100
AcDbLine
 10
26073.81356479389
 20
-11462.16283323353
 30
0.0
 11
26073.70161898725
 21
-11463.65884927484
 31
0.0
  0
INSERT
  5
D89
330
D81
100
AcDbEntity
  8
0
 62
     1
370
    -2
100
AcDbBlockReference
  2
_Oblique
 10
26073.81356479389
 20
-11462.16283323353
 30
0.0
 50
265.720573487661
  0
INSERT
  5
D8A
330
D81
100
AcDbEntity
  8
0
 62
     1
370
    -2
100
AcDbBlockReference
  2
_Oblique
 10
26073.70161898725
 20
-11463.65884927484
 30
0.0
 50
85.72057348766104
  0
POINT
  5
D8B
330
D81
100
AcDbEntity
  8
Defpoints
 62
     0
100
AcDbPoint
 10
26082.07613840368
 20
-11462.78111568646
 30
0.0
  0
POINT
  5
D8C
330
D81
100
AcDbEntity
  8
Defpoints
 62
     0
100
AcDbPoint
 10
26079.47163840369
 20
-11464.09061568646
 30
0.0
  0
POINT
  5
D8D
330
D81
100
AcDbEntity
  8
Defpoints
 62
     0
100
AcDbPoint
 10
26073.70161898725
 20
-11463.65884927484
 30
0.0
  0
ENDBLK
  5
D8E
330
D81
100
AcDbEntity
  8
0
100
AcDbBlockEnd
  0
ENDSEC
  0
SECTION
  2
ENTITIES
  0
INSERT
  5
58
330
2
100
AcDbEntity
  8
2
100
AcDbBlockReference
  2
M16X40
 10
26383.31035122493
 20
-11346.63654313223
 30
0.0
 41
5.0
 42
5.0
 43
5.0
  0
INSERT
  5
67
330
2
100
AcDbEntity
  8
2
100
AcDbBlockReference
  2
M16X40
 10
26528.06035122492
 20
-11346.63654313223
 30
0.0
 41
5.0
 42
5.0
 43
5.0
  0
INSERT
  5
68
330
2
100
AcDbEntity
  8
2
100
AcDbBlockReference
  2
M16X40
 10
26415.66935122493
 20
-11382.99554313222
 30
0.0
 41
5.0
 42
5.0
 43
5.0
  0
INSERT
  5
69
330
2
100
AcDbEntity
  8
2
100
AcDbBlockReference
  2
M16X40
 10
26495.70135122492
 20
-11382.99554313222
 30
0.0
 41
5.0
 42
5.0
 43
5.0
  0
INSERT
  5
6A
330
2
100
AcDbEntity
  8
2
100
AcDbBlockReference
  2
M16X40
 10
26418.49785122492
 20
-11385.82404313222
 30
0.0
 41
5.0
 42
5.0
 43
5.0
  0
INSERT
  5
6B
330
2
100
AcDbEntity
  8
2
100
AcDbBlockReference
  2
M16X40
 10
26492.87285122492
 20
-11385.82404313222
 30
0.0
 41
5.0
 42
5.0
 43
5.0
  0
INSERT
  5
6C
330
2
100
AcDbEntity
  8
2
100
AcDbBlockReference
  2
M16X40
 10
26453.68535122492
 20
-11421.01154313223
 30
0.0
 41
5.0
 42
5.0
 43
5.0
  0
INSERT
  5
6D
330
2
100
AcDbEntity
  8
2
100
AcDbBlockReference
  2
M16X40
 10
26457.68535122493
 20
-11421.01154313223
 30
0.0
 41
5.0
 42
5.0
 43
5.0
  0
INSERT
  5
6E
330
2
100
AcDbEntity
  8
2
100
AcDbBlockReference
  2
M16X40
 10
26383.31035122493
 20
-11350.63654313222
 30
0.0
 41
5.0
 42
5.0
 43
5.0
  0
INSERT
  5
6F
330
2
100
AcDbEntity
  8
2
100
AcDbBlockReference
  2
M16X40
 10
26528.06035122492
 20
-11350.63654313222
 30
0.0
 41
5.0
 42
5.0
 43
5.0
  0
LWPOLYLINE
  5
70
330
2
100
AcDbEntity
  8
0
100
AcDbPolyline
 90
        2
 70
     0
 43
0.25
 10
26383.41035122492
 20
-11415.76154313223
 10
26380.41035122492
 20
-11415.76154313223
  0
LWPOLYLINE
  5
71
330
2
100
AcDbEntity
  8
0
100
AcDbPolyline
 90
        2
 70
     0
 43
0.25
 10
26383.41035122492
 20
-11413.26154313223
 10
26380.41035122492
 20
-11413.26154313223
  0
LWPOLYLINE
  5
72
330
2
100
AcDbEntity
  8
0
100
AcDbPolyline
 90
        4
 70
     1
 43
0.25
 10
26381.91035122492
 20
-11412.01154313223
 10
26381.91035122492
 20
-11421.21154313222
 10
26380.91035122492
 20
-11421.21154313222
 10
26380.91035122492
 20
-11412.01154313223
  0
LWPOLYLINE
  5
73
330
2
100
AcDbEntity
  8
0
100
AcDbPolyline
 90
        2
 70
     0
 43
0.25
 10
26530.96035122493
 20
-11415.76154313223
 10
26527.96035122493
 20
-11415.76154313223
  0
LWPOLYLINE
  5
74
330
2
100
AcDbEntity
  8
0
100
AcDbPolyline
 90
        2
 70
     0
 43
0.25
 10
26530.96035122493
 20
-11413.26154313223
 10
26527.96035122493
 20
-11413.26154313223
  0
LWPOLYLINE
  5
75
330
2
100
AcDbEntity
  8
0
100
AcDbPolyline
 90
        4
 70
     1
 43
0.25
 10
26529.46035122493
 20
-11412.01154313223
 10
26529.46035122493
 20
-11421.21154313222
 10
26530.46035122493
 20
-11421.21154313222
 10
26530.46035122493
 20
-11412.01154313223
  0
LWPOLYLINE
  5
76
330
2
100
AcDbEntity
  8
0
100
AcDbPolyline
 90
        2
 70
     0
 43
0.25
 10
26388.56035122492
 20
-11420.91154313222
 10
26388.56035122492
 20
-11423.91154313222
  0
LWPOLYLINE
  5
77
330
2
100
AcDbEntity
  8
0
100
AcDbPolyline
 90
        2
 70
     0
 43
0.25
 10
26391.06035122492
 20
-11420.91154313222
 10
26391.06035122492
 20
-11423.91154313222
  0
LWPOLYLINE
  5
78
330
2
100
AcDbEntity
  8
0
100
AcDbPolyline
 90
        4
 70
     1
 43
0.25
 10
26392.31035122492
 20
-11422.41154313222
 10
26383.11035122493
 20
-11422.41154313222
 10
26383.11035122493
 20
-11423.41154313222
 10
26392.31035122492
 20
-11423.41154313222
  0
LWPOLYLINE
  5
79
330
2
100
AcDbEntity
  8
0
100
AcDbPolyline
 90
        2
 70
     0
 43
0.25
 10
26522.81035122492
 20
-11420.91154313222
 10
26522.81035122492
 20
-11423.91154313222
  0
LWPOLYLINE
  5
7A
330
2
100
AcDbEntity
  8
0
100
AcDbPolyline
 90
        2
 70
     0
 43
0.25
 10
26520.31035122492
 20
-11420.91154313222
 10
26520.31035122492
 20
-11423.91154313222
  0
LWPOLYLINE
  5
7B
330
2
100
AcDbEntity
  8
0
100
AcDbPolyline
 90
        4
 70
     1
 43
0.25
 10
26519.06035122492
 20
-11422.41154313222
 10
26528.26035122492
 20
-11422.41154313222
 10
26528.26035122492
 20
-11423.41154313222
 10
26519.06035122492
 20
-11423.41154313222
  0
LWPOLYLINE
  5
7C
330
2
100
AcDbEntity
  8
0
100
AcDbPolyline
 90
        2
 70
     0
 43
0.25
 10
26384.41035122492
 20
-11420.91154313222
 10
26384.41035122492
 20
-11423.76154313223
  0
LWPOLYLINE
  5
7D
330
2
100
AcDbEntity
  8
0
100
AcDbPolyline
 90
        2
 70
     0
 43
0.25
 10
26383.41035122492
 20
-11419.91154313222
 10
26380.56035122491
 20
-11419.91154313222
  0
LWPOLYLINE
  5
7E
330
2
100
AcDbEntity
  8
0
100
AcDbPolyline
 90
        2
 70
     0
 43
0.25
 10
26386.91035122492
 20
-11422.41154313222
 42
0.414213562373095
 10
26386.16035122493
 20
-11421.66154313222
 42
0.414213562373095
  0
LWPOLYLINE
  5
7F
330
2
100
AcDbEntity
  8
0
100
AcDbPolyline
 90
        2
 70
     0
 43
0.25
 10
26382.66035122493
 20
-11420.91154313222
 42
0.414213562373095
 10
26383.41035122492
 20
-11421.66154313222
 42
0.414213562373095
  0
LWPOLYLINE
  5
80
330
2
100
AcDbEntity
  8
0
100
AcDbPolyline
 90
        2
 70
     0
 43
0.25
 10
26382.66035122493
 20
-11418.16154313222
 42
0.414213562373095
 10
26381.91035122492
 20
-11417.41154313222
 42
0.414213562373095
  0
LWPOLYLINE
  5
81
330
2
100
AcDbEntity
  8
0
100
AcDbPolyline
 90
        2
 70
     0
 43
0.25
 10
26383.41035122492
 20
-11421.66154313222
 10
26386.16035122493
 20
-11421.66154313222
  0
LWPOLYLINE
  5
82
330
2
100
AcDbEntity
  8
0
100
AcDbPolyline
 90
        2
 70
     0
 43
0.25
 10
26382.66035122493
 20
-11418.16154313222
 10
26382.66035122493
 20
-11420.91154313222
  0
LWPOLYLINE
  5
83
330
2
100
AcDbEntity
  8
0
100
AcDbPolyline
 90
        3
 70
     0
 43
0.25
 10
26381.91035122492
 20
-11417.41154313222
 10
26381.91035122492
 20
-11422.41154313222
 10
26386.91035122492
 20
-11422.41154313222
  0
LWPOLYLINE
  5
84
330
2
100
AcDbEntity
  8
0
100
AcDbPolyline
 90
        2
 70
     0
 43
0.25
 10
26526.96035122493
 20
-11420.91154313222
 10
26526.96035122493
 20
-11423.76154313223
  0
LWPOLYLINE
  5
85
330
2
100
AcDbEntity
  8
0
100
AcDbPolyline
 90
        2
 70
     0
 43
0.25
 10
26527.96035122493
 20
-11419.91154313222
 10
26530.81035122494
 20
-11419.91154313222
  0
LWPOLYLINE
  5
86
330
2
100
AcDbEntity
  8
0
100
AcDbPolyline
 90
        2
 70
     0
 43
0.25
 10
26525.21035122492
 20
-11421.66154313222
 42
0.414213562373095
 10
26524.46035122493
 20
-11422.41154313222
 42
0.414213562373095
  0
LWPOLYLINE
  5
87
330
2
100
AcDbEntity
  8
0
100
AcDbPolyline
 90
        2
 70
     0
 43
0.25
 10
26527.96035122493
 20
-11421.66154313222
 42
0.414213562373095
 10
26528.71035122492
 20
-11420.91154313222
 42
0.414213562373095
  0
LWPOLYLINE
  5
88
330
2
100
AcDbEntity
  8
0
100
AcDbPolyline
 90
        2
 70
     0
 43
0.25
 10
26529.46035122493
 20
-11417.41154313222
 42
0.414213562373095
 10
26528.71035122492
 20
-11418.16154313222
 42
0.414213562373095
  0
LWPOLYLINE
  5
89
330
2
100
AcDbEntity
  8
0
100
AcDbPolyline
 90
        2
 70
     0
 43
0.25
 10
26527.96035122493
 20
-11421.66154313222
 10
26525.21035122492
 20
-11421.66154313222
  0
LWPOLYLINE
  5
8A
330
2
100
AcDbEntity
  8
0
100
AcDbPolyline
 90
        2
 70
     0
 43
0.25
 10
26528.71035122492
 20
-11418.16154313222
 10
26528.71035122492
 20
-11420.91154313222
  0
LWPOLYLINE
  5
8B
330
2
100
AcDbEntity
  8
0
100
AcDbPolyline
 90
        3
 70
     0
 43
0.25
 10
26529.46035122493
 20
-11417.41154313222
 10
26529.46035122493
 20
-11422.41154313222
 10
26524.46035122493
 20
-11422.41154313222
  0
TEXT
  5
8C
330
2
100
AcDbEntity
  8
3
100
AcDbText
 10
26447.78695644647
 20
-11357.58764835376
 30
0.0
 40
2.5
  1
1075
 50
314.9999999999263
 41
0.7
 72
     1
 11
26449.84935122492
 21
-11359.65004313222
 31
0.0
100
AcDbText
  0
LINE
  5
90
330
2
100
AcDbEntity
  8
3
100
AcDbLine
 10
26449.28285122492
 20
-11354.13404313223
 30
0.0
 11
26455.36535122493
 21
-11360.21654313222
 31
0.0
  0
TEXT
  5
91
330
2
100
AcDbEntity
  8
3
100
AcDbText
 10
26448.28285122492
 20
-11351.59487646556
 30
0.0
 40
2.5
  1
1374
 50
90.0
 41
0.7
 72
     1
 11
26448.28285122492
 21
-11348.63654313222
 31
0.0
100
AcDbText
  0
LINE
  5
92
330
2
100
AcDbEntity
  8
3
100
AcDbLine
 10
26449.28285122492
 20
-11343.13904313222
 30
0.0
 11
26449.28285122492
 21
-11354.13404313223
 31
0.0
  0
TEXT
  5
93
330
2
100
AcDbEntity
  8
3
100
AcDbText
 10
26449.55445644647
 20
-11341.45293791069
 30
0.0
 40
2.5
  1
1075
 50
45.00000000007369
 41
0.7
 72
     1
 11
26451.61685122493
 21
-11339.39054313222
 31
0.0
100
AcDbText
  0
LINE
  5
94
330
2
100
AcDbEntity
  8
3
100
AcDbLine
 10
26455.36535122493
 20
-11337.05654313222
 30
0.0
 11
26449.28285122492
 21
-11343.13904313222
 31
0.0
  0
TEXT
  5
95
330
2
100
AcDbEntity
  8
3
100
AcDbText
 10
26454.26868455826
 20
-11336.05654313223
 30
0.0
 40
2.5
  1
80
 41
0.7
 72
     1
 11
26455.68535122492
 21
-11336.05654313223
 31
0.0
100
AcDbText
  0
LINE
  5
96
330
2
100
AcDbEntity
  8
3
100
AcDbLine
 10
26456.00535122492
 20
-11337.05654313222
 30
0.0
 11
26455.36535122493
 21
-11337.05654313222
 31
0.0
  0
TEXT
  5
97
330
2
100
AcDbEntity
  8
3
100
AcDbText
 10
26457.69145644646
 20
-11337.32814835376
 30
0.0
 40
2.5
  1
1075
 50
314.9999999999263
 41
0.7
 72
     1
 11
26459.75385122492
 21
-11339.39054313222
 31
0.0
100
AcDbText
  0
LINE
  5
98
330
2
100
AcDbEntity
  8
3
100
AcDbLine
 10
26462.08785122493
 20
-11343.13904313222
 30
0.0
 11
26456.00535122492
 21
-11337.05654313222
 31
0.0
  0
TEXT
  5
99
330
2
100
AcDbEntity
  8
3
100
AcDbText
 10
26465.58785122493
 20
-11351.59487646556
 30
0.0
 40
2.5
  1
1374
 50
90.0
 41
0.7
 72
     1
 11
26465.58785122493
 21
-11348.63654313222
 31
0.0
100
AcDbText
  0
LINE
  5
9A
330
2
100
AcDbEntity
  8
3
100
AcDbLine
 10
26462.08785122493
 20
-11354.13404313223
 30
0.0
 11
26462.08785122493
 21
-11343.13904313222
 31
0.0
  0
TEXT
  5
9B
330
2
100
AcDbEntity
  8
3
100
AcDbText
 10
26459.45895644646
 20
-11361.71243791069
 30
0.0
 40
2.5
  1
1075
 50
45.00000000007369
 41
0.7
 72
     1
 11
26461.52135122492
 21
-11359.65004313222
 31
0.0
100
AcDbText
  0
LINE
  5
9C
330
2
100
AcDbEntity
  8
3
100
AcDbLine
 10
26456.00535122492
 20
-11360.21654313222
 30
0.0
 11
26462.08785122493
 21
-11354.13404313223
 31
0.0
  0
TEXT
  5
9D
330
2
100
AcDbEntity
  8
3
100
AcDbText
 10
26454.26868455826
 20
-11363.71654313222
 30
0.0
 40
2.5
  1
80
 41
0.7
 72
     1
 11
26455.68535122492
 21
-11363.71654313222
 31
0.0
100
AcDbText
  0
LINE
  5
9E
330
2
100
AcDbEntity
  8
3
100
AcDbLine
 10
26455.36535122493
 20
-11360.21654313222
 30
0.0
 11
26456.00535122492
 21
-11360.21654313222
 31
0.0
  0
TEXT
  5
9F
330
2
100
AcDbEntity
  8
3
100
AcDbText
 10
26395.54171209744
 20
-11352.54690400475
 30
0.0
 40
2.5
  1
915
 50
314.9999999999263
 41
0.7
 72
     1
 11
26397.01485122491
 21
-11354.02004313222
 31
0.0
100
AcDbText
  0
LINE
  5
A0
330
2
100
AcDbEntity
  8
3
100
AcDbLine
 10
26402.07885122492
 20
-11354.13404313223
 30
0.0
 11
26396.90135122493
 21
-11348.95654313223
 31
0.0
  0
TEXT
  5
A1
330
2
100
AcDbEntity
  8
3
100
AcDbText
 10
26405.57885122492
 20
-11351.59487646556
 30
0.0
 40
2.5
  1
1374
 50
90.0
 41
0.7
 72
     1
 11
26405.57885122492
 21
-11348.63654313222
 31
0.0
100
AcDbText
  0
LINE
  5
A2
330
2
100
AcDbEntity
  8
3
100
AcDbLine
 10
26402.07885122492
 20
-11343.13904313222
 30
0.0
 11
26402.07885122492
 21
-11354.13404313223
 31
0.0
  0
TEXT
  5
A3
330
2
100
AcDbEntity
  8
3
100
AcDbText
 10
26397.30971209746
 20
-11346.4936822597
 30
0.0
 40
2.5
  1
915
 50
45.0000000000737
 41
0.7
 72
     1
 11
26398.78285122492
 21
-11345.02054313222
 31
0.0
100
AcDbText
  0
LINE
  5
A4
330
2
100
AcDbEntity
  8
3
100
AcDbLine
 10
26396.90135122493
 20
-11348.31654313222
 30
0.0
 11
26402.07885122492
 21
-11343.13904313222
 31
0.0
  0
TEXT
  5
A5
330
2
100
AcDbEntity
  8
3
100
AcDbText
 10
26395.90135122492
 20
-11350.05320979889
 30
0.0
 40
2.5
  1
80
 50
90.0
 41
0.7
 72
     1
 11
26395.90135122492
 21
-11348.63654313222
 31
0.0
100
AcDbText
  0
LINE
  5
A6
330
2
100
AcDbEntity
  8
3
100
AcDbLine
 10
26396.90135122493
 20
-11348.95654313223
 30
0.0
 11
26396.90135122493
 21
-11348.31654313222
 31
0.0
  0
TEXT
  5
A7
330
2
100
AcDbEntity
  8
3
100
AcDbText
 10
26397.48486096726
 20
-11380.71005287455
 30
0.0
 40
2.5
  1
995
 50
314.9999999999263
 41
0.7
 72
     1
 11
26399.07585122493
 21
-11382.30104313222
 31
0.0
100
AcDbText
  0
LINE
  5
A8
330
2
100
AcDbEntity
  8
3
100
AcDbLine
 10
26401.18485122493
 20
-11385.82404313222
 30
0.0
 11
26395.55285122492
 21
-11380.19204313222
 31
0.0
  0
TEXT
  5
A9
330
2
100
AcDbEntity
  8
3
100
AcDbText
 10
26399.25236096725
 20
-11392.70603338989
 30
0.0
 40
2.5
  1
995
 50
45.0000000000737
 41
0.7
 72
     1
 11
26400.84335122492
 21
-11391.11504313222
 31
0.0
100
AcDbText
  0
LINE
  5
AA
330
2
100
AcDbEntity
  8
3
100
AcDbLine
 10
26395.55285122492
 20
-11391.45604313222
 30
0.0
 11
26401.18485122493
 21
-11385.82404313222
 31
0.0
  0
TEXT
  5
AB
330
2
100
AcDbEntity
  8
3
100
AcDbText
 10
26394.55285122492
 20
-11388.74070979889
 30
0.0
 40
2.5
  1
1408
 50
90.0
 41
0.7
 72
     1
 11
26394.55285122492
 21
-11385.82404313222
 31
0.0
100
AcDbText
  0
LINE
  5
AC
330
2
100
AcDbEntity
  8
3
100
AcDbLine
 10
26395.55285122492
 20
-11380.19204313222
 30
0.0
 11
26395.55285122492
 21
-11391.45604313222
 31
0.0
  0
TEXT
  5
AD
330
2
100
AcDbEntity
  8
3
100
AcDbText
 10
26418.16660001897
 20
-11415.59791791962
 30
0.0
 40
2.5
  1
1408
 41
0.7
 72
     1
 11
26421.08326668564
 21
-11415.59791791962
 31
0.0
100
AcDbText
  0
LINE
  5
AE
330
2
100
AcDbEntity
  8
3
100
AcDbLine
 10
26426.71526668564
 20
-11412.09791791963
 30
0.0
 11
26415.45126668563
 21
-11412.09791791963
 31
0.0
  0
TEXT
  5
AF
330
2
100
AcDbEntity
  8
3
100
AcDbText
 10
26423.01527642797
 20
-11406.98392766195
 30
0.0
 40
2.5
  1
995
 50
314.9999999999263
 41
0.7
 72
     1
 11
26424.60626668564
 21
-11408.57491791962
 31
0.0
100
AcDbText
  0
LINE
  5
B0
330
2
100
AcDbEntity
  8
3
100
AcDbLine
 10
26421.08326668563
 20
-11406.46591791962
 30
0.0
 11
26426.71526668564
 21
-11412.09791791963
 31
0.0
  0
TEXT
  5
B1
330
2
100
AcDbEntity
  8
3
100
AcDbText
 10
26415.96927642796
 20
-11410.16590817729
 30
0.0
 40
2.5
  1
995
 50
45.0000000000737
 41
0.7
 72
     1
 11
26417.56026668563
 21
-11408.57491791962
 31
0.0
100
AcDbText
  0
LINE
  5
B2
330
2
100
AcDbEntity
  8
3
100
AcDbLine
 10
26415.45126668563
 20
-11412.09791791963
 30
0.0
 11
26421.08326668563
 21
-11406.46591791962
 31
0.0
  0
TEXT
  5
B3
330
2
100
AcDbEntity
  8
0
100
AcDbText
 10
26418.91942622492
 20
-11350.13654313222
 30
0.0
 40
3.0
  1
426
 41
0.7
 72
     1
 11
26421.56942622492
 21
-11348.63654313222
 31
0.0
100
AcDbText
 73
     2
  0
CIRCLE
  5
B4
330
2
100
AcDbEntity
  8
0
100
AcDbCircle
 10
26421.56935122493
 20
-11348.63654313222
 30
0.0
 40
4.0
  0
TEXT
  5
B5
330
2
100
AcDbEntity
  8
0
100
AcDbText
 10
26490.30135122493
 20
-11349.90737646555
 30
0.0
 40
2.5
  1
L45X4
 50
90.0
 41
0.7
 72
     1
 11
26490.30135122493
 21
-11346.07404313222
 31
0.0
100
AcDbText
  0
TEXT
  5
B6
330
2
100
AcDbEntity
  8
0
100
AcDbText
 10
26493.80135122493
 20
-11349.03237646555
 30
0.0
 40
2.5
  1
1424
 50
90.0
 41
0.7
 72
     1
 11
26493.80135122493
 21
-11346.07404313222
 31
0.0
100
AcDbText
  0
LINE
  5
B7
330
2
100
AcDbEntity
  8
0
100
AcDbLine
 10
26490.80135122492
 20
-11342.01154313222
 30
0.0
 11
26490.80135122492
 21
-11350.13654313222
 31
0.0
  0
TEXT
  5
B8
330
2
100
AcDbEntity
  8
0
100
AcDbText
 10
26487.15127622493
 20
-11356.63654313222
 30
0.0
 40
3.0
  1
426
 41
0.7
 72
     1
 11
26489.80127622493
 21
-11355.13654313222
 31
0.0
100
AcDbText
 73
     2
  0
CIRCLE
  5
B9
330
2
100
AcDbEntity
  8
0
100
AcDbCircle
 10
26489.80135122492
 20
-11355.13654313222
 30
0.0
 40
4.0
  0
TEXT
  5
BA
330
2
100
AcDbEntity
  8
0
100
AcDbText
 10
26388.80858427197
 20
-11413.03831008519
 30
0.0
 40
2.5
  1
-90
 50
45.00000000007369
 41
0.7
 72
     1
 11
26390.57635122493
 21
-11411.27054313222
 31
0.0
100
AcDbText
  0
TEXT
  5
BB
330
2
100
AcDbEntity
  8
0
100
AcDbText
 10
26405.41221409877
 20
-11406.35953751108
 30
0.0
 40
3.0
  1
425
 41
0.7
 72
     1
 11
26408.11221409877
 21
-11404.85953751108
 31
0.0
100
AcDbText
 73
     2
  0
CIRCLE
  5
BC
330
2
100
AcDbEntity
  8
0
100
AcDbCircle
 10
26408.11211409878
 20
-11404.85943751108
 30
0.0
 40
4.0
  0
TEXT
  5
BD
330
2
100
AcDbEntity
  8
0
100
AcDbText
 10
26519.02658427195
 20
-11409.50277617925
 30
0.0
 40
2.5
  1
-90
 50
314.9999999999263
 41
0.7
 72
     1
 11
26520.79435122492
 21
-11411.27054313222
 31
0.0
100
AcDbText
  0
TEXT
  5
BE
330
2
100
AcDbEntity
  8
0
100
AcDbText
 10
26511.71873801294
 20
-11397.24542992022
 30
0.0
 40
2.5
  1
L40X3
 50
314.9999999999263
 41
0.7
 72
     1
 11
26514.39985122493
 21
-11399.92654313222
 31
0.0
100
AcDbText
  0
TEXT
  5
BF
330
2
100
AcDbEntity
  8
0
100
AcDbText
 10
26510.33386096725
 20
-11400.81055287455
 30
0.0
 40
2.5
  1
930
 50
314.9999999999263
 41
0.7
 72
     1
 11
26511.92485122492
 21
-11402.40154313222
 31
0.0
100
AcDbText
  0
LINE
  5
C0
330
2
100
AcDbEntity
  8
0
100
AcDbLine
 10
26516.91885122492
 20
-11403.15254313222
 30
0.0
 11
26511.17385122492
 21
-11397.40754313222
 31
0.0
  0
TEXT
  5
C1
330
2
100
AcDbEntity
  8
0
100
AcDbText
 10
26505.64530122492
 20
-11394.66474813222
 30
0.0
 40
3.0
  1
425
 41
0.7
 72
     1
 11
26508.34530122492
 21
-11393.16474813222
 31
0.0
100
AcDbText
 73
     2
  0
CIRCLE
  5
C2
330
2
100
AcDbEntity
  8
0
100
AcDbCircle
 10
26508.34535122492
 20
-11393.16454313222
 30
0.0
 40
4.0
  0
TEXT
  5
C3
330
2
100
AcDbEntity
  8
0
100
AcDbText
 10
26512.6652928831
 20
-11338.12407060779
 30
0.0
 40
2.5
  1
L50X4
 50
314.9999999999263
 41
0.7
 72
     1
 11
26515.37586887765
 21
-11340.83464660234
 31
0.0
100
AcDbText
  0
TEXT
  5
C4
330
2
100
AcDbEntity
  8
0
100
AcDbText
 10
26510.98578801194
 20
-11341.39456573663
 30
0.0
 40
2.5
  1
2041
 50
314.9999999999263
 41
0.7
 72
     1
 11
26512.90086887765
 21
-11343.30964660235
 31
0.0
100
AcDbText
  0
LINE
  5
C5
330
2
100
AcDbEntity
  8
0
100
AcDbLine
 10
26517.89486887764
 20
-11344.06114660235
 30
0.0
 11
26512.14936887765
 21
-11338.31564660235
 31
0.0
  0
TEXT
  5
C6
330
2
100
AcDbEntity
  8
0
100
AcDbText
 10
26505.62645537151
 20
-11336.76883933756
 30
0.0
 40
3.0
  1
424
 41
0.7
 72
     1
 11
26508.37645537151
 21
-11335.26883933756
 31
0.0
100
AcDbText
 73
     2
  0
CIRCLE
  5
C7
330
2
100
AcDbEntity
  8
0
100
AcDbCircle
 10
26508.37625537152
 20
-11335.26892433757
 30
0.0
 40
4.0
  0
TEXT
  5
C8
330
2
100
AcDbEntity
  8
0
100
AcDbText
 10
26436.17003122493
 20
-11399.26093813222
 30
0.0
 40
3.0
  1
424
 41
0.7
 72
     1
 11
26438.92003122493
 21
-11397.76093813222
 31
0.0
100
AcDbText
 73
     2
  0
CIRCLE
  5
C9
330
2
100
AcDbEntity
  8
0
100
AcDbCircle
 10
26438.91985122492
 20
-11397.76104313222
 30
0.0
 40
4.0
  0
TEXT
  5
CA
330
2
100
AcDbEntity
  8
0
100
AcDbText
 10
26488.06649537524
 20
-11397.05890044164
 30
0.0
 40
2.5
  1
L50X4
 50
45.00000000007369
 41
0.7
 72
     1
 11
26490.77707136979
 21
-11394.34832444708
 31
0.0
100
AcDbText
  0
TEXT
  5
CB
330
2
100
AcDbEntity
  8
0
100
AcDbText
 10
26491.33699050407
 20
-11398.73790531281
 30
0.0
 40
2.5
  1
2041
 50
45.00000000007369
 41
0.7
 72
     1
 11
26493.25207136978
 21
-11396.82282444709
 31
0.0
100
AcDbText
  0
LINE
  5
CC
330
2
100
AcDbEntity
  8
0
100
AcDbLine
 10
26494.00357136977
 20
-11391.82882444709
 30
0.0
 11
26488.25807136977
 21
-11397.57432444709
 31
0.0
  0
TEXT
  5
CD
330
2
100
AcDbEntity
  8
0
100
AcDbText
 10
26482.67977136977
 20
-11403.31690944709
 30
0.0
 40
3.0
  1
424
 41
0.7
 72
     1
 11
26485.42977136977
 21
-11401.81690944709
 31
0.0
100
AcDbText
 73
     2
  0
CIRCLE
  5
CE
330
2
100
AcDbEntity
  8
0
100
AcDbCircle
 10
26485.42957136978
 20
-11401.81682444709
 30
0.0
 40
4.0
  0
TEXT
  5
CF
330
2
100
AcDbEntity
  8
0
100
AcDbText
 10
26430.73816187068
 20
-11428.92997269582
 30
0.0
 40
3.0
  1
411
 41
0.7
 72
     1
 11
26432.78816187068
 21
-11427.42997269582
 31
0.0
100
AcDbText
 73
     2
  0
CIRCLE
  5
D0
330
2
100
AcDbEntity
  8
0
100
AcDbCircle
 10
26432.78816187068
 20
-11427.42997269582
 30
0.0
 40
4.0
  0
TEXT
  5
D1
330
2
100
AcDbEntity
  8
0
100
AcDbText
 10
26373.98495987851
 20
-11367.77828483929
 30
0.0
 40
3.0
  1
411
 41
0.7
 72
     1
 11
26376.03495987851
 21
-11366.27828483929
 31
0.0
100
AcDbText
 73
     2
  0
CIRCLE
  5
D2
330
2
100
AcDbEntity
  8
0
100
AcDbCircle
 10
26376.03495987851
 20
-11366.27828483929
 30
0.0
 40
4.0
  0
TEXT
  5
D3
330
2
100
AcDbEntity
  8
0
100
AcDbText
 10
26531.86603483886
 20
-11374.07864035136
 30
0.0
 40
3.0
  1
411
 41
0.7
 72
     1
 11
26533.91603483886
 21
-11372.57864035136
 31
0.0
100
AcDbText
 73
     2
  0
CIRCLE
  5
D4
330
2
100
AcDbEntity
  8
0
100
AcDbCircle
 10
26533.91603483886
 20
-11372.57864035136
 30
0.0
 40
4.0
  0
LWPOLYLINE
  5
D5
330
2
100
AcDbEntity
  8
0
100
AcDbPolyline
 90
        2
 70
     0
 43
0.25
 10
26381.91035122492
 20
-11414.87954313221
 10
26389.44235122492
 20
-11422.41154313222
  0
LWPOLYLINE
  5
D6
330
2
100
AcDbEntity
  8
0
100
AcDbPolyline
 90
        2
 70
     0
 43
0.25
 10
26381.91035122492
 20
-11410.76154313223
 10
26381.91035122492
 20
-11414.87954313221
  0
LWPOLYLINE
  5
D7
330
2
100
AcDbEntity
  8
0
100
AcDbPolyline
 90
        2
 70
     0
 43
0.25
 10
26384.41035122492
 20
-11410.76154313223
 10
26381.91035122492
 20
-11410.76154313223
  0
LWPOLYLINE
  5
D8
330
2
100
AcDbEntity
  8
0
100
AcDbPolyline
 90
        2
 70
     0
 43
0.25
 10
26393.56035122492
 20
-11419.91154313222
 10
26384.41035122492
 20
-11410.76154313223
  0
LWPOLYLINE
  5
D9
330
2
100
AcDbEntity
  8
0
100
AcDbPolyline
 90
        2
 70
     0
 43
0.25
 10
26393.56035122492
 20
-11422.41154313222
 10
26393.56035122492
 20
-11419.91154313222
  0
LWPOLYLINE
  5
DA
330
2
100
AcDbEntity
  8
0
100
AcDbPolyline
 90
        2
 70
     0
 43
0.25
 10
26389.44235122492
 20
-11422.41154313222
 10
26393.56035122492
 20
-11422.41154313222
  0
LWPOLYLINE
  5
DB
330
2
100
AcDbEntity
  8
0
100
AcDbPolyline
 90
        2
 70
     0
 43
0.25
 10
26529.46035122493
 20
-11414.87954313221
 10
26521.92835122493
 20
-11422.41154313222
  0
LWPOLYLINE
  5
DC
330
2
100
AcDbEntity
  8
0
100
AcDbPolyline
 90
        2
 70
     0
 43
0.25
 10
26529.46035122493
 20
-11410.76154313223
 10
26529.46035122493
 20
-11414.87954313221
  0
LWPOLYLINE
  5
DD
330
2
100
AcDbEntity
  8
0
100
AcDbPolyline
 90
        2
 70
     0
 43
0.25
 10
26526.96035122493
 20
-11410.76154313223
 10
26529.46035122493
 20
-11410.76154313223
  0
LWPOLYLINE
  5
DE
330
2
100
AcDbEntity
  8
0
100
AcDbPolyline
 90
        2
 70
     0
 43
0.25
 10
26517.81035122492
 20
-11419.91154313222
 10
26526.96035122493
 20
-11410.76154313223
  0
LWPOLYLINE
  5
DF
330
2
100
AcDbEntity
  8
0
100
AcDbPolyline
 90
        2
 70
     0
 43
0.25
 10
26517.81035122492
 20
-11422.41154313222
 10
26517.81035122492
 20
-11419.91154313222
  0
LWPOLYLINE
  5
E0
330
2
100
AcDbEntity
  8
0
100
AcDbPolyline
 90
        2
 70
     0
 43
0.25
 10
26521.92835122493
 20
-11422.41154313222
 10
26517.81035122492
 20
-11422.41154313222
  0
LINE
  5
E1
330
2
100
AcDbEntity
  8
1
100
AcDbLine
 10
26416.31935122492
 20
-11384.24554313222
 30
0.0
 11
26416.31935122492
 21
-11323.11266511698
 31
0.0
  0
LINE
  5
E6
330
2
100
AcDbEntity
  8
1
100
AcDbLine
 10
26416.81935122493
 20
-11384.24554313222
 30
0.0
 11
26416.26885122492
 21
-11384.24554313222
 31
0.0
  0
LINE
  5
E7
330
2
100
AcDbEntity
  8
1
100
AcDbLine
 10
26415.15185122492
 20
-11384.24554313222
 30
0.0
 11
26415.70185122493
 21
-11384.24554313222
 31
0.0
  0
LWPOLYLINE
  5
E8
330
2
100
AcDbEntity
  8
0
100
AcDbPolyline
 90
        2
 70
     0
 43
0.25
 10
26414.56935122493
 20
-11384.24554313222
 10
26415.15185122492
 20
-11384.24554313222
  0
LINE
  5
E9
330
2
100
AcDbEntity
  8
1
100
AcDbLine
 10
26414.56935122492
 20
-11383.66354313222
 30
0.0
 11
26414.56935122492
 21
-11382.49654313222
 31
0.0
  0
LINE
  5
EA
330
2
100
AcDbEntity
  8
1
100
AcDbLine
 10
26414.56935122492
 20
-11380.12804313223
 30
0.0
 11
26414.56935122492
 21
-11381.29454313223
 31
0.0
  0
LWPOLYLINE
  5
EB
330
2
100
AcDbEntity
  8
0
100
AcDbPolyline
 90
        2
 70
     0
 43
0.25
 10
26414.56935122493
 20
-11383.66354313223
 10
26414.56935122493
 20
-11384.24554313222
  0
LWPOLYLINE
  5
EC
330
2
100
AcDbEntity
  8
0
100
AcDbPolyline
 90
        2
 70
     0
 43
0.25
 10
26414.56935122493
 20
-11323.11266511698
 10
26414.56935122493
 20
-11380.12804313223
  0
LINE
  5
ED
330
2
100
AcDbEntity
  8
1
100
AcDbLine
 10
26416.81935122493
 20
-11382.37804313222
 30
0.0
 11
26416.81935122493
 21
-11382.99404313222
 31
0.0
  0
LINE
  5
EE
330
2
100
AcDbEntity
  8
1
100
AcDbLine
 10
26416.81935122493
 20
-11384.24554313222
 30
0.0
 11
26416.81935122493
 21
-11383.62904313222
 31
0.0
  0
LWPOLYLINE
  5
EF
330
2
100
AcDbEntity
  8
0
100
AcDbPolyline
 90
        2
 70
     0
 43
0.25
 10
26416.81935122493
 20
-11382.37804313222
 10
26416.81935122493
 20
-11323.11266511698
  0
LINE
  5
F0
330
2
100
AcDbEntity
  8
1
100
AcDbLine
 10
26495.05135122493
 20
-11384.24554313222
 30
0.0
 11
26495.05135122493
 21
-11323.11266511698
 31
0.0
  0
LINE
  5
F1
330
2
100
AcDbEntity
  8
1
100
AcDbLine
 10
26494.55135122492
 20
-11384.24554313222
 30
0.0
 11
26495.10185122493
 21
-11384.24554313222
 31
0.0
  0
LINE
  5
F2
330
2
100
AcDbEntity
  8
1
100
AcDbLine
 10
26496.21885122493
 20
-11384.24554313222
 30
0.0
 11
26495.66885122492
 21
-11384.24554313222
 31
0.0
  0
LWPOLYLINE
  5
F3
330
2
100
AcDbEntity
  8
0
100
AcDbPolyline
 90
        2
 70
     0
 43
0.25
 10
26496.80135122492
 20
-11384.24554313222
 10
26496.21885122493
 20
-11384.24554313222
  0
LINE
  5
F4
330
2
100
AcDbEntity
  8
1
100
AcDbLine
 10
26496.80135122493
 20
-11383.66354313222
 30
0.0
 11
26496.80135122493
 21
-11382.49654313222
 31
0.0
  0
LINE
  5
F5
330
2
100
AcDbEntity
  8
1
100
AcDbLine
 10
26496.80135122493
 20
-11380.12804313223
 30
0.0
 11
26496.80135122493
 21
-11381.29454313223
 31
0.0
  0
LWPOLYLINE
  5
F6
330
2
100
AcDbEntity
  8
0
100
AcDbPolyline
 90
        2
 70
     0
 43
0.25
 10
26496.80135122492
 20
-11383.66354313223
 10
26496.80135122492
 20
-11384.24554313222
  0
LWPOLYLINE
  5
F7
330
2
100
AcDbEntity
  8
0
100
AcDbPolyline
 90
        2
 70
     0
 43
0.25
 10
26496.80135122492
 20
-11323.11266511698
 10
26496.80135122492
 20
-11380.12804313223
  0
LINE
  5
F8
330
2
100
AcDbEntity
  8
1
100
AcDbLine
 10
26494.55135122492
 20
-11382.37804313222
 30
0.0
 11
26494.55135122492
 21
-11382.99404313222
 31
0.0
  0
LINE
  5
F9
330
2
100
AcDbEntity
  8
1
100
AcDbLine
 10
26494.55135122492
 20
-11384.24554313222
 30
0.0
 11
26494.55135122492
 21
-11383.62904313222
 31
0.0
  0
LWPOLYLINE
  5
FA
330
2
100
AcDbEntity
  8
0
100
AcDbPolyline
 90
        2
 70
     0
 43
0.25
 10
26494.55135122492
 20
-11382.37804313222
 10
26494.55135122492
 20
-11323.11266511698
  0
LINE
  5
FB
330
2
100
AcDbEntity
  8
1
100
AcDbLine
 10
26386.84585122517
 20
-11418.18304313246
 30
0.0
 11
26419.73535122475
 21
-11385.29354313204
 31
0.0
  0
LINE
  5
FC
330
2
100
AcDbEntity
  8
1
100
AcDbLine
 10
26385.78535122493
 20
-11417.12254313223
 30
0.0
 11
26386.25185122493
 21
-11417.58904313222
 31
0.0
  0
LINE
  5
FD
330
2
100
AcDbEntity
  8
1
100
AcDbLine
 10
26387.19935122493
 20
-11418.53654313222
 30
0.0
 11
26386.73285122493
 21
-11418.07004313222
 31
0.0
  0
LINE
  5
FE
330
2
100
AcDbEntity
  8
1
100
AcDbLine
 10
26387.19935122493
 20
-11418.53654313222
 30
0.0
 11
26388.02235122493
 21
-11417.71404313222
 31
0.0
  0
LINE
  5
FF
330
2
100
AcDbEntity
  8
1
100
AcDbLine
 10
26389.69235122493
 20
-11416.04354313222
 30
0.0
 11
26388.86985122493
 21
-11416.86654313222
 31
0.0
  0
LINE
  5
100
330
2
100
AcDbEntity
  8
1
100
AcDbLine
 10
26418.32085122492
 20
-11387.41504313222
 30
0.0
 11
26418.90435122493
 21
-11386.83154313222
 31
0.0
  0
LINE
  5
101
330
2
100
AcDbEntity
  8
1
100
AcDbLine
 10
26420.08885122493
 20
-11385.64704313222
 30
0.0
 11
26419.50535122492
 21
-11386.23054313222
 31
0.0
  0
LWPOLYLINE
  5
102
330
2
100
AcDbEntity
  8
0
100
AcDbPolyline
 90
        2
 70
     0
 43
0.25
 10
26418.32085122491
 20
-11387.41504313223
 10
26389.69235122492
 20
-11416.04354313222
  0
LWPOLYLINE
  5
103
330
2
100
AcDbEntity
  8
0
100
AcDbPolyline
 90
        2
 70
     0
 43
0.25
 10
26418.67485122493
 20
-11384.23304313223
 10
26420.08885122492
 20
-11385.64704313222
  0
LINE
  5
104
330
2
100
AcDbEntity
  8
1
100
AcDbLine
 10
26418.67485122493
 20
-11384.23304313223
 30
0.0
 11
26418.09135122492
 21
-11384.81654313222
 31
0.0
  0
LINE
  5
105
330
2
100
AcDbEntity
  8
1
100
AcDbLine
 10
26416.90685122492
 20
-11386.00104313222
 30
0.0
 11
26417.49035122493
 21
-11385.41754313222
 31
0.0
  0
LINE
  5
106
330
2
100
AcDbEntity
  8
1
100
AcDbLine
 10
26388.27835122492
 20
-11414.62954313222
 30
0.0
 11
26387.45535122492
 21
-11415.45204313223
 31
0.0
  0
LINE
  5
107
330
2
100
AcDbEntity
  8
1
100
AcDbLine
 10
26385.78535122493
 20
-11417.12254313223
 30
0.0
 11
26386.60785122492
 21
-11416.29954313223
 31
0.0
  0
LWPOLYLINE
  5
108
330
2
100
AcDbEntity
  8
0
100
AcDbPolyline
 90
        2
 70
     0
 43
0.25
 10
26388.27835122492
 20
-11414.62954313223
 10
26416.90685122492
 20
-11386.00104313222
  0
LINE
  5
109
330
2
100
AcDbEntity
  8
1
100
AcDbLine
 10
26525.23185122492
 20
-11417.47604313222
 30
0.0
 11
26492.34235122492
 21
-11384.58654313223
 31
0.0
  0
LINE
  5
10A
330
2
100
AcDbEntity
  8
1
100
AcDbLine
 10
26525.58535122492
 20
-11417.12254313223
 30
0.0
 11
26525.11885122492
 21
-11417.58904313222
 31
0.0
  0
LINE
  5
10B
330
2
100
AcDbEntity
  8
1
100
AcDbLine
 10
26524.17135122492
 20
-11418.53654313222
 30
0.0
 11
26524.63785122492
 21
-11418.07004313222
 31
0.0
  0
LINE
  5
10C
330
2
100
AcDbEntity
  8
1
100
AcDbLine
 10
26524.17135122492
 20
-11418.53654313222
 30
0.0
 11
26523.34835122492
 21
-11417.71404313222
 31
0.0
  0
LINE
  5
10D
330
2
100
AcDbEntity
  8
1
100
AcDbLine
 10
26521.67835122492
 20
-11416.04354313222
 30
0.0
 11
26522.50085122492
 21
-11416.86654313222
 31
0.0
  0
LINE
  5
10E
330
2
100
AcDbEntity
  8
1
100
AcDbLine
 10
26493.04985122493
 20
-11387.41504313222
 30
0.0
 11
26492.46635122492
 21
-11386.83154313222
 31
0.0
  0
LINE
  5
10F
330
2
100
AcDbEntity
  8
1
100
AcDbLine
 10
26491.28185122492
 20
-11385.64704313222
 30
0.0
 11
26491.86535122493
 21
-11386.23054313222
 31
0.0
  0
LWPOLYLINE
  5
110
330
2
100
AcDbEntity
  8
0
100
AcDbPolyline
 90
        2
 70
     0
 43
0.25
 10
26493.04985122493
 20
-11387.41504313223
 10
26521.67835122493
 20
-11416.04354313222
  0
LWPOLYLINE
  5
111
330
2
100
AcDbEntity
  8
0
100
AcDbPolyline
 90
        2
 70
     0
 43
0.25
 10
26492.69585122491
 20
-11384.23304313223
 10
26491.28185122492
 20
-11385.64704313222
  0
LINE
  5
112
330
2
100
AcDbEntity
  8
1
100
AcDbLine
 10
26492.69585122492
 20
-11384.23304313223
 30
0.0
 11
26493.27935122493
 21
-11384.81654313222
 31
0.0
  0
LINE
  5
113
330
2
100
AcDbEntity
  8
1
100
AcDbLine
 10
26494.46385122493
 20
-11386.00104313222
 30
0.0
 11
26493.88035122492
 21
-11385.41754313222
 31
0.0
  0
LINE
  5
114
330
2
100
AcDbEntity
  8
1
100
AcDbLine
 10
26523.09235122493
 20
-11414.62954313222
 30
0.0
 11
26523.91535122493
 21
-11415.45204313223
 31
0.0
  0
LINE
  5
115
330
2
100
AcDbEntity
  8
1
100
AcDbLine
 10
26525.58535122492
 20
-11417.12254313223
 30
0.0
 11
26524.76285122493
 21
-11416.29954313223
 31
0.0
  0
LWPOLYLINE
  5
116
330
2
100
AcDbEntity
  8
0
100
AcDbPolyline
 90
        2
 70
     0
 43
0.25
 10
26523.09235122493
 20
-11414.62954313223
 10
26494.46385122492
 20
-11386.00104313222
  0
LINE
  5
117
330
2
100
AcDbEntity
  8
0
100
AcDbLine
 10
26407.89472924017
 20
-11323.11266511698
 30
0.0
 11
26382.95685122493
 21
-11348.05054313222
 31
0.0
  0
LWPOLYLINE
  5
118
330
2
100
AcDbEntity
  8
0
100
AcDbPolyline
 90
        2
 70
     0
 43
0.25
 10
26381.54235122493
 20
-11346.63654313223
 10
26405.06622924016
 20
-11323.11266511698
  0
LWPOLYLINE
  5
119
330
2
100
AcDbEntity
  8
0
100
AcDbPolyline
 90
        2
 70
     0
 43
0.25
 10
26383.31035122494
 20
-11348.40454313222
 10
26381.54235122493
 20
-11346.63654313223
  0
LWPOLYLINE
  5
11A
330
2
100
AcDbEntity
  8
0
100
AcDbPolyline
 90
        2
 70
     0
 43
0.25
 10
26408.60222924017
 20
-11323.11266511698
 10
26383.31035122494
 20
-11348.40454313222
  0
LINE
  5
11B
330
2
100
AcDbEntity
  8
0
100
AcDbLine
 10
26503.47597320968
 20
-11323.11266511698
 30
0.0
 11
26528.41385122492
 21
-11348.05054313222
 31
0.0
  0
LWPOLYLINE
  5
11C
330
2
100
AcDbEntity
  8
0
100
AcDbPolyline
 90
        2
 70
     0
 43
0.25
 10
26529.82835122492
 20
-11346.63654313223
 10
26506.30447320969
 20
-11323.11266511698
  0
LWPOLYLINE
  5
11D
330
2
100
AcDbEntity
  8
0
100
AcDbPolyline
 90
        2
 70
     0
 43
0.25
 10
26528.06035122491
 20
-11348.40454313222
 10
26529.82835122492
 20
-11346.63654313223
  0
LWPOLYLINE
  5
11E
330
2
100
AcDbEntity
  8
0
100
AcDbPolyline
 90
        2
 70
     0
 43
0.25
 10
26502.76847320967
 20
-11323.11266511698
 10
26528.06035122491
 20
-11348.40454313222
  0
LINE
  5
11F
330
2
100
AcDbEntity
  8
0
100
AcDbLine
 10
26455.09935122492
 20
-11421.36504313222
 30
0.0
 11
26382.95685122493
 21
-11349.22254313222
 31
0.0
  0
LWPOLYLINE
  5
120
330
2
100
AcDbEntity
  8
0
100
AcDbPolyline
 90
        2
 70
     0
 43
0.25
 10
26453.68535122491
 20
-11422.77954313222
 10
26455.45335122492
 20
-11421.01154313223
  0
LWPOLYLINE
  5
121
330
2
100
AcDbEntity
  8
0
100
AcDbPolyline
 90
        2
 70
     0
 43
0.25
 10
26381.54235122493
 20
-11350.63654313223
 10
26453.68535122491
 20
-11422.77954313222
  0
LWPOLYLINE
  5
122
330
2
100
AcDbEntity
  8
0
100
AcDbPolyline
 90
        2
 70
     0
 43
0.25
 10
26383.31035122494
 20
-11348.86854313221
 10
26381.54235122493
 20
-11350.63654313223
  0
LWPOLYLINE
  5
123
330
2
100
AcDbEntity
  8
0
100
AcDbPolyline
 90
        2
 70
     0
 43
0.25
 10
26455.45335122492
 20
-11421.01154313223
 10
26383.31035122494
 20
-11348.86854313221
  0
LINE
  5
124
330
2
100
AcDbEntity
  8
0
100
AcDbLine
 10
26456.27135122493
 20
-11421.36504313222
 30
0.0
 11
26528.41385122492
 21
-11349.22254313222
 31
0.0
  0
LWPOLYLINE
  5
125
330
2
100
AcDbEntity
  8
0
100
AcDbPolyline
 90
        2
 70
     0
 43
0.25
 10
26457.68535122494
 20
-11422.77954313222
 10
26455.91735122493
 20
-11421.01154313223
  0
LWPOLYLINE
  5
126
330
2
100
AcDbEntity
  8
0
100
AcDbPolyline
 90
        2
 70
     0
 43
0.25
 10
26529.82835122492
 20
-11350.63654313223
 10
26457.68535122494
 20
-11422.77954313222
  0
LWPOLYLINE
  5
127
330
2
100
AcDbEntity
  8
0
100
AcDbPolyline
 90
        2
 70
     0
 43
0.25
 10
26528.06035122491
 20
-11348.86854313221
 10
26529.82835122492
 20
-11350.63654313223
  0
LWPOLYLINE
  5
128
330
2
100
AcDbEntity
  8
0
100
AcDbPolyline
 90
        2
 70
     0
 43
0.25
 10
26455.91735122493
 20
-11421.01154313223
 10
26528.06035122491
 20
-11348.86854313221
  0
LINE
  5
129
330
2
100
AcDbEntity
  8
1
100
AcDbLine
 10
26524.06035122492
 20
-11421.91154313222
 30
0.0
 11
26387.31035122493
 21
-11421.91154313222
 31
0.0
  0
LINE
  5
12A
330
2
100
AcDbEntity
  8
1
100
AcDbLine
 10
26524.06035122492
 20
-11420.27954313222
 30
0.0
 11
26524.06035122492
 21
-11420.15804313222
 31
0.0
  0
LINE
  5
12B
330
2
100
AcDbEntity
  8
1
100
AcDbLine
 10
26524.06035122492
 20
-11419.91154313222
 30
0.0
 11
26524.06035122492
 21
-11420.03304313222
 31
0.0
  0
LWPOLYLINE
  5
12C
330
2
100
AcDbEntity
  8
0
100
AcDbPolyline
 90
        2
 70
     0
 43
0.25
 10
26524.06035122492
 20
-11420.27954313222
 10
26524.06035122492
 20
-11422.41154313222
  0
LINE
  5
12D
330
2
100
AcDbEntity
  8
1
100
AcDbLine
 10
26524.06035122492
 20
-11419.91154313222
 30
0.0
 11
26521.99785122493
 21
-11419.91154313222
 31
0.0
  0
LINE
  5
12E
330
2
100
AcDbEntity
  8
1
100
AcDbLine
 10
26517.81035122492
 20
-11419.91154313222
 30
0.0
 11
26519.87285122493
 21
-11419.91154313222
 31
0.0
  0
LINE
  5
12F
330
2
100
AcDbEntity
  8
1
100
AcDbLine
 10
26460.55335122493
 20
-11419.91154313222
 30
0.0
 11
26459.38635122493
 21
-11419.91154313222
 31
0.0
  0
LINE
  5
130
330
2
100
AcDbEntity
  8
1
100
AcDbLine
 10
26457.01735122493
 20
-11419.91154313222
 30
0.0
 11
26458.18435122493
 21
-11419.91154313222
 31
0.0
  0
LINE
  5
131
330
2
100
AcDbEntity
  8
1
100
AcDbLine
 10
26454.35335122492
 20
-11419.91154313222
 30
0.0
 11
26453.18635122492
 21
-11419.91154313222
 31
0.0
  0
LINE
  5
132
330
2
100
AcDbEntity
  8
1
100
AcDbLine
 10
26450.81735122492
 20
-11419.91154313222
 30
0.0
 11
26451.98435122492
 21
-11419.91154313222
 31
0.0
  0
LINE
  5
133
330
2
100
AcDbEntity
  8
1
100
AcDbLine
 10
26393.56035122493
 20
-11419.91154313222
 30
0.0
 11
26391.49785122492
 21
-11419.91154313222
 31
0.0
  0
LINE
  5
134
330
2
100
AcDbEntity
  8
1
100
AcDbLine
 10
26387.31035122493
 20
-11419.91154313222
 30
0.0
 11
26389.37285122492
 21
-11419.91154313222
 31
0.0
  0
LWPOLYLINE
  5
135
330
2
100
AcDbEntity
  8
0
100
AcDbPolyline
 90
        2
 70
     0
 43
0.25
 10
26460.55335122493
 20
-11419.91154313222
 10
26517.81035122492
 20
-11419.91154313222
  0
LWPOLYLINE
  5
136
330
2
100
AcDbEntity
  8
0
100
AcDbPolyline
 90
        2
 70
     0
 43
0.25
 10
26454.35335122491
 20
-11419.91154313222
 10
26457.01735122493
 20
-11419.91154313222
  0
LWPOLYLINE
  5
137
330
2
100
AcDbEntity
  8
0
100
AcDbPolyline
 90
        2
 70
     0
 43
0.25
 10
26393.56035122492
 20
-11419.91154313222
 10
26450.81735122492
 20
-11419.91154313222
  0
LINE
  5
138
330
2
100
AcDbEntity
  8
1
100
AcDbLine
 10
26387.31035122493
 20
-11419.91154313222
 30
0.0
 11
26387.31035122493
 21
-11420.03304313222
 31
0.0
  0
LINE
  5
139
330
2
100
AcDbEntity
  8
1
100
AcDbLine
 10
26387.31035122493
 20
-11420.27954313222
 30
0.0
 11
26387.31035122493
 21
-11420.15804313222
 31
0.0
  0
LWPOLYLINE
  5
13A
330
2
100
AcDbEntity
  8
0
100
AcDbPolyline
 90
        2
 70
     0
 43
0.25
 10
26387.31035122492
 20
-11422.41154313222
 10
26387.31035122492
 20
-11420.27954313222
  0
LINE
  5
13B
330
2
100
AcDbEntity
  8
1
100
AcDbLine
 10
26453.31735122492
 20
-11422.41154313222
 30
0.0
 11
26453.56035122493
 21
-11422.41154313222
 31
0.0
  0
LINE
  5
13C
330
2
100
AcDbEntity
  8
1
100
AcDbLine
 10
26454.05335122492
 20
-11422.41154313222
 30
0.0
 11
26453.81035122492
 21
-11422.41154313222
 31
0.0
  0
LINE
  5
13D
330
2
100
AcDbEntity
  8
1
100
AcDbLine
 10
26457.31735122493
 20
-11422.41154313222
 30
0.0
 11
26457.56035122492
 21
-11422.41154313222
 31
0.0
  0
LINE
  5
13E
330
2
100
AcDbEntity
  8
1
100
AcDbLine
 10
26458.05335122493
 20
-11422.41154313222
 30
0.0
 11
26457.81035122492
 21
-11422.41154313222
 31
0.0
  0
LWPOLYLINE
  5
13F
330
2
100
AcDbEntity
  8
0
100
AcDbPolyline
 90
        2
 70
     0
 43
0.25
 10
26453.31735122492
 20
-11422.41154313222
 10
26387.31035122492
 20
-11422.41154313222
  0
LWPOLYLINE
  5
140
330
2
100
AcDbEntity
  8
0
100
AcDbPolyline
 90
        2
 70
     0
 43
0.25
 10
26457.31735122494
 20
-11422.41154313222
 10
26454.05335122491
 20
-11422.41154313222
  0
LWPOLYLINE
  5
141
330
2
100
AcDbEntity
  8
0
100
AcDbPolyline
 90
        2
 70
     0
 43
0.25
 10
26524.06035122492
 20
-11422.41154313222
 10
26458.05335122493
 20
-11422.41154313222
  0
LINE
  5
142
330
2
100
AcDbEntity
  8
1
100
AcDbLine
 10
26382.41035122493
 20
-11417.01154313222
 30
0.0
 11
26382.41035122493
 21
-11323.11266511698
 31
0.0
  0
LINE
  5
143
330
2
100
AcDbEntity
  8
1
100
AcDbLine
 10
26384.04235122492
 20
-11417.01154313222
 30
0.0
 11
26384.16385122493
 21
-11417.01154313222
 31
0.0
  0
LINE
  5
144
330
2
100
AcDbEntity
  8
1
100
AcDbLine
 10
26384.41035122492
 20
-11417.01154313222
 30
0.0
 11
26384.28885122493
 21
-11417.01154313222
 31
0.0
  0
LWPOLYLINE
  5
145
330
2
100
AcDbEntity
  8
0
100
AcDbPolyline
 90
        2
 70
     0
 43
0.25
 10
26384.04235122493
 20
-11417.01154313223
 10
26381.91035122492
 20
-11417.01154313223
  0
LINE
  5
146
330
2
100
AcDbEntity
  8
1
100
AcDbLine
 10
26384.41035122492
 20
-11417.01154313222
 30
0.0
 11
26384.41035122492
 21
-11414.94904313222
 31
0.0
  0
LINE
  5
147
330
2
100
AcDbEntity
  8
1
100
AcDbLine
 10
26384.41035122492
 20
-11410.76154313222
 30
0.0
 11
26384.41035122492
 21
-11412.82404313222
 31
0.0
  0
LINE
  5
148
330
2
100
AcDbEntity
  8
1
100
AcDbLine
 10
26384.41035122492
 20
-11353.50454313222
 30
0.0
 11
26384.41035122492
 21
-11352.33754313223
 31
0.0
  0
LINE
  5
149
330
2
100
AcDbEntity
  8
1
100
AcDbLine
 10
26384.41035122492
 20
-11349.96854313222
 30
0.0
 11
26384.41035122492
 21
-11351.13554313222
 31
0.0
  0
LINE
  5
14A
330
2
100
AcDbEntity
  8
1
100
AcDbLine
 10
26384.41035122492
 20
-11347.30454313222
 30
0.0
 11
26384.41035122492
 21
-11346.13754313223
 31
0.0
  0
LINE
  5
14B
330
2
100
AcDbEntity
  8
1
100
AcDbLine
 10
26384.41035122492
 20
-11343.76854313222
 30
0.0
 11
26384.41035122492
 21
-11344.93554313222
 31
0.0
  0
LWPOLYLINE
  5
14C
330
2
100
AcDbEntity
  8
0
100
AcDbPolyline
 90
        2
 70
     0
 43
0.25
 10
26384.41035122492
 20
-11353.50454313221
 10
26384.41035122492
 20
-11410.76154313223
  0
LWPOLYLINE
  5
14D
330
2
100
AcDbEntity
  8
0
100
AcDbPolyline
 90
        2
 70
     0
 43
0.25
 10
26384.41035122492
 20
-11347.30454313222
 10
26384.41035122492
 20
-11349.96854313222
  0
LWPOLYLINE
  5
14E
330
2
100
AcDbEntity
  8
0
100
AcDbPolyline
 90
        2
 70
     0
 43
0.25
 10
26384.41035122492
 20
-11323.11266511698
 10
26384.41035122492
 20
-11343.76854313222
  0
LINE
  5
14F
330
2
100
AcDbEntity
  8
1
100
AcDbLine
 10
26381.91035122492
 20
-11346.26854313222
 30
0.0
 11
26381.91035122492
 21
-11346.51154313222
 31
0.0
  0
LINE
  5
150
330
2
100
AcDbEntity
  8
1
100
AcDbLine
 10
26381.91035122492
 20
-11347.00454313222
 30
0.0
 11
26381.91035122492
 21
-11346.76154313222
 31
0.0
  0
LINE
  5
151
330
2
100
AcDbEntity
  8
1
100
AcDbLine
 10
26381.91035122492
 20
-11350.26854313222
 30
0.0
 11
26381.91035122492
 21
-11350.51154313222
 31
0.0
  0
LINE
  5
152
330
2
100
AcDbEntity
  8
1
100
AcDbLine
 10
26381.91035122492
 20
-11351.00454313222
 30
0.0
 11
26381.91035122492
 21
-11350.76154313222
 31
0.0
  0
LWPOLYLINE
  5
153
330
2
100
AcDbEntity
  8
0
100
AcDbPolyline
 90
        2
 70
     0
 43
0.25
 10
26381.91035122492
 20
-11346.26854313222
 10
26381.91035122492
 20
-11323.11266511698
  0
LWPOLYLINE
  5
154
330
2
100
AcDbEntity
  8
0
100
AcDbPolyline
 90
        2
 70
     0
 43
0.25
 10
26381.91035122492
 20
-11350.26854313222
 10
26381.91035122492
 20
-11347.00454313223
  0
LWPOLYLINE
  5
155
330
2
100
AcDbEntity
  8
0
100
AcDbPolyline
 90
        2
 70
     0
 43
0.25
 10
26381.91035122492
 20
-11417.01154313223
 10
26381.91035122492
 20
-11351.00454313221
  0
LINE
  5
156
330
2
100
AcDbEntity
  8
1
100
AcDbLine
 10
26528.96035122492
 20
-11417.01154313222
 30
0.0
 11
26528.96035122492
 21
-11323.11266511698
 31
0.0
  0
LINE
  5
157
330
2
100
AcDbEntity
  8
1
100
AcDbLine
 10
26527.32835122493
 20
-11417.01154313222
 30
0.0
 11
26527.20685122492
 21
-11417.01154313222
 31
0.0
  0
LINE
  5
158
330
2
100
AcDbEntity
  8
1
100
AcDbLine
 10
26526.96035122493
 20
-11417.01154313222
 30
0.0
 11
26527.08185122492
 21
-11417.01154313222
 31
0.0
  0
LWPOLYLINE
  5
159
330
2
100
AcDbEntity
  8
0
100
AcDbPolyline
 90
        2
 70
     0
 43
0.25
 10
26527.32835122492
 20
-11417.01154313223
 10
26529.46035122493
 20
-11417.01154313223
  0
LINE
  5
15A
330
2
100
AcDbEntity
  8
1
100
AcDbLine
 10
26526.96035122493
 20
-11417.01154313222
 30
0.0
 11
26526.96035122493
 21
-11414.94904313222
 31
0.0
  0
LINE
  5
15B
330
2
100
AcDbEntity
  8
1
100
AcDbLine
 10
26526.96035122493
 20
-11410.76154313222
 30
0.0
 11
26526.96035122493
 21
-11412.82404313222
 31
0.0
  0
LINE
  5
15C
330
2
100
AcDbEntity
  8
1
100
AcDbLine
 10
26526.96035122493
 20
-11353.50454313222
 30
0.0
 11
26526.96035122493
 21
-11352.33754313223
 31
0.0
  0
LINE
  5
15D
330
2
100
AcDbEntity
  8
1
100
AcDbLine
 10
26526.96035122493
 20
-11349.96854313222
 30
0.0
 11
26526.96035122493
 21
-11351.13554313222
 31
0.0
  0
LINE
  5
15E
330
2
100
AcDbEntity
  8
1
100
AcDbLine
 10
26526.96035122493
 20
-11347.30454313222
 30
0.0
 11
26526.96035122493
 21
-11346.13754313223
 31
0.0
  0
LINE
  5
15F
330
2
100
AcDbEntity
  8
1
100
AcDbLine
 10
26526.96035122493
 20
-11343.76854313222
 30
0.0
 11
26526.96035122493
 21
-11344.93554313222
 31
0.0
  0
LWPOLYLINE
  5
160
330
2
100
AcDbEntity
  8
0
100
AcDbPolyline
 90
        2
 70
     0
 43
0.25
 10
26526.96035122493
 20
-11353.50454313221
 10
26526.96035122493
 20
-11410.76154313223
  0
LWPOLYLINE
  5
161
330
2
100
AcDbEntity
  8
0
100
AcDbPolyline
 90
        2
 70
     0
 43
0.25
 10
26526.96035122493
 20
-11347.30454313222
 10
26526.96035122493
 20
-11349.96854313222
  0
LWPOLYLINE
  5
162
330
2
100
AcDbEntity
  8
0
100
AcDbPolyline
 90
        2
 70
     0
 43
0.25
 10
26526.96035122493
 20
-11323.11266511698
 10
26526.96035122493
 20
-11343.76854313222
  0
LINE
  5
163
330
2
100
AcDbEntity
  8
1
100
AcDbLine
 10
26529.46035122493
 20
-11346.26854313222
 30
0.0
 11
26529.46035122493
 21
-11346.51154313222
 31
0.0
  0
LINE
  5
164
330
2
100
AcDbEntity
  8
1
100
AcDbLine
 10
26529.46035122493
 20
-11347.00454313222
 30
0.0
 11
26529.46035122493
 21
-11346.76154313222
 31
0.0
  0
LINE
  5
165
330
2
100
AcDbEntity
  8
1
100
AcDbLine
 10
26529.46035122493
 20
-11350.26854313222
 30
0.0
 11
26529.46035122493
 21
-11350.51154313222
 31
0.0
  0
LINE
  5
166
330
2
100
AcDbEntity
  8
1
100
AcDbLine
 10
26529.46035122493
 20
-11351.00454313222
 30
0.0
 11
26529.46035122493
 21
-11350.76154313222
 31
0.0
  0
LWPOLYLINE
  5
167
330
2
100
AcDbEntity
  8
0
100
AcDbPolyline
 90
        2
 70
     0
 43
0.25
 10
26529.46035122493
 20
-11346.26854313222
 10
26529.46035122493
 20
-11323.11266511698
  0
LWPOLYLINE
  5
168
330
2
100
AcDbEntity
  8
0
100
AcDbPolyline
 90
        2
 70
     0
 43
0.25
 10
26529.46035122493
 20
-11350.26854313222
 10
26529.46035122493
 20
-11347.00454313223
  0
LWPOLYLINE
  5
169
330
2
100
AcDbEntity
  8
0
100
AcDbPolyline
 90
        2
 70
     0
 43
0.25
 10
26529.46035122493
 20
-11417.01154313223
 10
26529.46035122493
 20
-11351.00454313221
  0
TEXT
  5
16A
330
2
100
AcDbEntity
  8
0
100
AcDbText
 10
26400.16296464522
 20
-11413.47737572101
 30
0.0
 40
2.2
  1
-6
 41
0.7
100
AcDbText
  0
CIRCLE
  5
16B
330
2
100
AcDbEntity
  8
0
100
AcDbCircle
 10
26396.73446464521
 20
-11415.47737572102
 30
0.0
 40
4.0
  0
TEXT
  5
16C
330
2
100
AcDbEntity
  8
0
100
AcDbText
 10
26394.03431464522
 20
-11416.97727572101
 30
0.0
 40
3.0
  1
427
 41
0.7
 72
     1
 11
26396.73431464522
 21
-11415.47727572101
 31
0.0
100
AcDbText
 73
     2
  0
TEXT
  5
16D
330
2
100
AcDbEntity
  8
0
100
AcDbText
 10
26507.59138715328
 20
-11413.30783459569
 30
0.0
 40
2.2
  1
-6
 41
0.7
100
AcDbText
  0
CIRCLE
  5
16E
330
2
100
AcDbEntity
  8
0
100
AcDbCircle
 10
26514.09988715328
 20
-11415.3078345957
 30
0.0
 40
4.0
  0
TEXT
  5
16F
330
2
100
AcDbEntity
  8
0
100
AcDbText
 10
26511.40003715328
 20
-11416.80773459569
 30
0.0
 40
3.0
  1
427
 41
0.7
 72
     1
 11
26514.10003715328
 21
-11415.30773459569
 31
0.0
100
AcDbText
 73
     2
  0
INSERT
  5
170
330
2
100
AcDbEntity
  8
2
100
AcDbBlockReference
  2
M16X40
 10
26383.31035122493
 20
-11412.01154313222
 30
0.0
 41
5.0
 42
5.0
 43
5.0
  0
INSERT
  5
171
330
2
100
AcDbEntity
  8
2
100
AcDbBlockReference
  2
M16X40
 10
26528.06035122492
 20
-11412.01154313222
 30
0.0
 41
5.0
 42
5.0
 43
5.0
  0
INSERT
  5
172
330
2
100
AcDbEntity
  8
2
100
AcDbBlockReference
  2
M16X40
 10
26383.31035122493
 20
-11414.51154313222
 30
0.0
 41
5.0
 42
5.0
 43
5.0
  0
INSERT
  5
173
330
2
100
AcDbEntity
  8
2
100
AcDbBlockReference
  2
M16X40
 10
26528.06035122492
 20
-11414.51154313222
 30
0.0
 41
5.0
 42
5.0
 43
5.0
  0
INSERT
  5
174
330
2
100
AcDbEntity
  8
2
100
AcDbBlockReference
  2
M16X40
 10
26387.37635122492
 20
-11416.94554313222
 30
0.0
 41
5.0
 42
5.0
 43
5.0
  0
INSERT
  5
175
330
2
100
AcDbEntity
  8
2
100
AcDbBlockReference
  2
M16X40
 10
26523.99435122493
 20
-11416.94554313222
 30
0.0
 41
5.0
 42
5.0
 43
5.0
  0
INSERT
  5
176
330
2
100
AcDbEntity
  8
2
100
AcDbBlockReference
  2
M16X40
 10
26392.31035122493
 20
-11421.01154313223
 30
0.0
 41
5.0
 42
5.0
 43
5.0
  0
INSERT
  5
177
330
2
100
AcDbEntity
  8
2
100
AcDbBlockReference
  2
M16X40
 10
26519.06035122492
 20
-11421.01154313223
 30
0.0
 41
5.0
 42
5.0
 43
5.0
  0
INSERT
  5
178
330
2
100
AcDbEntity
  8
2
100
AcDbBlockReference
  2
M16X40
 10
26389.81035122493
 20
-11421.01154313223
 30
0.0
 41
5.0
 42
5.0
 43
5.0
  0
INSERT
  5
179
330
2
100
AcDbEntity
  8
2
100
AcDbBlockReference
  2
M16X40
 10
26521.56035122492
 20
-11421.01154313223
 30
0.0
 41
5.0
 42
5.0
 43
5.0
  0
LINE
  5
17A
330
2
100
AcDbEntity
  8
4
100
AcDbLine
 10
26415.66935122493
 20
-11385.24554313222
 30
0.0
 11
26415.66935122493
 21
-11323.11266511698
 31
0.0
  0
LINE
  5
17F
330
2
100
AcDbEntity
  8
4
100
AcDbLine
 10
26495.70135122492
 20
-11385.24554313222
 30
0.0
 11
26495.70135122492
 21
-11323.11266511698
 31
0.0
  0
LINE
  5
180
330
2
100
AcDbEntity
  8
4
100
AcDbLine
 10
26383.31035122493
 20
-11421.01154313223
 30
0.0
 11
26420.08885122493
 21
-11384.23304313223
 31
0.0
  0
LINE
  5
181
330
2
100
AcDbEntity
  8
4
100
AcDbLine
 10
26528.06035122492
 20
-11421.01154313223
 30
0.0
 11
26491.28185122492
 21
-11384.23304313223
 31
0.0
  0
LINE
  5
182
330
2
100
AcDbEntity
  8
4
100
AcDbLine
 10
26406.83422924016
 20
-11323.11266511698
 30
0.0
 11
26381.71935122492
 21
-11348.22754313222
 31
0.0
  0
LINE
  5
183
330
2
100
AcDbEntity
  8
4
100
AcDbLine
 10
26504.53647320968
 20
-11323.11266511698
 30
0.0
 11
26529.65135122492
 21
-11348.22754313222
 31
0.0
  0
LINE
  5
184
330
2
100
AcDbEntity
  8
4
100
AcDbLine
 10
26455.27635122492
 20
-11422.60254313222
 30
0.0
 11
26381.71935122492
 21
-11349.04554313222
 31
0.0
  0
LINE
  5
185
330
2
100
AcDbEntity
  8
4
100
AcDbLine
 10
26456.09435122492
 20
-11422.60254313222
 30
0.0
 11
26529.65135122492
 21
-11349.04554313222
 31
0.0
  0
LINE
  5
186
330
2
100
AcDbEntity
  8
4
100
AcDbLine
 10
26528.06035122492
 20
-11421.01154313223
 30
0.0
 11
26383.31035122493
 21
-11421.01154313223
 31
0.0
  0
LINE
  5
187
330
2
100
AcDbEntity
  8
4
100
AcDbLine
 10
26383.31035122493
 20
-11421.01154313223
 30
0.0
 11
26383.31035122493
 21
-11323.11266511698
 31
0.0
  0
LINE
  5
188
330
2
100
AcDbEntity
  8
4
100
AcDbLine
 10
26528.06035122492
 20
-11421.01154313223
 30
0.0
 11
26528.06035122492
 21
-11323.11266511698
 31
0.0
  0
LWPOLYLINE
  5
189
330
2
100
AcDbEntity
  8
0
100
AcDbPolyline
 90
        2
 70
     0
 43
0.25
 10
26029.86929848787
 20
-11102.69793976874
 10
26017.89541778787
 20
-11102.84338976874
  0
LWPOLYLINE
  5
18A
330
2
100
AcDbEntity
  8
0
100
AcDbPolyline
 90
        2
 70
     0
 43
0.25
 10
26031.09653708787
 20
-11102.69793976874
 10
26043.07041778787
 20
-11102.84338976874
  0
LWPOLYLINE
  5
18B
330
2
100
AcDbEntity
  8
0
100
AcDbPolyline
 90
        2
 70
     0
 43
0.25
 10
26017.10791778787
 20
-11113.37287976874
 10
26042.28291778787
 20
-11092.31389976874
  0
LWPOLYLINE
  5
18C
330
2
100
AcDbEntity
  8
0
100
AcDbPolyline
 90
        2
 70
     0
 43
0.25
 10
26043.85791778787
 20
-11113.37287976874
 10
26018.68291778787
 20
-11092.31389976874
  0
LWPOLYLINE
  5
18D
330
2
100
AcDbEntity
  8
0
100
AcDbPolyline
 90
        2
 70
     0
 43
0.25
 10
26016.20791778787
 20
-11125.40657976874
 10
26023.79541778787
 20
-11119.38972976874
  0
LWPOLYLINE
  5
18E
330
2
100
AcDbEntity
  8
0
100
AcDbPolyline
 90
        2
 70
     0
 43
0.25
 10
26044.75791778787
 20
-11125.40657976874
 10
26037.17041778787
 20
-11119.38972976874
  0
LWPOLYLINE
  5
18F
330
2
100
AcDbEntity
  8
0
100
AcDbPolyline
 90
        2
 70
     0
 43
0.25
 10
26017.10791778787
 20
-11113.37287976874
 10
26030.48291778787
 20
-11125.40657976874
  0
LWPOLYLINE
  5
190
330
2
100
AcDbEntity
  8
0
100
AcDbPolyline
 90
        2
 70
     0
 43
0.25
 10
26043.85791778787
 20
-11113.37287976874
 10
26030.48291778787
 20
-11125.40657976874
  0
LWPOLYLINE
  5
191
330
2
100
AcDbEntity
  8
0
100
AcDbPolyline
 90
        2
 70
     0
 43
0.25
 10
26044.75791778787
 20
-11125.40657976874
 10
26016.20791778787
 20
-11125.40657976874
  0
LWPOLYLINE
  5
192
330
2
100
AcDbEntity
  8
0
100
AcDbPolyline
 90
        2
 70
     0
 43
0.25
 10
26022.85791778787
 20
-11131.92483976874
 10
26016.20791778787
 20
-11125.40657976874
  0
LWPOLYLINE
  5
193
330
2
100
AcDbEntity
  8
0
100
AcDbPolyline
 90
        2
 70
     0
 43
0.25
 10
26038.10791778787
 20
-11131.92483976874
 10
26044.75791778787
 20
-11125.40657976874
  0
LWPOLYLINE
  5
194
330
2
100
AcDbEntity
  8
0
100
AcDbPolyline
 90
        2
 70
     0
 43
0.25
 10
26015.23291778787
 20
-11138.44308976874
 10
26030.48291778787
 20
-11125.40657976874
  0
LWPOLYLINE
  5
195
330
2
100
AcDbEntity
  8
0
100
AcDbPolyline
 90
        2
 70
     0
 43
0.25
 10
26045.73291778787
 20
-11138.44308976874
 10
26030.48291778787
 20
-11125.40657976874
  0
LWPOLYLINE
  5
196
330
2
100
AcDbEntity
  8
0
100
AcDbPolyline
 90
        2
 70
     0
 43
0.25
 10
26021.95791778787
 20
-11156.15834176874
 10
26022.85791778787
 20
-11144.12463976874
  0
LWPOLYLINE
  5
197
330
2
100
AcDbEntity
  8
0
100
AcDbPolyline
 90
        2
 70
     0
 43
0.25
 10
26039.00791778787
 20
-11156.15834176874
 10
26038.10791778787
 20
-11144.12463976874
  0
LWPOLYLINE
  5
198
330
2
100
AcDbEntity
  8
0
100
AcDbPolyline
 90
        2
 70
     0
 43
0.25
 10
26014.33291778787
 20
-11150.47678976874
 10
26021.31641878787
 20
-11156.63633676874
  0
LWPOLYLINE
  5
199
330
2
100
AcDbEntity
  8
0
100
AcDbPolyline
 90
        2
 70
     0
 43
0.25
 10
26046.63291778787
 20
-11150.47678976874
 10
26039.64941678787
 20
-11156.63633676874
  0
LWPOLYLINE
  5
19A
330
2
100
AcDbEntity
  8
0
100
AcDbPolyline
 90
        2
 70
     0
 43
0.25
 10
26014.33291778787
 20
-11150.47678976874
 10
26022.85791778787
 20
-11144.12463976874
  0
LWPOLYLINE
  5
19B
330
2
100
AcDbEntity
  8
0
100
AcDbPolyline
 90
        2
 70
     0
 43
0.25
 10
26046.63291778787
 20
-11150.47678976874
 10
26038.10791778787
 20
-11144.12463976874
  0
LWPOLYLINE
  5
19C
330
2
100
AcDbEntity
  8
0
100
AcDbPolyline
 90
        2
 70
     0
 43
0.25
 10
26013.43291778787
 20
-11162.51049976874
 10
26045.73291778787
 20
-11138.44308976874
  0
LWPOLYLINE
  5
19D
330
2
100
AcDbEntity
  8
0
100
AcDbPolyline
 90
        2
 70
     0
 43
0.25
 10
26047.53291778787
 20
-11162.51049976874
 10
26015.23291778787
 20
-11138.44308976874
  0
LWPOLYLINE
  5
19E
330
2
100
AcDbEntity
  8
0
100
AcDbPolyline
 90
        2
 70
     0
 43
0.25
 10
26013.43291778787
 20
-11162.51049976874
 10
26018.68291778787
 20
-11092.31389976874
  0
LWPOLYLINE
  5
19F
330
2
100
AcDbEntity
  8
0
100
AcDbPolyline
 90
        2
 70
     0
 43
0.25
 10
26047.53291778787
 20
-11162.51049976874
 10
26042.28291778787
 20
-11092.31389976874
  0
INSERT
  5
1A0
330
2
100
AcDbEntity
  8
2
100
AcDbBlockReference
  2
M16X60
 10
26106.12613840368
 20
-11141.21611568646
 30
0.0
 41
5.0
 42
5.0
 43
5.0
  0
INSERT
  5
1AE
330
2
100
AcDbEntity
  8
2
100
AcDbBlockReference
  2
M16X60
 10
26224.12613840369
 20
-11141.21611568646
 30
0.0
 41
5.0
 42
5.0
 43
5.0
  0
DIMENSION
  5
1AF
330
2
100
AcDbEntity
  8
3
100
AcDbDimension
280
     0
  2
*D7
 10
26231.86610997691
 20
-11144.14673561808
 30
0.0
 11
26233.97932794736
 21
-11142.23391961565
 31
0.0
  1
70
 71
     5
 42
69.99491695583856
 73
     0
 74
     0
 75
     0
  3
BZ$0
100
AcDbAlignedDimension
 13
26224.12613840369
 23
-11141.21611568645
 33
0.0
 14
26224.38713840369
 24
-11144.70611568646
 34
0.0
 50
274.2774000000041
100
AcDbRotatedDimension
  0
DIMENSION
  5
1C0
330
2
100
AcDbEntity
  8
3
100
AcDbDimension
280
     0
  2
*D8
 10
26229.78718343545
 20
-11155.38683389654
 30
0.0
 11
26230.1652295998
 21
-11152.13719265308
 31
0.0
  1
95
 71
     5
 42
94.99968095584336
 73
     0
 74
     0
 75
     0
  3
BZ$0
100
AcDbAlignedDimension
 13
26224.12613840369
 23
-11141.21611568645
 33
0.0
 14
26220.48263840368
 24
-11144.26361568645
 34
0.0
 50
39.91240000004505
100
AcDbRotatedDimension
  0
DIMENSION
  5
1CF
330
2
100
AcDbEntity
  8
3
100
AcDbDimension
280
     0
  2
*D9
 10
26225.59147100047
 20
-11131.36337110795
 30
0.0
 11
26229.22434487449
 21
-11131.72390817058
 31
0.0
  1
115
 71
     5
 42
114.9974577670218
 73
     0
 74
     0
 75
     0
  3
BZ$0
100
AcDbAlignedDimension
 13
26224.12613840369
 23
-11141.21611568645
 33
0.0
 14
26219.9701384037
 24
-11137.24261568646
 34
0.0
 50
316.2847000000631
100
AcDbRotatedDimension
  0
DIMENSION
  5
1DE
330
2
100
AcDbEntity
  8
3
100
AcDbDimension
280
     0
  2
*D10
 10
26231.30714340804
 20
-11136.66768259356
 30
0.0
 11
26233.70005599159
 21
-11138.49436679588
 31
0.0
  1
80
 71
     5
 42
80.00305801724608
 73
     0
 74
     0
 75
     0
  3
BZ$0
100
AcDbAlignedDimension
 13
26224.12613840369
 23
-11141.21611568645
 33
0.0
 14
26223.82763840368
 24
-11137.22711568645
 34
0.0
 50
274.2774999999765
100
AcDbRotatedDimension
  0
DIMENSION
  5
1ED
330
2
100
AcDbEntity
  8
3
100
AcDbDimension
280
     0
  2
*D11
 10
26239.74110997693
 20
-11249.4417356181
 30
0.0
 11
26241.85432794737
 21
-11247.52891961566
 31
0.0
  1
70
 71
     5
 42
69.99491695583856
 73
     0
 74
     0
 75
     0
  3
BZ$0
100
AcDbAlignedDimension
 13
26232.00113840369
 23
-11246.51111568647
 33
0.0
 14
26232.26213840369
 24
-11250.00111568647
 34
0.0
 50
274.2774000000041
100
AcDbRotatedDimension
  0
DIMENSION
  5
1FC
330
2
100
AcDbEntity
  8
3
100
AcDbDimension
280
     0
  2
*D12
 10
26234.99139535497
 20
-11256.93632564369
 30
0.0
 11
26238.02289565985
 21
-11256.8879647221
 31
0.0
 70
   128
  1
95
 71
     5
 42
94.99745257526229
 73
     0
 74
     0
 75
     0
  3
BZ$0
100
AcDbAlignedDimension
 13
26232.00113840369
 23
-11246.51111568647
 33
0.0
 14
26228.47013840367
 24
-11249.68811568646
 34
0.0
 50
41.97789999997082
100
AcDbRotatedDimension
  0
DIMENSION
  5
20B
330
2
100
AcDbEntity
  8
3
100
AcDbDimension
280
     0
  2
*D13
 10
26234.48197060852
 20
-11235.36284061008
 30
0.0
 11
26237.93908739828
 21
-11235.32132178764
 31
0.0
  1
105
 71
     5
 42
105.0019452063134
 73
     0
 74
     0
 75
     0
  3
BZ$0
100
AcDbAlignedDimension
 13
26232.00113840369
 23
-11246.51111568647
 33
0.0
 14
26227.97413840368
 24
-11243.14261568646
 34
0.0
 50
320.0872999999402
100
AcDbRotatedDimension
  0
DIMENSION
  5
21A
330
2
100
AcDbEntity
  8
3
100
AcDbDimension
280
     0
  2
*D14
 10
26239.18214340804
 20
-11241.96268259357
 30
0.0
 11
26241.5750559916
 21
-11243.7893667959
 31
0.0
  1
80
 71
     5
 42
80.00305801724608
 73
     0
 74
     0
 75
     0
  3
BZ$0
100
AcDbAlignedDimension
 13
26232.00113840369
 23
-11246.51111568647
 33
0.0
 14
26231.70263840368
 24
-11242.52211568647
 34
0.0
 50
274.2774999999765
100
AcDbRotatedDimension
  0
DIMENSION
  5
229
330
2
100
AcDbEntity
  8
3
100
AcDbDimension
280
     0
  2
*D15
 10
26244.24110997694
 20
-11309.61023561809
 30
0.0
 11
26246.35432794739
 21
-11307.69741961566
 31
0.0
  1
70
 71
     5
 42
69.99491695583856
 73
     0
 74
     0
 75
     0
  3
BZ$0
100
AcDbAlignedDimension
 13
26236.50113840369
 23
-11306.67961568647
 33
0.0
 14
26236.76213840369
 24
-11310.16961568647
 34
0.0
 50
274.2774000000041
100
AcDbRotatedDimension
  0
DIMENSION
  5
238
330
2
100
AcDbEntity
  8
3
100
AcDbDimension
280
     0
  2
*D16
 10
26243.71910997694
 20
-11302.62973561809
 30
0.0
 11
26246.09337643991
 21
-11304.20716598872
 31
0.0
  1
70
 71
     5
 42
70.00488910205604
 73
     0
 74
     0
 75
     0
  3
BZ$0
100
AcDbAlignedDimension
 13
26236.50113840369
 23
-11306.67961568647
 33
0.0
 14
26236.24013840367
 24
-11303.18911568647
 34
0.0
 50
274.2774000000041
100
AcDbRotatedDimension
  0
DIMENSION
  5
247
330
2
100
AcDbEntity
  8
3
100
AcDbDimension
280
     0
  2
*D17
 10
26249.11610997693
 20
-11374.79273561808
 30
0.0
 11
26251.22932794737
 21
-11372.87991961565
 31
0.0
  1
70
 71
     5
 42
69.99491695554752
 73
     0
 74
     0
 75
     0
  3
BZ$0
100
AcDbAlignedDimension
 13
26241.37613840369
 23
-11371.86211568646
 33
0.0
 14
26241.63713840369
 24
-11375.35211568645
 34
0.0
 50
274.2774000000041
100
AcDbRotatedDimension
  0
DIMENSION
  5
256
330
2
100
AcDbEntity
  8
3
100
AcDbDimension
280
     0
  2
*D18
 10
26244.75573297741
 20
-11383.92921116855
 30
0.0
 11
26248.38319964748
 21
-11385.05482823811
 31
0.0
 70
   128
  1
90
 71
     5
 42
89.99845435369934
 73
     0
 74
     0
 75
     0
  3
BZ$0
100
AcDbAlignedDimension
 13
26241.37613840369
 23
-11371.86211568646
 33
0.0
 14
26237.76763840368
 24
-11374.55061568647
 34
0.0
 50
36.69020000005631
100
AcDbRotatedDimension
  0
DIMENSION
  5
263
330
2
100
AcDbEntity
  8
3
100
AcDbDimension
280
     0
  2
*D19
 10
26244.23914734261
 20
-11360.20260896438
 30
0.0
 11
26247.75348404047
 21
-11360.24678329039
 31
0.0
  1
108
 71
     5
 42
108.0001022000943
 73
     0
 74
     0
 75
     0
  3
BZ$0
100
AcDbAlignedDimension
 13
26241.37613840369
 23
-11371.86211568646
 33
0.0
 14
26237.27164540426
 24
-11368.35309980655
 34
0.0
 50
319.4742999999867
100
AcDbRotatedDimension
  0
DIMENSION
  5
272
330
2
100
AcDbEntity
  8
3
100
AcDbDimension
280
     0
  2
*D20
 10
26248.55714243168
 20
-11367.31366953937
 30
0.0
 11
26250.95005820341
 21
-11369.14034956539
 31
0.0
  1
80
 71
     5
 42
80.00305802201183
 73
     0
 74
     0
 75
     0
  3
BZ$0
100
AcDbAlignedDimension
 13
26241.37613840369
 23
-11371.86211568646
 33
0.0
 14
26241.07763840368
 24
-11367.87311568646
 34
0.0
 50
274.2775999999615
100
AcDbRotatedDimension
  0
INSERT
  5
281
330
2
100
AcDbEntity
  8
2
100
AcDbBlockReference
  2
M16X40
 10
26127.00113840368
 20
-11339.27061568647
 30
0.0
 41
5.0
 42
5.0
 43
5.0
  0
INSERT
  5
282
330
2
100
AcDbEntity
  8
2
100
AcDbBlockReference
  2
M16X40
 10
26203.25113840368
 20
-11339.27061568647
 30
0.0
 41
5.0
 42
5.0
 43
5.0
  0
INSERT
  5
283
330
2
100
AcDbEntity
  8
2
100
AcDbBlockReference
  2
M16X40
 10
26102.18863840369
 20
-11193.86361568646
 30
0.0
 41
5.0
 42
5.0
 43
5.0
  0
INSERT
  5
284
330
2
100
AcDbEntity
  8
2
100
AcDbBlockReference
  2
M16X40
 10
26228.06363840369
 20
-11193.86361568646
 30
0.0
 41
5.0
 42
5.0
 43
5.0
  0
INSERT
  5
285
330
2
100
AcDbEntity
  8
2
100
AcDbBlockReference
  2
M16X40
 10
26162.05813840369
 20
-11193.13611568646
 30
0.0
 41
5.0
 42
5.0
 43
5.0
  0
INSERT
  5
286
330
2
100
AcDbEntity
  8
2
100
AcDbBlockReference
  2
M16X40
 10
26168.19413840368
 20
-11193.13611568646
 30
0.0
 41
5.0
 42
5.0
 43
5.0
  0
INSERT
  5
287
330
2
100
AcDbEntity
  8
2
100
AcDbBlockReference
  2
M16X50
 10
26165.12613840368
 20
-11190.56961568646
 30
0.0
 41
5.0
 42
5.0
 43
5.0
  0
INSERT
  5
294
330
2
100
AcDbEntity
  8
2
100
AcDbBlockReference
  2
M16X40
 10
26131.68863840368
 20
-11276.59511568646
 30
0.0
 41
5.0
 42
5.0
 43
5.0
  0
INSERT
  5
295
330
2
100
AcDbEntity
  8
2
100
AcDbBlockReference
  2
M16X40
 10
26198.56363840368
 20
-11276.59511568646
 30
0.0
 41
5.0
 42
5.0
 43
5.0
  0
INSERT
  5
296
330
2
100
AcDbEntity
  8
2
100
AcDbBlockReference
  2
M16X50
 10
26084.37613840369
 20
-11432.03061568646
 30
0.0
 41
5.0
 42
5.0
 43
5.0
  0
INSERT
  5
297
330
2
100
AcDbEntity
  8
2
100
AcDbBlockReference
  2
M16X50
 10
26245.87613840369
 20
-11432.03061568646
 30
0.0
 41
5.0
 42
5.0
 43
5.0
  0
INSERT
  5
298
330
2
100
AcDbEntity
  8
2
100
AcDbBlockReference
  2
M16X40
 10
26127.00113840368
 20
-11400.26961568646
 30
0.0
 41
5.0
 42
5.0
 43
5.0
  0
INSERT
  5
299
330
2
100
AcDbEntity
  8
2
100
AcDbBlockReference
  2
M16X40
 10
26203.25113840368
 20
-11400.26961568646
 30
0.0
 41
5.0
 42
5.0
 43
5.0
  0
INSERT
  5
29A
330
2
100
AcDbEntity
  8
2
100
AcDbBlockReference
  2
M16X40
 10
26119.29363840368
 20
-11462.82811568646
 30
0.0
 41
5.0
 42
5.0
 43
5.0
  0
INSERT
  5
29B
330
2
100
AcDbEntity
  8
2
100
AcDbBlockReference
  2
M16X40
 10
26210.95863840369
 20
-11462.82811568646
 30
0.0
 41
5.0
 42
5.0
 43
5.0
  0
INSERT
  5
29C
330
2
100
AcDbEntity
  8
2
100
AcDbBlockReference
  2
M16X40
 10
26122.50113840369
 20
-11460.43811568646
 30
0.0
 41
5.0
 42
5.0
 43
5.0
  0
INSERT
  5
29D
330
2
100
AcDbEntity
  8
2
100
AcDbBlockReference
  2
M16X40
 10
26207.75113840369
 20
-11460.43811568646
 30
0.0
 41
5.0
 42
5.0
 43
5.0
  0
INSERT
  5
29E
330
2
100
AcDbEntity
  8
2
100
AcDbBlockReference
  2
M16X50
 10
26165.12613840368
 20
-11428.67761568646
 30
0.0
 41
5.0
 42
5.0
 43
5.0
  0
TEXT
  5
29F
330
2
100
AcDbEntity
  8
3
100
AcDbText
 10
26162.04280507035
 20
-11158.21161568646
 30
0.0
 40
2.5
  1
2360
 41
0.7
 72
     1
 11
26165.12613840368
 21
-11158.21161568646
 31
0.0
100
AcDbText
  0
LINE
  5
2A0
330
2
100
AcDbEntity
  8
3
100
AcDbLine
 10
26155.68563840368
 20
-11159.21161568646
 30
0.0
 11
26174.56663840368
 21
-11159.21161568646
 31
0.0
  0
TEXT
  5
2A1
330
2
100
AcDbEntity
  8
3
100
AcDbText
 10
26155.92298486291
 20
-11163.97322890671
 30
0.0
 40
2.5
  1
1538
 50
320.0873999999531
 41
0.7
 72
     1
 11
26158.16013840369
 21
-11165.84461568646
 31
0.0
100
AcDbText
  0
LINE
  5
2A2
330
2
100
AcDbEntity
  8
3
100
AcDbLine
 10
26165.12613840368
 20
-11167.10861568646
 30
0.0
 11
26155.68563840368
 21
-11159.21161568646
 31
0.0
  0
TEXT
  5
2A3
330
2
100
AcDbEntity
  8
3
100
AcDbText
 10
26169.85498486291
 20
-11167.71600246621
 30
0.0
 40
2.5
  1
1538
 50
39.91260000004689
 41
0.7
 72
     1
 11
26172.09213840369
 21
-11165.84461568646
 31
0.0
100
AcDbText
  0
LINE
  5
2A4
330
2
100
AcDbEntity
  8
3
100
AcDbLine
 10
26174.56663840368
 20
-11159.21161568646
 30
0.0
 11
26165.12613840368
 21
-11167.10861568646
 31
0.0
  0
TEXT
  5
2A5
330
2
100
AcDbEntity
  8
3
100
AcDbText
 10
26123.03598812909
 20
-11170.84522500214
 30
0.0
 40
2.5
  1
1538
 50
320.0872999999769
 41
0.7
 72
     1
 11
26125.27313840368
 21
-11172.71661568646
 31
0.0
100
AcDbText
  0
LINE
  5
2A6
330
2
100
AcDbEntity
  8
3
100
AcDbLine
 10
26129.35163840369
 20
-11177.43211568646
 30
0.0
 11
26119.91163840368
 21
-11169.53561568646
 31
0.0
  0
TEXT
  5
2A7
330
2
100
AcDbEntity
  8
3
100
AcDbText
 10
26130.26500351902
 20
-11181.23105411776
 30
0.0
 40
2.5
  1
80
 50
39.9115000000084
 41
0.7
 72
     1
 11
26131.35163840368
 21
-11180.32211568646
 31
0.0
100
AcDbText
  0
LINE
  5
2A8
330
2
100
AcDbEntity
  8
3
100
AcDbLine
 10
26128.86063840369
 20
-11177.84261568646
 30
0.0
 11
26129.35163840369
 21
-11177.43211568646
 31
0.0
  0
TEXT
  5
2A9
330
2
100
AcDbEntity
  8
3
100
AcDbText
 10
26121.36384124002
 20
-11181.43401566748
 30
0.0
 40
2.5
  1
1197
 50
0.6958999999816845
 41
0.7
 72
     1
 11
26124.11363840368
 21
-11181.40061568646
 31
0.0
100
AcDbText
  0
LINE
  5
2AA
330
2
100
AcDbEntity
  8
3
100
AcDbLine
 10
26119.28163840369
 20
-11177.95911568646
 30
0.0
 11
26128.86063840369
 21
-11177.84261568646
 31
0.0
  0
TEXT
  5
2AB
330
2
100
AcDbEntity
  8
3
100
AcDbText
 10
26118.38521542403
 20
-11176.53960849877
 30
0.0
 40
2.5
  1
1056
 50
85.7227999999046
 41
0.7
 72
     1
 11
26118.59963840368
 21
-11173.67261568646
 31
0.0
100
AcDbText
  0
LINE
  5
2AC
330
2
100
AcDbEntity
  8
3
100
AcDbLine
 10
26119.91163840368
 20
-11169.53561568646
 30
0.0
 11
26119.28163840369
 21
-11177.95911568646
 31
0.0
  0
TEXT
  5
2AD
330
2
100
AcDbEntity
  8
3
100
AcDbText
 10
26116.76184135663
 20
-11206.19302526608
 30
0.0
 40
2.5
  1
1197
 50
0.6960999999577526
 41
0.7
 72
     1
 11
26119.51163840369
 21
-11206.15961568646
 31
0.0
100
AcDbText
  0
LINE
  5
2AE
330
2
100
AcDbEntity
  8
3
100
AcDbLine
 10
26124.31363840369
 20
-11207.10161568646
 30
0.0
 11
26114.73313840369
 21
-11207.21811568647
 31
0.0
  0
TEXT
  5
2AF
330
2
100
AcDbEntity
  8
3
100
AcDbText
 10
26119.18502883947
 20
-11215.95474052341
 30
0.0
 40
2.5
  1
1664
 50
39.91270000002311
 41
0.7
 72
     1
 11
26121.45413840369
 21
-11214.05661568646
 31
0.0
100
AcDbText
  0
LINE
  5
2B0
330
2
100
AcDbEntity
  8
3
100
AcDbLine
 10
26114.10313840369
 20
-11215.64261568646
 30
0.0
 11
26124.31363840369
 21
-11207.10161568646
 31
0.0
  0
TEXT
  5
2B1
330
2
100
AcDbEntity
  8
3
100
AcDbText
 10
26113.20671542402
 20
-11214.22260849877
 30
0.0
 40
2.5
  1
1056
 50
85.7227999999046
 41
0.7
 72
     1
 11
26113.42113840368
 21
-11211.35561568646
 31
0.0
100
AcDbText
  0
LINE
  5
2B2
330
2
100
AcDbEntity
  8
3
100
AcDbLine
 10
26114.73313840369
 20
-11207.21811568647
 30
0.0
 11
26114.10313840369
 21
-11215.64261568646
 31
0.0
  0
TEXT
  5
2B3
330
2
100
AcDbEntity
  8
3
100
AcDbText
 10
26106.30989174593
 20
-11275.20351218577
 30
0.0
 40
2.5
  1
1207
 50
85.7227999999046
 41
0.7
 72
     1
 11
26106.527422305
 21
-11272.294968753
 31
0.0
100
AcDbText
  0
LINE
  5
2B4
330
2
100
AcDbEntity
  8
3
100
AcDbLine
 10
26107.897422305
 20
-11267.38346875299
 30
0.0
 11
26107.151422305
 21
-11277.355468753
 31
0.0
  0
TEXT
  5
2B5
330
2
100
AcDbEntity
  8
3
100
AcDbText
 10
26109.66427636328
 20
-11267.62855827272
 30
0.0
 40
2.5
  1
900
 50
318.0217000000529
 41
0.7
 72
     1
 11
26111.33692230501
 21
-11269.13346875299
 31
0.0
100
AcDbText
  0
LINE
  5
2B6
330
2
100
AcDbEntity
  8
3
100
AcDbLine
 10
26113.438922305
 20
-11272.369468753
 30
0.0
 11
26107.897422305
 21
-11267.38346875299
 31
0.0
  0
TEXT
  5
2B7
330
2
100
AcDbEntity
  8
3
100
AcDbText
 10
26110.70695845247
 20
-11279.00298822879
 30
0.0
 40
2.5
  1
968
 50
38.41419999999501
 41
0.7
 72
     1
 11
26112.469922305
 21
-11277.604968753
 31
0.0
100
AcDbText
  0
LINE
  5
2B8
330
2
100
AcDbEntity
  8
3
100
AcDbLine
 10
26107.151422305
 20
-11277.355468753
 30
0.0
 11
26113.438922305
 21
-11272.369468753
 31
0.0
  0
TEXT
  5
2B9
330
2
100
AcDbEntity
  8
3
100
AcDbText
 10
26125.82267699117
 20
-11293.94063823921
 30
0.0
 40
2.5
  1
968
 50
38.41429999999989
 41
0.7
 72
     1
 11
26127.58563840368
 21
-11292.54261568646
 31
0.0
100
AcDbText
  0
LINE
  5
2BA
330
2
100
AcDbEntity
  8
3
100
AcDbLine
 10
26131.24313840369
 20
-11290.91861568646
 30
0.0
 11
26125.17113840369
 21
-11295.73361568646
 31
0.0
  0
TEXT
  5
2BB
330
2
100
AcDbEntity
  8
3
100
AcDbText
 10
26132.9149898354
 20
-11291.0777081255
 30
0.0
 40
2.5
  1
900
 50
318.0217999998974
 41
0.7
 72
     1
 11
26134.58763840368
 21
-11292.58261568646
 31
0.0
100
AcDbText
  0
LINE
  5
2BC
330
2
100
AcDbEntity
  8
3
100
AcDbLine
 10
26136.59463840369
 20
-11295.73361568646
 30
0.0
 11
26131.24313840369
 21
-11290.91861568646
 31
0.0
  0
TEXT
  5
2BD
330
2
100
AcDbEntity
  8
3
100
AcDbText
 10
26127.96647173702
 20
-11299.23361568646
 30
0.0
 40
2.5
  1
1428
 41
0.7
 72
     1
 11
26130.88313840369
 21
-11299.23361568646
 31
0.0
100
AcDbText
  0
LINE
  5
2BE
330
2
100
AcDbEntity
  8
3
100
AcDbLine
 10
26125.17113840369
 20
-11295.73361568646
 30
0.0
 11
26136.59463840369
 21
-11295.73361568646
 31
0.0
  0
TEXT
  5
2BF
330
2
100
AcDbEntity
  8
3
100
AcDbText
 10
26130.64563423921
 20
-11325.46732991686
 30
0.0
 40
2.5
  1
1003
 50
40.52559999998964
 41
0.7
 72
     1
 11
26132.86263840369
 21
-11323.57211568646
 31
0.0
100
AcDbText
  0
LINE
  5
2C0
330
2
100
AcDbEntity
  8
3
100
AcDbLine
 10
26133.63963840369
 20
-11318.30361568646
 30
0.0
 11
26127.53763840368
 21
-11323.52011568646
 31
0.0
  0
TEXT
  5
2C1
330
2
100
AcDbEntity
  8
3
100
AcDbText
 10
26125.01097173702
 20
-11317.30361568646
 30
0.0
 40
2.5
  1
1428
 41
0.7
 72
     1
 11
26127.92763840368
 21
-11317.30361568646
 31
0.0
100
AcDbText
  0
LINE
  5
2C2
330
2
100
AcDbEntity
  8
3
100
AcDbLine
 10
26122.21563840368
 20
-11318.30361568646
 30
0.0
 11
26133.63963840369
 21
-11318.30361568646
 31
0.0
  0
TEXT
  5
2C3
330
2
100
AcDbEntity
  8
3
100
AcDbText
 10
26121.0876159002
 20
-11322.09862045402
 30
0.0
 40
2.5
  1
931
 50
315.5731999999998
 41
0.7
 72
     1
 11
26122.42663840368
 21
-11323.41111568646
 31
0.0
100
AcDbText
  0
LINE
  5
2C4
330
2
100
AcDbEntity
  8
3
100
AcDbLine
 10
26127.53763840368
 20
-11323.52011568646
 30
0.0
 11
26122.21563840368
 21
-11318.30361568646
 31
0.0
  0
TEXT
  5
2C5
330
2
100
AcDbEntity
  8
3
100
AcDbText
 10
26100.8356304619
 20
-11345.73741160659
 30
0.0
 40
2.5
  1
1307
 50
85.7227999999046
 41
0.7
 72
     1
 11
26101.05316102097
 21
-11342.82886817382
 31
0.0
100
AcDbText
  0
LINE
  5
2C6
330
2
100
AcDbEntity
  8
3
100
AcDbLine
 10
26102.44066102097
 20
-11337.68986817382
 30
0.0
 11
26101.66066102097
 21
-11348.11686817382
 31
0.0
  0
TEXT
  5
2C7
330
2
100
AcDbEntity
  8
3
100
AcDbText
 10
26104.46113851749
 20
-11338.26987294139
 30
0.0
 40
2.5
  1
931
 50
315.5731999999998
 41
0.7
 72
     1
 11
26105.80016102097
 21
-11339.58236817383
 31
0.0
100
AcDbText
  0
LINE
  5
2C8
330
2
100
AcDbEntity
  8
3
100
AcDbLine
 10
26107.75916102096
 20
-11342.90336817382
 30
0.0
 11
26102.44066102097
 21
-11337.68986817382
 31
0.0
  0
TEXT
  5
2C9
330
2
100
AcDbEntity
  8
3
100
AcDbText
 10
26104.76715685649
 20
-11350.06558240423
 30
0.0
 40
2.5
  1
1003
 50
40.52559999998964
 41
0.7
 72
     1
 11
26106.98416102097
 21
-11348.17036817382
 31
0.0
100
AcDbText
  0
LINE
  5
2CA
330
2
100
AcDbEntity
  8
3
100
AcDbLine
 10
26101.66066102097
 20
-11348.11686817382
 30
0.0
 11
26107.75916102096
 21
-11342.90336817382
 31
0.0
  0
TEXT
  5
2CB
330
2
100
AcDbEntity
  8
3
100
AcDbText
 10
26101.69956958488
 20
-11393.89561717072
 30
0.0
 40
2.5
  1
951
 50
323.3093999999418
 41
0.7
 72
     1
 11
26103.20308273564
 21
-11395.01591766859
 31
0.0
100
AcDbText
  0
LINE
  5
2CC
330
2
100
AcDbEntity
  8
3
100
AcDbLine
 10
26105.76508273564
 20
-11398.17191766859
 30
0.0
 11
26099.44608273563
 21
-11393.46391766859
 31
0.0
  0
TEXT
  5
2CD
330
2
100
AcDbEntity
  8
3
100
AcDbText
 10
26101.98478450113
 20
-11405.35310733193
 30
0.0
 40
2.5
  1
1063
 50
36.69060000005821
 41
0.7
 72
     1
 11
26104.32358273564
 21
-11403.61041766859
 31
0.0
100
AcDbText
  0
LINE
  5
2CE
330
2
100
AcDbEntity
  8
3
100
AcDbLine
 10
26098.70008273563
 20
-11403.43591766859
 30
0.0
 11
26105.76508273564
 21
-11398.17191766859
 31
0.0
  0
TEXT
  5
2CF
330
2
100
AcDbEntity
  8
3
100
AcDbText
 10
26097.85855725295
 20
-11401.28396148102
 30
0.0
 40
2.5
  1
1207
 50
85.7229000000469
 41
0.7
 72
     1
 11
26098.07608273565
 21
-11398.37541766859
 31
0.0
100
AcDbText
  0
LINE
  5
2D0
330
2
100
AcDbEntity
  8
3
100
AcDbLine
 10
26099.44608273563
 20
-11393.46391766859
 30
0.0
 11
26098.70008273563
 21
-11403.43591766859
 31
0.0
  0
TEXT
  5
2D1
330
2
100
AcDbEntity
  8
3
100
AcDbText
 10
26144.66671751453
 20
-11424.14164942808
 30
0.0
 40
2.5
  1
951
 50
323.3093999999418
 41
0.7
 72
     1
 11
26146.17023066528
 21
-11425.26194992594
 31
0.0
100
AcDbText
  0
LINE
  5
2D2
330
2
100
AcDbEntity
  8
3
100
AcDbLine
 10
26148.73223066528
 20
-11428.41794992594
 30
0.0
 11
26142.41323066527
 21
-11423.70944992595
 31
0.0
  0
TEXT
  5
2D3
330
2
100
AcDbEntity
  8
3
100
AcDbText
 10
26144.95193243077
 20
-11435.59913958928
 30
0.0
 40
2.5
  1
1063
 50
36.69060000005821
 41
0.7
 72
     1
 11
26147.29073066528
 21
-11433.85644992594
 31
0.0
100
AcDbText
  0
LINE
  5
2D4
330
2
100
AcDbEntity
  8
3
100
AcDbLine
 10
26141.66723066528
 20
-11433.68194992595
 30
0.0
 11
26148.73223066528
 21
-11428.41794992594
 31
0.0
  0
TEXT
  5
2D5
330
2
100
AcDbEntity
  8
3
100
AcDbText
 10
26140.82570010622
 20
-11431.52949335872
 30
0.0
 40
2.5
  1
1207
 50
85.7227999999046
 41
0.7
 72
     1
 11
26141.04323066529
 21
-11428.62094992594
 31
0.0
100
AcDbText
  0
LINE
  5
2D6
330
2
100
AcDbEntity
  8
3
100
AcDbLine
 10
26142.41323066527
 20
-11423.70944992595
 30
0.0
 11
26141.66723066528
 21
-11433.68194992595
 31
0.0
  0
TEXT
  5
2D7
330
2
100
AcDbEntity
  8
3
100
AcDbText
 10
26114.45060784461
 20
-11435.34565911923
 30
0.0
 40
2.5
  1
1207
 50
85.7227999999046
 41
0.7
 72
     1
 11
26114.66813840368
 21
-11432.43711568646
 31
0.0
100
AcDbText
  0
LINE
  5
2D8
330
2
100
AcDbEntity
  8
3
100
AcDbLine
 10
26110.80513840368
 20
-11437.16111568646
 30
0.0
 11
26111.55063840369
 21
-11427.19111568647
 31
0.0
  0
TEXT
  5
2D9
330
2
100
AcDbEntity
  8
3
100
AcDbText
 10
26111.49465216713
 20
-11441.01206693418
 30
0.0
 40
2.5
  1
80
 50
36.69069999999499
 41
0.7
 72
     1
 11
26112.63063840369
 21
-11440.16561568646
 31
0.0
100
AcDbText
  0
LINE
  5
2DA
330
2
100
AcDbEntity
  8
3
100
AcDbLine
 10
26110.27363840368
 20
-11437.55711568646
 30
0.0
 11
26110.80513840368
 21
-11437.16111568646
 31
0.0
  0
TEXT
  5
2DB
330
2
100
AcDbEntity
  8
3
100
AcDbText
 10
26103.65895502821
 20
-11436.39034421838
 30
0.0
 40
2.5
  1
931
 50
318.5872999999522
 41
0.7
 72
     1
 11
26105.06513840369
 21
-11437.63061568646
 31
0.0
100
AcDbText
  0
LINE
  5
2DC
330
2
100
AcDbEntity
  8
3
100
AcDbLine
 10
26104.48763840369
 20
-11432.45411568646
 30
0.0
 11
26110.27363840368
 21
-11437.55711568646
 31
0.0
  0
TEXT
  5
2DD
330
2
100
AcDbEntity
  8
3
100
AcDbText
 10
26105.08283712761
 20
-11430.76330126783
 30
0.0
 40
2.5
  1
1063
 50
36.69050000003786
 41
0.7
 72
     1
 11
26107.42163840368
 21
-11429.02061568646
 31
0.0
100
AcDbText
  0
LINE
  5
2DE
330
2
100
AcDbEntity
  8
3
100
AcDbLine
 10
26111.55063840369
 20
-11427.19111568647
 30
0.0
 11
26104.48763840369
 21
-11432.45411568646
 31
0.0
  0
TEXT
  5
2DF
330
2
100
AcDbEntity
  8
3
100
AcDbText
 10
26097.23927148716
 20
-11470.82008992034
 30
0.0
 40
2.5
  1
983
 50
36.69060000005821
 41
0.7
 72
     1
 11
26099.04348726807
 21
-11469.4757293229
 31
0.0
100
AcDbText
  0
LINE
  5
2E0
330
2
100
AcDbEntity
  8
3
100
AcDbLine
 10
26100.21848726807
 20
-11464.2352293229
 30
0.0
 11
26093.68548726807
 21
-11469.1027293229
 31
0.0
  0
TEXT
  5
2E1
330
2
100
AcDbEntity
  8
3
100
AcDbText
 10
26096.5803038926
 20
-11459.69245785482
 30
0.0
 40
2.5
  1
931
 50
318.5872999999522
 41
0.7
 72
     1
 11
26097.98648726808
 21
-11460.9327293229
 31
0.0
100
AcDbText
  0
LINE
  5
2E2
330
2
100
AcDbEntity
  8
3
100
AcDbLine
 10
26094.43148726807
 20
-11459.1307293229
 30
0.0
 11
26100.21848726807
 21
-11464.2352293229
 31
0.0
  0
TEXT
  5
2E3
330
2
100
AcDbEntity
  8
3
100
AcDbText
 10
26092.84395670901
 20
-11466.95077275567
 30
0.0
 40
2.5
  1
1207
 50
85.7227999999046
 41
0.7
 72
     1
 11
26093.06148726808
 21
-11464.0422293229
 31
0.0
100
AcDbText
  0
LINE
  5
2E4
330
2
100
AcDbEntity
  8
3
100
AcDbLine
 10
26093.68548726807
 20
-11469.1027293229
 30
0.0
 11
26094.43148726807
 21
-11459.1307293229
 31
0.0
  0
TEXT
  5
2E5
330
2
100
AcDbEntity
  8
3
100
AcDbText
 10
26155.97325157254
 20
-11464.33440978318
 30
0.0
 40
2.5
  1
2126
 50
36.69060000005821
 41
0.7
 72
     1
 11
26158.27863840369
 21
-11462.61661568646
 31
0.0
100
AcDbText
  0
LINE
  5
2E6
330
2
100
AcDbEntity
  8
3
100
AcDbLine
 10
26165.12613840368
 20
-11458.76161568646
 30
0.0
 11
26152.62613840368
 21
-11468.07561568646
 31
0.0
  0
TEXT
  5
2E7
330
2
100
AcDbEntity
  8
3
100
AcDbText
 10
26169.66825157253
 20
-11460.89882158973
 30
0.0
 40
2.5
  1
2126
 50
323.3093999999418
 41
0.7
 72
     1
 11
26171.97363840368
 21
-11462.61661568646
 31
0.0
100
AcDbText
  0
LINE
  5
2E8
330
2
100
AcDbEntity
  8
3
100
AcDbLine
 10
26177.62613840368
 20
-11468.07561568646
 30
0.0
 11
26165.12613840368
 21
-11458.76161568646
 31
0.0
  0
TEXT
  5
2E9
330
2
100
AcDbEntity
  8
3
100
AcDbText
 10
26162.20947173701
 20
-11471.57561568646
 30
0.0
 40
2.5
  1
3410
 41
0.7
 72
     1
 11
26165.12613840368
 21
-11471.57561568646
 31
0.0
100
AcDbText
  0
LINE
  5
2EA
330
2
100
AcDbEntity
  8
3
100
AcDbLine
 10
26152.62613840368
 20
-11468.07561568646
 30
0.0
 11
26177.62613840368
 21
-11468.07561568646
 31
0.0
  0
DIMENSION
  5
2EB
330
2
100
AcDbEntity
  8
3
100
AcDbDimension
280
     0
  2
*D21
 10
26244.13669354778
 20
-11107.09206874202
 30
0.0
 11
26247.21946077721
 21
-11118.14275693136
 31
0.0
  1
450
 71
     5
 42
449.9931790572373
 73
     0
 74
     0
 75
     0
  3
BZ$0
100
AcDbAlignedDimension
 13
26232.85113840369
 23
-11130.49861568645
 33
0.0
 14
26231.17313840368
 24
-11108.06161568646
 34
0.0
 50
274.2772000000993
100
AcDbRotatedDimension
  0
DIMENSION
  5
2F8
330
2
100
AcDbEntity
  8
3
100
AcDbDimension
280
     0
  2
*D22
 10
26245.81476099605
 20
-11129.52906369754
 30
0.0
 11
26248.7110945713
 21
-11138.08699692487
 31
0.0
  1
350
 71
     5
 42
350.0045012339251
 73
     0
 74
     0
 75
     0
  3
BZ$0
100
AcDbAlignedDimension
 13
26234.15613840369
 23
-11147.95011568647
 33
0.0
 14
26232.85113840369
 24
-11130.49861568645
 34
0.0
 50
274.2772000000993
100
AcDbRotatedDimension
  0
DIMENSION
  5
305
330
2
100
AcDbEntity
  8
3
100
AcDbDimension
280
     0
  2
*D23
 10
26247.119961136
 20
-11146.98054872904
 30
0.0
 11
26250.01627750832
 21
-11155.53825194053
 31
0.0
  1
350
 71
     5
 42
349.9952749039221
 73
     0
 74
     0
 75
     0
  3
BZ$0
100
AcDbAlignedDimension
 13
26235.46163840367
 23
-11165.40111568647
 33
0.0
 14
26234.15613840369
 24
-11147.95011568647
 34
0.0
 50
274.2772000000993
100
AcDbRotatedDimension
  0
DIMENSION
  5
312
330
2
100
AcDbEntity
  8
3
100
AcDbDimension
280
     0
  2
*D24
 10
26248.42512687003
 20
-11164.43157372886
 30
0.0
 11
26251.32146044528
 21
-11172.98950695619
 31
0.0
  1
350
 71
     5
 42
350.0045012337068
 73
     0
 74
     0
 75
     0
  3
BZ$0
100
AcDbAlignedDimension
 13
26236.7666384037
 23
-11182.85261568646
 33
0.0
 14
26235.46163840367
 24
-11165.40111568647
 34
0.0
 50
274.2772000000993
100
AcDbRotatedDimension
  0
DIMENSION
  5
31F
330
2
100
AcDbEntity
  8
3
100
AcDbDimension
280
     0
  2
*D25
 10
26249.73032700997
 20
-11181.88305876036
 30
0.0
 11
26252.62664199167
 21
-11190.4407433783
 31
0.0
  1
350
 71
     5
 42
349.9945290848336
 73
     0
 74
     0
 75
     0
  3
BZ$0
100
AcDbAlignedDimension
 13
26238.07163840369
 23
-11200.30361568646
 33
0.0
 14
26236.7666384037
 24
-11182.85261568646
 34
0.0
 50
274.2772000000993
100
AcDbRotatedDimension
  0
DIMENSION
  5
32C
330
2
100
AcDbEntity
  8
3
100
AcDbDimension
280
     0
  2
*D26
 10
26251.03548996278
 20
-11199.33404657308
 30
0.0
 11
26253.93182492865
 21
-11207.89199839395
 31
0.0
  1
350
 71
     5
 42
350.0052470526862
 73
     0
 74
     0
 75
     0
  3
BZ$0
100
AcDbAlignedDimension
 13
26239.37713840368
 23
-11217.75511568646
 33
0.0
 14
26238.07163840369
 24
-11200.30361568646
 34
0.0
 50
274.2772000000993
100
AcDbRotatedDimension
  0
DIMENSION
  5
339
330
2
100
AcDbEntity
  8
3
100
AcDbDimension
280
     0
  2
*D27
 10
26252.34069288393
 20
-11216.78556879166
 30
0.0
 11
26255.33025258305
 21
-11226.59000380469
 31
0.0
  1
400
 71
     5
 42
400.0038262200178
 73
     0
 74
     0
 75
     0
  3
BZ$0
100
AcDbAlignedDimension
 13
26240.86863840369
 23
-11237.69961568646
 33
0.0
 14
26239.37713840368
 24
-11217.75511568646
 34
0.0
 50
274.2772000000993
100
AcDbRotatedDimension
  0
DIMENSION
  5
346
330
2
100
AcDbEntity
  8
3
100
AcDbDimension
280
     0
  2
*D28
 10
26253.83234527155
 20
-11236.73005739456
 30
0.0
 11
26256.87782976698
 21
-11247.28224803209
 31
0.0
  1
430
 71
     5
 42
429.9975870862909
 73
     0
 74
     0
 75
     0
  3
BZ$0
100
AcDbAlignedDimension
 13
26242.47213840368
 23
-11259.13961568646
 33
0.0
 14
26240.86863840369
 24
-11237.69961568646
 34
0.0
 50
274.2772000000993
100
AcDbRotatedDimension
  0
DIMENSION
  5
353
330
2
100
AcDbEntity
  8
3
100
AcDbDimension
280
     0
  2
*D29
 10
26255.43584725184
 20
-11258.17005724646
 30
0.0
 11
26258.4253883574
 21
-11267.9742436501
 31
0.0
  1
400
 71
     5
 42
399.993854071181
 73
     0
 74
     0
 75
     0
  3
BZ$0
100
AcDbAlignedDimension
 13
26243.96363840368
 23
-11279.08361568646
 33
0.0
 14
26242.47213840368
 24
-11259.13961568646
 34
0.0
 50
274.2772000000993
100
AcDbRotatedDimension
  0
DIMENSION
  5
360
330
2
100
AcDbEntity
  8
3
100
AcDbDimension
280
     0
  2
*D30
 10
26256.92746245234
 20
-11278.11404863059
 30
0.0
 11
26259.91702354207
 21
-11287.91850223716
 31
0.0
  1
400
 71
     5
 42
400.0045720390335
 73
     0
 74
     0
 75
     0
  3
BZ$0
100
AcDbAlignedDimension
 13
26245.45563840368
 23
-11299.02811568646
 33
0.0
 14
26243.96363840368
 24
-11279.08361568646
 34
0.0
 50
274.2772000000993
100
AcDbRotatedDimension
  0
DIMENSION
  5
36D
330
2
100
AcDbEntity
  8
3
100
AcDbDimension
280
     0
  2
*D31
 10
26258.41911762122
 20
-11298.05857442058
 30
0.0
 11
26261.40867732033
 21
-11307.8630094336
 31
0.0
  1
400
 71
     5
 42
400.0038262199814
 73
     0
 74
     0
 75
     0
  3
BZ$0
100
AcDbAlignedDimension
 13
26246.94713840368
 23
-11318.97261568646
 33
0.0
 14
26245.45563840368
 24
-11299.02811568646
 34
0.0
 50
274.2772000000993
100
AcDbRotatedDimension
  0
DIMENSION
  5
37A
330
2
100
AcDbEntity
  8
3
100
AcDbDimension
280
     0
  2
*D32
 10
26259.91077000884
 20
-11318.00306302348
 30
0.0
 11
26262.9003111144
 21
-11327.80724942712
 31
0.0
  1
400
 71
     5
 42
399.993854071181
 73
     0
 74
     0
 75
     0
  3
BZ$0
100
AcDbAlignedDimension
 13
26248.43863840369
 23
-11338.91661568646
 33
0.0
 14
26246.94713840368
 24
-11318.97261568646
 34
0.0
 50
274.2772000000993
100
AcDbRotatedDimension
  0
DIMENSION
  5
387
330
2
100
AcDbEntity
  8
3
100
AcDbDimension
280
     0
  2
*D33
 10
26261.40238520942
 20
-11337.9470544076
 30
0.0
 11
26264.39194490853
 21
-11347.75148942063
 31
0.0
  1
400
 71
     5
 42
400.0038262199814
 73
     0
 74
     0
 75
     0
  3
BZ$0
100
AcDbAlignedDimension
 13
26249.93013840369
 23
-11358.86111568646
 33
0.0
 14
26248.43863840369
 24
-11338.91661568646
 34
0.0
 50
274.2772000000993
100
AcDbRotatedDimension
  0
DIMENSION
  5
394
330
2
100
AcDbEntity
  8
3
100
AcDbDimension
280
     0
  2
*D34
 10
26262.89403759703
 20
-11357.8915430105
 30
0.0
 11
26265.88358009322
 21
-11367.69574800769
 31
0.0
  1
400
 71
     5
 42
399.9945998902331
 73
     0
 74
     0
 75
     0
  3
BZ$0
100
AcDbAlignedDimension
 13
26251.42213840369
 23
-11378.80511568646
 33
0.0
 14
26249.93013840369
 24
-11358.86111568646
 34
0.0
 50
274.2772000000993
100
AcDbRotatedDimension
  0
DIMENSION
  5
3A1
330
2
100
AcDbEntity
  8
3
100
AcDbDimension
280
     0
  2
*D35
 10
26264.3856555788
 20
-11377.83557158173
 30
0.0
 11
26267.37521527792
 21
-11387.64000659475
 31
0.0
  1
400
 71
     5
 42
400.0038262199814
 73
     0
 74
     0
 75
     0
  3
BZ$0
100
AcDbAlignedDimension
 13
26252.91363840369
 23
-11398.74961568646
 33
0.0
 14
26251.42213840369
 24
-11378.80511568646
 34
0.0
 50
274.2772000000993
100
AcDbRotatedDimension
  0
DIMENSION
  5
3AE
330
2
100
AcDbEntity
  8
3
100
AcDbDimension
280
     0
  2
*D36
 10
26265.87730796644
 20
-11397.78006018462
 30
0.0
 11
26268.86686766555
 21
-11407.58449519765
 31
0.0
  1
400
 71
     5
 42
400.0038262199814
 73
     0
 74
     0
 75
     0
  3
BZ$0
100
AcDbAlignedDimension
 13
26254.40513840368
 23
-11418.69411568646
 33
0.0
 14
26252.91363840369
 24
-11398.74961568646
 34
0.0
 50
274.2772000000993
100
AcDbRotatedDimension
  0
DIMENSION
  5
3BB
330
2
100
AcDbEntity
  8
3
100
AcDbDimension
280
     0
  2
*D37
 10
26267.36896035408
 20
-11417.72454878752
 30
0.0
 11
26270.35850145965
 21
-11427.52873519116
 31
0.0
  1
400
 71
     5
 42
399.9938540711446
 73
     0
 74
     0
 75
     0
  3
BZ$0
100
AcDbAlignedDimension
 13
26255.89663840367
 23
-11438.63811568646
 33
0.0
 14
26254.40513840368
 24
-11418.69411568646
 34
0.0
 50
274.2772000000993
100
AcDbRotatedDimension
  0
DIMENSION
  5
3C8
330
2
100
AcDbEntity
  8
3
100
AcDbDimension
280
     0
  2
*D38
 10
26268.86057555463
 20
-11437.66854017165
 30
0.0
 11
26271.85013664435
 21
-11447.47299377822
 31
0.0
  1
400
 71
     5
 42
400.0045720393246
 73
     0
 74
     0
 75
     0
  3
BZ$0
100
AcDbAlignedDimension
 13
26257.38863840367
 23
-11458.58261568647
 33
0.0
 14
26255.89663840367
 24
-11438.63811568646
 34
0.0
 50
274.2772000000993
100
AcDbRotatedDimension
  0
DIMENSION
  5
3D5
330
2
100
AcDbEntity
  8
3
100
AcDbDimension
280
     0
  2
*D39
 10
26270.35223072349
 20
-11457.61306596165
 30
0.0
 11
26272.78240635072
 21
-11459.93812485552
 31
0.0
  1
100
 71
     5
 42
99.99321928327845
 73
     0
 74
     0
 75
     0
  3
BZ$0
100
AcDbAlignedDimension
 13
26254.76963840368
 23
-11463.79211568647
 33
0.0
 14
26257.38863840367
 24
-11458.58261568647
 34
0.0
 50
274.2772000000993
100
AcDbRotatedDimension
  0
LWPOLYLINE
  5
3E4
330
2
100
AcDbEntity
  8
2
100
AcDbPolyline
 90
        4
 70
     0
 43
0.25
 10
26224.19263840369
 20
-11108.58361568646
 10
26228.18163840369
 20
-11108.28511568646
 10
26228.21863840369
 20
-11108.78361568646
 10
26228.1441384037
 20
-11107.78661568647
  0
LWPOLYLINE
  5
3E5
330
2
100
AcDbEntity
  8
2
100
AcDbPolyline
 90
        5
 70
     0
 43
0.25
 10
26222.37763840369
 20
-11131.20711568646
 10
26223.37763840369
 20
-11131.20711568646
 10
26223.37763840369
 20
-11132.20711568646
 10
26223.37763840369
 20
-11131.20711568646
 10
26224.37763840369
 20
-11131.20711568646
  0
CIRCLE
  5
3E6
330
2
100
AcDbEntity
  8
2
100
AcDbCircle
 10
26223.37763840369
 20
-11131.20711568646
 30
0.0
 40
1.0
  0
LWPOLYLINE
  5
3E7
330
2
100
AcDbEntity
  8
2
100
AcDbPolyline
 90
        4
 70
     0
 43
0.25
 10
26227.1756384037
 20
-11148.47211568646
 10
26231.1646384037
 20
-11148.17361568646
 10
26231.20213840369
 20
-11148.67261568647
 10
26231.12713840369
 20
-11147.67511568646
  0
LWPOLYLINE
  5
3E8
330
2
100
AcDbEntity
  8
2
100
AcDbPolyline
 90
        5
 70
     0
 43
0.25
 10
26224.9881384037
 20
-11166.10961568646
 10
26225.9881384037
 20
-11166.10961568646
 10
26225.9881384037
 20
-11167.10961568646
 10
26225.9881384037
 20
-11166.10961568646
 10
26226.98813840368
 20
-11166.10961568646
  0
CIRCLE
  5
3E9
330
2
100
AcDbEntity
  8
2
100
AcDbCircle
 10
26225.9881384037
 20
-11166.10961568646
 30
0.0
 40
1.0
  0
LWPOLYLINE
  5
3EA
330
2
100
AcDbEntity
  8
2
100
AcDbPolyline
 90
        4
 70
     0
 43
0.25
 10
26229.78613840369
 20
-11183.37461568646
 10
26233.77513840369
 20
-11183.07611568647
 10
26233.81213840367
 20
-11183.57511568647
 10
26233.73763840369
 20
-11182.57761568647
  0
LWPOLYLINE
  5
3EB
330
2
100
AcDbEntity
  8
2
100
AcDbPolyline
 90
        5
 70
     0
 43
0.25
 10
26227.59813840368
 20
-11201.01261568647
 10
26228.59813840368
 20
-11201.01261568647
 10
26228.59813840368
 20
-11202.01261568647
 10
26228.59813840368
 20
-11201.01261568647
 10
26229.59813840368
 20
-11201.01261568647
  0
CIRCLE
  5
3EC
330
2
100
AcDbEntity
  8
2
100
AcDbCircle
 10
26228.59813840368
 20
-11201.01261568646
 30
0.0
 40
1.0
  0
LWPOLYLINE
  5
3ED
330
2
100
AcDbEntity
  8
2
100
AcDbPolyline
 90
        4
 70
     0
 43
0.25
 10
26232.3966384037
 20
-11218.27711568646
 10
26236.38513840369
 20
-11217.97861568647
 10
26236.42263840368
 20
-11218.47761568646
 10
26236.34813840368
 20
-11217.48011568646
  0
LWPOLYLINE
  5
3EE
330
2
100
AcDbEntity
  8
2
100
AcDbPolyline
 90
        5
 70
     0
 43
0.25
 10
26230.39513840369
 20
-11238.40811568646
 10
26231.39513840369
 20
-11238.40811568646
 10
26231.39513840369
 20
-11239.40811568645
 10
26231.39513840369
 20
-11238.40811568646
 10
26232.39513840369
 20
-11238.40811568646
  0
CIRCLE
  5
3EF
330
2
100
AcDbEntity
  8
2
100
AcDbCircle
 10
26231.39513840369
 20
-11238.40811568646
 30
0.0
 40
1.0
  0
LWPOLYLINE
  5
3F0
330
2
100
AcDbEntity
  8
2
100
AcDbPolyline
 90
        4
 70
     0
 43
0.25
 10
26235.49163840369
 20
-11259.66161568647
 10
26239.48063840369
 20
-11259.36311568647
 10
26239.51763840368
 20
-11259.86211568646
 10
26239.4431384037
 20
-11258.86461568646
  0
LWPOLYLINE
  5
3F1
330
2
100
AcDbEntity
  8
2
100
AcDbPolyline
 90
        5
 70
     0
 43
0.25
 10
26233.49013840369
 20
-11279.79211568646
 10
26234.49013840369
 20
-11279.79211568646
 10
26234.49013840369
 20
-11280.79211568647
 10
26234.49013840369
 20
-11279.79211568646
 10
26235.49013840369
 20
-11279.79211568646
  0
CIRCLE
  5
3F2
330
2
100
AcDbEntity
  8
2
100
AcDbCircle
 10
26234.49013840368
 20
-11279.79211568646
 30
0.0
 40
1.0
  0
LWPOLYLINE
  5
3F3
330
2
100
AcDbEntity
  8
2
100
AcDbPolyline
 90
        4
 70
     0
 43
0.25
 10
26238.47513840367
 20
-11299.55011568646
 10
26242.4636384037
 20
-11299.25161568647
 10
26242.50113840369
 20
-11299.75061568646
 10
26242.42663840368
 20
-11298.75311568647
  0
LWPOLYLINE
  5
3F4
330
2
100
AcDbEntity
  8
2
100
AcDbPolyline
 90
        5
 70
     0
 43
0.25
 10
26236.47363840369
 20
-11319.68111568647
 10
26237.47363840369
 20
-11319.68111568647
 10
26237.47363840369
 20
-11320.68111568647
 10
26237.47363840369
 20
-11319.68111568647
 10
26238.47363840368
 20
-11319.68111568647
  0
CIRCLE
  5
3F5
330
2
100
AcDbEntity
  8
2
100
AcDbCircle
 10
26237.47363840369
 20
-11319.68111568646
 30
0.0
 40
1.0
  0
LWPOLYLINE
  5
3F6
330
2
100
AcDbEntity
  8
2
100
AcDbPolyline
 90
        4
 70
     0
 43
0.25
 10
26241.45813840368
 20
-11339.43861568646
 10
26245.44713840368
 20
-11339.14061568646
 10
26245.48413840369
 20
-11339.63911568646
 10
26245.40963840368
 20
-11338.64161568645
  0
LWPOLYLINE
  5
3F7
330
2
100
AcDbEntity
  8
2
100
AcDbPolyline
 90
        5
 70
     0
 43
0.25
 10
26239.4566384037
 20
-11359.56961568647
 10
26240.45663840368
 20
-11359.56961568647
 10
26240.45663840368
 20
-11360.56961568647
 10
26240.45663840368
 20
-11359.56961568647
 10
26241.45663840368
 20
-11359.56961568647
  0
CIRCLE
  5
3F8
330
2
100
AcDbEntity
  8
2
100
AcDbCircle
 10
26240.45663840368
 20
-11359.56961568646
 30
0.0
 40
1.0
  0
LWPOLYLINE
  5
3F9
330
2
100
AcDbEntity
  8
2
100
AcDbPolyline
 90
        4
 70
     0
 43
0.25
 10
26244.44163840368
 20
-11379.32761568647
 10
26248.43013840369
 20
-11379.02911568646
 10
26248.46763840368
 20
-11379.52761568645
 10
26248.39313840369
 20
-11378.53061568646
  0
LWPOLYLINE
  5
3FA
330
2
100
AcDbEntity
  8
2
100
AcDbPolyline
 90
        5
 70
     0
 43
0.25
 10
26242.44013840369
 20
-11399.45811568645
 10
26243.44013840369
 20
-11399.45811568645
 10
26243.44013840369
 20
-11400.45811568647
 10
26243.44013840369
 20
-11399.45811568645
 10
26244.4401384037
 20
-11399.45811568645
  0
CIRCLE
  5
3FB
330
2
100
AcDbEntity
  8
2
100
AcDbCircle
 10
26243.44013840369
 20
-11399.45811568646
 30
0.0
 40
1.0
  0
LWPOLYLINE
  5
3FC
330
2
100
AcDbEntity
  8
2
100
AcDbPolyline
 90
        4
 70
     0
 43
0.25
 10
26247.42463840368
 20
-11419.21611568645
 10
26251.41363840368
 20
-11418.91761568646
 10
26251.45063840369
 20
-11419.41611568647
 10
26251.37613840369
 20
-11418.41911568646
  0
LWPOLYLINE
  5
3FD
330
2
100
AcDbEntity
  8
2
100
AcDbPolyline
 90
        5
 70
     0
 43
0.25
 10
26245.42313840369
 20
-11439.34661568647
 10
26246.42313840369
 20
-11439.34661568647
 10
26246.42313840369
 20
-11440.34661568645
 10
26246.42313840369
 20
-11439.34661568647
 10
26247.42313840368
 20
-11439.34661568647
  0
CIRCLE
  5
3FE
330
2
100
AcDbEntity
  8
2
100
AcDbCircle
 10
26246.42313840369
 20
-11439.34661568646
 30
0.0
 40
1.0
  0
LWPOLYLINE
  5
3FF
330
2
100
AcDbEntity
  8
2
100
AcDbPolyline
 90
        4
 70
     0
 43
0.25
 10
26250.40813840369
 20
-11459.10461568647
 10
26254.39663840369
 20
-11458.80611568647
 10
26254.43413840368
 20
-11459.30461568647
 10
26254.35963840369
 20
-11458.30761568646
  0
LWPOLYLINE
  5
400
330
2
100
AcDbEntity
  8
2
100
AcDbPolyline
 90
        2
 70
     0
 43
0.25
 10
26081.74363840369
 20
-11450.47211568646
 10
26079.2501384037
 20
-11450.28561568647
  0
LWPOLYLINE
  5
401
330
2
100
AcDbEntity
  8
2
100
AcDbPolyline
 90
        2
 70
     0
 43
0.25
 10
26081.48213840369
 20
-11453.96261568646
 10
26078.98913840368
 20
-11453.77611568647
  0
LWPOLYLINE
  5
402
330
2
100
AcDbEntity
  8
2
100
AcDbPolyline
 90
        2
 70
     0
 43
0.25
 10
26081.22113840369
 20
-11457.45261568647
 10
26078.72813840369
 20
-11457.26611568646
  0
LWPOLYLINE
  5
403
330
2
100
AcDbEntity
  8
2
100
AcDbPolyline
 90
        2
 70
     0
 43
0.25
 10
26080.96013840369
 20
-11460.94311568645
 10
26078.46713840367
 20
-11460.75661568646
  0
LWPOLYLINE
  5
404
330
2
100
AcDbEntity
  8
2
100
AcDbPolyline
 90
        2
 70
     0
 43
0.25
 10
26251.13263840368
 20
-11452.03061568646
 10
26248.63963840369
 20
-11452.21711568646
  0
LWPOLYLINE
  5
405
330
2
100
AcDbEntity
  8
2
100
AcDbPolyline
 90
        2
 70
     0
 43
0.25
 10
26251.39363840369
 20
-11455.52111568646
 10
26248.90063840369
 20
-11455.70761568646
  0
LWPOLYLINE
  5
406
330
2
100
AcDbEntity
  8
2
100
AcDbPolyline
 90
        2
 70
     0
 43
0.25
 10
26251.65463840369
 20
-11459.01111568647
 10
26249.16163840368
 20
-11459.19761568646
  0
LWPOLYLINE
  5
407
330
2
100
AcDbEntity
  8
2
100
AcDbPolyline
 90
        2
 70
     0
 43
0.25
 10
26251.9156384037
 20
-11462.50161568647
 10
26249.42263840368
 20
-11462.68811568646
  0
LWPOLYLINE
  5
408
330
2
100
AcDbEntity
  8
2
100
AcDbPolyline
 90
        2
 70
     0
 43
0.25
 10
26106.41963840369
 20
-11115.16561568646
 10
26103.92663840367
 20
-11114.97911568646
  0
LWPOLYLINE
  5
409
330
2
100
AcDbEntity
  8
2
100
AcDbPolyline
 90
        2
 70
     0
 43
0.25
 10
26106.15863840369
 20
-11118.65561568646
 10
26103.66563840369
 20
-11118.46911568647
  0
LWPOLYLINE
  5
40A
330
2
100
AcDbEntity
  8
2
100
AcDbPolyline
 90
        2
 70
     0
 43
0.25
 10
26105.89763840369
 20
-11122.14611568646
 10
26103.4046384037
 20
-11121.95961568647
  0
LWPOLYLINE
  5
40B
330
2
100
AcDbEntity
  8
2
100
AcDbPolyline
 90
        2
 70
     0
 43
0.25
 10
26105.63663840368
 20
-11125.63611568645
 10
26103.14363840369
 20
-11125.44961568646
  0
LWPOLYLINE
  5
40C
330
2
100
AcDbEntity
  8
2
100
AcDbPolyline
 90
        2
 70
     0
 43
0.25
 10
26106.79263840369
 20
-11110.17961568645
 10
26104.29963840368
 20
-11109.99311568646
  0
LWPOLYLINE
  5
40D
330
2
100
AcDbEntity
  8
2
100
AcDbPolyline
 90
        2
 70
     0
 43
0.25
 10
26107.0166384037
 20
-11107.18761568647
 10
26104.52363840369
 20
-11107.00111568646
  0
LWPOLYLINE
  5
40E
330
2
100
AcDbEntity
  8
2
100
AcDbPolyline
 90
        2
 70
     0
 43
0.25
 10
26107.24013840369
 20
-11104.19611568646
 10
26104.74713840369
 20
-11104.00961568647
  0
LWPOLYLINE
  5
40F
330
2
100
AcDbEntity
  8
2
100
AcDbPolyline
 90
        2
 70
     0
 43
0.25
 10
26107.46413840368
 20
-11101.20461568646
 10
26104.97113840369
 20
-11101.01811568646
  0
LWPOLYLINE
  5
410
330
2
100
AcDbEntity
  8
2
100
AcDbPolyline
 90
        2
 70
     0
 43
0.25
 10
26223.57113840369
 20
-11111.67511568646
 10
26226.06463840369
 20
-11111.48861568646
  0
LWPOLYLINE
  5
411
330
2
100
AcDbEntity
  8
2
100
AcDbPolyline
 90
        2
 70
     0
 43
0.25
 10
26223.34763840367
 20
-11108.68361568647
 10
26225.84063840369
 20
-11108.49711568646
  0
LWPOLYLINE
  5
412
330
2
100
AcDbEntity
  8
2
100
AcDbPolyline
 90
        2
 70
     0
 43
0.25
 10
26223.12413840368
 20
-11105.69211568646
 10
26225.61713840368
 20
-11105.50561568647
  0
LWPOLYLINE
  5
413
330
2
100
AcDbEntity
  8
2
100
AcDbPolyline
 90
        2
 70
     0
 43
0.25
 10
26222.90013840369
 20
-11102.70011568647
 10
26225.39313840368
 20
-11102.51361568645
  0
LWPOLYLINE
  5
414
330
2
100
AcDbEntity
  8
2
100
AcDbPolyline
 90
        2
 70
     0
 43
0.25
 10
26223.96313840369
 20
-11116.91061568645
 10
26226.45613840367
 20
-11116.72411568646
  0
LWPOLYLINE
  5
415
330
2
100
AcDbEntity
  8
2
100
AcDbPolyline
 90
        2
 70
     0
 43
0.25
 10
26224.22413840368
 20
-11120.40111568647
 10
26226.71713840369
 20
-11120.21461568647
  0
LWPOLYLINE
  5
416
330
2
100
AcDbEntity
  8
2
100
AcDbPolyline
 90
        2
 70
     0
 43
0.25
 10
26224.48513840368
 20
-11123.89111568646
 10
26226.97813840367
 20
-11123.70461568646
  0
LWPOLYLINE
  5
417
330
2
100
AcDbEntity
  8
2
100
AcDbPolyline
 90
        2
 70
     0
 43
0.25
 10
26224.7461384037
 20
-11127.38111568646
 10
26227.23913840368
 20
-11127.19511568646
  0
INSERT
  5
418
330
2
100
AcDbEntity
  8
2
100
AcDbBlockReference
  2
M20X45
 10
26082.85963840369
 20
-11452.31061568646
 30
0.0
 41
5.0
 42
5.0
 43
5.0
  0
INSERT
  5
41F
330
2
100
AcDbEntity
  8
2
100
AcDbBlockReference
  2
M20X45
 10
26082.59813840368
 20
-11455.80061568646
 30
0.0
 41
5.0
 42
5.0
 43
5.0
  0
INSERT
  5
420
330
2
100
AcDbEntity
  8
2
100
AcDbBlockReference
  2
M20X45
 10
26082.33713840369
 20
-11459.29111568647
 30
0.0
 41
5.0
 42
5.0
 43
5.0
  0
INSERT
  5
421
330
2
100
AcDbEntity
  8
2
100
AcDbBlockReference
  2
M20X45
 10
26082.07613840368
 20
-11462.78111568646
 30
0.0
 41
5.0
 42
5.0
 43
5.0
  0
INSERT
  5
422
330
2
100
AcDbEntity
  8
2
100
AcDbBlockReference
  2
M20X45
 10
26247.26213840369
 20
-11450.56561568647
 30
0.0
 41
5.0
 42
5.0
 43
5.0
  0
INSERT
  5
423
330
2
100
AcDbEntity
  8
2
100
AcDbBlockReference
  2
M20X45
 10
26247.52363840369
 20
-11454.05561568646
 30
0.0
 41
5.0
 42
5.0
 43
5.0
  0
INSERT
  5
424
330
2
100
AcDbEntity
  8
2
100
AcDbBlockReference
  2
M20X45
 10
26247.78463840368
 20
-11457.54611568647
 30
0.0
 41
5.0
 42
5.0
 43
5.0
  0
INSERT
  5
425
330
2
100
AcDbEntity
  8
2
100
AcDbBlockReference
  2
M20X45
 10
26248.04563840369
 20
-11461.03611568646
 30
0.0
 41
5.0
 42
5.0
 43
5.0
  0
TEXT
  5
426
330
2
100
AcDbEntity
  8
0
100
AcDbText
 10
26168.74663840368
 20
-11413.67911568647
 30
0.0
 40
2.2
  1
-12
 41
0.7
100
AcDbText
  0
CIRCLE
  5
427
330
2
100
AcDbEntity
  8
0
100
AcDbCircle
 10
26165.31813840369
 20
-11415.67911568646
 30
0.0
 40
4.0
  0
TEXT
  5
428
330
2
100
AcDbEntity
  8
0
100
AcDbText
 10
26162.61811460368
 20
-11417.17921568646
 30
0.0
 40
3.0
  1
428
 41
0.7
 72
     1
 11
26165.31811460368
 21
-11415.67921568646
 31
0.0
100
AcDbText
 73
     2
  0
LINE
  5
429
330
2
100
AcDbEntity
  8
0
100
AcDbLine
 10
26165.12613840368
 20
-11426.67756568646
 30
0.0
 11
26165.24830510368
 21
-11419.67861568646
 31
0.0
  0
LINE
  5
42A
330
2
100
AcDbEntity
  8
1
100
AcDbLine
 10
26163.12613840369
 20
-11430.67756568646
 30
0.0
 11
26163.12613844838
 21
-11429.47754116066
 31
0.0
  0
LINE
  5
42B
330
2
100
AcDbEntity
  8
1
100
AcDbLine
 10
26163.12613840369
 20
-11426.67756568646
 30
0.0
 11
26163.12613844838
 21
-11427.87754119642
 31
0.0
  0
LINE
  5
42C
330
2
100
AcDbEntity
  8
1
100
AcDbLine
 10
26163.12613840369
 20
-11426.67756568646
 30
0.0
 11
26164.32613842156
 21
-11426.67754122324
 31
0.0
  0
LINE
  5
42D
330
2
100
AcDbEntity
  8
1
100
AcDbLine
 10
26167.12613840369
 20
-11426.67756568646
 30
0.0
 11
26165.9261383858
 21
-11426.67754122324
 31
0.0
  0
LINE
  5
42E
330
2
100
AcDbEntity
  8
1
100
AcDbLine
 10
26167.12613840369
 20
-11426.67756568646
 30
0.0
 11
26167.12613835898
 21
-11427.87754119642
 31
0.0
  0
LINE
  5
42F
330
2
100
AcDbEntity
  8
1
100
AcDbLine
 10
26167.12613840369
 20
-11430.67756568646
 30
0.0
 11
26167.12613835898
 21
-11429.47754116066
 31
0.0
  0
LINE
  5
430
330
2
100
AcDbEntity
  8
1
100
AcDbLine
 10
26167.12613840369
 20
-11430.67756568646
 30
0.0
 11
26165.9261383858
 21
-11430.67754113384
 31
0.0
  0
LINE
  5
431
330
2
100
AcDbEntity
  8
1
100
AcDbLine
 10
26163.12613840369
 20
-11430.67756568646
 30
0.0
 11
26164.32613842156
 21
-11430.67754113384
 31
0.0
  0
TEXT
  5
432
330
2
100
AcDbEntity
  8
0
100
AcDbText
 10
26096.77142237895
 20
-11109.88193108121
 30
0.0
 40
3.0
  1
418
 41
0.7
 72
     1
 11
26099.27142237895
 21
-11108.38193108121
 31
0.0
100
AcDbText
 73
     2
  0
CIRCLE
  5
433
330
2
100
AcDbEntity
  8
0
100
AcDbCircle
 10
26099.27142237895
 20
-11108.38183108121
 30
0.0
 40
4.0
  0
TEXT
  5
434
330
2
100
AcDbEntity
  8
0
100
AcDbText
 10
26230.12787906167
 20
-11105.64959319898
 30
0.0
 40
2.5
  1
Q345L100X8
 50
274.2772000000954
 41
0.7
 72
     1
 11
26230.71521157116
 21
-11113.50266046746
 31
0.0
100
AcDbText
  0
TEXT
  5
435
330
2
100
AcDbEntity
  8
0
100
AcDbText
 10
26227.05690228272
 20
-11111.51992696219
 30
0.0
 40
2.5
  1
585
 50
274.2772000000954
 41
0.7
 72
     1
 11
26227.22471157115
 21
-11113.76366046747
 31
0.0
100
AcDbText
  0
LINE
  5
436
330
2
100
AcDbEntity
  8
0
100
AcDbLine
 10
26230.82271157115
 20
-11121.64216046747
 30
0.0
 11
26229.61071157116
 21
-11105.43766046747
 31
0.0
  0
TEXT
  5
437
330
2
100
AcDbEntity
  8
0
100
AcDbText
 10
26227.73491157116
 20
-11101.87686046747
 30
0.0
 40
3.0
  1
418
 41
0.7
 72
     1
 11
26230.23491157116
 21
-11100.37686046747
 31
0.0
100
AcDbText
 73
     2
  0
CIRCLE
  5
438
330
2
100
AcDbEntity
  8
0
100
AcDbCircle
 10
26230.23471157116
 20
-11100.37666046747
 30
0.0
 40
4.0
  0
TEXT
  5
439
330
2
100
AcDbEntity
  8
0
100
AcDbText
 10
26128.74466076528
 20
-11189.00027984207
 30
0.0
 40
3.0
  1
417
 41
0.7
 72
     1
 11
26131.24466076528
 21
-11187.50027984207
 31
0.0
100
AcDbText
 73
     2
  0
CIRCLE
  5
43A
330
2
100
AcDbEntity
  8
0
100
AcDbCircle
 10
26131.24463076529
 20
-11187.50037984206
 30
0.0
 40
4.0
  0
TEXT
  5
43B
330
2
100
AcDbEntity
  8
0
100
AcDbText
 10
26196.92208789318
 20
-11188.23505144723
 30
0.0
 40
2.5
  1
L40X4
 50
359.3040000000315
 41
0.7
 72
     1
 11
26200.75513840369
 21
-11188.28161568647
 31
0.0
100
AcDbText
  0
TEXT
  5
43C
330
2
100
AcDbEntity
  8
0
100
AcDbText
 10
26197.79618692831
 20
-11191.745686374
 30
0.0
 40
2.5
  1
1247
 50
359.3040000000315
 41
0.7
 72
     1
 11
26200.71263840369
 21
-11191.78111568646
 31
0.0
100
AcDbText
  0
LINE
  5
43D
330
2
100
AcDbEntity
  8
0
100
AcDbLine
 10
26204.81113840369
 20
-11188.83061568646
 30
0.0
 11
26196.68663840369
 21
-11188.73211568646
 31
0.0
  0
TEXT
  5
43E
330
2
100
AcDbEntity
  8
0
100
AcDbText
 10
26189.19927340368
 20
-11189.17141568646
 30
0.0
 40
3.0
  1
417
 41
0.7
 72
     1
 11
26191.69927340368
 21
-11187.67141568646
 31
0.0
100
AcDbText
 73
     2
  0
CIRCLE
  5
43F
330
2
100
AcDbEntity
  8
0
100
AcDbCircle
 10
26191.69913840369
 20
-11187.67161568646
 30
0.0
 40
4.0
  0
TEXT
  5
440
330
2
100
AcDbEntity
  8
0
100
AcDbText
 10
26133.69737946439
 20
-11222.92265259699
 30
0.0
 40
2.5
  1
L56X4
 50
39.91260000004689
 41
0.7
 72
     1
 11
26136.63763840369
 21
-11220.46311568646
 31
0.0
100
AcDbText
  0
TEXT
  5
441
330
2
100
AcDbEntity
  8
0
100
AcDbText
 10
26136.51814751772
 20
-11225.12593885362
 30
0.0
 40
2.5
  1
3332
 50
39.91260000004689
 41
0.7
 72
     1
 11
26138.88313840368
 21
-11223.14761568646
 31
0.0
100
AcDbText
  0
LINE
  5
442
330
2
100
AcDbEntity
  8
0
100
AcDbLine
 10
26140.07463840369
 20
-11218.23961568646
 30
0.0
 11
26133.84263840369
 21
-11223.45311568646
 31
0.0
  0
TEXT
  5
443
330
2
100
AcDbEntity
  8
0
100
AcDbText
 10
26128.19893340368
 20
-11228.92811568646
 30
0.0
 40
3.0
  1
416
 41
0.7
 72
     1
 11
26130.64893340368
 21
-11227.42811568646
 31
0.0
100
AcDbText
 73
     2
  0
CIRCLE
  5
444
330
2
100
AcDbEntity
  8
0
100
AcDbCircle
 10
26130.64913840369
 20
-11227.42811568646
 30
0.0
 40
4.0
  0
TEXT
  5
445
330
2
100
AcDbEntity
  8
0
100
AcDbText
 10
26202.74787946438
 20
-11214.67457877593
 30
0.0
 40
2.5
  1
L56X4
 50
320.0873999999531
 41
0.7
 72
     1
 11
26205.68813840369
 21
-11217.13411568646
 31
0.0
100
AcDbText
  0
TEXT
  5
446
330
2
100
AcDbEntity
  8
0
100
AcDbText
 10
26201.07764751771
 20
-11217.8402925193
 30
0.0
 40
2.5
  1
3332
 50
320.0873999999531
 41
0.7
 72
     1
 11
26203.44263840368
 21
-11219.81861568646
 31
0.0
100
AcDbText
  0
LINE
  5
447
330
2
100
AcDbEntity
  8
0
100
AcDbLine
 10
26208.48363840368
 20
-11220.12411568646
 30
0.0
 11
26202.25163840368
 21
-11214.91111568646
 31
0.0
  0
TEXT
  5
448
330
2
100
AcDbEntity
  8
0
100
AcDbText
 10
26196.55799340369
 20
-11212.43596568646
 30
0.0
 40
3.0
  1
415
 41
0.7
 72
     1
 11
26199.05799340369
 21
-11210.93596568646
 31
0.0
100
AcDbText
 73
     2
  0
CIRCLE
  5
449
330
2
100
AcDbEntity
  8
0
100
AcDbCircle
 10
26199.05813840368
 20
-11210.93611568646
 30
0.0
 40
4.0
  0
TEXT
  5
44A
330
2
100
AcDbEntity
  8
0
100
AcDbText
 10
26099.51979238979
 20
-11299.8714740784
 30
0.0
 40
2.5
  1
-95
 50
38.41429999999989
 41
0.7
 72
     1
 11
26101.47863840369
 21
-11298.31811568646
 31
0.0
100
AcDbText
  0
TEXT
  5
44B
330
2
100
AcDbEntity
  8
0
100
AcDbText
 10
26108.45808840368
 20
-11287.15631568647
 30
0.0
 40
3.0
  1
414
 41
0.7
 72
     1
 11
26111.00808840368
 21
-11285.65631568647
 31
0.0
100
AcDbText
 73
     2
  0
CIRCLE
  5
44C
330
2
100
AcDbEntity
  8
0
100
AcDbCircle
 10
26111.00813840368
 20
-11285.65611568646
 30
0.0
 40
4.0
  0
TEXT
  5
44D
330
2
100
AcDbEntity
  8
0
100
AcDbText
 10
26226.81479238978
 20
-11296.76475729452
 30
0.0
 40
2.5
  1
-95
 50
321.5857000000001
 41
0.7
 72
     1
 11
26228.77363840369
 21
-11298.31811568646
 31
0.0
100
AcDbText
  0
TEXT
  5
44E
330
2
100
AcDbEntity
  8
0
100
AcDbText
 10
26217.97022194926
 20
-11285.28418879202
 30
0.0
 40
2.5
  1
L40X3
 50
321.5857000000001
 41
0.7
 72
     1
 11
26220.94113840368
 21
-11287.64011568646
 31
0.0
100
AcDbText
  0
TEXT
  5
44F
330
2
100
AcDbEntity
  8
0
100
AcDbText
 10
26217.00367699117
 20
-11288.98459313371
 30
0.0
 40
2.5
  1
898
 50
321.5857000000001
 41
0.7
 72
     1
 11
26218.76663840368
 21
-11290.38261568646
 31
0.0
100
AcDbText
  0
LINE
  5
450
330
2
100
AcDbEntity
  8
0
100
AcDbLine
 10
26223.81363840369
 20
-11290.55611568646
 30
0.0
 11
26217.44763840368
 21
-11285.50811568646
 31
0.0
  0
TEXT
  5
451
330
2
100
AcDbEntity
  8
0
100
AcDbText
 10
26211.60121340369
 20
-11283.11761568647
 30
0.0
 40
3.0
  1
414
 41
0.7
 72
     1
 11
26214.15121340369
 21
-11281.61761568647
 31
0.0
100
AcDbText
 73
     2
  0
CIRCLE
  5
452
330
2
100
AcDbEntity
  8
0
100
AcDbCircle
 10
26214.15113840368
 20
-11281.61761568647
 30
0.0
 40
4.0
  0
TEXT
  5
453
330
2
100
AcDbEntity
  8
0
100
AcDbText
 10
26150.22823191361
 20
-11299.5124506236
 30
0.0
 40
2.5
  1
-80
 50
318.0217999998974
 41
0.7
 72
     1
 11
26152.08673032281
 21
-11301.18457013578
 31
0.0
100
AcDbText
  0
TEXT
  5
454
330
2
100
AcDbEntity
  8
0
100
AcDbText
 10
26124.28162623613
 20
-11261.4977681621
 30
0.0
 40
2.5
  1
L50X4
 50
318.0217999998974
 41
0.7
 72
     1
 11
26127.1313237969
 21
-11264.06168474743
 31
0.0
100
AcDbText
  0
TEXT
  5
455
330
2
100
AcDbEntity
  8
0
100
AcDbText
 10
26122.59110067935
 20
-11264.68500999137
 30
0.0
 40
2.5
  1
1744
 50
318.0217999998974
 41
0.7
 72
     1
 11
26124.79032379691
 21
-11266.66368474744
 31
0.0
100
AcDbText
  0
LINE
  5
456
330
2
100
AcDbEntity
  8
0
100
AcDbLine
 10
26129.81682379691
 20
-11267.15068474743
 30
0.0
 11
26123.7768237969
 21
-11261.71618474743
 31
0.0
  0
TEXT
  5
457
330
2
100
AcDbEntity
  8
0
100
AcDbText
 10
26118.55662188178
 20
-11259.49307846555
 30
0.0
 40
3.0
  1
413
 41
0.7
 72
     1
 11
26121.05662188178
 21
-11257.99307846555
 31
0.0
100
AcDbText
 73
     2
  0
CIRCLE
  5
458
330
2
100
AcDbEntity
  8
0
100
AcDbCircle
 10
26121.05657188178
 20
-11257.99317846554
 30
0.0
 40
4.0
  0
TEXT
  5
459
330
2
100
AcDbEntity
  8
0
100
AcDbText
 10
26176.88881076187
 20
-11302.29810395708
 30
0.0
 40
2.5
  1
-80
 50
41.97820000010266
 41
0.7
 72
     1
 11
26178.74730917107
 21
-11300.62598444491
 31
0.0
100
AcDbText
  0
TEXT
  5
45A
330
2
100
AcDbEntity
  8
0
100
AcDbText
 10
26208.53289128632
 20
-11260.43322288409
 30
0.0
 40
2.5
  1
L50X4
 50
41.97820000010266
 41
0.7
 72
     1
 11
26211.3825888471
 21
-11257.86930629876
 31
0.0
100
AcDbText
  0
TEXT
  5
45B
330
2
100
AcDbEntity
  8
0
100
AcDbText
 10
26211.52436572953
 20
-11262.44998105483
 30
0.0
 40
2.5
  1
1744
 50
41.97820000010266
 41
0.7
 72
     1
 11
26213.72358884709
 21
-11260.47130629875
 31
0.0
100
AcDbText
  0
LINE
  5
45C
330
2
100
AcDbEntity
  8
0
100
AcDbLine
 10
26214.7370888471
 20
-11255.52380629875
 30
0.0
 11
26208.69708884709
 21
-11260.95830629876
 31
0.0
  0
TEXT
  5
45D
330
2
100
AcDbEntity
  8
0
100
AcDbText
 10
26201.79219348134
 20
-11264.89677208917
 30
0.0
 40
3.0
  1
412
 41
0.7
 72
     1
 11
26204.29219348134
 21
-11263.39677208917
 31
0.0
100
AcDbText
 73
     2
  0
CIRCLE
  5
45E
330
2
100
AcDbEntity
  8
0
100
AcDbCircle
 10
26204.29243848133
 20
-11263.39687208917
 30
0.0
 40
4.0
  0
TEXT
  5
45F
330
2
100
AcDbEntity
  8
0
100
AcDbText
 10
26103.25113840368
 20
-11304.52961568646
 30
0.0
 40
2.5
  1
-60
 41
0.7
 72
     1
 11
26105.75113840368
 21
-11304.52961568646
 31
0.0
100
AcDbText
  0
TEXT
  5
460
330
2
100
AcDbEntity
  8
0
100
AcDbText
 10
26222.00113840368
 20
-11304.52961568646
 30
0.0
 40
2.5
  1
-60
 41
0.7
 72
     1
 11
26224.50113840368
 21
-11304.52961568646
 31
0.0
100
AcDbText
  0
TEXT
  5
461
330
2
100
AcDbEntity
  8
0
100
AcDbText
 10
26198.04280507036
 20
-11301.02961568646
 30
0.0
 40
2.5
  1
L50X4
 41
0.7
 72
     1
 11
26201.87613840369
 21
-11301.02961568646
 31
0.0
100
AcDbText
  0
TEXT
  5
462
330
2
100
AcDbEntity
  8
0
100
AcDbText
 10
26198.79280507036
 20
-11304.52961568646
 30
0.0
 40
2.5
  1
2735
 41
0.7
 72
     1
 11
26201.87613840369
 21
-11304.52961568646
 31
0.0
100
AcDbText
  0
LINE
  5
463
330
2
100
AcDbEntity
  8
0
100
AcDbLine
 10
26205.93863840369
 20
-11301.52961568646
 30
0.0
 11
26197.81363840369
 21
-11301.52961568646
 31
0.0
  0
TEXT
  5
464
330
2
100
AcDbEntity
  8
0
100
AcDbText
 10
26190.76363840369
 20
-11302.02951568646
 30
0.0
 40
3.0
  1
411
 41
0.7
 72
     1
 11
26192.81363840369
 21
-11300.52951568646
 31
0.0
100
AcDbText
 73
     2
  0
CIRCLE
  5
465
330
2
100
AcDbEntity
  8
0
100
AcDbCircle
 10
26192.81363840369
 20
-11300.52961568647
 30
0.0
 40
4.0
  0
TEXT
  5
466
330
2
100
AcDbEntity
  8
0
100
AcDbText
 10
26095.99308167554
 20
-11315.13642307785
 30
0.0
 40
2.5
  1
-90
 50
315.5731999999998
 41
0.7
 72
     1
 11
26097.77844501351
 21
-11316.8864167211
 31
0.0
100
AcDbText
  0
TEXT
  5
467
330
2
100
AcDbEntity
  8
0
100
AcDbText
 10
26105.45798840368
 20
-11330.15651568646
 30
0.0
 40
3.0
  1
410
 41
0.7
 72
     1
 11
26107.95798840368
 21
-11328.65651568646
 31
0.0
100
AcDbText
 73
     2
  0
CIRCLE
  5
468
330
2
100
AcDbEntity
  8
0
100
AcDbCircle
 10
26107.95813840368
 20
-11328.65661568646
 30
0.0
 40
4.0
  0
TEXT
  5
469
330
2
100
AcDbEntity
  8
0
100
AcDbText
 10
26229.79025414598
 20
-11319.06313831821
 30
0.0
 40
2.5
  1
-90
 50
44.42680000000019
 41
0.7
 72
     1
 11
26231.57561748395
 21
-11317.31314467496
 31
0.0
100
AcDbText
  0
TEXT
  5
46A
330
2
100
AcDbEntity
  8
0
100
AcDbText
 10
26220.3663373411
 20
-11328.44577271205
 30
0.0
 40
2.5
  1
L40X3
 50
44.42680000000019
 41
0.7
 72
     1
 11
26223.07413840369
 21
-11325.79161568646
 31
0.0
100
AcDbText
  0
TEXT
  5
46B
330
2
100
AcDbEntity
  8
0
100
AcDbText
 10
26223.94706745514
 20
-11329.83694340467
 30
0.0
 40
2.5
  1
866
 50
44.42680000000019
 41
0.7
 72
     1
 11
26225.52413840368
 21
-11328.29111568646
 31
0.0
100
AcDbText
  0
LINE
  5
46C
330
2
100
AcDbEntity
  8
0
100
AcDbLine
 10
26226.32563840368
 20
-11323.30461568646
 30
0.0
 11
26220.52313840369
 21
-11328.99211568646
 31
0.0
  0
TEXT
  5
46D
330
2
100
AcDbEntity
  8
0
100
AcDbText
 10
26215.15233840369
 20
-11334.70646568646
 30
0.0
 40
3.0
  1
410
 41
0.7
 72
     1
 11
26217.65233840369
 21
-11333.20646568646
 31
0.0
100
AcDbText
 73
     2
  0
CIRCLE
  5
46E
330
2
100
AcDbEntity
  8
0
100
AcDbCircle
 10
26217.65213840368
 20
-11333.20661568646
 30
0.0
 40
4.0
  0
TEXT
  5
46F
330
2
100
AcDbEntity
  8
0
100
AcDbText
 10
26152.23484911985
 20
-11315.06858502681
 30
0.0
 40
2.5
  1
-75
 50
40.52559999998964
 41
0.7
 72
     1
 11
26154.13513840369
 21
-11313.44411568646
 31
0.0
100
AcDbText
  0
TEXT
  5
470
330
2
100
AcDbEntity
  8
0
100
AcDbText
 10
26145.51714320089
 20
-11331.04651237212
 30
0.0
 40
2.5
  1
L50X4
 50
40.52559999998964
 41
0.7
 72
     1
 11
26148.43092010277
 21
-11328.55565938359
 31
0.0
100
AcDbText
  0
TEXT
  5
471
330
2
100
AcDbEntity
  8
0
100
AcDbText
 10
26148.52008742636
 20
-11333.08429912499
 30
0.0
 40
2.5
  1
1956
 50
40.52559999998964
 41
0.7
 72
     1
 11
26150.70542010277
 21
-11331.21615938359
 31
0.0
100
AcDbText
  0
LINE
  5
472
330
2
100
AcDbEntity
  8
0
100
AcDbLine
 10
26151.84392010277
 20
-11326.29615938359
 30
0.0
 11
26145.66792010278
 21
-11331.5756593836
 31
0.0
  0
TEXT
  5
473
330
2
100
AcDbEntity
  8
0
100
AcDbText
 10
26139.86718010277
 20
-11337.08450938359
 30
0.0
 40
3.0
  1
409
 41
0.7
 72
     1
 11
26142.51718010277
 21
-11335.58450938359
 31
0.0
100
AcDbText
 73
     2
  0
CIRCLE
  5
474
330
2
100
AcDbEntity
  8
0
100
AcDbCircle
 10
26142.51742010276
 20
-11335.58465938359
 30
0.0
 40
4.0
  0
TEXT
  5
475
330
2
100
AcDbEntity
  8
0
100
AcDbText
 10
26174.21684911986
 20
-11311.81964634611
 30
0.0
 40
2.5
  1
-75
 50
319.4744000000103
 41
0.7
 72
     1
 11
26176.11713840369
 21
-11313.44411568646
 31
0.0
100
AcDbText
  0
TEXT
  5
476
330
2
100
AcDbEntity
  8
0
100
AcDbText
 10
26185.721198876
 20
-11331.04830005515
 30
0.0
 40
2.5
  1
L50X4
 50
319.4744000000103
 41
0.7
 72
     1
 11
26188.63497577789
 21
-11333.53915304368
 31
0.0
100
AcDbText
  0
TEXT
  5
477
330
2
100
AcDbEntity
  8
0
100
AcDbText
 10
26184.17564310146
 20
-11334.33151330228
 30
0.0
 40
2.5
  1
1956
 50
319.4744000000103
 41
0.7
 72
     1
 11
26186.36097577787
 21
-11336.19965304368
 31
0.0
100
AcDbText
  0
LINE
  5
478
330
2
100
AcDbEntity
  8
0
100
AcDbLine
 10
26191.39797577788
 20
-11336.55915304368
 30
0.0
 11
26185.22247577787
 21
-11331.27965304368
 31
0.0
  0
TEXT
  5
479
330
2
100
AcDbEntity
  8
0
100
AcDbText
 10
26178.50799181058
 20
-11329.77141155651
 30
0.0
 40
3.0
  1
408
 41
0.7
 72
     1
 11
26181.20799181058
 21
-11328.27141155651
 31
0.0
100
AcDbText
 73
     2
  0
CIRCLE
  5
47A
330
2
100
AcDbEntity
  8
0
100
AcDbCircle
 10
26181.20804181057
 20
-11328.27141155651
 30
0.0
 40
4.0
  0
TEXT
  5
47B
330
2
100
AcDbEntity
  8
0
100
AcDbText
 10
26127.83512840368
 20
-11432.28291568646
 30
0.0
 40
3.0
  1
406
 41
0.7
 72
     1
 11
26130.48512840368
 21
-11430.78291568646
 31
0.0
100
AcDbText
 73
     2
  0
CIRCLE
  5
47C
330
2
100
AcDbEntity
  8
0
100
AcDbCircle
 10
26130.48513840369
 20
-11430.78311568646
 30
0.0
 40
4.0
  0
TEXT
  5
47D
330
2
100
AcDbEntity
  8
0
100
AcDbText
 10
26201.1713486769
 20
-11429.44550922386
 30
0.0
 40
2.5
  1
L40X3
 50
274.2772000000954
 41
0.7
 72
     1
 11
26201.45413840369
 21
-11433.22661568646
 31
0.0
100
AcDbText
  0
TEXT
  5
47E
330
2
100
AcDbEntity
  8
0
100
AcDbText
 10
26197.74610784462
 20
-11430.57907225369
 30
0.0
 40
2.5
  1
1257
 50
274.2772000000954
 41
0.7
 72
     1
 11
26197.96363840368
 21
-11433.48761568646
 31
0.0
100
AcDbText
  0
LINE
  5
47F
330
2
100
AcDbEntity
  8
0
100
AcDbLine
 10
26201.25863840368
 20
-11437.31511568646
 30
0.0
 11
26200.65263840369
 21
-11429.21261568647
 31
0.0
  0
TEXT
  5
480
330
2
100
AcDbEntity
  8
0
100
AcDbText
 10
26196.63236840369
 20
-11425.80101568646
 30
0.0
 40
3.0
  1
406
 41
0.7
 72
     1
 11
26199.28236840369
 21
-11424.30101568646
 31
0.0
100
AcDbText
 73
     2
  0
CIRCLE
  5
481
330
2
100
AcDbEntity
  8
0
100
AcDbCircle
 10
26199.28213840368
 20
-11424.30111568646
 30
0.0
 40
4.0
  0
TEXT
  5
482
330
2
100
AcDbEntity
  8
0
100
AcDbText
 10
26095.33138840368
 20
-11453.24174068646
 30
0.0
 40
3.0
  1
405
 41
0.7
 72
     1
 11
26098.03138840368
 21
-11451.74174068646
 31
0.0
100
AcDbText
 73
     2
  0
CIRCLE
  5
483
330
2
100
AcDbEntity
  8
0
100
AcDbCircle
 10
26098.03113840369
 20
-11451.74161568646
 30
0.0
 40
4.0
  0
TEXT
  5
484
330
2
100
AcDbEntity
  8
0
100
AcDbText
 10
26230.30702313328
 20
-11451.42972021079
 30
0.0
 40
2.5
  1
L40X3
 50
41.41270000004776
 41
0.7
 72
     1
 11
26233.15063840369
 21
-11448.92161568646
 31
0.0
100
AcDbText
  0
TEXT
  5
485
330
2
100
AcDbEntity
  8
0
100
AcDbText
 10
26234.05945502821
 20
-11452.78688715454
 30
0.0
 40
2.5
  1
981
 50
41.41270000004776
 41
0.7
 72
     1
 11
26235.46563840369
 21
-11451.54661568646
 31
0.0
100
AcDbText
  0
LINE
  5
486
330
2
100
AcDbEntity
  8
0
100
AcDbLine
 10
26236.52813840368
 20
-11446.60961568646
 30
0.0
 11
26230.43463840369
 21
-11451.98411568647
 31
0.0
  0
TEXT
  5
487
330
2
100
AcDbEntity
  8
0
100
AcDbText
 10
26224.64613840368
 20
-11457.54135068647
 30
0.0
 40
3.0
  1
405
 41
0.7
 72
     1
 11
26227.34613840368
 21
-11456.04135068647
 31
0.0
100
AcDbText
 73
     2
  0
CIRCLE
  5
488
330
2
100
AcDbEntity
  8
0
100
AcDbCircle
 10
26227.34613840368
 20
-11456.04111568646
 30
0.0
 40
4.0
  0
TEXT
  5
489
330
2
100
AcDbEntity
  8
0
100
AcDbText
 10
26099.55303840368
 20
-11413.03941568646
 30
0.0
 40
3.0
  1
407
 41
0.7
 72
     1
 11
26102.25303840368
 21
-11411.53941568646
 31
0.0
100
AcDbText
 73
     2
  0
CIRCLE
  5
48A
330
2
100
AcDbEntity
  8
0
100
AcDbCircle
 10
26102.25313840368
 20
-11411.53961568646
 30
0.0
 40
4.0
  0
TEXT
  5
48B
330
2
100
AcDbEntity
  8
0
100
AcDbText
 10
26226.71470069883
 20
-11411.20611912411
 30
0.0
 40
2.5
  1
L40X3
 50
323.3093999999418
 41
0.7
 72
     1
 11
26229.75513840368
 21
-11413.47161568646
 31
0.0
100
AcDbText
  0
TEXT
  5
48C
330
2
100
AcDbEntity
  8
0
100
AcDbText
 10
26225.59263139598
 20
-11414.73459055608
 30
0.0
 40
2.5
  1
1113
 50
323.3093999999418
 41
0.7
 72
     1
 11
26227.66413840368
 21
-11416.27811568647
 31
0.0
100
AcDbText
  0
LINE
  5
48D
330
2
100
AcDbEntity
  8
0
100
AcDbLine
 10
26232.71413840369
 20
-11416.29961568646
 30
0.0
 11
26226.19913840369
 21
-11411.44511568646
 31
0.0
  0
TEXT
  5
48E
330
2
100
AcDbEntity
  8
0
100
AcDbText
 10
26220.08703840369
 20
-11409.15571568646
 30
0.0
 40
3.0
  1
407
 41
0.7
 72
     1
 11
26222.78703840369
 21
-11407.65571568646
 31
0.0
100
AcDbText
 73
     2
  0
CIRCLE
  5
48F
330
2
100
AcDbEntity
  8
0
100
AcDbCircle
 10
26222.78713840369
 20
-11407.65561568646
 30
0.0
 40
4.0
  0
TEXT
  5
490
330
2
100
AcDbEntity
  8
0
100
AcDbText
 10
26142.37060102989
 20
-11451.42256279314
 30
0.0
 40
2.5
  1
L56X4
 50
36.69060000005821
 41
0.7
 72
     1
 11
26145.4444501381
 21
-11449.13217066418
 31
0.0
100
AcDbText
  0
TEXT
  5
491
330
2
100
AcDbEntity
  8
0
100
AcDbText
 10
26145.06300629019
 20
-11453.780942594
 30
0.0
 40
2.5
  1
4078
 50
36.69060000005821
 41
0.7
 72
     1
 11
26147.5354501381
 21
-11451.93867066418
 31
0.0
100
AcDbText
  0
LINE
  5
492
330
2
100
AcDbEntity
  8
0
100
AcDbLine
 10
26149.00095013809
 20
-11447.10567066418
 30
0.0
 11
26142.4854501381
 21
-11451.96017066418
 31
0.0
  0
TEXT
  5
493
330
2
100
AcDbEntity
  8
0
100
AcDbText
 10
26136.3236801381
 20
-11457.24967566418
 30
0.0
 40
3.0
  1
404
 41
0.7
 72
     1
 11
26139.0736801381
 21
-11455.74967566418
 31
0.0
100
AcDbText
 73
     2
  0
CIRCLE
  5
494
330
2
100
AcDbEntity
  8
0
100
AcDbCircle
 10
26139.0734501381
 20
-11455.74967066418
 30
0.0
 40
4.0
  0
TEXT
  5
495
330
2
100
AcDbEntity
  8
0
100
AcDbText
 10
26188.71385144783
 20
-11452.17512182335
 30
0.0
 40
2.5
  1
L56X4
 50
323.3093999999418
 41
0.7
 72
     1
 11
26191.78770055603
 21
-11454.46551395232
 31
0.0
100
AcDbText
  0
TEXT
  5
496
330
2
100
AcDbEntity
  8
0
100
AcDbText
 10
26187.22425670813
 20
-11455.42974202251
 30
0.0
 40
2.5
  1
4078
 50
323.3093999999418
 41
0.7
 72
     1
 11
26189.69670055603
 21
-11457.27201395233
 31
0.0
100
AcDbText
  0
LINE
  5
497
330
2
100
AcDbEntity
  8
0
100
AcDbLine
 10
26194.74670055602
 20
-11457.29401395232
 30
0.0
 11
26188.23170055602
 21
-11452.43901395232
 31
0.0
  0
TEXT
  5
498
330
2
100
AcDbEntity
  8
0
100
AcDbText
 10
26180.92460555603
 20
-11451.75360395233
 30
0.0
 40
3.0
  1
403
 41
0.7
 72
     1
 11
26183.62460555603
 21
-11450.25360395233
 31
0.0
100
AcDbText
 73
     2
  0
CIRCLE
  5
499
330
2
100
AcDbEntity
  8
0
100
AcDbCircle
 10
26183.62470055603
 20
-11450.25351395232
 30
0.0
 40
4.0
  0
TEXT
  5
49A
330
2
100
AcDbEntity
  8
0
100
AcDbText
 10
26102.3297041645
 20
-11123.40303472276
 30
0.0
 40
2.5
  1
+550
 50
85.7227999999046
 41
0.7
 72
     1
 11
26102.57831051772
 21
-11120.07898508531
 31
0.0
100
AcDbText
  0
TEXT
  5
49B
330
2
100
AcDbEntity
  8
0
100
AcDbText
 10
26077.73813729535
 20
-11461.72373254443
 30
0.0
 40
2.5
  1
-560
 50
85.7227999999046
 41
0.7
 72
     1
 11
26077.98674364858
 21
-11458.39968290698
 31
0.0
100
AcDbText
  0
TEXT
  5
49C
330
2
100
AcDbEntity
  8
0
100
AcDbText
 10
26091.69220735606
 20
-11217.32894448362
 30
0.0
 40
2.5
  1
Q345L100X7
 50
85.7227999999046
 41
0.7
 72
     1
 11
26092.27953986554
 21
-11209.47587721514
 31
0.0
100
AcDbText
  0
TEXT
  5
49D
330
2
100
AcDbEntity
  8
0
100
AcDbText
 10
26095.54268656821
 20
-11212.77007250931
 30
0.0
 40
2.5
  1
7029
 50
85.7227999999046
 41
0.7
 72
     1
 11
26095.76953986553
 21
-11209.73687721514
 31
0.0
100
AcDbText
  0
LINE
  5
49E
330
2
100
AcDbEntity
  8
0
100
AcDbLine
 10
26093.38403986553
 20
-11201.41087721514
 30
0.0
 11
26092.17203986553
 21
-11217.61537721514
 31
0.0
  0
TEXT
  5
49F
330
2
100
AcDbEntity
  8
0
100
AcDbText
 10
26083.39443460238
 20
-11228.79487721514
 30
0.0
 40
3.0
  1
\M+5BAF3402
 41
0.7
 72
     1
 11
26087.58653986554
 21
-11228.79487721514
 31
0.0
100
AcDbText
  0
TEXT
  5
4A0
330
2
100
AcDbEntity
  8
0
100
AcDbText
 10
26083.35022407606
 20
-11224.79487721513
 30
0.0
 40
3.0
  1
\M+5C7B0402
 41
0.7
 72
     1
 11
26087.58653986554
 21
-11224.79487721513
 31
0.0
100
AcDbText
  0
LINE
  5
4A1
330
2
100
AcDbEntity
  8
0
100
AcDbLine
 10
26081.58653986553
 20
-11225.29487721514
 30
0.0
 11
26093.58653986554
 21
-11225.29487721514
 31
0.0
  0
CIRCLE
  5
4A2
330
2
100
AcDbEntity
  8
0
100
AcDbCircle
 10
26087.58653986554
 20
-11225.29487721514
 30
0.0
 40
6.0
  0
CIRCLE
  5
4A3
330
2
100
AcDbEntity
  8
0
100
AcDbCircle
 10
26087.58653986554
 20
-11225.29487721514
 30
0.0
 40
7.0
  0
TEXT
  5
4A4
330
2
100
AcDbEntity
  8
0
100
AcDbText
 10
26215.75487824974
 20
-11117.37394743635
 30
0.0
 40
2.5
  1
+550
 50
274.2772000000954
 41
0.7
 72
     1
 11
26216.00348460297
 21
-11120.6979970738
 31
0.0
100
AcDbText
  0
TEXT
  5
4A5
330
2
100
AcDbEntity
  8
0
100
AcDbText
 10
26252.39790301871
 20
-11450.78322863178
 30
0.0
 40
2.5
  1
-560
 50
274.2772000000954
 41
0.7
 72
     1
 11
26252.64650937194
 21
-11454.10727826923
 31
0.0
100
AcDbText
  0
TEXT
  5
4A6
330
2
100
AcDbEntity
  8
0
100
AcDbText
 10
26242.38173503768
 20
-11218.71833127743
 30
0.0
 40
2.5
  1
Q345L100X7
 50
274.2772000000954
 41
0.7
 72
     1
 11
26242.96906754717
 21
-11226.57139854591
 31
0.0
100
AcDbText
  0
TEXT
  5
4A7
330
2
100
AcDbEntity
  8
0
100
AcDbText
 10
26239.25171424985
 20
-11223.79920325174
 30
0.0
 40
2.5
  1
7029
 50
274.2772000000954
 41
0.7
 72
     1
 11
26239.47856754716
 21
-11226.83239854591
 31
0.0
100
AcDbText
  0
LINE
  5
4A8
330
2
100
AcDbEntity
  8
0
100
AcDbLine
 10
26243.07606754717
 20
-11234.71139854591
 30
0.0
 11
26241.86456754717
 21
-11218.50639854591
 31
0.0
  0
TEXT
  5
4A9
330
2
100
AcDbEntity
  8
0
100
AcDbText
 10
26239.50195277895
 20
-11213.196271908
 30
0.0
 40
3.0
  1
\M+5BAF3402
 41
0.7
 72
     1
 11
26243.69405804211
 21
-11213.196271908
 31
0.0
100
AcDbText
  0
TEXT
  5
4AA
330
2
100
AcDbEntity
  8
0
100
AcDbText
 10
26239.90774225264
 20
-11209.196271908
 30
0.0
 40
3.0
  1
\M+5C7B0401
 41
0.7
 72
     1
 11
26243.69405804211
 21
-11209.196271908
 31
0.0
100
AcDbText
  0
LINE
  5
4AB
330
2
100
AcDbEntity
  8
0
100
AcDbLine
 10
26237.69405804211
 20
-11209.696271908
 30
0.0
 11
26249.69405804212
 21
-11209.696271908
 31
0.0
  0
CIRCLE
  5
4AC
330
2
100
AcDbEntity
  8
0
100
AcDbCircle
 10
26243.69405804211
 20
-11209.696271908
 30
0.0
 40
6.0
  0
CIRCLE
  5
4AD
330
2
100
AcDbEntity
  8
0
100
AcDbCircle
 10
26243.69405804211
 20
-11209.696271908
 30
0.0
 40
7.0
  0
LINE
  5
4AE
330
2
100
AcDbEntity
  8
1
100
AcDbLine
 10
26104.66213840369
 20
-11140.67911568646
 30
0.0
 11
26104.64363840368
 21
-11140.92811568646
 31
0.0
  0
LINE
  5
4AF
330
2
100
AcDbEntity
  8
1
100
AcDbLine
 10
26104.60563840368
 20
-11141.43461568646
 30
0.0
 11
26104.62413840368
 21
-11141.18511568646
 31
0.0
  0
LWPOLYLINE
  5
4B0
330
2
100
AcDbEntity
  8
0
100
AcDbPolyline
 90
        2
 70
     0
 43
0.25
 10
26104.66213840368
 20
-11140.67911568646
 10
26105.02163840369
 20
-11135.86911568646
  0
LWPOLYLINE
  5
4B1
330
2
100
AcDbEntity
  8
0
100
AcDbPolyline
 90
        2
 70
     0
 43
0.25
 10
26104.27613840368
 20
-11145.84111568647
 10
26104.60563840367
 20
-11141.43461568646
  0
LWPOLYLINE
  5
4B2
330
2
100
AcDbEntity
  8
0
100
AcDbPolyline
 90
        2
 70
     0
 43
0.25
 10
26108.26513840368
 20
-11146.13911568645
 10
26104.27613840368
 20
-11145.84111568647
  0
LWPOLYLINE
  5
4B3
330
2
100
AcDbEntity
  8
0
100
AcDbPolyline
 90
        2
 70
     0
 43
0.25
 10
26109.83013840368
 20
-11146.13961568646
 10
26108.26513840368
 20
-11146.13911568645
  0
LWPOLYLINE
  5
4B4
330
2
100
AcDbEntity
  8
0
100
AcDbPolyline
 90
        2
 70
     0
 43
0.25
 10
26111.62663840368
 20
-11143.99211568647
 10
26109.83013840368
 20
-11146.13961568646
  0
LWPOLYLINE
  5
4B5
330
2
100
AcDbEntity
  8
0
100
AcDbPolyline
 90
        2
 70
     0
 43
0.25
 10
26112.15313840367
 20
-11137.39061568646
 10
26111.62663840368
 20
-11143.99211568647
  0
LINE
  5
4B6
330
2
100
AcDbEntity
  8
1
100
AcDbLine
 10
26112.15313840368
 20
-11137.39061568646
 30
0.0
 11
26111.51463840369
 21
-11136.72261568646
 31
0.0
  0
LINE
  5
4B7
330
2
100
AcDbEntity
  8
1
100
AcDbLine
 10
26110.21813840368
 20
-11135.36661568646
 30
0.0
 11
26110.85663840369
 21
-11136.03461568646
 31
0.0
  0
LWPOLYLINE
  5
4B8
330
2
100
AcDbEntity
  8
0
100
AcDbPolyline
 90
        2
 70
     0
 43
0.25
 10
26105.02163840369
 20
-11135.86911568646
 10
26110.21813840369
 20
-11135.36661568646
  0
LINE
  5
4B9
330
2
100
AcDbEntity
  8
1
100
AcDbLine
 10
26225.61813840369
 20
-11141.05161568647
 30
0.0
 11
26225.63513840368
 21
-11141.28161568646
 31
0.0
  0
LINE
  5
4BA
330
2
100
AcDbEntity
  8
1
100
AcDbLine
 10
26225.67013840369
 20
-11141.74961568646
 30
0.0
 11
26225.65313840368
 21
-11141.51911568646
 31
0.0
  0
LWPOLYLINE
  5
4BB
330
2
100
AcDbEntity
  8
0
100
AcDbPolyline
 90
        2
 70
     0
 43
0.25
 10
26225.61813840369
 20
-11141.05161568647
 10
26225.23063840367
 20
-11135.86911568646
  0
LWPOLYLINE
  5
4BC
330
2
100
AcDbEntity
  8
0
100
AcDbPolyline
 90
        2
 70
     0
 43
0.25
 10
26225.97613840369
 20
-11145.84111568647
 10
26225.67013840368
 20
-11141.74961568646
  0
LWPOLYLINE
  5
4BD
330
2
100
AcDbEntity
  8
0
100
AcDbPolyline
 90
        2
 70
     0
 43
0.25
 10
26221.98713840369
 20
-11146.13911568645
 10
26225.97613840369
 20
-11145.84111568647
  0
LWPOLYLINE
  5
4BE
330
2
100
AcDbEntity
  8
0
100
AcDbPolyline
 90
        2
 70
     0
 43
0.25
 10
26220.42213840367
 20
-11146.13961568646
 10
26221.98713840369
 20
-11146.13911568645
  0
LINE
  5
4BF
330
2
100
AcDbEntity
  8
1
100
AcDbLine
 10
26220.42213840368
 20
-11146.13961568646
 30
0.0
 11
26219.82963840369
 21
-11145.43111568646
 31
0.0
  0
LINE
  5
4C0
330
2
100
AcDbEntity
  8
1
100
AcDbLine
 10
26218.62563840368
 20
-11143.99211568646
 30
0.0
 11
26219.21863840369
 21
-11144.70061568646
 31
0.0
  0
LWPOLYLINE
  5
4C1
330
2
100
AcDbEntity
  8
0
100
AcDbPolyline
 90
        2
 70
     0
 43
0.25
 10
26218.09913840368
 20
-11137.39061568646
 10
26218.62563840368
 20
-11143.99211568647
  0
LWPOLYLINE
  5
4C2
330
2
100
AcDbEntity
  8
0
100
AcDbPolyline
 90
        2
 70
     0
 43
0.25
 10
26220.0341384037
 20
-11135.36661568646
 10
26218.09913840368
 20
-11137.39061568646
  0
LWPOLYLINE
  5
4C3
330
2
100
AcDbEntity
  8
0
100
AcDbPolyline
 90
        2
 70
     0
 43
0.25
 10
26225.23063840367
 20
-11135.86911568646
 10
26220.0341384037
 20
-11135.36661568646
  0
LINE
  5
4C4
330
2
100
AcDbEntity
  8
1
100
AcDbLine
 10
26096.79213840368
 20
-11245.90611568646
 30
0.0
 11
26096.77363840368
 21
-11246.15111568646
 31
0.0
  0
LINE
  5
4C5
330
2
100
AcDbEntity
  8
1
100
AcDbLine
 10
26096.73663840369
 20
-11246.64861568646
 30
0.0
 11
26096.75513840369
 21
-11246.40361568646
 31
0.0
  0
LINE
  5
4C6
330
2
100
AcDbEntity
  8
1
100
AcDbLine
 10
26096.73663840369
 20
-11246.64861568646
 30
0.0
 11
26096.73263840368
 21
-11246.70461568646
 31
0.0
  0
LINE
  5
4C7
330
2
100
AcDbEntity
  8
1
100
AcDbLine
 10
26096.72413840369
 20
-11246.81861568646
 30
0.0
 11
26096.72813840368
 21
-11246.76261568646
 31
0.0
  0
LWPOLYLINE
  5
4C8
330
2
100
AcDbEntity
  8
0
100
AcDbPolyline
 90
        2
 70
     0
 43
0.25
 10
26096.79213840368
 20
-11245.90611568646
 10
26097.14663840367
 20
-11241.16361568646
  0
LWPOLYLINE
  5
4C9
330
2
100
AcDbEntity
  8
0
100
AcDbPolyline
 90
        2
 70
     0
 43
0.25
 10
26096.73663840368
 20
-11246.64861568646
 10
26096.73663840368
 20
-11246.64861568646
  0
LWPOLYLINE
  5
4CA
330
2
100
AcDbEntity
  8
0
100
AcDbPolyline
 90
        2
 70
     0
 43
0.25
 10
26096.40113840368
 20
-11251.13611568645
 10
26096.73679527061
 20
-11246.64943295288
  0
LWPOLYLINE
  5
4CB
330
2
100
AcDbEntity
  8
0
100
AcDbPolyline
 90
        2
 70
     0
 43
0.25
 10
26100.39013840368
 20
-11251.43411568646
 10
26096.40113840368
 20
-11251.13611568645
  0
LINE
  5
4CC
330
2
100
AcDbEntity
  8
1
100
AcDbLine
 10
26101.87563840368
 20
-11251.45311568646
 30
0.0
 11
26101.87563840368
 21
-11251.45311568646
 31
0.0
  0
LINE
  5
4CD
330
2
100
AcDbEntity
  8
1
100
AcDbLine
 10
26101.87563840368
 20
-11251.45311568646
 30
0.0
 11
26101.87563840368
 21
-11251.45311568646
 31
0.0
  0
LWPOLYLINE
  5
4CE
330
2
100
AcDbEntity
  8
0
100
AcDbPolyline
 90
        2
 70
     0
 43
0.25
 10
26101.87563840369
 20
-11251.45311568646
 10
26100.39013840368
 20
-11251.43411568646
  0
LINE
  5
4CF
330
2
100
AcDbEntity
  8
1
100
AcDbLine
 10
26096.4864165591
 20
-11246.60325099178
 30
0.0
 11
26097.0379165591
 21
-11245.99025099178
 31
0.0
  0
LINE
  5
4D0
330
2
100
AcDbEntity
  8
1
100
AcDbLine
 10
26098.1584165591
 20
-11244.74475099178
 30
0.0
 11
26097.60641655911
 21
-11245.35825099178
 31
0.0
  0
LWPOLYLINE
  5
4D1
330
2
100
AcDbEntity
  8
0
100
AcDbPolyline
 90
        2
 70
     0
 43
0.25
 10
26104.13513840368
 20
-11243.41411568647
 10
26103.54763840368
 20
-11249.59461568646
  0
LINE
  5
4D2
330
2
100
AcDbEntity
  8
1
100
AcDbLine
 10
26104.13513840369
 20
-11243.41411568646
 30
0.0
 11
26103.54213840368
 21
-11242.70561568646
 31
0.0
  0
LINE
  5
4D3
330
2
100
AcDbEntity
  8
1
100
AcDbLine
 10
26102.33863840368
 20
-11241.26661568646
 30
0.0
 11
26102.93113840369
 21
-11241.97561568646
 31
0.0
  0
LWPOLYLINE
  5
4D4
330
2
100
AcDbEntity
  8
0
100
AcDbPolyline
 90
        2
 70
     0
 43
0.25
 10
26097.14663840367
 20
-11241.16361568646
 10
26102.33863840368
 20
-11241.26661568647
  0
LINE
  5
4D5
330
2
100
AcDbEntity
  8
1
100
AcDbLine
 10
26233.48913840369
 20
-11246.29611568646
 30
0.0
 11
26233.50213840369
 21
-11246.46861568646
 31
0.0
  0
LINE
  5
4D6
330
2
100
AcDbEntity
  8
1
100
AcDbLine
 10
26233.52813840369
 20
-11246.81861568646
 30
0.0
 11
26233.51563840369
 21
-11246.64611568646
 31
0.0
  0
LWPOLYLINE
  5
4D7
330
2
100
AcDbEntity
  8
0
100
AcDbPolyline
 90
        2
 70
     0
 43
0.25
 10
26233.48913840368
 20
-11246.29611568647
 10
26233.10563840367
 20
-11241.16361568646
  0
LWPOLYLINE
  5
4D8
330
2
100
AcDbEntity
  8
0
100
AcDbPolyline
 90
        2
 70
     0
 43
0.25
 10
26233.85113840369
 20
-11251.13611568645
 10
26233.52813840369
 20
-11246.81861568646
  0
LWPOLYLINE
  5
4D9
330
2
100
AcDbEntity
  8
0
100
AcDbPolyline
 90
        2
 70
     0
 43
0.25
 10
26229.86213840369
 20
-11251.43411568646
 10
26233.85113840369
 20
-11251.13611568645
  0
LINE
  5
4DA
330
2
100
AcDbEntity
  8
1
100
AcDbLine
 10
26228.37663840369
 20
-11251.45311568646
 30
0.0
 11
26228.37663840369
 21
-11251.45311568646
 31
0.0
  0
LINE
  5
4DB
330
2
100
AcDbEntity
  8
1
100
AcDbLine
 10
26228.37663840369
 20
-11251.45311568646
 30
0.0
 11
26228.37663840369
 21
-11251.45311568646
 31
0.0
  0
LWPOLYLINE
  5
4DC
330
2
100
AcDbEntity
  8
0
100
AcDbPolyline
 90
        2
 70
     0
 43
0.25
 10
26228.3766384037
 20
-11251.45311568646
 10
26229.86213840369
 20
-11251.43411568646
  0
LINE
  5
4DD
330
2
100
AcDbEntity
  8
1
100
AcDbLine
 10
26228.37663840369
 20
-11251.45311568646
 30
0.0
 11
26227.82513840369
 21
-11250.84011568646
 31
0.0
  0
LINE
  5
4DE
330
2
100
AcDbEntity
  8
1
100
AcDbLine
 10
26226.70463840369
 20
-11249.59461568646
 30
0.0
 11
26227.25663840368
 21
-11250.20811568646
 31
0.0
  0
LWPOLYLINE
  5
4DF
330
2
100
AcDbEntity
  8
0
100
AcDbPolyline
 90
        2
 70
     0
 43
0.25
 10
26226.1171384037
 20
-11243.41411568647
 10
26226.70463840369
 20
-11249.59461568646
  0
LWPOLYLINE
  5
4E0
330
2
100
AcDbEntity
  8
0
100
AcDbPolyline
 90
        2
 70
     0
 43
0.25
 10
26227.91363840369
 20
-11241.26661568647
 10
26226.1171384037
 20
-11243.41411568647
  0
LWPOLYLINE
  5
4E1
330
2
100
AcDbEntity
  8
0
100
AcDbPolyline
 90
        2
 70
     0
 43
0.25
 10
26233.10563840367
 20
-11241.16361568646
 10
26227.91363840369
 20
-11241.26661568647
  0
LINE
  5
4E2
330
2
100
AcDbEntity
  8
1
100
AcDbLine
 10
26157.59963840369
 20
-11301.58911568646
 30
0.0
 11
26157.59963840369
 21
-11301.58911568646
 31
0.0
  0
LINE
  5
4E3
330
2
100
AcDbEntity
  8
1
100
AcDbLine
 10
26157.59963840369
 20
-11301.58911568646
 30
0.0
 11
26157.59963840369
 21
-11301.58911568646
 31
0.0
  0
LWPOLYLINE
  5
4E4
330
2
100
AcDbEntity
  8
0
100
AcDbPolyline
 90
        2
 70
     0
 43
0.25
 10
26157.59963840369
 20
-11301.58911568646
 10
26157.66263840369
 20
-11311.41511568646
  0
LINE
  5
4E5
330
2
100
AcDbEntity
  8
1
100
AcDbLine
 10
26161.31663840368
 20
-11304.93361568647
 30
0.0
 11
26161.86813840367
 21
-11304.32011568647
 31
0.0
  0
LINE
  5
4E6
330
2
100
AcDbEntity
  8
1
100
AcDbLine
 10
26162.98863840368
 20
-11303.07511568647
 30
0.0
 11
26162.43663840368
 21
-11303.68861568647
 31
0.0
  0
LWPOLYLINE
  5
4E7
330
2
100
AcDbEntity
  8
0
100
AcDbPolyline
 90
        2
 70
     0
 43
0.25
 10
26170.98063840369
 20
-11299.73061568646
 10
26159.2716384037
 20
-11299.73061568646
  0
LINE
  5
4E8
330
2
100
AcDbEntity
  8
1
100
AcDbLine
 10
26170.98063840368
 20
-11299.73061568646
 30
0.0
 11
26171.53263840369
 21
-11300.34411568646
 31
0.0
  0
LINE
  5
4E9
330
2
100
AcDbEntity
  8
1
100
AcDbLine
 10
26172.65263840368
 20
-11301.58911568646
 30
0.0
 11
26172.10113840368
 21
-11300.97561568646
 31
0.0
  0
LINE
  5
4EA
330
2
100
AcDbEntity
  8
1
100
AcDbLine
 10
26172.65263840368
 20
-11301.58911568646
 30
0.0
 11
26172.65263840368
 21
-11301.58911568646
 31
0.0
  0
LINE
  5
4EB
330
2
100
AcDbEntity
  8
1
100
AcDbLine
 10
26172.65263840368
 20
-11301.58911568646
 30
0.0
 11
26172.65263840368
 21
-11301.58911568646
 31
0.0
  0
LWPOLYLINE
  5
4EC
330
2
100
AcDbEntity
  8
0
100
AcDbPolyline
 90
        2
 70
     0
 43
0.25
 10
26172.5896384037
 20
-11311.41511568646
 10
26172.65263840368
 20
-11301.58911568646
  0
LWPOLYLINE
  5
4ED
330
2
100
AcDbEntity
  8
0
100
AcDbPolyline
 90
        2
 70
     0
 43
0.25
 10
26170.96513840369
 20
-11313.31511568647
 10
26172.5896384037
 20
-11311.41511568646
  0
LWPOLYLINE
  5
4EE
330
2
100
AcDbEntity
  8
0
100
AcDbPolyline
 90
        2
 70
     0
 43
0.25
 10
26159.28713840368
 20
-11313.31511568647
 10
26170.96513840369
 20
-11313.31511568647
  0
LWPOLYLINE
  5
4EF
330
2
100
AcDbEntity
  8
0
100
AcDbPolyline
 90
        2
 70
     0
 43
0.25
 10
26161.4636384037
 20
-11308.16661568646
 10
26163.08813840369
 20
-11310.06661568647
  0
LWPOLYLINE
  5
4F0
330
2
100
AcDbEntity
  8
0
100
AcDbPolyline
 90
        2
 70
     0
 43
0.25
 10
26091.90113840368
 20
-11311.30461568645
 10
26092.60963840367
 20
-11301.83111568646
  0
LWPOLYLINE
  5
4F1
330
2
100
AcDbEntity
  8
0
100
AcDbPolyline
 90
        2
 70
     0
 43
0.25
 10
26098.05013840369
 20
-11312.29361568645
 10
26091.90113840368
 20
-11311.30461568645
  0
LWPOLYLINE
  5
4F2
330
2
100
AcDbEntity
  8
0
100
AcDbPolyline
 90
        2
 70
     0
 43
0.25
 10
26099.45013840369
 20
-11310.86511568646
 10
26098.05013840369
 20
-11312.29361568645
  0
LWPOLYLINE
  5
4F3
330
2
100
AcDbEntity
  8
0
100
AcDbPolyline
 90
        2
 70
     0
 43
0.25
 10
26101.75113840369
 20
-11307.77961568646
 10
26099.45013840369
 20
-11310.86511568646
  0
LWPOLYLINE
  5
4F4
330
2
100
AcDbEntity
  8
0
100
AcDbPolyline
 90
        2
 70
     0
 43
0.25
 10
26101.75113840369
 20
-11305.27961568646
 10
26101.75113840369
 20
-11307.77961568646
  0
LWPOLYLINE
  5
4F5
330
2
100
AcDbEntity
  8
0
100
AcDbPolyline
 90
        2
 70
     0
 43
0.25
 10
26100.05313840368
 20
-11302.95811568647
 10
26101.75113840369
 20
-11305.27961568646
  0
LWPOLYLINE
  5
4F6
330
2
100
AcDbEntity
  8
0
100
AcDbPolyline
 90
        2
 70
     0
 43
0.25
 10
26096.86482488156
 20
-11302.93398314097
 10
26098.10732488157
 20
-11304.50098314098
  0
LWPOLYLINE
  5
4F7
330
2
100
AcDbEntity
  8
0
100
AcDbPolyline
 90
        2
 70
     0
 43
0.25
 10
26092.60963840367
 20
-11301.83111568646
 10
26098.81063840368
 20
-11301.39111568646
  0
LWPOLYLINE
  5
4F8
330
2
100
AcDbEntity
  8
0
100
AcDbPolyline
 90
        2
 70
     0
 43
0.25
 10
26238.35113840368
 20
-11311.30461568645
 10
26237.64263840368
 20
-11301.83111568646
  0
LINE
  5
4F9
330
2
100
AcDbEntity
  8
1
100
AcDbLine
 10
26232.2021384037
 20
-11312.29361568646
 30
0.0
 11
26232.2021384037
 21
-11312.29361568646
 31
0.0
  0
LINE
  5
4FA
330
2
100
AcDbEntity
  8
1
100
AcDbLine
 10
26232.2021384037
 20
-11312.29361568646
 30
0.0
 11
26232.2021384037
 21
-11312.29361568646
 31
0.0
  0
LWPOLYLINE
  5
4FB
330
2
100
AcDbEntity
  8
0
100
AcDbPolyline
 90
        2
 70
     0
 43
0.25
 10
26232.20213840369
 20
-11312.29361568645
 10
26238.35113840368
 20
-11311.30461568645
  0
LINE
  5
4FC
330
2
100
AcDbEntity
  8
1
100
AcDbLine
 10
26232.2021384037
 20
-11312.29361568646
 30
0.0
 11
26231.74013840369
 21
-11311.82211568647
 31
0.0
  0
LINE
  5
4FD
330
2
100
AcDbEntity
  8
1
100
AcDbLine
 10
26230.80213840368
 20
-11310.86511568646
 30
0.0
 11
26231.26413840369
 21
-11311.33661568646
 31
0.0
  0
LWPOLYLINE
  5
4FE
330
2
100
AcDbEntity
  8
0
100
AcDbPolyline
 90
        2
 70
     0
 43
0.25
 10
26228.50113840369
 20
-11307.77961568646
 10
26230.80213840368
 20
-11310.86511568646
  0
LWPOLYLINE
  5
4FF
330
2
100
AcDbEntity
  8
0
100
AcDbPolyline
 90
        2
 70
     0
 43
0.25
 10
26228.50113840369
 20
-11305.27961568646
 10
26228.50113840369
 20
-11307.77961568646
  0
LWPOLYLINE
  5
500
330
2
100
AcDbEntity
  8
0
100
AcDbPolyline
 90
        2
 70
     0
 43
0.25
 10
26230.19913840369
 20
-11302.95811568647
 10
26228.50113840369
 20
-11305.27961568646
  0
LWPOLYLINE
  5
501
330
2
100
AcDbEntity
  8
0
100
AcDbPolyline
 90
        2
 70
     0
 43
0.25
 10
26231.44163840368
 20
-11301.39111568646
 10
26230.19913840369
 20
-11302.95811568647
  0
LWPOLYLINE
  5
502
330
2
100
AcDbEntity
  8
0
100
AcDbPolyline
 90
        2
 70
     0
 43
0.25
 10
26237.64263840368
 20
-11301.83111568646
 10
26231.44163840368
 20
-11301.39111568646
  0
LWPOLYLINE
  5
503
330
2
100
AcDbEntity
  8
0
100
AcDbPolyline
 90
        2
 70
     0
 43
0.25
 10
26087.02613840368
 20
-11376.48711568646
 10
26087.36060077298
 20
-11372.01303657463
  0
LWPOLYLINE
  5
504
330
2
100
AcDbEntity
  8
0
100
AcDbPolyline
 90
        2
 70
     0
 43
0.25
 10
26091.01513840368
 20
-11376.78511568646
 10
26087.02613840368
 20
-11376.48711568646
  0
LWPOLYLINE
  5
505
330
2
100
AcDbEntity
  8
0
100
AcDbPolyline
 90
        2
 70
     0
 43
0.25
 10
26092.77013840369
 20
-11376.26011568646
 10
26091.01513840368
 20
-11376.78511568646
  0
LWPOLYLINE
  5
506
330
2
100
AcDbEntity
  8
0
100
AcDbPolyline
 90
        2
 70
     0
 43
0.25
 10
26094.4431384037
 20
-11374.01461568647
 10
26092.77013840369
 20
-11376.26011568646
  0
LWPOLYLINE
  5
507
330
2
100
AcDbEntity
  8
0
100
AcDbPolyline
 90
        2
 70
     0
 43
0.25
 10
26094.74312685972
 20
-11368.49109449212
 10
26094.4431384037
 20
-11374.01461568647
  0
LWPOLYLINE
  5
508
330
2
100
AcDbEntity
  8
0
100
AcDbPolyline
 90
        2
 70
     0
 43
0.25
 10
26087.11363840369
 20
-11371.72411568645
 10
26088.73813840369
 20
-11373.62461568646
  0
LWPOLYLINE
  5
509
330
2
100
AcDbEntity
  8
0
100
AcDbPolyline
 90
        2
 70
     0
 43
0.25
 10
26087.77163840367
 20
-11366.51461568647
 10
26093.11862685972
 20
-11366.59059449211
  0
LINE
  5
50A
330
2
100
AcDbEntity
  8
1
100
AcDbLine
 10
26242.87413840369
 20
-11371.78061568646
 30
0.0
 11
26242.88513840369
 21
-11371.92461568646
 31
0.0
  0
LINE
  5
50B
330
2
100
AcDbEntity
  8
1
100
AcDbLine
 10
26242.90713840369
 20
-11372.21811568647
 30
0.0
 11
26242.89613840368
 21
-11372.07361568646
 31
0.0
  0
LWPOLYLINE
  5
50C
330
2
100
AcDbEntity
  8
0
100
AcDbPolyline
 90
        2
 70
     0
 43
0.25
 10
26242.87413840369
 20
-11371.78061568646
 10
26242.48063840367
 20
-11366.51461568647
  0
LWPOLYLINE
  5
50D
330
2
100
AcDbEntity
  8
0
100
AcDbPolyline
 90
        2
 70
     0
 43
0.25
 10
26243.22613840369
 20
-11376.48711568646
 10
26242.90713840369
 20
-11372.21811568646
  0
LWPOLYLINE
  5
50E
330
2
100
AcDbEntity
  8
0
100
AcDbPolyline
 90
        2
 70
     0
 43
0.25
 10
26239.23713840369
 20
-11376.78511568646
 10
26243.22613840369
 20
-11376.48711568646
  0
LINE
  5
50F
330
2
100
AcDbEntity
  8
1
100
AcDbLine
 10
26237.48213840368
 20
-11376.26011568647
 30
0.0
 11
26237.48213840368
 21
-11376.26011568647
 31
0.0
  0
LINE
  5
510
330
2
100
AcDbEntity
  8
1
100
AcDbLine
 10
26237.48213840368
 20
-11376.26011568647
 30
0.0
 11
26237.48213840368
 21
-11376.26011568647
 31
0.0
  0
LWPOLYLINE
  5
511
330
2
100
AcDbEntity
  8
0
100
AcDbPolyline
 90
        2
 70
     0
 43
0.25
 10
26237.48213840369
 20
-11376.26011568646
 10
26239.23713840369
 20
-11376.78511568646
  0
LINE
  5
512
330
2
100
AcDbEntity
  8
1
100
AcDbLine
 10
26237.48213840368
 20
-11376.26011568647
 30
0.0
 11
26236.93013840369
 21
-11375.51911568646
 31
0.0
  0
LINE
  5
513
330
2
100
AcDbEntity
  8
1
100
AcDbLine
 10
26235.80913840369
 20
-11374.01461568647
 30
0.0
 11
26236.36163840368
 21
-11374.75561568646
 31
0.0
  0
LWPOLYLINE
  5
514
330
2
100
AcDbEntity
  8
0
100
AcDbPolyline
 90
        2
 70
     0
 43
0.25
 10
26235.50914540427
 20
-11368.49109980654
 10
26235.80913840369
 20
-11374.01461568647
  0
LWPOLYLINE
  5
515
330
2
100
AcDbEntity
  8
0
100
AcDbPolyline
 90
        2
 70
     0
 43
0.25
 10
26237.13364540427
 20
-11366.59059980654
 10
26235.50914540427
 20
-11368.49109980654
  0
LWPOLYLINE
  5
516
330
2
100
AcDbEntity
  8
0
100
AcDbPolyline
 90
        2
 70
     0
 43
0.25
 10
26242.48063840367
 20
-11366.51461568647
 10
26237.13364540427
 20
-11366.59059980654
  0
LINE
  5
517
330
2
100
AcDbEntity
  8
1
100
AcDbLine
 10
26104.54663840369
 20
-11128.81361568646
 30
0.0
 11
26106.72813840368
 21
-11099.64511568646
 31
0.0
  0
LWPOLYLINE
  5
518
330
2
100
AcDbEntity
  8
0
100
AcDbPolyline
 90
        2
 70
     0
 43
0.25
 10
26108.78463840368
 20
-11129.13061568647
 10
26103.79863840369
 20
-11128.75761568646
  0
LWPOLYLINE
  5
519
330
2
100
AcDbEntity
  8
0
100
AcDbPolyline
 90
        2
 70
     0
 43
0.25
 10
26110.96663840369
 20
-11099.96211568645
 10
26108.78463840368
 20
-11129.13061568647
  0
LWPOLYLINE
  5
51A
330
2
100
AcDbEntity
  8
0
100
AcDbPolyline
 90
        2
 70
     0
 43
0.25
 10
26105.98013840368
 20
-11099.58911568646
 10
26110.96663840369
 20
-11099.96211568645
  0
LWPOLYLINE
  5
51B
330
2
100
AcDbEntity
  8
0
100
AcDbPolyline
 90
        2
 70
     0
 43
0.25
 10
26103.79863840369
 20
-11128.75761568646
 10
26105.98013840368
 20
-11099.58911568646
  0
LINE
  5
51C
330
2
100
AcDbEntity
  8
1
100
AcDbLine
 10
26225.70563840368
 20
-11128.81361568646
 30
0.0
 11
26223.5241384037
 21
-11099.64511568646
 31
0.0
  0
LWPOLYLINE
  5
51D
330
2
100
AcDbEntity
  8
0
100
AcDbPolyline
 90
        2
 70
     0
 43
0.25
 10
26221.46763840368
 20
-11129.13061568647
 10
26226.45363840369
 20
-11128.75761568646
  0
LWPOLYLINE
  5
51E
330
2
100
AcDbEntity
  8
0
100
AcDbPolyline
 90
        2
 70
     0
 43
0.25
 10
26219.28563840368
 20
-11099.96211568645
 10
26221.46763840368
 20
-11129.13061568647
  0
LWPOLYLINE
  5
51F
330
2
100
AcDbEntity
  8
0
100
AcDbPolyline
 90
        2
 70
     0
 43
0.25
 10
26224.27213840368
 20
-11099.58911568646
 10
26219.28563840368
 20
-11099.96211568645
  0
LWPOLYLINE
  5
520
330
2
100
AcDbEntity
  8
0
100
AcDbPolyline
 90
        2
 70
     0
 43
0.25
 10
26226.45363840369
 20
-11128.75761568646
 10
26224.27213840368
 20
-11099.58911568646
  0
LINE
  5
521
330
2
100
AcDbEntity
  8
0
100
AcDbLine
 10
26115.88349310291
 20
-11130.64164337249
 30
0.0
 11
26104.60063840369
 21
-11141.42961568646
 31
0.0
  0
LWPOLYLINE
  5
522
330
2
100
AcDbEntity
  8
0
100
AcDbPolyline
 90
        2
 70
     0
 43
0.25
 10
26106.19013840369
 20
-11143.09161568646
 10
26117.47279307118
 20
-11132.30383463053
  0
LWPOLYLINE
  5
523
330
2
100
AcDbEntity
  8
0
100
AcDbPolyline
 90
        2
 70
     0
 43
0.25
 10
26104.25513840369
 20
-11141.06811568645
 10
26106.19013840369
 20
-11143.09161568646
  0
LWPOLYLINE
  5
524
330
2
100
AcDbEntity
  8
0
100
AcDbPolyline
 90
        2
 70
     0
 43
0.25
 10
26115.53791614638
 20
-11130.28021695358
 10
26104.25513840369
 20
-11141.06811568645
  0
LINE
  5
525
330
2
100
AcDbEntity
  8
1
100
AcDbLine
 10
26214.36878370446
 20
-11130.64164337249
 30
0.0
 11
26225.65163840368
 21
-11141.42961568646
 31
0.0
  0
LINE
  5
526
330
2
100
AcDbEntity
  8
1
100
AcDbLine
 10
26218.09913840368
 20
-11137.39061568646
 30
0.0
 11
26220.06713840368
 21
-11139.27211568646
 31
0.0
  0
LINE
  5
527
330
2
100
AcDbEntity
  8
1
100
AcDbLine
 10
26224.06213840369
 20
-11143.09161568646
 30
0.0
 11
26222.09413840369
 21
-11141.21061568646
 31
0.0
  0
LINE
  5
528
330
2
100
AcDbEntity
  8
1
100
AcDbLine
 10
26224.06213840369
 20
-11143.09161568646
 30
0.0
 11
26224.06213840369
 21
-11143.09161568646
 31
0.0
  0
LINE
  5
529
330
2
100
AcDbEntity
  8
1
100
AcDbLine
 10
26224.06213840369
 20
-11143.09161568646
 30
0.0
 11
26224.06213840369
 21
-11143.09161568646
 31
0.0
  0
LINE
  5
52A
330
2
100
AcDbEntity
  8
1
100
AcDbLine
 10
26224.06213840369
 20
-11143.09161568646
 30
0.0
 11
26224.06213840369
 21
-11143.09161568646
 31
0.0
  0
LINE
  5
52B
330
2
100
AcDbEntity
  8
1
100
AcDbLine
 10
26224.06213840369
 20
-11143.09161568646
 30
0.0
 11
26224.06213840369
 21
-11143.09161568646
 31
0.0
  0
LWPOLYLINE
  5
52C
330
2
100
AcDbEntity
  8
0
100
AcDbPolyline
 90
        2
 70
     0
 43
0.25
 10
26218.09913840368
 20
-11137.39061568646
 10
26212.7792805919
 20
-11132.30404709176
  0
LWPOLYLINE
  5
52D
330
2
100
AcDbEntity
  8
0
100
AcDbPolyline
 90
        2
 70
     0
 43
0.25
 10
26224.06213840369
 20
-11143.09161568646
 10
26224.06213840369
 20
-11143.09161568646
  0
LWPOLYLINE
  5
52E
330
2
100
AcDbEntity
  8
0
100
AcDbPolyline
 90
        2
 70
     0
 43
0.25
 10
26224.06213840369
 20
-11143.09161568646
 10
26224.06213840369
 20
-11143.09161568646
  0
LINE
  5
52F
330
2
100
AcDbEntity
  8
1
100
AcDbLine
 10
26224.06213840369
 20
-11143.09161568646
 30
0.0
 11
26224.70063840368
 21
-11142.42411568646
 31
0.0
  0
LINE
  5
530
330
2
100
AcDbEntity
  8
1
100
AcDbLine
 10
26225.99713840369
 20
-11141.06811568646
 30
0.0
 11
26225.35863840368
 21
-11141.73611568646
 31
0.0
  0
LINE
  5
531
330
2
100
AcDbEntity
  8
1
100
AcDbLine
 10
26225.99713840369
 20
-11141.06811568646
 30
0.0
 11
26224.43713840368
 21
-11139.57661568646
 31
0.0
  0
LINE
  5
532
330
2
100
AcDbEntity
  8
1
100
AcDbLine
 10
26221.27013840368
 20
-11136.54811568646
 30
0.0
 11
26222.83013840369
 21
-11138.03961568646
 31
0.0
  0
LINE
  5
533
330
2
100
AcDbEntity
  8
1
100
AcDbLine
 10
26221.27013840368
 20
-11136.54811568646
 30
0.0
 11
26220.86213840368
 21
-11136.15861568646
 31
0.0
  0
LINE
  5
534
330
2
100
AcDbEntity
  8
1
100
AcDbLine
 10
26220.03413840369
 20
-11135.36661568646
 30
0.0
 11
26220.44213840368
 21
-11135.75661568646
 31
0.0
  0
LWPOLYLINE
  5
535
330
2
100
AcDbEntity
  8
0
100
AcDbPolyline
 90
        2
 70
     0
 43
0.25
 10
26221.27013840369
 20
-11136.54811568646
 10
26221.27013840369
 20
-11136.54811568646
  0
LWPOLYLINE
  5
536
330
2
100
AcDbEntity
  8
0
100
AcDbPolyline
 90
        2
 70
     0
 43
0.25
 10
26214.71438261552
 20
-11130.28019399212
 10
26220.0341384037
 20
-11135.36661568646
  0
LINE
  5
537
330
2
100
AcDbEntity
  8
1
100
AcDbLine
 10
26163.30199318555
 20
-11192.62140271219
 30
0.0
 11
26100.9324982548
 21
-11193.37931997909
 31
0.0
  0
LINE
  5
538
330
2
100
AcDbEntity
  8
1
100
AcDbLine
 10
26163.31763840369
 20
-11193.90811568646
 30
0.0
 11
26163.31013840368
 21
-11193.31811568646
 31
0.0
  0
LINE
  5
539
330
2
100
AcDbEntity
  8
1
100
AcDbLine
 10
26163.29563840368
 20
-11192.12111568646
 30
0.0
 11
26163.30313840369
 21
-11192.71061568647
 31
0.0
  0
LWPOLYLINE
  5
53A
330
2
100
AcDbEntity
  8
0
100
AcDbPolyline
 90
        2
 70
     0
 43
0.25
 10
26163.31763840369
 20
-11193.90811568646
 10
26163.32013840368
 20
-11194.12111568645
  0
LINE
  5
53B
330
2
100
AcDbEntity
  8
1
100
AcDbLine
 10
26163.29563840368
 20
-11192.12111568646
 30
0.0
 11
26162.55713840369
 21
-11192.13011568646
 31
0.0
  0
LINE
  5
53C
330
2
100
AcDbEntity
  8
1
100
AcDbLine
 10
26161.05713840368
 20
-11192.14861568646
 30
0.0
 11
26161.79563840369
 21
-11192.13961568647
 31
0.0
  0
LINE
  5
53D
330
2
100
AcDbEntity
  8
1
100
AcDbLine
 10
26104.77263840368
 20
-11192.83211568646
 30
0.0
 11
26103.50363840369
 21
-11192.84761568646
 31
0.0
  0
LINE
  5
53E
330
2
100
AcDbEntity
  8
1
100
AcDbLine
 10
26100.92663840368
 20
-11192.87861568646
 30
0.0
 11
26102.19563840368
 21
-11192.86361568646
 31
0.0
  0
LWPOLYLINE
  5
53F
330
2
100
AcDbEntity
  8
0
100
AcDbPolyline
 90
        2
 70
     0
 43
0.25
 10
26104.77263840367
 20
-11192.83211568646
 10
26161.05713840368
 20
-11192.14861568646
  0
LINE
  5
540
330
2
100
AcDbEntity
  8
1
100
AcDbLine
 10
26100.92663840368
 20
-11192.87861568646
 30
0.0
 11
26100.93463840368
 21
-11193.53861568646
 31
0.0
  0
LINE
  5
541
330
2
100
AcDbEntity
  8
1
100
AcDbLine
 10
26100.95063840368
 20
-11194.87861568646
 30
0.0
 11
26100.94263840368
 21
-11194.21861568646
 31
0.0
  0
LINE
  5
542
330
2
100
AcDbEntity
  8
1
100
AcDbLine
 10
26100.95063840368
 20
-11194.87861568646
 30
0.0
 11
26102.16263840369
 21
-11194.86411568646
 31
0.0
  0
LINE
  5
543
330
2
100
AcDbEntity
  8
1
100
AcDbLine
 10
26104.62313840369
 20
-11194.83411568646
 30
0.0
 11
26103.41113840369
 21
-11194.84861568646
 31
0.0
  0
LINE
  5
544
330
2
100
AcDbEntity
  8
1
100
AcDbLine
 10
26158.63063840368
 20
-11194.17811568646
 30
0.0
 11
26160.09213840368
 21
-11194.16011568646
 31
0.0
  0
LINE
  5
545
330
2
100
AcDbEntity
  8
1
100
AcDbLine
 10
26163.05913840369
 20
-11194.12411568646
 30
0.0
 11
26161.59763840369
 21
-11194.14211568646
 31
0.0
  0
LWPOLYLINE
  5
546
330
2
100
AcDbEntity
  8
0
100
AcDbPolyline
 90
        2
 70
     0
 43
0.25
 10
26158.63063840368
 20
-11194.17811568647
 10
26104.62313840369
 20
-11194.83411568646
  0
LWPOLYLINE
  5
547
330
2
100
AcDbEntity
  8
0
100
AcDbPolyline
 90
        2
 70
     0
 43
0.25
 10
26163.32013840368
 20
-11194.12111568645
 10
26163.05913840369
 20
-11194.12411568646
  0
LINE
  5
548
330
2
100
AcDbEntity
  8
0
100
AcDbLine
 10
26166.95028362182
 20
-11192.62140271207
 30
0.0
 11
26229.31977855257
 21
-11193.37931997918
 31
0.0
  0
LWPOLYLINE
  5
549
330
2
100
AcDbEntity
  8
0
100
AcDbPolyline
 90
        2
 70
     0
 43
0.25
 10
26166.9566384037
 20
-11192.12111568647
 10
26166.9321384037
 20
-11194.12111568645
  0
LWPOLYLINE
  5
54A
330
2
100
AcDbEntity
  8
0
100
AcDbPolyline
 90
        2
 70
     0
 43
0.25
 10
26229.32563840369
 20
-11192.87861568646
 10
26166.9566384037
 20
-11192.12111568647
  0
LWPOLYLINE
  5
54B
330
2
100
AcDbEntity
  8
0
100
AcDbPolyline
 90
        2
 70
     0
 43
0.25
 10
26229.30163840368
 20
-11194.87861568646
 10
26229.32563840369
 20
-11192.87861568646
  0
LWPOLYLINE
  5
54C
330
2
100
AcDbEntity
  8
0
100
AcDbPolyline
 90
        2
 70
     0
 43
0.25
 10
26166.9321384037
 20
-11194.12111568645
 10
26229.30163840368
 20
-11194.87861568646
  0
LINE
  5
54D
330
2
100
AcDbEntity
  8
0
100
AcDbLine
 10
26096.60660188441
 20
-11246.7129484879
 30
0.0
 11
26224.50763840368
 21
-11139.72361568646
 31
0.0
  0
LINE
  5
54E
330
2
100
AcDbEntity
  8
1
100
AcDbLine
 10
26096.59663840369
 20
-11246.48111568646
 30
0.0
 11
26096.84463840369
 21
-11246.77811568646
 31
0.0
  0
LINE
  5
54F
330
2
100
AcDbEntity
  8
1
100
AcDbLine
 10
26097.34913840369
 20
-11247.38111568646
 30
0.0
 11
26097.10063840369
 21
-11247.08411568646
 31
0.0
  0
LWPOLYLINE
  5
550
330
2
100
AcDbEntity
  8
0
100
AcDbPolyline
 90
        2
 70
     0
 43
0.25
 10
26096.5966384037
 20
-11246.48111568645
 10
26096.39413840368
 20
-11246.23911568645
  0
LWPOLYLINE
  5
551
330
2
100
AcDbEntity
  8
0
100
AcDbPolyline
 90
        2
 70
     0
 43
0.25
 10
26098.19063840368
 20
-11248.38661568646
 10
26096.39370522994
 20
-11246.23947806767
  0
LINE
  5
552
330
2
100
AcDbEntity
  8
1
100
AcDbLine
 10
26098.33413840369
 20
-11248.26711568646
 30
0.0
 11
26098.97313840368
 21
-11247.73211568646
 31
0.0
  0
LINE
  5
553
330
2
100
AcDbEntity
  8
1
100
AcDbLine
 10
26100.27063840369
 20
-11246.64661568646
 30
0.0
 11
26099.63163840369
 21
-11247.18161568646
 31
0.0
  0
LWPOLYLINE
  5
554
330
2
100
AcDbEntity
  8
0
100
AcDbPolyline
 90
        2
 70
     0
 43
0.25
 10
26098.3341384037
 20
-11248.26711568646
 10
26098.19063840368
 20
-11248.38661568646
  0
LWPOLYLINE
  5
555
330
2
100
AcDbEntity
  8
0
100
AcDbPolyline
 90
        2
 70
     0
 43
0.25
 10
26225.98313840369
 20
-11141.48811568647
 10
26098.19059897087
 20
-11248.38656856859
  0
LWPOLYLINE
  5
556
330
2
100
AcDbEntity
  8
0
100
AcDbPolyline
 90
        2
 70
     0
 43
0.25
 10
26224.18663840369
 20
-11139.34011568646
 10
26225.98313840369
 20
-11141.48811568647
  0
LINE
  5
557
330
2
100
AcDbEntity
  8
1
100
AcDbLine
 10
26098.16813840368
 20
-11244.75511568646
 30
0.0
 11
26098.14313840368
 21
-11244.77611568646
 31
0.0
  0
LINE
  5
558
330
2
100
AcDbEntity
  8
1
100
AcDbLine
 10
26098.09213840369
 20
-11244.81861568646
 30
0.0
 11
26098.11763840369
 21
-11244.79761568646
 31
0.0
  0
LWPOLYLINE
  5
559
330
2
100
AcDbEntity
  8
0
100
AcDbPolyline
 90
        2
 70
     0
 43
0.25
 10
26098.16813840369
 20
-11244.75511568646
 10
26224.18663840369
 20
-11139.34011568646
  0
LWPOLYLINE
  5
55A
330
2
100
AcDbEntity
  8
0
100
AcDbPolyline
 90
        2
 70
     0
 43
0.25
 10
26096.39413840368
 20
-11246.23911568645
 10
26098.16838217755
 20
-11244.75483224668
  0
LINE
  5
55B
330
2
100
AcDbEntity
  8
1
100
AcDbLine
 10
26233.53713840369
 20
-11246.62261568647
 30
0.0
 11
26105.74463840368
 21
-11139.72361568646
 31
0.0
  0
LINE
  5
55C
330
2
100
AcDbEntity
  8
1
100
AcDbLine
 10
26233.85813840368
 20
-11246.23911568646
 30
0.0
 11
26233.26513840369
 21
-11246.94811568646
 31
0.0
  0
LINE
  5
55D
330
2
100
AcDbEntity
  8
1
100
AcDbLine
 10
26232.06163840368
 20
-11248.38661568646
 30
0.0
 11
26232.65463840369
 21
-11247.67811568646
 31
0.0
  0
LINE
  5
55E
330
2
100
AcDbEntity
  8
1
100
AcDbLine
 10
26232.06163840368
 20
-11248.38661568646
 30
0.0
 11
26231.37513840369
 21
-11247.81261568646
 31
0.0
  0
LINE
  5
55F
330
2
100
AcDbEntity
  8
1
100
AcDbLine
 10
26229.98163840369
 20
-11246.64661568646
 30
0.0
 11
26230.66813840368
 21
-11247.22111568646
 31
0.0
  0
LINE
  5
560
330
2
100
AcDbEntity
  8
1
100
AcDbLine
 10
26229.98163840369
 20
-11246.64661568646
 30
0.0
 11
26229.81363840368
 21
-11246.50611568646
 31
0.0
  0
LINE
  5
561
330
2
100
AcDbEntity
  8
1
100
AcDbLine
 10
26229.47263840369
 20
-11246.22111568646
 30
0.0
 11
26229.64063840368
 21
-11246.36161568646
 31
0.0
  0
LINE
  5
562
330
2
100
AcDbEntity
  8
1
100
AcDbLine
 10
26229.47263840369
 20
-11246.22111568646
 30
0.0
 11
26228.36513840369
 21
-11245.29461568646
 31
0.0
  0
LINE
  5
563
330
2
100
AcDbEntity
  8
1
100
AcDbLine
 10
26226.11713840369
 20
-11243.41411568646
 30
0.0
 11
26227.22463840369
 21
-11244.34061568646
 31
0.0
  0
LINE
  5
564
330
2
100
AcDbEntity
  8
1
100
AcDbLine
 10
26167.19313840369
 20
-11194.12411568646
 30
0.0
 11
26167.10813840369
 21
-11194.05311568646
 31
0.0
  0
LINE
  5
565
330
2
100
AcDbEntity
  8
1
100
AcDbLine
 10
26166.93463840369
 20
-11193.90811568646
 30
0.0
 11
26167.02013840369
 21
-11193.97911568646
 31
0.0
  0
LINE
  5
566
330
2
100
AcDbEntity
  8
1
100
AcDbLine
 10
26165.12613840368
 20
-11192.39511568646
 30
0.0
 11
26164.40613840368
 21
-11191.79261568646
 31
0.0
  0
LINE
  5
567
330
2
100
AcDbEntity
  8
1
100
AcDbLine
 10
26162.94413840369
 20
-11190.56961568646
 30
0.0
 11
26163.66413840369
 21
-11191.17211568646
 31
0.0
  0
LINE
  5
568
330
2
100
AcDbEntity
  8
1
100
AcDbLine
 10
26109.83013840368
 20
-11146.13961568646
 30
0.0
 11
26108.09813840369
 21
-11144.69111568647
 31
0.0
  0
LINE
  5
569
330
2
100
AcDbEntity
  8
1
100
AcDbLine
 10
26104.58213840369
 20
-11141.74961568646
 30
0.0
 11
26106.31363840369
 21
-11143.19861568646
 31
0.0
  0
LINE
  5
56A
330
2
100
AcDbEntity
  8
1
100
AcDbLine
 10
26104.58213840369
 20
-11141.74961568646
 30
0.0
 11
26104.47863840368
 21
-11141.66311568646
 31
0.0
  0
LINE
  5
56B
330
2
100
AcDbEntity
  8
1
100
AcDbLine
 10
26104.26913840368
 20
-11141.48811568646
 30
0.0
 11
26104.37213840368
 21
-11141.57411568646
 31
0.0
  0
LWPOLYLINE
  5
56C
330
2
100
AcDbEntity
  8
0
100
AcDbPolyline
 90
        2
 70
     0
 43
0.25
 10
26229.98163840369
 20
-11246.64661568646
 10
26229.98163840369
 20
-11246.64661568646
  0
LWPOLYLINE
  5
56D
330
2
100
AcDbEntity
  8
0
100
AcDbPolyline
 90
        2
 70
     0
 43
0.25
 10
26229.47263840369
 20
-11246.22111568646
 10
26229.47263840369
 20
-11246.22111568646
  0
LWPOLYLINE
  5
56E
330
2
100
AcDbEntity
  8
0
100
AcDbPolyline
 90
        2
 70
     0
 43
0.25
 10
26167.19313840368
 20
-11194.12411568646
 10
26226.1171384037
 20
-11243.41411568647
  0
LWPOLYLINE
  5
56F
330
2
100
AcDbEntity
  8
0
100
AcDbPolyline
 90
        2
 70
     0
 43
0.25
 10
26165.12613840369
 20
-11192.39511568646
 10
26166.93463840369
 20
-11193.90811568646
  0
LWPOLYLINE
  5
570
330
2
100
AcDbEntity
  8
0
100
AcDbPolyline
 90
        2
 70
     0
 43
0.25
 10
26109.83013840368
 20
-11146.13961568646
 10
26162.94413840369
 20
-11190.56961568647
  0
LWPOLYLINE
  5
571
330
2
100
AcDbEntity
  8
0
100
AcDbPolyline
 90
        2
 70
     0
 43
0.25
 10
26104.58213840369
 20
-11141.74961568646
 10
26104.58213840369
 20
-11141.74961568646
  0
LINE
  5
572
330
2
100
AcDbEntity
  8
1
100
AcDbLine
 10
26104.26913840368
 20
-11141.48811568646
 30
0.0
 11
26104.86213840369
 21
-11140.77911568646
 31
0.0
  0
LINE
  5
573
330
2
100
AcDbEntity
  8
1
100
AcDbLine
 10
26106.06563840368
 20
-11139.34011568646
 30
0.0
 11
26105.47263840369
 21
-11140.04911568646
 31
0.0
  0
LINE
  5
574
330
2
100
AcDbEntity
  8
1
100
AcDbLine
 10
26106.06563840368
 20
-11139.34011568646
 30
0.0
 11
26106.77813840369
 21
-11139.93611568646
 31
0.0
  0
LINE
  5
575
330
2
100
AcDbEntity
  8
1
100
AcDbLine
 10
26108.22463840369
 20
-11141.14661568646
 30
0.0
 11
26107.51213840369
 21
-11140.55061568646
 31
0.0
  0
LINE
  5
576
330
2
100
AcDbEntity
  8
1
100
AcDbLine
 10
26108.22463840369
 20
-11141.14661568646
 30
0.0
 11
26108.35313840369
 21
-11141.25411568646
 31
0.0
  0
LINE
  5
577
330
2
100
AcDbEntity
  8
1
100
AcDbLine
 10
26108.61413840368
 20
-11141.47211568646
 30
0.0
 11
26108.48563840369
 21
-11141.36461568646
 31
0.0
  0
LINE
  5
578
330
2
100
AcDbEntity
  8
1
100
AcDbLine
 10
26108.61413840368
 20
-11141.47211568646
 30
0.0
 11
26109.60813840369
 21
-11142.30361568646
 31
0.0
  0
LINE
  5
579
330
2
100
AcDbEntity
  8
1
100
AcDbLine
 10
26111.62663840368
 20
-11143.99211568646
 30
0.0
 11
26110.63263840369
 21
-11143.16061568646
 31
0.0
  0
LINE
  5
57A
330
2
100
AcDbEntity
  8
1
100
AcDbLine
 10
26165.12613840368
 20
-11188.74461568647
 30
0.0
 11
26165.84613840368
 21
-11189.34711568646
 31
0.0
  0
LINE
  5
57B
330
2
100
AcDbEntity
  8
1
100
AcDbLine
 10
26167.30813840369
 20
-11190.56961568646
 30
0.0
 11
26166.58813840369
 21
-11189.96761568646
 31
0.0
  0
LINE
  5
57C
330
2
100
AcDbEntity
  8
1
100
AcDbLine
 10
26169.19513840368
 20
-11192.14861568646
 30
0.0
 11
26169.99563840368
 21
-11192.81811568646
 31
0.0
  0
LINE
  5
57D
330
2
100
AcDbEntity
  8
1
100
AcDbLine
 10
26171.62163840368
 20
-11194.17811568646
 30
0.0
 11
26170.82063840369
 21
-11193.50811568646
 31
0.0
  0
LINE
  5
57E
330
2
100
AcDbEntity
  8
1
100
AcDbLine
 10
26227.91363840369
 20
-11241.26661568646
 30
0.0
 11
26229.31513840369
 21
-11242.43861568646
 31
0.0
  0
LINE
  5
57F
330
2
100
AcDbEntity
  8
1
100
AcDbLine
 10
26232.16013840368
 20
-11244.81861568646
 30
0.0
 11
26230.75863840369
 21
-11243.64661568646
 31
0.0
  0
LINE
  5
580
330
2
100
AcDbEntity
  8
1
100
AcDbLine
 10
26232.16013840368
 20
-11244.81861568646
 30
0.0
 11
26232.58913840369
 21
-11245.17761568646
 31
0.0
  0
LINE
  5
581
330
2
100
AcDbEntity
  8
1
100
AcDbLine
 10
26233.46013840369
 20
-11245.90611568646
 30
0.0
 11
26233.03113840369
 21
-11245.54711568646
 31
0.0
  0
LINE
  5
582
330
2
100
AcDbEntity
  8
1
100
AcDbLine
 10
26233.46013840369
 20
-11245.90611568646
 30
0.0
 11
26233.59163840368
 21
-11246.01611568646
 31
0.0
  0
LINE
  5
583
330
2
100
AcDbEntity
  8
1
100
AcDbLine
 10
26233.85813840368
 20
-11246.23911568646
 30
0.0
 11
26233.72663840369
 21
-11246.12911568646
 31
0.0
  0
LWPOLYLINE
  5
584
330
2
100
AcDbEntity
  8
0
100
AcDbPolyline
 90
        2
 70
     0
 43
0.25
 10
26108.22463840369
 20
-11141.14661568646
 10
26108.22463840369
 20
-11141.14661568646
  0
LWPOLYLINE
  5
585
330
2
100
AcDbEntity
  8
0
100
AcDbPolyline
 90
        2
 70
     0
 43
0.25
 10
26108.61413840367
 20
-11141.47211568646
 10
26108.61413840367
 20
-11141.47211568646
  0
LWPOLYLINE
  5
586
330
2
100
AcDbEntity
  8
0
100
AcDbPolyline
 90
        2
 70
     0
 43
0.25
 10
26165.12613840369
 20
-11188.74461568647
 10
26111.62663840368
 20
-11143.99211568647
  0
LWPOLYLINE
  5
587
330
2
100
AcDbEntity
  8
0
100
AcDbPolyline
 90
        2
 70
     0
 43
0.25
 10
26169.19513840368
 20
-11192.14861568646
 10
26167.30813840369
 20
-11190.56961568647
  0
LWPOLYLINE
  5
588
330
2
100
AcDbEntity
  8
0
100
AcDbPolyline
 90
        2
 70
     0
 43
0.25
 10
26227.91363840369
 20
-11241.26661568647
 10
26171.62163840368
 20
-11194.17811568647
  0
LWPOLYLINE
  5
589
330
2
100
AcDbEntity
  8
0
100
AcDbPolyline
 90
        2
 70
     0
 43
0.25
 10
26232.16013840369
 20
-11244.81861568646
 10
26232.16013840369
 20
-11244.81861568646
  0
LWPOLYLINE
  5
58A
330
2
100
AcDbEntity
  8
0
100
AcDbPolyline
 90
        2
 70
     0
 43
0.25
 10
26233.46013840369
 20
-11245.90611568646
 10
26233.46013840369
 20
-11245.90611568646
  0
LINE
  5
58B
330
2
100
AcDbEntity
  8
0
100
AcDbLine
 10
26097.16213840369
 20
-11303.33661568646
 30
0.0
 11
26132.35763840368
 21
-11275.42661568647
 31
0.0
  0
LINE
  5
58C
330
2
100
AcDbEntity
  8
1
100
AcDbLine
 10
26098.7974519258
 20
-11301.40174823195
 30
0.0
 11
26099.2074519258
 21
-11301.91874823195
 31
0.0
  0
LINE
  5
58D
330
2
100
AcDbEntity
  8
1
100
AcDbLine
 10
26100.03995192579
 20
-11302.96874823195
 30
0.0
 11
26099.6299519258
 21
-11302.45174823195
 31
0.0
  0
LINE
  5
58E
330
2
100
AcDbEntity
  8
1
100
AcDbLine
 10
26131.44913840369
 20
-11278.06111568646
 30
0.0
 11
26132.05663840368
 21
-11277.57961568646
 31
0.0
  0
LINE
  5
58F
330
2
100
AcDbEntity
  8
1
100
AcDbLine
 10
26133.28963840369
 20
-11276.60211568646
 30
0.0
 11
26132.68213840368
 21
-11277.08361568646
 31
0.0
  0
LWPOLYLINE
  5
590
330
2
100
AcDbEntity
  8
0
100
AcDbPolyline
 90
        2
 70
     0
 43
0.25
 10
26133.28876414353
 20
-11276.6022941154
 10
26098.10740322634
 20
-11304.50108194683
  0
LINE
  5
591
330
2
100
AcDbEntity
  8
1
100
AcDbLine
 10
26133.28963840369
 20
-11276.60211568646
 30
0.0
 11
26133.06263840369
 21
-11276.31661568647
 31
0.0
  0
LINE
  5
592
330
2
100
AcDbEntity
  8
1
100
AcDbLine
 10
26132.60263840369
 20
-11275.73661568646
 30
0.0
 11
26132.82963840369
 21
-11276.02211568647
 31
0.0
  0
LWPOLYLINE
  5
593
330
2
100
AcDbEntity
  8
0
100
AcDbPolyline
 90
        2
 70
     0
 43
0.25
 10
26132.04663840369
 20
-11275.03511568646
 10
26133.28876414353
 20
-11276.6022941154
  0
LINE
  5
594
330
2
100
AcDbEntity
  8
1
100
AcDbLine
 10
26131.92813840369
 20
-11275.12911568646
 30
0.0
 11
26131.27263840369
 21
-11275.64911568647
 31
0.0
  0
LINE
  5
595
330
2
100
AcDbEntity
  8
1
100
AcDbLine
 10
26129.94113840368
 20
-11276.70461568646
 30
0.0
 11
26130.59713840368
 21
-11276.18461568646
 31
0.0
  0
LWPOLYLINE
  5
596
330
2
100
AcDbEntity
  8
0
100
AcDbPolyline
 90
        2
 70
     0
 43
0.25
 10
26131.92813840368
 20
-11275.12911568645
 10
26132.04663840369
 20
-11275.03511568646
  0
LWPOLYLINE
  5
597
330
2
100
AcDbEntity
  8
0
100
AcDbPolyline
 90
        2
 70
     0
 43
0.25
 10
26096.86490448186
 20
-11302.93408353024
 10
26132.04655935868
 20
-11275.03501595611
  0
LINE
  5
598
330
2
100
AcDbEntity
  8
1
100
AcDbLine
 10
26233.09013840369
 20
-11303.33661568646
 30
0.0
 11
26197.89463840368
 21
-11275.42661568647
 31
0.0
  0
LINE
  5
599
330
2
100
AcDbEntity
  8
1
100
AcDbLine
 10
26233.40063840369
 20
-11302.94461568647
 30
0.0
 11
26232.99063840369
 21
-11303.46161568647
 31
0.0
  0
LINE
  5
59A
330
2
100
AcDbEntity
  8
1
100
AcDbLine
 10
26232.15813840368
 20
-11304.51161568646
 30
0.0
 11
26232.56813840369
 21
-11303.99461568646
 31
0.0
  0
LINE
  5
59B
330
2
100
AcDbEntity
  8
1
100
AcDbLine
 10
26232.15813840368
 20
-11304.51161568646
 30
0.0
 11
26231.51163840369
 21
-11303.99911568646
 31
0.0
  0
LINE
  5
59C
330
2
100
AcDbEntity
  8
1
100
AcDbLine
 10
26230.19913840369
 20
-11302.95811568646
 30
0.0
 11
26230.84563840369
 21
-11303.47111568646
 31
0.0
  0
LINE
  5
59D
330
2
100
AcDbEntity
  8
1
100
AcDbLine
 10
26198.80313840369
 20
-11278.06111568646
 30
0.0
 11
26198.19563840368
 21
-11277.57961568646
 31
0.0
  0
LINE
  5
59E
330
2
100
AcDbEntity
  8
1
100
AcDbLine
 10
26196.96263840369
 20
-11276.60211568646
 30
0.0
 11
26197.57013840369
 21
-11277.08361568646
 31
0.0
  0
LWPOLYLINE
  5
59F
330
2
100
AcDbEntity
  8
0
100
AcDbPolyline
 90
        2
 70
     0
 43
0.25
 10
26198.80313840368
 20
-11278.06111568646
 10
26230.19913840369
 20
-11302.95811568647
  0
LINE
  5
5A0
330
2
100
AcDbEntity
  8
1
100
AcDbLine
 10
26196.96263840369
 20
-11276.60211568646
 30
0.0
 11
26197.18963840368
 21
-11276.31661568647
 31
0.0
  0
LINE
  5
5A1
330
2
100
AcDbEntity
  8
1
100
AcDbLine
 10
26197.64963840369
 20
-11275.73661568646
 30
0.0
 11
26197.42263840369
 21
-11276.02211568647
 31
0.0
  0
LWPOLYLINE
  5
5A2
330
2
100
AcDbEntity
  8
0
100
AcDbPolyline
 90
        2
 70
     0
 43
0.25
 10
26198.20563840368
 20
-11275.03511568646
 10
26197.64963840368
 20
-11275.73661568645
  0
LINE
  5
5A3
330
2
100
AcDbEntity
  8
1
100
AcDbLine
 10
26198.32413840369
 20
-11275.12911568646
 30
0.0
 11
26198.97963840368
 21
-11275.64911568647
 31
0.0
  0
LINE
  5
5A4
330
2
100
AcDbEntity
  8
1
100
AcDbLine
 10
26200.31113840368
 20
-11276.70461568646
 30
0.0
 11
26199.65513840368
 21
-11276.18461568646
 31
0.0
  0
LINE
  5
5A5
330
2
100
AcDbEntity
  8
1
100
AcDbLine
 10
26231.44163840368
 20
-11301.39111568646
 30
0.0
 11
26232.08813840368
 21
-11301.90361568646
 31
0.0
  0
LINE
  5
5A6
330
2
100
AcDbEntity
  8
1
100
AcDbLine
 10
26233.40063840369
 20
-11302.94461568647
 30
0.0
 11
26232.75413840368
 21
-11302.43211568646
 31
0.0
  0
LWPOLYLINE
  5
5A7
330
2
100
AcDbEntity
  8
0
100
AcDbPolyline
 90
        2
 70
     0
 43
0.25
 10
26198.32413840369
 20
-11275.12911568645
 10
26198.20563840368
 20
-11275.03511568646
  0
LWPOLYLINE
  5
5A8
330
2
100
AcDbEntity
  8
0
100
AcDbPolyline
 90
        2
 70
     0
 43
0.25
 10
26231.44163840368
 20
-11301.39111568646
 10
26200.31113840368
 20
-11276.70461568646
  0
LINE
  5
5A9
330
2
100
AcDbEntity
  8
1
100
AcDbLine
 10
26097.82363840369
 20
-11245.11761568646
 30
0.0
 11
26162.65413840368
 21
-11303.44661568646
 31
0.0
  0
LWPOLYLINE
  5
5AA
330
2
100
AcDbEntity
  8
0
100
AcDbPolyline
 90
        2
 70
     0
 43
0.25
 10
26101.87486024827
 20
-11251.45398038114
 10
26103.54736024827
 20
-11249.59548038114
  0
LWPOLYLINE
  5
5AB
330
2
100
AcDbEntity
  8
0
100
AcDbPolyline
 90
        2
 70
     0
 43
0.25
 10
26157.59951164739
 20
-11301.58925658155
 10
26131.44900439427
 20
-11278.06122195581
  0
LWPOLYLINE
  5
5AC
330
2
100
AcDbEntity
  8
0
100
AcDbPolyline
 90
        2
 70
     0
 43
0.25
 10
26159.25653207466
 20
-11299.74740702169
 10
26157.58453207466
 20
-11301.6059070217
  0
LINE
  5
5AD
330
2
100
AcDbEntity
  8
0
100
AcDbLine
 10
26232.42863840368
 20
-11245.11761568646
 30
0.0
 11
26167.59813840368
 21
-11303.44661568646
 31
0.0
  0
LWPOLYLINE
  5
5AE
330
2
100
AcDbEntity
  8
0
100
AcDbPolyline
 90
        2
 70
     0
 43
0.25
 10
26233.76663840368
 20
-11246.60411568646
 10
26232.09413840369
 20
-11244.74561568646
  0
LWPOLYLINE
  5
5AF
330
2
100
AcDbEntity
  8
0
100
AcDbPolyline
 90
        2
 70
     0
 43
0.25
 10
26168.93563840369
 20
-11304.93361568647
 10
26233.76663840368
 20
-11246.60411568646
  0
LWPOLYLINE
  5
5B0
330
2
100
AcDbEntity
  8
0
100
AcDbPolyline
 90
        2
 70
     0
 43
0.25
 10
26167.26363840368
 20
-11303.07511568647
 10
26168.93563840369
 20
-11304.93361568647
  0
LWPOLYLINE
  5
5B1
330
2
100
AcDbEntity
  8
0
100
AcDbPolyline
 90
        2
 70
     0
 43
0.25
 10
26232.09413840369
 20
-11244.74561568646
 10
26167.26363840368
 20
-11303.07511568647
  0
LINE
  5
5B2
330
2
100
AcDbEntity
  8
1
100
AcDbLine
 10
26233.50113840369
 20
-11305.77961568646
 30
0.0
 11
26096.75113840368
 21
-11305.77961568646
 31
0.0
  0
LINE
  5
5B3
330
2
100
AcDbEntity
  8
1
100
AcDbLine
 10
26233.50113840369
 20
-11305.27961568646
 30
0.0
 11
26233.50113840369
 21
-11306.10461568646
 31
0.0
  0
LINE
  5
5B4
330
2
100
AcDbEntity
  8
1
100
AcDbLine
 10
26233.50113840369
 20
-11307.77961568646
 30
0.0
 11
26233.50113840369
 21
-11306.95461568646
 31
0.0
  0
LINE
  5
5B5
330
2
100
AcDbEntity
  8
1
100
AcDbLine
 10
26233.50113840369
 20
-11307.77961568646
 30
0.0
 11
26231.85113840369
 21
-11307.77961568646
 31
0.0
  0
LINE
  5
5B6
330
2
100
AcDbEntity
  8
1
100
AcDbLine
 10
26228.50113840369
 20
-11307.77961568646
 30
0.0
 11
26230.15113840368
 21
-11307.77961568646
 31
0.0
  0
LINE
  5
5B7
330
2
100
AcDbEntity
  8
1
100
AcDbLine
 10
26156.88931375767
 20
-11307.77961568646
 30
0.0
 11
26173.36296304969
 21
-11307.77961568646
 31
0.0
  0
LINE
  5
5B8
330
2
100
AcDbEntity
  8
1
100
AcDbLine
 10
26101.75113840368
 20
-11307.77961568646
 30
0.0
 11
26100.10113840369
 21
-11307.77961568646
 31
0.0
  0
LINE
  5
5B9
330
2
100
AcDbEntity
  8
1
100
AcDbLine
 10
26096.75113840368
 20
-11307.77961568646
 30
0.0
 11
26098.40113840369
 21
-11307.77961568646
 31
0.0
  0
LWPOLYLINE
  5
5BA
330
2
100
AcDbEntity
  8
0
100
AcDbPolyline
 90
        2
 70
     0
 43
0.25
 10
26173.36296304969
 20
-11307.77961568646
 10
26228.50113840369
 20
-11307.77961568646
  0
LWPOLYLINE
  5
5BB
330
2
100
AcDbEntity
  8
0
100
AcDbPolyline
 90
        2
 70
     0
 43
0.25
 10
26101.75113840369
 20
-11307.77961568646
 10
26156.88931375767
 20
-11307.77961568646
  0
LINE
  5
5BC
330
2
100
AcDbEntity
  8
1
100
AcDbLine
 10
26096.75113840368
 20
-11307.77961568646
 30
0.0
 11
26096.75113840368
 21
-11306.95461568646
 31
0.0
  0
LINE
  5
5BD
330
2
100
AcDbEntity
  8
1
100
AcDbLine
 10
26096.75113840368
 20
-11305.27961568646
 30
0.0
 11
26096.75113840368
 21
-11306.10461568646
 31
0.0
  0
LINE
  5
5BE
330
2
100
AcDbEntity
  8
1
100
AcDbLine
 10
26096.75113840368
 20
-11305.27961568646
 30
0.0
 11
26098.40113840369
 21
-11305.27961568646
 31
0.0
  0
LINE
  5
5BF
330
2
100
AcDbEntity
  8
1
100
AcDbLine
 10
26101.75113840368
 20
-11305.27961568646
 30
0.0
 11
26100.10113840369
 21
-11305.27961568646
 31
0.0
  0
LINE
  5
5C0
330
2
100
AcDbEntity
  8
1
100
AcDbLine
 10
26173.37899195259
 20
-11305.27961568646
 30
0.0
 11
26156.87328485476
 21
-11305.27961568646
 31
0.0
  0
LINE
  5
5C1
330
2
100
AcDbEntity
  8
1
100
AcDbLine
 10
26228.50113840369
 20
-11305.27961568646
 30
0.0
 11
26230.15113840368
 21
-11305.27961568646
 31
0.0
  0
LINE
  5
5C2
330
2
100
AcDbEntity
  8
1
100
AcDbLine
 10
26233.50113840369
 20
-11305.27961568646
 30
0.0
 11
26231.85113840369
 21
-11305.27961568646
 31
0.0
  0
LWPOLYLINE
  5
5C3
330
2
100
AcDbEntity
  8
0
100
AcDbPolyline
 90
        2
 70
     0
 43
0.25
 10
26156.87328485476
 20
-11305.27961568646
 10
26101.75113840369
 20
-11305.27961568646
  0
LWPOLYLINE
  5
5C4
330
2
100
AcDbEntity
  8
0
100
AcDbPolyline
 90
        2
 70
     0
 43
0.25
 10
26228.50113840369
 20
-11305.27961568646
 10
26173.37899195259
 20
-11305.27961568646
  0
LINE
  5
5C5
330
2
100
AcDbEntity
  8
1
100
AcDbLine
 10
26128.24363840369
 20
-11339.78861568646
 30
0.0
 11
26097.31463840369
 21
-11309.47261568646
 31
0.0
  0
LINE
  5
5C6
330
2
100
AcDbEntity
  8
1
100
AcDbLine
 10
26128.59363840369
 20
-11339.43161568646
 30
0.0
 11
26128.35013840369
 21
-11339.68011568646
 31
0.0
  0
LINE
  5
5C7
330
2
100
AcDbEntity
  8
1
100
AcDbLine
 10
26127.85513840368
 20
-11340.18511568646
 30
0.0
 11
26128.09913840368
 21
-11339.93661568646
 31
0.0
  0
LWPOLYLINE
  5
5C8
330
2
100
AcDbEntity
  8
0
100
AcDbPolyline
 90
        2
 70
     0
 43
0.25
 10
26127.19363840369
 20
-11340.86011568647
 10
26127.85513840368
 20
-11340.18511568647
  0
LINE
  5
5C9
330
2
100
AcDbEntity
  8
1
100
AcDbLine
 10
26127.13413840368
 20
-11340.80161568646
 30
0.0
 11
26126.54263840369
 21
-11340.22161568646
 31
0.0
  0
LINE
  5
5CA
330
2
100
AcDbEntity
  8
1
100
AcDbLine
 10
26125.34213840368
 20
-11339.04461568646
 30
0.0
 11
26125.93313840368
 21
-11339.62461568646
 31
0.0
  0
LINE
  5
5CB
330
2
100
AcDbEntity
  8
1
100
AcDbLine
 10
26098.05013840368
 20
-11312.29361568646
 30
0.0
 11
26097.46113840368
 21
-11311.71611568646
 31
0.0
  0
LINE
  5
5CC
330
2
100
AcDbEntity
  8
1
100
AcDbLine
 10
26096.2646384037
 20
-11310.54361568646
 30
0.0
 11
26096.85413840368
 21
-11311.12111568646
 31
0.0
  0
LWPOLYLINE
  5
5CD
330
2
100
AcDbEntity
  8
0
100
AcDbPolyline
 90
        2
 70
     0
 43
0.25
 10
26127.13413840369
 20
-11340.80161568646
 10
26127.19363840369
 20
-11340.86011568647
  0
LWPOLYLINE
  5
5CE
330
2
100
AcDbEntity
  8
0
100
AcDbPolyline
 90
        2
 70
     0
 43
0.25
 10
26098.05013840369
 20
-11312.29361568645
 10
26125.34213840367
 20
-11339.04461568646
  0
LINE
  5
5CF
330
2
100
AcDbEntity
  8
1
100
AcDbLine
 10
26096.2646384037
 20
-11310.54361568646
 30
0.0
 11
26096.72663840368
 21
-11310.07211568646
 31
0.0
  0
LINE
  5
5D0
330
2
100
AcDbEntity
  8
1
100
AcDbLine
 10
26097.66463840369
 20
-11309.11561568646
 30
0.0
 11
26097.20263840368
 21
-11309.58661568646
 31
0.0
  0
LINE
  5
5D1
330
2
100
AcDbEntity
  8
1
100
AcDbLine
 10
26097.66463840369
 20
-11309.11561568646
 30
0.0
 11
26098.25413840368
 21
-11309.69261568646
 31
0.0
  0
LINE
  5
5D2
330
2
100
AcDbEntity
  8
1
100
AcDbLine
 10
26099.45013840369
 20
-11310.86511568646
 30
0.0
 11
26098.86113840369
 21
-11310.28761568646
 31
0.0
  0
LINE
  5
5D3
330
2
100
AcDbEntity
  8
1
100
AcDbLine
 10
26126.86813840369
 20
-11337.74011568646
 30
0.0
 11
26127.43763840369
 21
-11338.29811568646
 31
0.0
  0
LINE
  5
5D4
330
2
100
AcDbEntity
  8
1
100
AcDbLine
 10
26128.59363840369
 20
-11339.43161568646
 30
0.0
 11
26128.02413840368
 21
-11338.87361568646
 31
0.0
  0
LWPOLYLINE
  5
5D5
330
2
100
AcDbEntity
  8
0
100
AcDbPolyline
 90
        2
 70
     0
 43
0.25
 10
26126.86813840369
 20
-11337.74011568646
 10
26099.45013840369
 20
-11310.86511568646
  0
LINE
  5
5D6
330
2
100
AcDbEntity
  8
0
100
AcDbLine
 10
26202.00863840369
 20
-11339.78861568646
 30
0.0
 11
26232.93763840369
 21
-11309.47261568646
 31
0.0
  0
LWPOLYLINE
  5
5D7
330
2
100
AcDbEntity
  8
0
100
AcDbPolyline
 90
        2
 70
     0
 43
0.25
 10
26203.05863840368
 20
-11340.86011568647
 10
26201.65863840369
 20
-11339.43161568646
  0
LWPOLYLINE
  5
5D8
330
2
100
AcDbEntity
  8
0
100
AcDbPolyline
 90
        2
 70
     0
 43
0.25
 10
26233.98763840369
 20
-11310.54361568645
 10
26203.05863840368
 20
-11340.86011568647
  0
LWPOLYLINE
  5
5D9
330
2
100
AcDbEntity
  8
0
100
AcDbPolyline
 90
        2
 70
     0
 43
0.25
 10
26232.58763840369
 20
-11309.11561568647
 10
26233.98763840369
 20
-11310.54361568645
  0
LWPOLYLINE
  5
5DA
330
2
100
AcDbEntity
  8
0
100
AcDbPolyline
 90
        2
 70
     0
 43
0.25
 10
26201.65863840369
 20
-11339.43161568646
 10
26232.58763840369
 20
-11309.11561568647
  0
LINE
  5
5DB
330
2
100
AcDbEntity
  8
0
100
AcDbLine
 10
26087.43863840369
 20
-11372.10411568646
 30
0.0
 11
26161.78813840369
 21
-11308.54611568646
 31
0.0
  0
LINE
  5
5DC
330
2
100
AcDbEntity
  8
1
100
AcDbLine
 10
26093.11862685973
 20
-11366.59059449211
 30
0.0
 11
26093.65462685972
 21
-11367.21759449212
 31
0.0
  0
LINE
  5
5DD
330
2
100
AcDbEntity
  8
1
100
AcDbLine
 10
26094.74312685972
 20
-11368.49109449212
 30
0.0
 11
26094.20712685971
 21
-11367.86359449211
 31
0.0
  0
LINE
  5
5DE
330
2
100
AcDbEntity
  8
1
100
AcDbLine
 10
26088.73813840369
 20
-11373.62461568646
 30
0.0
 11
26089.53463840369
 21
-11372.94361568646
 31
0.0
  0
LINE
  5
5DF
330
2
100
AcDbEntity
  8
1
100
AcDbLine
 10
26091.15113840369
 20
-11371.56161568646
 30
0.0
 11
26090.35463840369
 21
-11372.24261568647
 31
0.0
  0
LINE
  5
5E0
330
2
100
AcDbEntity
  8
1
100
AcDbLine
 10
26091.15113840369
 20
-11371.56161568646
 30
0.0
 11
26091.24063840368
 21
-11371.48511568647
 31
0.0
  0
LINE
  5
5E1
330
2
100
AcDbEntity
  8
1
100
AcDbLine
 10
26091.42313840369
 20
-11371.32911568646
 30
0.0
 11
26091.33313840369
 21
-11371.40611568646
 31
0.0
  0
LINE
  5
5E2
330
2
100
AcDbEntity
  8
1
100
AcDbLine
 10
26091.42313840369
 20
-11371.32911568646
 30
0.0
 11
26092.54363840369
 21
-11370.37111568646
 31
0.0
  0
LINE
  5
5E3
330
2
100
AcDbEntity
  8
1
100
AcDbLine
 10
26094.74312685972
 20
-11368.49109449212
 30
0.0
 11
26093.69863840369
 21
-11369.38411568646
 31
0.0
  0
LINE
  5
5E4
330
2
100
AcDbEntity
  8
1
100
AcDbLine
 10
26159.28713840368
 20
-11313.31511568647
 30
0.0
 11
26160.54163840368
 21
-11312.24311568646
 31
0.0
  0
LINE
  5
5E5
330
2
100
AcDbEntity
  8
1
100
AcDbLine
 10
26163.08813840369
 20
-11310.06661568647
 30
0.0
 11
26161.83363840369
 21
-11311.13861568646
 31
0.0
  0
LWPOLYLINE
  5
5E6
330
2
100
AcDbEntity
  8
0
100
AcDbPolyline
 90
        2
 70
     0
 43
0.25
 10
26091.15113840368
 20
-11371.56161568646
 10
26091.15113840368
 20
-11371.56161568646
  0
LWPOLYLINE
  5
5E7
330
2
100
AcDbEntity
  8
0
100
AcDbPolyline
 90
        2
 70
     0
 43
0.25
 10
26091.42313840369
 20
-11371.32911568645
 10
26091.42313840369
 20
-11371.32911568645
  0
LWPOLYLINE
  5
5E8
330
2
100
AcDbEntity
  8
0
100
AcDbPolyline
 90
        2
 70
     0
 43
0.25
 10
26163.08773528195
 20
-11310.06614418807
 10
26088.73808551064
 20
-11373.62455376409
  0
LINE
  5
5E9
330
2
100
AcDbEntity
  8
1
100
AcDbLine
 10
26159.30708498232
 20
-11313.298070862
 30
0.0
 11
26158.77058498232
 21
-11312.670570862
 31
0.0
  0
LINE
  5
5EA
330
2
100
AcDbEntity
  8
1
100
AcDbLine
 10
26157.68258498232
 20
-11311.397570862
 30
0.0
 11
26158.21858498231
 21
-11312.02457086199
 31
0.0
  0
LINE
  5
5EB
330
2
100
AcDbEntity
  8
1
100
AcDbLine
 10
26161.46363840369
 20
-11308.16611568646
 30
0.0
 11
26160.20913840369
 21
-11309.23811568646
 31
0.0
  0
LINE
  5
5EC
330
2
100
AcDbEntity
  8
1
100
AcDbLine
 10
26157.66263840369
 20
-11311.41511568646
 30
0.0
 11
26158.91713840368
 21
-11310.34311568647
 31
0.0
  0
LINE
  5
5ED
330
2
100
AcDbEntity
  8
1
100
AcDbLine
 10
26093.11862685973
 20
-11366.59059449211
 30
0.0
 11
26091.46663840369
 21
-11368.00311568646
 31
0.0
  0
LINE
  5
5EE
330
2
100
AcDbEntity
  8
1
100
AcDbLine
 10
26087.95763840369
 20
-11371.00311568646
 30
0.0
 11
26089.68563840369
 21
-11369.52561568646
 31
0.0
  0
LINE
  5
5EF
330
2
100
AcDbEntity
  8
1
100
AcDbLine
 10
26087.95763840369
 20
-11371.00311568646
 30
0.0
 11
26087.77363840368
 21
-11371.16011568646
 31
0.0
  0
LINE
  5
5F0
330
2
100
AcDbEntity
  8
1
100
AcDbLine
 10
26087.40063840368
 20
-11371.47911568646
 30
0.0
 11
26087.58413840369
 21
-11371.32161568646
 31
0.0
  0
LINE
  5
5F1
330
2
100
AcDbEntity
  8
1
100
AcDbLine
 10
26087.40063840368
 20
-11371.47911568646
 30
0.0
 11
26087.30613840369
 21
-11371.55961568646
 31
0.0
  0
LINE
  5
5F2
330
2
100
AcDbEntity
  8
1
100
AcDbLine
 10
26087.11363840369
 20
-11371.72411568646
 30
0.0
 11
26087.20863840369
 21
-11371.64311568646
 31
0.0
  0
LWPOLYLINE
  5
5F3
330
2
100
AcDbEntity
  8
0
100
AcDbPolyline
 90
        2
 70
     0
 43
0.25
 10
26087.11421226805
 20
-11371.72347081688
 10
26161.46327170882
 20
-11308.16614252517
  0
LWPOLYLINE
  5
5F4
330
2
100
AcDbEntity
  8
0
100
AcDbPolyline
 90
        2
 70
     0
 43
0.25
 10
26087.95763840369
 20
-11371.00311568647
 10
26087.95763840369
 20
-11371.00311568647
  0
LWPOLYLINE
  5
5F5
330
2
100
AcDbEntity
  8
0
100
AcDbPolyline
 90
        2
 70
     0
 43
0.25
 10
26087.40063840369
 20
-11371.47911568646
 10
26087.40063840369
 20
-11371.47911568646
  0
LINE
  5
5F6
330
2
100
AcDbEntity
  8
1
100
AcDbLine
 10
26242.81363840369
 20
-11372.10411568646
 30
0.0
 11
26168.46413840368
 21
-11308.54611568646
 31
0.0
  0
LINE
  5
5F7
330
2
100
AcDbEntity
  8
1
100
AcDbLine
 10
26243.13863840368
 20
-11371.72411568646
 30
0.0
 11
26242.60263840369
 21
-11372.35111568646
 31
0.0
  0
LINE
  5
5F8
330
2
100
AcDbEntity
  8
1
100
AcDbLine
 10
26241.51413840369
 20
-11373.62461568646
 30
0.0
 11
26242.05013840368
 21
-11372.99711568646
 31
0.0
  0
LINE
  5
5F9
330
2
100
AcDbEntity
  8
1
100
AcDbLine
 10
26241.51413840369
 20
-11373.62461568646
 30
0.0
 11
26240.71763840369
 21
-11372.94361568646
 31
0.0
  0
LINE
  5
5FA
330
2
100
AcDbEntity
  8
1
100
AcDbLine
 10
26239.10113840369
 20
-11371.56161568646
 30
0.0
 11
26239.89763840369
 21
-11372.24261568647
 31
0.0
  0
LINE
  5
5FB
330
2
100
AcDbEntity
  8
1
100
AcDbLine
 10
26239.10113840369
 20
-11371.56161568646
 30
0.0
 11
26239.01163840369
 21
-11371.48511568647
 31
0.0
  0
LINE
  5
5FC
330
2
100
AcDbEntity
  8
1
100
AcDbLine
 10
26238.82913840368
 20
-11371.32911568646
 30
0.0
 11
26238.91913840368
 21
-11371.40611568646
 31
0.0
  0
LINE
  5
5FD
330
2
100
AcDbEntity
  8
1
100
AcDbLine
 10
26238.82913840368
 20
-11371.32911568646
 30
0.0
 11
26237.70863840369
 21
-11370.37111568646
 31
0.0
  0
LINE
  5
5FE
330
2
100
AcDbEntity
  8
1
100
AcDbLine
 10
26235.43313840369
 20
-11368.42611568646
 30
0.0
 11
26236.55363840369
 21
-11369.38411568646
 31
0.0
  0
LINE
  5
5FF
330
2
100
AcDbEntity
  8
1
100
AcDbLine
 10
26203.11813840369
 20
-11340.80161568646
 30
0.0
 11
26202.88013840368
 21
-11340.59811568646
 31
0.0
  0
LINE
  5
600
330
2
100
AcDbEntity
  8
1
100
AcDbLine
 10
26202.39713840368
 20
-11340.18511568646
 30
0.0
 11
26202.63463840368
 21
-11340.38861568646
 31
0.0
  0
LINE
  5
601
330
2
100
AcDbEntity
  8
1
100
AcDbLine
 10
26170.96513840369
 20
-11313.31511568647
 30
0.0
 11
26169.71063840368
 21
-11312.24311568646
 31
0.0
  0
LINE
  5
602
330
2
100
AcDbEntity
  8
1
100
AcDbLine
 10
26167.16413840369
 20
-11310.06661568647
 30
0.0
 11
26168.41863840369
 21
-11311.13861568646
 31
0.0
  0
LWPOLYLINE
  5
603
330
2
100
AcDbEntity
  8
0
100
AcDbPolyline
 90
        2
 70
     0
 43
0.25
 10
26239.10113840369
 20
-11371.56161568646
 10
26239.10113840369
 20
-11371.56161568646
  0
LWPOLYLINE
  5
604
330
2
100
AcDbEntity
  8
0
100
AcDbPolyline
 90
        2
 70
     0
 43
0.25
 10
26238.82913840368
 20
-11371.32911568645
 10
26238.82913840368
 20
-11371.32911568645
  0
LWPOLYLINE
  5
605
330
2
100
AcDbEntity
  8
0
100
AcDbPolyline
 90
        2
 70
     0
 43
0.25
 10
26203.11813840369
 20
-11340.80161568646
 10
26235.50914540427
 20
-11368.49109980654
  0
LWPOLYLINE
  5
606
330
2
100
AcDbEntity
  8
0
100
AcDbPolyline
 90
        2
 70
     0
 43
0.25
 10
26170.96513840369
 20
-11313.31511568647
 10
26202.39713840368
 20
-11340.18511568647
  0
LINE
  5
607
330
2
100
AcDbEntity
  8
1
100
AcDbLine
 10
26167.16413840369
 20
-11310.06661568647
 30
0.0
 11
26167.70063840369
 21
-11309.43911568647
 31
0.0
  0
LINE
  5
608
330
2
100
AcDbEntity
  8
1
100
AcDbLine
 10
26168.78863840369
 20
-11308.16611568646
 30
0.0
 11
26168.25263840368
 21
-11308.79311568646
 31
0.0
  0
LINE
  5
609
330
2
100
AcDbEntity
  8
1
100
AcDbLine
 10
26168.78863840369
 20
-11308.16611568646
 30
0.0
 11
26170.04313840368
 21
-11309.23811568646
 31
0.0
  0
LINE
  5
60A
330
2
100
AcDbEntity
  8
1
100
AcDbLine
 10
26172.58963840369
 20
-11311.41511568646
 30
0.0
 11
26171.33513840368
 21
-11310.34311568647
 31
0.0
  0
LINE
  5
60B
330
2
100
AcDbEntity
  8
1
100
AcDbLine
 10
26203.38413840368
 20
-11337.74011568646
 30
0.0
 11
26203.88763840368
 21
-11338.17061568646
 31
0.0
  0
LINE
  5
60C
330
2
100
AcDbEntity
  8
1
100
AcDbLine
 10
26204.91013840368
 20
-11339.04461568646
 30
0.0
 11
26204.40663840368
 21
-11338.61411568646
 31
0.0
  0
LINE
  5
60D
330
2
100
AcDbEntity
  8
1
100
AcDbLine
 10
26237.13364540427
 20
-11366.59059980654
 30
0.0
 11
26238.78563840369
 21
-11368.00311568646
 31
0.0
  0
LINE
  5
60E
330
2
100
AcDbEntity
  8
1
100
AcDbLine
 10
26242.29463840369
 20
-11371.00311568646
 30
0.0
 11
26240.56663840368
 21
-11369.52561568646
 31
0.0
  0
LINE
  5
60F
330
2
100
AcDbEntity
  8
1
100
AcDbLine
 10
26242.29463840369
 20
-11371.00311568646
 30
0.0
 11
26242.47863840369
 21
-11371.16011568646
 31
0.0
  0
LINE
  5
610
330
2
100
AcDbEntity
  8
1
100
AcDbLine
 10
26242.85163840369
 20
-11371.47911568646
 30
0.0
 11
26242.66813840369
 21
-11371.32161568646
 31
0.0
  0
LINE
  5
611
330
2
100
AcDbEntity
  8
1
100
AcDbLine
 10
26242.85163840369
 20
-11371.47911568646
 30
0.0
 11
26242.94613840369
 21
-11371.55961568646
 31
0.0
  0
LINE
  5
612
330
2
100
AcDbEntity
  8
1
100
AcDbLine
 10
26243.13863840368
 20
-11371.72411568646
 30
0.0
 11
26243.04363840368
 21
-11371.64311568646
 31
0.0
  0
LWPOLYLINE
  5
613
330
2
100
AcDbEntity
  8
0
100
AcDbPolyline
 90
        2
 70
     0
 43
0.25
 10
26203.38413840369
 20
-11337.74011568646
 10
26172.5896384037
 20
-11311.41511568646
  0
LWPOLYLINE
  5
614
330
2
100
AcDbEntity
  8
0
100
AcDbPolyline
 90
        2
 70
     0
 43
0.25
 10
26237.13364540427
 20
-11366.59059980654
 10
26204.91013840367
 20
-11339.04461568646
  0
LWPOLYLINE
  5
615
330
2
100
AcDbEntity
  8
0
100
AcDbPolyline
 90
        2
 70
     0
 43
0.25
 10
26242.29463840369
 20
-11371.00311568647
 10
26242.29463840369
 20
-11371.00311568647
  0
LWPOLYLINE
  5
616
330
2
100
AcDbEntity
  8
0
100
AcDbPolyline
 90
        2
 70
     0
 43
0.25
 10
26242.85163840369
 20
-11371.47911568646
 10
26242.85163840369
 20
-11371.47911568646
  0
LINE
  5
617
330
2
100
AcDbEntity
  8
1
100
AcDbLine
 10
26121.90913840369
 20
-11461.64761568646
 30
0.0
 11
26126.59563840368
 21
-11398.98611568646
 31
0.0
  0
LINE
  5
618
330
2
100
AcDbEntity
  8
1
100
AcDbLine
 10
26121.41063840368
 20
-11461.61011568646
 30
0.0
 11
26121.86813840369
 21
-11461.64461568647
 31
0.0
  0
LINE
  5
619
330
2
100
AcDbEntity
  8
1
100
AcDbLine
 10
26122.79763840369
 20
-11461.71411568646
 30
0.0
 11
26122.33963840368
 21
-11461.67961568646
 31
0.0
  0
LWPOLYLINE
  5
61A
330
2
100
AcDbEntity
  8
0
100
AcDbPolyline
 90
        2
 70
     0
 43
0.25
 10
26123.40513840368
 20
-11461.75961568647
 10
26122.7976384037
 20
-11461.71411568646
  0
LINE
  5
61B
330
2
100
AcDbEntity
  8
1
100
AcDbLine
 10
26123.44463840368
 20
-11461.23161568646
 30
0.0
 11
26123.53563840368
 21
-11460.01161568646
 31
0.0
  0
LINE
  5
61C
330
2
100
AcDbEntity
  8
1
100
AcDbLine
 10
26123.72113840368
 20
-11457.53411568646
 30
0.0
 11
26123.62963840369
 21
-11458.75411568646
 31
0.0
  0
LINE
  5
61D
330
2
100
AcDbEntity
  8
1
100
AcDbLine
 10
26127.84513840368
 20
-11402.39511568646
 30
0.0
 11
26127.91413840368
 21
-11401.47011568646
 31
0.0
  0
LINE
  5
61E
330
2
100
AcDbEntity
  8
1
100
AcDbLine
 10
26128.05463840368
 20
-11399.59161568646
 30
0.0
 11
26127.98563840369
 21
-11400.51661568646
 31
0.0
  0
LINE
  5
61F
330
2
100
AcDbEntity
  8
1
100
AcDbLine
 10
26128.05463840368
 20
-11399.59161568646
 30
0.0
 11
26128.06663840368
 21
-11399.42861568646
 31
0.0
  0
LINE
  5
620
330
2
100
AcDbEntity
  8
1
100
AcDbLine
 10
26128.09163840369
 20
-11399.09761568646
 30
0.0
 11
26128.07963840368
 21
-11399.26061568646
 31
0.0
  0
LWPOLYLINE
  5
621
330
2
100
AcDbEntity
  8
0
100
AcDbPolyline
 90
        2
 70
     0
 43
0.25
 10
26123.44463840368
 20
-11461.23161568646
 10
26123.40513840368
 20
-11461.75961568647
  0
LWPOLYLINE
  5
622
330
2
100
AcDbEntity
  8
0
100
AcDbPolyline
 90
        2
 70
     0
 43
0.25
 10
26127.84513840367
 20
-11402.39511568646
 10
26123.72113840369
 20
-11457.53411568645
  0
LWPOLYLINE
  5
623
330
2
100
AcDbEntity
  8
0
100
AcDbPolyline
 90
        2
 70
     0
 43
0.25
 10
26128.05463840368
 20
-11399.59161568646
 10
26128.05463840368
 20
-11399.59161568646
  0
LINE
  5
624
330
2
100
AcDbEntity
  8
1
100
AcDbLine
 10
26128.09163840369
 20
-11399.09761568646
 30
0.0
 11
26127.43363840369
 21
-11399.04861568646
 31
0.0
  0
LINE
  5
625
330
2
100
AcDbEntity
  8
1
100
AcDbLine
 10
26126.09713840369
 20
-11398.94861568646
 30
0.0
 11
26126.75513840369
 21
-11398.99811568646
 31
0.0
  0
LINE
  5
626
330
2
100
AcDbEntity
  8
1
100
AcDbLine
 10
26126.09713840369
 20
-11398.94861568646
 30
0.0
 11
26126.04713840368
 21
-11399.61911568647
 31
0.0
  0
LINE
  5
627
330
2
100
AcDbEntity
  8
1
100
AcDbLine
 10
26125.94513840369
 20
-11400.97961568647
 30
0.0
 11
26125.99563840369
 21
-11400.30911568646
 31
0.0
  0
LINE
  5
628
330
2
100
AcDbEntity
  8
1
100
AcDbLine
 10
26125.94513840369
 20
-11400.97961568647
 30
0.0
 11
26125.91063840369
 21
-11401.44211568646
 31
0.0
  0
LINE
  5
629
330
2
100
AcDbEntity
  8
1
100
AcDbLine
 10
26125.84063840369
 20
-11402.38161568646
 30
0.0
 11
26125.87513840369
 21
-11401.91911568646
 31
0.0
  0
LINE
  5
62A
330
2
100
AcDbEntity
  8
1
100
AcDbLine
 10
26121.59713840368
 20
-11459.11661568646
 30
0.0
 11
26121.53563840369
 21
-11459.93961568646
 31
0.0
  0
LINE
  5
62B
330
2
100
AcDbEntity
  8
1
100
AcDbLine
 10
26121.41063840368
 20
-11461.61011568646
 30
0.0
 11
26121.47213840369
 21
-11460.78711568646
 31
0.0
  0
LWPOLYLINE
  5
62C
330
2
100
AcDbEntity
  8
0
100
AcDbPolyline
 90
        2
 70
     0
 43
0.25
 10
26125.94513840369
 20
-11400.97961568647
 10
26125.94513840369
 20
-11400.97961568647
  0
LWPOLYLINE
  5
62D
330
2
100
AcDbEntity
  8
0
100
AcDbPolyline
 90
        2
 70
     0
 43
0.25
 10
26121.59713840368
 20
-11459.11661568646
 10
26125.84063840369
 20
-11402.38161568647
  0
LINE
  5
62E
330
2
100
AcDbEntity
  8
0
100
AcDbLine
 10
26208.34313840368
 20
-11461.64761568646
 30
0.0
 11
26203.65663840369
 21
-11398.98611568646
 31
0.0
  0
LWPOLYLINE
  5
62F
330
2
100
AcDbEntity
  8
0
100
AcDbPolyline
 90
        2
 70
     0
 43
0.25
 10
26206.84713840368
 20
-11461.75961568647
 10
26208.84163840368
 20
-11461.61011568647
  0
LWPOLYLINE
  5
630
330
2
100
AcDbEntity
  8
0
100
AcDbPolyline
 90
        2
 70
     0
 43
0.25
 10
26202.1606384037
 20
-11399.09761568646
 10
26206.84713840368
 20
-11461.75961568647
  0
LWPOLYLINE
  5
631
330
2
100
AcDbEntity
  8
0
100
AcDbPolyline
 90
        2
 70
     0
 43
0.25
 10
26204.1551384037
 20
-11398.94861568645
 10
26202.1606384037
 20
-11399.09761568646
  0
LWPOLYLINE
  5
632
330
2
100
AcDbEntity
  8
0
100
AcDbPolyline
 90
        2
 70
     0
 43
0.25
 10
26208.84163840368
 20
-11461.61011568647
 10
26204.1551384037
 20
-11398.94861568645
  0
LINE
  5
633
330
2
100
AcDbEntity
  8
1
100
AcDbLine
 10
26083.76963840368
 20
-11430.82861568646
 30
0.0
 11
26120.56163840368
 21
-11463.28011568646
 31
0.0
  0
LINE
  5
634
330
2
100
AcDbEntity
  8
1
100
AcDbLine
 10
26084.10013840368
 20
-11430.45361568646
 30
0.0
 11
26083.66363840368
 21
-11430.94861568646
 31
0.0
  0
LINE
  5
635
330
2
100
AcDbEntity
  8
1
100
AcDbLine
 10
26082.77713840368
 20
-11431.95361568646
 30
0.0
 11
26083.21363840368
 21
-11431.45861568646
 31
0.0
  0
LINE
  5
636
330
2
100
AcDbEntity
  8
1
100
AcDbLine
 10
26082.77713840368
 20
-11431.95361568646
 30
0.0
 11
26083.28713840368
 21
-11432.40361568646
 31
0.0
  0
LINE
  5
637
330
2
100
AcDbEntity
  8
1
100
AcDbLine
 10
26084.32313840368
 20
-11433.31711568646
 30
0.0
 11
26083.81313840369
 21
-11432.86711568646
 31
0.0
  0
LINE
  5
638
330
2
100
AcDbEntity
  8
1
100
AcDbLine
 10
26084.32313840368
 20
-11433.31711568646
 30
0.0
 11
26085.08563840368
 21
-11433.99011568646
 31
0.0
  0
LINE
  5
639
330
2
100
AcDbEntity
  8
1
100
AcDbLine
 10
26086.63463840368
 20
-11435.35561568646
 30
0.0
 11
26085.87163840369
 21
-11434.68311568646
 31
0.0
  0
LINE
  5
63A
330
2
100
AcDbEntity
  8
1
100
AcDbLine
 10
26117.24763840369
 20
-11462.35711568646
 30
0.0
 11
26117.95613840369
 21
-11462.98211568646
 31
0.0
  0
LINE
  5
63B
330
2
100
AcDbEntity
  8
1
100
AcDbLine
 10
26119.39363840368
 20
-11464.25011568646
 30
0.0
 11
26118.68563840369
 21
-11463.62561568646
 31
0.0
  0
LWPOLYLINE
  5
63C
330
2
100
AcDbEntity
  8
0
100
AcDbPolyline
 90
        2
 70
     0
 43
0.25
 10
26084.32313840369
 20
-11433.31711568646
 10
26084.32313840369
 20
-11433.31711568646
  0
LWPOLYLINE
  5
63D
330
2
100
AcDbEntity
  8
0
100
AcDbPolyline
 90
        2
 70
     0
 43
0.25
 10
26117.2476384037
 20
-11462.35711568647
 10
26086.63463840368
 20
-11435.35561568646
  0
LWPOLYLINE
  5
63E
330
2
100
AcDbEntity
  8
0
100
AcDbPolyline
 90
        2
 70
     0
 43
0.25
 10
26119.56963840368
 20
-11464.40511568645
 10
26119.39363840369
 20
-11464.25011568647
  0
LINE
  5
63F
330
2
100
AcDbEntity
  8
1
100
AcDbLine
 10
26120.30563840369
 20
-11463.57111568646
 30
0.0
 11
26120.49913840368
 21
-11463.35111568647
 31
0.0
  0
LINE
  5
640
330
2
100
AcDbEntity
  8
1
100
AcDbLine
 10
26120.89263840369
 20
-11462.90511568646
 30
0.0
 11
26120.69863840368
 21
-11463.12511568646
 31
0.0
  0
LWPOLYLINE
  5
641
330
2
100
AcDbEntity
  8
0
100
AcDbPolyline
 90
        2
 70
     0
 43
0.25
 10
26120.30563840369
 20
-11463.57111568646
 10
26119.56963840368
 20
-11464.40511568645
  0
LINE
  5
642
330
2
100
AcDbEntity
  8
1
100
AcDbLine
 10
26120.89263840369
 20
-11462.90511568646
 30
0.0
 11
26120.23063840368
 21
-11462.32161568646
 31
0.0
  0
LINE
  5
643
330
2
100
AcDbEntity
  8
1
100
AcDbLine
 10
26118.88663840369
 20
-11461.13611568646
 30
0.0
 11
26119.54863840368
 21
-11461.72011568646
 31
0.0
  0
LINE
  5
644
330
2
100
AcDbEntity
  8
1
100
AcDbLine
 10
26086.82163840368
 20
-11432.85411568646
 30
0.0
 11
26086.03213840369
 21
-11432.15761568647
 31
0.0
  0
LINE
  5
645
330
2
100
AcDbEntity
  8
1
100
AcDbLine
 10
26084.42913840368
 20
-11430.74411568646
 30
0.0
 11
26085.21863840369
 21
-11431.44011568647
 31
0.0
  0
LINE
  5
646
330
2
100
AcDbEntity
  8
1
100
AcDbLine
 10
26084.42913840368
 20
-11430.74411568646
 30
0.0
 11
26084.32063840369
 21
-11430.64811568646
 31
0.0
  0
LINE
  5
647
330
2
100
AcDbEntity
  8
1
100
AcDbLine
 10
26084.10013840368
 20
-11430.45361568646
 30
0.0
 11
26084.20863840368
 21
-11430.54961568646
 31
0.0
  0
LWPOLYLINE
  5
648
330
2
100
AcDbEntity
  8
0
100
AcDbPolyline
 90
        2
 70
     0
 43
0.25
 10
26086.82163840369
 20
-11432.85411568646
 10
26118.88663840369
 20
-11461.13611568645
  0
LWPOLYLINE
  5
649
330
2
100
AcDbEntity
  8
0
100
AcDbPolyline
 90
        2
 70
     0
 43
0.25
 10
26084.42913840367
 20
-11430.74411568646
 10
26084.42913840367
 20
-11430.74411568646
  0
LINE
  5
64A
330
2
100
AcDbEntity
  8
0
100
AcDbLine
 10
26246.48263840368
 20
-11430.82861568646
 30
0.0
 11
26209.69063840369
 21
-11463.28011568646
 31
0.0
  0
LWPOLYLINE
  5
64B
330
2
100
AcDbEntity
  8
0
100
AcDbPolyline
 90
        2
 70
     0
 43
0.25
 10
26247.47513840369
 20
-11431.95361568646
 10
26246.15213840368
 20
-11430.45361568646
  0
LWPOLYLINE
  5
64C
330
2
100
AcDbEntity
  8
0
100
AcDbPolyline
 90
        2
 70
     0
 43
0.25
 10
26210.68263840368
 20
-11464.40511568645
 10
26247.47513840369
 20
-11431.95361568646
  0
LWPOLYLINE
  5
64D
330
2
100
AcDbEntity
  8
0
100
AcDbPolyline
 90
        2
 70
     0
 43
0.25
 10
26209.35963840369
 20
-11462.90511568647
 10
26210.68263840368
 20
-11464.40511568645
  0
LWPOLYLINE
  5
64E
330
2
100
AcDbEntity
  8
0
100
AcDbPolyline
 90
        2
 70
     0
 43
0.25
 10
26246.15213840368
 20
-11430.45361568646
 10
26209.35963840369
 20
-11462.90511568647
  0
LINE
  5
64F
330
2
100
AcDbEntity
  8
0
100
AcDbLine
 10
26083.07513840369
 20
-11432.37661568646
 30
0.0
 11
26127.70463840368
 21
-11399.12211568646
 31
0.0
  0
LWPOLYLINE
  5
650
330
2
100
AcDbEntity
  8
0
100
AcDbPolyline
 90
        2
 70
     0
 43
0.25
 10
26083.97113840369
 20
-11433.57911568647
 10
26082.7761384037
 20
-11431.97561568645
  0
LWPOLYLINE
  5
651
330
2
100
AcDbEntity
  8
0
100
AcDbPolyline
 90
        2
 70
     0
 43
0.25
 10
26128.60113840368
 20
-11400.32461568646
 10
26083.97113840369
 20
-11433.57911568647
  0
LWPOLYLINE
  5
652
330
2
100
AcDbEntity
  8
0
100
AcDbPolyline
 90
        2
 70
     0
 43
0.25
 10
26127.40613840369
 20
-11398.72111568646
 10
26128.60113840368
 20
-11400.32461568646
  0
LWPOLYLINE
  5
653
330
2
100
AcDbEntity
  8
0
100
AcDbPolyline
 90
        2
 70
     0
 43
0.25
 10
26082.7761384037
 20
-11431.97561568645
 10
26127.40613840369
 20
-11398.72111568646
  0
LINE
  5
654
330
2
100
AcDbEntity
  8
1
100
AcDbLine
 10
26247.17713840369
 20
-11432.37661568646
 30
0.0
 11
26202.54763840368
 21
-11399.12211568646
 31
0.0
  0
LINE
  5
655
330
2
100
AcDbEntity
  8
1
100
AcDbLine
 10
26247.47613840369
 20
-11431.97561568646
 30
0.0
 11
26247.08163840368
 21
-11432.50461568646
 31
0.0
  0
LINE
  5
656
330
2
100
AcDbEntity
  8
1
100
AcDbLine
 10
26246.28113840368
 20
-11433.57911568646
 30
0.0
 11
26246.67513840369
 21
-11433.05011568646
 31
0.0
  0
LINE
  5
657
330
2
100
AcDbEntity
  8
1
100
AcDbLine
 10
26246.28113840368
 20
-11433.57911568646
 30
0.0
 11
26245.62413840369
 21
-11433.08961568646
 31
0.0
  0
LINE
  5
658
330
2
100
AcDbEntity
  8
1
100
AcDbLine
 10
26244.29013840368
 20
-11432.09611568646
 30
0.0
 11
26244.94713840369
 21
-11432.58561568646
 31
0.0
  0
LINE
  5
659
330
2
100
AcDbEntity
  8
1
100
AcDbLine
 10
26244.29013840368
 20
-11432.09611568646
 30
0.0
 11
26243.97013840369
 21
-11431.85761568646
 31
0.0
  0
LINE
  5
65A
330
2
100
AcDbEntity
  8
1
100
AcDbLine
 10
26243.32013840368
 20
-11431.37311568646
 30
0.0
 11
26243.64013840369
 21
-11431.61161568646
 31
0.0
  0
LINE
  5
65B
330
2
100
AcDbEntity
  8
1
100
AcDbLine
 10
26204.41163840368
 20
-11402.38161568646
 30
0.0
 11
26203.71113840368
 21
-11401.85961568646
 31
0.0
  0
LINE
  5
65C
330
2
100
AcDbEntity
  8
1
100
AcDbLine
 10
26202.28813840369
 20
-11400.79911568646
 30
0.0
 11
26202.98863840369
 21
-11401.32161568646
 31
0.0
  0
LINE
  5
65D
330
2
100
AcDbEntity
  8
1
100
AcDbLine
 10
26202.28813840369
 20
-11400.79911568646
 30
0.0
 11
26202.07763840369
 21
-11400.64261568646
 31
0.0
  0
LINE
  5
65E
330
2
100
AcDbEntity
  8
1
100
AcDbLine
 10
26201.65113840368
 20
-11400.32461568646
 30
0.0
 11
26201.86163840369
 21
-11400.48111568646
 31
0.0
  0
LWPOLYLINE
  5
65F
330
2
100
AcDbEntity
  8
0
100
AcDbPolyline
 90
        2
 70
     0
 43
0.25
 10
26244.29013840368
 20
-11432.09611568646
 10
26244.29013840368
 20
-11432.09611568646
  0
LWPOLYLINE
  5
660
330
2
100
AcDbEntity
  8
0
100
AcDbPolyline
 90
        2
 70
     0
 43
0.25
 10
26204.41163840368
 20
-11402.38161568647
 10
26243.32013840368
 20
-11431.37311568646
  0
LWPOLYLINE
  5
661
330
2
100
AcDbEntity
  8
0
100
AcDbPolyline
 90
        2
 70
     0
 43
0.25
 10
26202.28813840368
 20
-11400.79911568645
 10
26202.28813840368
 20
-11400.79911568645
  0
LINE
  5
662
330
2
100
AcDbEntity
  8
1
100
AcDbLine
 10
26201.65113840368
 20
-11400.32461568646
 30
0.0
 11
26202.04563840368
 21
-11399.79561568646
 31
0.0
  0
LINE
  5
663
330
2
100
AcDbEntity
  8
1
100
AcDbLine
 10
26202.84613840369
 20
-11398.72111568646
 30
0.0
 11
26202.45213840369
 21
-11399.25011568646
 31
0.0
  0
LINE
  5
664
330
2
100
AcDbEntity
  8
1
100
AcDbLine
 10
26202.84613840369
 20
-11398.72111568646
 30
0.0
 11
26203.29763840369
 21
-11399.05761568646
 31
0.0
  0
LINE
  5
665
330
2
100
AcDbEntity
  8
1
100
AcDbLine
 10
26204.21413840369
 20
-11399.74061568646
 30
0.0
 11
26203.76263840369
 21
-11399.40411568646
 31
0.0
  0
LINE
  5
666
330
2
100
AcDbEntity
  8
1
100
AcDbLine
 10
26204.21413840369
 20
-11399.74061568646
 30
0.0
 11
26204.50413840368
 21
-11399.95611568647
 31
0.0
  0
LINE
  5
667
330
2
100
AcDbEntity
  8
1
100
AcDbLine
 10
26205.09213840368
 20
-11400.39461568647
 30
0.0
 11
26204.80263840368
 21
-11400.17861568646
 31
0.0
  0
LINE
  5
668
330
2
100
AcDbEntity
  8
1
100
AcDbLine
 10
26243.12263840369
 20
-11428.73161568646
 30
0.0
 11
26244.55913840369
 21
-11429.80211568646
 31
0.0
  0
LINE
  5
669
330
2
100
AcDbEntity
  8
1
100
AcDbLine
 10
26247.47613840369
 20
-11431.97561568646
 30
0.0
 11
26246.03913840368
 21
-11430.90511568647
 31
0.0
  0
LINE
  5
66A
330
2
100
AcDbEntity
  8
1
100
AcDbLine
 10
26247.47613840369
 20
-11431.97561568646
 30
0.0
 11
26247.47613840369
 21
-11431.97561568646
 31
0.0
  0
LINE
  5
66B
330
2
100
AcDbEntity
  8
1
100
AcDbLine
 10
26247.47613840369
 20
-11431.97561568646
 30
0.0
 11
26247.47613840369
 21
-11431.97561568646
 31
0.0
  0
LWPOLYLINE
  5
66C
330
2
100
AcDbEntity
  8
0
100
AcDbPolyline
 90
        2
 70
     0
 43
0.25
 10
26204.21413840369
 20
-11399.74061568647
 10
26204.21413840369
 20
-11399.74061568647
  0
LWPOLYLINE
  5
66D
330
2
100
AcDbEntity
  8
0
100
AcDbPolyline
 90
        2
 70
     0
 43
0.25
 10
26243.1226384037
 20
-11428.73161568646
 10
26205.09213840369
 20
-11400.39461568646
  0
LWPOLYLINE
  5
66E
330
2
100
AcDbEntity
  8
0
100
AcDbPolyline
 90
        2
 70
     0
 43
0.25
 10
26247.47613840369
 20
-11431.97561568645
 10
26247.47613840369
 20
-11431.97561568645
  0
LINE
  5
66F
330
2
100
AcDbEntity
  8
1
100
AcDbLine
 10
26203.07463840368
 20
-11399.02961568646
 30
0.0
 11
26202.78713840369
 21
-11399.24361568647
 31
0.0
  0
LINE
  5
670
330
2
100
AcDbEntity
  8
1
100
AcDbLine
 10
26202.20413840368
 20
-11399.67811568646
 30
0.0
 11
26202.49163840369
 21
-11399.46411568646
 31
0.0
  0
LINE
  5
671
330
2
100
AcDbEntity
  8
0
100
AcDbLine
 10
26203.07463840368
 20
-11399.02961568646
 30
0.0
 11
26241.72113840368
 21
-11370.23311568646
 31
0.0
  0
LINE
  5
672
330
2
100
AcDbEntity
  8
0
100
AcDbLine
 10
26078.21663840368
 20
-11492.06411568646
 30
0.0
 11
26202.20413840368
 21
-11399.67811568646
 31
0.0
  0
LWPOLYLINE
  5
673
330
2
100
AcDbEntity
  8
0
100
AcDbPolyline
 90
        2
 70
     0
 43
0.25
 10
26079.59063840369
 20
-11493.90811568646
 10
26077.91763840368
 20
-11491.66311568645
  0
LINE
  5
674
330
2
100
AcDbEntity
  8
1
100
AcDbLine
 10
26202.40713840368
 20
-11402.39511568646
 30
0.0
 11
26203.03413840369
 21
-11401.92811568646
 31
0.0
  0
LINE
  5
675
330
2
100
AcDbEntity
  8
1
100
AcDbLine
 10
26204.30713840369
 20
-11400.97961568647
 30
0.0
 11
26203.68013840368
 21
-11401.44661568646
 31
0.0
  0
LWPOLYLINE
  5
676
330
2
100
AcDbEntity
  8
0
100
AcDbPolyline
 90
        2
 70
     0
 43
0.25
 10
26202.40713840367
 20
-11402.39511568646
 10
26079.59063840369
 20
-11493.90811568646
  0
LWPOLYLINE
  5
677
330
2
100
AcDbEntity
  8
0
100
AcDbPolyline
 90
        2
 70
     0
 43
0.25
 10
26243.09563840368
 20
-11372.07761568645
 10
26204.30713840368
 20
-11400.97961568647
  0
LWPOLYLINE
  5
678
330
2
100
AcDbEntity
  8
0
100
AcDbPolyline
 90
        2
 70
     0
 43
0.25
 10
26241.42263840368
 20
-11369.83211568646
 10
26243.09563840368
 20
-11372.07761568645
  0
LWPOLYLINE
  5
679
330
2
100
AcDbEntity
  8
0
100
AcDbPolyline
 90
        2
 70
     0
 43
0.25
 10
26077.91763840368
 20
-11491.66311568645
 10
26241.42263840368
 20
-11369.83211568646
  0
LINE
  5
67A
330
2
100
AcDbEntity
  8
1
100
AcDbLine
 10
26252.03563840368
 20
-11492.06411568646
 30
0.0
 11
26088.53113840368
 21
-11370.23311568646
 31
0.0
  0
LWPOLYLINE
  5
67B
330
2
100
AcDbEntity
  8
0
100
AcDbPolyline
 90
        2
 70
     0
 43
0.25
 10
26250.66163840368
 20
-11493.90811568646
 10
26252.33463840369
 20
-11491.66311568645
  0
LINE
  5
67C
330
2
100
AcDbEntity
  8
1
100
AcDbLine
 10
26210.85863840369
 20
-11464.25011568646
 30
0.0
 11
26210.55763840369
 21
-11464.02611568646
 31
0.0
  0
LINE
  5
67D
330
2
100
AcDbEntity
  8
1
100
AcDbLine
 10
26209.94663840368
 20
-11463.57111568646
 30
0.0
 11
26210.24763840368
 21
-11463.79511568646
 31
0.0
  0
LINE
  5
67E
330
2
100
AcDbEntity
  8
1
100
AcDbLine
 10
26207.45463840368
 20
-11461.71411568646
 30
0.0
 11
26207.24113840369
 21
-11461.55511568646
 31
0.0
  0
LINE
  5
67F
330
2
100
AcDbEntity
  8
1
100
AcDbLine
 10
26206.80763840369
 20
-11461.23161568646
 30
0.0
 11
26207.02113840368
 21
-11461.39111568646
 31
0.0
  0
LINE
  5
680
330
2
100
AcDbEntity
  8
1
100
AcDbLine
 10
26165.12613840368
 20
-11430.17411568646
 30
0.0
 11
26164.35313840369
 21
-11429.59811568646
 31
0.0
  0
LINE
  5
681
330
2
100
AcDbEntity
  8
1
100
AcDbLine
 10
26162.78313840368
 20
-11428.42811568646
 30
0.0
 11
26163.55613840369
 21
-11429.00411568646
 31
0.0
  0
LINE
  5
682
330
2
100
AcDbEntity
  8
1
100
AcDbLine
 10
26126.83363840369
 20
-11401.64161568646
 30
0.0
 11
26126.28163840368
 21
-11401.23011568646
 31
0.0
  0
LINE
  5
683
330
2
100
AcDbEntity
  8
1
100
AcDbLine
 10
26125.16013840369
 20
-11400.39461568647
 30
0.0
 11
26125.71263840369
 21
-11400.80611568647
 31
0.0
  0
LINE
  5
684
330
2
100
AcDbEntity
  8
1
100
AcDbLine
 10
26092.77013840368
 20
-11376.26011568647
 30
0.0
 11
26090.97963840369
 21
-11374.92611568646
 31
0.0
  0
LINE
  5
685
330
2
100
AcDbEntity
  8
1
100
AcDbLine
 10
26087.34513840368
 20
-11372.21811568647
 30
0.0
 11
26089.13563840369
 21
-11373.55161568647
 31
0.0
  0
LINE
  5
686
330
2
100
AcDbEntity
  8
1
100
AcDbLine
 10
26087.34513840368
 20
-11372.21811568647
 30
0.0
 11
26087.28313840369
 21
-11372.17161568646
 31
0.0
  0
LINE
  5
687
330
2
100
AcDbEntity
  8
1
100
AcDbLine
 10
26087.15663840368
 20
-11372.07761568646
 30
0.0
 11
26087.21913840368
 21
-11372.12361568646
 31
0.0
  0
LWPOLYLINE
  5
688
330
2
100
AcDbEntity
  8
0
100
AcDbPolyline
 90
        2
 70
     0
 43
0.25
 10
26210.8586384037
 20
-11464.25011568647
 10
26250.66163840368
 20
-11493.90811568646
  0
LWPOLYLINE
  5
689
330
2
100
AcDbEntity
  8
0
100
AcDbPolyline
 90
        2
 70
     0
 43
0.25
 10
26207.45463840369
 20
-11461.71411568646
 10
26209.94663840369
 20
-11463.57111568646
  0
LWPOLYLINE
  5
68A
330
2
100
AcDbEntity
  8
0
100
AcDbPolyline
 90
        2
 70
     0
 43
0.25
 10
26165.12613840369
 20
-11430.17411568645
 10
26206.80763840369
 20
-11461.23161568646
  0
LWPOLYLINE
  5
68B
330
2
100
AcDbEntity
  8
0
100
AcDbPolyline
 90
        2
 70
     0
 43
0.25
 10
26126.83363840369
 20
-11401.64161568645
 10
26162.78313840368
 20
-11428.42811568645
  0
LWPOLYLINE
  5
68C
330
2
100
AcDbEntity
  8
0
100
AcDbPolyline
 90
        2
 70
     0
 43
0.25
 10
26092.77013840369
 20
-11376.26011568646
 10
26125.1601384037
 20
-11400.39461568646
  0
LWPOLYLINE
  5
68D
330
2
100
AcDbEntity
  8
0
100
AcDbPolyline
 90
        2
 70
     0
 43
0.25
 10
26087.34513840368
 20
-11372.21811568646
 10
26087.34513840368
 20
-11372.21811568646
  0
LINE
  5
68E
330
2
100
AcDbEntity
  8
1
100
AcDbLine
 10
26087.15663840368
 20
-11372.07761568646
 30
0.0
 11
26087.70913840369
 21
-11371.33661568646
 31
0.0
  0
LINE
  5
68F
330
2
100
AcDbEntity
  8
1
100
AcDbLine
 10
26088.82963840369
 20
-11369.83211568646
 30
0.0
 11
26088.27763840368
 21
-11370.57311568646
 31
0.0
  0
LINE
  5
690
330
2
100
AcDbEntity
  8
1
100
AcDbLine
 10
26088.82963840369
 20
-11369.83211568646
 30
0.0
 11
26089.67513840369
 21
-11370.46211568646
 31
0.0
  0
LINE
  5
691
330
2
100
AcDbEntity
  8
1
100
AcDbLine
 10
26091.39213840369
 20
-11371.74161568646
 30
0.0
 11
26090.54663840368
 21
-11371.11161568646
 31
0.0
  0
LINE
  5
692
330
2
100
AcDbEntity
  8
1
100
AcDbLine
 10
26091.39213840369
 20
-11371.74161568646
 30
0.0
 11
26092.39863840368
 21
-11372.49161568646
 31
0.0
  0
LINE
  5
693
330
2
100
AcDbEntity
  8
1
100
AcDbLine
 10
26094.44313840369
 20
-11374.01461568647
 30
0.0
 11
26093.43613840368
 21
-11373.26461568646
 31
0.0
  0
LINE
  5
694
330
2
100
AcDbEntity
  8
1
100
AcDbLine
 10
26165.12613840368
 20
-11426.68211568646
 30
0.0
 11
26165.89913840369
 21
-11427.25861568646
 31
0.0
  0
LINE
  5
695
330
2
100
AcDbEntity
  8
1
100
AcDbLine
 10
26167.46913840368
 20
-11428.42811568646
 30
0.0
 11
26166.69613840369
 21
-11427.85211568646
 31
0.0
  0
LINE
  5
696
330
2
100
AcDbEntity
  8
1
100
AcDbLine
 10
26206.53113840369
 20
-11457.53411568646
 30
0.0
 11
26207.23213840368
 21
-11458.05611568646
 31
0.0
  0
LINE
  5
697
330
2
100
AcDbEntity
  8
1
100
AcDbLine
 10
26208.65513840368
 20
-11459.11661568646
 30
0.0
 11
26207.95413840369
 21
-11458.59411568647
 31
0.0
  0
LINE
  5
698
330
2
100
AcDbEntity
  8
1
100
AcDbLine
 10
26211.36563840369
 20
-11461.13611568646
 30
0.0
 11
26211.90613840368
 21
-11461.53911568647
 31
0.0
  0
LINE
  5
699
330
2
100
AcDbEntity
  8
1
100
AcDbLine
 10
26213.00463840369
 20
-11462.35711568646
 30
0.0
 11
26212.46363840369
 21
-11461.95411568646
 31
0.0
  0
LWPOLYLINE
  5
69A
330
2
100
AcDbEntity
  8
0
100
AcDbPolyline
 90
        2
 70
     0
 43
0.25
 10
26091.39213840369
 20
-11371.74161568646
 10
26091.39213840369
 20
-11371.74161568646
  0
LWPOLYLINE
  5
69B
330
2
100
AcDbEntity
  8
0
100
AcDbPolyline
 90
        2
 70
     0
 43
0.25
 10
26165.12613840369
 20
-11426.68211568647
 10
26094.4431384037
 20
-11374.01461568647
  0
LWPOLYLINE
  5
69C
330
2
100
AcDbEntity
  8
0
100
AcDbPolyline
 90
        2
 70
     0
 43
0.25
 10
26206.53113840369
 20
-11457.53411568645
 10
26167.46913840368
 20
-11428.42811568645
  0
LWPOLYLINE
  5
69D
330
2
100
AcDbEntity
  8
0
100
AcDbPolyline
 90
        2
 70
     0
 43
0.25
 10
26211.36563840368
 20
-11461.13611568645
 10
26208.65513840368
 20
-11459.11661568646
  0
LWPOLYLINE
  5
69E
330
2
100
AcDbEntity
  8
0
100
AcDbPolyline
 90
        2
 70
     0
 43
0.25
 10
26252.33463840369
 20
-11491.66311568645
 10
26213.00463840368
 20
-11462.35711568647
  0
LINE
  5
69F
330
2
100
AcDbEntity
  8
1
100
AcDbLine
 10
26080.21913840369
 20
-11464.14661568646
 30
0.0
 11
26106.43213840368
 21
-11113.66211568646
 31
0.0
  0
LWPOLYLINE
  5
6A0
330
2
100
AcDbEntity
  8
0
100
AcDbPolyline
 90
        2
 70
     0
 43
0.25
 10
26084.45763840369
 20
-11464.46361568647
 10
26079.47163840368
 20
-11464.09061568646
  0
LINE
  5
6A1
330
2
100
AcDbEntity
  8
1
100
AcDbLine
 10
26086.93213840369
 20
-11431.37311568646
 30
0.0
 11
26086.99763840368
 21
-11430.50161568646
 31
0.0
  0
LINE
  5
6A2
330
2
100
AcDbEntity
  8
1
100
AcDbLine
 10
26087.12963840369
 20
-11428.73161568646
 30
0.0
 11
26087.06463840369
 21
-11429.60311568646
 31
0.0
  0
LINE
  5
6A3
330
2
100
AcDbEntity
  8
1
100
AcDbLine
 10
26091.78263840369
 20
-11366.52311568646
 30
0.0
 11
26091.01513840369
 21
-11376.78511568646
 31
0.0
  0
LINE
  5
6A4
330
2
100
AcDbEntity
  8
1
100
AcDbLine
 10
26096.64213840369
 20
-11301.54511568646
 30
0.0
 11
26095.86463840369
 21
-11311.94211568646
 31
0.0
  0
LINE
  5
6A5
330
2
100
AcDbEntity
  8
1
100
AcDbLine
 10
26100.39013840369
 20
-11251.43411568646
 30
0.0
 11
26100.49813840369
 21
-11249.98711568646
 31
0.0
  0
LINE
  5
6A6
330
2
100
AcDbEntity
  8
1
100
AcDbLine
 10
26100.71813840368
 20
-11247.04911568646
 30
0.0
 11
26100.60963840369
 21
-11248.49611568646
 31
0.0
  0
LINE
  5
6A7
330
2
100
AcDbEntity
  8
1
100
AcDbLine
 10
26100.71813840368
 20
-11247.04911568646
 30
0.0
 11
26100.83463840368
 21
-11245.49061568646
 31
0.0
  0
LINE
  5
6A8
330
2
100
AcDbEntity
  8
1
100
AcDbLine
 10
26101.07113840369
 20
-11242.32711568646
 30
0.0
 11
26100.95463840369
 21
-11243.88511568646
 31
0.0
  0
LINE
  5
6A9
330
2
100
AcDbEntity
  8
1
100
AcDbLine
 10
26101.07113840369
 20
-11242.32711568646
 30
0.0
 11
26101.09763840369
 21
-11241.96911568646
 31
0.0
  0
LINE
  5
6AA
330
2
100
AcDbEntity
  8
1
100
AcDbLine
 10
26101.15213840368
 20
-11241.24311568646
 30
0.0
 11
26101.12513840369
 21
-11241.60061568646
 31
0.0
  0
LINE
  5
6AB
330
2
100
AcDbEntity
  8
1
100
AcDbLine
 10
26108.26513840369
 20
-11146.13911568646
 30
0.0
 11
26108.50163840368
 21
-11142.97411568646
 31
0.0
  0
LINE
  5
6AC
330
2
100
AcDbEntity
  8
1
100
AcDbLine
 10
26108.98213840369
 20
-11136.54811568646
 30
0.0
 11
26108.74563840368
 21
-11139.71311568646
 31
0.0
  0
LINE
  5
6AD
330
2
100
AcDbEntity
  8
1
100
AcDbLine
 10
26108.98213840369
 20
-11136.54811568646
 30
0.0
 11
26109.00863840368
 21
-11136.19511568646
 31
0.0
  0
LINE
  5
6AE
330
2
100
AcDbEntity
  8
1
100
AcDbLine
 10
26109.06213840369
 20
-11135.47861568646
 30
0.0
 11
26109.03563840369
 21
-11135.83161568646
 31
0.0
  0
LWPOLYLINE
  5
6AF
330
2
100
AcDbEntity
  8
0
100
AcDbPolyline
 90
        2
 70
     0
 43
0.25
 10
26086.9321384037
 20
-11431.37311568646
 10
26084.45763840369
 20
-11464.46361568647
  0
LWPOLYLINE
  5
6B0
330
2
100
AcDbEntity
  8
0
100
AcDbPolyline
 90
        2
 70
     0
 43
0.25
 10
26091.01513840368
 20
-11376.78511568646
 10
26087.12963840369
 20
-11428.73161568646
  0
LWPOLYLINE
  5
6B1
330
2
100
AcDbEntity
  8
0
100
AcDbPolyline
 90
        2
 70
     0
 43
0.25
 10
26095.86463840369
 20
-11311.94211568646
 10
26091.78263840368
 20
-11366.52311568646
  0
LWPOLYLINE
  5
6B2
330
2
100
AcDbEntity
  8
0
100
AcDbPolyline
 90
        2
 70
     0
 43
0.25
 10
26100.39013840368
 20
-11251.43411568646
 10
26096.64213840369
 20
-11301.54511568647
  0
LWPOLYLINE
  5
6B3
330
2
100
AcDbEntity
  8
0
100
AcDbPolyline
 90
        2
 70
     0
 43
0.25
 10
26100.71813840368
 20
-11247.04911568645
 10
26100.71813840368
 20
-11247.04911568645
  0
LWPOLYLINE
  5
6B4
330
2
100
AcDbEntity
  8
0
100
AcDbPolyline
 90
        2
 70
     0
 43
0.25
 10
26101.07113840369
 20
-11242.32711568646
 10
26101.07113840369
 20
-11242.32711568646
  0
LWPOLYLINE
  5
6B5
330
2
100
AcDbEntity
  8
0
100
AcDbPolyline
 90
        2
 70
     0
 43
0.25
 10
26108.26513840368
 20
-11146.13911568645
 10
26101.15213840368
 20
-11241.24311568646
  0
LWPOLYLINE
  5
6B6
330
2
100
AcDbEntity
  8
0
100
AcDbPolyline
 90
        2
 70
     0
 43
0.25
 10
26108.98213840369
 20
-11136.54811568646
 10
26108.98213840369
 20
-11136.54811568646
  0
LWPOLYLINE
  5
6B7
330
2
100
AcDbEntity
  8
0
100
AcDbPolyline
 90
        2
 70
     0
 43
0.25
 10
26110.67013840368
 20
-11113.97911568646
 10
26109.06213840369
 20
-11135.47861568647
  0
LINE
  5
6B8
330
2
100
AcDbEntity
  8
1
100
AcDbLine
 10
26109.92213840369
 20
-11113.92311568646
 30
0.0
 11
26108.52363840369
 21
-11113.81861568646
 31
0.0
  0
LINE
  5
6B9
330
2
100
AcDbEntity
  8
1
100
AcDbLine
 10
26105.68413840368
 20
-11113.60611568646
 30
0.0
 11
26107.08263840369
 21
-11113.71061568646
 31
0.0
  0
LWPOLYLINE
  5
6BA
330
2
100
AcDbEntity
  8
0
100
AcDbPolyline
 90
        2
 70
     0
 43
0.25
 10
26109.92213840369
 20
-11113.92311568646
 10
26110.67013840368
 20
-11113.97911568646
  0
LINE
  5
6BB
330
2
100
AcDbEntity
  8
1
100
AcDbLine
 10
26105.68413840368
 20
-11113.60611568646
 30
0.0
 11
26105.68413840368
 21
-11113.60611568646
 31
0.0
  0
LINE
  5
6BC
330
2
100
AcDbEntity
  8
1
100
AcDbLine
 10
26105.68413840368
 20
-11113.60611568646
 30
0.0
 11
26105.68413840368
 21
-11113.60611568646
 31
0.0
  0
LWPOLYLINE
  5
6BD
330
2
100
AcDbEntity
  8
0
100
AcDbPolyline
 90
        2
 70
     0
 43
0.25
 10
26079.47163840368
 20
-11464.09061568646
 10
26104.54663840369
 20
-11128.81361568646
  0
LINE
  5
6BE
330
2
100
AcDbEntity
  8
1
100
AcDbLine
 10
26250.03313840368
 20
-11464.14661568646
 30
0.0
 11
26223.82013840369
 21
-11113.66211568646
 31
0.0
  0
LWPOLYLINE
  5
6BF
330
2
100
AcDbEntity
  8
0
100
AcDbPolyline
 90
        2
 70
     0
 43
0.25
 10
26245.79463840369
 20
-11464.46361568647
 10
26250.78063840368
 20
-11464.09061568646
  0
LINE
  5
6C0
330
2
100
AcDbEntity
  8
1
100
AcDbLine
 10
26243.61763840368
 20
-11435.35561568646
 30
0.0
 11
26243.55613840369
 21
-11434.53011568646
 31
0.0
  0
LINE
  5
6C1
330
2
100
AcDbEntity
  8
1
100
AcDbLine
 10
26243.43063840369
 20
-11432.85411568646
 30
0.0
 11
26243.49263840369
 21
-11433.67961568646
 31
0.0
  0
LINE
  5
6C2
330
2
100
AcDbEntity
  8
1
100
AcDbLine
 10
26239.23713840369
 20
-11376.78511568646
 30
0.0
 11
26239.11263840369
 21
-11375.12061568647
 31
0.0
  0
LINE
  5
6C3
330
2
100
AcDbEntity
  8
1
100
AcDbLine
 10
26238.86013840368
 20
-11371.74161568646
 30
0.0
 11
26238.98463840369
 21
-11373.40611568646
 31
0.0
  0
LINE
  5
6C4
330
2
100
AcDbEntity
  8
1
100
AcDbLine
 10
26238.86013840368
 20
-11371.74161568646
 30
0.0
 11
26238.73113840369
 21
-11370.01911568647
 31
0.0
  0
LINE
  5
6C5
330
2
100
AcDbEntity
  8
1
100
AcDbLine
 10
26238.46963840369
 20
-11366.52311568646
 30
0.0
 11
26238.59863840369
 21
-11368.24511568646
 31
0.0
  0
LINE
  5
6C6
330
2
100
AcDbEntity
  8
1
100
AcDbLine
 10
26233.61013840369
 20
-11301.54511568646
 30
0.0
 11
26234.38763840369
 21
-11311.94211568646
 31
0.0
  0
LINE
  5
6C7
330
2
100
AcDbEntity
  8
1
100
AcDbLine
 10
26229.86213840369
 20
-11251.43411568646
 30
0.0
 11
26229.75413840369
 21
-11249.98711568646
 31
0.0
  0
LINE
  5
6C8
330
2
100
AcDbEntity
  8
1
100
AcDbLine
 10
26229.53413840368
 20
-11247.04911568646
 30
0.0
 11
26229.64263840369
 21
-11248.49611568646
 31
0.0
  0
LINE
  5
6C9
330
2
100
AcDbEntity
  8
1
100
AcDbLine
 10
26229.53413840368
 20
-11247.04911568646
 30
0.0
 11
26229.39113840369
 21
-11245.13311568646
 31
0.0
  0
LINE
  5
6CA
330
2
100
AcDbEntity
  8
1
100
AcDbLine
 10
26229.10013840368
 20
-11241.24311568646
 30
0.0
 11
26229.24363840369
 21
-11243.15911568646
 31
0.0
  0
LINE
  5
6CB
330
2
100
AcDbEntity
  8
1
100
AcDbLine
 10
26225.62913840369
 20
-11194.83411568646
 30
0.0
 11
26225.57963840368
 21
-11194.17361568646
 31
0.0
  0
LINE
  5
6CC
330
2
100
AcDbEntity
  8
1
100
AcDbLine
 10
26225.47963840368
 20
-11192.83211568646
 30
0.0
 11
26225.52913840369
 21
-11193.49261568646
 31
0.0
  0
LINE
  5
6CD
330
2
100
AcDbEntity
  8
1
100
AcDbLine
 10
26221.98713840369
 20
-11146.13911568646
 30
0.0
 11
26221.87213840368
 21
-11144.59911568646
 31
0.0
  0
LINE
  5
6CE
330
2
100
AcDbEntity
  8
1
100
AcDbLine
 10
26221.63813840368
 20
-11141.47211568646
 30
0.0
 11
26221.75363840369
 21
-11143.01211568646
 31
0.0
  0
LINE
  5
6CF
330
2
100
AcDbEntity
  8
1
100
AcDbLine
 10
26221.63813840368
 20
-11141.47211568646
 30
0.0
 11
26221.49013840369
 21
-11139.49411568646
 31
0.0
  0
LINE
  5
6D0
330
2
100
AcDbEntity
  8
1
100
AcDbLine
 10
26221.19013840369
 20
-11135.47861568646
 30
0.0
 11
26221.33813840369
 21
-11137.45611568646
 31
0.0
  0
LWPOLYLINE
  5
6D1
330
2
100
AcDbEntity
  8
0
100
AcDbPolyline
 90
        2
 70
     0
 43
0.25
 10
26243.61763840368
 20
-11435.35561568646
 10
26245.79463840369
 20
-11464.46361568647
  0
LWPOLYLINE
  5
6D2
330
2
100
AcDbEntity
  8
0
100
AcDbPolyline
 90
        2
 70
     0
 43
0.25
 10
26239.23713840369
 20
-11376.78511568646
 10
26243.43063840369
 20
-11432.85411568646
  0
LWPOLYLINE
  5
6D3
330
2
100
AcDbEntity
  8
0
100
AcDbPolyline
 90
        2
 70
     0
 43
0.25
 10
26238.86013840368
 20
-11371.74161568646
 10
26238.86013840368
 20
-11371.74161568646
  0
LWPOLYLINE
  5
6D4
330
2
100
AcDbEntity
  8
0
100
AcDbPolyline
 90
        2
 70
     0
 43
0.25
 10
26234.38763840369
 20
-11311.94211568646
 10
26238.46963840369
 20
-11366.52311568646
  0
LWPOLYLINE
  5
6D5
330
2
100
AcDbEntity
  8
0
100
AcDbPolyline
 90
        2
 70
     0
 43
0.25
 10
26229.86213840369
 20
-11251.43411568646
 10
26233.61013840368
 20
-11301.54511568647
  0
LWPOLYLINE
  5
6D6
330
2
100
AcDbEntity
  8
0
100
AcDbPolyline
 90
        2
 70
     0
 43
0.25
 10
26229.53413840368
 20
-11247.04911568645
 10
26229.53413840368
 20
-11247.04911568645
  0
LWPOLYLINE
  5
6D7
330
2
100
AcDbEntity
  8
0
100
AcDbPolyline
 90
        2
 70
     0
 43
0.25
 10
26225.62913840368
 20
-11194.83411568646
 10
26229.10013840367
 20
-11241.24311568646
  0
LWPOLYLINE
  5
6D8
330
2
100
AcDbEntity
  8
0
100
AcDbPolyline
 90
        2
 70
     0
 43
0.25
 10
26221.98713840369
 20
-11146.13911568645
 10
26225.47963840368
 20
-11192.83211568646
  0
LWPOLYLINE
  5
6D9
330
2
100
AcDbEntity
  8
0
100
AcDbPolyline
 90
        2
 70
     0
 43
0.25
 10
26221.63813840367
 20
-11141.47211568646
 10
26221.63813840367
 20
-11141.47211568646
  0
LWPOLYLINE
  5
6DA
330
2
100
AcDbEntity
  8
0
100
AcDbPolyline
 90
        2
 70
     0
 43
0.25
 10
26219.58213840369
 20
-11113.97911568646
 10
26221.19013840369
 20
-11135.47861568647
  0
LINE
  5
6DB
330
2
100
AcDbEntity
  8
1
100
AcDbLine
 10
26220.33013840369
 20
-11113.92311568646
 30
0.0
 11
26221.72863840369
 21
-11113.81861568646
 31
0.0
  0
LINE
  5
6DC
330
2
100
AcDbEntity
  8
1
100
AcDbLine
 10
26224.56813840368
 20
-11113.60611568646
 30
0.0
 11
26223.16963840368
 21
-11113.71061568646
 31
0.0
  0
LWPOLYLINE
  5
6DD
330
2
100
AcDbEntity
  8
0
100
AcDbPolyline
 90
        2
 70
     0
 43
0.25
 10
26220.33013840368
 20
-11113.92311568646
 10
26219.58213840369
 20
-11113.97911568646
  0
LINE
  5
6DE
330
2
100
AcDbEntity
  8
1
100
AcDbLine
 10
26224.56813840368
 20
-11113.60611568646
 30
0.0
 11
26224.56813840368
 21
-11113.60611568646
 31
0.0
  0
LINE
  5
6DF
330
2
100
AcDbEntity
  8
1
100
AcDbLine
 10
26224.56813840368
 20
-11113.60611568646
 30
0.0
 11
26224.56813840368
 21
-11113.60611568646
 31
0.0
  0
LWPOLYLINE
  5
6E0
330
2
100
AcDbEntity
  8
0
100
AcDbPolyline
 90
        2
 70
     0
 43
0.25
 10
26250.78063840368
 20
-11464.09061568646
 10
26225.70563840368
 20
-11128.81361568646
  0
TEXT
  5
6E1
330
2
100
AcDbEntity
  8
0
100
AcDbText
 10
26120.78863840368
 20
-11138.84311568646
 30
0.0
 40
2.2
  1
-6
 41
0.7
100
AcDbText
  0
CIRCLE
  5
6E2
330
2
100
AcDbEntity
  8
0
100
AcDbCircle
 10
26117.36013840369
 20
-11140.84311568646
 30
0.0
 40
4.0
  0
TEXT
  5
6E3
330
2
100
AcDbEntity
  8
0
100
AcDbText
 10
26114.66011340368
 20
-11142.34311568646
 30
0.0
 40
3.0
  1
423
 41
0.7
 72
     1
 11
26117.36011340368
 21
-11140.84311568646
 31
0.0
100
AcDbText
 73
     2
  0
TEXT
  5
6E4
330
2
100
AcDbEntity
  8
0
100
AcDbText
 10
26206.38363840369
 20
-11138.84311568646
 30
0.0
 40
2.2
  1
-8
 41
0.7
100
AcDbText
  0
CIRCLE
  5
6E5
330
2
100
AcDbEntity
  8
0
100
AcDbCircle
 10
26212.89213840369
 20
-11140.84311568646
 30
0.0
 40
4.0
  0
TEXT
  5
6E6
330
2
100
AcDbEntity
  8
0
100
AcDbText
 10
26210.19216340368
 20
-11142.34311568646
 30
0.0
 40
3.0
  1
423
 41
0.7
 72
     1
 11
26212.89216340368
 21
-11140.84311568646
 31
0.0
100
AcDbText
 73
     2
  0
INSERT
  5
6E7
330
2
100
AcDbEntity
  8
2
100
AcDbBlockReference
  2
M16X50
 10
26105.86513840369
 20
-11144.70611568646
 30
0.0
 41
5.0
 42
5.0
 43
5.0
  0
INSERT
  5
6E8
330
2
100
AcDbEntity
  8
2
100
AcDbBlockReference
  2
M16X50
 10
26224.38713840369
 20
-11144.70611568646
 30
0.0
 41
5.0
 42
5.0
 43
5.0
  0
INSERT
  5
6E9
330
2
100
AcDbEntity
  8
2
100
AcDbBlockReference
  2
M16X40
 10
26220.48263840368
 20
-11144.26361568646
 30
0.0
 41
5.0
 42
5.0
 43
5.0
  0
INSERT
  5
6EA
330
2
100
AcDbEntity
  8
2
100
AcDbBlockReference
  2
M16X50
 10
26219.97013840369
 20
-11137.24261568646
 30
0.0
 41
5.0
 42
5.0
 43
5.0
  0
INSERT
  5
6EB
330
2
100
AcDbEntity
  8
2
100
AcDbBlockReference
  2
M16X50
 10
26106.42463840369
 20
-11137.22711568646
 30
0.0
 41
5.0
 42
5.0
 43
5.0
  0
INSERT
  5
6EC
330
2
100
AcDbEntity
  8
2
100
AcDbBlockReference
  2
M16X50
 10
26223.82763840369
 20
-11137.22711568646
 30
0.0
 41
5.0
 42
5.0
 43
5.0
  0
TEXT
  5
6ED
330
2
100
AcDbEntity
  8
0
100
AcDbText
 10
26113.99913840368
 20
-11244.83261568646
 30
0.0
 40
2.2
  1
-6
 41
0.7
100
AcDbText
  0
CIRCLE
  5
6EE
330
2
100
AcDbEntity
  8
0
100
AcDbCircle
 10
26110.57063840369
 20
-11246.83261568646
 30
0.0
 40
4.0
  0
TEXT
  5
6EF
330
2
100
AcDbEntity
  8
0
100
AcDbText
 10
26107.87063840369
 20
-11248.33236568646
 30
0.0
 40
3.0
  1
422
 41
0.7
 72
     1
 11
26110.57063840369
 21
-11246.83236568646
 31
0.0
100
AcDbText
 73
     2
  0
TEXT
  5
6F0
330
2
100
AcDbEntity
  8
0
100
AcDbText
 10
26213.17313840369
 20
-11244.83261568646
 30
0.0
 40
2.2
  1
-6
 41
0.7
100
AcDbText
  0
CIRCLE
  5
6F1
330
2
100
AcDbEntity
  8
0
100
AcDbCircle
 10
26219.68163840369
 20
-11246.83261568646
 30
0.0
 40
4.0
  0
TEXT
  5
6F2
330
2
100
AcDbEntity
  8
0
100
AcDbText
 10
26216.98163840368
 20
-11248.33236568646
 30
0.0
 40
3.0
  1
422
 41
0.7
 72
     1
 11
26219.68163840369
 21
-11246.83236568646
 31
0.0
100
AcDbText
 73
     2
  0
INSERT
  5
6F3
330
2
100
AcDbEntity
  8
2
100
AcDbBlockReference
  2
M16X40
 10
26228.47013840368
 20
-11249.68811568646
 30
0.0
 41
5.0
 42
5.0
 43
5.0
  0
INSERT
  5
6F4
330
2
100
AcDbEntity
  8
2
100
AcDbBlockReference
  2
M16X50
 10
26227.97413840369
 20
-11243.14261568646
 30
0.0
 41
5.0
 42
5.0
 43
5.0
  0
INSERT
  5
6F5
330
2
100
AcDbEntity
  8
2
100
AcDbBlockReference
  2
M16X50
 10
26098.54963840369
 20
-11242.52211568646
 30
0.0
 41
5.0
 42
5.0
 43
5.0
  0
INSERT
  5
6F6
330
2
100
AcDbEntity
  8
2
100
AcDbBlockReference
  2
M16X50
 10
26231.70263840369
 20
-11242.52211568646
 30
0.0
 41
5.0
 42
5.0
 43
5.0
  0
INSERT
  5
6F7
330
2
100
AcDbEntity
  8
2
100
AcDbBlockReference
  2
M16X50
 10
26098.25113840368
 20
-11246.51111568646
 30
0.0
 41
5.0
 42
5.0
 43
5.0
  0
INSERT
  5
6F8
330
2
100
AcDbEntity
  8
2
100
AcDbBlockReference
  2
M16X50
 10
26232.00113840368
 20
-11246.51111568646
 30
0.0
 41
5.0
 42
5.0
 43
5.0
  0
TEXT
  5
6F9
330
2
100
AcDbEntity
  8
0
100
AcDbText
 10
26169.54480863942
 20
-11287.44690225334
 30
0.0
 40
2.2
  1
-6
 41
0.7
100
AcDbText
  0
CIRCLE
  5
6FA
330
2
100
AcDbEntity
  8
0
100
AcDbCircle
 10
26166.11630863941
 20
-11289.44690225334
 30
0.0
 40
4.0
  0
TEXT
  5
6FB
330
2
100
AcDbEntity
  8
0
100
AcDbText
 10
26163.86630863941
 20
-11290.94710225334
 30
0.0
 40
3.0
  1
421
 41
0.7
 72
     1
 11
26166.11630863941
 21
-11289.44710225334
 31
0.0
100
AcDbText
 73
     2
  0
INSERT
  5
6FC
330
2
100
AcDbEntity
  8
2
100
AcDbBlockReference
  2
M16X40
 10
26159.36463840369
 20
-11301.49611568646
 30
0.0
 41
5.0
 42
5.0
 43
5.0
  0
INSERT
  5
6FD
330
2
100
AcDbEntity
  8
2
100
AcDbBlockReference
  2
M16X40
 10
26161.22313840369
 20
-11303.16811568646
 30
0.0
 41
5.0
 42
5.0
 43
5.0
  0
INSERT
  5
6FE
330
2
100
AcDbEntity
  8
2
100
AcDbBlockReference
  2
M16X40
 10
26170.88763840369
 20
-11301.49611568646
 30
0.0
 41
5.0
 42
5.0
 43
5.0
  0
INSERT
  5
6FF
330
2
100
AcDbEntity
  8
2
100
AcDbBlockReference
  2
M16X40
 10
26169.02913840369
 20
-11303.16811568646
 30
0.0
 41
5.0
 42
5.0
 43
5.0
  0
INSERT
  5
700
330
2
100
AcDbEntity
  8
2
100
AcDbBlockReference
  2
M16X40
 10
26168.12613840369
 20
-11306.67961568646
 30
0.0
 41
5.0
 42
5.0
 43
5.0
  0
INSERT
  5
701
330
2
100
AcDbEntity
  8
2
100
AcDbBlockReference
  2
M16X40
 10
26170.82713840369
 20
-11311.55311568646
 30
0.0
 41
5.0
 42
5.0
 43
5.0
  0
INSERT
  5
702
330
2
100
AcDbEntity
  8
2
100
AcDbBlockReference
  2
M16X40
 10
26168.92663840368
 20
-11309.92861568646
 30
0.0
 41
5.0
 42
5.0
 43
5.0
  0
INSERT
  5
703
330
2
100
AcDbEntity
  8
2
100
AcDbBlockReference
  2
M16X40
 10
26159.42513840369
 20
-11311.55311568646
 30
0.0
 41
5.0
 42
5.0
 43
5.0
  0
INSERT
  5
704
330
2
100
AcDbEntity
  8
2
100
AcDbBlockReference
  2
M16X40
 10
26161.32563840368
 20
-11309.92861568646
 30
0.0
 41
5.0
 42
5.0
 43
5.0
  0
INSERT
  5
705
330
2
100
AcDbEntity
  8
2
100
AcDbBlockReference
  2
M16X40
 10
26162.12613840368
 20
-11306.67961568646
 30
0.0
 41
5.0
 42
5.0
 43
5.0
  0
INSERT
  5
706
330
2
100
AcDbEntity
  8
2
100
AcDbBlockReference
  2
M16X40
 10
26165.12613840368
 20
-11306.67961568646
 30
0.0
 41
5.0
 42
5.0
 43
5.0
  0
TEXT
  5
707
330
2
100
AcDbEntity
  8
0
100
AcDbText
 10
26111.24691396815
 20
-11310.39681195265
 30
0.0
 40
2.2
  1
-6
 41
0.7
100
AcDbText
  0
CIRCLE
  5
708
330
2
100
AcDbEntity
  8
0
100
AcDbCircle
 10
26107.81841396814
 20
-11312.39681195265
 30
0.0
 40
4.0
  0
TEXT
  5
709
330
2
100
AcDbEntity
  8
0
100
AcDbText
 10
26105.11826396814
 20
-11313.89701195265
 30
0.0
 40
3.0
  1
420
 41
0.7
 72
     1
 11
26107.81826396814
 21
-11312.39701195265
 31
0.0
100
AcDbText
 73
     2
  0
TEXT
  5
70A
330
2
100
AcDbEntity
  8
0
100
AcDbText
 10
26216.30069929755
 20
-11310.31027256714
 30
0.0
 40
2.2
  1
-6
 41
0.7
100
AcDbText
  0
CIRCLE
  5
70B
330
2
100
AcDbEntity
  8
0
100
AcDbCircle
 10
26222.80919929755
 20
-11312.31027256714
 30
0.0
 40
4.0
  0
TEXT
  5
70C
330
2
100
AcDbEntity
  8
0
100
AcDbText
 10
26220.10934929757
 20
-11313.81047256714
 30
0.0
 40
3.0
  1
420
 41
0.7
 72
     1
 11
26222.80934929757
 21
-11312.31047256714
 31
0.0
100
AcDbText
 73
     2
  0
INSERT
  5
70D
330
2
100
AcDbEntity
  8
2
100
AcDbBlockReference
  2
M16X50
 10
26093.49013840368
 20
-11310.16961568646
 30
0.0
 41
5.0
 42
5.0
 43
5.0
  0
INSERT
  5
70E
330
2
100
AcDbEntity
  8
2
100
AcDbBlockReference
  2
M16X50
 10
26236.76213840368
 20
-11310.16961568646
 30
0.0
 41
5.0
 42
5.0
 43
5.0
  0
INSERT
  5
70F
330
2
100
AcDbEntity
  8
2
100
AcDbBlockReference
  2
M16X40
 10
26097.85763840369
 20
-11310.70461568646
 30
0.0
 41
5.0
 42
5.0
 43
5.0
  0
INSERT
  5
710
330
2
100
AcDbEntity
  8
2
100
AcDbBlockReference
  2
M16X40
 10
26232.39463840369
 20
-11310.70461568646
 30
0.0
 41
5.0
 42
5.0
 43
5.0
  0
INSERT
  5
711
330
2
100
AcDbEntity
  8
2
100
AcDbBlockReference
  2
M16X40
 10
26100.50113840368
 20
-11306.67961568646
 30
0.0
 41
5.0
 42
5.0
 43
5.0
  0
INSERT
  5
712
330
2
100
AcDbEntity
  8
2
100
AcDbBlockReference
  2
M16X40
 10
26229.75113840369
 20
-11306.67961568646
 30
0.0
 41
5.0
 42
5.0
 43
5.0
  0
INSERT
  5
713
330
2
100
AcDbEntity
  8
2
100
AcDbBlockReference
  2
M16X40
 10
26098.00113840368
 20
-11306.67961568646
 30
0.0
 41
5.0
 42
5.0
 43
5.0
  0
INSERT
  5
714
330
2
100
AcDbEntity
  8
2
100
AcDbBlockReference
  2
M16X40
 10
26232.25113840369
 20
-11306.67961568646
 30
0.0
 41
5.0
 42
5.0
 43
5.0
  0
INSERT
  5
715
330
2
100
AcDbEntity
  8
2
100
AcDbBlockReference
  2
M16X40
 10
26098.4521384037
 20
-11302.95161568646
 30
0.0
 41
5.0
 42
5.0
 43
5.0
  0
INSERT
  5
716
330
2
100
AcDbEntity
  8
2
100
AcDbBlockReference
  2
M16X40
 10
26231.80013840368
 20
-11302.95161568646
 30
0.0
 41
5.0
 42
5.0
 43
5.0
  0
INSERT
  5
717
330
2
100
AcDbEntity
  8
2
100
AcDbBlockReference
  2
M16X50
 10
26094.01213840368
 20
-11303.18911568647
 30
0.0
 41
5.0
 42
5.0
 43
5.0
  0
INSERT
  5
718
330
2
100
AcDbEntity
  8
2
100
AcDbBlockReference
  2
M16X50
 10
26236.24013840368
 20
-11303.18911568647
 30
0.0
 41
5.0
 42
5.0
 43
5.0
  0
INSERT
  5
719
330
2
100
AcDbEntity
  8
2
100
AcDbBlockReference
  2
M16X50
 10
26093.75113840369
 20
-11306.67961568646
 30
0.0
 41
5.0
 42
5.0
 43
5.0
  0
INSERT
  5
71A
330
2
100
AcDbEntity
  8
2
100
AcDbBlockReference
  2
M16X50
 10
26236.50113840369
 20
-11306.67961568646
 30
0.0
 41
5.0
 42
5.0
 43
5.0
  0
TEXT
  5
71B
330
2
100
AcDbEntity
  8
0
100
AcDbText
 10
26104.78213840369
 20
-11369.34811568646
 30
0.0
 40
2.2
  1
-6
 41
0.7
100
AcDbText
  0
CIRCLE
  5
71C
330
2
100
AcDbEntity
  8
0
100
AcDbCircle
 10
26101.35363840368
 20
-11371.34811568646
 30
0.0
 40
4.0
  0
TEXT
  5
71D
330
2
100
AcDbEntity
  8
0
100
AcDbText
 10
26098.90343840369
 20
-11372.84831568647
 30
0.0
 40
3.0
  1
419
 41
0.7
 72
     1
 11
26101.35343840369
 21
-11371.34831568647
 31
0.0
100
AcDbText
 73
     2
  0
TEXT
  5
71E
330
2
100
AcDbEntity
  8
0
100
AcDbText
 10
26222.39013840369
 20
-11369.34811568646
 30
0.0
 40
2.2
  1
-6
 41
0.7
100
AcDbText
  0
CIRCLE
  5
71F
330
2
100
AcDbEntity
  8
0
100
AcDbCircle
 10
26228.89863840369
 20
-11371.34811568646
 30
0.0
 40
4.0
  0
TEXT
  5
720
330
2
100
AcDbEntity
  8
0
100
AcDbText
 10
26226.44883840369
 20
-11372.84831568647
 30
0.0
 40
3.0
  1
419
 41
0.7
 72
     1
 11
26228.89883840369
 21
-11371.34831568647
 31
0.0
100
AcDbText
 73
     2
  0
INSERT
  5
721
330
2
100
AcDbEntity
  8
2
100
AcDbBlockReference
  2
M16X40
 10
26237.76763840369
 20
-11374.55061568646
 30
0.0
 41
5.0
 42
5.0
 43
5.0
  0
INSERT
  5
722
330
2
100
AcDbEntity
  8
2
100
AcDbBlockReference
  2
M16X50
 10
26237.27164540426
 20
-11368.35309980655
 30
0.0
 41
5.0
 42
5.0
 43
5.0
  0
INSERT
  5
723
330
2
100
AcDbEntity
  8
2
100
AcDbBlockReference
  2
M16X50
 10
26088.87613840368
 20
-11371.86211568646
 30
0.0
 41
5.0
 42
5.0
 43
5.0
  0
INSERT
  5
724
330
2
100
AcDbEntity
  8
2
100
AcDbBlockReference
  2
M16X50
 10
26241.37613840368
 20
-11371.86211568646
 30
0.0
 41
5.0
 42
5.0
 43
5.0
  0
LINE
  5
725
330
2
100
AcDbEntity
  8
5
100
AcDbLine
 10
26109.09563840368
 20
-11094.80811568647
 30
0.0
 11
26107.58513840368
 21
-11115.00211568646
 31
0.0
  0
LINE
  5
72A
330
2
100
AcDbEntity
  8
5
100
AcDbLine
 10
26221.15663840369
 20
-11094.80811568647
 30
0.0
 11
26222.66713840368
 21
-11115.00211568646
 31
0.0
  0
LINE
  5
72B
330
2
100
AcDbEntity
  8
4
100
AcDbLine
 10
26116.50635950788
 20
-11131.2910348833
 30
0.0
 11
26104.49963840368
 21
-11142.77111568646
 31
0.0
  0
LINE
  5
72C
330
2
100
AcDbEntity
  8
4
100
AcDbLine
 10
26213.74591729948
 20
-11131.2910348833
 30
0.0
 11
26225.75263840368
 21
-11142.77111568646
 31
0.0
  0
LINE
  5
72D
330
2
100
AcDbEntity
  8
4
100
AcDbLine
 10
26164.30763840369
 20
-11193.10911568646
 30
0.0
 11
26099.93863840369
 21
-11193.89111568646
 31
0.0
  0
LINE
  5
72E
330
2
100
AcDbEntity
  8
4
100
AcDbLine
 10
26165.94463840368
 20
-11193.10911568646
 30
0.0
 11
26230.31363840369
 21
-11193.89111568646
 31
0.0
  0
LINE
  5
72F
330
2
100
AcDbEntity
  8
4
100
AcDbLine
 10
26096.52513840368
 20
-11247.95461568646
 30
0.0
 11
26225.85213840369
 21
-11139.77261568646
 31
0.0
  0
LINE
  5
730
330
2
100
AcDbEntity
  8
4
100
AcDbLine
 10
26233.72713840368
 20
-11247.95461568646
 30
0.0
 11
26104.40013840368
 21
-11139.77261568646
 31
0.0
  0
LINE
  5
731
330
2
100
AcDbEntity
  8
4
100
AcDbLine
 10
26093.75113840369
 20
-11306.67961568646
 30
0.0
 11
26133.45163840369
 21
-11275.19711568646
 31
0.0
  0
LINE
  5
732
330
2
100
AcDbEntity
  8
4
100
AcDbLine
 10
26236.50113840369
 20
-11306.67961568646
 30
0.0
 11
26196.80063840369
 21
-11275.19711568646
 31
0.0
  0
LINE
  5
733
330
2
100
AcDbEntity
  8
4
100
AcDbLine
 10
26096.57863840369
 20
-11245.00611568647
 30
0.0
 11
26165.12613840368
 21
-11306.67961568646
 31
0.0
  0
LINE
  5
734
330
2
100
AcDbEntity
  8
4
100
AcDbLine
 10
26233.67363840368
 20
-11245.00611568647
 30
0.0
 11
26165.12613840368
 21
-11306.67961568646
 31
0.0
  0
LINE
  5
735
330
2
100
AcDbEntity
  8
4
100
AcDbLine
 10
26236.50113840369
 20
-11306.67961568646
 30
0.0
 11
26093.75113840369
 21
-11306.67961568646
 31
0.0
  0
LINE
  5
736
330
2
100
AcDbEntity
  8
4
100
AcDbLine
 10
26128.60813840368
 20
-11340.84561568646
 30
0.0
 11
26093.75113840369
 21
-11306.67961568646
 31
0.0
  0
LINE
  5
737
330
2
100
AcDbEntity
  8
4
100
AcDbLine
 10
26201.64413840369
 20
-11340.84561568646
 30
0.0
 11
26236.50113840369
 21
-11306.67961568646
 31
0.0
  0
LINE
  5
738
330
2
100
AcDbEntity
  8
4
100
AcDbLine
 10
26087.16563840369
 20
-11373.32411568647
 30
0.0
 11
26165.12613840368
 21
-11306.67961568646
 31
0.0
  0
LINE
  5
739
330
2
100
AcDbEntity
  8
4
100
AcDbLine
 10
26243.08663840369
 20
-11373.32411568647
 30
0.0
 11
26165.12613840368
 21
-11306.67961568646
 31
0.0
  0
LINE
  5
73A
330
2
100
AcDbEntity
  8
4
100
AcDbLine
 10
26122.33313840368
 20
-11462.68211568646
 30
0.0
 11
26127.16913840369
 21
-11398.02611568646
 31
0.0
  0
LINE
  5
73B
330
2
100
AcDbEntity
  8
4
100
AcDbLine
 10
26207.91913840368
 20
-11462.68211568646
 30
0.0
 11
26203.08313840369
 21
-11398.02611568646
 31
0.0
  0
LINE
  5
73C
330
2
100
AcDbEntity
  8
4
100
AcDbLine
 10
26082.68863840368
 20
-11430.54211568646
 30
0.0
 11
26120.98113840369
 21
-11464.31661568646
 31
0.0
  0
LINE
  5
73D
330
2
100
AcDbEntity
  8
4
100
AcDbLine
 10
26247.56363840369
 20
-11430.54211568646
 30
0.0
 11
26209.27113840369
 21
-11464.31661568646
 31
0.0
  0
LINE
  5
73E
330
2
100
AcDbEntity
  8
4
100
AcDbLine
 10
26082.57213840368
 20
-11433.37511568646
 30
0.0
 11
26128.80513840369
 21
-11398.92561568646
 31
0.0
  0
LINE
  5
73F
330
2
100
AcDbEntity
  8
4
100
AcDbLine
 10
26247.68013840368
 20
-11433.37511568646
 30
0.0
 11
26201.44713840369
 21
-11398.92561568646
 31
0.0
  0
LINE
  5
740
330
2
100
AcDbEntity
  8
4
100
AcDbLine
 10
26078.07213840369
 20
-11493.54361568646
 30
0.0
 11
26243.18013840369
 21
-11370.51761568646
 31
0.0
  0
LINE
  5
741
330
2
100
AcDbEntity
  8
4
100
AcDbLine
 10
26252.18013840369
 20
-11493.54361568646
 30
0.0
 11
26087.07213840369
 21
-11370.51761568646
 31
0.0
  0
LINE
  5
742
330
2
100
AcDbEntity
  8
4
100
AcDbLine
 10
26079.87613840368
 20
-11492.19911568646
 30
0.0
 11
26108.25163840369
 21
-11112.79561568646
 31
0.0
  0
LINE
  5
743
330
2
100
AcDbEntity
  8
4
100
AcDbLine
 10
26250.37613840369
 20
-11492.19911568646
 30
0.0
 11
26222.00063840369
 21
-11112.79561568646
 31
0.0
  0
DIMENSION
  5
744
330
2
100
AcDbEntity
  8
0
100
AcDbDimension
280
     0
  2
*D40
 10
26018.68291778787
 20
-11086.96342616481
 30
0.0
 11
26030.48291778787
 21
-11084.71342616481
 31
0.0
  1
2360
 71
     5
 42
472.0000000000437
 73
     0
 74
     0
 75
     0
  3
BZ$0
100
AcDbAlignedDimension
 13
26042.28291778787
 23
-11092.31389976874
 33
0.0
 14
26018.68291778787
 24
-11092.31389976874
 34
0.0
100
AcDbRotatedDimension
  0
DIMENSION
  5
751
330
2
100
AcDbEntity
  8
0
100
AcDbDimension
280
     0
  2
*D41
 10
26047.53291778787
 20
-11168.52399194294
 30
0.0
 11
26030.48291778787
 21
-11166.27399194294
 31
0.0
  1
3410
 71
     5
 42
682.0000000000437
 73
     0
 74
     0
 75
     0
  3
BZ$0
100
AcDbAlignedDimension
 13
26013.43291778787
 23
-11162.51049976874
 33
0.0
 14
26047.53291778787
 24
-11162.51049976874
 34
0.0
100
AcDbRotatedDimension
  0
DIMENSION
  5
75E
330
2
100
AcDbEntity
  8
0
100
AcDbDimension
280
     0
  2
*D42
 10
26008.6233792645
 20
-11138.44308999496
 30
0.0
 11
26006.3733792645
 21
-11150.47679488185
 31
0.0
  1
2400
 71
     5
 42
481.3481954755116
 73
     0
 74
     0
 75
     0
  3
BZ$0
100
AcDbAlignedDimension
 13
26013.43291778787
 23
-11162.51049976874
 33
0.0
 14
26015.23291809148
 24
-11138.44308999496
 34
0.0
 50
90.0
100
AcDbRotatedDimension
  0
DIMENSION
  5
76B
330
2
100
AcDbEntity
  8
0
100
AcDbDimension
280
     0
  2
*D43
 10
26008.6233792645
 20
-11125.40657976874
 30
0.0
 11
26006.3733792645
 21
-11131.92483488185
 31
0.0
  1
1300
 71
     5
 42
260.7302045244796
 73
     0
 74
     0
 75
     0
  3
BZ$0
100
AcDbAlignedDimension
 13
26015.23291809148
 23
-11138.44308999496
 33
0.0
 14
26016.20791778787
 24
-11125.40657976874
 34
0.0
 50
90.0
100
AcDbRotatedDimension
  0
DIMENSION
  5
778
330
2
100
AcDbEntity
  8
0
100
AcDbDimension
280
     0
  2
*D44
 10
26008.6233792645
 20
-11113.37287976874
 30
0.0
 11
26006.3733792645
 21
-11119.38972976874
 31
0.0
  1
1200
 71
     5
 42
240.6739999999991
 73
     0
 74
     0
 75
     0
  3
BZ$0
100
AcDbAlignedDimension
 13
26016.20791778787
 23
-11125.40657976874
 33
0.0
 14
26017.10791778787
 24
-11113.37287976874
 34
0.0
 50
90.0
100
AcDbRotatedDimension
  0
DIMENSION
  5
785
330
2
100
AcDbEntity
  8
0
100
AcDbDimension
280
     0
  2
*D45
 10
26008.6233792645
 20
-11092.31389976874
 30
0.0
 11
26006.3733792645
 21
-11102.84338976873
 31
0.0
  1
2100
 71
     5
 42
421.1796000000322
 73
     0
 74
     0
 75
     0
  3
BZ$0
100
AcDbAlignedDimension
 13
26017.10791778787
 23
-11113.37287976874
 33
0.0
 14
26018.68291778787
 24
-11092.31389976874
 34
0.0
 50
90.0
100
AcDbRotatedDimension
  0
DIMENSION
  5
792
330
2
100
AcDbEntity
  8
0
100
AcDbDimension
280
     0
  2
*D46
 10
26001.44752707053
 20
-11162.51049976874
 30
0.0
 11
25999.19752707054
 21
-11127.41219976873
 31
0.0
  1
7000
 71
     5
 42
1403.932000000023
 73
     0
 74
     0
 75
     0
  3
BZ$0
100
AcDbAlignedDimension
 13
26018.68291778787
 23
-11092.31389976874
 33
0.0
 14
26013.43291778787
 24
-11162.51049976874
 34
0.0
 50
90.0
100
AcDbRotatedDimension
  0
TEXT
  5
79F
330
2
100
AcDbEntity
  8
0
100
AcDbText
 10
26016.54506531967
 20
-11080.10345492861
 30
0.0
 40
5.5
  1
\M+5C9CF\M+5BDD3   \M+5B6CE
 41
0.7
 72
     4
 11
26028.01401268809
 21
-11076.71661282335
 31
0.0
100
AcDbText
  0
TEXT
  5
7A0
330
2
100
AcDbEntity
  8
1
100
AcDbText
 10
26029.86401268809
 20
-11078.96661282335
 30
0.0
 40
4.5
  1
3
 41
0.7
 72
     4
 11
26030.91401268809
 21
-11076.71661282335
 31
0.0
100
AcDbText
  0
CIRCLE
  5
7A1
330
2
100
AcDbEntity
  8
1
100
AcDbCircle
 10
26030.91401268809
 20
-11076.71661282335
 30
0.0
 40
4.0
  0
TEXT
  5
7A2
330
2
100
AcDbEntity
  8
0
100
AcDbText
 10
26022.75297681258
 20
-11175.5945442971
 30
0.0
 40
4.0
  1
\M+5B5A5 \M+5CFDF \M+5CDBC
 41
0.7
 72
     4
 11
26030.04771365469
 21
-11173.13138640236
 31
0.0
100
AcDbText
  0
TEXT
  5
7A3
330
2
100
AcDbEntity
  8
0
100
AcDbText
 10
26026.67271365469
 20
-11180.68138640236
 30
0.0
 40
2.5
  1
1:100
 41
0.7
 72
     4
 11
26030.04771365469
 21
-11179.43138640236
 31
0.0
100
AcDbText
  0
LWPOLYLINE
  5
7A4
330
2
100
AcDbEntity
  8
0
 62
     0
100
AcDbPolyline
 90
        2
 70
     0
 43
0.5
 10
26038.04771365469
 20
-11176.93138640236
 10
26022.04771365469
 20
-11176.93138640236
  0
LINE
  5
7A5
330
2
100
AcDbEntity
  8
0
100
AcDbLine
 10
26022.04771365469
 20
-11177.73138640236
 30
0.0
 11
26038.04771365469
 21
-11177.73138640236
 31
0.0
  0
TEXT
  5
7A6
330
2
100
AcDbEntity
  8
0
100
AcDbText
 10
25991.09522000747
 20
-11129.58468700002
 30
0.0
 40
4.5
  1
4
 41
0.7
 72
     4
 11
25992.22022000747
 21
-11127.33468700002
 31
0.0
100
AcDbText
  0
CIRCLE
  5
7A7
330
2
100
AcDbEntity
  8
0
100
AcDbCircle
 10
25992.22022000747
 20
-11127.33468700002
 30
0.0
 40
4.0
  0
TRACE
  5
7A8
330
2
100
AcDbEntity
  8
0
100
AcDbTrace
 10
26448.17750804303
 20
-11432.86661124794
 30
0.0
 11
26448.17750804303
 21
-11433.36661124794
 31
0.0
 12
26462.90156814187
 22
-11432.86661124794
 32
0.0
 13
26462.90156814187
 23
-11433.36661124794
 33
0.0
  0
TEXT
  5
7A9
330
2
100
AcDbEntity
  8
0
100
AcDbText
 10
26450.44019791821
 20
-11432.05801314161
 30
0.0
 40
4.0
  1
1--1
 41
0.7
100
AcDbText
  0
LWPOLYLINE
  5
7AA
330
2
100
AcDbEntity
  8
0
100
AcDbPolyline
 90
        6
 70
     0
 43
0.0
 10
26377.95663077696
 20
-11323.11266511698
 10
26455.08973381052
 20
-11323.11266511698
 10
26455.08973381052
 20
-11321.11266511698
 10
26459.08973381052
 20
-11325.11266511698
 10
26459.08973381052
 20
-11323.11266511698
 10
26536.22283684409
 20
-11323.11266511698
  0
TEXT
  5
7AB
330
2
100
AcDbEntity
  8
3
100
AcDbText
 10
26485.66140403974
 20
-11389.35409486957
 30
0.0
 40
2.5
  1
2M16X40
 50
45.00000000007369
 41
0.7
 72
     1
 11
26489.60941690135
 21
-11385.40608200794
 31
0.0
100
AcDbText
 73
     1
  0
TEXT
  5
7AC
330
2
100
AcDbEntity
  8
3
100
AcDbText
 10
26518.52446476469
 20
-11427.32252957846
 30
0.0
 40
2.5
  1
5M16X40
 41
0.7
 72
     1
 11
26524.10779809802
 21
-11427.32252957846
 31
0.0
100
AcDbText
 73
     1
  0
TEXT
  5
7AD
330
2
100
AcDbEntity
  8
3
100
AcDbText
 10
26449.53198556202
 20
-11426.2161122982
 30
0.0
 40
2.5
  1
2M16X40
 41
0.7
 72
     1
 11
26455.11531889535
 21
-11426.2161122982
 31
0.0
100
AcDbText
 73
     1
  0
LWPOLYLINE
  5
7AE
330
2
100
AcDbEntity
  8
0
100
AcDbPolyline
 90
        2
 70
     0
 43
0.25
 10
26529.46035122493
 20
-11415.94020330399
 10
26522.98901139671
 20
-11422.41154313222
  0
DIMENSION
  5
7AF
330
2
100
AcDbEntity
  8
0
100
AcDbDimension
280
     0
  2
*D47
 10
26499.63011139406
 20
-11422.41154313222
 30
0.0
 11
26497.38939079992
 21
-11424.46919928799
 31
0.0
 70
   129
 71
     5
 42
27.99999999991996
 73
     0
 74
     0
 75
     0
  3
BZ$0
100
AcDbAlignedDimension
 13
26499.0754721985
 23
-11421.01154313222
 33
0.0
 14
26499.0754721985
 24
-11422.41154313222
 34
0.0
  0
TEXT
  5
7BE
330
2
100
AcDbEntity
  8
3
100
AcDbText
 10
26533.26492039023
 20
-11353.64984413593
 30
0.0
 40
2.5
  1
2M16X40
 50
90.00000000056811
 41
0.7
 72
     1
 11
26533.26492039018
 21
-11348.0665108026
 31
0.0
100
AcDbText
 73
     1
  0
DIMENSION
  5
7BF
330
2
100
AcDbEntity
  8
0
100
AcDbDimension
280
     0
  2
*D48
 10
26529.46035122463
 20
-11392.58130330134
 30
0.0
 11
26531.51800738039
 21
-11390.34058270718
 31
0.0
 70
   129
 71
     5
 42
27.99999999988358
 73
     0
 74
     0
 75
     0
  3
BZ$0
100
AcDbAlignedDimension
 13
26528.06035122464
 23
-11392.0266641058
 33
0.0
 14
26529.46035122463
 24
-11392.02666410579
 34
0.0
  0
TEXT
  5
7CE
330
2
100
AcDbEntity
  8
3
100
AcDbText
 10
26417.81327268687
 20
-11381.45806914631
 30
0.0
 40
2.5
  1
2M16X40
 50
314.9999999999263
 41
0.7
 72
     1
 11
26421.76128554849
 21
-11385.40608200794
 31
0.0
100
AcDbText
 73
     1
  0
TEXT
  5
7CF
330
2
100
AcDbEntity
  8
3
100
AcDbText
 10
26381.67957101849
 20
-11427.32252957846
 30
0.0
 40
2.5
  1
5M16X40
 41
0.7
 72
     1
 11
26387.26290435182
 21
-11427.32252957846
 31
0.0
100
AcDbText
 73
     1
  0
LWPOLYLINE
  5
7D0
330
2
100
AcDbEntity
  8
0
100
AcDbPolyline
 90
        2
 70
     0
 43
0.25
 10
26381.91035122492
 20
-11415.94020330399
 10
26388.38169105314
 20
-11422.41154313222
  0
TEXT
  5
7D1
330
2
100
AcDbEntity
  8
3
100
AcDbText
 10
26380.60578205962
 20
-11353.64984413596
 30
0.0
 40
2.5
  1
2M16X40
 50
89.9999999994319
 41
0.7
 72
     1
 11
26380.60578205967
 21
-11348.06651080262
 31
0.0
100
AcDbText
 73
     1
  0
TEXT
  5
7D2
330
2
100
AcDbEntity
  8
0
100
AcDbText
 10
26400.33978169769
 20
-11336.51916789941
 30
0.0
 40
3.0
  1
424
 41
0.7
 72
     1
 11
26403.08978169769
 21
-11335.01916789941
 31
0.0
100
AcDbText
 73
     2
  0
CIRCLE
  5
7D3
330
2
100
AcDbEntity
  8
0
100
AcDbCircle
 10
26403.08960169769
 20
-11335.01927289941
 30
0.0
 40
4.0
  0
LWPOLYLINE
  5
7D4
330
2
100
AcDbEntity
  8
0
 62
     2
100
AcDbPolyline
 90
        3
 70
     0
 43
0.4999999999999999
 10
26264.91420455819
 20
-11302.13973293371
 10
26272.91420455819
 20
-11302.13973293376
 10
26272.91420455814
 20
-11310.13973293376
  0
TEXT
  5
7D5
330
2
100
AcDbEntity
  8
0
 62
     2
100
AcDbText
 10
26268.58087122482
 20
-11308.13973293372
 30
0.0
 40
4.0
  1
1
 50
359.9999999997916
 41
0.7
 72
     4
 11
26268.91420455816
 21
-11306.13973293372
 31
0.0
100
AcDbText
  0
LWPOLYLINE
  5
7D6
330
2
100
AcDbEntity
  8
0
 62
     2
100
AcDbPolyline
 90
        3
 70
     0
 43
0.5000000000000001
 10
26083.01174264891
 20
-11302.13973293371
 10
26075.01174264891
 20
-11302.13973293376
 10
26075.01174264895
 20
-11310.13973293376
  0
TEXT
  5
7D7
330
2
100
AcDbEntity
  8
0
 62
     2
100
AcDbText
 10
26078.67840931561
 20
-11308.13973293372
 30
0.0
 40
4.0
  1
1
 50
0.0000000002084408
 41
0.7
 72
     4
 11
26079.01174264894
 21
-11306.13973293372
 31
0.0
100
AcDbText
  0
TEXT
  5
7D8
330
2
100
AcDbEntity
  8
0
100
AcDbText
 10
26689.11959496924
 20
-11570.3023150975
 30
0.0
 40
4.0
  1
35A2-JC1-05
 41
0.7
100
AcDbText
  0
TEXT
  5
7D9
330
2
100
AcDbEntity
  8
0
100
AcDbText
 10
26646.34238752709
 20
-11570.94635111449
 30
0.0
 40
4.0
  1
1:20
 41
0.7
100
AcDbText
  0
INSERT
  5
7DA
330
2
100
AcDbEntity
  8
0
100
AcDbBlockReference
  2
GWTKA1
 10
4121.033499729089
 20
-1817.962032673544
 30
0.0
  0
TEXT
  5
82B
330
2
100
AcDbEntity
  8
0
100
AcDbText
 10
26680.70418027216
 20
-11538.02513375176
 30
0.0
 40
4.5
  1
35A2-JC1\M+5D7AA\M+5BDC7\M+5CBFE
 41
0.7
 72
     1
 11
26698.96312764058
 21
-11538.02513375176
 31
0.0
100
AcDbText
  0
TEXT
  5
82C
330
2
100
AcDbEntity
  8
0
100
AcDbText
 10
26688.04310320026
 20
-11546.463175577
 30
0.0
 40
4.5
  1
\M+5C9ED\M+5B2BF\M+5BDE1\M+5B9B9\M+5CDBC
 41
0.7
 72
     4
 11
26698.32205056868
 21
-11543.69212294542
 31
0.0
100
AcDbText
  0
CIRCLE
  5
82D
330
2
100
AcDbEntity
  8
0
100
AcDbCircle
 10
26727.93097711864
 20
-11538.79296974389
 30
0.0
 40
3.0
  0
TEXT
  5
82E
330
2
100
AcDbEntity
  8
0
100
AcDbText
 10
26726.80663605221
 20
-11540.78169267106
 30
0.0
 40
4.0
  1
4
 41
0.7
 72
     4
 11
26727.80663605221
 21
-11538.78169267106
 31
0.0
100
AcDbText
  0
LINE
  5
82F
330
2
100
AcDbEntity
  8
0
 62
     7
100
AcDbLine
 10
26673.24566072788
 20
-11539.59887571935
 30
0.0
 11
26723.01023004468
 21
-11539.59887571935
 31
0.0
  0
TEXT
  5
830
330
2
100
AcDbEntity
  8
2
100
AcDbText
 10
26093.83034590107
 20
-11387.8760791537
 30
0.0
 40
2.5
  1
-3X2
 41
0.7
100
AcDbText
  0
LINE
  5
831
330
2
100
AcDbEntity
  8
2
100
AcDbLine
 10
26092.71760258282
 20
-11388.6260791537
 30
0.0
 11
26100.83034590108
 21
-11388.6260791537
 31
0.0
  0
LINE
  5
832
330
2
100
AcDbEntity
  8
2
100
AcDbLine
 10
26092.71760258282
 20
-11388.6260791537
 30
0.0
 11
26092.48463840369
 21
-11374.55061568646
 31
0.0
  0
LWPOLYLINE
  5
833
330
2
100
AcDbEntity
  8
0
100
AcDbPolyline
 90
        2
 70
     0
 43
0.25
 10
26087.40054550866
 20
-11371.478698712
 10
26087.77163840367
 20
-11366.51461568647
  0
LINE
  5
834
330
2
100
AcDbEntity
  8
1
100
AcDbLine
 10
26087.36060077298
 20
-11372.01303657463
 30
0.0
 11
26087.40063840368
 21
-11371.47911568646
 31
0.0
  0
LWPOLYLINE
  5
835
330
2
100
AcDbEntity
  8
0
 62
     2
100
AcDbPolyline
 90
        3
 70
     0
 43
0.5000000000000001
 10
26209.55326336181
 20
-11122.6042344555
 10
26201.57554371377
 20
-11123.20088277505
 10
26202.17219203331
 20
-11131.17860242309
  0
TEXT
  5
836
330
2
100
AcDbEntity
  8
0
 62
     2
100
AcDbText
 10
26205.08115581851
 20
-11128.9554573219
 30
0.0
 40
4.0
  1
2
 50
4.277150241881705
 41
0.7
 72
     4
 11
26205.86272769757
 21
-11126.89141843927
 31
0.0
100
AcDbText
  0
LWPOLYLINE
  5
837
330
2
100
AcDbEntity
  8
0
 62
     2
100
AcDbPolyline
 90
        3
 70
     0
 43
0.5000000000000002
 10
26235.37426768788
 20
-11120.67305554746
 10
26243.35198570186
 20
-11120.07638537946
 10
26243.94865586988
 20
-11128.05410339344
  0
TEXT
  5
838
330
2
100
AcDbEntity
  8
0
 62
     2
100
AcDbText
 10
26238.87989555258
 20
-11126.42762049353
 30
0.0
 40
4.0
  1
2
 50
4.277307157326175
 41
0.7
 72
     4
 11
26239.66146177887
 21
-11124.36357947044
 31
0.0
100
AcDbText
  0
LWPOLYLINE
  5
839
330
2
100
AcDbEntity
  8
0
 62
     2
100
AcDbPolyline
 90
        3
 70
     0
 43
0.5000000000000001
 10
26210.53723019085
 20
-11100.59609065283
 10
26202.55951054281
 20
-11101.19273897238
 10
26203.15615886235
 20
-11109.17045862042
  0
TEXT
  5
83A
330
2
100
AcDbEntity
  8
0
 62
     2
100
AcDbText
 10
26206.06512264755
 20
-11106.94731351923
 30
0.0
 40
4.0
  1
3
 50
4.277150241881705
 41
0.7
 72
     4
 11
26206.84669452661
 21
-11104.88327463661
 31
0.0
100
AcDbText
  0
LWPOLYLINE
  5
83B
330
2
100
AcDbEntity
  8
0
 62
     2
100
AcDbPolyline
 90
        3
 70
     0
 43
0.5000000000000002
 10
26236.35823451692
 20
-11098.6649117448
 10
26244.3359525309
 20
-11098.06824157679
 10
26244.93262269892
 20
-11106.04595959077
  0
TEXT
  5
83C
330
2
100
AcDbEntity
  8
0
 62
     2
100
AcDbText
 10
26239.86386238162
 20
-11104.41947669087
 30
0.0
 40
4.0
  1
3
 50
4.277307157326175
 41
0.7
 72
     4
 11
26240.64542860791
 21
-11102.35543566777
 31
0.0
100
AcDbText
  0
DIMENSION
  5
83D
330
2
100
AcDbEntity
  8
3
100
AcDbDimension
280
     0
  2
*D49
 10
26249.48191064147
 20
-11485.03072601748
 30
0.0
 11
26252.83100541596
 21
-11484.72028147196
 31
0.0
  1
100
 71
     5
 42
100.0024929631036
 73
     0
 74
     0
 75
     0
  3
BZ$0
100
AcDbAlignedDimension
 13
26250.37613840369
 23
-11492.19911568646
 33
0.0
 14
26246.3666384037
 24
-11489.21161568646
 34
0.0
 50
323.3093999999676
100
AcDbRotatedDimension
  0
INSERT
  5
84C
330
2
100
AcDbEntity
  8
2
100
AcDbBlockReference
  2
M16X40
 10
26250.37613840369
 20
-11492.19911568646
 30
0.0
 41
4.999999867545234
 42
4.999999867545234
 43
4.999999867545234
  0
INSERT
  5
84D
330
2
100
AcDbEntity
  8
2
100
AcDbBlockReference
  2
M16X40
 10
26246.3666384037
 20
-11489.21161568646
 30
0.0
 41
4.999999867545234
 42
4.999999867545234
 43
4.999999867545234
  0
TEXT
  5
84E
330
2
100
AcDbEntity
  8
3
100
AcDbText
 10
26239.98739724442
 20
-11491.061416706
 30
0.0
 40
2.5
  1
2%%C17.5\M+5BFD7
 50
323.3093999999418
 41
0.7
 72
     1
 11
26244.35233331787
 21
-11494.31382594085
 31
0.0
100
AcDbText
 73
     1
  0
TEXT
  5
84F
330
2
100
AcDbEntity
  8
3
100
AcDbText
 10
26241.07868298934
 20
-11453.32949925365
 30
0.0
 40
2.5
  1
4%%C21.5\M+5BFD7
 50
274.2772000000954
 41
0.7
 72
     1
 11
26241.48466370642
 21
-11458.7577597866
 31
0.0
100
AcDbText
 73
     1
  0
DIMENSION
  5
850
330
2
100
AcDbEntity
  8
3
100
AcDbDimension
280
     0
  2
*D50
 10
26080.77036616587
 20
-11485.03072601747
 30
0.0
 11
26077.42127139139
 21
-11484.72028147196
 31
0.0
  1
100
 71
     5
 42
100.00249296314
 73
     0
 74
     0
 75
     0
  3
BZ$0
100
AcDbAlignedDimension
 13
26079.87613840367
 23
-11492.19911568646
 33
0.0
 14
26083.88563840365
 24
-11489.21161568646
 34
0.0
 50
216.6906000000689
100
AcDbRotatedDimension
  0
INSERT
  5
85F
330
2
100
AcDbEntity
  8
2
100
AcDbBlockReference
  2
M16X40
 10
26079.87613840366
 20
-11492.19911568646
 30
0.0
 41
-4.999999867545234
 42
4.999999867545234
 43
4.999999867545234
  0
INSERT
  5
860
330
2
100
AcDbEntity
  8
2
100
AcDbBlockReference
  2
M16X40
 10
26083.88563840366
 20
-11489.21161568646
 30
0.0
 41
-4.999999867545234
 42
4.999999867545234
 43
4.999999867545234
  0
TEXT
  5
861
330
2
100
AcDbEntity
  8
3
100
AcDbText
 10
26081.53500741604
 20
-11497.5662351757
 30
0.0
 40
2.5
  1
2%%C17.5\M+5BFD7
 50
36.69060000005828
 41
0.7
 72
     1
 11
26085.89994348949
 21
-11494.31382594085
 31
0.0
100
AcDbText
 73
     1
  0
TEXT
  5
862
330
2
100
AcDbEntity
  8
3
100
AcDbText
 10
26088.36163238385
 20
-11464.18602031956
 30
0.0
 40
2.5
  1
4%%C21.5\M+5BFD7
 50
85.7227999999046
 41
0.7
 72
     1
 11
26088.76761310093
 21
-11458.75775978661
 31
0.0
100
AcDbText
 73
     1
  0
DIMENSION
  5
863
330
2
100
AcDbEntity
  8
0
100
AcDbDimension
280
     0
  2
*D51
 10
26242.04680009561
 20
-11347.31075102387
 30
0.0
 11
26244.58623879882
 21
-11344.95895376032
 31
0.0
 70
   129
 71
     5
 42
49.99692131808843
 73
     0
 74
     0
 75
     0
  3
BZ$0
100
AcDbAlignedDimension
 13
26239.65759893132
 23
-11348.88353038554
 33
0.0
 14
26242.15048289486
 24
-11348.69709032139
 34
0.0
  0
DIMENSION
  5
870
330
2
100
AcDbEntity
  8
0
100
AcDbDimension
280
     0
  2
*D52
 10
26088.20547671175
 20
-11347.31075102387
 30
0.0
 11
26085.66603800853
 21
-11344.95895376032
 31
0.0
 70
   129
 71
     5
 42
49.99692131801567
 73
     0
 74
     0
 75
     0
  3
BZ$0
100
AcDbAlignedDimension
 13
26090.59467787604
 23
-11348.88353038554
 33
0.0
 14
26088.1017939125
 24
-11348.69709032139
 34
0.0
  0
TEXT
  5
87D
330
2
100
AcDbEntity
  8
3
100
AcDbText
 10
26196.57527184983
 20
-11401.60339386489
 30
0.0
 40
2.5
  1
1M16X40
 50
36.69060000005821
 41
0.7
 72
     1
 11
26200.91875428534
 21
-11398.36697020439
 31
0.0
100
AcDbText
 73
     1
  0
TEXT
  5
87E
330
2
100
AcDbEntity
  8
3
100
AcDbText
 10
26201.04574560967
 20
-11462.55953194867
 30
0.0
 40
2.5
  1
2M16X40
 50
323.3093999999418
 41
0.7
 72
     1
 11
26205.52287365857
 21
-11465.89553787564
 31
0.0
100
AcDbText
 73
     1
  0
TEXT
  5
87F
330
2
100
AcDbEntity
  8
3
100
AcDbText
 10
26248.832331963
 20
-11426.46478094439
 30
0.0
 40
2.5
  1
1M16X50
 50
274.2772000000954
 41
0.7
 72
     1
 11
26249.23631728698
 21
-11431.86636160525
 31
0.0
100
AcDbText
 73
     1
  0
INSERT
  5
880
330
2
100
AcDbEntity
  8
2
100
AcDbBlockReference
  2
M16X50
 10
26241.07823495872
 20
-11367.87350465813
 30
0.0
 41
5.0
 42
5.0
 43
5.0
  0
INSERT
  5
881
330
2
100
AcDbEntity
  8
2
100
AcDbBlockReference
  2
M16X50
 10
26241.63720250396
 20
-11375.35257073685
 30
0.0
 41
5.0
 42
5.0
 43
5.0
  0
TEXT
  5
882
330
2
100
AcDbEntity
  8
3
100
AcDbText
 10
26256.65672694989
 20
-11364.99687629517
 30
0.0
 40
2.5
  1
1M16X40
 50
274.2772000000954
 41
0.7
 72
     1
 11
26257.06071227388
 21
-11370.39845695603
 31
0.0
100
AcDbText
 73
     1
  0
TEXT
  5
883
330
2
100
AcDbEntity
  8
3
100
AcDbText
 10
26253.26425599045
 20
-11364.96039924459
 30
0.0
 40
2.5
  1
4M16X50
 50
274.2772000000954
 41
0.7
 72
     1
 11
26253.6806716321
 21
-11370.52818238732
 31
0.0
100
AcDbText
 73
     1
  0
TEXT
  5
884
330
2
100
AcDbEntity
  8
0
 62
     1
100
AcDbText
 10
26195.16834347273
 20
-11340.1050867836
 30
0.0
 40
2.5
  1
1M16X40
 50
319.4744000000103
 41
0.7
 72
     1
 11
26199.28563692104
 21
-11343.62477035435
 31
0.0
100
AcDbText
 73
     1
  0
TEXT
  5
885
330
2
100
AcDbEntity
  8
3
100
AcDbText
 10
26251.8430626061
 20
-11299.99339137946
 30
0.0
 40
2.5
  1
4M16X40
 50
274.2772000000954
 41
0.7
 72
     1
 11
26252.25947824775
 21
-11305.56117452219
 31
0.0
100
AcDbText
 73
     1
  0
TEXT
  5
886
330
2
100
AcDbEntity
  8
3
100
AcDbText
 10
26248.28121864954
 20
-11300.35831078586
 30
0.0
 40
2.5
  1
3M16X50
 50
274.2772000000954
 41
0.7
 72
     1
 11
26248.69763429119
 21
-11305.92609392859
 31
0.0
100
AcDbText
 73
     1
  0
INSERT
  5
887
330
2
100
AcDbEntity
  8
2
100
AcDbBlockReference
  2
M16X40
 10
26159.12613840368
 20
-11306.67961568646
 30
0.0
 41
5.0
 42
5.0
 43
5.0
  0
INSERT
  5
888
330
2
100
AcDbEntity
  8
2
100
AcDbBlockReference
  2
M16X40
 10
26171.12613840369
 20
-11306.67961568646
 30
0.0
 41
5.0
 42
5.0
 43
5.0
  0
DIMENSION
  5
889
330
2
100
AcDbEntity
  8
0
100
AcDbDimension
280
     0
  2
*D53
 10
26171.12613840369
 20
-11297.98366824324
 30
0.0
 11
26165.12613840369
 21
-11295.73366824324
 31
0.0
  1
4X60
 71
     5
 42
240.0000000002183
 73
     0
 74
     0
 75
     0
  3
BZ$0
100
AcDbAlignedDimension
 13
26159.12613840368
 23
-11306.67961568646
 33
0.0
 14
26171.12613840369
 24
-11306.67961568646
 34
0.0
100
AcDbRotatedDimension
  0
LWPOLYLINE
  5
896
330
2
100
AcDbEntity
  8
0
100
AcDbPolyline
 90
        2
 70
     0
 43
0.25
 10
26173.33962298863
 20
-11311.4199242585
 10
26173.40262298861
 20
-11301.5939242585
  0
LWPOLYLINE
  5
897
330
2
100
AcDbEntity
  8
0
100
AcDbPolyline
 90
        2
 70
     0
 43
0.25
 10
26173.33962298863
 20
-11311.4199242585
 10
26172.58963841677
 20
-11311.41511569764
  0
LWPOLYLINE
  5
898
330
2
100
AcDbEntity
  8
0
100
AcDbPolyline
 90
        2
 70
     0
 43
0.25
 10
26173.40262298861
 20
-11301.5939242585
 10
26172.65263840368
 20
-11301.58911568646
  0
LWPOLYLINE
  5
899
330
2
100
AcDbEntity
  8
0
100
AcDbPolyline
 90
        2
 70
     0
 43
0.25
 10
26156.91265381873
 20
-11311.4199242585
 10
26156.84965381875
 20
-11301.5939242585
  0
LWPOLYLINE
  5
89A
330
2
100
AcDbEntity
  8
0
100
AcDbPolyline
 90
        2
 70
     0
 43
0.25
 10
26156.91265381873
 20
-11311.4199242585
 10
26157.66263839059
 20
-11311.41511569764
  0
LWPOLYLINE
  5
89B
330
2
100
AcDbEntity
  8
0
100
AcDbPolyline
 90
        2
 70
     0
 43
0.25
 10
26156.84965381875
 20
-11301.5939242585
 10
26157.59963840368
 20
-11301.58911568646
  0
TEXT
  5
89C
330
2
100
AcDbEntity
  8
3
100
AcDbText
 10
26158.91331589438
 20
-11317.87376755921
 30
0.0
 40
2.5
  1
13M16X40
 41
0.7
 72
     1
 11
26165.16331589438
 21
-11317.87376755921
 31
0.0
100
AcDbText
 73
     1
  0
DIMENSION
  5
89D
330
2
100
AcDbEntity
  8
0
100
AcDbDimension
280
     0
  2
*D54
 10
26138.94990342094
 20
-11305.27961568646
 30
0.0
 11
26136.6458231397
 21
-11302.95135155485
 31
0.0
 70
   129
 71
     5
 42
28.00000000010186
 73
     0
 74
     0
 75
     0
  3
BZ$0
100
AcDbAlignedDimension
 13
26138.94990342093
 23
-11306.67961568646
 33
0.0
 14
26138.94990342093
 24
-11305.27961568646
 34
0.0
  0
LINE
  5
8AA
330
2
100
AcDbEntity
  8
1
 48
0.5
100
AcDbLine
 10
26162.98863840368
 20
-11303.07511568647
 30
0.0
 11
26159.2716384037
 21
-11299.73061568646
 31
0.0
  0
LINE
  5
8AB
330
2
100
AcDbEntity
  8
1
 48
0.5
100
AcDbLine
 10
26157.58453207466
 20
-11301.6059070217
 30
0.0
 11
26161.31663840368
 21
-11304.93361568647
 31
0.0
  0
LWPOLYLINE
  5
8AC
330
2
100
AcDbEntity
  8
0
100
AcDbPolyline
 90
        2
 70
     0
 43
0.25
 10
26129.94116508708
 20
-11276.70459452651
 10
26101.79862091888
 20
-11251.38429204685
  0
LINE
  5
8AD
330
2
100
AcDbEntity
  8
1
 48
0.2
100
AcDbLine
 10
26131.44900436208
 20
-11278.06122192685
 30
0.0
 11
26129.94113840368
 21
-11276.70461568646
 31
0.0
  0
LWPOLYLINE
  5
8AE
330
2
100
AcDbEntity
  8
0
100
AcDbPolyline
 90
        2
 70
     0
 43
0.25
 10
26132.60129339267
 20
-11275.73491869862
 10
26159.27152447171
 20
-11299.73074232677
  0
LINE
  5
8AF
330
2
100
AcDbEntity
  8
0
100
AcDbLine
 10
26131.92804986175
 20
-11275.12918592568
 30
0.0
 11
26132.71613840369
 21
-11275.87936568646
 31
0.0
  0
LWPOLYLINE
  5
8B0
330
2
100
AcDbEntity
  8
0
100
AcDbPolyline
 90
        2
 70
     0
 43
0.25
 10
26103.54760967542
 20
-11249.59464761657
 10
26131.92793650177
 20
-11275.12908393308
  0
LINE
  5
8B1
330
2
100
AcDbEntity
  8
1
 48
0.5
100
AcDbLine
 10
26101.87540456227
 20
-11251.45337553357
 30
0.0
 11
26096.48563840368
 21
-11246.60411568646
 31
0.0
  0
LINE
  5
8B2
330
2
100
AcDbEntity
  8
1
 48
0.5
100
AcDbLine
 10
26098.15813840368
 20
-11244.74561568646
 30
0.0
 11
26103.54788596418
 21
-11249.59489619996
 31
0.0
  0
TEXT
  5
8B3
330
2
100
AcDbEntity
  8
0
 62
     1
100
AcDbText
 10
26191.87254948687
 20
-11278.89173493616
 30
0.0
 40
2.5
  1
1M16X40
 50
41.97820000010266
 41
0.7
 72
     1
 11
26195.89929604014
 21
-11275.26880932645
 31
0.0
100
AcDbText
 73
     1
  0
INSERT
  5
8B4
330
2
100
AcDbEntity
  8
2
100
AcDbBlockReference
  2
M16X50
 10
26232.26213657279
 20
-11250.00068923001
 30
0.0
 41
5.0
 42
5.0
 43
5.0
  0
TEXT
  5
8B5
330
2
100
AcDbEntity
  8
3
100
AcDbText
 10
26247.86269755046
 20
-11239.03424327806
 30
0.0
 40
2.5
  1
1M16X40
 50
274.2772000000954
 41
0.7
 72
     1
 11
26248.26668287444
 21
-11244.43582393892
 31
0.0
100
AcDbText
 73
     1
  0
TEXT
  5
8B6
330
2
100
AcDbEntity
  8
3
100
AcDbText
 10
26244.01678507762
 20
-11239.38965857047
 30
0.0
 40
2.5
  1
4M16X50
 50
274.2772000000954
 41
0.7
 72
     1
 11
26244.43320071927
 21
-11244.9574417132
 31
0.0
100
AcDbText
 73
     1
  0
TEXT
  5
8B7
330
2
100
AcDbEntity
  8
3
100
AcDbText
 10
26232.55469780235
 20
-11188.63181281173
 30
0.0
 40
2.5
  1
1M16X40
 50
274.2772000000954
 41
0.7
 72
     1
 11
26232.95868312633
 21
-11194.03339347259
 31
0.0
100
AcDbText
 73
     1
  0
TEXT
  5
8B8
330
2
100
AcDbEntity
  8
3
100
AcDbText
 10
26163.83397679896
 20
-11196.30111064159
 30
0.0
 40
2.5
  1
2M16X40
 50
320.0872999999769
 41
0.7
 72
     1
 11
26168.11652161031
 21
-11199.88348709443
 31
0.0
100
AcDbText
 73
     1
  0
TEXT
  5
8B9
330
2
100
AcDbEntity
  8
3
100
AcDbText
 10
26162.11529168056
 20
-11198.98877096229
 30
0.0
 40
2.5
  1
1M16X50
 50
320.0872999999769
 41
0.7
 72
     1
 11
26166.26999933337
 21
-11202.46421080459
 31
0.0
100
AcDbText
 73
     1
  0
LWPOLYLINE
  5
8BA
330
2
100
AcDbEntity
  8
0
100
AcDbPolyline
 90
        6
 70
     0
 43
0.25
 10
26215.24371592492
 20
-11129.72658346105
 10
26214.09345310244
 20
-11130.92960167418
 10
26214.45484158538
 20
-11131.27514235832
 10
26213.04098325121
 20
-11131.30683795592
 10
26213.40237173415
 20
-11131.65237864007
 10
26212.25210891168
 20
-11132.85539685319
  0
LWPOLYLINE
  5
8BB
330
2
100
AcDbEntity
  8
0
100
AcDbPolyline
 90
        6
 70
     0
 43
0.25
 10
26115.00856088244
 20
-11129.72658346105
 10
26116.15882370492
 20
-11130.92960167418
 10
26115.79743522198
 20
-11131.27514235832
 10
26117.21129355615
 20
-11131.30683795592
 10
26116.84990507321
 20
-11131.65237864007
 10
26118.00016789568
 20
-11132.85539685319
  0
TEXT
  5
8BC
330
2
100
AcDbEntity
  8
2
100
AcDbText
 10
26103.12783778332
 20
-11263.01358727145
 30
0.0
 40
2.5
  1
-3X2
 41
0.7
100
AcDbText
  0
LINE
  5
8BD
330
2
100
AcDbEntity
  8
2
100
AcDbLine
 10
26102.01509446506
 20
-11263.76358727145
 30
0.0
 11
26110.12783778332
 21
-11263.76358727145
 31
0.0
  0
LINE
  5
8BE
330
2
100
AcDbEntity
  8
2
100
AcDbLine
 10
26102.01509446506
 20
-11263.76358727145
 30
0.0
 11
26101.78213840368
 21
-11249.68811568646
 31
0.0
  0
TEXT
  5
8BF
330
2
100
AcDbEntity
  8
2
100
AcDbText
 10
26111.11501909224
 20
-11157.58940596253
 30
0.0
 40
2.5
  1
-3X2
 41
0.7
100
AcDbText
  0
LINE
  5
8C0
330
2
100
AcDbEntity
  8
2
100
AcDbLine
 10
26110.00227577398
 20
-11158.33940596253
 30
0.0
 11
26118.11501909224
 21
-11158.33940596253
 31
0.0
  0
LINE
  5
8C1
330
2
100
AcDbEntity
  8
2
100
AcDbLine
 10
26110.00227577398
 20
-11158.33940596253
 30
0.0
 11
26109.76963840368
 21
-11144.26361568646
 31
0.0
  0
TEXT
  5
8C2
330
2
100
AcDbEntity
  8
2
100
AcDbText
 10
26212.34792363927
 20
-11128.01628196285
 30
0.0
 40
2.5
  1
-3X2
 41
0.7
100
AcDbText
  0
LINE
  5
8C3
330
2
100
AcDbEntity
  8
2
100
AcDbLine
 10
26213.32304661058
 20
-11128.76628196285
 30
0.0
 11
26219.34792363927
 21
-11128.76628196285
 31
0.0
  0
LINE
  5
8C4
330
2
100
AcDbEntity
  8
2
100
AcDbLine
 10
26219.34792363927
 20
-11128.76628196285
 30
0.0
 11
26219.97032615252
 21
-11137.24242793764
 31
0.0
  0
TEXT
  5
8C5
330
2
100
AcDbEntity
  8
2
100
AcDbText
 10
26220.35173589044
 20
-11233.91646971167
 30
0.0
 40
2.5
  1
-3X2
 41
0.7
100
AcDbText
  0
LINE
  5
8C6
330
2
100
AcDbEntity
  8
2
100
AcDbLine
 10
26221.32685886175
 20
-11234.66646971167
 30
0.0
 11
26227.35173589045
 21
-11234.66646971167
 31
0.0
  0
LINE
  5
8C7
330
2
100
AcDbEntity
  8
2
100
AcDbLine
 10
26227.35173589045
 20
-11234.66646971167
 30
0.0
 11
26227.97413840369
 21
-11243.14261568646
 31
0.0
  0
TEXT
  5
8C8
330
2
100
AcDbEntity
  8
2
100
AcDbText
 10
26229.649242891
 20
-11359.12695383176
 30
0.0
 40
2.5
  1
-3X2
 41
0.7
100
AcDbText
  0
LINE
  5
8C9
330
2
100
AcDbEntity
  8
2
100
AcDbLine
 10
26230.62436586232
 20
-11359.87695383176
 30
0.0
 11
26236.64924289101
 21
-11359.87695383176
 31
0.0
  0
LINE
  5
8CA
330
2
100
AcDbEntity
  8
2
100
AcDbLine
 10
26236.64924289101
 20
-11359.87695383176
 30
0.0
 11
26237.27164540426
 21
-11368.35309980655
 31
0.0
  0
DIMENSION
  5
8CB
330
2
100
AcDbEntity
  8
0
100
AcDbDimension
280
     0
  2
*D55
 10
26184.11006055869
 20
-11412.53691781137
 30
0.0
 11
26184.33097767579
 21
-11408.89866152575
 31
0.0
 70
   129
 71
     5
 42
31.99882765315124
 73
     0
 74
     0
 75
     0
  3
BZ$0
100
AcDbAlignedDimension
 13
26184.57543830816
 23
-11414.1854078828
 33
0.0
 14
26183.61948431922
 24
-11412.90245644218
 34
0.0
  0
DIMENSION
  5
8DA
330
2
100
AcDbEntity
  8
0
100
AcDbDimension
280
     0
  2
*D56
 10
26146.14221624866
 20
-11412.53691781136
 30
0.0
 11
26145.92129913157
 21
-11408.89866152574
 31
0.0
 70
   129
 71
     5
 42
31.99882765313305
 73
     0
 74
     0
 75
     0
  3
BZ$0
100
AcDbAlignedDimension
 13
26145.6768384992
 23
-11414.18540788279
 33
0.0
 14
26146.63279248814
 24
-11412.90245644218
 34
0.0
  0
TEXT
  5
8E9
330
2
100
AcDbEntity
  8
3
100
AcDbText
 10
26242.54491921742
 20
-11133.67733741205
 30
0.0
 40
2.5
  1
1M16X40
 50
274.2772000000954
 41
0.7
 72
     1
 11
26242.94890454141
 21
-11139.07891807291
 31
0.0
100
AcDbText
 73
     1
  0
TEXT
  5
8EA
330
2
100
AcDbEntity
  8
3
100
AcDbText
 10
26239.2912794238
 20
-11133.56682111476
 30
0.0
 40
2.5
  1
3M16X50
 50
274.2772000000954
 41
0.7
 72
     1
 11
26239.70769506545
 21
-11139.13460425749
 31
0.0
100
AcDbText
 73
     1
  0
TEXT
  5
8EB
330
2
100
AcDbEntity
  8
3
100
AcDbText
 10
26236.02146085923
 20
-11134.36265081715
 30
0.0
 40
2.5
  1
1M16X60
 50
274.2772000000954
 41
0.7
 72
     1
 11
26236.42544618322
 21
-11139.76423147801
 31
0.0
100
AcDbText
 73
     1
  0
INSERT
  5
8EC
330
2
100
AcDbEntity
  8
2
100
AcDbBlockReference
  2
M20X45
 10
26222.97013840368
 20
-11125.75911568646
 30
0.0
 41
4.999999867545234
 42
4.999999867545234
 43
4.999999867545234
  0
INSERT
  5
8ED
330
2
100
AcDbEntity
  8
2
100
AcDbBlockReference
  2
M20X45
 10
26222.70913840369
 20
-11122.26911568646
 30
0.0
 41
4.999999867545234
 42
4.999999867545234
 43
4.999999867545234
  0
INSERT
  5
8EE
330
2
100
AcDbEntity
  8
2
100
AcDbBlockReference
  2
M20X45
 10
26222.44813840368
 20
-11118.77861568646
 30
0.0
 41
4.999999867545234
 42
4.999999867545234
 43
4.999999867545234
  0
INSERT
  5
8EF
330
2
100
AcDbEntity
  8
2
100
AcDbBlockReference
  2
M20X45
 10
26222.18713840369
 20
-11115.28861568646
 30
0.0
 41
4.999999867545234
 42
4.999999867545234
 43
4.999999867545234
  0
INSERT
  5
8F0
330
2
100
AcDbEntity
  8
2
100
AcDbBlockReference
  2
M20X45
 10
26221.64125179941
 20
-11101.29029437769
 30
0.0
 41
4.999999867545234
 42
4.999999867545234
 43
4.999999867545234
  0
INSERT
  5
8F1
330
2
100
AcDbEntity
  8
2
100
AcDbBlockReference
  2
M20X45
 10
26221.8652517994
 20
-11104.28179437769
 30
0.0
 41
4.999999867545234
 42
4.999999867545234
 43
4.999999867545234
  0
INSERT
  5
8F2
330
2
100
AcDbEntity
  8
2
100
AcDbBlockReference
  2
M20X45
 10
26222.0887517994
 20
-11107.27329437768
 30
0.0
 41
4.999999867545234
 42
4.999999867545234
 43
4.999999867545234
  0
INSERT
  5
8F3
330
2
100
AcDbEntity
  8
2
100
AcDbBlockReference
  2
M20X45
 10
26222.3127517994
 20
-11110.26529437769
 30
0.0
 41
4.999999867545234
 42
4.999999867545234
 43
4.999999867545234
  0
INSERT
  5
8F4
330
2
100
AcDbEntity
  8
2
100
AcDbBlockReference
  2
M20X45
 10
26107.15163840368
 20
-11127.50461568646
 30
0.0
 41
4.999999867545234
 42
4.999999867545234
 43
4.999999867545234
  0
INSERT
  5
8F5
330
2
100
AcDbEntity
  8
2
100
AcDbBlockReference
  2
M20X45
 10
26107.41263840369
 20
-11124.01411568646
 30
0.0
 41
4.999999867545234
 42
4.999999867545234
 43
4.999999867545234
  0
INSERT
  5
8F6
330
2
100
AcDbEntity
  8
2
100
AcDbBlockReference
  2
M20X45
 10
26107.67363840368
 20
-11120.52411568646
 30
0.0
 41
4.999999867545234
 42
4.999999867545234
 43
4.999999867545234
  0
INSERT
  5
8F7
330
2
100
AcDbEntity
  8
2
100
AcDbBlockReference
  2
M20X45
 10
26107.93463840369
 20
-11117.03361568646
 30
0.0
 41
4.999999867545234
 42
4.999999867545234
 43
4.999999867545234
  0
INSERT
  5
8F8
330
2
100
AcDbEntity
  8
2
100
AcDbBlockReference
  2
M20X45
 10
26108.49875179941
 20
-11102.78593699523
 30
0.0
 41
4.999999867545234
 42
4.999999867545234
 43
4.999999867545234
  0
INSERT
  5
8F9
330
2
100
AcDbEntity
  8
2
100
AcDbBlockReference
  2
M20X45
 10
26108.2752517994
 20
-11105.77793699524
 30
0.0
 41
4.999999867545234
 42
4.999999867545234
 43
4.999999867545234
  0
INSERT
  5
8FA
330
2
100
AcDbEntity
  8
2
100
AcDbBlockReference
  2
M20X45
 10
26108.0512517994
 20
-11108.76943699524
 30
0.0
 41
4.999999867545234
 42
4.999999867545234
 43
4.999999867545234
  0
INSERT
  5
8FB
330
2
100
AcDbEntity
  8
2
100
AcDbBlockReference
  2
M20X45
 10
26107.82775179941
 20
-11111.76093699523
 30
0.0
 41
4.999999867545234
 42
4.999999867545234
 43
4.999999867545234
  0
TEXT
  5
8FC
330
2
100
AcDbEntity
  8
3
100
AcDbText
 10
26214.77972918959
 20
-11101.41163345421
 30
0.0
 40
2.5
  1
8M20X45
 50
274.2772000000954
 41
0.7
 72
     1
 11
26215.2085751489
 21
-11107.14561907881
 31
0.0
100
AcDbText
 73
     1
  0
TEXT
  5
8FD
330
2
100
AcDbEntity
  8
3
100
AcDbText
 10
26124.99004008651
 20
-11395.1305465439
 30
0.0
 40
2.5
  1
1M16X40
 50
323.3093999999418
 41
0.7
 72
     1
 11
26129.33352252202
 21
-11398.36697020439
 31
0.0
100
AcDbText
 73
     1
  0
TEXT
  5
8FE
330
2
100
AcDbEntity
  8
3
100
AcDbText
 10
26120.25227509987
 20
-11469.23154380261
 30
0.0
 40
2.5
  1
2M16X40
 50
36.69060000005828
 41
0.7
 72
     1
 11
26124.72940314878
 21
-11465.89553787564
 31
0.0
100
AcDbText
 73
     1
  0
TEXT
  5
8FF
330
2
100
AcDbEntity
  8
3
100
AcDbText
 10
26080.61197419639
 20
-11437.26794226611
 30
0.0
 40
2.5
  1
1M16X50
 50
85.7227999999046
 41
0.7
 72
     1
 11
26081.01595952038
 21
-11431.86636160525
 31
0.0
100
AcDbText
 73
     1
  0
TEXT
  5
900
330
2
100
AcDbEntity
  8
3
100
AcDbText
 10
26080.99420543725
 20
-11376.25308395849
 30
0.0
 40
2.5
  1
1M16X40
 50
85.7227999999046
 41
0.7
 72
     1
 11
26081.39819076124
 21
-11370.85150329763
 31
0.0
100
AcDbText
 73
     1
  0
TEXT
  5
901
330
2
100
AcDbEntity
  8
3
100
AcDbText
 10
26084.36181576137
 20
-11376.54901187166
 30
0.0
 40
2.5
  1
4M16X50
 50
85.7227999999046
 41
0.7
 72
     1
 11
26084.77823140302
 21
-11370.98122872893
 31
0.0
100
AcDbText
 73
     1
  0
TEXT
  5
902
330
2
100
AcDbEntity
  8
0
 62
     1
100
AcDbText
 10
26126.849346438
 20
-11347.14445392511
 30
0.0
 40
2.5
  1
1M16X40
 50
40.52559999998971
 41
0.7
 72
     1
 11
26130.96663988631
 21
-11343.62477035435
 31
0.0
100
AcDbText
 73
     1
  0
TEXT
  5
903
330
2
100
AcDbEntity
  8
3
100
AcDbText
 10
26086.34132077498
 20
-11311.4151706016
 30
0.0
 40
2.5
  1
4M16X40
 50
85.7227999999046
 41
0.7
 72
     1
 11
26086.75773641662
 21
-11305.84738745887
 31
0.0
100
AcDbText
 73
     1
  0
TEXT
  5
904
330
2
100
AcDbEntity
  8
3
100
AcDbText
 10
26089.90316473154
 20
-11311.780090008
 30
0.0
 40
2.5
  1
3M16X50
 50
85.7227999999046
 41
0.7
 72
     1
 11
26090.31958037319
 21
-11306.21230686527
 31
0.0
100
AcDbText
 73
     1
  0
TEXT
  5
905
330
2
100
AcDbEntity
  8
3
100
AcDbText
 10
26089.77242148748
 20
-11251.0440597005
 30
0.0
 40
2.5
  1
1M16X40
 50
85.7227999999046
 41
0.7
 72
     1
 11
26090.17640681147
 21
-11245.64247903964
 31
0.0
100
AcDbText
 73
     1
  0
TEXT
  5
906
330
2
100
AcDbEntity
  8
3
100
AcDbText
 10
26093.59347332499
 20
-11251.73187995665
 30
0.0
 40
2.5
  1
4M16X50
 50
85.7227999999046
 41
0.7
 72
     1
 11
26094.00988896664
 21
-11246.16409681392
 31
0.0
100
AcDbText
 73
     1
  0
TEXT
  5
907
330
2
100
AcDbEntity
  8
3
100
AcDbText
 10
26096.88960835704
 20
-11199.43497413345
 30
0.0
 40
2.5
  1
1M16X40
 50
85.7227999999046
 41
0.7
 72
     1
 11
26097.29359368103
 21
-11194.03339347259
 31
0.0
100
AcDbText
 73
     1
  0
TEXT
  5
908
330
2
100
AcDbEntity
  8
3
100
AcDbText
 10
26094.03768337769
 20
-11145.44066616861
 30
0.0
 40
2.5
  1
1M16X40
 50
85.7227999999046
 41
0.7
 72
     1
 11
26094.44166870167
 21
-11140.03908550775
 31
0.0
100
AcDbText
 73
     1
  0
TEXT
  5
909
330
2
100
AcDbEntity
  8
3
100
AcDbText
 10
26097.26646253598
 20
-11145.66255483507
 30
0.0
 40
2.5
  1
3M16X50
 50
85.7227999999046
 41
0.7
 72
     1
 11
26097.68287817763
 21
-11140.09477169234
 31
0.0
100
AcDbText
 73
     1
  0
TEXT
  5
90A
330
2
100
AcDbEntity
  8
3
100
AcDbText
 10
26100.56114173588
 20
-11146.12597957371
 30
0.0
 40
2.5
  1
1M16X60
 50
85.7227999999046
 41
0.7
 72
     1
 11
26100.96512705986
 21
-11140.72439891285
 31
0.0
100
AcDbText
 73
     1
  0
TEXT
  5
90B
330
2
100
AcDbEntity
  8
3
100
AcDbText
 10
26114.61485569915
 20
-11112.87960470342
 30
0.0
 40
2.5
  1
8M20X45
 50
85.7227999999046
 41
0.7
 72
     1
 11
26115.04370165846
 21
-11107.14561907881
 31
0.0
100
AcDbText
 73
     1
  0
INSERT
  5
90C
330
2
100
AcDbEntity
  8
2
100
AcDbBlockReference
  2
M16X50
 10
26088.61510324657
 20
-11375.35236791901
 30
0.0
 41
5.0
 42
5.0
 43
5.0
  0
INSERT
  5
90D
330
2
100
AcDbEntity
  8
2
100
AcDbBlockReference
  2
M16X50
 10
26089.17446429749
 20
-11367.87325599213
 30
0.0
 41
5.0
 42
5.0
 43
5.0
  0
INSERT
  5
90E
330
2
100
AcDbEntity
  8
2
100
AcDbBlockReference
  2
M16X50
 10
26092.48463840369
 20
-11374.55061568646
 30
0.0
 41
4.999999867545234
 42
4.999999867545234
 43
4.999999867545234
  0
INSERT
  5
90F
330
2
100
AcDbEntity
  8
2
100
AcDbBlockReference
  2
M16X40
 10
26092.98062685972
 20
-11368.35309449212
 30
0.0
 41
4.999999867545234
 42
4.999999867545234
 43
4.999999867545234
  0
INSERT
  5
910
330
2
100
AcDbEntity
  8
2
100
AcDbBlockReference
  2
M16X50
 10
26101.78213840368
 20
-11249.68811568646
 30
0.0
 41
4.999999867545234
 42
4.999999867545234
 43
4.999999867545234
  0
INSERT
  5
911
330
2
100
AcDbEntity
  8
2
100
AcDbBlockReference
  2
M16X40
 10
26102.27813840369
 20
-11243.14261568646
 30
0.0
 41
4.999999867545234
 42
4.999999867545234
 43
4.999999867545234
  0
INSERT
  5
912
330
2
100
AcDbEntity
  8
2
100
AcDbBlockReference
  2
M16X40
 10
26110.28213840369
 20
-11137.24261568646
 30
0.0
 41
4.999999867545234
 42
4.999999867545234
 43
4.999999867545234
  0
INSERT
  5
913
330
2
100
AcDbEntity
  8
2
100
AcDbBlockReference
  2
M16X50
 10
26109.76963840368
 20
-11144.26361568646
 30
0.0
 41
4.999999867545234
 42
4.999999867545234
 43
4.999999867545234
  0
TEXT
  5
914
330
2
100
AcDbEntity
  8
3
100
AcDbText
 10
26162.58859421859
 20
-11433.9641632743
 30
0.0
 40
2.5
  1
1M16X50
 50
323.3093999999418
 41
0.7
 72
     1
 11
26166.9320766541
 21
-11437.20058693479
 31
0.0
100
AcDbText
 73
     1
  0
TEXT
  5
915
330
2
100
AcDbEntity
  8
0
100
AcDbText
 10
26168.74663840368
 20
-11175.57111568647
 30
0.0
 40
2.2
  1
-12
 41
0.7
100
AcDbText
  0
CIRCLE
  5
916
330
2
100
AcDbEntity
  8
0
100
AcDbCircle
 10
26165.31813840369
 20
-11177.57111568647
 30
0.0
 40
4.0
  0
TEXT
  5
917
330
2
100
AcDbEntity
  8
0
100
AcDbText
 10
26162.61811460368
 20
-11179.07121568647
 30
0.0
 40
3.0
  1
428
 41
0.7
 72
     1
 11
26165.31811460368
 21
-11177.57121568647
 31
0.0
100
AcDbText
 73
     2
  0
LINE
  5
918
330
2
100
AcDbEntity
  8
0
100
AcDbLine
 10
26165.12613840368
 20
-11188.56956568647
 30
0.0
 11
26165.24830510368
 21
-11181.57061568647
 31
0.0
  0
LINE
  5
919
330
2
100
AcDbEntity
  8
1
100
AcDbLine
 10
26163.12613840369
 20
-11192.56956568646
 30
0.0
 11
26163.12613844838
 21
-11191.36954116067
 31
0.0
  0
LINE
  5
91A
330
2
100
AcDbEntity
  8
1
100
AcDbLine
 10
26163.12613840369
 20
-11188.56956568647
 30
0.0
 11
26163.12613844838
 21
-11189.76954119643
 31
0.0
  0
LINE
  5
91B
330
2
100
AcDbEntity
  8
1
100
AcDbLine
 10
26163.12613840369
 20
-11188.56956568647
 30
0.0
 11
26164.32613842156
 21
-11188.56954122325
 31
0.0
  0
LINE
  5
91C
330
2
100
AcDbEntity
  8
1
100
AcDbLine
 10
26167.12613840369
 20
-11188.56956568647
 30
0.0
 11
26165.9261383858
 21
-11188.56954122325
 31
0.0
  0
LINE
  5
91D
330
2
100
AcDbEntity
  8
1
100
AcDbLine
 10
26167.12613840369
 20
-11188.56956568647
 30
0.0
 11
26167.12613835898
 21
-11189.76954119643
 31
0.0
  0
LINE
  5
91E
330
2
100
AcDbEntity
  8
1
100
AcDbLine
 10
26167.12613840369
 20
-11192.56956568646
 30
0.0
 11
26167.12613835898
 21
-11191.36954116067
 31
0.0
  0
LINE
  5
91F
330
2
100
AcDbEntity
  8
1
100
AcDbLine
 10
26167.12613840369
 20
-11192.56956568646
 30
0.0
 11
26165.9261383858
 21
-11192.56954113384
 31
0.0
  0
LINE
  5
920
330
2
100
AcDbEntity
  8
1
100
AcDbLine
 10
26163.12613840369
 20
-11192.56956568646
 30
0.0
 11
26164.32613842156
 21
-11192.56954113384
 31
0.0
  0
TEXT
  5
921
330
2
100
AcDbEntity
  8
0
 62
     1
100
AcDbText
 10
26130.32623421395
 20
-11271.64588371674
 30
0.0
 40
2.5
  1
1M16X40
 50
318.0217999998974
 41
0.7
 72
     1
 11
26134.35298076722
 21
-11275.26880932645
 31
0.0
100
AcDbText
 73
     1
  0
DIMENSION
  5
922
330
2
100
AcDbEntity
  8
3
100
AcDbDimension
280
     0
  2
*D57
 10
26538.46324867654
 20
-11211.54680875069
 30
0.0
 11
26536.21324867655
 21
-11216.34680875068
 31
0.0
  1
50
 71
     5
 42
192.0000000000437
 73
     0
 74
     0
 75
     0
  3
BZ$0
100
AcDbAlignedDimension
 13
26545.63416930286
 23
-11221.14680875069
 33
0.0
 14
26545.63416930286
 24
-11211.54680875069
 34
0.0
 50
90.0
100
AcDbRotatedDimension
  0
DIMENSION
  5
92F
330
2
100
AcDbEntity
  8
3
100
AcDbDimension
280
     0
  2
*D58
 10
26542.38935994786
 20
-11216.34680875069
 30
0.0
 11
26540.13935994786
 21
-11218.74680875068
 31
0.0
  1
25
 71
     5
 42
95.99999999998545
 73
     0
 74
     0
 75
     0
  3
BZ$0
100
AcDbAlignedDimension
 13
26545.63416930286
 23
-11221.14680875069
 33
0.0
 14
26545.63416930286
 24
-11216.34680875069
 34
0.0
 50
90.0
100
AcDbRotatedDimension
  0
DIMENSION
  5
93E
330
2
100
AcDbEntity
  8
3
100
AcDbDimension
280
     0
  2
*D59
 10
26550.43416930285
 20
-11225.00250662559
 30
0.0
 11
26548.03416930285
 21
-11222.75250662559
 31
0.0
  1
25
 71
     5
 42
95.99999999976717
 73
     0
 74
     0
 75
     0
  3
BZ$0
100
AcDbAlignedDimension
 13
26545.63416930286
 23
-11221.14680875069
 33
0.0
 14
26550.43416930285
 24
-11221.14680875069
 34
0.0
100
AcDbRotatedDimension
  0
DIMENSION
  5
94D
330
2
100
AcDbEntity
  8
3
100
AcDbDimension
280
     0
  2
*D60
 10
26555.23416930283
 20
-11229.72251821064
 30
0.0
 11
26550.43416930285
 21
-11227.47251821064
 31
0.0
  1
50
 71
     5
 42
191.9999999995343
 73
     0
 74
     0
 75
     0
  3
BZ$0
100
AcDbAlignedDimension
 13
26545.63416930286
 23
-11221.14680875069
 33
0.0
 14
26555.23416930283
 24
-11221.14680875069
 34
0.0
100
AcDbRotatedDimension
  0
DIMENSION
  5
95A
330
2
100
AcDbEntity
  8
3
100
AcDbDimension
280
     0
  2
*D61
 10
26550.43416930285
 20
-11225.00250662559
 30
0.0
 11
26552.83416930284
 21
-11222.75250662559
 31
0.0
  1
25
 71
     5
 42
95.99999999976717
 73
     0
 74
     0
 75
     0
  3
BZ$0
100
AcDbAlignedDimension
 13
26555.23416930283
 23
-11221.14680875069
 33
0.0
 14
26550.43416930285
 24
-11221.14680875069
 34
0.0
100
AcDbRotatedDimension
  0
LINE
  5
969
330
2
100
AcDbEntity
  8
4
 48
0.5
100
AcDbLine
 10
26550.43416930285
 20
-11210.14594106537
 30
0.0
 11
26550.43416930285
 21
-11222.54767643601
 31
0.0
  0
LINE
  5
96A
330
2
100
AcDbEntity
  8
0
100
AcDbLine
 10
26545.63416930283
 20
-11221.14680875069
 30
0.0
 11
26555.23416930283
 21
-11221.14680875069
 31
0.0
  0
LINE
  5
96B
330
2
100
AcDbEntity
  8
0
100
AcDbLine
 10
26555.23416930283
 20
-11211.54680875069
 30
0.0
 11
26545.63416930283
 21
-11211.54680875069
 31
0.0
  0
LINE
  5
96C
330
2
100
AcDbEntity
  8
4
 48
0.5
100
AcDbLine
 10
26557.59631992604
 20
-11216.34680875069
 30
0.0
 11
26543.27201867966
 21
-11216.34680875069
 31
0.0
  0
DIMENSION
  5
96D
330
2
100
AcDbEntity
  8
3
100
AcDbDimension
280
     0
  2
*D62
 10
26542.38935994786
 20
-11216.34680875069
 30
0.0
 11
26540.13935994786
 21
-11213.94680875068
 31
0.0
  1
25
 71
     5
 42
96.00000000005821
 73
     0
 74
     0
 75
     0
  3
BZ$0
100
AcDbAlignedDimension
 13
26545.63416930286
 23
-11211.54680875069
 33
0.0
 14
26545.63416930286
 24
-11216.34680875069
 34
0.0
 50
90.0
100
AcDbRotatedDimension
  0
LINE
  5
97C
330
2
100
AcDbEntity
  8
0
100
AcDbLine
 10
26545.63416930283
 20
-11211.54680875069
 30
0.0
 11
26545.63416930283
 21
-11221.14680875069
 31
0.0
  0
TEXT
  5
97D
330
2
100
AcDbEntity
  8
1
 62
     1
100
AcDbText
 10
26557.09693578634
 20
-11206.50884550416
 30
0.0
 40
2.5
  1
%%c17.5\M+5BFD7
 41
0.7
100
AcDbText
  0
LINE
  5
97E
330
2
100
AcDbEntity
  8
0
100
AcDbLine
 10
26555.23416930283
 20
-11221.14680875069
 30
0.0
 11
26555.23416930283
 21
-11211.54680875069
 31
0.0
  0
LINE
  5
97F
330
2
100
AcDbEntity
  8
8
100
AcDbLine
 10
26556.61250640534
 20
-11207.05032047322
 30
0.0
 11
26566.80821207411
 21
-11207.05032047322
 31
0.0
  0
CIRCLE
  5
983
330
2
100
AcDbEntity
  8
3
100
AcDbCircle
 10
26550.43416930285
 20
-11216.34680875069
 30
0.0
 40
1.44
  0
LINE
  5
984
330
2
100
AcDbEntity
  8
8
100
AcDbLine
 10
26556.61250640534
 20
-11207.05032047322
 30
0.0
 11
26550.43416930285
 21
-11216.34680875069
 31
0.0
  0
LWPOLYLINE
  5
985
330
2
100
AcDbEntity
  8
0
100
AcDbPolyline
 90
        2
 70
     0
 43
0.3555555555555555
 10
26543.77736519438
 20
-11243.78425220394
 10
26557.35175527778
 20
-11243.78425220394
  0
LINE
  5
986
330
2
100
AcDbEntity
  8
0
100
AcDbLine
 10
26543.68736519438
 20
-11244.67314109284
 30
0.0
 11
26557.44175527778
 21
-11244.67314109284
 31
0.0
  0
CIRCLE
  5
987
330
2
100
AcDbEntity
  8
0
100
AcDbCircle
 10
26550.3572306326
 20
-11239.18366735619
 30
0.0
 40
4.0
  0
TEXT
  5
988
330
2
100
AcDbEntity
  8
$TD_AUDIT_GENERATED_(989)
 62
     0
100
AcDbText
 10
26547.6572306326
 20
-11240.68366735619
 30
0.0
 40
3.0
  1
428
 41
0.7
 72
     4
 11
26550.3572306326
 21
-11239.18366735619
 31
0.0
100
AcDbText
  0
TEXT
  5
98A
330
2
100
AcDbEntity
  8
0
 62
     0
100
AcDbText
 10
26553.09049082174
 20
-11235.96982829905
 30
0.0
 40
2.0
  1
-12
 41
0.7
 72
     4
 11
26554.95715748841
 21
-11234.96982829905
 31
0.0
100
AcDbText
  0
LINE
  5
98B
330
2
100
AcDbEntity
  8
0
100
AcDbLine
 10
26444.96170672881
 20
-11219.20779914506
 30
0.0
 11
26445.33083672882
 21
-11218.83866914506
 31
0.0
  0
LINE
  5
98C
330
2
100
AcDbEntity
  8
0
100
AcDbLine
 10
26436.76170672881
 20
-11227.40779914506
 30
0.0
 11
26437.13083672881
 21
-11227.03866914506
 31
0.0
  0
LINE
  5
98D
330
2
100
AcDbEntity
  8
0
100
AcDbLine
 10
26444.96170672881
 20
-11220.05633914506
 30
0.0
 11
26446.17937672881
 21
-11218.83866914506
 31
0.0
  0
LINE
  5
98E
330
2
100
AcDbEntity
  8
0
100
AcDbLine
 10
26436.76170672881
 20
-11228.25633914506
 30
0.0
 11
26437.97937672881
 21
-11227.03866914506
 31
0.0
  0
LINE
  5
98F
330
2
100
AcDbEntity
  8
0
100
AcDbLine
 10
26444.96170672881
 20
-11220.90486914506
 30
0.0
 11
26446.56170672882
 21
-11219.30486914506
 31
0.0
  0
LINE
  5
990
330
2
100
AcDbEntity
  8
0
100
AcDbLine
 10
26437.22790672881
 20
-11228.63866914506
 30
0.0
 11
26438.82790672882
 21
-11227.03866914506
 31
0.0
  0
LINE
  5
991
330
2
100
AcDbEntity
  8
0
100
AcDbLine
 10
26444.96170672881
 20
-11221.75338914506
 30
0.0
 11
26446.56170672882
 21
-11220.15338914506
 31
0.0
  0
LINE
  5
992
330
2
100
AcDbEntity
  8
0
100
AcDbLine
 10
26438.07642672881
 20
-11228.63866914506
 30
0.0
 11
26439.67642672882
 21
-11227.03866914506
 31
0.0
  0
LINE
  5
993
330
2
100
AcDbEntity
  8
0
100
AcDbLine
 10
26444.96170672881
 20
-11222.60191914506
 30
0.0
 11
26446.56170672882
 21
-11221.00191914506
 31
0.0
  0
LINE
  5
994
330
2
100
AcDbEntity
  8
0
100
AcDbLine
 10
26438.92495672881
 20
-11228.63866914506
 30
0.0
 11
26440.52495672882
 21
-11227.03866914506
 31
0.0
  0
LINE
  5
995
330
2
100
AcDbEntity
  8
0
100
AcDbLine
 10
26444.96170672881
 20
-11223.45043914506
 30
0.0
 11
26446.56170672882
 21
-11221.85044914506
 31
0.0
  0
LINE
  5
996
330
2
100
AcDbEntity
  8
0
100
AcDbLine
 10
26439.77348672882
 20
-11228.63866914506
 30
0.0
 11
26441.37347672882
 21
-11227.03866914506
 31
0.0
  0
LINE
  5
997
330
2
100
AcDbEntity
  8
0
100
AcDbLine
 10
26444.96170672881
 20
-11224.29897914506
 30
0.0
 11
26446.56170672882
 21
-11222.69897914506
 31
0.0
  0
LINE
  5
998
330
2
100
AcDbEntity
  8
0
100
AcDbLine
 10
26440.62201672882
 20
-11228.63866914506
 30
0.0
 11
26442.22201672881
 21
-11227.03866914506
 31
0.0
  0
LINE
  5
999
330
2
100
AcDbEntity
  8
0
100
AcDbLine
 10
26444.96170672881
 20
-11225.14749914506
 30
0.0
 11
26446.56170672882
 21
-11223.54749914506
 31
0.0
  0
LINE
  5
99A
330
2
100
AcDbEntity
  8
0
100
AcDbLine
 10
26441.47053672882
 20
-11228.63866914506
 30
0.0
 11
26443.07053672881
 21
-11227.03866914506
 31
0.0
  0
LINE
  5
99B
330
2
100
AcDbEntity
  8
0
100
AcDbLine
 10
26444.56759672882
 20
-11226.39013914506
 30
0.0
 11
26446.56170672882
 21
-11224.39602914506
 31
0.0
  0
LINE
  5
99C
330
2
100
AcDbEntity
  8
0
100
AcDbLine
 10
26442.31906672881
 20
-11228.63866914506
 30
0.0
 11
26444.31317672882
 21
-11226.64456914506
 31
0.0
  0
LINE
  5
99D
330
2
100
AcDbEntity
  8
0
100
AcDbLine
 10
26443.16759672881
 20
-11228.63866914506
 30
0.0
 11
26446.56170672882
 21
-11225.24455914506
 31
0.0
  0
LINE
  5
99E
330
2
100
AcDbEntity
  8
0
100
AcDbLine
 10
26444.01611672881
 20
-11228.63866914506
 30
0.0
 11
26446.56170672882
 21
-11226.09307914506
 31
0.0
  0
LINE
  5
99F
330
2
100
AcDbEntity
  8
0
100
AcDbLine
 10
26444.86465672881
 20
-11228.63866914506
 30
0.0
 11
26446.56170672882
 21
-11226.94161914506
 31
0.0
  0
LINE
  5
9A0
330
2
100
AcDbEntity
  8
0
100
AcDbLine
 10
26445.71318672882
 20
-11228.63866914506
 30
0.0
 11
26446.56170672882
 21
-11227.79014914506
 31
0.0
  0
LINE
  5
9A1
330
2
100
AcDbEntity
  8
0
100
AcDbLine
 10
26444.96170672881
 20
-11210.23866914506
 30
0.0
 11
26446.56170672882
 21
-11208.63866914506
 31
0.0
  0
LINE
  5
9A2
330
2
100
AcDbEntity
  8
0
100
AcDbLine
 10
26445.90140672881
 20
-11215.23866914506
 30
0.0
 11
26446.56170672882
 21
-11214.57836914506
 31
0.0
  0
LINE
  5
9A3
330
2
100
AcDbEntity
  8
0
100
AcDbLine
 10
26445.05287672881
 20
-11215.23866914506
 30
0.0
 11
26446.56170672882
 21
-11213.72983914506
 31
0.0
  0
LINE
  5
9A4
330
2
100
AcDbEntity
  8
0
100
AcDbLine
 10
26444.96170672881
 20
-11214.48130914506
 30
0.0
 11
26446.56170672882
 21
-11212.88130914506
 31
0.0
  0
LINE
  5
9A5
330
2
100
AcDbEntity
  8
0
100
AcDbLine
 10
26444.96170672881
 20
-11213.63278914506
 30
0.0
 11
26446.56170672882
 21
-11212.03278914506
 31
0.0
  0
LINE
  5
9A6
330
2
100
AcDbEntity
  8
0
100
AcDbLine
 10
26444.96170672881
 20
-11212.78425914506
 30
0.0
 11
26446.56170672882
 21
-11211.18425914506
 31
0.0
  0
LINE
  5
9A7
330
2
100
AcDbEntity
  8
0
100
AcDbLine
 10
26444.96170672881
 20
-11211.93572914506
 30
0.0
 11
26446.56170672882
 21
-11210.33571914506
 31
0.0
  0
LINE
  5
9A8
330
2
100
AcDbEntity
  8
0
100
AcDbLine
 10
26444.96170672881
 20
-11211.08719914506
 30
0.0
 11
26446.56170672882
 21
-11209.48719914506
 31
0.0
  0
LINE
  5
9A9
330
2
100
AcDbEntity
  8
0
100
AcDbLine
 10
26444.96170672881
 20
-11210.23866914506
 30
0.0
 11
26446.56170672882
 21
-11208.63866914506
 31
0.0
  0
LINE
  5
9AA
330
2
100
AcDbEntity
  8
0
100
AcDbLine
 10
26428.16170672881
 20
-11227.03866914506
 30
0.0
 11
26426.56170672882
 21
-11228.63866914506
 31
0.0
  0
LINE
  5
9AB
330
2
100
AcDbEntity
  8
0
100
AcDbLine
 10
26433.16170672881
 20
-11227.97835914506
 30
0.0
 11
26432.50140672882
 21
-11228.63866914506
 31
0.0
  0
LINE
  5
9AC
330
2
100
AcDbEntity
  8
0
100
AcDbLine
 10
26433.16170672881
 20
-11227.12982914506
 30
0.0
 11
26431.65287672882
 21
-11228.63866914506
 31
0.0
  0
LINE
  5
9AD
330
2
100
AcDbEntity
  8
0
100
AcDbLine
 10
26432.40434672882
 20
-11227.03866914506
 30
0.0
 11
26430.80434672881
 21
-11228.63866914506
 31
0.0
  0
LINE
  5
9AE
330
2
100
AcDbEntity
  8
0
100
AcDbLine
 10
26431.55582672881
 20
-11227.03866914506
 30
0.0
 11
26429.95582672881
 21
-11228.63866914506
 31
0.0
  0
LINE
  5
9AF
330
2
100
AcDbEntity
  8
0
100
AcDbLine
 10
26430.70729672882
 20
-11227.03866914506
 30
0.0
 11
26429.10729672881
 21
-11228.63866914506
 31
0.0
  0
LINE
  5
9B0
330
2
100
AcDbEntity
  8
0
100
AcDbLine
 10
26429.85875672881
 20
-11227.03866914506
 30
0.0
 11
26428.25875672882
 21
-11228.63866914506
 31
0.0
  0
LINE
  5
9B1
330
2
100
AcDbEntity
  8
0
100
AcDbLine
 10
26429.01023672881
 20
-11227.03866914506
 30
0.0
 11
26427.41023672881
 21
-11228.63866914506
 31
0.0
  0
LINE
  5
9B2
330
2
100
AcDbEntity
  8
0
100
AcDbLine
 10
26428.16170672881
 20
-11227.03866914506
 30
0.0
 11
26426.56170672882
 21
-11228.63866914506
 31
0.0
  0
LINE
  5
9B3
330
2
100
AcDbEntity
  8
0
100
AcDbLine
 10
26436.76170672881
 20
-11227.03866914506
 30
0.0
 11
26436.76170672881
 21
-11227.03866914506
 31
0.0
  0
LINE
  5
9B4
330
2
100
AcDbEntity
  8
0
100
AcDbLine
 10
26444.68374672882
 20
-11218.83866914506
 30
0.0
 11
26444.96170672881
 21
-11219.11662914506
 31
0.0
  0
LINE
  5
9B5
330
2
100
AcDbEntity
  8
0
100
AcDbLine
 10
26443.83521672882
 20
-11218.83866914506
 30
0.0
 11
26444.96170672881
 21
-11219.96515914506
 31
0.0
  0
LINE
  5
9B6
330
2
100
AcDbEntity
  8
0
100
AcDbLine
 10
26443.56170672882
 20
-11219.41368914506
 30
0.0
 11
26444.96170672881
 21
-11220.81368914506
 31
0.0
  0
LINE
  5
9B7
330
2
100
AcDbEntity
  8
0
100
AcDbLine
 10
26443.56170672882
 20
-11220.26221914506
 30
0.0
 11
26444.96170672881
 21
-11221.66221914506
 31
0.0
  0
LINE
  5
9B8
330
2
100
AcDbEntity
  8
0
100
AcDbLine
 10
26443.56170672882
 20
-11221.11073914506
 30
0.0
 11
26444.96170672881
 21
-11222.51074914506
 31
0.0
  0
LINE
  5
9B9
330
2
100
AcDbEntity
  8
0
100
AcDbLine
 10
26443.56170672882
 20
-11221.95926914506
 30
0.0
 11
26444.96170672881
 21
-11223.35926914506
 31
0.0
  0
LINE
  5
9BA
330
2
100
AcDbEntity
  8
0
100
AcDbLine
 10
26443.56170672882
 20
-11222.80779914506
 30
0.0
 11
26444.96170672881
 21
-11224.20780914506
 31
0.0
  0
LINE
  5
9BB
330
2
100
AcDbEntity
  8
0
100
AcDbLine
 10
26443.56170672882
 20
-11223.65632914506
 30
0.0
 11
26444.96170672881
 21
-11225.05632914506
 31
0.0
  0
LINE
  5
9BC
330
2
100
AcDbEntity
  8
0
100
AcDbLine
 10
26443.48373672882
 20
-11224.42688914506
 30
0.0
 11
26444.82516672882
 21
-11225.76830914506
 31
0.0
  0
LINE
  5
9BD
330
2
100
AcDbEntity
  8
0
100
AcDbLine
 10
26443.23521672881
 20
-11225.02688914506
 30
0.0
 11
26444.57663672881
 21
-11226.36831914506
 31
0.0
  0
LINE
  5
9BE
330
2
100
AcDbEntity
  8
0
100
AcDbLine
 10
26442.75337672882
 20
-11225.39357914506
 30
0.0
 11
26444.09480672882
 21
-11226.73500914506
 31
0.0
  0
LINE
  5
9BF
330
2
100
AcDbEntity
  8
0
100
AcDbLine
 10
26442.14992672881
 20
-11225.63866914506
 30
0.0
 11
26443.49480672881
 21
-11226.98353914506
 31
0.0
  0
LINE
  5
9C0
330
2
100
AcDbEntity
  8
0
100
AcDbLine
 10
26441.30139672882
 20
-11225.63866914506
 30
0.0
 11
26442.70140672882
 21
-11227.03866914506
 31
0.0
  0
LINE
  5
9C1
330
2
100
AcDbEntity
  8
0
100
AcDbLine
 10
26440.45287672882
 20
-11225.63866914506
 30
0.0
 11
26441.85287672881
 21
-11227.03866914506
 31
0.0
  0
LINE
  5
9C2
330
2
100
AcDbEntity
  8
0
100
AcDbLine
 10
26439.60434672882
 20
-11225.63866914506
 30
0.0
 11
26441.00434672881
 21
-11227.03866914506
 31
0.0
  0
LINE
  5
9C3
330
2
100
AcDbEntity
  8
0
100
AcDbLine
 10
26438.75581672881
 20
-11225.63866914506
 30
0.0
 11
26440.15581672881
 21
-11227.03866914506
 31
0.0
  0
LINE
  5
9C4
330
2
100
AcDbEntity
  8
0
100
AcDbLine
 10
26437.90728672881
 20
-11225.63866914506
 30
0.0
 11
26439.30728672882
 21
-11227.03866914506
 31
0.0
  0
LINE
  5
9C5
330
2
100
AcDbEntity
  8
0
100
AcDbLine
 10
26437.05876672881
 20
-11225.63866914506
 30
0.0
 11
26438.45876672881
 21
-11227.03866914506
 31
0.0
  0
LINE
  5
9C6
330
2
100
AcDbEntity
  8
0
100
AcDbLine
 10
26436.76170672881
 20
-11226.19013914506
 30
0.0
 11
26437.61023672882
 21
-11227.03866914506
 31
0.0
  0
LINE
  5
9C7
330
2
100
AcDbEntity
  8
0
100
AcDbLine
 10
26436.76170672881
 20
-11227.03866914506
 30
0.0
 11
26436.76170672881
 21
-11227.03866914506
 31
0.0
  0
LINE
  5
9C8
330
2
100
AcDbEntity
  8
0
100
AcDbLine
 10
26443.56170672882
 20
-11214.97247914506
 30
0.0
 11
26443.82789672881
 21
-11215.23866914506
 31
0.0
  0
LINE
  5
9C9
330
2
100
AcDbEntity
  8
0
100
AcDbLine
 10
26443.56170672882
 20
-11214.12394914506
 30
0.0
 11
26444.67641672881
 21
-11215.23866914506
 31
0.0
  0
LINE
  5
9CA
330
2
100
AcDbEntity
  8
0
100
AcDbLine
 10
26443.56170672882
 20
-11213.27542914506
 30
0.0
 11
26444.96170672881
 21
-11214.67542914506
 31
0.0
  0
LINE
  5
9CB
330
2
100
AcDbEntity
  8
0
100
AcDbLine
 10
26443.56170672882
 20
-11212.42688914506
 30
0.0
 11
26444.96170672881
 21
-11213.82688914506
 31
0.0
  0
LINE
  5
9CC
330
2
100
AcDbEntity
  8
0
100
AcDbLine
 10
26443.56170672882
 20
-11211.57836914506
 30
0.0
 11
26444.96170672881
 21
-11212.97836914506
 31
0.0
  0
LINE
  5
9CD
330
2
100
AcDbEntity
  8
0
100
AcDbLine
 10
26443.56170672882
 20
-11210.72983914506
 30
0.0
 11
26444.96170672881
 21
-11212.12983914506
 31
0.0
  0
LINE
  5
9CE
330
2
100
AcDbEntity
  8
0
100
AcDbLine
 10
26443.56170672882
 20
-11209.88130914506
 30
0.0
 11
26444.96170672881
 21
-11211.28130914506
 31
0.0
  0
LINE
  5
9CF
330
2
100
AcDbEntity
  8
0
100
AcDbLine
 10
26443.56170672882
 20
-11209.03277914506
 30
0.0
 11
26444.96170672881
 21
-11210.43277914506
 31
0.0
  0
LINE
  5
9D0
330
2
100
AcDbEntity
  8
0
100
AcDbLine
 10
26443.63621672881
 20
-11208.25876914506
 30
0.0
 11
26444.96170672881
 21
-11209.58425914506
 31
0.0
  0
LINE
  5
9D1
330
2
100
AcDbEntity
  8
0
100
AcDbLine
 10
26443.88474672881
 20
-11207.65876914506
 30
0.0
 11
26444.96170672881
 21
-11208.73572914506
 31
0.0
  0
LINE
  5
9D2
330
2
100
AcDbEntity
  8
0
100
AcDbLine
 10
26444.36170672882
 20
-11207.28719914506
 30
0.0
 11
26444.96170672881
 21
-11207.88719914506
 31
0.0
  0
LINE
  5
9D3
330
2
100
AcDbEntity
  8
0
100
AcDbLine
 10
26444.96170672881
 20
-11207.03866914506
 30
0.0
 11
26444.96170672881
 21
-11207.03866914506
 31
0.0
  0
LINE
  5
9D4
330
2
100
AcDbEntity
  8
0
100
AcDbLine
 10
26444.96170672881
 20
-11207.03866914506
 30
0.0
 11
26444.96170672881
 21
-11207.03866914506
 31
0.0
  0
LINE
  5
9D5
330
2
100
AcDbEntity
  8
0
100
AcDbLine
 10
26432.89551672881
 20
-11225.63866914506
 30
0.0
 11
26433.16170672881
 21
-11225.90485914506
 31
0.0
  0
LINE
  5
9D6
330
2
100
AcDbEntity
  8
0
100
AcDbLine
 10
26432.04698672881
 20
-11225.63866914506
 30
0.0
 11
26433.16170672881
 21
-11226.75338914506
 31
0.0
  0
LINE
  5
9D7
330
2
100
AcDbEntity
  8
0
100
AcDbLine
 10
26431.19845672881
 20
-11225.63866914506
 30
0.0
 11
26432.59845672882
 21
-11227.03866914506
 31
0.0
  0
LINE
  5
9D8
330
2
100
AcDbEntity
  8
0
100
AcDbLine
 10
26430.34992672882
 20
-11225.63866914506
 30
0.0
 11
26431.74992672881
 21
-11227.03866914506
 31
0.0
  0
LINE
  5
9D9
330
2
100
AcDbEntity
  8
0
100
AcDbLine
 10
26429.50140672882
 20
-11225.63866914506
 30
0.0
 11
26430.90140672881
 21
-11227.03866914506
 31
0.0
  0
LINE
  5
9DA
330
2
100
AcDbEntity
  8
0
100
AcDbLine
 10
26428.65287672882
 20
-11225.63866914506
 30
0.0
 11
26430.05287672881
 21
-11227.03866914506
 31
0.0
  0
LINE
  5
9DB
330
2
100
AcDbEntity
  8
0
100
AcDbLine
 10
26427.80434672881
 20
-11225.63866914506
 30
0.0
 11
26429.20434672881
 21
-11227.03866914506
 31
0.0
  0
LINE
  5
9DC
330
2
100
AcDbEntity
  8
0
100
AcDbLine
 10
26426.95581672881
 20
-11225.63866914506
 30
0.0
 11
26428.35581672882
 21
-11227.03866914506
 31
0.0
  0
LINE
  5
9DD
330
2
100
AcDbEntity
  8
0
100
AcDbLine
 10
26426.18180672882
 20
-11225.71317914506
 30
0.0
 11
26427.50728672882
 21
-11227.03866914506
 31
0.0
  0
LINE
  5
9DE
330
2
100
AcDbEntity
  8
0
100
AcDbLine
 10
26425.58180672881
 20
-11225.96170914506
 30
0.0
 11
26426.65876672882
 21
-11227.03866914506
 31
0.0
  0
LINE
  5
9DF
330
2
100
AcDbEntity
  8
0
100
AcDbLine
 10
26425.21023672881
 20
-11226.43866914506
 30
0.0
 11
26425.81023672881
 21
-11227.03866914506
 31
0.0
  0
DIMENSION
  5
9E0
330
2
100
AcDbEntity
  8
3
100
AcDbDimension
280
     0
  2
*D63
 10
26452.96170672882
 20
-11217.03866914506
 30
0.0
 11
26450.71170672882
 21
-11222.03866914505
 31
0.0
  1
50
 71
     5
 42
200.0
 73
     0
 74
     0
 75
     0
  3
BZ$0
100
AcDbAlignedDimension
 13
26446.96170672881
 23
-11227.03866914506
 33
0.0
 14
26446.96170672881
 24
-11217.03866914506
 34
0.0
 50
90.0
100
AcDbRotatedDimension
  0
DIMENSION
  5
9ED
330
2
100
AcDbEntity
  8
3
100
AcDbDimension
280
     0
  2
*D64
 10
26434.96170672881
 20
-11235.03866914506
 30
0.0
 11
26439.96170672881
 21
-11232.78866914506
 31
0.0
  1
50
 71
     5
 42
200.0
 73
     0
 74
     0
 75
     0
  3
BZ$0
100
AcDbAlignedDimension
 13
26444.96170672881
 23
-11229.03866914506
 33
0.0
 14
26434.96170672881
 24
-11229.03866914506
 34
0.0
100
AcDbRotatedDimension
  0
LWPOLYLINE
  5
9FA
330
2
100
AcDbEntity
  8
0
100
AcDbPolyline
 90
        2
 70
     0
 43
0.25
 10
26446.56170672882
 20
-11215.23866914506
 10
26443.56170672882
 20
-11215.23866914506
  0
LWPOLYLINE
  5
9FB
330
2
100
AcDbEntity
  8
0
100
AcDbPolyline
 90
        2
 70
     0
 43
0.25
 10
26446.56170672882
 20
-11218.83866914506
 10
26443.56170672882
 20
-11218.83866914506
  0
LINE
  5
9FC
330
2
100
AcDbEntity
  8
5
100
AcDbLine
 10
26447.76170520293
 20
-11217.03866914506
 30
0.0
 11
26442.36170520294
 21
-11217.03866914506
 31
0.0
  0
LWPOLYLINE
  5
9FD
330
2
100
AcDbEntity
  8
0
100
AcDbPolyline
 90
        2
 70
     0
 43
0.25
 10
26436.76170672881
 20
-11228.63866914506
 10
26436.76170672881
 20
-11225.63866914506
  0
LWPOLYLINE
  5
9FE
330
2
100
AcDbEntity
  8
0
100
AcDbPolyline
 90
        2
 70
     0
 43
0.25
 10
26433.16170672881
 20
-11228.63866914506
 10
26433.16170672881
 20
-11225.63866914506
  0
LINE
  5
9FF
330
2
100
AcDbEntity
  8
5
100
AcDbLine
 10
26434.96170672881
 20
-11229.83866761918
 30
0.0
 11
26434.96170672881
 21
-11224.43866761918
 31
0.0
  0
TEXT
  5
A00
330
2
100
AcDbEntity
  8
0
100
AcDbText
 10
26443.26170672881
 20
-11199.13866914506
 30
0.0
 40
3.0
  1
418
 41
0.7
 72
     1
 11
26445.76170672881
 21
-11197.63866914506
 31
0.0
100
AcDbText
 73
     2
  0
CIRCLE
  5
A01
330
2
100
AcDbEntity
  8
0
100
AcDbCircle
 10
26445.76170672881
 20
-11197.63866914506
 30
0.0
 40
4.0
  0
LINE
  5
A02
330
2
100
AcDbEntity
  8
0
100
AcDbLine
 10
26445.76170672881
 20
-11208.63866914506
 30
0.0
 11
26445.76170672881
 21
-11201.63866914506
 31
0.0
  0
LWPOLYLINE
  5
A03
330
2
100
AcDbEntity
  8
0
100
AcDbPolyline
 90
        8
 70
     0
 43
0.25
 10
26446.56170672882
 20
-11228.63866914506
 10
26446.56170672882
 20
-11208.63866914506
 42
0.414213562373095
 10
26444.96170672881
 20
-11210.23866914506
 10
26444.96170672881
 20
-11225.43866914506
 42
-0.4142135623730964
 10
26443.36170672882
 20
-11227.03866914506
 10
26428.16170672881
 20
-11227.03866914506
 42
0.4142135623730938
 10
26426.56170672882
 20
-11228.63866914506
 10
26446.56170672882
 20
-11228.63866914506
  0
TEXT
  5
A04
330
2
100
AcDbEntity
  8
0
100
AcDbText
 10
26414.18542672881
 20
-11222.33866914506
 30
0.0
 40
3.0
  1
401
 41
0.7
 72
     1
 11
26416.43542672881
 21
-11220.83866914506
 31
0.0
100
AcDbText
 73
     2
  0
CIRCLE
  5
A05
330
2
100
AcDbEntity
  8
0
100
AcDbCircle
 10
26416.43542672881
 20
-11220.83866914506
 30
0.0
 40
4.0
  0
LINE
  5
A06
330
2
100
AcDbEntity
  8
0
100
AcDbLine
 10
26425.96170672881
 20
-11226.33866914506
 30
0.0
 11
26419.89952672882
 21
-11222.83866914506
 31
0.0
  0
LWPOLYLINE
  5
A07
330
2
100
AcDbEntity
  8
0
100
AcDbPolyline
 90
        9
 70
     0
 43
0.25
 10
26444.96170672881
 20
-11225.43866914506
 10
26444.96170672881
 20
-11207.03866914506
 42
0.414213562373095
 10
26443.56170672882
 20
-11208.43866914506
 10
26443.56170672882
 20
-11224.23866914506
 42
-0.4142135623730968
 10
26442.16170672881
 20
-11225.63866914506
 10
26426.36170672882
 20
-11225.63866914506
 42
0.4142135623730966
 10
26424.96170672881
 20
-11227.03866914506
 10
26443.36170672882
 20
-11227.03866914506
 42
0.4142135623730938
 10
26444.96170672881
 20
-11225.43866914506
 42
0.4142135623730938
  0
DIMENSION
  5
A08
330
2
100
AcDbEntity
  8
3
100
AcDbDimension
280
     0
  2
*D65
 10
26434.96170672881
 20
-11235.03866914506
 30
0.0
 11
26429.96170672881
 21
-11232.78866914506
 31
0.0
  1
50
 71
     5
 42
200.0
 73
     0
 74
     0
 75
     0
  3
BZ$0
100
AcDbAlignedDimension
 13
26424.96170672881
 23
-11229.03866914506
 33
0.0
 14
26434.96170672881
 24
-11229.03866914506
 34
0.0
 50
180.0
100
AcDbRotatedDimension
  0
DIMENSION
  5
A15
330
2
100
AcDbEntity
  8
3
100
AcDbDimension
280
     0
  2
*D66
 10
26452.96170672882
 20
-11217.03866914507
 30
0.0
 11
26450.71170672882
 21
-11212.03866914506
 31
0.0
  1
50
 71
     5
 42
200.0
 73
     0
 74
     0
 75
     0
  3
BZ$0
100
AcDbAlignedDimension
 13
26446.96170672881
 23
-11207.03866914507
 33
0.0
 14
26446.96170672881
 24
-11217.03866914507
 34
0.0
 50
270.0
100
AcDbRotatedDimension
  0
TRACE
  5
A22
330
2
100
AcDbEntity
  8
0
100
AcDbTrace
 10
26427.40786257316
 20
-11243.15299867821
 30
0.0
 11
26427.40786257316
 21
-11243.65299867821
 31
0.0
 12
26442.131922672
 22
-11243.15299867821
 32
0.0
 13
26442.131922672
 23
-11243.65299867821
 33
0.0
  0
TEXT
  5
A23
330
2
100
AcDbEntity
  8
0
100
AcDbText
 10
26429.67055244833
 20
-11242.34440057188
 30
0.0
 40
4.0
  1
2--2
 41
0.7
100
AcDbText
  0
LINE
  5
A24
330
2
100
AcDbEntity
  8
0
100
AcDbLine
 10
26496.97022410531
 20
-11217.9835375703
 30
0.0
 11
26497.6364141053
 21
-11217.3173475703
 31
0.0
  0
LINE
  5
A25
330
2
100
AcDbEntity
  8
0
100
AcDbLine
 10
26489.7702241053
 20
-11225.1835475703
 30
0.0
 11
26490.43641410531
 21
-11224.5173475703
 31
0.0
  0
LINE
  5
A26
330
2
100
AcDbEntity
  8
0
100
AcDbLine
 10
26496.97022410531
 20
-11218.83206757031
 30
0.0
 11
26498.3702241053
 21
-11217.4320675703
 31
0.0
  0
LINE
  5
A27
330
2
100
AcDbEntity
  8
0
100
AcDbLine
 10
26489.88494410531
 20
-11225.91734757031
 30
0.0
 11
26491.2849441053
 21
-11224.5173475703
 31
0.0
  0
LINE
  5
A28
330
2
100
AcDbEntity
  8
0
100
AcDbLine
 10
26496.97022410531
 20
-11219.6805975703
 30
0.0
 11
26498.3702241053
 21
-11218.2805875703
 31
0.0
  0
LINE
  5
A29
330
2
100
AcDbEntity
  8
0
100
AcDbLine
 10
26490.73346410531
 20
-11225.91734757031
 30
0.0
 11
26492.13347410531
 21
-11224.5173475703
 31
0.0
  0
LINE
  5
A2A
330
2
100
AcDbEntity
  8
0
100
AcDbLine
 10
26496.97022410531
 20
-11220.5291175703
 30
0.0
 11
26498.3702241053
 21
-11219.1291175703
 31
0.0
  0
LINE
  5
A2B
330
2
100
AcDbEntity
  8
0
100
AcDbLine
 10
26491.5819941053
 20
-11225.91734757031
 30
0.0
 11
26492.98199410531
 21
-11224.5173475703
 31
0.0
  0
LINE
  5
A2C
330
2
100
AcDbEntity
  8
0
100
AcDbLine
 10
26496.97022410531
 20
-11221.3776575703
 30
0.0
 11
26498.3702241053
 21
-11219.97765757031
 31
0.0
  0
LINE
  5
A2D
330
2
100
AcDbEntity
  8
0
100
AcDbLine
 10
26492.4305341053
 20
-11225.91734757031
 30
0.0
 11
26493.8305341053
 21
-11224.5173475703
 31
0.0
  0
LINE
  5
A2E
330
2
100
AcDbEntity
  8
0
100
AcDbLine
 10
26496.97022410531
 20
-11222.2261875703
 30
0.0
 11
26498.3702241053
 21
-11220.8261875703
 31
0.0
  0
LINE
  5
A2F
330
2
100
AcDbEntity
  8
0
100
AcDbLine
 10
26493.2790541053
 20
-11225.91734757031
 30
0.0
 11
26494.67906410531
 21
-11224.5173475703
 31
0.0
  0
LINE
  5
A30
330
2
100
AcDbEntity
  8
0
100
AcDbLine
 10
26496.97022410531
 20
-11223.07471757031
 30
0.0
 11
26498.3702241053
 21
-11221.6747075703
 31
0.0
  0
LINE
  5
A31
330
2
100
AcDbEntity
  8
0
100
AcDbLine
 10
26494.12758410531
 20
-11225.91734757031
 30
0.0
 11
26495.52758410531
 21
-11224.5173475703
 31
0.0
  0
LINE
  5
A32
330
2
100
AcDbEntity
  8
0
100
AcDbLine
 10
26494.97611410531
 20
-11225.91734757031
 30
0.0
 11
26498.3702241053
 21
-11222.5232375703
 31
0.0
  0
LINE
  5
A33
330
2
100
AcDbEntity
  8
0
100
AcDbLine
 10
26495.82463410531
 20
-11225.91734757031
 30
0.0
 11
26498.3702241053
 21
-11223.3717675703
 31
0.0
  0
LINE
  5
A34
330
2
100
AcDbEntity
  8
0
100
AcDbLine
 10
26496.67317410531
 20
-11225.91734757031
 30
0.0
 11
26498.3702241053
 21
-11224.2202975703
 31
0.0
  0
LINE
  5
A35
330
2
100
AcDbEntity
  8
0
100
AcDbLine
 10
26497.5217041053
 20
-11225.91734757031
 30
0.0
 11
26498.3702241053
 21
-11225.06882757031
 31
0.0
  0
LINE
  5
A36
330
2
100
AcDbEntity
  8
0
100
AcDbLine
 10
26498.3702241053
 20
-11205.9173575703
 30
0.0
 11
26496.97022410531
 21
-11207.3173475703
 31
0.0
  0
LINE
  5
A37
330
2
100
AcDbEntity
  8
0
100
AcDbLine
 10
26498.20698410531
 20
-11213.7173475703
 30
0.0
 11
26498.3702241053
 21
-11213.5541075703
 31
0.0
  0
LINE
  5
A38
330
2
100
AcDbEntity
  8
0
100
AcDbLine
 10
26497.35846410531
 20
-11213.7173475703
 30
0.0
 11
26498.3702241053
 21
-11212.7055775703
 31
0.0
  0
LINE
  5
A39
330
2
100
AcDbEntity
  8
0
100
AcDbLine
 10
26496.97022410531
 20
-11213.25703757031
 30
0.0
 11
26498.3702241053
 21
-11211.8570375703
 31
0.0
  0
LINE
  5
A3A
330
2
100
AcDbEntity
  8
0
100
AcDbLine
 10
26496.97022410531
 20
-11212.4085175703
 30
0.0
 11
26498.3702241053
 21
-11211.0085175703
 31
0.0
  0
LINE
  5
A3B
330
2
100
AcDbEntity
  8
0
100
AcDbLine
 10
26496.97022410531
 20
-11211.5599875703
 30
0.0
 11
26498.3702241053
 21
-11210.1599875703
 31
0.0
  0
LINE
  5
A3C
330
2
100
AcDbEntity
  8
0
100
AcDbLine
 10
26496.97022410531
 20
-11210.7114575703
 30
0.0
 11
26498.3702241053
 21
-11209.3114575703
 31
0.0
  0
LINE
  5
A3D
330
2
100
AcDbEntity
  8
0
100
AcDbLine
 10
26496.97022410531
 20
-11209.8629375703
 30
0.0
 11
26498.3702241053
 21
-11208.4629375703
 31
0.0
  0
LINE
  5
A3E
330
2
100
AcDbEntity
  8
0
100
AcDbLine
 10
26496.97022410531
 20
-11209.01440757031
 30
0.0
 11
26498.3702241053
 21
-11207.6143975703
 31
0.0
  0
LINE
  5
A3F
330
2
100
AcDbEntity
  8
0
100
AcDbLine
 10
26496.97022410531
 20
-11208.1658775703
 30
0.0
 11
26498.3702241053
 21
-11206.7658775703
 31
0.0
  0
LINE
  5
A40
330
2
100
AcDbEntity
  8
0
100
AcDbLine
 10
26498.3702241053
 20
-11205.9173575703
 30
0.0
 11
26496.97022410531
 21
-11207.3173475703
 31
0.0
  0
LINE
  5
A41
330
2
100
AcDbEntity
  8
0
100
AcDbLine
 10
26478.37023410531
 20
-11225.91734757031
 30
0.0
 11
26479.7702241053
 21
-11224.5173575703
 31
0.0
  0
LINE
  5
A42
330
2
100
AcDbEntity
  8
0
100
AcDbLine
 10
26486.17022410531
 20
-11225.7541075703
 30
0.0
 11
26486.0069841053
 21
-11225.91734757031
 31
0.0
  0
LINE
  5
A43
330
2
100
AcDbEntity
  8
0
100
AcDbLine
 10
26486.17022410531
 20
-11224.9055775703
 30
0.0
 11
26485.15845410531
 21
-11225.91734757031
 31
0.0
  0
LINE
  5
A44
330
2
100
AcDbEntity
  8
0
100
AcDbLine
 10
26485.70992410531
 20
-11224.5173475703
 30
0.0
 11
26484.3099141053
 21
-11225.91734757031
 31
0.0
  0
LINE
  5
A45
330
2
100
AcDbEntity
  8
0
100
AcDbLine
 10
26484.8613941053
 20
-11224.5173475703
 30
0.0
 11
26483.4613941053
 21
-11225.91734757031
 31
0.0
  0
LINE
  5
A46
330
2
100
AcDbEntity
  8
0
100
AcDbLine
 10
26484.01286410531
 20
-11224.5173475703
 30
0.0
 11
26482.61286410531
 21
-11225.91734757031
 31
0.0
  0
LINE
  5
A47
330
2
100
AcDbEntity
  8
0
100
AcDbLine
 10
26483.16434410531
 20
-11224.5173475703
 30
0.0
 11
26481.76434410531
 21
-11225.91734757031
 31
0.0
  0
LINE
  5
A48
330
2
100
AcDbEntity
  8
0
100
AcDbLine
 10
26482.31581410531
 20
-11224.5173475703
 30
0.0
 11
26480.9158141053
 21
-11225.91734757031
 31
0.0
  0
LINE
  5
A49
330
2
100
AcDbEntity
  8
0
100
AcDbLine
 10
26481.4672841053
 20
-11224.5173475703
 30
0.0
 11
26480.0672741053
 21
-11225.91734757031
 31
0.0
  0
LINE
  5
A4A
330
2
100
AcDbEntity
  8
0
100
AcDbLine
 10
26480.61875410531
 20
-11224.5173475703
 30
0.0
 11
26479.21875410531
 21
-11225.91734757031
 31
0.0
  0
LINE
  5
A4B
330
2
100
AcDbEntity
  8
0
100
AcDbLine
 10
26478.37023410531
 20
-11225.91734757031
 30
0.0
 11
26479.7702241053
 21
-11224.5173575703
 31
0.0
  0
LINE
  5
A4C
330
2
100
AcDbEntity
  8
0
100
AcDbLine
 10
26489.7702241053
 20
-11224.5173475703
 30
0.0
 11
26489.7702241053
 21
-11224.5173475703
 31
0.0
  0
LINE
  5
A4D
330
2
100
AcDbEntity
  8
0
100
AcDbLine
 10
26496.14667410531
 20
-11217.3173475703
 30
0.0
 11
26496.97022410531
 21
-11218.1408975703
 31
0.0
  0
LINE
  5
A4E
330
2
100
AcDbEntity
  8
0
100
AcDbLine
 10
26495.7702241053
 20
-11217.78942757031
 30
0.0
 11
26496.97022410531
 21
-11218.9894275703
 31
0.0
  0
LINE
  5
A4F
330
2
100
AcDbEntity
  8
0
100
AcDbLine
 10
26495.7702241053
 20
-11218.6379575703
 30
0.0
 11
26496.97022410531
 21
-11219.8379475703
 31
0.0
  0
LINE
  5
A50
330
2
100
AcDbEntity
  8
0
100
AcDbLine
 10
26495.7702241053
 20
-11219.4864775703
 30
0.0
 11
26496.97022410531
 21
-11220.6864875703
 31
0.0
  0
LINE
  5
A51
330
2
100
AcDbEntity
  8
0
100
AcDbLine
 10
26495.7702241053
 20
-11220.3350075703
 30
0.0
 11
26496.97022410531
 21
-11221.5350075703
 31
0.0
  0
LINE
  5
A52
330
2
100
AcDbEntity
  8
0
100
AcDbLine
 10
26495.7702241053
 20
-11221.1835375703
 30
0.0
 11
26496.97022410531
 21
-11222.3835375703
 31
0.0
  0
LINE
  5
A53
330
2
100
AcDbEntity
  8
0
100
AcDbLine
 10
26495.7702241053
 20
-11222.0320675703
 30
0.0
 11
26496.93662410531
 21
-11223.1984675703
 31
0.0
  0
LINE
  5
A54
330
2
100
AcDbEntity
  8
0
100
AcDbLine
 10
26495.5466741053
 20
-11222.6570475703
 30
0.0
 11
26496.6880941053
 21
-11223.7984675703
 31
0.0
  0
LINE
  5
A55
330
2
100
AcDbEntity
  8
0
100
AcDbLine
 10
26495.12758410531
 20
-11223.0864775703
 30
0.0
 11
26496.26900410531
 21
-11224.2279075703
 31
0.0
  0
LINE
  5
A56
330
2
100
AcDbEntity
  8
0
100
AcDbLine
 10
26494.5099241053
 20
-11223.3173475703
 30
0.0
 11
26495.66900410531
 21
-11224.4764275703
 31
0.0
  0
LINE
  5
A57
330
2
100
AcDbEntity
  8
0
100
AcDbLine
 10
26493.66139410531
 20
-11223.3173475703
 30
0.0
 11
26494.8613941053
 21
-11224.5173475703
 31
0.0
  0
LINE
  5
A58
330
2
100
AcDbEntity
  8
0
100
AcDbLine
 10
26492.8128641053
 20
-11223.3173475703
 30
0.0
 11
26494.01286410531
 21
-11224.5173475703
 31
0.0
  0
LINE
  5
A59
330
2
100
AcDbEntity
  8
0
100
AcDbLine
 10
26491.96433410531
 20
-11223.3173475703
 30
0.0
 11
26493.1643341053
 21
-11224.5173475703
 31
0.0
  0
LINE
  5
A5A
330
2
100
AcDbEntity
  8
0
100
AcDbLine
 10
26491.11581410531
 20
-11223.3173475703
 30
0.0
 11
26492.3158041053
 21
-11224.5173475703
 31
0.0
  0
LINE
  5
A5B
330
2
100
AcDbEntity
  8
0
100
AcDbLine
 10
26490.26728410531
 20
-11223.3173475703
 30
0.0
 11
26491.4672841053
 21
-11224.5173475703
 31
0.0
  0
LINE
  5
A5C
330
2
100
AcDbEntity
  8
0
100
AcDbLine
 10
26489.7702241053
 20
-11223.6688175703
 30
0.0
 11
26490.61875410531
 21
-11224.5173475703
 31
0.0
  0
LINE
  5
A5D
330
2
100
AcDbEntity
  8
0
100
AcDbLine
 10
26489.7702241053
 20
-11224.5173475703
 30
0.0
 11
26489.7702241053
 21
-11224.5173475703
 31
0.0
  0
LINE
  5
A5E
330
2
100
AcDbEntity
  8
0
100
AcDbLine
 10
26495.7702241053
 20
-11212.9541075703
 30
0.0
 11
26496.5334641053
 21
-11213.7173475703
 31
0.0
  0
LINE
  5
A5F
330
2
100
AcDbEntity
  8
0
100
AcDbLine
 10
26495.7702241053
 20
-11212.10557757031
 30
0.0
 11
26496.97022410531
 21
-11213.30556757031
 31
0.0
  0
LINE
  5
A60
330
2
100
AcDbEntity
  8
0
100
AcDbLine
 10
26495.7702241053
 20
-11211.2570475703
 30
0.0
 11
26496.97022410531
 21
-11212.4570475703
 31
0.0
  0
LINE
  5
A61
330
2
100
AcDbEntity
  8
0
100
AcDbLine
 10
26495.7702241053
 20
-11210.4085175703
 30
0.0
 11
26496.97022410531
 21
-11211.6085175703
 31
0.0
  0
LINE
  5
A62
330
2
100
AcDbEntity
  8
0
100
AcDbLine
 10
26495.7702241053
 20
-11209.5599875703
 30
0.0
 11
26496.97022410531
 21
-11210.7599875703
 31
0.0
  0
LINE
  5
A63
330
2
100
AcDbEntity
  8
0
100
AcDbLine
 10
26495.7702241053
 20
-11208.7114575703
 30
0.0
 11
26496.97022410531
 21
-11209.9114575703
 31
0.0
  0
LINE
  5
A64
330
2
100
AcDbEntity
  8
0
100
AcDbLine
 10
26495.7702241053
 20
-11207.8629375703
 30
0.0
 11
26496.97022410531
 21
-11209.06293757031
 31
0.0
  0
LINE
  5
A65
330
2
100
AcDbEntity
  8
0
100
AcDbLine
 10
26495.97611410531
 20
-11207.2202975703
 30
0.0
 11
26496.97022410531
 21
-11208.2144075703
 31
0.0
  0
LINE
  5
A66
330
2
100
AcDbEntity
  8
0
100
AcDbLine
 10
26496.3702241053
 20
-11206.7658775703
 30
0.0
 11
26496.97022410531
 21
-11207.3658775703
 31
0.0
  0
LINE
  5
A67
330
2
100
AcDbEntity
  8
0
100
AcDbLine
 10
26496.97022410531
 20
-11206.5173475703
 30
0.0
 11
26496.97022410531
 21
-11206.5173475703
 31
0.0
  0
LINE
  5
A68
330
2
100
AcDbEntity
  8
0
100
AcDbLine
 10
26496.97022410531
 20
-11206.5173475703
 30
0.0
 11
26496.97022410531
 21
-11206.5173475703
 31
0.0
  0
LINE
  5
A69
330
2
100
AcDbEntity
  8
0
100
AcDbLine
 10
26478.97022410531
 20
-11224.5173475703
 30
0.0
 11
26478.97022410531
 21
-11224.5173475703
 31
0.0
  0
LINE
  5
A6A
330
2
100
AcDbEntity
  8
0
100
AcDbLine
 10
26485.4069841053
 20
-11223.3173475703
 30
0.0
 11
26486.17022410531
 21
-11224.0805975703
 31
0.0
  0
LINE
  5
A6B
330
2
100
AcDbEntity
  8
0
100
AcDbLine
 10
26484.5584541053
 20
-11223.3173475703
 30
0.0
 11
26485.7584441053
 21
-11224.5173475703
 31
0.0
  0
LINE
  5
A6C
330
2
100
AcDbEntity
  8
0
100
AcDbLine
 10
26483.70992410531
 20
-11223.3173475703
 30
0.0
 11
26484.9099241053
 21
-11224.5173475703
 31
0.0
  0
LINE
  5
A6D
330
2
100
AcDbEntity
  8
0
100
AcDbLine
 10
26482.8613941053
 20
-11223.3173475703
 30
0.0
 11
26484.06139410531
 21
-11224.5173475703
 31
0.0
  0
LINE
  5
A6E
330
2
100
AcDbEntity
  8
0
100
AcDbLine
 10
26482.01286410531
 20
-11223.3173475703
 30
0.0
 11
26483.2128641053
 21
-11224.5173475703
 31
0.0
  0
LINE
  5
A6F
330
2
100
AcDbEntity
  8
0
100
AcDbLine
 10
26481.1643341053
 20
-11223.3173475703
 30
0.0
 11
26482.3643341053
 21
-11224.5173475703
 31
0.0
  0
LINE
  5
A70
330
2
100
AcDbEntity
  8
0
100
AcDbLine
 10
26480.3158041053
 20
-11223.3173475703
 30
0.0
 11
26481.51580410531
 21
-11224.5173475703
 31
0.0
  0
LINE
  5
A71
330
2
100
AcDbEntity
  8
0
100
AcDbLine
 10
26479.67317410531
 20
-11223.5232375703
 30
0.0
 11
26480.66728410531
 21
-11224.5173475703
 31
0.0
  0
LINE
  5
A72
330
2
100
AcDbEntity
  8
0
100
AcDbLine
 10
26479.21875410531
 20
-11223.91734757031
 30
0.0
 11
26479.8187541053
 21
-11224.5173475703
 31
0.0
  0
LINE
  5
A73
330
2
100
AcDbEntity
  8
0
100
AcDbLine
 10
26478.97022410531
 20
-11224.5173475703
 30
0.0
 11
26478.97022410531
 21
-11224.5173475703
 31
0.0
  0
DIMENSION
  5
A74
330
2
100
AcDbEntity
  8
3
100
AcDbDimension
280
     0
  2
*D67
 10
26504.97022410531
 20
-11206.5173475703
 30
0.0
 11
26502.72022410532
 21
-11211.0173475703
 31
0.0
  1
45
 71
     5
 42
180.0
 73
     0
 74
     0
 75
     0
  3
BZ$0
100
AcDbAlignedDimension
 13
26498.97022410531
 23
-11215.5173475703
 33
0.0
 14
26498.97022410531
 24
-11206.5173475703
 34
0.0
 50
90.0
100
AcDbRotatedDimension
  0
DIMENSION
  5
A81
330
2
100
AcDbEntity
  8
3
100
AcDbDimension
280
     0
  2
*D68
 10
26504.97022410531
 20
-11215.5173475703
 30
0.0
 11
26502.72022410532
 21
-11220.0173475703
 31
0.0
  1
45
 71
     5
 42
180.0
 73
     0
 74
     0
 75
     0
  3
BZ$0
100
AcDbAlignedDimension
 13
26498.97022410531
 23
-11224.5173475703
 33
0.0
 14
26498.97022410531
 24
-11215.5173475703
 34
0.0
 50
90.0
100
AcDbRotatedDimension
  0
DIMENSION
  5
A8E
330
2
100
AcDbEntity
  8
3
100
AcDbDimension
280
     0
  2
*D69
 10
26478.97022410531
 20
-11232.5173475703
 30
0.0
 11
26483.47022410531
 21
-11230.2673475703
 31
0.0
  1
45
 71
     5
 42
180.0
 73
     0
 74
     0
 75
     0
  3
BZ$0
100
AcDbAlignedDimension
 13
26487.97022410531
 23
-11226.5173475703
 33
0.0
 14
26478.97022410531
 24
-11226.5173475703
 34
0.0
100
AcDbRotatedDimension
  0
DIMENSION
  5
A9B
330
2
100
AcDbEntity
  8
3
100
AcDbDimension
280
     0
  2
*D70
 10
26487.97022410531
 20
-11232.5173475703
 30
0.0
 11
26492.47022410531
 21
-11230.2673475703
 31
0.0
  1
45
 71
     5
 42
180.0
 73
     0
 74
     0
 75
     0
  3
BZ$0
100
AcDbAlignedDimension
 13
26496.97022410531
 23
-11226.5173475703
 33
0.0
 14
26487.97022410531
 24
-11226.5173475703
 34
0.0
100
AcDbRotatedDimension
  0
LWPOLYLINE
  5
AA8
330
2
100
AcDbEntity
  8
0
100
AcDbPolyline
 90
        2
 70
     0
 43
0.25
 10
26498.3702241053
 20
-11213.7173475703
 10
26495.7702241053
 20
-11213.7173475703
  0
LWPOLYLINE
  5
AA9
330
2
100
AcDbEntity
  8
0
100
AcDbPolyline
 90
        2
 70
     0
 43
0.25
 10
26498.3702241053
 20
-11217.3173475703
 10
26495.7702241053
 20
-11217.3173475703
  0
LINE
  5
AAA
330
2
100
AcDbEntity
  8
5
100
AcDbLine
 10
26499.57022563118
 20
-11215.5173475703
 30
0.0
 11
26494.57022334236
 21
-11215.5173475703
 31
0.0
  0
LWPOLYLINE
  5
AAB
330
2
100
AcDbEntity
  8
0
100
AcDbPolyline
 90
        2
 70
     0
 43
0.25
 10
26489.7702241053
 20
-11225.91734757031
 10
26489.7702241053
 20
-11223.3173475703
  0
LWPOLYLINE
  5
AAC
330
2
100
AcDbEntity
  8
0
100
AcDbPolyline
 90
        2
 70
     0
 43
0.25
 10
26486.17022410531
 20
-11225.91734757031
 10
26486.17022410531
 20
-11223.3173475703
  0
LINE
  5
AAD
330
2
100
AcDbEntity
  8
5
100
AcDbLine
 10
26487.97022410531
 20
-11227.11734909618
 30
0.0
 11
26487.97022410531
 21
-11222.11735062206
 31
0.0
  0
TEXT
  5
AAE
330
2
100
AcDbEntity
  8
0
100
AcDbText
 10
26495.17022410531
 20
-11196.41734757031
 30
0.0
 40
3.0
  1
418
 41
0.7
 72
     1
 11
26497.67022410531
 21
-11194.91734757031
 31
0.0
100
AcDbText
 73
     2
  0
CIRCLE
  5
AAF
330
2
100
AcDbEntity
  8
0
100
AcDbCircle
 10
26497.67022410531
 20
-11194.91734757031
 30
0.0
 40
4.0
  0
LINE
  5
AB0
330
2
100
AcDbEntity
  8
0
100
AcDbLine
 10
26497.67022410531
 20
-11205.91734757031
 30
0.0
 11
26497.67022410531
 21
-11198.91734757031
 31
0.0
  0
LWPOLYLINE
  5
AB1
330
2
100
AcDbEntity
  8
0
100
AcDbPolyline
 90
        8
 70
     0
 43
0.25
 10
26498.3702241053
 20
-11225.91734757031
 10
26498.3702241053
 20
-11205.91734757031
 42
0.414213562373095
 10
26496.97022410531
 20
-11207.3173475703
 10
26496.97022410531
 20
-11223.1173475703
 42
-0.4142135623730936
 10
26495.57022410531
 20
-11224.5173475703
 10
26479.7702241053
 20
-11224.5173475703
 42
0.4142135623730966
 10
26478.3702241053
 20
-11225.91734757031
 10
26498.3702241053
 20
-11225.91734757031
  0
TEXT
  5
AB2
330
2
100
AcDbEntity
  8
1
100
AcDbText
 10
26468.19394410532
 20
-11219.91734757031
 30
0.0
 40
3.0
  1
301
 41
0.7
 72
     1
 11
26470.44394410532
 21
-11218.41734757031
 31
0.0
100
AcDbText
 73
     2
  0
CIRCLE
  5
AB3
330
2
100
AcDbEntity
  8
1
100
AcDbCircle
 10
26470.44394410532
 20
-11218.41734757031
 30
0.0
 40
4.0
  0
LINE
  5
AB4
330
2
100
AcDbEntity
  8
0
100
AcDbLine
 10
26479.97022410531
 20
-11223.91734757031
 30
0.0
 11
26473.9080441053
 21
-11220.41734757031
 31
0.0
  0
LWPOLYLINE
  5
AB5
330
2
100
AcDbEntity
  8
0
100
AcDbPolyline
 90
        9
 70
     0
 43
0.25
 10
26496.97022410531
 20
-11223.1173475703
 10
26496.97022410531
 20
-11206.5173475703
 42
0.414213562373095
 10
26495.7702241053
 20
-11207.7173475703
 10
26495.7702241053
 20
-11222.1173475703
 42
-0.4142135623730936
 10
26494.57022410531
 20
-11223.3173475703
 10
26480.17022410531
 20
-11223.3173475703
 42
0.414213562373095
 10
26478.97022410531
 20
-11224.5173475703
 10
26495.57022410531
 20
-11224.5173475703
 42
0.4142135623730966
 10
26496.97022410531
 20
-11223.1173475703
 42
0.4142135623730966
  0
TRACE
  5
AB6
330
2
100
AcDbEntity
  8
0
100
AcDbTrace
 10
26480.66668856296
 20
-11243.86145238616
 30
0.0
 11
26480.66668856296
 21
-11244.36145238616
 31
0.0
 12
26495.3907486618
 22
-11243.86145238616
 32
0.0
 13
26495.3907486618
 23
-11244.36145238616
 33
0.0
  0
TEXT
  5
AB7
330
2
100
AcDbEntity
  8
0
100
AcDbText
 10
26482.92937843814
 20
-11243.05285427983
 30
0.0
 40
4.0
  1
3--3
 41
0.7
100
AcDbText
  0
TEXT
  5
AB8
330
2
100
AcDbEntity
  8
0
100
AcDbText
 10
26351.95510914003
 20
-11247.99149468346
 30
0.0
 40
2.5
  1
585
 41
0.7
 72
     1
 11
26354.20510914003
 21
-11247.99149468346
 31
0.0
100
AcDbText
  0
TEXT
  5
AB9
330
2
100
AcDbEntity
  8
0
100
AcDbText
 10
26346.33010914003
 20
-11244.49149468346
 30
0.0
 40
2.5
  1
Q345L100X8
 41
0.7
 72
     1
 11
26354.20510914003
 21
-11244.49149468346
 31
0.0
100
AcDbText
  0
LINE
  5
ABA
330
2
100
AcDbEntity
  8
0
100
AcDbLine
 10
26346.33010914003
 20
-11244.99149468346
 30
0.0
 11
26362.08010914003
 21
-11244.99149468346
 31
0.0
  0
TEXT
  5
ABB
330
2
100
AcDbEntity
  8
0
100
AcDbText
 10
26337.83010914003
 20
-11246.49149468346
 30
0.0
 40
3.0
  1
418
 41
0.7
 72
     1
 11
26340.33010914003
 21
-11244.99149468346
 31
0.0
100
AcDbText
 73
     2
  0
CIRCLE
  5
ABC
330
2
100
AcDbEntity
  8
0
100
AcDbCircle
 10
26340.33010914003
 20
-11244.99149468346
 30
0.0
 40
4.0
  0
DIMENSION
  5
ABD
330
2
100
AcDbEntity
  8
3
100
AcDbDimension
280
     0
  2
*D71
 10
26333.33010914003
 20
-11172.25318457614
 30
0.0
 11
26331.08010914004
 21
-11173.75318459849
 31
0.0
  1
30
 71
     5
 42
60.00000089406967
 73
     0
 74
     0
 75
     0
  3
BZ$0
100
AcDbAlignedDimension
 13
26340.13010914003
 23
-11175.25318462084
 33
0.0
 14
26339.33010914003
 24
-11172.25318457614
 34
0.0
 50
90.0
100
AcDbRotatedDimension
  0
DIMENSION
  5
ACC
330
2
100
AcDbEntity
  8
3
100
AcDbDimension
280
     0
  2
*D72
 10
26333.33010914003
 20
-11175.25318462084
 30
0.0
 11
26331.08010914004
 21
-11184.25318475495
 31
0.0
  1
3X60
 71
     5
 42
360.000005364418
 73
     0
 74
     0
 75
     0
  3
BZ$0
100
AcDbAlignedDimension
 13
26340.13010914003
 23
-11193.25318488907
 33
0.0
 14
26340.13010914003
 24
-11175.25318462084
 34
0.0
 50
90.0
100
AcDbRotatedDimension
  0
DIMENSION
  5
AD9
330
2
100
AcDbEntity
  8
3
100
AcDbDimension
280
     0
  2
*D73
 10
26333.33010914003
 20
-11193.25318488907
 30
0.0
 11
26331.08010914004
 21
-11198.25318496357
 31
0.0
  1
100
 71
     5
 42
200.0000029802322
 73
     0
 74
     0
 75
     0
  3
BZ$0
100
AcDbAlignedDimension
 13
26340.13010914003
 23
-11203.25318503808
 33
0.0
 14
26340.13010914003
 24
-11193.25318488907
 34
0.0
 50
90.0
100
AcDbRotatedDimension
  0
DIMENSION
  5
AE6
330
2
100
AcDbEntity
  8
3
100
AcDbDimension
280
     0
  2
*D74
 10
26333.33010914003
 20
-11203.25318503808
 30
0.0
 11
26331.08010914004
 21
-11213.75318503807
 31
0.0
  1
3X70
 71
     5
 42
420.0
 73
     0
 74
     0
 75
     0
  3
BZ$0
100
AcDbAlignedDimension
 13
26340.13010914003
 23
-11224.25318503808
 33
0.0
 14
26340.13010914003
 24
-11203.25318503808
 34
0.0
 50
90.0
100
AcDbRotatedDimension
  0
DIMENSION
  5
AF3
330
2
100
AcDbEntity
  8
3
100
AcDbDimension
280
     0
  2
*D75
 10
26333.33010914003
 20
-11224.25318503808
 30
0.0
 11
26331.08010914004
 21
-11227.50318503807
 31
0.0
  1
65
 71
     5
 42
129.9999999999272
 73
     0
 74
     0
 75
     0
  3
BZ$0
100
AcDbAlignedDimension
 13
26339.33010914003
 23
-11230.75318503807
 33
0.0
 14
26340.13010914003
 24
-11224.25318503808
 34
0.0
 50
90.0
100
AcDbRotatedDimension
  0
DIMENSION
  5
B00
330
2
100
AcDbEntity
  8
3
100
AcDbDimension
280
     0
  2
*D76
 10
26369.1282720187
 20
-11172.25318457614
 30
0.0
 11
26366.8782720187
 21
-11201.5031848071
 31
0.0
  1
585
 71
     5
 42
1170.000009238647
 73
     0
 74
     0
 75
     0
  3
BZ$0
100
AcDbAlignedDimension
 13
26357.33010914003
 23
-11230.75318503807
 33
0.0
 14
26357.33010914003
 24
-11172.25318457614
 34
0.0
 50
90.0
100
AcDbRotatedDimension
  0
DIMENSION
  5
B0D
330
2
100
AcDbEntity
  8
3
100
AcDbDimension
280
     0
  2
*D77
 10
26348.33010914005
 20
-11237.75318503807
 30
0.0
 11
26345.48010914004
 21
-11235.50318503807
 31
0.0
  1
58
 71
     5
 42
114.0000000003056
 73
     0
 74
     0
 75
     0
  3
BZ$0
100
AcDbAlignedDimension
 13
26342.63010914003
 23
-11230.75318503808
 33
0.0
 14
26348.33010914005
 24
-11230.75318503807
 34
0.0
100
AcDbRotatedDimension
  0
DIMENSION
  5
B1A
330
2
100
AcDbEntity
  8
3
100
AcDbDimension
280
     0
  2
*D78
 10
26342.63010914003
 20
-11237.75318503807
 30
0.0
 11
26340.48010914004
 21
-11235.50318503807
 31
0.0
  1
42
 71
     5
 42
85.99999999969441
 73
     0
 74
     0
 75
     0
  3
BZ$0
100
AcDbAlignedDimension
 13
26338.33010914005
 23
-11230.75318503808
 33
0.0
 14
26342.63010914003
 24
-11230.75318503808
 34
0.0
100
AcDbRotatedDimension
  0
LINE
  5
B29
330
2
100
AcDbEntity
  8
5
100
AcDbLine
 10
26343.13010914003
 20
-11172.25318457614
 30
0.0
 11
26343.13010914003
 21
-11198.25318496357
 31
0.0
  0
LINE
  5
B2A
330
2
100
AcDbEntity
  8
5
100
AcDbLine
 10
26353.53010914003
 20
-11172.25318457614
 30
0.0
 11
26353.53010914003
 21
-11198.25318496357
 31
0.0
  0
LINE
  5
B2B
330
2
100
AcDbEntity
  8
5
100
AcDbLine
 10
26342.63010914003
 20
-11230.75318503808
 30
0.0
 11
26342.63010914004
 21
-11198.25318496357
 31
0.0
  0
LINE
  5
B2C
330
2
100
AcDbEntity
  8
5
100
AcDbLine
 10
26354.03010914003
 20
-11230.75318503807
 30
0.0
 11
26354.03010914003
 21
-11198.25318496357
 31
0.0
  0
INSERT
  5
B2D
330
2
100
AcDbEntity
  8
2
100
AcDbBlockReference
  2
M20X45
 10
26354.03010914003
 20
-11206.75318503808
 30
0.0
 41
7.5
 42
7.5
 43
7.5
  0
INSERT
  5
B2E
330
2
100
AcDbEntity
  8
2
100
AcDbBlockReference
  2
M20X45
 10
26354.03079425795
 20
-11213.75318503808
 30
0.0
 41
7.5
 42
7.5
 43
7.5
  0
INSERT
  5
B2F
330
2
100
AcDbEntity
  8
2
100
AcDbBlockReference
  2
M20X45
 10
26354.03010914003
 20
-11220.75318503808
 30
0.0
 41
7.5
 42
7.5
 43
7.5
  0
INSERT
  5
B30
330
2
100
AcDbEntity
  8
2
100
AcDbBlockReference
  2
M20X45
 10
26354.03010914003
 20
-11227.75318503808
 30
0.0
 41
7.5
 42
7.5
 43
7.5
  0
INSERT
  5
B31
330
2
100
AcDbEntity
  8
2
100
AcDbBlockReference
  2
M20X45
 10
26342.63010914003
 20
-11203.25318503808
 30
0.0
 41
7.5
 42
7.5
 43
7.5
  0
INSERT
  5
B32
330
2
100
AcDbEntity
  8
2
100
AcDbBlockReference
  2
M20X45
 10
26342.63010914004
 20
-11210.25318503808
 30
0.0
 41
7.5
 42
7.5
 43
7.5
  0
INSERT
  5
B33
330
2
100
AcDbEntity
  8
2
100
AcDbBlockReference
  2
M20X45
 10
26342.63010914004
 20
-11217.25318503808
 30
0.0
 41
7.5
 42
7.5
 43
7.5
  0
INSERT
  5
B34
330
2
100
AcDbEntity
  8
2
100
AcDbBlockReference
  2
M20X45
 10
26342.63010914003
 20
-11224.25318503808
 30
0.0
 41
7.5
 42
7.5
 43
7.5
  0
INSERT
  5
B35
330
2
100
AcDbEntity
  8
2
100
AcDbBlockReference
  2
M20X45
 10
26353.53010914003
 20
-11178.25318466555
 30
0.0
 41
7.5
 42
7.5
 43
7.5
  0
INSERT
  5
B36
330
2
100
AcDbEntity
  8
2
100
AcDbBlockReference
  2
M20X45
 10
26353.53010914003
 20
-11184.25318475496
 30
0.0
 41
7.5
 42
7.5
 43
7.5
  0
INSERT
  5
B37
330
2
100
AcDbEntity
  8
2
100
AcDbBlockReference
  2
M20X45
 10
26353.53010914003
 20
-11190.25318484436
 30
0.0
 41
7.5
 42
7.5
 43
7.5
  0
INSERT
  5
B38
330
2
100
AcDbEntity
  8
2
100
AcDbBlockReference
  2
M20X45
 10
26353.53010914003
 20
-11196.25318493377
 30
0.0
 41
7.5
 42
7.5
 43
7.5
  0
INSERT
  5
B39
330
2
100
AcDbEntity
  8
2
100
AcDbBlockReference
  2
M20X45
 10
26343.13010914003
 20
-11175.25318462084
 30
0.0
 41
7.5
 42
7.5
 43
7.5
  0
INSERT
  5
B3A
330
2
100
AcDbEntity
  8
2
100
AcDbBlockReference
  2
M20X45
 10
26343.13010914003
 20
-11181.25318471025
 30
0.0
 41
7.5
 42
7.5
 43
7.5
  0
INSERT
  5
B3B
330
2
100
AcDbEntity
  8
2
100
AcDbBlockReference
  2
M20X45
 10
26343.13010914003
 20
-11187.25318479966
 30
0.0
 41
7.5
 42
7.5
 43
7.5
  0
INSERT
  5
B3C
330
2
100
AcDbEntity
  8
2
100
AcDbBlockReference
  2
M20X45
 10
26343.13010914003
 20
-11193.25318488907
 30
0.0
 41
7.5
 42
7.5
 43
7.5
  0
LINE
  5
B3D
330
2
100
AcDbEntity
  8
1
100
AcDbLine
 10
26349.03010914003
 20
-11230.75318503807
 30
0.0
 11
26349.03010914003
 21
-11172.25318457614
 31
0.0
  0
LINE
  5
B3E
330
2
100
AcDbEntity
  8
1
100
AcDbLine
 10
26347.63010914003
 20
-11230.75318503808
 30
0.0
 11
26347.63010914003
 21
-11172.25318457614
 31
0.0
  0
LINE
  5
B3F
330
2
100
AcDbEntity
  8
0
100
AcDbLine
 10
26368.88892281838
 20
-11257.65757818166
 30
0.0
 11
26332.22008012581
 21
-11257.65757818166
 31
0.0
  0
LWPOLYLINE
  5
B40
330
2
100
AcDbEntity
  8
0
100
AcDbPolyline
 90
        2
 70
     0
 43
0.4
 10
26368.88892281838
 20
-11256.65757818167
 10
26332.22008012581
 20
-11256.65757818167
  0
TEXT
  5
B41
330
2
100
AcDbEntity
  8
0
100
AcDbText
 10
26338.96241087249
 20
-11255.61536229176
 30
0.0
 40
4.0
  1
\M+5CDE2\M+5B0FC\M+5B8D6\M+5B4F3\M+5D1F9\M+5CDBC
 41
0.7
 72
     1
 11
26350.02977929354
 21
-11253.61536229176
 31
0.0
100
AcDbText
 73
     2
  0
LINE
  5
B42
330
2
100
AcDbEntity
  8
8
100
AcDbLine
 10
26361.98254756974
 20
-11166.68032386991
 30
0.0
 11
26374.83161128078
 21
-11166.68071402931
 31
0.0
  0
TEXT
  5
B43
330
2
100
AcDbEntity
  8
1
 62
     1
100
AcDbText
 10
26362.49392340869
 20
-11165.95529665447
 30
0.0
 40
2.4999999375
  1
16%%C21.5\M+5BFD7
 50
359.9967563404934
 41
0.7
100
AcDbText
  0
LINE
  5
B44
330
2
100
AcDbEntity
  8
8
100
AcDbLine
 10
26353.53010914003
 20
-11178.25318466555
 30
0.0
 11
26361.98254756974
 21
-11166.68032386991
 31
0.0
  0
DIMENSION
  5
B45
330
2
100
AcDbEntity
  8
3
100
AcDbDimension
280
     0
  2
*D79
 10
26363.33010914003
 20
-11172.25318457614
 30
0.0
 11
26361.08010914004
 21
-11175.25318459849
 31
0.0
  1
60
 71
     5
 42
120.0000008940697
 73
     0
 74
     0
 75
     0
  3
BZ$0
100
AcDbAlignedDimension
 13
26356.53010914003
 23
-11178.25318462084
 33
0.0
 14
26357.33010914003
 24
-11172.25318457614
 34
0.0
 50
90.0
100
AcDbRotatedDimension
  0
DIMENSION
  5
B52
330
2
100
AcDbEntity
  8
3
100
AcDbDimension
280
     0
  2
*D80
 10
26363.33010914003
 20
-11178.25318462084
 30
0.0
 11
26361.08010914004
 21
-11187.25318475495
 31
0.0
  1
3X60
 71
     5
 42
360.000005364418
 73
     0
 74
     0
 75
     0
  3
BZ$0
100
AcDbAlignedDimension
 13
26356.53010914003
 23
-11196.25318488907
 33
0.0
 14
26356.53010914003
 24
-11178.25318462084
 34
0.0
 50
90.0
100
AcDbRotatedDimension
  0
DIMENSION
  5
B5F
330
2
100
AcDbEntity
  8
3
100
AcDbDimension
280
     0
  2
*D81
 10
26363.33010914003
 20
-11196.25318488907
 30
0.0
 11
26361.08010914004
 21
-11201.50318496357
 31
0.0
  1
105
 71
     5
 42
210.0000029802322
 73
     0
 74
     0
 75
     0
  3
BZ$0
100
AcDbAlignedDimension
 13
26356.53010914003
 23
-11206.75318503808
 33
0.0
 14
26356.53010914003
 24
-11196.25318488907
 34
0.0
 50
90.0
100
AcDbRotatedDimension
  0
DIMENSION
  5
B6C
330
2
100
AcDbEntity
  8
3
100
AcDbDimension
280
     0
  2
*D82
 10
26363.33010914003
 20
-11206.75318503808
 30
0.0
 11
26361.08010914004
 21
-11217.23563657168
 31
0.0
  1
3X70
 71
     5
 42
419.2980613440886
 73
     0
 74
     0
 75
     0
  3
BZ$0
100
AcDbAlignedDimension
 13
26356.53010914006
 23
-11227.71808810528
 33
0.0
 14
26356.53010914003
 24
-11206.75318503808
 34
0.0
 50
90.0
100
AcDbRotatedDimension
  0
DIMENSION
  5
B79
330
2
100
AcDbEntity
  8
3
100
AcDbDimension
280
     0
  2
*D83
 10
26363.33010914006
 20
-11227.71808810528
 30
0.0
 11
26361.08010914007
 21
-11229.21808814998
 31
0.0
  1
30
 71
     5
 42
60.00000178813934
 73
     0
 74
     0
 75
     0
  3
BZ$0
100
AcDbAlignedDimension
 13
26357.33010914006
 23
-11230.71808819469
 33
0.0
 14
26356.53010914006
 24
-11227.71808810528
 34
0.0
 50
90.0
100
AcDbRotatedDimension
  0
DIMENSION
  5
B88
330
2
100
AcDbEntity
  8
3
100
AcDbDimension
280
     0
  2
*D84
 10
26348.33010914003
 20
-11169.25318453144
 30
0.0
 11
26345.73010914003
 21
-11167.00318453144
 31
0.0
  1
43
 71
     5
 42
104.0000000000146
 73
     0
 74
     0
 75
     0
  3
BZ$0
100
AcDbAlignedDimension
 13
26343.13010914003
 23
-11172.25318457614
 33
0.0
 14
26348.33010914003
 24
-11176.25318453144
 34
0.0
100
AcDbRotatedDimension
  0
DIMENSION
  5
B95
330
2
100
AcDbEntity
  8
3
100
AcDbDimension
280
     0
  2
*D85
 10
26348.33010914003
 20
-11169.25318453144
 30
0.0
 11
26350.93010914003
 21
-11167.00318453144
 31
0.0
  1
43
 71
     5
 42
104.0000000000873
 73
     0
 74
     0
 75
     0
  3
BZ$0
100
AcDbAlignedDimension
 13
26353.53010914003
 23
-11172.25318457614
 33
0.0
 14
26348.33010914003
 24
-11176.25318453144
 34
0.0
 50
180.0
100
AcDbRotatedDimension
  0
DIMENSION
  5
BA2
330
2
100
AcDbEntity
  8
3
100
AcDbDimension
280
     0
  2
*D86
 10
26343.13010914003
 20
-11169.25318453144
 30
0.0
 11
26340.73010914003
 21
-11167.00318453144
 31
0.0
  1
47
 71
     5
 42
95.99999999998545
 73
     0
 74
     0
 75
     0
  3
BZ$0
100
AcDbAlignedDimension
 13
26338.33010914003
 23
-11176.25318453143
 33
0.0
 14
26343.13010914003
 24
-11172.25318457614
 34
0.0
100
AcDbRotatedDimension
  0
DIMENSION
  5
BB1
330
2
100
AcDbEntity
  8
3
100
AcDbDimension
280
     0
  2
*D87
 10
26353.53010914003
 20
-11169.25318453144
 30
0.0
 11
26355.93010914003
 21
-11167.00318453144
 31
0.0
  1
47
 71
     5
 42
95.99999999991269
 73
     0
 74
     0
 75
     0
  3
BZ$0
100
AcDbAlignedDimension
 13
26358.33010914003
 23
-11172.25318457614
 33
0.0
 14
26353.53010914003
 24
-11172.25318457614
 34
0.0
 50
180.0
100
AcDbRotatedDimension
  0
DIMENSION
  5
BC0
330
2
100
AcDbEntity
  8
0
100
AcDbDimension
280
     0
  2
*D91
 10
26338.33010914003
 20
-11163.45811499834
 30
0.0
 11
26343.33010914003
 21
-11161.20811499834
 31
0.0
  1
100
 71
     5
 42
200.0
 73
     0
 74
     0
 75
     0
  3
BZ$0
100
AcDbAlignedDimension
 13
26348.33010914003
 23
-11172.25318457614
 33
0.0
 14
26338.33010914003
 24
-11172.25318457614
 34
0.0
100
AcDbRotatedDimension
  0
DIMENSION
  5
BCD
330
2
100
AcDbEntity
  8
0
100
AcDbDimension
280
     0
  2
*D88
 10
26358.33010914002
 20
-11163.45811499834
 30
0.0
 11
26353.33010914002
 21
-11161.20811499834
 31
0.0
  1
100
 71
     5
 42
200.0
 73
     0
 74
     0
 75
     0
  3
BZ$0
100
AcDbAlignedDimension
 13
26348.33010914002
 23
-11172.25318457614
 33
0.0
 14
26358.33010914002
 24
-11172.25318457614
 34
0.0
 50
180.0
100
AcDbRotatedDimension
  0
LWPOLYLINE
  5
BDA
330
2
100
AcDbEntity
  8
0
100
AcDbPolyline
 90
        2
 70
     0
 43
0.25
 10
26338.33010914005
 20
-11230.75318503808
 10
26358.33010914005
 20
-11230.75318503807
  0
LWPOLYLINE
  5
BDB
330
2
100
AcDbEntity
  8
0
100
AcDbPolyline
 90
        2
 70
     0
 43
0.25
 10
26358.33010914003
 20
-11172.25318457614
 10
26358.33010914003
 20
-11230.75318503807
  0
LWPOLYLINE
  5
BDC
330
2
100
AcDbEntity
  8
0
100
AcDbPolyline
 90
        2
 70
     0
 43
0.25
 10
26348.33010914003
 20
-11230.75318503807
 10
26348.33010914003
 20
-11172.25318457614
  0
LWPOLYLINE
  5
BDD
330
2
100
AcDbEntity
  8
0
100
AcDbPolyline
 90
        2
 70
     0
 43
0.25
 10
26338.33010914003
 20
-11172.25318457614
 10
26338.33010914003
 20
-11230.75318503808
  0
LWPOLYLINE
  5
BDE
330
2
100
AcDbEntity
  8
0
100
AcDbPolyline
 90
        2
 70
     0
 43
0.25
 10
26358.33010914002
 20
-11172.25318457614
 10
26348.33010914003
 20
-11172.25318457614
  0
LWPOLYLINE
  5
BDF
330
2
100
AcDbEntity
  8
0
100
AcDbPolyline
 90
        2
 70
     0
 43
0.25
 10
26348.33010914003
 20
-11172.25318457614
 10
26338.33010914002
 20
-11172.25318457614
  0
DIMENSION
  5
BE0
330
2
100
AcDbEntity
  8
3
100
AcDbDimension
280
     0
  2
*D89
 10
26348.33010914006
 20
-11237.75318503807
 30
0.0
 11
26351.18010914004
 21
-11235.50318503807
 31
0.0
  1
58
 71
     5
 42
113.9999999994325
 73
     0
 74
     0
 75
     0
  3
BZ$0
100
AcDbAlignedDimension
 13
26354.03010914003
 23
-11230.75318503807
 33
0.0
 14
26348.33010914006
 24
-11230.75318503807
 34
0.0
 50
180.0
100
AcDbRotatedDimension
  0
DIMENSION
  5
BED
330
2
100
AcDbEntity
  8
3
100
AcDbDimension
280
     0
  2
*D90
 10
26354.03010914003
 20
-11237.75318503807
 30
0.0
 11
26356.18010914004
 21
-11235.50318503807
 31
0.0
  1
42
 71
     5
 42
86.00000000056752
 73
     0
 74
     0
 75
     0
  3
BZ$0
100
AcDbAlignedDimension
 13
26358.33010914006
 23
-11230.75318503808
 33
0.0
 14
26354.03010914003
 24
-11230.75318503807
 34
0.0
 50
180.0
100
AcDbRotatedDimension
  0
TEXT
  5
BFC
330
2
100
AcDbEntity
  8
0
100
AcDbText
 10
26651.74766243224
 20
-11334.83773401471
 30
0.0
 40
4.0
  1
\M+5BCC6
 41
0.7
100
AcDbText
  0
TEXT
  5
BFD
330
2
100
AcDbEntity
  8
0
100
AcDbText
 10
26631.74766243224
 20
-11334.83773401471
 30
0.0
 40
4.0
  1
\M+5BACF
 41
0.7
100
AcDbText
  0
TEXT
  5
BFE
330
2
100
AcDbEntity
  8
0
100
AcDbText
 10
26632.94766243224
 20
-11323.83773401471
 30
0.0
 40
3.8
  1
Q235
 41
0.7
100
AcDbText
  0
TEXT
  5
BFF
330
2
100
AcDbEntity
  8
0
100
AcDbText
 10
26624.74766243224
 20
-11321.33773401471
 30
0.0
 40
4.0
  1
\M+5B5E6
 41
0.7
100
AcDbText
  0
TEXT
  5
C00
330
2
100
AcDbEntity
  8
0
100
AcDbText
 10
26624.74766243224
 20
-11312.83773401471
 30
0.0
 40
4.0
  1
\M+5B6A4
 41
0.7
100
AcDbText
  0
TEXT
  5
C01
330
2
100
AcDbEntity
  8
0
100
AcDbText
 10
26624.74766243224
 20
-11304.83773401471
 30
0.0
 40
4.0
  1
\M+5BDC5
 41
0.7
100
AcDbText
  0
TEXT
  5
C02
330
2
100
AcDbEntity
  8
0
100
AcDbText
 10
26624.74766243224
 20
-11291.83773401471
 30
0.0
 40
4.0
  1
\M+5CBA8
 41
0.7
100
AcDbText
  0
TEXT
  5
C03
330
2
100
AcDbEntity
  8
0
100
AcDbText
 10
26624.74766243224
 20
-11326.33773401471
 30
0.0
 40
4.0
  1
\M+5C8A6
 41
0.7
100
AcDbText
  0
TEXT
  5
C04
330
2
100
AcDbEntity
  8
0
100
AcDbText
 10
26702.74766243224
 20
-11250.83773401471
 30
0.0
 40
3.0
  1
(kg)
 41
0.7
100
AcDbText
  0
LINE
  5
C05
330
2
100
AcDbEntity
  8
0
100
AcDbLine
 10
26621.74766243224
 20
-11337.83773401471
 30
0.0
 11
26741.74766243224
 21
-11337.83773401471
 31
0.0
  0
LINE
  5
C06
330
2
100
AcDbEntity
  8
0
100
AcDbLine
 10
26643.74766243224
 20
-11240.83773401471
 30
0.0
 11
26643.74766243224
 21
-11327.83773401471
 31
0.0
  0
LINE
  5
C07
330
2
100
AcDbEntity
  8
0
100
AcDbLine
 10
26741.74766243224
 20
-11225.83773401471
 30
0.0
 11
26741.74766243224
 21
-11337.83773401471
 31
0.0
  0
LINE
  5
C08
330
2
100
AcDbEntity
  8
0
100
AcDbLine
 10
26711.74766243224
 20
-11240.83773401471
 30
0.0
 11
26711.74766243224
 21
-11327.83773401471
 31
0.0
  0
LINE
  5
C09
330
2
100
AcDbEntity
  8
0
100
AcDbLine
 10
26691.74766243224
 20
-11240.83773401471
 30
0.0
 11
26691.74766243224
 21
-11327.83773401471
 31
0.0
  0
LINE
  5
C0A
330
2
100
AcDbEntity
  8
0
100
AcDbLine
 10
26681.74766243224
 20
-11240.83773401471
 30
0.0
 11
26681.74766243224
 21
-11327.83773401471
 31
0.0
  0
LINE
  5
C0B
330
2
100
AcDbEntity
  8
0
100
AcDbLine
 10
26666.74766243224
 20
-11240.83773401471
 30
0.0
 11
26666.74766243224
 21
-11337.83773401471
 31
0.0
  0
LINE
  5
C0C
330
2
100
AcDbEntity
  8
0
100
AcDbLine
 10
26631.74766243224
 20
-11240.83773401471
 30
0.0
 11
26631.74766243224
 21
-11327.83773401471
 31
0.0
  0
LINE
  5
C0D
330
2
100
AcDbEntity
  8
0
100
AcDbLine
 10
26621.74766243224
 20
-11225.83773401471
 30
0.0
 11
26621.74766243224
 21
-11337.83773401471
 31
0.0
  0
LINE
  5
C0E
330
2
100
AcDbEntity
  8
0
100
AcDbLine
 10
26669.24766243224
 20
-11322.73965780336
 30
0.0
 11
26678.24766243224
 21
-11322.73965780336
 31
0.0
  0
LINE
  5
C0F
330
2
100
AcDbEntity
  8
0
100
AcDbLine
 10
26667.74766243224
 20
-11325.33773401471
 30
0.0
 11
26669.24766243224
 21
-11322.73965780336
 31
0.0
  0
LINE
  5
C10
330
2
100
AcDbEntity
  8
0
100
AcDbLine
 10
26676.24766243224
 20
-11307.83773401471
 30
0.0
 11
26676.24766243224
 21
-11311.83773401471
 31
0.0
  0
LINE
  5
C11
330
2
100
AcDbEntity
  8
0
100
AcDbLine
 10
26676.24766243224
 20
-11309.83773401471
 30
0.0
 11
26676.24766243224
 21
-11307.83773401471
 31
0.0
  0
LINE
  5
C12
330
2
100
AcDbEntity
  8
0
100
AcDbLine
 10
26671.24766243224
 20
-11309.83773401471
 30
0.0
 11
26676.24766243224
 21
-11309.83773401471
 31
0.0
  0
LINE
  5
C13
330
2
100
AcDbEntity
  8
0
100
AcDbLine
 10
26673.74766243224
 20
-11303.83773401471
 30
0.0
 11
26673.74766243224
 21
-11306.23773401471
 31
0.0
  0
LINE
  5
C14
330
2
100
AcDbEntity
  8
0
100
AcDbLine
 10
26671.34766243224
 20
-11303.83773401471
 30
0.0
 11
26676.14766243224
 21
-11303.83773401471
 31
0.0
  0
CIRCLE
  5
C15
330
2
100
AcDbEntity
  8
0
100
AcDbCircle
 10
26673.74766243224
 20
-11303.83773401471
 30
0.0
 40
2.4
  0
LINE
  5
C16
330
2
100
AcDbEntity
  8
0
100
AcDbLine
 10
26621.74766243224
 20
-11327.83773401471
 30
0.0
 11
26741.74766243224
 21
-11327.83773401471
 31
0.0
  0
LINE
  5
C17
330
2
100
AcDbEntity
  8
0
100
AcDbLine
 10
26681.74766243224
 20
-11321.83773401471
 30
0.0
 11
26741.74766243224
 21
-11321.83773401471
 31
0.0
  0
LINE
  5
C18
330
2
100
AcDbEntity
  8
0
100
AcDbLine
 10
26643.74766243224
 20
-11321.83773401471
 30
0.0
 11
26666.74766243224
 21
-11321.83773401471
 31
0.0
  0
LINE
  5
C19
330
2
100
AcDbEntity
  8
0
100
AcDbLine
 10
26621.74766243224
 20
-11315.83773401471
 30
0.0
 11
26741.74766243224
 21
-11315.83773401471
 31
0.0
  0
LINE
  5
C1A
330
2
100
AcDbEntity
  8
0
100
AcDbLine
 10
26681.74766243224
 20
-11309.83773401471
 30
0.0
 11
26741.74766243224
 21
-11309.83773401471
 31
0.0
  0
LINE
  5
C1B
330
2
100
AcDbEntity
  8
0
100
AcDbLine
 10
26643.74766243224
 20
-11309.83773401471
 30
0.0
 11
26666.74766243224
 21
-11309.83773401471
 31
0.0
  0
LINE
  5
C1C
330
2
100
AcDbEntity
  8
0
100
AcDbLine
 10
26681.74766243224
 20
-11303.83773401471
 30
0.0
 11
26741.74766243224
 21
-11303.83773401471
 31
0.0
  0
LINE
  5
C1D
330
2
100
AcDbEntity
  8
0
100
AcDbLine
 10
26643.74766243224
 20
-11303.83773401471
 30
0.0
 11
26666.74766243224
 21
-11303.83773401471
 31
0.0
  0
LINE
  5
C1E
330
2
100
AcDbEntity
  8
0
100
AcDbLine
 10
26621.74766243224
 20
-11297.83773401471
 30
0.0
 11
26741.74766243224
 21
-11297.83773401471
 31
0.0
  0
LINE
  5
C1F
330
2
100
AcDbEntity
  8
0
100
AcDbLine
 10
26643.74766243224
 20
-11291.83773401471
 30
0.0
 11
26741.74766243224
 21
-11291.83773401471
 31
0.0
  0
LINE
  5
C20
330
2
100
AcDbEntity
  8
0
100
AcDbLine
 10
26643.74766243224
 20
-11285.83773401471
 30
0.0
 11
26741.74766243224
 21
-11285.83773401471
 31
0.0
  0
LINE
  5
C21
330
2
100
AcDbEntity
  8
0
100
AcDbLine
 10
26643.74766243224
 20
-11279.83773401471
 30
0.0
 11
26741.74766243224
 21
-11279.83773401471
 31
0.0
  0
LINE
  5
C22
330
2
100
AcDbEntity
  8
0
100
AcDbLine
 10
26643.74766243224
 20
-11273.83773401471
 30
0.0
 11
26741.74766243224
 21
-11273.83773401471
 31
0.0
  0
LINE
  5
C23
330
2
100
AcDbEntity
  8
0
100
AcDbLine
 10
26643.74766243224
 20
-11267.83773401471
 30
0.0
 11
26741.74766243224
 21
-11267.83773401471
 31
0.0
  0
LINE
  5
C24
330
2
100
AcDbEntity
  8
0
100
AcDbLine
 10
26643.74766243224
 20
-11261.83773401471
 30
0.0
 11
26741.74766243224
 21
-11261.83773401471
 31
0.0
  0
TEXT
  5
C25
330
2
100
AcDbEntity
  8
0
100
AcDbText
 10
26676.74766243224
 20
-11333.83773401471
 30
0.0
 40
3.0
  1
 74.6 kg
 41
0.7
100
AcDbText
  0
TEXT
  5
C26
330
2
100
AcDbEntity
  8
0
100
AcDbText
 10
26704.44766243224
 20
-11308.33773401471
 30
0.0
 40
3.0
  1
0.6
 41
0.7
 72
     2
 11
26708.74766243224
 21
-11308.33773401471
 31
0.0
100
AcDbText
  0
TEXT
  5
C27
330
2
100
AcDbEntity
  8
0
100
AcDbText
 10
26686.49766243224
 20
-11308.33773401471
 30
0.0
 40
3.0
  1
1
 41
0.7
 72
     1
 11
26686.74766243224
 21
-11308.33773401471
 31
0.0
100
AcDbText
  0
TEXT
  5
C28
330
2
100
AcDbEntity
  8
0
100
AcDbText
 10
26645.14766243224
 20
-11308.33773401471
 30
0.0
 40
3.0
  1
M20X200
 41
0.7
100
AcDbText
  0
TEXT
  5
C29
330
2
100
AcDbEntity
  8
0
100
AcDbText
 10
26704.34766243224
 20
-11302.33773401471
 30
0.0
 40
3.0
  1
5.5
 41
0.7
 72
     2
 11
26708.74766243224
 21
-11302.33773401471
 31
0.0
100
AcDbText
  0
TEXT
  5
C2A
330
2
100
AcDbEntity
  8
0
100
AcDbText
 10
26685.24766243224
 20
-11302.33773401471
 30
0.0
 40
3.0
  1
17
 41
0.7
 72
     1
 11
26686.74766243224
 21
-11302.33773401471
 31
0.0
100
AcDbText
  0
TEXT
  5
C2B
330
2
100
AcDbEntity
  8
0
100
AcDbText
 10
26645.14766243224
 20
-11302.33773401471
 30
0.0
 40
3.0
  1
M16X180
 41
0.7
100
AcDbText
  0
TEXT
  5
C2C
330
2
100
AcDbEntity
  8
0
100
AcDbText
 10
26704.34766243224
 20
-11320.33773401471
 30
0.0
 40
3.0
  1
0.5
 41
0.7
 72
     2
 11
26708.74766243224
 21
-11320.33773401471
 31
0.0
100
AcDbText
  0
TEXT
  5
C2D
330
2
100
AcDbEntity
  8
0
100
AcDbText
 10
26685.04766243224
 20
-11320.33773401471
 30
0.0
 40
3.0
  1
48
 41
0.7
 72
     1
 11
26686.74766243224
 21
-11320.33773401471
 31
0.0
100
AcDbText
  0
TEXT
  5
C2E
330
2
100
AcDbEntity
  8
0
100
AcDbText
 10
26702.74766243224
 20
-11278.33773401471
 30
0.0
 40
3.0
  1
17.3
 41
0.7
 72
     2
 11
26708.74766243224
 21
-11278.33773401471
 31
0.0
100
AcDbText
  0
TEXT
  5
C2F
330
2
100
AcDbEntity
  8
0
100
AcDbText
 10
26684.99766243224
 20
-11278.33773401471
 30
0.0
 40
3.0
  1
64
 41
0.7
 72
     1
 11
26686.74766243224
 21
-11278.33773401471
 31
0.0
100
AcDbText
  0
INSERT
  5
C30
330
2
100
AcDbEntity
  8
0
100
AcDbBlockReference
  2
M20X45
 10
26673.74766243224
 20
-11276.83773401471
 30
0.0
 41
10.0
 42
10.0
 43
10.0
  0
TEXT
  5
C31
330
2
100
AcDbEntity
  8
0
100
AcDbText
 10
26645.14766243224
 20
-11278.33773401471
 30
0.0
 40
3.0
  1
M20X45
 41
0.7
100
AcDbText
  0
TEXT
  5
C32
330
2
100
AcDbEntity
  8
0
100
AcDbText
 10
26704.64766243224
 20
-11272.33773401471
 30
0.0
 40
3.0
  1
1.4
 41
0.7
 72
     2
 11
26708.74766243224
 21
-11272.33773401471
 31
0.0
100
AcDbText
  0
TEXT
  5
C33
330
2
100
AcDbEntity
  8
0
100
AcDbText
 10
26686.04766243224
 20
-11272.33773401471
 30
0.0
 40
3.0
  1
8
 41
0.7
 72
     1
 11
26686.74766243224
 21
-11272.33773401471
 31
0.0
100
AcDbText
  0
INSERT
  5
C34
330
2
100
AcDbEntity
  8
0
100
AcDbBlockReference
  2
M16X60
 10
26673.74766243224
 20
-11270.83773401471
 30
0.0
 41
10.0
 42
10.0
 43
10.0
  0
TEXT
  5
C35
330
2
100
AcDbEntity
  8
0
100
AcDbText
 10
26645.14766243224
 20
-11272.33773401471
 30
0.0
 40
3.0
  1
M16X60
 41
0.7
100
AcDbText
  0
TEXT
  5
C36
330
2
100
AcDbEntity
  8
0
100
AcDbText
 10
26702.34766243224
 20
-11266.33773401471
 30
0.0
 40
3.0
  1
20.5
 41
0.7
 72
     2
 11
26708.74766243224
 21
-11266.33773401471
 31
0.0
100
AcDbText
  0
TEXT
  5
C37
330
2
100
AcDbEntity
  8
0
100
AcDbText
 10
26684.24766243224
 20
-11266.33773401471
 30
0.0
 40
3.0
  1
128
 41
0.7
 72
     1
 11
26686.74766243224
 21
-11266.33773401471
 31
0.0
100
AcDbText
  0
INSERT
  5
C38
330
2
100
AcDbEntity
  8
0
100
AcDbBlockReference
  2
M16X50
 10
26673.74766243224
 20
-11264.83773401471
 30
0.0
 41
10.0
 42
10.0
 43
10.0
  0
TEXT
  5
C39
330
2
100
AcDbEntity
  8
0
100
AcDbText
 10
26645.14766243224
 20
-11266.33773401471
 30
0.0
 40
3.0
  1
M16X50
 41
0.7
100
AcDbText
  0
TEXT
  5
C3A
330
2
100
AcDbEntity
  8
0
100
AcDbText
 10
26702.34766243224
 20
-11260.33773401471
 30
0.0
 40
3.0
  1
28.8
 41
0.7
 72
     2
 11
26708.74766243224
 21
-11260.33773401471
 31
0.0
100
AcDbText
  0
TEXT
  5
C3B
330
2
100
AcDbEntity
  8
0
100
AcDbText
 10
26684.04766243224
 20
-11260.33773401471
 30
0.0
 40
3.0
  1
200
 41
0.7
 72
     1
 11
26686.74766243224
 21
-11260.33773401471
 31
0.0
100
AcDbText
  0
INSERT
  5
C3C
330
2
100
AcDbEntity
  8
0
100
AcDbBlockReference
  2
M16X40
 10
26673.74766243224
 20
-11258.83773401471
 30
0.0
 41
10.0
 42
10.0
 43
10.0
  0
TEXT
  5
C3D
330
2
100
AcDbEntity
  8
0
100
AcDbText
 10
26645.14766243224
 20
-11260.33773401471
 30
0.0
 40
3.0
  1
M16X40
 41
0.7
100
AcDbText
  0
TEXT
  5
C3E
330
2
100
AcDbEntity
  8
0
100
AcDbText
 10
26635.74766243224
 20
-11253.33773401471
 30
0.0
 40
4.0
  1
\M+5B1F0
 41
0.7
100
AcDbText
  0
TEXT
  5
C3F
330
2
100
AcDbEntity
  8
0
100
AcDbText
 10
26635.74766243224
 20
-11247.33773401471
 30
0.0
 40
4.0
  1
\M+5BCB6
 41
0.7
100
AcDbText
  0
TEXT
  5
C40
330
2
100
AcDbEntity
  8
0
100
AcDbText
 10
26730.74766243224
 20
-11250.83773401471
 30
0.0
 40
4.0
  1
\M+5D7A2
 41
0.7
100
AcDbText
  0
TEXT
  5
C41
330
2
100
AcDbEntity
  8
0
100
AcDbText
 10
26624.74766243224
 20
-11265.83773401471
 30
0.0
 40
4.0
  1
\M+5C2DD
 41
0.7
100
AcDbText
  0
TEXT
  5
C42
330
2
100
AcDbEntity
  8
0
100
AcDbText
 10
26684.74766243224
 20
-11236.83773401471
 30
0.0
 40
6.0
  1
\M+5C8A6
 41
0.7
100
AcDbText
  0
TEXT
  5
C43
330
2
100
AcDbEntity
  8
0
100
AcDbText
 10
26677.74766243224
 20
-11236.83773401471
 30
0.0
 40
6.0
  1
\M+5B5E6
 41
0.7
100
AcDbText
  0
TEXT
  5
C44
330
2
100
AcDbEntity
  8
0
100
AcDbText
 10
26667.74766243224
 20
-11236.83773401471
 30
0.0
 40
6.0
  1
\M+5B6A4
 41
0.7
100
AcDbText
  0
TEXT
  5
C45
330
2
100
AcDbEntity
  8
0
100
AcDbText
 10
26660.74766243224
 20
-11236.83773401471
 30
0.0
 40
6.0
  1
\M+5BDC5
 41
0.7
100
AcDbText
  0
TEXT
  5
C46
330
2
100
AcDbEntity
  8
0
100
AcDbText
 10
26649.74766243224
 20
-11236.83773401471
 30
0.0
 40
6.0
  1
\M+5CBA8
 41
0.7
100
AcDbText
  0
TEXT
  5
C47
330
2
100
AcDbEntity
  8
0
100
AcDbText
 10
26642.74766243224
 20
-11236.83773401471
 30
0.0
 40
6.0
  1
\M+5C2DD
 41
0.7
100
AcDbText
  0
TEXT
  5
C48
330
2
100
AcDbEntity
  8
0
100
AcDbText
 10
26675.74766243224
 20
-11250.83773401471
 30
0.0
 40
4.0
  1
\M+5BAC5
 41
0.7
100
AcDbText
  0
TEXT
  5
C49
330
2
100
AcDbEntity
  8
0
100
AcDbText
 10
26669.74766243224
 20
-11250.83773401471
 30
0.0
 40
4.0
  1
\M+5B7FB
 41
0.7
100
AcDbText
  0
TEXT
  5
C4A
330
2
100
AcDbEntity
  8
0
100
AcDbText
 10
26624.74766243224
 20
-11253.33773401471
 30
0.0
 40
4.0
  1
\M+5B3C6
 41
0.7
100
AcDbText
  0
TEXT
  5
C4B
330
2
100
AcDbEntity
  8
0
100
AcDbText
 10
26624.74766243224
 20
-11247.33773401471
 30
0.0
 40
4.0
  1
\M+5C3FB
 41
0.7
100
AcDbText
  0
TEXT
  5
C4C
330
2
100
AcDbEntity
  8
0
100
AcDbText
 10
26705.74766243224
 20
-11236.83773401471
 30
0.0
 40
6.0
  1
\M+5B1ED
 41
0.7
100
AcDbText
  0
TEXT
  5
C4D
330
2
100
AcDbEntity
  8
0
100
AcDbText
 10
26698.74766243224
 20
-11236.83773401471
 30
0.0
 40
6.0
  1
\M+5CFB8
 41
0.7
100
AcDbText
  0
TEXT
  5
C4E
330
2
100
AcDbEntity
  8
0
100
AcDbText
 10
26691.74766243224
 20
-11236.83773401471
 30
0.0
 40
6.0
  1
\M+5C3F7
 41
0.7
100
AcDbText
  0
TEXT
  5
C4F
330
2
100
AcDbEntity
  8
0
100
AcDbText
 10
26719.74766243224
 20
-11250.83773401471
 30
0.0
 40
4.0
  1
\M+5B1B8
 41
0.7
100
AcDbText
  0
TEXT
  5
C50
330
2
100
AcDbEntity
  8
0
100
AcDbText
 10
26693.74766243224
 20
-11250.83773401471
 30
0.0
 40
4.0
  1
\M+5D6D8
 41
0.7
100
AcDbText
  0
TEXT
  5
C51
330
2
100
AcDbEntity
  8
0
100
AcDbText
 10
26698.74766243224
 20
-11250.83773401471
 30
0.0
 40
4.0
  1
\M+5C1BF
 41
0.7
100
AcDbText
  0
TEXT
  5
C52
330
2
100
AcDbEntity
  8
0
100
AcDbText
 10
26684.74766243224
 20
-11253.33773401471
 30
0.0
 40
4.0
  1
\M+5C1BF
 41
0.7
100
AcDbText
  0
TEXT
  5
C53
330
2
100
AcDbEntity
  8
0
100
AcDbText
 10
26684.74766243224
 20
-11247.33773401471
 30
0.0
 40
4.0
  1
\M+5CAFD
 41
0.7
100
AcDbText
  0
TEXT
  5
C54
330
2
100
AcDbEntity
  8
0
100
AcDbText
 10
26657.74766243224
 20
-11250.83773401471
 30
0.0
 40
4.0
  1
\M+5B8F1
 41
0.7
100
AcDbText
  0
TEXT
  5
C55
330
2
100
AcDbEntity
  8
0
100
AcDbText
 10
26648.74766243224
 20
-11250.83773401471
 30
0.0
 40
4.0
  1
\M+5B9E6
 41
0.7
100
AcDbText
  0
LINE
  5
C56
330
2
100
AcDbEntity
  8
0
100
AcDbLine
 10
26656.74766243224
 20
-11235.83773401471
 30
0.0
 11
26657.13333499805
 21
-11236.29736068058
 31
0.0
  0
LINE
  5
C57
330
2
100
AcDbEntity
  8
0
100
AcDbLine
 10
26674.74766243224
 20
-11235.83773401471
 30
0.0
 11
26675.13333499805
 21
-11236.29736068058
 31
0.0
  0
LINE
  5
C58
330
2
100
AcDbEntity
  8
0
100
AcDbLine
 10
26741.74766243224
 20
-11240.83773401471
 30
0.0
 11
26621.74766243224
 21
-11240.83773401471
 31
0.0
  0
LINE
  5
C59
330
2
100
AcDbEntity
  8
0
100
AcDbLine
 10
26621.74766243224
 20
-11255.83773401471
 30
0.0
 11
26741.74766243224
 21
-11255.83773401471
 31
0.0
  0
TEXT
  5
C5A
330
2
100
AcDbEntity
  8
0
100
AcDbText
 10
26676.74766243224
 20
-11222.83773401471
 30
0.0
 40
3.0
  1
 886.8 kg
 41
0.7
100
AcDbText
  0
TEXT
  5
C5B
330
2
100
AcDbEntity
  8
0
100
AcDbText
 10
26641.74766243224
 20
-11222.83773401471
 30
0.0
 40
4.0
  1
\M+5BCC6
 41
0.7
100
AcDbText
  0
LINE
  5
C5C
330
2
100
AcDbEntity
  8
0
100
AcDbLine
 10
26741.74766243224
 20
-11215.83773401471
 30
0.0
 11
26741.74766243224
 21
-11225.83773401471
 31
0.0
  0
LINE
  5
C5D
330
2
100
AcDbEntity
  8
0
100
AcDbLine
 10
26621.74766243224
 20
-11225.83773401471
 30
0.0
 11
26741.74766243224
 21
-11225.83773401471
 31
0.0
  0
LINE
  5
C5E
330
2
100
AcDbEntity
  8
0
100
AcDbLine
 10
26656.74766243224
 20
-11215.83773401471
 30
0.0
 11
26656.74766243224
 21
-11225.83773401471
 31
0.0
  0
LINE
  5
C5F
330
2
100
AcDbEntity
  8
0
100
AcDbLine
 10
26621.74766243224
 20
-11215.83773401471
 30
0.0
 11
26621.74766243224
 21
-11225.83773401471
 31
0.0
  0
LINE
  5
C60
330
2
100
AcDbEntity
  8
0
100
AcDbLine
 10
26741.74766243224
 20
-10999.83773401471
 30
0.0
 11
26741.74766243224
 21
-11215.83773401471
 31
0.0
  0
LINE
  5
C61
330
2
100
AcDbEntity
  8
0
100
AcDbLine
 10
26711.74766243224
 20
-11014.83773401471
 30
0.0
 11
26711.74766243224
 21
-11215.83773401471
 31
0.0
  0
LINE
  5
C62
330
2
100
AcDbEntity
  8
0
100
AcDbLine
 10
26696.74766243224
 20
-11022.33773401471
 30
0.0
 11
26696.74766243224
 21
-11215.83773401471
 31
0.0
  0
LINE
  5
C63
330
2
100
AcDbEntity
  8
0
100
AcDbLine
 10
26681.74766243224
 20
-11014.83773401471
 30
0.0
 11
26681.74766243224
 21
-11215.83773401471
 31
0.0
  0
LINE
  5
C64
330
2
100
AcDbEntity
  8
0
100
AcDbLine
 10
26671.74766243224
 20
-11014.83773401471
 30
0.0
 11
26671.74766243224
 21
-11215.83773401471
 31
0.0
  0
LINE
  5
C65
330
2
100
AcDbEntity
  8
0
100
AcDbLine
 10
26656.74766243224
 20
-11014.83773401471
 30
0.0
 11
26656.74766243224
 21
-11215.83773401471
 31
0.0
  0
LINE
  5
C66
330
2
100
AcDbEntity
  8
0
100
AcDbLine
 10
26631.74766243224
 20
-11014.83773401471
 30
0.0
 11
26631.74766243224
 21
-11215.83773401471
 31
0.0
  0
LINE
  5
C67
330
2
100
AcDbEntity
  8
0
100
AcDbLine
 10
26621.74766243224
 20
-10999.83773401471
 30
0.0
 11
26621.74766243224
 21
-11215.83773401471
 31
0.0
  0
LINE
  5
C68
330
2
100
AcDbEntity
  8
0
100
AcDbLine
 10
26621.74766243224
 20
-11215.83773401471
 30
0.0
 11
26741.74766243224
 21
-11215.83773401471
 31
0.0
  0
LINE
  5
C69
330
2
100
AcDbEntity
  8
0
100
AcDbLine
 10
26621.74766243224
 20
-11209.83773401471
 30
0.0
 11
26741.74766243224
 21
-11209.83773401471
 31
0.0
  0
LINE
  5
C6A
330
2
100
AcDbEntity
  8
0
100
AcDbLine
 10
26621.74766243224
 20
-11203.83773401471
 30
0.0
 11
26741.74766243224
 21
-11203.83773401471
 31
0.0
  0
LINE
  5
C6B
330
2
100
AcDbEntity
  8
0
100
AcDbLine
 10
26621.74766243224
 20
-11197.83773401471
 30
0.0
 11
26741.74766243224
 21
-11197.83773401471
 31
0.0
  0
LINE
  5
C6C
330
2
100
AcDbEntity
  8
0
100
AcDbLine
 10
26621.74766243224
 20
-11191.83773401471
 30
0.0
 11
26741.74766243224
 21
-11191.83773401471
 31
0.0
  0
LINE
  5
C6D
330
2
100
AcDbEntity
  8
0
100
AcDbLine
 10
26621.74766243224
 20
-11185.83773401471
 30
0.0
 11
26741.74766243224
 21
-11185.83773401471
 31
0.0
  0
LINE
  5
C6E
330
2
100
AcDbEntity
  8
0
100
AcDbLine
 10
26621.74766243224
 20
-11179.83773401471
 30
0.0
 11
26741.74766243224
 21
-11179.83773401471
 31
0.0
  0
LINE
  5
C6F
330
2
100
AcDbEntity
  8
0
100
AcDbLine
 10
26621.74766243224
 20
-11173.83773401471
 30
0.0
 11
26741.74766243224
 21
-11173.83773401471
 31
0.0
  0
LINE
  5
C70
330
2
100
AcDbEntity
  8
0
100
AcDbLine
 10
26621.74766243224
 20
-11167.83773401471
 30
0.0
 11
26741.74766243224
 21
-11167.83773401471
 31
0.0
  0
LINE
  5
C71
330
2
100
AcDbEntity
  8
0
100
AcDbLine
 10
26621.74766243224
 20
-11161.83773401471
 30
0.0
 11
26741.74766243224
 21
-11161.83773401471
 31
0.0
  0
LINE
  5
C72
330
2
100
AcDbEntity
  8
0
100
AcDbLine
 10
26621.74766243224
 20
-11155.83773401471
 30
0.0
 11
26741.74766243224
 21
-11155.83773401471
 31
0.0
  0
LINE
  5
C73
330
2
100
AcDbEntity
  8
0
100
AcDbLine
 10
26621.74766243224
 20
-11149.83773401471
 30
0.0
 11
26741.74766243224
 21
-11149.83773401471
 31
0.0
  0
LINE
  5
C74
330
2
100
AcDbEntity
  8
0
100
AcDbLine
 10
26621.74766243224
 20
-11143.83773401471
 30
0.0
 11
26741.74766243224
 21
-11143.83773401471
 31
0.0
  0
LINE
  5
C75
330
2
100
AcDbEntity
  8
0
100
AcDbLine
 10
26621.74766243224
 20
-11137.83773401471
 30
0.0
 11
26741.74766243224
 21
-11137.83773401471
 31
0.0
  0
LINE
  5
C76
330
2
100
AcDbEntity
  8
0
100
AcDbLine
 10
26621.74766243224
 20
-11131.83773401471
 30
0.0
 11
26741.74766243224
 21
-11131.83773401471
 31
0.0
  0
LINE
  5
C77
330
2
100
AcDbEntity
  8
0
100
AcDbLine
 10
26621.74766243224
 20
-11125.83773401471
 30
0.0
 11
26741.74766243224
 21
-11125.83773401471
 31
0.0
  0
LINE
  5
C78
330
2
100
AcDbEntity
  8
0
100
AcDbLine
 10
26621.74766243224
 20
-11119.83773401471
 30
0.0
 11
26741.74766243224
 21
-11119.83773401471
 31
0.0
  0
LINE
  5
C79
330
2
100
AcDbEntity
  8
0
100
AcDbLine
 10
26621.74766243224
 20
-11113.83773401471
 30
0.0
 11
26741.74766243224
 21
-11113.83773401471
 31
0.0
  0
LINE
  5
C7A
330
2
100
AcDbEntity
  8
0
100
AcDbLine
 10
26621.74766243224
 20
-11107.83773401471
 30
0.0
 11
26741.74766243224
 21
-11107.83773401471
 31
0.0
  0
LINE
  5
C7B
330
2
100
AcDbEntity
  8
0
100
AcDbLine
 10
26621.74766243224
 20
-11101.83773401471
 30
0.0
 11
26741.74766243224
 21
-11101.83773401471
 31
0.0
  0
LINE
  5
C7C
330
2
100
AcDbEntity
  8
0
100
AcDbLine
 10
26621.74766243224
 20
-11095.83773401471
 30
0.0
 11
26741.74766243224
 21
-11095.83773401471
 31
0.0
  0
LINE
  5
C7D
330
2
100
AcDbEntity
  8
0
100
AcDbLine
 10
26621.74766243224
 20
-11089.83773401471
 30
0.0
 11
26741.74766243224
 21
-11089.83773401471
 31
0.0
  0
LINE
  5
C7E
330
2
100
AcDbEntity
  8
0
100
AcDbLine
 10
26621.74766243224
 20
-11083.83773401471
 30
0.0
 11
26741.74766243224
 21
-11083.83773401471
 31
0.0
  0
LINE
  5
C7F
330
2
100
AcDbEntity
  8
0
100
AcDbLine
 10
26621.74766243224
 20
-11077.83773401471
 30
0.0
 11
26741.74766243224
 21
-11077.83773401471
 31
0.0
  0
LINE
  5
C80
330
2
100
AcDbEntity
  8
0
100
AcDbLine
 10
26621.74766243224
 20
-11071.83773401471
 30
0.0
 11
26741.74766243224
 21
-11071.83773401471
 31
0.0
  0
LINE
  5
C81
330
2
100
AcDbEntity
  8
0
100
AcDbLine
 10
26621.74766243224
 20
-11065.83773401471
 30
0.0
 11
26741.74766243224
 21
-11065.83773401471
 31
0.0
  0
LINE
  5
C82
330
2
100
AcDbEntity
  8
0
100
AcDbLine
 10
26621.74766243224
 20
-11059.83773401471
 30
0.0
 11
26741.74766243224
 21
-11059.83773401471
 31
0.0
  0
LINE
  5
C83
330
2
100
AcDbEntity
  8
0
100
AcDbLine
 10
26621.74766243224
 20
-11053.83773401471
 30
0.0
 11
26741.74766243224
 21
-11053.83773401471
 31
0.0
  0
LINE
  5
C84
330
2
100
AcDbEntity
  8
0
100
AcDbLine
 10
26621.74766243224
 20
-11047.83773401471
 30
0.0
 11
26741.74766243224
 21
-11047.83773401471
 31
0.0
  0
LINE
  5
C85
330
2
100
AcDbEntity
  8
0
100
AcDbLine
 10
26621.74766243224
 20
-11041.83773401471
 30
0.0
 11
26741.74766243224
 21
-11041.83773401471
 31
0.0
  0
LINE
  5
C86
330
2
100
AcDbEntity
  8
0
100
AcDbLine
 10
26621.74766243224
 20
-11035.83773401471
 30
0.0
 11
26741.74766243224
 21
-11035.83773401471
 31
0.0
  0
TEXT
  5
C87
330
2
100
AcDbEntity
  8
0
100
AcDbText
 10
26706.34766243224
 20
-11196.83773401471
 30
0.0
 40
3.0
  1
1.9
 41
0.7
 72
     2
 11
26710.24766243224
 21
-11196.83773401471
 31
0.0
100
AcDbText
  0
TEXT
  5
C88
330
2
100
AcDbEntity
  8
0
100
AcDbText
 10
26688.74766243224
 20
-11196.83773401471
 30
0.0
 40
3.0
  1
0.24
 41
0.7
 72
     2
 11
26695.24766243224
 21
-11196.83773401471
 31
0.0
100
AcDbText
  0
TEXT
  5
C89
330
2
100
AcDbEntity
  8
0
100
AcDbText
 10
26676.04766243224
 20
-11196.83773401471
 30
0.0
 40
3.0
  1
8
 41
0.7
 72
     1
 11
26676.74766243224
 21
-11196.83773401471
 31
0.0
100
AcDbText
  0
TEXT
  5
C8A
330
2
100
AcDbEntity
  8
0
100
AcDbText
 10
26666.34766243224
 20
-11196.83773401471
 30
0.0
 40
3.0
  1
50
 41
0.7
 72
     2
 11
26669.74766243224
 21
-11196.83773401471
 31
0.0
100
AcDbText
  0
TEXT
  5
C8B
330
2
100
AcDbEntity
  8
0
100
AcDbText
 10
26633.74766243224
 20
-11196.83773401471
 30
0.0
 40
3.0
  1
-12X50
 41
0.7
100
AcDbText
  0
TEXT
  5
C8C
330
2
100
AcDbEntity
  8
0
100
AcDbText
 10
26624.04766243224
 20
-11196.83773401471
 30
0.0
 40
3.0
  1
428
 41
0.7
 72
     1
 11
26626.74766243224
 21
-11196.83773401471
 31
0.0
100
AcDbText
  0
TEXT
  5
C8D
330
2
100
AcDbEntity
  8
0
100
AcDbText
 10
26712.74766243224
 20
-11190.83773401471
 30
0.0
 40
3.0
  1
\M+5BEED\M+5B1DF50mm
 41
0.7
100
AcDbText
  0
TEXT
  5
C8E
330
2
100
AcDbEntity
  8
0
100
AcDbText
 10
26705.84766243224
 20
-11190.83773401471
 30
0.0
 40
3.0
  1
9.0
 41
0.7
 72
     2
 11
26710.24766243224
 21
-11190.83773401471
 31
0.0
100
AcDbText
  0
TEXT
  5
C8F
330
2
100
AcDbEntity
  8
0
100
AcDbText
 10
26688.74766243224
 20
-11190.83773401471
 30
0.0
 40
3.0
  1
2.24
 41
0.7
 72
     2
 11
26695.24766243224
 21
-11190.83773401471
 31
0.0
100
AcDbText
  0
TEXT
  5
C90
330
2
100
AcDbEntity
  8
0
100
AcDbText
 10
26675.99766243224
 20
-11190.83773401471
 30
0.0
 40
3.0
  1
4
 41
0.7
 72
     1
 11
26676.74766243224
 21
-11190.83773401471
 31
0.0
100
AcDbText
  0
TEXT
  5
C91
330
2
100
AcDbEntity
  8
0
100
AcDbText
 10
26664.34766243224
 20
-11190.83773401471
 30
0.0
 40
3.0
  1
330
 41
0.7
 72
     2
 11
26669.74766243224
 21
-11190.83773401471
 31
0.0
100
AcDbText
  0
TEXT
  5
C92
330
2
100
AcDbEntity
  8
0
100
AcDbText
 10
26633.74766243224
 20
-11190.83773401471
 30
0.0
 40
3.0
  1
-6X144
 41
0.7
100
AcDbText
  0
TEXT
  5
C93
330
2
100
AcDbEntity
  8
0
100
AcDbText
 10
26624.04766243224
 20
-11190.83773401471
 30
0.0
 40
3.0
  1
427
 41
0.7
 72
     1
 11
26626.74766243224
 21
-11190.83773401471
 31
0.0
100
AcDbText
  0
TEXT
  5
C94
330
2
100
AcDbEntity
  8
0
100
AcDbText
 10
26705.84766243224
 20
-11184.83773401471
 30
0.0
 40
3.0
  1
7.8
 41
0.7
 72
     2
 11
26710.24766243224
 21
-11184.83773401471
 31
0.0
100
AcDbText
  0
TEXT
  5
C95
330
2
100
AcDbEntity
  8
0
100
AcDbText
 10
26688.84766243224
 20
-11184.83773401471
 30
0.0
 40
3.0
  1
3.90
 41
0.7
 72
     2
 11
26695.24766243224
 21
-11184.83773401471
 31
0.0
100
AcDbText
  0
TEXT
  5
C96
330
2
100
AcDbEntity
  8
0
100
AcDbText
 10
26676.04766243224
 20
-11184.83773401471
 30
0.0
 40
3.0
  1
2
 41
0.7
 72
     1
 11
26676.74766243224
 21
-11184.83773401471
 31
0.0
100
AcDbText
  0
TEXT
  5
C97
330
2
100
AcDbEntity
  8
0
100
AcDbText
 10
26662.64766243224
 20
-11184.83773401471
 30
0.0
 40
3.0
  1
1424
 41
0.7
 72
     2
 11
26669.74766243224
 21
-11184.83773401471
 31
0.0
100
AcDbText
  0
TEXT
  5
C98
330
2
100
AcDbEntity
  8
0
100
AcDbText
 10
26633.74766243224
 20
-11184.83773401471
 30
0.0
 40
3.0
  1
L45X4
 41
0.7
100
AcDbText
  0
TEXT
  5
C99
330
2
100
AcDbEntity
  8
0
100
AcDbText
 10
26624.09766243224
 20
-11184.83773401471
 30
0.0
 40
3.0
  1
426
 41
0.7
 72
     1
 11
26626.74766243224
 21
-11184.83773401471
 31
0.0
100
AcDbText
  0
TEXT
  5
C9A
330
2
100
AcDbEntity
  8
0
100
AcDbText
 10
26705.94766243224
 20
-11178.83773401471
 30
0.0
 40
3.0
  1
6.9
 41
0.7
 72
     2
 11
26710.24766243224
 21
-11178.83773401471
 31
0.0
100
AcDbText
  0
TEXT
  5
C9B
330
2
100
AcDbEntity
  8
0
100
AcDbText
 10
26689.24766243224
 20
-11178.83773401471
 30
0.0
 40
3.0
  1
1.72
 41
0.7
 72
     2
 11
26695.24766243224
 21
-11178.83773401471
 31
0.0
100
AcDbText
  0
TEXT
  5
C9C
330
2
100
AcDbEntity
  8
0
100
AcDbText
 10
26675.99766243224
 20
-11178.83773401471
 30
0.0
 40
3.0
  1
4
 41
0.7
 72
     1
 11
26676.74766243224
 21
-11178.83773401471
 31
0.0
100
AcDbText
  0
TEXT
  5
C9D
330
2
100
AcDbEntity
  8
0
100
AcDbText
 10
26664.34766243224
 20
-11178.83773401471
 30
0.0
 40
3.0
  1
930
 41
0.7
 72
     2
 11
26669.74766243224
 21
-11178.83773401471
 31
0.0
100
AcDbText
  0
TEXT
  5
C9E
330
2
100
AcDbEntity
  8
0
100
AcDbText
 10
26633.74766243224
 20
-11178.83773401471
 30
0.0
 40
3.0
  1
L40X3
 41
0.7
100
AcDbText
  0
TEXT
  5
C9F
330
2
100
AcDbEntity
  8
0
100
AcDbText
 10
26624.04766243224
 20
-11178.83773401471
 30
0.0
 40
3.0
  1
425
 41
0.7
 72
     1
 11
26626.74766243224
 21
-11178.83773401471
 31
0.0
100
AcDbText
  0
TEXT
  5
CA0
330
2
100
AcDbEntity
  8
0
100
AcDbText
 10
26703.84766243224
 20
-11172.83773401471
 30
0.0
 40
3.0
  1
25.0
 41
0.7
 72
     2
 11
26710.24766243224
 21
-11172.83773401471
 31
0.0
100
AcDbText
  0
TEXT
  5
CA1
330
2
100
AcDbEntity
  8
0
100
AcDbText
 10
26688.74766243224
 20
-11172.83773401471
 30
0.0
 40
3.0
  1
6.24
 41
0.7
 72
     2
 11
26695.24766243224
 21
-11172.83773401471
 31
0.0
100
AcDbText
  0
TEXT
  5
CA2
330
2
100
AcDbEntity
  8
0
100
AcDbText
 10
26675.99766243224
 20
-11172.83773401471
 30
0.0
 40
3.0
  1
4
 41
0.7
 72
     1
 11
26676.74766243224
 21
-11172.83773401471
 31
0.0
100
AcDbText
  0
TEXT
  5
CA3
330
2
100
AcDbEntity
  8
0
100
AcDbText
 10
26663.24766243224
 20
-11172.83773401471
 30
0.0
 40
3.0
  1
2041
 41
0.7
 72
     2
 11
26669.74766243224
 21
-11172.83773401471
 31
0.0
100
AcDbText
  0
TEXT
  5
CA4
330
2
100
AcDbEntity
  8
0
100
AcDbText
 10
26633.74766243224
 20
-11172.83773401471
 30
0.0
 40
3.0
  1
L50X4
 41
0.7
100
AcDbText
  0
TEXT
  5
CA5
330
2
100
AcDbEntity
  8
0
100
AcDbText
 10
26623.99766243224
 20
-11172.83773401471
 30
0.0
 40
3.0
  1
424
 41
0.7
 72
     1
 11
26626.74766243224
 21
-11172.83773401471
 31
0.0
100
AcDbText
  0
TEXT
  5
CA6
330
2
100
AcDbEntity
  8
0
100
AcDbText
 10
26704.34766243224
 20
-11166.83773401471
 30
0.0
 40
3.0
  1
15.9
 41
0.7
 72
     2
 11
26710.24766243224
 21
-11166.83773401471
 31
0.0
100
AcDbText
  0
TEXT
  5
CA7
330
2
100
AcDbEntity
  8
0
100
AcDbText
 10
26689.34766243224
 20
-11166.83773401471
 30
0.0
 40
3.0
  1
1.99
 41
0.7
 72
     2
 11
26695.24766243224
 21
-11166.83773401471
 31
0.0
100
AcDbText
  0
TEXT
  5
CA8
330
2
100
AcDbEntity
  8
0
100
AcDbText
 10
26676.04766243224
 20
-11166.83773401471
 30
0.0
 40
3.0
  1
8
 41
0.7
 72
     1
 11
26676.74766243224
 21
-11166.83773401471
 31
0.0
100
AcDbText
  0
TEXT
  5
CA9
330
2
100
AcDbEntity
  8
0
100
AcDbText
 10
26664.74766243224
 20
-11166.83773401471
 30
0.0
 40
3.0
  1
218
 41
0.7
 72
     2
 11
26669.74766243224
 21
-11166.83773401471
 31
0.0
100
AcDbText
  0
TEXT
  5
CAA
330
2
100
AcDbEntity
  8
0
100
AcDbText
 10
26633.74766243224
 20
-11166.83773401471
 30
0.0
 40
3.0
  1
-8X145
 41
0.7
100
AcDbText
  0
TEXT
  5
CAB
330
2
100
AcDbEntity
  8
0
100
AcDbText
 10
26624.04766243224
 20
-11166.83773401471
 30
0.0
 40
3.0
  1
423
 41
0.7
 72
     1
 11
26626.74766243224
 21
-11166.83773401471
 31
0.0
100
AcDbText
  0
TEXT
  5
CAC
330
2
100
AcDbEntity
  8
0
100
AcDbText
 10
26705.54766243224
 20
-11160.83773401471
 30
0.0
 40
3.0
  1
11.1
 41
0.7
 72
     2
 11
26710.24766243224
 21
-11160.83773401471
 31
0.0
100
AcDbText
  0
TEXT
  5
CAD
330
2
100
AcDbEntity
  8
0
100
AcDbText
 10
26689.34766243224
 20
-11160.83773401471
 30
0.0
 40
3.0
  1
1.39
 41
0.7
 72
     2
 11
26695.24766243224
 21
-11160.83773401471
 31
0.0
100
AcDbText
  0
TEXT
  5
CAE
330
2
100
AcDbEntity
  8
0
100
AcDbText
 10
26676.04766243224
 20
-11160.83773401471
 30
0.0
 40
3.0
  1
8
 41
0.7
 72
     1
 11
26676.74766243224
 21
-11160.83773401471
 31
0.0
100
AcDbText
  0
TEXT
  5
CAF
330
2
100
AcDbEntity
  8
0
100
AcDbText
 10
26664.44766243224
 20
-11160.83773401471
 30
0.0
 40
3.0
  1
206
 41
0.7
 72
     2
 11
26669.74766243224
 21
-11160.83773401471
 31
0.0
100
AcDbText
  0
TEXT
  5
CB0
330
2
100
AcDbEntity
  8
0
100
AcDbText
 10
26633.74766243224
 20
-11160.83773401471
 30
0.0
 40
3.0
  1
-6X143
 41
0.7
100
AcDbText
  0
TEXT
  5
CB1
330
2
100
AcDbEntity
  8
0
100
AcDbText
 10
26624.04766243224
 20
-11160.83773401471
 30
0.0
 40
3.0
  1
422
 41
0.7
 72
     1
 11
26626.74766243224
 21
-11160.83773401471
 31
0.0
100
AcDbText
  0
TEXT
  5
CB2
330
2
100
AcDbEntity
  8
0
100
AcDbText
 10
26712.74766243224
 20
-11154.83773401471
 30
0.0
 40
3.0
  1
\M+5BEED\M+5B1DF50mm
 41
0.7
100
AcDbText
  0
TEXT
  5
CB3
330
2
100
AcDbEntity
  8
0
100
AcDbText
 10
26703.94766243224
 20
-11154.83773401471
 30
0.0
 40
3.0
  1
20.6
 41
0.7
 72
     2
 11
26710.24766243224
 21
-11154.83773401471
 31
0.0
100
AcDbText
  0
TEXT
  5
CB4
330
2
100
AcDbEntity
  8
0
100
AcDbText
 10
26689.14766243224
 20
-11154.83773401471
 30
0.0
 40
3.0
  1
5.14
 41
0.7
 72
     2
 11
26695.24766243224
 21
-11154.83773401471
 31
0.0
100
AcDbText
  0
TEXT
  5
CB5
330
2
100
AcDbEntity
  8
0
100
AcDbText
 10
26675.99766243224
 20
-11154.83773401471
 30
0.0
 40
3.0
  1
4
 41
0.7
 72
     1
 11
26676.74766243224
 21
-11154.83773401471
 31
0.0
100
AcDbText
  0
TEXT
  5
CB6
330
2
100
AcDbEntity
  8
0
100
AcDbText
 10
26665.24766243224
 20
-11154.83773401471
 30
0.0
 40
3.0
  1
401
 41
0.7
 72
     2
 11
26669.74766243224
 21
-11154.83773401471
 31
0.0
100
AcDbText
  0
TEXT
  5
CB7
330
2
100
AcDbEntity
  8
0
100
AcDbText
 10
26633.74766243224
 20
-11154.83773401471
 30
0.0
 40
3.0
  1
-6X272
 41
0.7
100
AcDbText
  0
TEXT
  5
CB8
330
2
100
AcDbEntity
  8
0
100
AcDbText
 10
26624.49766243224
 20
-11154.83773401471
 30
0.0
 40
3.0
  1
421
 41
0.7
 72
     1
 11
26626.74766243224
 21
-11154.83773401471
 31
0.0
100
AcDbText
  0
TEXT
  5
CB9
330
2
100
AcDbEntity
  8
0
100
AcDbText
 10
26704.24766243224
 20
-11148.83773401471
 30
0.0
 40
3.0
  1
15.8
 41
0.7
 72
     2
 11
26710.24766243224
 21
-11148.83773401471
 31
0.0
100
AcDbText
  0
TEXT
  5
CBA
330
2
100
AcDbEntity
  8
0
100
AcDbText
 10
26689.24766243224
 20
-11148.83773401471
 30
0.0
 40
3.0
  1
1.98
 41
0.7
 72
     2
 11
26695.24766243224
 21
-11148.83773401471
 31
0.0
100
AcDbText
  0
TEXT
  5
CBB
330
2
100
AcDbEntity
  8
0
100
AcDbText
 10
26676.04766243224
 20
-11148.83773401471
 30
0.0
 40
3.0
  1
8
 41
0.7
 72
     1
 11
26676.74766243224
 21
-11148.83773401471
 31
0.0
100
AcDbText
  0
TEXT
  5
CBC
330
2
100
AcDbEntity
  8
0
100
AcDbText
 10
26664.84766243224
 20
-11148.83773401471
 30
0.0
 40
3.0
  1
219
 41
0.7
 72
     2
 11
26669.74766243224
 21
-11148.83773401471
 31
0.0
100
AcDbText
  0
TEXT
  5
CBD
330
2
100
AcDbEntity
  8
0
100
AcDbText
 10
26633.74766243224
 20
-11148.83773401471
 30
0.0
 40
3.0
  1
-6X192
 41
0.7
100
AcDbText
  0
TEXT
  5
CBE
330
2
100
AcDbEntity
  8
0
100
AcDbText
 10
26624.04766243224
 20
-11148.83773401471
 30
0.0
 40
3.0
  1
420
 41
0.7
 72
     1
 11
26626.74766243224
 21
-11148.83773401471
 31
0.0
100
AcDbText
  0
TEXT
  5
CBF
330
2
100
AcDbEntity
  8
0
100
AcDbText
 10
26704.54766243224
 20
-11142.83773401471
 30
0.0
 40
3.0
  1
11.4
 41
0.7
 72
     2
 11
26710.24766243224
 21
-11142.83773401471
 31
0.0
100
AcDbText
  0
TEXT
  5
CC0
330
2
100
AcDbEntity
  8
0
100
AcDbText
 10
26689.24766243224
 20
-11142.83773401471
 30
0.0
 40
3.0
  1
1.42
 41
0.7
 72
     2
 11
26695.24766243224
 21
-11142.83773401471
 31
0.0
100
AcDbText
  0
TEXT
  5
CC1
330
2
100
AcDbEntity
  8
0
100
AcDbText
 10
26676.04766243224
 20
-11142.83773401471
 30
0.0
 40
3.0
  1
8
 41
0.7
 72
     1
 11
26676.74766243224
 21
-11142.83773401471
 31
0.0
100
AcDbText
  0
TEXT
  5
CC2
330
2
100
AcDbEntity
  8
0
100
AcDbText
 10
26664.34766243224
 20
-11142.83773401471
 30
0.0
 40
3.0
  1
208
 41
0.7
 72
     2
 11
26669.74766243224
 21
-11142.83773401471
 31
0.0
100
AcDbText
  0
TEXT
  5
CC3
330
2
100
AcDbEntity
  8
0
100
AcDbText
 10
26633.74766243224
 20
-11142.83773401471
 30
0.0
 40
3.0
  1
-6X145
 41
0.7
100
AcDbText
  0
TEXT
  5
CC4
330
2
100
AcDbEntity
  8
0
100
AcDbText
 10
26624.29766243224
 20
-11142.83773401471
 30
0.0
 40
3.0
  1
419
 41
0.7
 72
     1
 11
26626.74766243224
 21
-11142.83773401471
 31
0.0
100
AcDbText
  0
TEXT
  5
CC5
330
2
100
AcDbEntity
  8
0
100
AcDbText
 10
26712.74766243224
 20
-11136.83773401471
 30
0.0
 40
3.0
  1
\M+5B2F9\M+5BBA1
 41
0.7
100
AcDbText
  0
TEXT
  5
CC6
330
2
100
AcDbEntity
  8
0
 62
     3
100
AcDbText
 10
26703.84766243224
 20
-11136.83773401471
 30
0.0
 40
3.0
  1
28.7
 41
0.7
 72
     2
 11
26710.24766243224
 21
-11136.83773401471
 31
0.0
100
AcDbText
  0
TEXT
  5
CC7
330
2
100
AcDbEntity
  8
0
 62
     3
100
AcDbText
 10
26689.24766243224
 20
-11136.83773401471
 30
0.0
 40
3.0
  1
7.18
 41
0.7
 72
     2
 11
26695.24766243224
 21
-11136.83773401471
 31
0.0
100
AcDbText
  0
TEXT
  5
CC8
330
2
100
AcDbEntity
  8
0
 62
     3
100
AcDbText
 10
26675.99766243224
 20
-11136.83773401471
 30
0.0
 40
3.0
  1
4
 41
0.7
 72
     1
 11
26676.74766243224
 21
-11136.83773401471
 31
0.0
100
AcDbText
  0
TEXT
  5
CC9
330
2
100
AcDbEntity
  8
0
 62
     3
100
AcDbText
 10
26664.34766243224
 20
-11136.83773401471
 30
0.0
 40
3.0
  1
585
 41
0.7
 72
     2
 11
26669.74766243224
 21
-11136.83773401471
 31
0.0
100
AcDbText
  0
TEXT
  5
CCA
330
2
100
AcDbEntity
  8
0
 62
     3
100
AcDbText
 10
26633.74766243224
 20
-11136.83773401471
 30
0.0
 40
3.0
  1
Q345L100X8
 41
0.7
100
AcDbText
  0
TEXT
  5
CCB
330
2
100
AcDbEntity
  8
0
 62
     3
100
AcDbText
 10
26624.24766243224
 20
-11136.83773401471
 30
0.0
 40
3.0
  1
418
 41
0.7
 72
     1
 11
26626.74766243224
 21
-11136.83773401471
 31
0.0
100
AcDbText
  0
TEXT
  5
CCC
330
2
100
AcDbEntity
  8
0
100
AcDbText
 10
26703.84766243224
 20
-11130.83773401471
 30
0.0
 40
3.0
  1
24.2
 41
0.7
 72
     2
 11
26710.24766243224
 21
-11130.83773401471
 31
0.0
100
AcDbText
  0
TEXT
  5
CCD
330
2
100
AcDbEntity
  8
0
100
AcDbText
 10
26688.84766243224
 20
-11130.83773401471
 30
0.0
 40
3.0
  1
3.02
 41
0.7
 72
     2
 11
26695.24766243224
 21
-11130.83773401471
 31
0.0
100
AcDbText
  0
TEXT
  5
CCE
330
2
100
AcDbEntity
  8
0
100
AcDbText
 10
26676.04766243224
 20
-11130.83773401471
 30
0.0
 40
3.0
  1
8
 41
0.7
 72
     1
 11
26676.74766243224
 21
-11130.83773401471
 31
0.0
100
AcDbText
  0
TEXT
  5
CCF
330
2
100
AcDbEntity
  8
0
100
AcDbText
 10
26662.74766243224
 20
-11130.83773401471
 30
0.0
 40
3.0
  1
1247
 41
0.7
 72
     2
 11
26669.74766243224
 21
-11130.83773401471
 31
0.0
100
AcDbText
  0
TEXT
  5
CD0
330
2
100
AcDbEntity
  8
0
100
AcDbText
 10
26633.74766243224
 20
-11130.83773401471
 30
0.0
 40
3.0
  1
L40X4
 41
0.7
100
AcDbText
  0
TEXT
  5
CD1
330
2
100
AcDbEntity
  8
0
100
AcDbText
 10
26624.24766243224
 20
-11130.83773401471
 30
0.0
 40
3.0
  1
417
 41
0.7
 72
     1
 11
26626.74766243224
 21
-11130.83773401471
 31
0.0
100
AcDbText
  0
TEXT
  5
CD2
330
2
100
AcDbEntity
  8
0
100
AcDbText
 10
26703.94766243224
 20
-11124.83773401471
 30
0.0
 40
3.0
  1
45.9
 41
0.7
 72
     2
 11
26710.24766243224
 21
-11124.83773401471
 31
0.0
100
AcDbText
  0
TEXT
  5
CD3
330
2
100
AcDbEntity
  8
0
100
AcDbText
 10
26687.64766243224
 20
-11124.83773401471
 30
0.0
 40
3.0
  1
11.48
 41
0.7
 72
     2
 11
26695.24766243224
 21
-11124.83773401471
 31
0.0
100
AcDbText
  0
TEXT
  5
CD4
330
2
100
AcDbEntity
  8
0
100
AcDbText
 10
26675.99766243224
 20
-11124.83773401471
 30
0.0
 40
3.0
  1
4
 41
0.7
 72
     1
 11
26676.74766243224
 21
-11124.83773401471
 31
0.0
100
AcDbText
  0
TEXT
  5
CD5
330
2
100
AcDbEntity
  8
0
100
AcDbText
 10
26662.34766243224
 20
-11124.83773401471
 30
0.0
 40
3.0
  1
3332
 41
0.7
 72
     2
 11
26669.74766243224
 21
-11124.83773401471
 31
0.0
100
AcDbText
  0
TEXT
  5
CD6
330
2
100
AcDbEntity
  8
0
100
AcDbText
 10
26633.74766243224
 20
-11124.83773401471
 30
0.0
 40
3.0
  1
L56X4
 41
0.7
100
AcDbText
  0
TEXT
  5
CD7
330
2
100
AcDbEntity
  8
0
100
AcDbText
 10
26624.29766243224
 20
-11124.83773401471
 30
0.0
 40
3.0
  1
416
 41
0.7
 72
     1
 11
26626.74766243224
 21
-11124.83773401471
 31
0.0
100
AcDbText
  0
TEXT
  5
CD8
330
2
100
AcDbEntity
  8
0
100
AcDbText
 10
26712.74766243224
 20
-11118.83773401471
 30
0.0
 40
3.0
  1
\M+5C7D0\M+5BDC7
 41
0.7
100
AcDbText
  0
TEXT
  5
CD9
330
2
100
AcDbEntity
  8
0
100
AcDbText
 10
26703.94766243224
 20
-11118.83773401471
 30
0.0
 40
3.0
  1
45.9
 41
0.7
 72
     2
 11
26710.24766243224
 21
-11118.83773401471
 31
0.0
100
AcDbText
  0
TEXT
  5
CDA
330
2
100
AcDbEntity
  8
0
100
AcDbText
 10
26687.64766243224
 20
-11118.83773401471
 30
0.0
 40
3.0
  1
11.48
 41
0.7
 72
     2
 11
26695.24766243224
 21
-11118.83773401471
 31
0.0
100
AcDbText
  0
TEXT
  5
CDB
330
2
100
AcDbEntity
  8
0
100
AcDbText
 10
26675.99766243224
 20
-11118.83773401471
 30
0.0
 40
3.0
  1
4
 41
0.7
 72
     1
 11
26676.74766243224
 21
-11118.83773401471
 31
0.0
100
AcDbText
  0
TEXT
  5
CDC
330
2
100
AcDbEntity
  8
0
100
AcDbText
 10
26662.34766243224
 20
-11118.83773401471
 30
0.0
 40
3.0
  1
3332
 41
0.7
 72
     2
 11
26669.74766243224
 21
-11118.83773401471
 31
0.0
100
AcDbText
  0
TEXT
  5
CDD
330
2
100
AcDbEntity
  8
0
100
AcDbText
 10
26633.74766243224
 20
-11118.83773401471
 30
0.0
 40
3.0
  1
L56X4
 41
0.7
100
AcDbText
  0
TEXT
  5
CDE
330
2
100
AcDbEntity
  8
0
100
AcDbText
 10
26624.24766243224
 20
-11118.83773401471
 30
0.0
 40
3.0
  1
415
 41
0.7
 72
     1
 11
26626.74766243224
 21
-11118.83773401471
 31
0.0
100
AcDbText
  0
TEXT
  5
CDF
330
2
100
AcDbEntity
  8
0
100
AcDbText
 10
26704.24766243224
 20
-11112.83773401471
 30
0.0
 40
3.0
  1
13.3
 41
0.7
 72
     2
 11
26710.24766243224
 21
-11112.83773401471
 31
0.0
100
AcDbText
  0
TEXT
  5
CE0
330
2
100
AcDbEntity
  8
0
100
AcDbText
 10
26689.34766243224
 20
-11112.83773401471
 30
0.0
 40
3.0
  1
1.66
 41
0.7
 72
     2
 11
26695.24766243224
 21
-11112.83773401471
 31
0.0
100
AcDbText
  0
TEXT
  5
CE1
330
2
100
AcDbEntity
  8
0
100
AcDbText
 10
26676.04766243224
 20
-11112.83773401471
 30
0.0
 40
3.0
  1
8
 41
0.7
 72
     1
 11
26676.74766243224
 21
-11112.83773401471
 31
0.0
100
AcDbText
  0
TEXT
  5
CE2
330
2
100
AcDbEntity
  8
0
100
AcDbText
 10
26664.34766243224
 20
-11112.83773401471
 30
0.0
 40
3.0
  1
898
 41
0.7
 72
     2
 11
26669.74766243224
 21
-11112.83773401471
 31
0.0
100
AcDbText
  0
TEXT
  5
CE3
330
2
100
AcDbEntity
  8
0
100
AcDbText
 10
26633.74766243224
 20
-11112.83773401471
 30
0.0
 40
3.0
  1
L40X3
 41
0.7
100
AcDbText
  0
TEXT
  5
CE4
330
2
100
AcDbEntity
  8
0
100
AcDbText
 10
26624.19766243224
 20
-11112.83773401471
 30
0.0
 40
3.0
  1
414
 41
0.7
 72
     1
 11
26626.74766243224
 21
-11112.83773401471
 31
0.0
100
AcDbText
  0
TEXT
  5
CE5
330
2
100
AcDbEntity
  8
0
100
AcDbText
 10
26712.74766243224
 20
-11106.83773401471
 30
0.0
 40
3.0
  1
\M+5C7D0\M+5BDC7
 41
0.7
100
AcDbText
  0
TEXT
  5
CE6
330
2
100
AcDbEntity
  8
0
100
AcDbText
 10
26704.24766243224
 20
-11106.83773401471
 30
0.0
 40
3.0
  1
21.3
 41
0.7
 72
     2
 11
26710.24766243224
 21
-11106.83773401471
 31
0.0
100
AcDbText
  0
TEXT
  5
CE7
330
2
100
AcDbEntity
  8
0
100
AcDbText
 10
26688.84766243224
 20
-11106.83773401471
 30
0.0
 40
3.0
  1
5.33
 41
0.7
 72
     2
 11
26695.24766243224
 21
-11106.83773401471
 31
0.0
100
AcDbText
  0
TEXT
  5
CE8
330
2
100
AcDbEntity
  8
0
100
AcDbText
 10
26675.99766243224
 20
-11106.83773401471
 30
0.0
 40
3.0
  1
4
 41
0.7
 72
     1
 11
26676.74766243224
 21
-11106.83773401471
 31
0.0
100
AcDbText
  0
TEXT
  5
CE9
330
2
100
AcDbEntity
  8
0
100
AcDbText
 10
26662.64766243224
 20
-11106.83773401471
 30
0.0
 40
3.0
  1
1744
 41
0.7
 72
     2
 11
26669.74766243224
 21
-11106.83773401471
 31
0.0
100
AcDbText
  0
TEXT
  5
CEA
330
2
100
AcDbEntity
  8
0
100
AcDbText
 10
26633.74766243224
 20
-11106.83773401471
 30
0.0
 40
3.0
  1
L50X4
 41
0.7
100
AcDbText
  0
TEXT
  5
CEB
330
2
100
AcDbEntity
  8
0
100
AcDbText
 10
26624.24766243224
 20
-11106.83773401471
 30
0.0
 40
3.0
  1
413
 41
0.7
 72
     1
 11
26626.74766243224
 21
-11106.83773401471
 31
0.0
100
AcDbText
  0
TEXT
  5
CEC
330
2
100
AcDbEntity
  8
0
100
AcDbText
 10
26704.24766243224
 20
-11100.83773401471
 30
0.0
 40
3.0
  1
21.3
 41
0.7
 72
     2
 11
26710.24766243224
 21
-11100.83773401471
 31
0.0
100
AcDbText
  0
TEXT
  5
CED
330
2
100
AcDbEntity
  8
0
100
AcDbText
 10
26688.84766243224
 20
-11100.83773401471
 30
0.0
 40
3.0
  1
5.33
 41
0.7
 72
     2
 11
26695.24766243224
 21
-11100.83773401471
 31
0.0
100
AcDbText
  0
TEXT
  5
CEE
330
2
100
AcDbEntity
  8
0
100
AcDbText
 10
26675.99766243224
 20
-11100.83773401471
 30
0.0
 40
3.0
  1
4
 41
0.7
 72
     1
 11
26676.74766243224
 21
-11100.83773401471
 31
0.0
100
AcDbText
  0
TEXT
  5
CEF
330
2
100
AcDbEntity
  8
0
100
AcDbText
 10
26662.64766243224
 20
-11100.83773401471
 30
0.0
 40
3.0
  1
1744
 41
0.7
 72
     2
 11
26669.74766243224
 21
-11100.83773401471
 31
0.0
100
AcDbText
  0
TEXT
  5
CF0
330
2
100
AcDbEntity
  8
0
100
AcDbText
 10
26633.74766243224
 20
-11100.83773401471
 30
0.0
 40
3.0
  1
L50X4
 41
0.7
100
AcDbText
  0
TEXT
  5
CF1
330
2
100
AcDbEntity
  8
0
100
AcDbText
 10
26624.24766243224
 20
-11100.83773401471
 30
0.0
 40
3.0
  1
412
 41
0.7
 72
     1
 11
26626.74766243224
 21
-11100.83773401471
 31
0.0
100
AcDbText
  0
TEXT
  5
CF2
330
2
100
AcDbEntity
  8
0
100
AcDbText
 10
26703.84766243224
 20
-11094.83773401471
 30
0.0
 40
3.0
  1
33.5
 41
0.7
 72
     2
 11
26710.24766243224
 21
-11094.83773401471
 31
0.0
100
AcDbText
  0
TEXT
  5
CF3
330
2
100
AcDbEntity
  8
0
100
AcDbText
 10
26688.84766243224
 20
-11094.83773401471
 30
0.0
 40
3.0
  1
8.37
 41
0.7
 72
     2
 11
26695.24766243224
 21
-11094.83773401471
 31
0.0
100
AcDbText
  0
TEXT
  5
CF4
330
2
100
AcDbEntity
  8
0
100
AcDbText
 10
26675.99766243224
 20
-11094.83773401471
 30
0.0
 40
3.0
  1
4
 41
0.7
 72
     1
 11
26676.74766243224
 21
-11094.83773401471
 31
0.0
100
AcDbText
  0
TEXT
  5
CF5
330
2
100
AcDbEntity
  8
0
100
AcDbText
 10
26662.34766243224
 20
-11094.83773401471
 30
0.0
 40
3.0
  1
2735
 41
0.7
 72
     2
 11
26669.74766243224
 21
-11094.83773401471
 31
0.0
100
AcDbText
  0
TEXT
  5
CF6
330
2
100
AcDbEntity
  8
0
100
AcDbText
 10
26633.74766243224
 20
-11094.83773401471
 30
0.0
 40
3.0
  1
L50X4
 41
0.7
100
AcDbText
  0
TEXT
  5
CF7
330
2
100
AcDbEntity
  8
0
100
AcDbText
 10
26624.69766243224
 20
-11094.83773401471
 30
0.0
 40
3.0
  1
411
 41
0.7
 72
     1
 11
26626.74766243224
 21
-11094.83773401471
 31
0.0
100
AcDbText
  0
TEXT
  5
CF8
330
2
100
AcDbEntity
  8
0
100
AcDbText
 10
26704.24766243224
 20
-11088.83773401471
 30
0.0
 40
3.0
  1
12.8
 41
0.7
 72
     2
 11
26710.24766243224
 21
-11088.83773401471
 31
0.0
100
AcDbText
  0
TEXT
  5
CF9
330
2
100
AcDbEntity
  8
0
100
AcDbText
 10
26689.24766243224
 20
-11088.83773401471
 30
0.0
 40
3.0
  1
1.60
 41
0.7
 72
     2
 11
26695.24766243224
 21
-11088.83773401471
 31
0.0
100
AcDbText
  0
TEXT
  5
CFA
330
2
100
AcDbEntity
  8
0
100
AcDbText
 10
26676.04766243224
 20
-11088.83773401471
 30
0.0
 40
3.0
  1
8
 41
0.7
 72
     1
 11
26676.74766243224
 21
-11088.83773401471
 31
0.0
100
AcDbText
  0
TEXT
  5
CFB
330
2
100
AcDbEntity
  8
0
100
AcDbText
 10
26664.44766243224
 20
-11088.83773401471
 30
0.0
 40
3.0
  1
866
 41
0.7
 72
     2
 11
26669.74766243224
 21
-11088.83773401471
 31
0.0
100
AcDbText
  0
TEXT
  5
CFC
330
2
100
AcDbEntity
  8
0
100
AcDbText
 10
26633.74766243224
 20
-11088.83773401471
 30
0.0
 40
3.0
  1
L40X3
 41
0.7
100
AcDbText
  0
TEXT
  5
CFD
330
2
100
AcDbEntity
  8
0
100
AcDbText
 10
26624.24766243224
 20
-11088.83773401471
 30
0.0
 40
3.0
  1
410
 41
0.7
 72
     1
 11
26626.74766243224
 21
-11088.83773401471
 31
0.0
100
AcDbText
  0
TEXT
  5
CFE
330
2
100
AcDbEntity
  8
0
100
AcDbText
 10
26703.94766243224
 20
-11082.83773401471
 30
0.0
 40
3.0
  1
23.9
 41
0.7
 72
     2
 11
26710.24766243224
 21
-11082.83773401471
 31
0.0
100
AcDbText
  0
TEXT
  5
CFF
330
2
100
AcDbEntity
  8
0
100
AcDbText
 10
26688.84766243224
 20
-11082.83773401471
 30
0.0
 40
3.0
  1
5.98
 41
0.7
 72
     2
 11
26695.24766243224
 21
-11082.83773401471
 31
0.0
100
AcDbText
  0
TEXT
  5
D00
330
2
100
AcDbEntity
  8
0
100
AcDbText
 10
26675.99766243224
 20
-11082.83773401471
 30
0.0
 40
3.0
  1
4
 41
0.7
 72
     1
 11
26676.74766243224
 21
-11082.83773401471
 31
0.0
100
AcDbText
  0
TEXT
  5
D01
330
2
100
AcDbEntity
  8
0
100
AcDbText
 10
26662.84766243224
 20
-11082.83773401471
 30
0.0
 40
3.0
  1
1956
 41
0.7
 72
     2
 11
26669.74766243224
 21
-11082.83773401471
 31
0.0
100
AcDbText
  0
TEXT
  5
D02
330
2
100
AcDbEntity
  8
0
100
AcDbText
 10
26633.74766243224
 20
-11082.83773401471
 30
0.0
 40
3.0
  1
L50X4
 41
0.7
100
AcDbText
  0
TEXT
  5
D03
330
2
100
AcDbEntity
  8
0
100
AcDbText
 10
26624.09766243224
 20
-11082.83773401471
 30
0.0
 40
3.0
  1
409
 41
0.7
 72
     1
 11
26626.74766243224
 21
-11082.83773401471
 31
0.0
100
AcDbText
  0
TEXT
  5
D04
330
2
100
AcDbEntity
  8
0
100
AcDbText
 10
26712.74766243224
 20
-11076.83773401471
 30
0.0
 40
3.0
  1
\M+5C7D0\M+5BDC7
 41
0.7
100
AcDbText
  0
TEXT
  5
D05
330
2
100
AcDbEntity
  8
0
100
AcDbText
 10
26703.94766243224
 20
-11076.83773401471
 30
0.0
 40
3.0
  1
23.9
 41
0.7
 72
     2
 11
26710.24766243224
 21
-11076.83773401471
 31
0.0
100
AcDbText
  0
TEXT
  5
D06
330
2
100
AcDbEntity
  8
0
100
AcDbText
 10
26688.84766243224
 20
-11076.83773401471
 30
0.0
 40
3.0
  1
5.98
 41
0.7
 72
     2
 11
26695.24766243224
 21
-11076.83773401471
 31
0.0
100
AcDbText
  0
TEXT
  5
D07
330
2
100
AcDbEntity
  8
0
100
AcDbText
 10
26675.99766243224
 20
-11076.83773401471
 30
0.0
 40
3.0
  1
4
 41
0.7
 72
     1
 11
26676.74766243224
 21
-11076.83773401471
 31
0.0
100
AcDbText
  0
TEXT
  5
D08
330
2
100
AcDbEntity
  8
0
100
AcDbText
 10
26662.84766243224
 20
-11076.83773401471
 30
0.0
 40
3.0
  1
1956
 41
0.7
 72
     2
 11
26669.74766243224
 21
-11076.83773401471
 31
0.0
100
AcDbText
  0
TEXT
  5
D09
330
2
100
AcDbEntity
  8
0
100
AcDbText
 10
26633.74766243224
 20
-11076.83773401471
 30
0.0
 40
3.0
  1
L50X4
 41
0.7
100
AcDbText
  0
TEXT
  5
D0A
330
2
100
AcDbEntity
  8
0
100
AcDbText
 10
26624.04766243224
 20
-11076.83773401471
 30
0.0
 40
3.0
  1
408
 41
0.7
 72
     1
 11
26626.74766243224
 21
-11076.83773401471
 31
0.0
100
AcDbText
  0
TEXT
  5
D0B
330
2
100
AcDbEntity
  8
0
100
AcDbText
 10
26704.24766243224
 20
-11070.83773401471
 30
0.0
 40
3.0
  1
16.5
 41
0.7
 72
     2
 11
26710.24766243224
 21
-11070.83773401471
 31
0.0
100
AcDbText
  0
TEXT
  5
D0C
330
2
100
AcDbEntity
  8
0
100
AcDbText
 10
26688.94766243224
 20
-11070.83773401471
 30
0.0
 40
3.0
  1
2.06
 41
0.7
 72
     2
 11
26695.24766243224
 21
-11070.83773401471
 31
0.0
100
AcDbText
  0
TEXT
  5
D0D
330
2
100
AcDbEntity
  8
0
100
AcDbText
 10
26676.04766243224
 20
-11070.83773401471
 30
0.0
 40
3.0
  1
8
 41
0.7
 72
     1
 11
26676.74766243224
 21
-11070.83773401471
 31
0.0
100
AcDbText
  0
TEXT
  5
D0E
330
2
100
AcDbEntity
  8
0
100
AcDbText
 10
26663.54766243224
 20
-11070.83773401471
 30
0.0
 40
3.0
  1
1113
 41
0.7
 72
     2
 11
26669.74766243224
 21
-11070.83773401471
 31
0.0
100
AcDbText
  0
TEXT
  5
D0F
330
2
100
AcDbEntity
  8
0
100
AcDbText
 10
26633.74766243224
 20
-11070.83773401471
 30
0.0
 40
3.0
  1
L40X3
 41
0.7
100
AcDbText
  0
TEXT
  5
D10
330
2
100
AcDbEntity
  8
0
100
AcDbText
 10
26624.04766243224
 20
-11070.83773401471
 30
0.0
 40
3.0
  1
407
 41
0.7
 72
     1
 11
26626.74766243224
 21
-11070.83773401471
 31
0.0
100
AcDbText
  0
TEXT
  5
D11
330
2
100
AcDbEntity
  8
0
100
AcDbText
 10
26712.74766243224
 20
-11064.83773401471
 30
0.0
 40
3.0
  1
\M+5C7D0\M+5BDC7
 41
0.7
100
AcDbText
  0
TEXT
  5
D12
330
2
100
AcDbEntity
  8
0
100
AcDbText
 10
26704.34766243224
 20
-11064.83773401471
 30
0.0
 40
3.0
  1
18.6
 41
0.7
 72
     2
 11
26710.24766243224
 21
-11064.83773401471
 31
0.0
100
AcDbText
  0
TEXT
  5
D13
330
2
100
AcDbEntity
  8
0
100
AcDbText
 10
26688.84766243224
 20
-11064.83773401471
 30
0.0
 40
3.0
  1
2.33
 41
0.7
 72
     2
 11
26695.24766243224
 21
-11064.83773401471
 31
0.0
100
AcDbText
  0
TEXT
  5
D14
330
2
100
AcDbEntity
  8
0
100
AcDbText
 10
26676.04766243224
 20
-11064.83773401471
 30
0.0
 40
3.0
  1
8
 41
0.7
 72
     1
 11
26676.74766243224
 21
-11064.83773401471
 31
0.0
100
AcDbText
  0
TEXT
  5
D15
330
2
100
AcDbEntity
  8
0
100
AcDbText
 10
26662.74766243224
 20
-11064.83773401471
 30
0.0
 40
3.0
  1
1257
 41
0.7
 72
     2
 11
26669.74766243224
 21
-11064.83773401471
 31
0.0
100
AcDbText
  0
TEXT
  5
D16
330
2
100
AcDbEntity
  8
0
100
AcDbText
 10
26633.74766243224
 20
-11064.83773401471
 30
0.0
 40
3.0
  1
L40X3
 41
0.7
100
AcDbText
  0
TEXT
  5
D17
330
2
100
AcDbEntity
  8
0
100
AcDbText
 10
26624.09766243224
 20
-11064.83773401471
 30
0.0
 40
3.0
  1
406
 41
0.7
 72
     1
 11
26626.74766243224
 21
-11064.83773401471
 31
0.0
100
AcDbText
  0
TEXT
  5
D18
330
2
100
AcDbEntity
  8
0
100
AcDbText
 10
26704.34766243224
 20
-11058.83773401471
 30
0.0
 40
3.0
  1
14.6
 41
0.7
 72
     2
 11
26710.24766243224
 21
-11058.83773401471
 31
0.0
100
AcDbText
  0
TEXT
  5
D19
330
2
100
AcDbEntity
  8
0
100
AcDbText
 10
26689.24766243224
 20
-11058.83773401471
 30
0.0
 40
3.0
  1
1.82
 41
0.7
 72
     2
 11
26695.24766243224
 21
-11058.83773401471
 31
0.0
100
AcDbText
  0
TEXT
  5
D1A
330
2
100
AcDbEntity
  8
0
100
AcDbText
 10
26676.04766243224
 20
-11058.83773401471
 30
0.0
 40
3.0
  1
8
 41
0.7
 72
     1
 11
26676.74766243224
 21
-11058.83773401471
 31
0.0
100
AcDbText
  0
TEXT
  5
D1B
330
2
100
AcDbEntity
  8
0
100
AcDbText
 10
26665.24766243224
 20
-11058.83773401471
 30
0.0
 40
3.0
  1
981
 41
0.7
 72
     2
 11
26669.74766243224
 21
-11058.83773401471
 31
0.0
100
AcDbText
  0
TEXT
  5
D1C
330
2
100
AcDbEntity
  8
0
100
AcDbText
 10
26633.74766243224
 20
-11058.83773401471
 30
0.0
 40
3.0
  1
L40X3
 41
0.7
100
AcDbText
  0
TEXT
  5
D1D
330
2
100
AcDbEntity
  8
0
100
AcDbText
 10
26624.04766243224
 20
-11058.83773401471
 30
0.0
 40
3.0
  1
405
 41
0.7
 72
     1
 11
26626.74766243224
 21
-11058.83773401471
 31
0.0
100
AcDbText
  0
TEXT
  5
D1E
330
2
100
AcDbEntity
  8
0
100
AcDbText
 10
26703.84766243224
 20
-11052.83773401471
 30
0.0
 40
3.0
  1
56.2
 41
0.7
 72
     2
 11
26710.24766243224
 21
-11052.83773401471
 31
0.0
100
AcDbText
  0
TEXT
  5
D1F
330
2
100
AcDbEntity
  8
0
100
AcDbText
 10
26687.24766243224
 20
-11052.83773401471
 30
0.0
 40
3.0
  1
14.05
 41
0.7
 72
     2
 11
26695.24766243224
 21
-11052.83773401471
 31
0.0
100
AcDbText
  0
TEXT
  5
D20
330
2
100
AcDbEntity
  8
0
100
AcDbText
 10
26675.99766243224
 20
-11052.83773401471
 30
0.0
 40
3.0
  1
4
 41
0.7
 72
     1
 11
26676.74766243224
 21
-11052.83773401471
 31
0.0
100
AcDbText
  0
TEXT
  5
D21
330
2
100
AcDbEntity
  8
0
100
AcDbText
 10
26662.34766243224
 20
-11052.83773401471
 30
0.0
 40
3.0
  1
4078
 41
0.7
 72
     2
 11
26669.74766243224
 21
-11052.83773401471
 31
0.0
100
AcDbText
  0
TEXT
  5
D22
330
2
100
AcDbEntity
  8
0
100
AcDbText
 10
26633.74766243224
 20
-11052.83773401471
 30
0.0
 40
3.0
  1
L56X4
 41
0.7
100
AcDbText
  0
TEXT
  5
D23
330
2
100
AcDbEntity
  8
0
100
AcDbText
 10
26623.99766243224
 20
-11052.83773401471
 30
0.0
 40
3.0
  1
404
 41
0.7
 72
     1
 11
26626.74766243224
 21
-11052.83773401471
 31
0.0
100
AcDbText
  0
TEXT
  5
D24
330
2
100
AcDbEntity
  8
0
100
AcDbText
 10
26712.74766243224
 20
-11046.83773401471
 30
0.0
 40
3.0
  1
\M+5C7D0\M+5BDC7
 41
0.7
100
AcDbText
  0
TEXT
  5
D25
330
2
100
AcDbEntity
  8
0
100
AcDbText
 10
26703.84766243224
 20
-11046.83773401471
 30
0.0
 40
3.0
  1
56.2
 41
0.7
 72
     2
 11
26710.24766243224
 21
-11046.83773401471
 31
0.0
100
AcDbText
  0
TEXT
  5
D26
330
2
100
AcDbEntity
  8
0
100
AcDbText
 10
26687.24766243224
 20
-11046.83773401471
 30
0.0
 40
3.0
  1
14.05
 41
0.7
 72
     2
 11
26695.24766243224
 21
-11046.83773401471
 31
0.0
100
AcDbText
  0
TEXT
  5
D27
330
2
100
AcDbEntity
  8
0
100
AcDbText
 10
26675.99766243224
 20
-11046.83773401471
 30
0.0
 40
3.0
  1
4
 41
0.7
 72
     1
 11
26676.74766243224
 21
-11046.83773401471
 31
0.0
100
AcDbText
  0
TEXT
  5
D28
330
2
100
AcDbEntity
  8
0
100
AcDbText
 10
26662.34766243224
 20
-11046.83773401471
 30
0.0
 40
3.0
  1
4078
 41
0.7
 72
     2
 11
26669.74766243224
 21
-11046.83773401471
 31
0.0
100
AcDbText
  0
TEXT
  5
D29
330
2
100
AcDbEntity
  8
0
100
AcDbText
 10
26633.74766243224
 20
-11046.83773401471
 30
0.0
 40
3.0
  1
L56X4
 41
0.7
100
AcDbText
  0
TEXT
  5
D2A
330
2
100
AcDbEntity
  8
0
100
AcDbText
 10
26624.04766243224
 20
-11046.83773401471
 30
0.0
 40
3.0
  1
403
 41
0.7
 72
     1
 11
26626.74766243224
 21
-11046.83773401471
 31
0.0
100
AcDbText
  0
TEXT
  5
D2B
330
2
100
AcDbEntity
  8
0
100
AcDbText
 10
26701.74766243224
 20
-11040.83773401471
 30
0.0
 40
3.0
  1
228.4
 41
0.7
 72
     2
 11
26710.24766243224
 21
-11040.83773401471
 31
0.0
100
AcDbText
  0
TEXT
  5
D2C
330
2
100
AcDbEntity
  8
0
100
AcDbText
 10
26687.24766243224
 20
-11040.83773401471
 30
0.0
 40
3.0
  1
76.15
 41
0.7
 72
     2
 11
26695.24766243224
 21
-11040.83773401471
 31
0.0
100
AcDbText
  0
TEXT
  5
D2D
330
2
100
AcDbEntity
  8
0
100
AcDbText
 10
26676.04766243224
 20
-11040.83773401471
 30
0.0
 40
3.0
  1
3
 41
0.7
 72
     1
 11
26676.74766243224
 21
-11040.83773401471
 31
0.0
100
AcDbText
  0
TEXT
  5
D2E
330
2
100
AcDbEntity
  8
0
100
AcDbText
 10
26662.44766243224
 20
-11040.83773401471
 30
0.0
 40
3.0
  1
7029
 41
0.7
 72
     2
 11
26669.74766243224
 21
-11040.83773401471
 31
0.0
100
AcDbText
  0
TEXT
  5
D2F
330
2
100
AcDbEntity
  8
0
100
AcDbText
 10
26633.74766243224
 20
-11040.83773401471
 30
0.0
 40
3.0
  1
Q345L100X7
 41
0.7
100
AcDbText
  0
TEXT
  5
D30
330
2
100
AcDbEntity
  8
0
100
AcDbText
 10
26624.04766243224
 20
-11040.83773401471
 30
0.0
 40
3.0
  1
402
 41
0.7
 72
     1
 11
26626.74766243224
 21
-11040.83773401471
 31
0.0
100
AcDbText
  0
TEXT
  5
D31
330
2
100
AcDbEntity
  8
0
100
AcDbText
 10
26712.74766243224
 20
-11034.83773401471
 30
0.0
 40
3.0
  1
\M+5B4F8\M+5BDC5\M+5B6A4
 41
0.7
100
AcDbText
  0
TEXT
  5
D32
330
2
100
AcDbEntity
  8
0
100
AcDbText
 10
26703.84766243224
 20
-11034.83773401471
 30
0.0
 40
3.0
  1
76.2
 41
0.7
 72
     2
 11
26710.24766243224
 21
-11034.83773401471
 31
0.0
100
AcDbText
  0
TEXT
  5
D33
330
2
100
AcDbEntity
  8
0
100
AcDbText
 10
26687.24766243224
 20
-11034.83773401471
 30
0.0
 40
3.0
  1
76.15
 41
0.7
 72
     2
 11
26695.24766243224
 21
-11034.83773401471
 31
0.0
100
AcDbText
  0
TEXT
  5
D34
330
2
100
AcDbEntity
  8
0
100
AcDbText
 10
26676.49766243224
 20
-11034.83773401471
 30
0.0
 40
3.0
  1
1
 41
0.7
 72
     1
 11
26676.74766243224
 21
-11034.83773401471
 31
0.0
100
AcDbText
  0
TEXT
  5
D35
330
2
100
AcDbEntity
  8
0
100
AcDbText
 10
26662.44766243224
 20
-11034.83773401471
 30
0.0
 40
3.0
  1
7029
 41
0.7
 72
     2
 11
26669.74766243224
 21
-11034.83773401471
 31
0.0
100
AcDbText
  0
TEXT
  5
D36
330
2
100
AcDbEntity
  8
0
100
AcDbText
 10
26633.74766243224
 20
-11034.83773401471
 30
0.0
 40
3.0
  1
Q345L100X7
 41
0.7
100
AcDbText
  0
TEXT
  5
D37
330
2
100
AcDbEntity
  8
0
100
AcDbText
 10
26624.49766243224
 20
-11034.83773401471
 30
0.0
 40
3.0
  1
401
 41
0.7
 72
     1
 11
26626.74766243224
 21
-11034.83773401471
 31
0.0
100
AcDbText
  0
TEXT
  5
D38
330
2
100
AcDbEntity
  8
0
100
AcDbText
 10
26699.74766243224
 20
-11019.83773401471
 30
0.0
 40
3.0
  1
(kg)
 41
0.7
100
AcDbText
  0
TEXT
  5
D39
330
2
100
AcDbEntity
  8
0
100
AcDbText
 10
26659.74766243224
 20
-11027.83773401471
 30
0.0
 40
3.0
  1
(mm)
 41
0.7
100
AcDbText
  0
TEXT
  5
D3A
330
2
100
AcDbEntity
  8
0
100
AcDbText
 10
26631.74766243224
 20
-11222.83773401471
 30
0.0
 40
4.0
  1
\M+5BACF
 41
0.7
100
AcDbText
  0
TEXT
  5
D3B
330
2
100
AcDbEntity
  8
0
100
AcDbText
 10
26683.74766243224
 20
-11027.83773401471
 30
0.0
 40
4.0
  1
\M+5D2BB
 41
0.7
100
AcDbText
  0
TEXT
  5
D3C
330
2
100
AcDbEntity
  8
0
100
AcDbText
 10
26730.74766243224
 20
-11024.83773401471
 30
0.0
 40
4.0
  1
\M+5D7A2
 41
0.7
100
AcDbText
  0
TEXT
  5
D3D
330
2
100
AcDbEntity
  8
0
100
AcDbText
 10
26715.74766243224
 20
-11010.83773401471
 30
0.0
 40
6.0
  1
\M+5B1ED
 41
0.7
100
AcDbText
  0
TEXT
  5
D3E
330
2
100
AcDbEntity
  8
0
100
AcDbText
 10
26697.74766243224
 20
-11010.83773401471
 30
0.0
 40
6.0
  1
\M+5CFB8
 41
0.7
100
AcDbText
  0
TEXT
  5
D3F
330
2
100
AcDbEntity
  8
0
100
AcDbText
 10
26679.74766243224
 20
-11010.83773401471
 30
0.0
 40
6.0
  1
\M+5C3F7
 41
0.7
100
AcDbText
  0
TEXT
  5
D40
330
2
100
AcDbEntity
  8
0
100
AcDbText
 10
26661.74766243224
 20
-11010.83773401471
 30
0.0
 40
6.0
  1
\M+5BCFE
 41
0.7
100
AcDbText
  0
TEXT
  5
D41
330
2
100
AcDbEntity
  8
0
100
AcDbText
 10
26643.74766243224
 20
-11010.83773401471
 30
0.0
 40
6.0
  1
\M+5B9B9
 41
0.7
100
AcDbText
  0
TEXT
  5
D42
330
2
100
AcDbEntity
  8
0
100
AcDbText
 10
26716.74766243224
 20
-11024.83773401471
 30
0.0
 40
4.0
  1
\M+5B1B8
 41
0.7
100
AcDbText
  0
TEXT
  5
D43
330
2
100
AcDbEntity
  8
0
100
AcDbText
 10
26705.74766243224
 20
-11027.83773401471
 30
0.0
 40
4.0
  1
\M+5BCC6
 41
0.7
100
AcDbText
  0
TEXT
  5
D44
330
2
100
AcDbEntity
  8
0
100
AcDbText
 10
26698.74766243224
 20
-11027.83773401471
 30
0.0
 40
4.0
  1
\M+5D0A1
 41
0.7
100
AcDbText
  0
TEXT
  5
D45
330
2
100
AcDbEntity
  8
0
100
AcDbText
 10
26690.74766243224
 20
-11027.83773401471
 30
0.0
 40
4.0
  1
\M+5BCFE
 41
0.7
100
AcDbText
  0
TEXT
  5
D46
330
2
100
AcDbEntity
  8
0
100
AcDbText
 10
26693.74766243224
 20
-11020.83773401471
 30
0.0
 40
4.0
  1
\M+5C1BF
 41
0.7
100
AcDbText
  0
TEXT
  5
D47
330
2
100
AcDbEntity
  8
0
100
AcDbText
 10
26683.74766243224
 20
-11020.83773401471
 30
0.0
 40
4.0
  1
\M+5D6D8
 41
0.7
100
AcDbText
  0
TEXT
  5
D48
330
2
100
AcDbEntity
  8
0
100
AcDbText
 10
26674.74766243224
 20
-11027.33773401471
 30
0.0
 40
4.0
  1
\M+5C1BF
 41
0.7
100
AcDbText
  0
TEXT
  5
D49
330
2
100
AcDbEntity
  8
0
100
AcDbText
 10
26674.74766243224
 20
-11021.33773401471
 30
0.0
 40
4.0
  1
\M+5CAFD
 41
0.7
100
AcDbText
  0
TEXT
  5
D4A
330
2
100
AcDbEntity
  8
0
100
AcDbText
 10
26666.74766243224
 20
-11021.83773401471
 30
0.0
 40
4.0
  1
\M+5B6C8
 41
0.7
100
AcDbText
  0
TEXT
  5
D4B
330
2
100
AcDbEntity
  8
0
100
AcDbText
 10
26658.74766243224
 20
-11021.83773401471
 30
0.0
 40
4.0
  1
\M+5B3A4
 41
0.7
100
AcDbText
  0
TEXT
  5
D4C
330
2
100
AcDbEntity
  8
0
100
AcDbText
 10
26647.74766243224
 20
-11024.83773401471
 30
0.0
 40
4.0
  1
\M+5B8F1
 41
0.7
100
AcDbText
  0
TEXT
  5
D4D
330
2
100
AcDbEntity
  8
0
100
AcDbText
 10
26636.74766243224
 20
-11024.83773401471
 30
0.0
 40
4.0
  1
\M+5B9E6
 41
0.7
100
AcDbText
  0
TEXT
  5
D4E
330
2
100
AcDbEntity
  8
0
100
AcDbText
 10
26624.74766243224
 20
-11027.33773401471
 30
0.0
 40
4.0
  1
\M+5BAC5
 41
0.7
100
AcDbText
  0
TEXT
  5
D4F
330
2
100
AcDbEntity
  8
0
100
AcDbText
 10
26624.74766243224
 20
-11021.33773401471
 30
0.0
 40
4.0
  1
\M+5B1E0
 41
0.7
100
AcDbText
  0
LINE
  5
D50
330
2
100
AcDbEntity
  8
0
100
AcDbLine
 10
26681.74766243224
 20
-11022.33773401471
 30
0.0
 11
26711.74766243224
 21
-11022.33773401471
 31
0.0
  0
LINE
  5
D51
330
2
100
AcDbEntity
  8
0
100
AcDbLine
 10
26741.74766243224
 20
-11014.83773401471
 30
0.0
 11
26621.74766243224
 21
-11014.83773401471
 31
0.0
  0
LINE
  5
D52
330
2
100
AcDbEntity
  8
0
100
AcDbLine
 10
26621.74766243224
 20
-11029.83773401471
 30
0.0
 11
26741.74766243224
 21
-11029.83773401471
 31
0.0
  0
TEXT
  5
D53
330
2
100
AcDbEntity
  8
0
100
AcDbText
 10
26633.74766243224
 20
-11309.13916938257
 30
0.0
 40
3.8
  1
6.8\M+5BCB6
 41
0.7
100
AcDbText
  0
TEXT
  5
D54
330
2
100
AcDbEntity
  8
0
100
AcDbText
 10
26633.46683743075
 20
-11279.579479694
 30
0.0
 40
3.8
  1
6.8\M+5BCB6
 41
0.7
100
AcDbText
  0
TEXT
  5
D55
330
2
100
AcDbEntity
  8
0
100
AcDbText
 10
26668.14766243224
 20
-11321.33773401471
 30
0.0
 40
3.5
  1
\M+5B9E6\M+5B8F1X\M+5B8F6\M+5CAFD
 41
0.6
100
AcDbText
  0
TEXT
  5
D56
330
2
100
AcDbEntity
  8
0
100
AcDbText
 10
26645.14766243224
 20
-11320.33773401471
 30
0.0
 40
3.0
  1
-3(%%c17.5)
 41
0.7
100
AcDbText
  0
DIMENSION
  5
D57
330
2
100
AcDbEntity
  8
0
100
AcDbDimension
280
     0
  2
*D92
 10
26258.03596462651
 20
-11460.28854674557
 30
0.0
 11
26259.88794160903
 21
-11454.88540026586
 31
0.0
 70
     1
  1
3X70
 71
     5
 42
209.995468998568
 73
     0
 74
     0
 75
     0
  3
BZ$0
100
AcDbAlignedDimension
 13
26247.26213840369
 23
-11450.56561568647
 33
0.0
 14
26248.04563840369
 24
-11461.03611568646
 34
0.0
  0
DIMENSION
  5
D64
330
2
100
AcDbEntity
  8
0
100
AcDbDimension
280
     0
  2
*D93
 10
26258.2784871014
 20
-11463.52955704985
 30
0.0
 11
26260.40095284647
 21
-11461.74115541799
 31
0.0
 71
     5
 42
65.00143057892274
 73
     0
 74
     0
 75
     0
  3
BZ$0
100
AcDbAlignedDimension
 13
26248.04563840369
 23
-11461.03611568646
 33
0.0
 14
26250.78063840368
 24
-11464.09061568646
 34
0.0
 50
94.27942651226003
100
AcDbRotatedDimension
  0
DIMENSION
  5
D73
330
2
100
AcDbEntity
  8
0
100
AcDbDimension
280
     0
  2
*D94
 10
26073.81356479388
 20
-11462.16283323353
 30
0.0
 11
26071.96158781136
 21
-11456.75968675381
 31
0.0
 70
     1
  1
3X70
 71
     5
 42
209.9954689987862
 73
     0
 74
     0
 75
     0
  3
BZ$0
100
AcDbAlignedDimension
 13
26082.85963840369
 23
-11452.31061568646
 33
0.0
 14
26082.07613840368
 24
-11462.78111568646
 34
0.0
  0
DIMENSION
  5
D80
330
2
100
AcDbEntity
  8
0
100
AcDbDimension
280
     0
  2
*D95
 10
26073.70161898725
 20
-11463.65884927484
 30
0.0
 11
26070.43697531
 21
-11462.46264043289
 31
0.0
 70
   128
 71
     5
 42
30.00397213359975
 73
     0
 74
     0
 75
     0
  3
BZ$0
100
AcDbAlignedDimension
 13
26082.07613840368
 23
-11462.78111568646
 33
0.0
 14
26079.47163840368
 24
-11464.09061568646
 34
0.0
 50
85.72057348766104
100
AcDbRotatedDimension
  0
INSERT
  5
D8F
330
2
100
AcDbEntity
  8
2
100
AcDbBlockReference
  2
M16X50
 10
26097.99010324663
 20
-11250.00136791901
 30
0.0
 41
5.0
 42
5.0
 43
5.0
  0
TEXT
  5
D90
330
2
100
AcDbEntity
  8
0
100
AcDbText
 10
26712.74766243224
 20
-11172.83773401471
 30
0.0
 40
3.0
  1
\M+5C7D0\M+5BDC7
 41
0.7
100
AcDbText
  0
ENDSEC
  0
SECTION
  2
OBJECTS
  0
DICTIONARY
  5
B
330
0
100
AcDbDictionary
281
     1
  3
ACAD_COLOR
350
50
  3
ACAD_DETAILVIEWSTYLE
350
DF5
  3
ACAD_GROUP
350
3D
  3
ACAD_LAYOUT
350
18
  3
ACAD_MATERIAL
350
D
  3
ACAD_MLEADERSTYLE
350
DF3
  3
ACAD_MLINESTYLE
350
3E
  3
ACAD_PLOTSETTINGS
350
3F
  3
ACAD_PLOTSTYLENAME
350
A
  3
ACAD_SCALELIST
350
DD7
  3
ACAD_SECTIONVIEWSTYLE
350
DF7
  3
ACAD_TABLESTYLE
350
51
  3
ACAD_VISUALSTYLE
350
2D
  3
AcDbVariableDictionary
350
DAE
  3
ACDB_RECOMPOSE_DATA
350
DFB
  0
DICTIONARY
  5
1F
330
1E
100
AcDbDictionary
280
     1
281
     1
  3
ACAD_LAYERFILTERS
360
20
  3
ACAD_LAYERSTATES
360
21
  0
DICTIONARY
  5
7
330
6
100
AcDbDictionary
280
     1
281
     1
  3
ADSK_XREC_LAYER_RECONCILED
360
8
  0
DICTIONARY
  5
5A
330
59
100
AcDbDictionary
280
     1
281
     1
  3
ADSK_XREC_LAYER_RECONCILED
360
5B
  0
DICTIONARY
  5
E3
330
E2
100
AcDbDictionary
280
     1
281
     1
  3
ADSK_XREC_LAYER_RECONCILED
360
E4
  0
DICTIONARY
  5
8E
330
8D
100
AcDbDictionary
280
     1
281
     1
  3
ADSK_XREC_LAYER_RECONCILED
360
8F
  0
DICTIONARY
  5
17C
330
17B
100
AcDbDictionary
280
     1
281
     1
  3
ADSK_XREC_LAYER_RECONCILED
360
17D
  0
DICTIONARY
  5
727
330
726
100
AcDbDictionary
280
     1
281
     1
  3
ADSK_XREC_LAYER_RECONCILED
360
728
  0
DICTIONARY
  5
981
330
980
100
AcDbDictionary
280
     1
281
     1
  3
ADSK_XREC_LAYER_RECONCILED
360
982
  0
DICTIONARY
  5
3
330
2
100
AcDbDictionary
280
     1
281
     1
  3
ACAD_SORTENTS
360
D96
  0
DICTIONARY
  5
35
330
34
100
AcDbDictionary
280
     1
281
     1
  3
ACAD_SORTENTS
360
D94
  0
DICTIONARY
  5
5D
330
5C
100
AcDbDictionary
280
     1
281
     1
  3
ACAD_SORTENTS
360
D95
  0
DICTIONARY
  5
289
330
288
100
AcDbDictionary
280
     1
281
     1
  3
ACAD_SORTENTS
360
D91
  0
DICTIONARY
  5
41A
330
419
100
AcDbDictionary
280
     1
281
     1
  3
ACAD_SORTENTS
360
D92
  0
DICTIONARY
  5
1A2
330
1A1
100
AcDbDictionary
280
     1
281
     1
  3
ACAD_SORTENTS
360
D93
  0
DICTIONARY
  5
50
102
{ACAD_REACTORS
330
B
102
}
330
B
100
AcDbDictionary
281
     1
  0
DICTIONARY
  5
DF5
102
{ACAD_REACTORS
330
B
102
}
330
B
100
AcDbDictionary
281
     1
  3
Metric50
350
DF6
  0
DICTIONARY
  5
3D
102
{ACAD_REACTORS
330
B
102
}
330
B
100
AcDbDictionary
281
     1
  0
DICTIONARY
  5
18
102
{ACAD_REACTORS
330
B
102
}
330
B
100
AcDbDictionary
281
     1
  3
Model
350
17
  3
\M+5B2BC\M+5BED61
350
1D
  0
DICTIONARY
  5
D
102
{ACAD_REACTORS
330
B
102
}
330
B
100
AcDbDictionary
281
     1
  3
ByBlock
350
48
  3
ByLayer
350
40
  3
Global
350
C
  0
DICTIONARY
  5
DF3
102
{ACAD_REACTORS
330
B
102
}
330
B
100
AcDbDictionary
281
     1
  3
Standard
350
DF4
  0
DICTIONARY
  5
3E
102
{ACAD_REACTORS
330
B
102
}
330
B
100
AcDbDictionary
281
     1
  3
Standard
350
52
  0
DICTIONARY
  5
3F
102
{ACAD_REACTORS
330
B
102
}
330
B
100
AcDbDictionary
281
     1
  0
ACDBDICTIONARYWDFLT
  5
A
102
{ACAD_REACTORS
330
B
102
}
330
B
100
AcDbDictionary
281
     1
  3
Normal
350
9
100
AcDbDictionaryWithDefault
340
9
  0
DICTIONARY
  5
DD7
102
{ACAD_REACTORS
330
B
102
}
330
B
100
AcDbDictionary
281
     1
  3
A0
350
DD8
  3
A1
350
DD9
  3
A2
350
DDA
  3
A3
350
DDB
  3
A4
350
DDC
  3
A5
350
DDD
  3
A6
350
DDE
  3
A7
350
DDF
  3
A8
350
DE0
  3
A9
350
DE1
  3
B0
350
DE2
  3
B1
350
DE3
  3
B2
350
DE4
  3
B3
350
DE5
  3
B4
350
DE6
  3
B5
350
DE7
  3
B6
350
DE8
  0
DICTIONARY
  5
DF7
102
{ACAD_REACTORS
330
B
102
}
330
B
100
AcDbDictionary
281
     1
  3
Metric50
350
DF8
  0
DICTIONARY
  5
51
102
{ACAD_REACTORS
330
B
102
}
330
B
100
AcDbDictionary
281
     1
  3
Standard
350
53
  0
DICTIONARY
  5
2D
102
{ACAD_REACTORS
330
B
102
}
330
B
100
AcDbDictionary
281
     1
  3
2dWireframe
350
2C
  3
3D Hidden
350
DB6
  3
3dWireframe
350
57
  3
Basic
350
DB5
  3
Brighten
350
DB9
  3
ColorChange
350
DBD
  3
Conceptual
350
DB7
  3
Dim
350
DB8
  3
EdgeColorOff
350
DED
  3
Facepattern
350
DBC
  3
Flat
350
DB1
  3
FlatWithEdges
350
DB2
  3
Gouraud
350
DB3
  3
GouraudWithEdges
350
DB4
  3
Hidden
350
DEA
  3
JitterOff
350
DEB
  3
Linepattern
350
DBB
  3
OverhangOff
350
DEC
  3
Realistic
350
56
  3
Shaded
350
DF2
  3
Shaded with edges
350
DF1
  3
Shades of Gray
350
DEE
  3
Sketchy
350
DEF
  3
Thicken
350
DBA
  3
Wireframe
350
DE9
  3
X-Ray
350
DF0
  0
DICTIONARY
  5
DAE
102
{ACAD_REACTORS
330
B
102
}
330
B
100
AcDbDictionary
281
     1
  3
CANNOSCALE
350
DF9
  3
CMLEADERSTYLE
350
DFC
  3
CTABLESTYLE
350
DAF
  3
CVIEWDETAILSTYLE
350
DFF
  3
CVIEWSECTIONSTYLE
350
E00
  3
MSLTSCALE
350
DFD
  3
XCLIPFRAME
350
DFE
  0
XRECORD
  5
DFB
102
{ACAD_REACTORS
330
B
102
}
330
B
100
AcDbXrecord
280
     1
 90
        1
330
53
  0
DICTIONARY
  5
20
102
{ACAD_REACTORS
330
1F
102
}
330
1F
100
AcDbDictionary
281
     1
  0
DICTIONARY
  5
21
102
{ACAD_REACTORS
330
1F
102
}
330
1F
100
AcDbDictionary
281
     1
  0
XRECORD
  5
8
102
{ACAD_REACTORS
330
7
102
}
330
7
100
AcDbXrecord
280
     1
290
     1
  0
XRECORD
  5
5B
102
{ACAD_REACTORS
330
5A
102
}
330
5A
100
AcDbXrecord
280
     1
290
     1
  0
XRECORD
  5
E4
102
{ACAD_REACTORS
330
E3
102
}
330
E3
100
AcDbXrecord
280
     1
290
     1
  0
XRECORD
  5
8F
102
{ACAD_REACTORS
330
8E
102
}
330
8E
100
AcDbXrecord
280
     1
290
     1
  0
XRECORD
  5
17D
102
{ACAD_REACTORS
330
17C
102
}
330
17C
100
AcDbXrecord
280
     1
290
     1
  0
XRECORD
  5
728
102
{ACAD_REACTORS
330
727
102
}
330
727
100
AcDbXrecord
280
     1
290
     1
  0
XRECORD
  5
982
102
{ACAD_REACTORS
330
981
102
}
330
981
100
AcDbXrecord
280
     1
290
     1
  0
SORTENTSTABLE
  5
D96
102
{ACAD_REACTORS
330
3
102
}
330
3
100
AcDbSortentsTable
330
2
  0
SORTENTSTABLE
  5
D94
102
{ACAD_REACTORS
330
35
102
}
330
35
100
AcDbSortentsTable
330
34
  0
SORTENTSTABLE
  5
D95
102
{ACAD_REACTORS
330
5D
102
}
330
5D
100
AcDbSortentsTable
330
5C
  0
SORTENTSTABLE
  5
D91
102
{ACAD_REACTORS
330
289
102
}
330
289
100
AcDbSortentsTable
330
288
  0
SORTENTSTABLE
  5
D92
102
{ACAD_REACTORS
330
41A
102
}
330
41A
100
AcDbSortentsTable
330
419
  0
SORTENTSTABLE
  5
D93
102
{ACAD_REACTORS
330
1A2
102
}
330
1A2
100
AcDbSortentsTable
330
1A1
  0
ACDBDETAILVIEWSTYLE
  5
DF6
102
{ACAD_REACTORS
330
DF5
102
}
330
DF5
100
AcDbModelDocViewStyle
 70
     0
  3
Metric50
290
     0
300
Metric50
 90
        0
100
AcDbDetailViewStyle
 70
     0
 71
     0
 90
        3
 71
     1
340
23
 62
   256
 40
5.0
340
0
 62
   256
 40
5.0
300

 40
0.36
280
     1
 71
     2
340
15
 90
       25
 62
   256
 71
     3
340
23
 62
   256
 40
5.0
 90
        0
 40
15.0
 90
        1
300
%<\AcVar ViewDetailId>% (%<\AcVar ViewScale \f "%sn">%)
 71
     4
340
15
 90
       25
 62
   256
340
15
 90
       25
 62
   256
280
     0
  0
LAYOUT
  5
17
102
{ACAD_REACTORS
330
18
102
}
330
18
100
AcDbPlotSettings
  1

  2
Generic 42BW-4SeriesPCL
  4
A3
  6

 40
5.027082920074463
 41
5.027085781097412
 42
5.027099609375
 43
5.027069091796875
 44
296.9259948730469
 45
419.9466552734375
 46
0.0
 47
0.0
 48
12152558.409159
 49
717597.505138
140
12153399.409159
141
718191.505138
142
1.0
143
2.070611243214594
 70
  3760
 72
     1
 73
     1
 74
     4
  7
monochrome.ctb
 75
     0
 76
     1
 77
     2
 78
   300
147
0.4829491790296253
148
-12152558.409159
149
-717597.505138
100
AcDbLayout
  1
Model
 70
     1
 71
     0
 10
0.0
 20
0.0
 11
12.0
 21
9.0
 12
0.0
 22
0.0
 32
0.0
 14
0.0
 24
0.0
 34
0.0
 15
0.0
 25
0.0
 35
0.0
146
0.0
 13
0.0
 23
0.0
 33
0.0
 16
1.0
 26
0.0
 36
0.0
 17
0.0
 27
1.0
 37
0.0
 76
     0
330
2
331
2B
1001
ACAD_PSEXT
1000
Generic 42BW-4SeriesPCL
1000
Generic 42BW-4SeriesPCL
1000
IP_10.0.10.23
1000

1070
     0
  0
LAYOUT
  5
1D
102
{ACAD_REACTORS
330
18
102
}
330
18
100
AcDbPlotSettings
  1

  2
None
  4

  6

 40
0.0
 41
0.0
 42
0.0
 43
0.0
 44
0.0
 45
0.0
 46
0.0
 47
0.0
 48
0.0
 49
0.0
140
0.0
141
0.0
142
1.0
143
1.0
 70
   688
 72
     0
 73
     0
 74
     5
  7
monochrome.ctb
 75
    16
 76
     0
 77
     2
 78
   300
147
1.0
148
0.0
149
0.0
100
AcDbLayout
  1
\M+5B2BC\M+5BED61
 70
     1
 71
     1
 10
0.0
 20
0.0
 11
12.0
 21
9.0
 12
0.0
 22
0.0
 32
0.0
 14
0.0
 24
0.0
 34
0.0
 15
0.0
 25
0.0
 35
0.0
146
0.0
 13
0.0
 23
0.0
 33
0.0
 16
1.0
 26
0.0
 36
0.0
 17
0.0
 27
1.0
 37
0.0
 76
     0
330
1A
  0
MATERIAL
  5
48
102
{ACAD_REACTORS
330
D
102
}
330
D
100
AcDbMaterial
  1
ByBlock
 72
     0
 73
     2
 43
0.0008202099737533
 43
0.0
 43
0.0
 43
0.0
 43
0.0
 43
0.0008202099737533
 43
0.0
 43
0.0
 43
0.0
 43
0.0
 43
1.0
 43
0.0
 43
0.0
 43
0.0
 43
0.0
 43
1.0
 77
     0
 78
     2
 47
0.0008202099737533
 47
0.0
 47
0.0
 47
0.0
 47
0.0
 47
0.0008202099737533
 47
0.0
 47
0.0
 47
0.0
 47
0.0
 47
1.0
 47
0.0
 47
0.0
 47
0.0
 47
0.0
 47
1.0
171
     0
172
     2
 49
0.0008202099737533
 49
0.0
 49
0.0
 49
0.0
 49
0.0
 49
0.0008202099737533
 49
0.0
 49
0.0
 49
0.0
 49
0.0
 49
1.0
 49
0.0
 49
0.0
 49
0.0
 49
0.0
 49
1.0
175
     0
176
     2
142
0.0008202099737533
142
0.0
142
0.0
142
0.0
142
0.0
142
0.0008202099737533
142
0.0
142
0.0
142
0.0
142
0.0
142
1.0
142
0.0
142
0.0
142
0.0
142
0.0
142
1.0
179
     0
270
     2
144
0.0008202099737533
144
0.0
144
0.0
144
0.0
144
0.0
144
0.0008202099737533
144
0.0
144
0.0
144
0.0
144
0.0
144
1.0
144
0.0
144
0.0
144
0.0
144
0.0
144
1.0
274
     2
147
0.0008202099737533
147
0.0
147
0.0
147
0.0
147
0.0
147
0.0008202099737533
147
0.0
147
0.0
147
0.0
147
0.0
147
1.0
147
0.0
147
0.0
147
0.0
147
0.0
147
1.0
 94
      127
  0
MATERIAL
  5
40
102
{ACAD_REACTORS
330
D
102
}
330
D
100
AcDbMaterial
  1
ByLayer
 72
     0
 73
     2
 43
0.0008202099737533
 43
0.0
 43
0.0
 43
0.0
 43
0.0
 43
0.0008202099737533
 43
0.0
 43
0.0
 43
0.0
 43
0.0
 43
1.0
 43
0.0
 43
0.0
 43
0.0
 43
0.0
 43
1.0
 77
     0
 78
     2
 47
0.0008202099737533
 47
0.0
 47
0.0
 47
0.0
 47
0.0
 47
0.0008202099737533
 47
0.0
 47
0.0
 47
0.0
 47
0.0
 47
1.0
 47
0.0
 47
0.0
 47
0.0
 47
0.0
 47
1.0
171
     0
172
     2
 49
0.0008202099737533
 49
0.0
 49
0.0
 49
0.0
 49
0.0
 49
0.0008202099737533
 49
0.0
 49
0.0
 49
0.0
 49
0.0
 49
1.0
 49
0.0
 49
0.0
 49
0.0
 49
0.0
 49
1.0
175
     0
176
     2
142
0.0008202099737533
142
0.0
142
0.0
142
0.0
142
0.0
142
0.0008202099737533
142
0.0
142
0.0
142
0.0
142
0.0
142
1.0
142
0.0
142
0.0
142
0.0
142
0.0
142
1.0
179
     0
270
     2
144
0.0008202099737533
144
0.0
144
0.0
144
0.0
144
0.0
144
0.0008202099737533
144
0.0
144
0.0
144
0.0
144
0.0
144
1.0
144
0.0
144
0.0
144
0.0
144
0.0
144
1.0
274
     2
147
0.0008202099737533
147
0.0
147
0.0
147
0.0
147
0.0
147
0.0008202099737533
147
0.0
147
0.0
147
0.0
147
0.0
147
1.0
147
0.0
147
0.0
147
0.0
147
0.0
147
1.0
 94
      127
  0
MATERIAL
  5
C
102
{ACAD_REACTORS
330
D
102
}
330
D
100
AcDbMaterial
  1
Global
 72
     0
 73
     2
 43
0.0008202099737533
 43
0.0
 43
0.0
 43
0.0
 43
0.0
 43
0.0008202099737533
 43
0.0
 43
0.0
 43
0.0
 43
0.0
 43
1.0
 43
0.0
 43
0.0
 43
0.0
 43
0.0
 43
1.0
 77
     0
 78
     2
 47
0.0008202099737533
 47
0.0
 47
0.0
 47
0.0
 47
0.0
 47
0.0008202099737533
 47
0.0
 47
0.0
 47
0.0
 47
0.0
 47
1.0
 47
0.0
 47
0.0
 47
0.0
 47
0.0
 47
1.0
171
     0
172
     2
 49
0.0008202099737533
 49
0.0
 49
0.0
 49
0.0
 49
0.0
 49
0.0008202099737533
 49
0.0
 49
0.0
 49
0.0
 49
0.0
 49
1.0
 49
0.0
 49
0.0
 49
0.0
 49
0.0
 49
1.0
175
     0
176
     2
142
0.0008202099737533
142
0.0
142
0.0
142
0.0
142
0.0
142
0.0008202099737533
142
0.0
142
0.0
142
0.0
142
0.0
142
1.0
142
0.0
142
0.0
142
0.0
142
0.0
142
1.0
179
     0
270
     2
144
0.0008202099737533
144
0.0
144
0.0
144
0.0
144
0.0
144
0.0008202099737533
144
0.0
144
0.0
144
0.0
144
0.0
144
1.0
144
0.0
144
0.0
144
0.0
144
0.0
144
1.0
274
     2
147
0.0008202099737533
147
0.0
147
0.0
147
0.0
147
0.0
147
0.0008202099737533
147
0.0
147
0.0
147
0.0
147
0.0
147
1.0
147
0.0
147
0.0
147
0.0
147
0.0
147
1.0
 94
      127
  0
MLEADERSTYLE
  5
DF4
102
{ACAD_REACTORS
330
DF3
102
}
330
DF3
100
AcDbMLeaderStyle
179
     2
170
     2
171
     1
172
     0
 90
        2
 40
0.0
 41
0.0
173
     1
 91
-1056964608
340
26
 92
       -2
290
     1
 42
2.0
291
     1
 43
8.0
  3
Standard
341
0
 44
4.0
300

342
23
174
     1
178
     6
175
     1
176
     0
 93
-1056964608
 45
4.0
292
     0
297
     0
 46
4.0
343
0
 94
-1056964608
 47
1.0
 49
1.0
140
1.0
293
     1
141
0.0
294
     1
177
     0
142
1.0
295
     0
296
     0
143
3.75
271
     0
272
     9
273
     9
298
     0
  0
MLINESTYLE
  5
52
102
{ACAD_REACTORS
330
3E
102
}
330
3E
100
AcDbMlineStyle
  2
STANDARD
 70
     0
  3

 62
   256
 51
90.0
 52
90.0
 71
     2
 49
0.5
 62
   256
  6
BYLAYER
 49
-0.5
 62
   256
  6
BYLAYER
  0
ACDBPLACEHOLDER
  5
9
102
{ACAD_REACTORS
330
A
102
}
330
A
  0
SCALE
  5
DD8
102
{ACAD_REACTORS
330
DD7
102
}
330
DD7
100
AcDbScale
 70
     0
300
1:1
140
1.0
141
1.0
290
     1
  0
SCALE
  5
DD9
102
{ACAD_REACTORS
330
DD7
102
}
330
DD7
100
AcDbScale
 70
     0
300
1:2
140
1.0
141
2.0
290
     0
  0
SCALE
  5
DDA
102
{ACAD_REACTORS
330
DD7
102
}
330
DD7
100
AcDbScale
 70
     0
300
1:4
140
1.0
141
4.0
290
     0
  0
SCALE
  5
DDB
102
{ACAD_REACTORS
330
DD7
102
}
330
DD7
100
AcDbScale
 70
     0
300
1:5
140
1.0
141
5.0
290
     0
  0
SCALE
  5
DDC
102
{ACAD_REACTORS
330
DD7
102
}
330
DD7
100
AcDbScale
 70
     0
300
1:8
140
1.0
141
8.0
290
     0
  0
SCALE
  5
DDD
102
{ACAD_REACTORS
330
DD7
102
}
330
DD7
100
AcDbScale
 70
     0
300
1:10
140
1.0
141
10.0
290
     0
  0
SCALE
  5
DDE
102
{ACAD_REACTORS
330
DD7
102
}
330
DD7
100
AcDbScale
 70
     0
300
1:16
140
1.0
141
16.0
290
     0
  0
SCALE
  5
DDF
102
{ACAD_REACTORS
330
DD7
102
}
330
DD7
100
AcDbScale
 70
     0
300
1:20
140
1.0
141
20.0
290
     0
  0
SCALE
  5
DE0
102
{ACAD_REACTORS
330
DD7
102
}
330
DD7
100
AcDbScale
 70
     0
300
1:30
140
1.0
141
30.0
290
     0
  0
SCALE
  5
DE1
102
{ACAD_REACTORS
330
DD7
102
}
330
DD7
100
AcDbScale
 70
     0
300
1:40
140
1.0
141
40.0
290
     0
  0
SCALE
  5
DE2
102
{ACAD_REACTORS
330
DD7
102
}
330
DD7
100
AcDbScale
 70
     0
300
1:50
140
1.0
141
50.0
290
     0
  0
SCALE
  5
DE3
102
{ACAD_REACTORS
330
DD7
102
}
330
DD7
100
AcDbScale
 70
     0
300
1:100
140
1.0
141
100.0
290
     0
  0
SCALE
  5
DE4
102
{ACAD_REACTORS
330
DD7
102
}
330
DD7
100
AcDbScale
 70
     0
300
2:1
140
2.0
141
1.0
290
     0
  0
SCALE
  5
DE5
102
{ACAD_REACTORS
330
DD7
102
}
330
DD7
100
AcDbScale
 70
     0
300
4:1
140
4.0
141
1.0
290
     0
  0
SCALE
  5
DE6
102
{ACAD_REACTORS
330
DD7
102
}
330
DD7
100
AcDbScale
 70
     0
300
8:1
140
8.0
141
1.0
290
     0
  0
SCALE
  5
DE7
102
{ACAD_REACTORS
330
DD7
102
}
330
DD7
100
AcDbScale
 70
     0
300
10:1
140
10.0
141
1.0
290
     0
  0
SCALE
  5
DE8
102
{ACAD_REACTORS
330
DD7
102
}
330
DD7
100
AcDbScale
 70
     0
300
100:1
140
100.0
141
1.0
290
     0
  0
ACDBSECTIONVIEWSTYLE
  5
DF8
102
{ACAD_REACTORS
330
DF7
102
}
330
DF7
100
AcDbModelDocViewStyle
 70
     0
  3
Metric50
290
     0
300
Metric50
 90
        0
100
AcDbSectionViewStyle
 70
     0
 71
     0
 90
      102
 71
     1
340
23
 62
   256
 40
5.0
340
0
340
0
 62
   256
 40
5.0
300
I, O, Q, S, X, Z
 40
10.0
 90
        0
 40
2.5
 90
        0
 71
     2
340
15
 90
       25
 62
   256
340
15
 90
       50
 62
   256
 40
5.0
 40
2.5
 40
5.0
 71
     3
340
23
 62
   256
 40
5.0
 90
        0
 40
15.0
 90
        1
300
%<\AcVar ViewSectionStartId>%-%<\AcVar ViewSectionEndId>% (%<\AcVar ViewScale \f "%sn">%)
 71
     4
 62
   256
 62
   257
300
ANSI31
 40
1.0
 90
        0
290
     0
290
     0
 90
        6
 40
0.0
 40
1.570796326794897
 40
0.2617993877991494
 40
1.308996938995747
 40
-0.2617993877991494
 40
1.832595714594046
  0
TABLESTYLE
  5
53
102
{ACAD_REACTORS
330
51
102
}
102
{ACAD_XDICTIONARY
360
54
102
}
330
51
100
AcDbTableStyle
  3
Standard
 70
     0
 71
     0
 40
1.5
 41
1.5
280
     0
281
     0
  7
Standard
140
4.5
170
     2
 62
     0
 63
   257
283
     0
 90
      512
 91
        0
  1

274
    -2
284
     1
 64
     0
275
    -2
285
     1
 65
     0
276
    -2
286
     1
 66
     0
277
    -2
287
     1
 67
     0
278
    -2
288
     1
 68
     0
279
    -2
289
     1
 69
     0
  7
Standard
140
6.0
170
     5
 62
     0
 63
   257
283
     0
 90
      512
 91
        0
  1

274
    -2
284
     1
 64
     0
275
    -2
285
     1
 65
     0
276
    -2
286
     1
 66
     0
277
    -2
287
     1
 67
     0
278
    -2
288
     1
 68
     0
279
    -2
289
     1
 69
     0
  7
Standard
140
4.5
170
     5
 62
     0
 63
   257
283
     0
 90
      512
 91
        0
  1

274
    -2
284
     1
 64
     0
275
    -2
285
     1
 65
     0
276
    -2
286
     1
 66
     0
277
    -2
287
     1
 67
     0
278
    -2
288
     1
 68
     0
279
    -2
289
     1
 69
     0
  0
VISUALSTYLE
  5
2C
102
{ACAD_REACTORS
330
2D
102
}
330
2D
100
AcDbVisualStyle
  2
2dWireframe
 70
     4
177
     3
291
     0
 70
    58
 90
        0
176
     1
 90
        2
176
     1
 90
        0
176
     1
 90
        0
176
     1
 40
-0.6
176
     1
 40
-30.0
176
     1
 62
     7
176
     1
 90
        1
176
     1
 90
        4
176
     1
 62
     7
176
     1
 62
   257
176
     1
 90
        1
176
     1
 90
        1
176
     1
 40
1.0
176
     1
 90
        0
176
     1
 62
   257
176
     1
 40
1.0
176
     1
 90
        1
176
     1
 90
        6
176
     1
 90
        2
176
     1
 62
     7
176
     1
 90
        5
176
     1
 90
        0
176
     1
 90
        0
176
     1
290
     0
176
     1
 90
        1
176
     1
 40
0.0
176
     1
 90
        0
176
     1
290
     1
176
     1
290
     1
176
     1
290
     0
176
     1
290
     0
176
     1
290
     0
176
     1
290
     0
176
     1
290
     0
176
     1
290
     0
176
     1
290
     0
176
     1
 90
       50
176
     1
 40
0.0
176
     1
 40
1.0
176
     1
 90
        0
176
     1
 62
    18
420
        0
176
     1
 90
       50
176
     1
 90
        3
176
     1
 62
     5
420
      255
176
     1
290
     0
176
     1
 90
       50
176
     1
 90
       50
176
     1
 90
       50
176
     1
290
     0
176
     1
 90
       50
176
     1
 62
   256
176
     0
 40
1.0
176
     0
 90
        2
176
     1
  1
strokes_ogs.tif
176
     1
290
     0
176
     1
 40
1.0
176
     1
 40
1.0
176
     1
  0
VISUALSTYLE
  5
DB6
102
{ACAD_REACTORS
330
2D
102
}
330
2D
100
AcDbVisualStyle
  2
3D Hidden
 70
     6
177
     3
291
     0
 70
    58
 90
        1
176
     1
 90
        2
176
     1
 90
        2
176
     1
 90
        0
176
     1
 40
-0.6
176
     1
 40
-30.0
176
     1
 62
     7
420
 16777215
176
     1
 90
        2
176
     1
 90
        2
176
     1
 62
     7
176
     1
 62
   257
176
     1
 90
        2
176
     1
 90
        1
176
     1
 40
40.0
176
     1
 90
        0
176
     1
 62
   257
176
     1
 40
1.0
176
     1
 90
        1
176
     1
 90
        6
176
     1
 90
        2
176
     1
 62
     7
176
     1
 90
        3
176
     1
 90
        0
176
     1
 90
        0
176
     1
290
     0
176
     1
 90
        1
176
     1
 40
0.0
176
     1
 90
        0
176
     1
290
     0
176
     1
290
     1
176
     1
290
     1
176
     1
290
     0
176
     1
290
     0
176
     1
290
     0
176
     1
290
     0
176
     1
290
     0
176
     1
290
     0
176
     1
 90
       50
176
     1
 40
0.0
176
     1
 40
1.0
176
     1
 90
        0
176
     1
 62
    18
420
        0
176
     1
 90
       50
176
     1
 90
        3
176
     1
 62
     5
420
      255
176
     1
290
     0
176
     1
 90
       50
176
     1
 90
       50
176
     1
 90
       50
176
     1
290
     0
176
     1
 90
       50
176
     1
 62
   256
176
     0
 40
1.0
176
     0
 90
        2
176
     1
  1
strokes_ogs.tif
176
     1
290
     0
176
     1
 40
1.0
176
     1
 40
1.0
176
     1
  0
VISUALSTYLE
  5
57
102
{ACAD_REACTORS
330
2D
102
}
330
2D
100
AcDbVisualStyle
  2
3dWireframe
 70
     5
177
     3
291
     0
 70
    58
 90
        0
176
     1
 90
        2
176
     1
 90
        0
176
     1
 90
        0
176
     1
 40
-0.6
176
     1
 40
-30.0
176
     1
 62
     7
176
     1
 90
        1
176
     1
 90
        4
176
     1
 62
     7
176
     1
 62
   257
176
     1
 90
        1
176
     1
 90
        1
176
     1
 40
1.0
176
     1
 90
        0
176
     1
 62
   257
176
     1
 40
1.0
176
     1
 90
        1
176
     1
 90
        6
176
     1
 90
        2
176
     1
 62
     7
176
     1
 90
        5
176
     1
 90
        0
176
     1
 90
        0
176
     1
290
     0
176
     1
 90
        1
176
     1
 40
0.0
176
     1
 90
        0
176
     1
290
     0
176
     1
290
     1
176
     1
290
     1
176
     1
290
     0
176
     1
290
     0
176
     1
290
     0
176
     1
290
     0
176
     1
290
     0
176
     1
290
     0
176
     1
 90
       50
176
     1
 40
0.0
176
     1
 40
1.0
176
     1
 90
        0
176
     1
 62
    18
420
        0
176
     1
 90
       50
176
     1
 90
        3
176
     1
 62
     5
420
      255
176
     1
290
     0
176
     1
 90
       50
176
     1
 90
       50
176
     1
 90
       50
176
     1
290
     0
176
     1
 90
       50
176
     1
 62
   256
176
     0
 40
1.0
176
     0
 90
        2
176
     1
  1
strokes_ogs.tif
176
     1
290
     0
176
     1
 40
1.0
176
     1
 40
1.0
176
     1
  0
VISUALSTYLE
  5
DB5
102
{ACAD_REACTORS
330
2D
102
}
330
2D
100
AcDbVisualStyle
  2
Basic
 70
     7
177
     3
291
     1
 70
    58
 90
        1
176
     1
 90
        0
176
     1
 90
        1
176
     1
 90
        0
176
     1
 40
-0.6
176
     1
 40
-30.0
176
     1
 62
     7
420
 16777215
176
     1
 90
        0
176
     1
 90
        4
176
     1
 62
     7
176
     1
 62
   257
176
     1
 90
        1
176
     1
 90
        1
176
     1
 40
1.0
176
     1
 90
        8
176
     1
 62
     7
176
     1
 40
1.0
176
     1
 90
        1
176
     1
 90
        6
176
     1
 90
        2
176
     1
 62
     7
176
     1
 90
        5
176
     1
 90
        0
176
     1
 90
        0
176
     1
290
     0
176
     1
 90
        1
176
     1
 40
0.0
176
     1
 90
        0
176
     1
290
     0
176
     1
290
     1
176
     1
290
     1
176
     1
290
     0
176
     1
290
     0
176
     1
290
     0
176
     1
290
     0
176
     1
290
     0
176
     1
290
     0
176
     1
 90
       50
176
     1
 40
0.0
176
     1
 40
1.0
176
     1
 90
        0
176
     1
 62
    18
420
        0
176
     1
 90
       50
176
     1
 90
        3
176
     1
 62
     5
420
      255
176
     1
290
     0
176
     1
 90
       50
176
     1
 90
       50
176
     1
 90
       50
176
     1
290
     0
176
     1
 90
       50
176
     1
 62
   256
176
     0
 40
1.0
176
     0
 90
        2
176
     1
  1
strokes_ogs.tif
176
     1
290
     0
176
     1
 40
1.0
176
     1
 40
1.0
176
     1
  0
VISUALSTYLE
  5
DB9
102
{ACAD_REACTORS
330
2D
102
}
330
2D
100
AcDbVisualStyle
  2
Brighten
 70
    12
177
     3
291
     1
 70
    58
 90
        2
176
     1
 90
        2
176
     1
 90
        0
176
     1
 90
        0
176
     1
 40
-0.6
176
     1
 40
-30.0
176
     1
 62
     7
420
 16777215
176
     1
 90
        1
176
     1
 90
        4
176
     1
 62
     7
176
     1
 62
   257
176
     1
 90
        1
176
     1
 90
        1
176
     1
 40
1.0
176
     1
 90
        8
176
     1
 62
     7
176
     1
 40
1.0
176
     1
 90
        1
176
     1
 90
        6
176
     1
 90
        2
176
     1
 62
     7
176
     1
 90
        5
176
     1
 90
        0
176
     1
 90
        0
176
     1
290
     0
176
     1
 90
        1
176
     1
 40
50.0
176
     1
 90
        0
176
     1
290
     0
176
     1
290
     1
176
     1
290
     1
176
     1
290
     0
176
     1
290
     0
176
     1
290
     0
176
     1
290
     0
176
     1
290
     0
176
     1
290
     0
176
     1
 90
       50
176
     1
 40
0.0
176
     1
 40
1.0
176
     1
 90
        0
176
     1
 62
    18
420
        0
176
     1
 90
       50
176
     1
 90
        3
176
     1
 62
     5
420
      255
176
     1
290
     0
176
     1
 90
       50
176
     1
 90
       50
176
     1
 90
       50
176
     1
290
     0
176
     1
 90
       50
176
     1
 62
   256
176
     0
 40
1.0
176
     0
 90
        2
176
     1
  1
strokes_ogs.tif
176
     1
290
     0
176
     1
 40
1.0
176
     1
 40
1.0
176
     1
  0
VISUALSTYLE
  5
DBD
102
{ACAD_REACTORS
330
2D
102
}
330
2D
100
AcDbVisualStyle
  2
ColorChange
 70
    16
177
     3
291
     1
 70
    58
 90
        2
176
     1
 90
        2
176
     1
 90
        3
176
     1
 90
        0
176
     1
 40
-0.6
176
     1
 40
-30.0
176
     1
 62
     8
420
  8421504
176
     1
 90
        1
176
     1
 90
        4
176
     1
 62
     7
176
     1
 62
   257
176
     1
 90
        1
176
     1
 90
        1
176
     1
 40
1.0
176
     1
 90
        8
176
     1
 62
     8
420
  8421504
176
     1
 40
1.0
176
     1
 90
        1
176
     1
 90
        6
176
     1
 90
        2
176
     1
 62
     7
176
     1
 90
        5
176
     1
 90
        0
176
     1
 90
        0
176
     1
290
     0
176
     1
 90
        1
176
     1
 40
0.0
176
     1
 90
        0
176
     1
290
     0
176
     1
290
     1
176
     1
290
     1
176
     1
290
     0
176
     1
290
     0
176
     1
290
     0
176
     1
290
     0
176
     1
290
     0
176
     1
290
     0
176
     1
 90
       50
176
     1
 40
0.0
176
     1
 40
1.0
176
     1
 90
        0
176
     1
 62
    18
420
        0
176
     1
 90
       50
176
     1
 90
        3
176
     1
 62
     5
420
      255
176
     1
290
     0
176
     1
 90
       50
176
     1
 90
       50
176
     1
 90
       50
176
     1
290
     0
176
     1
 90
       50
176
     1
 62
   256
176
     0
 40
1.0
176
     0
 90
        2
176
     1
  1
strokes_ogs.tif
176
     1
290
     0
176
     1
 40
1.0
176
     1
 40
1.0
176
     1
  0
VISUALSTYLE
  5
DB7
102
{ACAD_REACTORS
330
2D
102
}
330
2D
100
AcDbVisualStyle
  2
Conceptual
 70
     9
177
     3
291
     0
 70
    58
 90
        3
176
     1
 90
        2
176
     1
 90
        0
176
     1
 90
        0
176
     1
 40
-0.6
176
     1
 40
-30.0
176
     1
 62
     7
420
 16777215
176
     1
 90
        2
176
     1
 90
        2
176
     1
 62
     7
176
     1
 62
   257
176
     1
 90
        1
176
     1
 90
        1
176
     1
 40
40.0
176
     1
 90
        8
176
     1
 62
     7
176
     1
 40
1.0
176
     1
 90
        1
176
     1
 90
        6
176
     1
 90
        2
176
     1
 62
     7
176
     1
 90
        3
176
     1
 90
        0
176
     1
 90
        0
176
     1
290
     0
176
     1
 90
        1
176
     1
 40
0.0
176
     1
 90
        0
176
     1
290
     0
176
     1
290
     1
176
     1
290
     1
176
     1
290
     0
176
     1
290
     0
176
     1
290
     0
176
     1
290
     0
176
     1
290
     0
176
     1
290
     0
176
     1
 90
       50
176
     1
 40
0.0
176
     1
 40
1.0
176
     1
 90
        0
176
     1
 62
    18
420
        0
176
     1
 90
       50
176
     1
 90
        3
176
     1
 62
     5
420
      255
176
     1
290
     0
176
     1
 90
       50
176
     1
 90
       50
176
     1
 90
       50
176
     1
290
     0
176
     1
 90
       50
176
     1
 62
   256
176
     0
 40
1.0
176
     0
 90
        2
176
     1
  1
strokes_ogs.tif
176
     1
290
     0
176
     1
 40
1.0
176
     1
 40
1.0
176
     1
  0
VISUALSTYLE
  5
DB8
102
{ACAD_REACTORS
330
2D
102
}
330
2D
100
AcDbVisualStyle
  2
Dim
 70
    11
177
     3
291
     1
 70
    58
 90
        2
176
     1
 90
        2
176
     1
 90
        0
176
     1
 90
        0
176
     1
 40
-0.6
176
     1
 40
-30.0
176
     1
 62
     7
420
 16777215
176
     1
 90
        1
176
     1
 90
        4
176
     1
 62
     7
176
     1
 62
   257
176
     1
 90
        1
176
     1
 90
        1
176
     1
 40
1.0
176
     1
 90
        8
176
     1
 62
     7
176
     1
 40
1.0
176
     1
 90
        1
176
     1
 90
        6
176
     1
 90
        2
176
     1
 62
     7
176
     1
 90
        5
176
     1
 90
        0
176
     1
 90
        0
176
     1
290
     0
176
     1
 90
        1
176
     1
 40
-50.0
176
     1
 90
        0
176
     1
290
     0
176
     1
290
     1
176
     1
290
     1
176
     1
290
     0
176
     1
290
     0
176
     1
290
     0
176
     1
290
     0
176
     1
290
     0
176
     1
290
     0
176
     1
 90
       50
176
     1
 40
0.0
176
     1
 40
1.0
176
     1
 90
        0
176
     1
 62
    18
420
        0
176
     1
 90
       50
176
     1
 90
        3
176
     1
 62
     5
420
      255
176
     1
290
     0
176
     1
 90
       50
176
     1
 90
       50
176
     1
 90
       50
176
     1
290
     0
176
     1
 90
       50
176
     1
 62
   256
176
     0
 40
1.0
176
     0
 90
        2
176
     1
  1
strokes_ogs.tif
176
     1
290
     0
176
     1
 40
1.0
176
     1
 40
1.0
176
     1
  0
VISUALSTYLE
  5
DED
102
{ACAD_REACTORS
330
2D
102
}
330
2D
100
AcDbVisualStyle
  2
EdgeColorOff
 70
    22
177
     3
291
     1
 70
    58
 90
        2
176
     0
 90
        2
176
     0
 90
        0
176
     0
 90
        0
176
     0
 40
0.6
176
     0
 40
30.0
176
     0
 62
     7
420
 16777215
176
     0
 90
        1
176
     0
 90
        4
176
     0
 62
     7
176
     0
 62
   257
176
     0
 90
        1
176
     0
 90
        1
176
     0
 40
1.0
176
     0
 90
        8
176
     2
 62
     7
176
     0
 40
1.0
176
     0
 90
        1
176
     0
 90
        6
176
     0
 90
        2
176
     0
 62
     7
176
     0
 90
        5
176
     0
 90
        0
176
     0
 90
        0
176
     0
290
     0
176
     0
 90
        1
176
     0
 40
0.0
176
     0
 90
        0
176
     0
290
     0
176
     0
290
     1
176
     0
290
     1
176
     0
290
     0
176
     0
290
     0
176
     0
290
     0
176
     0
290
     0
176
     0
290
     0
176
     0
290
     0
176
     0
 90
       50
176
     0
 40
0.0
176
     0
 40
1.0
176
     0
 90
        0
176
     0
 62
    18
420
        0
176
     0
 90
       50
176
     0
 90
        3
176
     0
 62
     5
420
      255
176
     0
290
     0
176
     0
 90
       50
176
     0
 90
       50
176
     0
 90
       50
176
     0
290
     0
176
     0
 90
       50
176
     0
 62
   256
176
     0
 40
1.0
176
     0
 90
        2
176
     0
  1
strokes_ogs.tif
176
     0
290
     0
176
     0
 40
1.0
176
     0
 40
1.0
176
     0
  0
VISUALSTYLE
  5
DBC
102
{ACAD_REACTORS
330
2D
102
}
330
2D
100
AcDbVisualStyle
  2
Facepattern
 70
    15
177
     3
291
     1
 70
    58
 90
        2
176
     1
 90
        2
176
     1
 90
        0
176
     1
 90
        0
176
     1
 40
-0.6
176
     1
 40
-30.0
176
     1
 62
     7
420
 16777215
176
     1
 90
        1
176
     1
 90
        4
176
     1
 62
     7
176
     1
 62
   257
176
     1
 90
        1
176
     1
 90
        1
176
     1
 40
1.0
176
     1
 90
        8
176
     1
 62
     7
176
     1
 40
1.0
176
     1
 90
        1
176
     1
 90
        6
176
     1
 90
        2
176
     1
 62
     7
176
     1
 90
        5
176
     1
 90
        0
176
     1
 90
        0
176
     1
290
     0
176
     1
 90
        1
176
     1
 40
0.0
176
     1
 90
        0
176
     1
290
     0
176
     1
290
     1
176
     1
290
     1
176
     1
290
     0
176
     1
290
     0
176
     1
290
     0
176
     1
290
     0
176
     1
290
     0
176
     1
290
     0
176
     1
 90
       50
176
     1
 40
0.0
176
     1
 40
1.0
176
     1
 90
        0
176
     1
 62
    18
420
        0
176
     1
 90
       50
176
     1
 90
        3
176
     1
 62
     5
420
      255
176
     1
290
     0
176
     1
 90
       50
176
     1
 90
       50
176
     1
 90
       50
176
     1
290
     0
176
     1
 90
       50
176
     1
 62
   256
176
     0
 40
1.0
176
     0
 90
        2
176
     1
  1
strokes_ogs.tif
176
     1
290
     0
176
     1
 40
1.0
176
     1
 40
1.0
176
     1
  0
VISUALSTYLE
  5
DB1
102
{ACAD_REACTORS
330
2D
102
}
330
2D
100
AcDbVisualStyle
  2
Flat
 70
     0
177
     3
291
     1
 70
    58
 90
        2
176
     1
 90
        1
176
     1
 90
        1
176
     1
 90
        2
176
     1
 40
-0.6
176
     1
 40
30.0
176
     1
 62
     7
420
 16777215
176
     1
 90
        0
176
     1
 90
        4
176
     1
 62
     7
176
     1
 62
   257
176
     1
 90
        1
176
     1
 90
        1
176
     1
 40
1.0
176
     1
 90
        8
176
     1
 62
     7
176
     1
 40
1.0
176
     1
 90
        1
176
     1
 90
        6
176
     1
 90
        2
176
     1
 62
     7
176
     1
 90
        5
176
     1
 90
        0
176
     1
 90
        0
176
     1
290
     0
176
     1
 90
       13
176
     1
 40
0.0
176
     1
 90
        0
176
     1
290
     0
176
     1
290
     1
176
     1
290
     1
176
     1
290
     0
176
     1
290
     0
176
     1
290
     0
176
     1
290
     0
176
     1
290
     0
176
     1
290
     0
176
     1
 90
       50
176
     1
 40
0.0
176
     1
 40
1.0
176
     1
 90
        0
176
     1
 62
    18
420
        0
176
     1
 90
       50
176
     1
 90
        3
176
     1
 62
     5
420
      255
176
     1
290
     0
176
     1
 90
       50
176
     1
 90
       50
176
     1
 90
       50
176
     1
290
     0
176
     1
 90
       50
176
     1
 62
   256
176
     0
 40
1.0
176
     0
 90
        2
176
     1
  1
strokes_ogs.tif
176
     1
290
     0
176
     1
 40
1.0
176
     1
 40
1.0
176
     1
  0
VISUALSTYLE
  5
DB2
102
{ACAD_REACTORS
330
2D
102
}
330
2D
100
AcDbVisualStyle
  2
FlatWithEdges
 70
     1
177
     3
291
     1
 70
    58
 90
        2
176
     1
 90
        1
176
     1
 90
        1
176
     1
 90
        2
176
     1
 40
-0.6
176
     1
 40
30.0
176
     1
 62
     7
420
 16777215
176
     1
 90
        1
176
     1
 90
        4
176
     1
 62
     7
176
     1
 62
   257
176
     1
 90
        1
176
     1
 90
        1
176
     1
 40
1.0
176
     1
 90
        0
176
     1
 62
   257
176
     1
 40
1.0
176
     1
 90
        1
176
     1
 90
        6
176
     1
 90
        2
176
     1
 62
     7
176
     1
 90
        5
176
     1
 90
        0
176
     1
 90
        0
176
     1
290
     0
176
     1
 90
       13
176
     1
 40
0.0
176
     1
 90
        0
176
     1
290
     0
176
     1
290
     1
176
     1
290
     1
176
     1
290
     0
176
     1
290
     0
176
     1
290
     0
176
     1
290
     0
176
     1
290
     0
176
     1
290
     0
176
     1
 90
       50
176
     1
 40
0.0
176
     1
 40
1.0
176
     1
 90
        0
176
     1
 62
    18
420
        0
176
     1
 90
       50
176
     1
 90
        3
176
     1
 62
     5
420
      255
176
     1
290
     0
176
     1
 90
       50
176
     1
 90
       50
176
     1
 90
       50
176
     1
290
     0
176
     1
 90
       50
176
     1
 62
   256
176
     0
 40
1.0
176
     0
 90
        2
176
     1
  1
strokes_ogs.tif
176
     1
290
     0
176
     1
 40
1.0
176
     1
 40
1.0
176
     1
  0
VISUALSTYLE
  5
DB3
102
{ACAD_REACTORS
330
2D
102
}
330
2D
100
AcDbVisualStyle
  2
Gouraud
 70
     2
177
     3
291
     1
 70
    58
 90
        2
176
     1
 90
        2
176
     1
 90
        1
176
     1
 90
        2
176
     1
 40
-0.6
176
     1
 40
30.0
176
     1
 62
     7
420
 16777215
176
     1
 90
        0
176
     1
 90
        4
176
     1
 62
     7
176
     1
 62
   257
176
     1
 90
        1
176
     1
 90
        1
176
     1
 40
1.0
176
     1
 90
        0
176
     1
 62
     7
176
     1
 40
1.0
176
     1
 90
        1
176
     1
 90
        6
176
     1
 90
        2
176
     1
 62
     7
176
     1
 90
        5
176
     1
 90
        0
176
     1
 90
        0
176
     1
290
     0
176
     1
 90
       13
176
     1
 40
0.0
176
     1
 90
        0
176
     1
290
     0
176
     1
290
     1
176
     1
290
     1
176
     1
290
     0
176
     1
290
     0
176
     1
290
     0
176
     1
290
     0
176
     1
290
     0
176
     1
290
     0
176
     1
 90
       50
176
     1
 40
0.0
176
     1
 40
1.0
176
     1
 90
        0
176
     1
 62
    18
420
        0
176
     1
 90
       50
176
     1
 90
        3
176
     1
 62
     5
420
      255
176
     1
290
     0
176
     1
 90
       50
176
     1
 90
       50
176
     1
 90
       50
176
     1
290
     0
176
     1
 90
       50
176
     1
 62
   256
176
     0
 40
1.0
176
     0
 90
        2
176
     1
  1
strokes_ogs.tif
176
     1
290
     0
176
     1
 40
1.0
176
     1
 40
1.0
176
     1
  0
VISUALSTYLE
  5
DB4
102
{ACAD_REACTORS
330
2D
102
}
330
2D
100
AcDbVisualStyle
  2
GouraudWithEdges
 70
     3
177
     3
291
     1
 70
    58
 90
        2
176
     1
 90
        2
176
     1
 90
        1
176
     1
 90
        2
176
     1
 40
-0.6
176
     1
 40
30.0
176
     1
 62
     7
420
 16777215
176
     1
 90
        1
176
     1
 90
        4
176
     1
 62
     7
176
     1
 62
   257
176
     1
 90
        1
176
     1
 90
        1
176
     1
 40
1.0
176
     1
 90
        0
176
     1
 62
   257
176
     1
 40
1.0
176
     1
 90
        1
176
     1
 90
        6
176
     1
 90
        2
176
     1
 62
     7
176
     1
 90
        5
176
     1
 90
        0
176
     1
 90
        0
176
     1
290
     0
176
     1
 90
       13
176
     1
 40
0.0
176
     1
 90
        0
176
     1
290
     0
176
     1
290
     1
176
     1
290
     1
176
     1
290
     0
176
     1
290
     0
176
     1
290
     0
176
     1
290
     0
176
     1
290
     0
176
     1
290
     0
176
     1
 90
       50
176
     1
 40
0.0
176
     1
 40
1.0
176
     1
 90
        0
176
     1
 62
    18
420
        0
176
     1
 90
       50
176
     1
 90
        3
176
     1
 62
     5
420
      255
176
     1
290
     0
176
     1
 90
       50
176
     1
 90
       50
176
     1
 90
       50
176
     1
290
     0
176
     1
 90
       50
176
     1
 62
   256
176
     0
 40
1.0
176
     0
 90
        2
176
     1
  1
strokes_ogs.tif
176
     1
290
     0
176
     1
 40
1.0
176
     1
 40
1.0
176
     1
  0
VISUALSTYLE
  5
DEA
102
{ACAD_REACTORS
330
2D
102
}
330
2D
100
AcDbVisualStyle
  2
Hidden
 70
     6
177
     3
291
     0
 70
    58
 90
        1
176
     1
 90
        2
176
     1
 90
        2
176
     1
 90
        0
176
     1
 40
0.6
176
     1
 40
30.0
176
     1
 62
     7
420
 16777215
176
     1
 90
        2
176
     1
 90
        2
176
     1
 62
     7
176
     1
 62
   257
176
     1
 90
        2
176
     1
 90
        1
176
     1
 40
40.0
176
     1
 90
        0
176
     1
 62
   257
176
     1
 40
1.0
176
     1
 90
        1
176
     1
 90
        6
176
     1
 90
        2
176
     1
 62
     7
176
     1
 90
        3
176
     1
 90
        0
176
     1
 90
        0
176
     1
290
     0
176
     1
 90
        1
176
     1
 40
0.0
176
     1
 90
        0
176
     1
290
     0
176
     1
290
     1
176
     1
290
     1
176
     1
290
     0
176
     1
290
     0
176
     1
290
     0
176
     1
290
     0
176
     1
290
     0
176
     1
290
     0
176
     1
 90
       50
176
     1
 40
0.0
176
     1
 40
1.0
176
     1
 90
        0
176
     1
 62
    18
420
        0
176
     1
 90
       50
176
     1
 90
        3
176
     1
 62
     5
420
      255
176
     1
290
     0
176
     1
 90
       50
176
     1
 90
       50
176
     1
 90
       50
176
     1
290
     0
176
     1
 90
       50
176
     1
 62
   256
176
     0
 40
1.0
176
     0
 90
        2
176
     1
  1
strokes_ogs.tif
176
     1
290
     0
176
     1
 40
1.0
176
     1
 40
1.0
176
     1
  0
VISUALSTYLE
  5
DEB
102
{ACAD_REACTORS
330
2D
102
}
330
2D
100
AcDbVisualStyle
  2
JitterOff
 70
    20
177
     3
291
     1
 70
    58
 90
        2
176
     0
 90
        2
176
     0
 90
        0
176
     0
 90
        0
176
     0
 40
0.6
176
     0
 40
30.0
176
     0
 62
     7
420
 16777215
176
     0
 90
        1
176
     0
 90
        4
176
     0
 62
     7
176
     0
 62
   257
176
     0
 90
        1
176
     0
 90
        1
176
     0
 40
1.0
176
     0
 90
       10
176
     2
 62
     7
176
     0
 40
1.0
176
     0
 90
        1
176
     0
 90
        6
176
     0
 90
        2
176
     0
 62
     7
176
     0
 90
        5
176
     0
 90
        0
176
     0
 90
        0
176
     0
290
     0
176
     0
 90
        1
176
     0
 40
0.0
176
     0
 90
        0
176
     0
290
     0
176
     0
290
     1
176
     0
290
     1
176
     0
290
     0
176
     0
290
     0
176
     0
290
     0
176
     0
290
     0
176
     0
290
     0
176
     0
290
     0
176
     0
 90
       50
176
     0
 40
0.0
176
     0
 40
1.0
176
     0
 90
        0
176
     0
 62
    18
420
        0
176
     0
 90
       50
176
     0
 90
        3
176
     0
 62
     5
420
      255
176
     0
290
     0
176
     0
 90
       50
176
     0
 90
       50
176
     0
 90
       50
176
     0
290
     0
176
     0
 90
       50
176
     0
 62
   256
176
     0
 40
1.0
176
     0
 90
        2
176
     0
  1
strokes_ogs.tif
176
     0
290
     0
176
     0
 40
1.0
176
     0
 40
1.0
176
     0
  0
VISUALSTYLE
  5
DBB
102
{ACAD_REACTORS
330
2D
102
}
330
2D
100
AcDbVisualStyle
  2
Linepattern
 70
    14
177
     3
291
     1
 70
    58
 90
        2
176
     1
 90
        2
176
     1
 90
        0
176
     1
 90
        0
176
     1
 40
-0.6
176
     1
 40
-30.0
176
     1
 62
     7
420
 16777215
176
     1
 90
        1
176
     1
 90
        4
176
     1
 62
     7
176
     1
 62
   257
176
     1
 90
        7
176
     1
 90
        7
176
     1
 40
1.0
176
     1
 90
        8
176
     1
 62
     7
176
     1
 40
1.0
176
     1
 90
        1
176
     1
 90
        6
176
     1
 90
        2
176
     1
 62
     7
176
     1
 90
        5
176
     1
 90
        0
176
     1
 90
        0
176
     1
290
     0
176
     1
 90
        1
176
     1
 40
0.0
176
     1
 90
        0
176
     1
290
     0
176
     1
290
     1
176
     1
290
     1
176
     1
290
     0
176
     1
290
     0
176
     1
290
     0
176
     1
290
     0
176
     1
290
     0
176
     1
290
     0
176
     1
 90
       50
176
     1
 40
0.0
176
     1
 40
1.0
176
     1
 90
        0
176
     1
 62
    18
420
        0
176
     1
 90
       50
176
     1
 90
        3
176
     1
 62
     5
420
      255
176
     1
290
     0
176
     1
 90
       50
176
     1
 90
       50
176
     1
 90
       50
176
     1
290
     0
176
     1
 90
       50
176
     1
 62
   256
176
     0
 40
1.0
176
     0
 90
        2
176
     1
  1
strokes_ogs.tif
176
     1
290
     0
176
     1
 40
1.0
176
     1
 40
1.0
176
     1
  0
VISUALSTYLE
  5
DEC
102
{ACAD_REACTORS
330
2D
102
}
330
2D
100
AcDbVisualStyle
  2
OverhangOff
 70
    21
177
     3
291
     1
 70
    58
 90
        2
176
     0
 90
        2
176
     0
 90
        0
176
     0
 90
        0
176
     0
 40
0.6
176
     0
 40
30.0
176
     0
 62
     7
420
 16777215
176
     0
 90
        1
176
     0
 90
        4
176
     0
 62
     7
176
     0
 62
   257
176
     0
 90
        1
176
     0
 90
        1
176
     0
 40
1.0
176
     0
 90
        9
176
     2
 62
     7
176
     0
 40
1.0
176
     0
 90
        1
176
     0
 90
        6
176
     0
 90
        2
176
     0
 62
     7
176
     0
 90
        5
176
     0
 90
        0
176
     0
 90
        0
176
     0
290
     0
176
     0
 90
        1
176
     0
 40
0.0
176
     0
 90
        0
176
     0
290
     0
176
     0
290
     1
176
     0
290
     1
176
     0
290
     0
176
     0
290
     0
176
     0
290
     0
176
     0
290
     0
176
     0
290
     0
176
     0
290
     0
176
     0
 90
       50
176
     0
 40
0.0
176
     0
 40
1.0
176
     0
 90
        0
176
     0
 62
    18
420
        0
176
     0
 90
       50
176
     0
 90
        3
176
     0
 62
     5
420
      255
176
     0
290
     0
176
     0
 90
       50
176
     0
 90
       50
176
     0
 90
       50
176
     0
290
     0
176
     0
 90
       50
176
     0
 62
   256
176
     0
 40
1.0
176
     0
 90
        2
176
     0
  1
strokes_ogs.tif
176
     0
290
     0
176
     0
 40
1.0
176
     0
 40
1.0
176
     0
  0
VISUALSTYLE
  5
56
102
{ACAD_REACTORS
330
2D
102
}
330
2D
100
AcDbVisualStyle
  2
Realistic
 70
     8
177
     3
291
     0
 70
    58
 90
        2
176
     1
 90
        2
176
     1
 90
        0
176
     1
 90
        0
176
     1
 40
-0.6
176
     1
 40
-30.0
176
     1
 62
     7
176
     1
 90
        1
176
     1
 90
        0
176
     1
 62
     7
176
     1
 62
   257
176
     1
 90
        1
176
     1
 90
        1
176
     1
 40
1.0
176
     1
 90
        8
176
     1
 62
     8
176
     1
 40
1.0
176
     1
 90
        1
176
     1
 90
        6
176
     1
 90
        2
176
     1
 62
     7
176
     1
 90
        5
176
     1
 90
        0
176
     1
 90
        0
176
     1
290
     0
176
     1
 90
       13
176
     1
 40
0.0
176
     1
 90
        0
176
     1
290
     0
176
     1
290
     1
176
     1
290
     1
176
     1
290
     0
176
     1
290
     0
176
     1
290
     0
176
     1
290
     0
176
     1
290
     0
176
     1
290
     0
176
     1
 90
       50
176
     1
 40
0.0
176
     1
 40
1.0
176
     1
 90
        0
176
     1
 62
    18
420
        0
176
     1
 90
       50
176
     1
 90
        3
176
     1
 62
     5
420
      255
176
     1
290
     0
176
     1
 90
       50
176
     1
 90
       50
176
     1
 90
       50
176
     1
290
     0
176
     1
 90
       50
176
     1
 62
   256
176
     0
 40
1.0
176
     0
 90
        2
176
     1
  1
strokes_ogs.tif
176
     1
290
     0
176
     1
 40
1.0
176
     1
 40
1.0
176
     1
  0
VISUALSTYLE
  5
DF2
102
{ACAD_REACTORS
330
2D
102
}
330
2D
100
AcDbVisualStyle
  2
Shaded
 70
    27
177
     3
291
     0
 70
    58
 90
        2
176
     1
 90
        2
176
     1
 90
        1
176
     1
 90
        2
176
     1
 40
0.6
176
     1
 40
30.0
176
     1
 62
     7
420
 16777215
176
     1
 90
        0
176
     1
 90
        4
176
     1
 62
     7
176
     1
 62
   257
176
     1
 90
        1
176
     1
 90
        1
176
     1
 40
1.0
176
     1
 90
        8
176
     1
 62
   257
176
     1
 40
1.0
176
     1
 90
        1
176
     1
 90
        6
176
     1
 90
        2
176
     1
 62
     8
420
  7895160
176
     1
 90
        3
176
     1
 90
        0
176
     1
 90
        0
176
     1
290
     0
176
     1
 90
        5
176
     1
 40
0.0
176
     1
 90
        0
176
     1
290
     0
176
     1
290
     1
176
     1
290
     1
176
     1
290
     0
176
     1
290
     0
176
     1
290
     0
176
     1
290
     0
176
     1
290
     0
176
     1
290
     0
176
     1
 90
       50
176
     1
 40
0.0
176
     1
 40
1.0
176
     1
 90
        0
176
     1
 62
    18
420
        0
176
     1
 90
       50
176
     1
 90
        3
176
     1
 62
     5
420
      255
176
     1
290
     0
176
     1
 90
       50
176
     1
 90
       50
176
     1
 90
       50
176
     1
290
     0
176
     1
 90
       50
176
     1
 62
   256
176
     0
 40
1.0
176
     0
 90
        2
176
     1
  1
strokes_ogs.tif
176
     1
290
     0
176
     1
 40
1.0
176
     1
 40
1.0
176
     1
  0
VISUALSTYLE
  5
DF1
102
{ACAD_REACTORS
330
2D
102
}
330
2D
100
AcDbVisualStyle
  2
Shaded with edges
 70
    26
177
     3
291
     0
 70
    58
 90
        2
176
     1
 90
        2
176
     1
 90
        1
176
     1
 90
        2
176
     1
 40
0.6
176
     1
 40
30.0
176
     1
 62
     7
420
 16777215
176
     1
 90
        1
176
     1
 90
       10
176
     1
 62
     7
176
     1
 62
   257
176
     1
 90
        2
176
     1
 90
        1
176
     1
 40
1.0
176
     1
 90
        8
176
     1
 62
   257
176
     1
 40
1.0
176
     1
 90
        1
176
     1
 90
        6
176
     1
 90
        2
176
     1
 62
     7
176
     1
 90
        3
176
     1
 90
        0
176
     1
 90
        0
176
     1
290
     0
176
     1
 90
        5
176
     1
 40
0.0
176
     1
 90
        0
176
     1
290
     0
176
     1
290
     1
176
     1
290
     1
176
     1
290
     0
176
     1
290
     0
176
     1
290
     0
176
     1
290
     0
176
     1
290
     0
176
     1
290
     0
176
     1
 90
       50
176
     1
 40
0.0
176
     1
 40
1.0
176
     1
 90
        0
176
     1
 62
    18
420
        0
176
     1
 90
       50
176
     1
 90
        3
176
     1
 62
     5
420
      255
176
     1
290
     0
176
     1
 90
       50
176
     1
 90
       50
176
     1
 90
       50
176
     1
290
     0
176
     1
 90
       50
176
     1
 62
   256
176
     0
 40
1.0
176
     0
 90
        2
176
     1
  1
strokes_ogs.tif
176
     1
290
     0
176
     1
 40
1.0
176
     1
 40
1.0
176
     1
  0
VISUALSTYLE
  5
DEE
102
{ACAD_REACTORS
330
2D
102
}
330
2D
100
AcDbVisualStyle
  2
Shades of Gray
 70
    23
177
     3
291
     0
 70
    58
 90
        2
176
     1
 90
        2
176
     1
 90
        3
176
     1
 90
        0
176
     1
 40
0.6
176
     1
 40
30.0
176
     1
 62
     7
420
 16777215
176
     1
 90
        2
176
     1
 90
        2
176
     1
 62
     7
176
     1
 62
     7
176
     1
 90
        1
176
     1
 90
        1
176
     1
 40
40.0
176
     1
 90
        8
176
     1
 62
     7
176
     1
 40
1.0
176
     1
 90
        1
176
     1
 90
        6
176
     1
 90
        2
176
     1
 62
     7
176
     1
 90
        3
176
     1
 90
        0
176
     1
 90
        0
176
     1
290
     0
176
     1
 90
        1
176
     1
 40
0.0
176
     1
 90
        0
176
     1
290
     0
176
     1
290
     1
176
     1
290
     1
176
     1
290
     0
176
     1
290
     0
176
     1
290
     0
176
     1
290
     0
176
     1
290
     0
176
     1
290
     0
176
     1
 90
       50
176
     1
 40
0.0
176
     1
 40
1.0
176
     1
 90
        0
176
     1
 62
    18
420
        0
176
     1
 90
       50
176
     1
 90
        3
176
     1
 62
     5
420
      255
176
     1
290
     0
176
     1
 90
       50
176
     1
 90
       50
176
     1
 90
       50
176
     1
290
     0
176
     1
 90
       50
176
     1
 62
   256
176
     0
 40
1.0
176
     0
 90
        2
176
     1
  1
strokes_ogs.tif
176
     1
290
     0
176
     1
 40
1.0
176
     1
 40
1.0
176
     1
  0
VISUALSTYLE
  5
DEF
102
{ACAD_REACTORS
330
2D
102
}
330
2D
100
AcDbVisualStyle
  2
Sketchy
 70
    24
177
     3
291
     0
 70
    58
 90
        1
176
     1
 90
        2
176
     1
 90
        2
176
     1
 90
        0
176
     1
 40
0.6
176
     1
 40
30.0
176
     1
 62
     7
420
 16777215
176
     1
 90
        2
176
     1
 90
        2
176
     1
 62
     7
176
     1
 62
     7
176
     1
 90
        1
176
     1
 90
        1
176
     1
 40
40.0
176
     1
 90
       11
176
     1
 62
     7
176
     1
 40
1.0
176
     1
 90
        1
176
     1
 90
        6
176
     1
 90
        2
176
     1
 62
     7
176
     1
 90
        6
176
     1
 90
        0
176
     1
 90
        0
176
     1
290
     0
176
     1
 90
        1
176
     1
 40
0.0
176
     1
 90
        0
176
     1
290
     0
176
     1
290
     1
176
     1
290
     1
176
     1
290
     0
176
     1
290
     0
176
     1
290
     0
176
     1
290
     0
176
     1
290
     0
176
     1
290
     0
176
     1
 90
       50
176
     1
 40
0.0
176
     1
 40
1.0
176
     1
 90
        0
176
     1
 62
    18
420
        0
176
     1
 90
       50
176
     1
 90
        3
176
     1
 62
     5
420
      255
176
     1
290
     0
176
     1
 90
       50
176
     1
 90
       50
176
     1
 90
       50
176
     1
290
     0
176
     1
 90
       50
176
     1
 62
   256
176
     0
 40
1.0
176
     0
 90
        2
176
     1
  1
strokes_ogs.tif
176
     1
290
     0
176
     1
 40
1.0
176
     1
 40
1.0
176
     1
  0
VISUALSTYLE
  5
DBA
102
{ACAD_REACTORS
330
2D
102
}
330
2D
100
AcDbVisualStyle
  2
Thicken
 70
    13
177
     3
291
     1
 70
    58
 90
        2
176
     1
 90
        2
176
     1
 90
        0
176
     1
 90
        0
176
     1
 40
-0.6
176
     1
 40
-30.0
176
     1
 62
     7
420
 16777215
176
     1
 90
        1
176
     1
 90
        4
176
     1
 62
     7
176
     1
 62
   257
176
     1
 90
        1
176
     1
 90
        1
176
     1
 40
1.0
176
     1
 90
       12
176
     1
 62
     7
176
     1
 40
1.0
176
     1
 90
        1
176
     1
 90
        6
176
     1
 90
        2
176
     1
 62
     7
176
     1
 90
        5
176
     1
 90
        0
176
     1
 90
        0
176
     1
290
     0
176
     1
 90
        1
176
     1
 40
0.0
176
     1
 90
        0
176
     1
290
     0
176
     1
290
     1
176
     1
290
     1
176
     1
290
     0
176
     1
290
     0
176
     1
290
     0
176
     1
290
     0
176
     1
290
     0
176
     1
290
     0
176
     1
 90
       50
176
     1
 40
0.0
176
     1
 40
1.0
176
     1
 90
        0
176
     1
 62
    18
420
        0
176
     1
 90
       50
176
     1
 90
        3
176
     1
 62
     5
420
      255
176
     1
290
     0
176
     1
 90
       50
176
     1
 90
       50
176
     1
 90
       50
176
     1
290
     0
176
     1
 90
       50
176
     1
 62
   256
176
     0
 40
1.0
176
     0
 90
        2
176
     1
  1
strokes_ogs.tif
176
     1
290
     0
176
     1
 40
1.0
176
     1
 40
1.0
176
     1
  0
VISUALSTYLE
  5
DE9
102
{ACAD_REACTORS
330
2D
102
}
330
2D
100
AcDbVisualStyle
  2
Wireframe
 70
     5
177
     3
291
     0
 70
    58
 90
        0
176
     1
 90
        2
176
     1
 90
        0
176
     1
 90
        0
176
     1
 40
0.6
176
     1
 40
30.0
176
     1
 62
     7
420
 16777215
176
     1
 90
        1
176
     1
 90
        4
176
     1
 62
     7
176
     1
 62
   257
176
     1
 90
        1
176
     1
 90
        1
176
     1
 40
1.0
176
     1
 90
        0
176
     1
 62
   257
176
     1
 40
1.0
176
     1
 90
        1
176
     1
 90
        6
176
     1
 90
        2
176
     1
 62
     7
176
     1
 90
        3
176
     1
 90
        0
176
     1
 90
        0
176
     1
290
     0
176
     1
 90
        1
176
     1
 40
0.0
176
     1
 90
        0
176
     1
290
     0
176
     1
290
     1
176
     1
290
     1
176
     1
290
     0
176
     1
290
     0
176
     1
290
     0
176
     1
290
     0
176
     1
290
     0
176
     1
290
     0
176
     1
 90
       50
176
     1
 40
0.0
176
     1
 40
1.0
176
     1
 90
        0
176
     1
 62
    18
420
        0
176
     1
 90
       50
176
     1
 90
        3
176
     1
 62
     5
420
      255
176
     1
290
     0
176
     1
 90
       50
176
     1
 90
       50
176
     1
 90
       50
176
     1
290
     0
176
     1
 90
       50
176
     1
 62
   256
176
     0
 40
1.0
176
     0
 90
        2
176
     1
  1
strokes_ogs.tif
176
     1
290
     0
176
     1
 40
1.0
176
     1
 40
1.0
176
     1
  0
VISUALSTYLE
  5
DF0
102
{ACAD_REACTORS
330
2D
102
}
330
2D
100
AcDbVisualStyle
  2
X-Ray
 70
    25
177
     3
291
     0
 70
    58
 90
        2
176
     1
 90
        2
176
     1
 90
        1
176
     1
 90
        1
176
     1
 40
0.5
176
     1
 40
30.0
176
     1
 62
     7
420
 16777215
176
     1
 90
        1
176
     1
 90
        0
176
     1
 62
     7
176
     1
 62
   257
176
     1
 90
        1
176
     1
 90
        1
176
     1
 40
1.0
176
     1
 90
        8
176
     1
 62
     7
176
     1
 40
1.0
176
     1
 90
        1
176
     1
 90
        6
176
     1
 90
        2
176
     1
 62
     7
176
     1
 90
        3
176
     1
 90
        0
176
     1
 90
        0
176
     1
290
     0
176
     1
 90
       13
176
     1
 40
0.0
176
     1
 90
        0
176
     1
290
     0
176
     1
290
     1
176
     1
290
     1
176
     1
290
     0
176
     1
290
     0
176
     1
290
     0
176
     1
290
     0
176
     1
290
     0
176
     1
290
     0
176
     1
 90
       50
176
     1
 40
0.0
176
     1
 40
1.0
176
     1
 90
        0
176
     1
 62
    18
420
        0
176
     1
 90
       50
176
     1
 90
        3
176
     1
 62
     5
420
      255
176
     1
290
     0
176
     1
 90
       50
176
     1
 90
       50
176
     1
 90
       50
176
     1
290
     0
176
     1
 90
       50
176
     1
 62
   256
176
     0
 40
1.0
176
     0
 90
        2
176
     1
  1
strokes_ogs.tif
176
     1
290
     0
176
     1
 40
1.0
176
     1
 40
1.0
176
     1
  0
DICTIONARYVAR
  5
DF9
102
{ACAD_REACTORS
330
DAE
102
}
330
DAE
100
DictionaryVariables
280
     0
  1
1:1
  0
DICTIONARYVAR
  5
DFC
102
{ACAD_REACTORS
330
DAE
102
}
330
DAE
100
DictionaryVariables
280
     0
  1
Standard
  0
DICTIONARYVAR
  5
DAF
102
{ACAD_REACTORS
330
DAE
102
}
330
DAE
100
DictionaryVariables
280
     0
  1
Standard
  0
DICTIONARYVAR
  5
DFF
102
{ACAD_REACTORS
330
DAE
102
}
330
DAE
100
DictionaryVariables
280
     0
  1
Metric50
  0
DICTIONARYVAR
  5
E00
102
{ACAD_REACTORS
330
DAE
102
}
330
DAE
100
DictionaryVariables
280
     0
  1
Metric50
  0
DICTIONARYVAR
  5
DFD
102
{ACAD_REACTORS
330
DAE
102
}
330
DAE
100
DictionaryVariables
280
     0
  1
0
  0
DICTIONARYVAR
  5
DFE
102
{ACAD_REACTORS
330
DAE
102
}
330
DAE
100
DictionaryVariables
280
     0
  1
0
  0
DICTIONARY
  5
54
330
53
100
AcDbDictionary
280
     1
281
     1
  3
ACAD_ROUNDTRIP_2008_TABLESTYLE_CELLSTYLEMAP
360
DFA
  0
CELLSTYLEMAP
  5
DFA
102
{ACAD_REACTORS
330
54
102
}
330
54
100
AcDbCellStyleMap
 90
        3
300
CELLSTYLE
  1
TABLEFORMAT_BEGIN
 90
        5
170
     1
 91
        0
 92
    32768
 62
   257
 93
        1
300
CONTENTFORMAT
  1
CONTENTFORMAT_BEGIN
 90
        0
 91
        0
 92
      512
 93
        0
300

 40
0.0
140
1.0
 94
        5
 62
     0
340
23
144
6.0
309
CONTENTFORMAT_END
171
     1
301
MARGIN
  1
CELLMARGIN_BEGIN
 40
1.5
 40
1.5
 40
1.5
 40
1.5
 40
0.18
 40
0.18
309
CELLMARGIN_END
 94
        6
 95
        1
302
GRIDFORMAT
  1
GRIDFORMAT_BEGIN
 90
        0
 91
        1
 62
     0
 92
       -2
340
0
 93
        0
 40
0.045
309
GRIDFORMAT_END
 95
        2
302
GRIDFORMAT
  1
GRIDFORMAT_BEGIN
 90
        0
 91
        1
 62
     0
 92
       -2
340
0
 93
        0
 40
0.045
309
GRIDFORMAT_END
 95
        4
302
GRIDFORMAT
  1
GRIDFORMAT_BEGIN
 90
        0
 91
        1
 62
     0
 92
       -2
340
0
 93
        0
 40
0.045
309
GRIDFORMAT_END
 95
        8
302
GRIDFORMAT
  1
GRIDFORMAT_BEGIN
 90
        0
 91
        1
 62
     0
 92
       -2
340
0
 93
        0
 40
0.045
309
GRIDFORMAT_END
 95
       16
302
GRIDFORMAT
  1
GRIDFORMAT_BEGIN
 90
        0
 91
        1
 62
     0
 92
       -2
340
0
 93
        0
 40
0.045
309
GRIDFORMAT_END
 95
       32
302
GRIDFORMAT
  1
GRIDFORMAT_BEGIN
 90
        0
 91
        1
 62
     0
 92
       -2
340
0
 93
        0
 40
0.045
309
GRIDFORMAT_END
309
TABLEFORMAT_END
  1
CELLSTYLE_BEGIN
 90
        1
 91
        1
300
_TITLE
309
CELLSTYLE_END
300
CELLSTYLE
  1
TABLEFORMAT_BEGIN
 90
        5
170
     1
 91
        0
 92
        0
 62
   257
 93
        1
300
CONTENTFORMAT
  1
CONTENTFORMAT_BEGIN
 90
        0
 91
        0
 92
      512
 93
        0
300

 40
0.0
140
1.0
 94
        5
 62
     0
340
23
144
4.5
309
CONTENTFORMAT_END
171
     1
301
MARGIN
  1
CELLMARGIN_BEGIN
 40
1.5
 40
1.5
 40
1.5
 40
1.5
 40
0.18
 40
0.18
309
CELLMARGIN_END
 94
        6
 95
        1
302
GRIDFORMAT
  1
GRIDFORMAT_BEGIN
 90
        0
 91
        1
 62
     0
 92
       -2
340
0
 93
        0
 40
0.045
309
GRIDFORMAT_END
 95
        2
302
GRIDFORMAT
  1
GRIDFORMAT_BEGIN
 90
        0
 91
        1
 62
     0
 92
       -2
340
0
 93
        0
 40
0.045
309
GRIDFORMAT_END
 95
        4
302
GRIDFORMAT
  1
GRIDFORMAT_BEGIN
 90
        0
 91
        1
 62
     0
 92
       -2
340
0
 93
        0
 40
0.045
309
GRIDFORMAT_END
 95
        8
302
GRIDFORMAT
  1
GRIDFORMAT_BEGIN
 90
        0
 91
        1
 62
     0
 92
       -2
340
0
 93
        0
 40
0.045
309
GRIDFORMAT_END
 95
       16
302
GRIDFORMAT
  1
GRIDFORMAT_BEGIN
 90
        0
 91
        1
 62
     0
 92
       -2
340
0
 93
        0
 40
0.045
309
GRIDFORMAT_END
 95
       32
302
GRIDFORMAT
  1
GRIDFORMAT_BEGIN
 90
        0
 91
        1
 62
     0
 92
       -2
340
0
 93
        0
 40
0.045
309
GRIDFORMAT_END
309
TABLEFORMAT_END
  1
CELLSTYLE_BEGIN
 90
        2
 91
        1
300
_HEADER
309
CELLSTYLE_END
300
CELLSTYLE
  1
TABLEFORMAT_BEGIN
 90
        5
170
     1
 91
        0
 92
        0
 62
   257
 93
        1
300
CONTENTFORMAT
  1
CONTENTFORMAT_BEGIN
 90
        0
 91
        0
 92
      512
 93
        0
300

 40
0.0
140
1.0
 94
        2
 62
     0
340
23
144
4.5
309
CONTENTFORMAT_END
171
     1
301
MARGIN
  1
CELLMARGIN_BEGIN
 40
1.5
 40
1.5
 40
1.5
 40
1.5
 40
0.18
 40
0.18
309
CELLMARGIN_END
 94
        6
 95
        1
302
GRIDFORMAT
  1
GRIDFORMAT_BEGIN
 90
        0
 91
        1
 62
     0
 92
       -2
340
0
 93
        0
 40
0.045
309
GRIDFORMAT_END
 95
        2
302
GRIDFORMAT
  1
GRIDFORMAT_BEGIN
 90
        0
 91
        1
 62
     0
 92
       -2
340
0
 93
        0
 40
0.045
309
GRIDFORMAT_END
 95
        4
302
GRIDFORMAT
  1
GRIDFORMAT_BEGIN
 90
        0
 91
        1
 62
     0
 92
       -2
340
0
 93
        0
 40
0.045
309
GRIDFORMAT_END
 95
        8
302
GRIDFORMAT
  1
GRIDFORMAT_BEGIN
 90
        0
 91
        1
 62
     0
 92
       -2
340
0
 93
        0
 40
0.045
309
GRIDFORMAT_END
 95
       16
302
GRIDFORMAT
  1
GRIDFORMAT_BEGIN
 90
        0
 91
        1
 62
     0
 92
       -2
340
0
 93
        0
 40
0.045
309
GRIDFORMAT_END
 95
       32
302
GRIDFORMAT
  1
GRIDFORMAT_BEGIN
 90
        0
 91
        1
 62
     0
 92
       -2
340
0
 93
        0
 40
0.045
309
GRIDFORMAT_END
309
TABLEFORMAT_END
  1
CELLSTYLE_BEGIN
 90
        3
 91
        2
300
_DATA
309
CELLSTYLE_END
  0
ENDSEC
  0
SECTION
  2
THUMBNAILIMAGE
 90
    19424
310
28000000B4000000660000000100080000000000B847000000000000000000000001000000000000FFFFFF00FFFFFF0000000000FFFFFF00FFFFFF00FFFFFF00FFFFFF00FFFFFF00FFFFFF00FFFFFF00FFFFFF00330000006600000099000000CC000000FF00000000330000333300006633000099330000CC330000FF3300
310
0000660000336600006666000099660000CC660000FF66000000990000339900006699000099990000CC990000FF99000000CC000033CC000066CC000099CC0000CCCC0000FFCC000000FF000033FF000066FF000099FF0000CCFF0000FFFF000000003300330033006600330099003300CC003300FF003300003333003333
310
33006633330099333300CC333300FF33330000663300336633006666330099663300CC663300FF66330000993300339933006699330099993300CC993300FF99330000CC330033CC330066CC330099CC3300CCCC3300FFCC330000FF330033FF330066FF330099FF3300CCFF3300FFFF330000006600330066006600660099
310
006600CC006600FF00660000336600333366006633660099336600CC336600FF33660000666600336666006666660099666600CC666600FF66660000996600339966006699660099996600CC996600FF99660000CC660033CC660066CC660099CC6600CCCC6600FFCC660000FF660033FF660066FF660099FF6600CCFF6600
310
FFFF660000009900330099006600990099009900CC009900FF00990000339900333399006633990099339900CC339900FF33990000669900336699006666990099669900CC669900FF66990000999900339999006699990099999900CC999900FF99990000CC990033CC990066CC990099CC9900CCCC9900FFCC990000FF99
310
0033FF990066FF990099FF9900CCFF9900FFFF99000000CC003300CC006600CC009900CC00CC00CC00FF00CC000033CC003333CC006633CC009933CC00CC33CC00FF33CC000066CC003366CC006666CC009966CC00CC66CC00FF66CC000099CC003399CC006699CC009999CC00CC99CC00FF99CC0000CCCC0033CCCC0066CC
310
CC0099CCCC00CCCCCC00FFCCCC0000FFCC0033FFCC0066FFCC0099FFCC00CCFFCC00FFFFCC000000FF003300FF006600FF009900FF00CC00FF00FF00FF000033FF003333FF006633FF009933FF00CC33FF00FF33FF000066FF003366FF006666FF009966FF00CC66FF00FF66FF000099FF003399FF006699FF009999FF00CC
310
99FF00FF99FF0000CCFF0033CCFF0066CCFF0099CCFF00CCCCFF00FFCCFF0000FFFF0033FFFF0066FFFF0099FFFF00CCFFFF0000000000FFFFFF000D0D0D001A1A1A00282828003535350043434300505050005D5D5D006B6B6B00787878008686860093939300A1A1A100AEAEAE00BBBBBB00C9C9C900D6D6D600E4E4E400
310
F1F1F10000000000FFFFFF00FFFFFF00FFFFFF00FFFFFF00FFFFFF00FFFFFF00FFFFFF00FFFFFF00FFFFFF00FFFFFF00E2E2E2E2E2E2E2E2E2E2E2E2E2E2E2E2E2E2F5F5F5F5F5F5F5F5F5F5F5F5F5F5F5F5F5F5F5F5F5F5F5F5F5F5F5F5F5F5F5F5F5F5F5F5F5F5F5F5F5F5F5F5F5F5F5F5F5F5F5F5F5F5F5F5F5F5F5F5F5
310
F5F5F5F5F5F5F5F5F5F5F5F5F5F5F5F5F5F5F5F5F5F5F5F5F5F5F5F5F5F5F5F5F5F5F5F5F5F5F5F5F5F5F5F5F5F5F5F5F5F5F5F5F5F5F5F5F5F5F5F5F5F5F5F5F5F5F5F5F5F5F5F5F5F5F5F5F5F5F5F5F5F5F5E2E2E2E2E2E2E2E2E2E2E2E2E2E2E2E2E2E2E2E2E2E2E2E2E2E2E2E2E2E2E2E2E2E2E2E2F5E2E2E2E2E2E2E2
310
E2E2E2E2E2E2E2E2E2E2E2E2E2E2E2E2E2E2E2E2E2E2E2E2E2E2E2E2E2E2E2E2E2E2E2E2E2E2E2E2E2E2E2E2E2E2E2E2E2E2E2E2E2E2E2E2E2E2E2E2E2E2E2E2E2E2E2E2E2E2E2E2E2E2E2E2E2E2E2E2E2E2E2E2E2E2E2E2E2E2E2E2E2E2E2E2E2E2E2E2E2E2E2E2E2E2E2E2E2E2E2E2E2E2E2E2E2E2E2E2E2E2E2E2E2E2E2
310
E2E2E2E2E2E2E2E2F5E2E2E2E2E2E2E2E2E2E2E2E2E2E2E2E2E2E2E2E2E2E2E2E2E2E2E2E2E2E2E2E2E2E2E2E2F5E2E2E2F5F5F5F5F5F5F5F5F5F5F5F5F5F5F5F5F5F5F5F5F5F5F5F5F5F5F5F5F5F5F5F5F5F5F5F5F5F5F5F5F5F5F5F5F5F5F5F5F5F5F5F5F5F5F5F5F5F5F5F5F5F5F5F5F5F5F5F5F5F5F5F5F5F5F5F5F5F5
310
F5F5F5F5F5F5F5F5F5F5F5F5F5F5F5F5F5F5F5F5F5F5F5F5F5F5F5F5F5F5F5F5F5F5F5F5F5F5F5F5F5F5F5F5F5F5F5F5F5F5F5F5F5F5F5F5F5F5F5F5F5F5E2E2E2E2E2E2E2E2E2E2E2E2E2E2E2E2E2E2E2E2E2E2E2E2E2E2E2E2E2E2E2E2E2E2E2E2F5E2E2E2F5E2E2E2E2E2E2E2E2E2E2E2E2E2E2E2E2E2E2E2E2E2E2E2E2
310
E2E2E2E2E2E2E2E2E2E2E2E2E2E2E2E2E2E2E2E2E2E2E2E2E2E2E2E2E2E2E2E2E2E2E2E2E2E2E2E2E2E2E2E2E2E2E2E2E2E2E2E2E2E2E2E2E2E2E2E2E2E2E2E2E2E2E2E2E2E2E2E2E2E2E2E2E2E2E2E2E2E2E2E2E2E2E2E2E2F5E2E2E2F5F5F5F5F5F5F5F5F5F5E2F5F5F5F5F5F5E2E2F5F5F5E2E2E2E2E2E2E2E2E2E2E2E2
310
E2E2E2E2E2E2E2E2E2E2E2E2E2E2E2E2E2E2E2E2E2E2E2E2F5E2E2E2F5E2E2E2E2E2E2E2E2E2E2E2E2E2E2E2E2E2E2E2E2E2E2E2E2E2E2E2E2E2E2E2E2E2E2E2E2E2E2E2E2E2E2E2E2E2E2E2E2E2E2E2E2E2E2E2E2E2E2E2E2E2E2E2E2E2E2E2E2E2E2E2E2E2E2E2E2E2E2E2E2E2E2E2E2E2E2E2E2E2E2E2E2E2E2E2E2E2E2
310
E2E2E2E2E2E2E2E2E2E2E2E2E2E2E2F5F5F5F5F5F5F5F5F5F5F5F5F5F5F5F5F5F5F5F5F5F5F5F5F5F5E2E2E2E2E2E2E2E2E2E2E2E2E2E2E2E2E2E2E2E2E2E2E2E2E2E2E2E2E2E2E2E2E2E2E2E2F5E2E2E2F5E2E2E2E2E2E2E2E2E2E2E2E2E2E2E2E2E2E2E2E2E2E2E2E2E2E2E2E2E2E2E2E2E2E2E2E2E2E2E2E2E2E2E2E2E2
310
E2E2E2E2E2E2E2E2E2E2E2E2E2E2E2E2E2E2E2E2E2E2E2E2E2E2E2E2E2E2E2E2E2E2E2E2E2E2E2E2E2E2E2E2E2E2E2E2E2E2E2E2E2E2E2E2E2E2E2E2E2E2E2E2E2E2E2E2F5F5F5F5F5F5F5F5F5F5F5E2E2E2E2E2E2E2E2E2E2E2E2F5F5F5E2E2E2E2E2E2E2E2E2E2E2E2E2E2E2E2E2E2E2E2E2E2E2E2E2E2E2E2E2E2E2E2E2
310
E2E2E2F5E2E2E2F5E2E2E2E2E2E2E2E2E2E2E2E2E2E2E2E2E2E2E2E2E2E2E2E2E2E2E2E2E2E2E2E2E2E2E2E2E2E2E2E2E2E2E2E2E2E2E2E2E2E2E2E2E2E2E2E2E2E2E2E2E2E2E2E2E2E2E2E2E2E2E2E2E2E2E2E2E2E2E2E2E2E2E2E2E2E2E2E2E2E2E2E2E2E2E2E2E2E2E2E2E2E2E2E2E2E2E2E2E2E2E2E2E2F5F5F5F5F5E2
310
E2E2E2E2F5E2E2E2E2E2E2E2E2E2E2E2E2F5F5F5E2E2E2E2E2E2E2E2E2E2E2E2E2E2E2E2E2E2E2E2E2E2E2E2E2E2E2E2E2E2E2E2E2E2E2E2F5E2E2E2F5E2E2E2E2E2E2E2E2E2E2E2E2E2E2E2E2E2E2E2E2E2E2E2E2E2E2E2E2E2E2E2E2E2E2E2E2E2E2E2E2E2E2E2E2E2E2E2E2E2E2E2E2E2E2E2E2E2E2E2E2E2E2E2E2E2E2
310
E2E2E2E2E2E2E2E2E2E2E2E2E2E2E2E2E2E2E2E2E2E2E2E2E2E2E2E2E2E2E2E2E2E2E2E2E2E2E2E2E2E2E2E2E2E2E2F5F5F5F5F5F5F5F5F5F5F5E2E2E2F5F5F5F5F5E2E2F5E2F5F5F5E2E2E2E2E2E2E2E2E2E2E2E2E2E2E2E2E2E2E2E2E2E2E2E2E2E2E2E2E2E2E2E2E2E2E2E2F5E2E2E2F5E2E2E2E2E2E2E2E2E2E2E2E2E2
310
E2E2E2E2E2E2E2E2E2E2E2E2E2E2E2E2E2E2E2E2E2E2E2E2E2E2E2E2E2E2E2E2E2E2E2E2E2E2E2E2E2E2E2E2E2E2E2E2E2E2E2E2E2E2E2E2E2E2E2E2E2E2E2E2E2E2E2E2E2E2E2E2E2E2E2E2E2E2E2E2E2E2E2E2E2E2E2E2E2E2E2E2E2E2E2E2E2E2E2E2F5F5F5F5F5F5F5F5F5F5F5E2F5F5F5F5F5F5F5F5F5F5F5F5F5F5E2
310
E2E2E2E2E2E2E2E2E2E2E2E2E2E2E2E2E2E2E2E2E2E2E2E2E2E2E2E2E2E2E2E2E2E2E2F5E2E2E2F5E2E2E2E2E2E2E2E2E2E2E2E2E2E2E2E2E2E2E2E2E2E2E2E2E2E2E2E2E2E2E2E2E2E2E2E2E2E2E2E2E2E2E2E2E2E2E2E2E2E2E2E2E2E2E2E2E2E2E2E2E2E2E2E2E2E2E2E2E2E2E2E2E2E2E2E2E2E2E2E2E2E2E2E2E2E2E2
310
E2E2E2E2E2E2E2E2E2E2E2E2E2E2E2E2E2E2E2E2E2E2E2E2E2E2F5F5F5F5F5E2E2E2E2E2F5E2E2F5F5F5F5F5F5F5E2F5E2F5F5F5E2E2E2E2E2E2E2E2E2E2E2E2E2E2E2E2E2E2E2E2E2E2E2E2E2E2E2E2E2E2E2E2E2E2E2E2F5E2E2E2F5E2E2E2E2E2E2E2E2E2E2E2E2E2E2E2E2E2E2E2E2E2E2E2E2E2E2E2E2E2E2E2E2E2E2
310
E2E2E2E2E2E2E2E2E2E2E2E2E2E2E2E2E2E2E2E2E2E2E2E2E2E2E2E2E2E2E2E2E2E2E2E2E2E2E2E2E2E2E2E2E2E2E2E2E2E2E2E2E2E2E2E2E2E2E2E2E2E2E2E2E2E2E2E2E2E2E2E2E2E2E2E2E2E2E2F5F5F5F5F5F5F5F5F5F5F5E2E2E2E2E2E2E2E2E2E2E2E2F5F5F5E2E2E2E2E2E2E2E2E2E2E2E2E2E2E2E2E2E2E2E2E2E2
310
E2E2E2E2E2E2E2E2E2E2E2E2E2E2F5E2E2E2F5E2E2E2E2E2E2E2E2E2E2E2E2E2E2E2E2E2E2E2E2E2E2E2E2E2E2E2E2E2E2E2E2E2E2E2E2E2E2E2E2E2E2E2E2E2E2E2E2E2E2E2E2E2E2E2E2E2E2E2E2E2E2E2E2E2E2E2E2E2E2E2E2E2E2E2E2E2E2E2E2E2E2E2E2E2E2E2E2E2E2E2E2E2E2E2E2E2E2E2E2E2E2E2E2E2E2E2E2
310
E2E2E2E2E2F5F5F5F5F5F5F5F5F5F5F5F5F5F5F5F5F5F5F5F5F5F5F5F5F5F5E2E2E2E2E2E2E2E2E2E2E2E2E2E2E2E2E2E2E2E2E2E2E2E2E2E2E2E2E2E2E2E2E2E2E2E2F5E2E2E2F5E2E2E2E2E2E2E2E2E2E2E2E2E2E2E2E2E2E2E2E2E2E2E2E2E2E2E2E2E2E2E2E2E2E2E2E2E2E2E2E2E2E2E2E2E2E2E2E2E2E2E2E2E2E2E2
310
E2E2E2E2E2E2E2E2E2E2E2E2E2E2E2E2E2E2E2E2E2E2E2E2E2E2E2E2E2E2E2E2E2E2E2E2E2E2E2E2E2E2E2E2E2E2E2E2E2E2E2E2E2E2E2E2E2E2F5F5F5F5F5F5F5F5F5F5F5F5F5F5F5F5F5F5F5F5F5F5F5F5F5F5E2E2E2E2E2E2E2E2E2E2E2E2E2E2E2E2E2E2E2E2E2E2E2E2E2E2E2E2E2E2E2E2E2E2E2E2F5E2E2E2F5E2E2
310
E2E2E2E2E2E2E2E2E2E2E2E2E2E2E2E2E2E2E2E2E2E2E2E2E2E2E2E2E2E2E2E2E2E2E2E2E2E2E2E2E2E2E2E2E2E2E2E2E2E2E2E2E2E2E2E2E2E2E2E2E2E2E2E2E2E2E2E2E2E2E2E2E2E2E2E2E2E2E2E2E2E2E2E2E2E2E2E2E2E2E2E2E2E2E2E2E2E2E2E2E2E2E2E2E2E2E2E2E2E2E2F5F5F5F5F5F5F5F5F5F5F5F5F5F5F5F5
310
F5F5F5F5F5F5F5F5F5F5E2E2E2E2E2E2E2E2E2E2E2E2E2E2E2E2E2E2E2E2E2E2E2E2E2E2E2E2E2E2E2E2E2E2E2E2F5E2E2E2F5E2E2E2E2E2E2E2E2E2E2E2E2E2E2E2E2E2E2E2E2E2E2E2E2E2E2E2E2E2E2E2E2E2E2E2E2E2E2E2E2E2E2E2E2E2E2E2E2E2E2E2E2E2E2E2E2E2E2E2E2E2E2E2E2E2E2E2E2E2E2E2E2E2E2E2E2
310
E2E2E2E2E2E2E2E2E2E2E2E2E2E2E2E2E2E2E2E2E2E2E2E2E2E2E2E2E2E2E2E2E2E2E2E2E2F5E2E2E2F5F5F5F5F5F5E2F5F5F5F5F5F5F5F5E2E2E2E2F5F5F5E2E2E2E2E2E2E2E2E2E2E2E2E2E2E2E2E2E2E2E2E2E2E2E2E2E2E2E2E2E2E2E2E2E2E2E2F5E2E2E2F5E2E2E2E2E2E2E2E2E2E2E2E2E2E2E2E2E2E2E2E2E2E2E2
310
E2BEE2E2E2E2E2E2E2E2E2E2E2E2E2E2E2E2E2E2E2E2E2E2E2E2E2E2E2BEBEE2E2E2E2E2E2E2E2E2E2E2E2E2E2E2E2E2E2E2E2E2E2E2E2E2E2E2E2E2E2E2E2E2E2E2E2E2E2E2E2E2E2E2E2E2E2E2E2E2E2E2E2E2E2E2E2E2E2E2F5E2E2E2E2E2E2E2E2E2E2F5F5F5F5F5F5F5F5E2E2E2E2F5F5F5E2E2E2E2E2E2E2E2E2E2E2
310
E2E2E2E2E2E2E2E2E2E2E2E2E2E2E2E2E2E2E2E2E2E2E2E2E2F5E2E2E2F5E2E2E2E2E2E2E2E2E2E2E2E2E2E2E2E2E2E2E2E2E2E2E2BEBEBEE2E2E2E2E2E2E2E2E2E2E2E2E2E2E2E2E2E2E2E2E2E2E2E2E2BEBEBEE2E2E2E2E2E2E2E2E2E2E2E2E2E2E2E2E2E2E2E2E2E2E2E2E2E2E2E2E2E2E2E2E2E2E2E2E2E2E2E2E2E2E2
310
E2E2E2E2E2E2E2E2E2E2E2E2E2E2E2E2F5F5F5F5F5F5F5F5F5F5F5F5F5F5F5F5F5F5F5F5F5F5F5F5F5F5E2E2E2E2E2E2E2E2E2E2E2E2E2E2E2E2E2E2E2E2E2E2E2E2E2E2E2E2E2E2E2E2E2E2E2E2F5E2E2E2F5E2E2E2E2E2E2E2E2E2E2E2E2E2E2E2E2E2E2E2E2E2E2E2F5BEDCDCE2E2E2E2E2E2E2E2E2E2E2E2E2E2E2E2E2
310
E2E2E2E2E2E2DCDCBEF5E2E2E2E2E2E2E2E2E2E2E2E2E2E2E2E2E2E2E2E2E2E2E2E2E2E2E2E2E2E2E2E2E2E2E2E2E2E2E2E2E2E2E2E2E2E2E2E2E2E2E2E2E2E2E2E2E2E2E2E2E2E2E2E2E2E2E2E2E2E2E2E2E2E2E2E2E2E2E2E2E2E2F5F5F5E2E2E2E2E2E2E2E2E2E2E2E2E2E2E2E2E2E2E2E2E2E2E2E2E2E2E2E2E2E2E2E2
310
E2E2E2E2F5E2E2E2F5E2E2E2E2E2E2E2E2E2E2E2E2E2E2E2E2E2E2E2E2E2E2E2E2DCE2F5DCE2E2E2E2E2E2E2E2E2E2E2E2E2E2E2E2E2E2E2E2E2DCF5E2DCDCE2E2E2E2E2E2E2E2E2E2E2E2E2E2E2E2E2E2E2E2E2E2E2E2E2E2E2E2E2E2E2E2E2E2E2E2E2E2E2E2E2E2E2E2E2E2E2E2E2E2E2E2E2E2E2E2E2E2E2E2E2E2E2E2
310
E2E2E2E2E2E2E2E2E2E2E2E2E2E2E2E2E2E2F5F5F5E2E2E2E2E2E2E2E2E2E2E2E2E2E2E2E2E2E2E2E2E2E2E2E2E2E2E2E2E2E2E2E2E2E2E2E2F5E2E2E2F5E2E2E2E2E2E2E2E2E2E2E2E2E2E2E2E2E2E2E2E2E2E2E2E2DCE2E2F5DCE2E2E2E2E2E2E2E2E2BEBEE2E2E2E2E2E2E2E2DCF5E2E2DCE2E2E2E2E2E2E2E2E2E2E2E2
310
E2E2E2E2E2E2E2E2E2E2E2E2E2E2E2E2E2E2E2E2E2E2E2E2E2E2E2E2E2E2E2E2E2E2E2E2E2E2E2E2E2E2E2E2E2E2E2E2E2E2E2E2E2E2E2E2E2E2E2E2E2E2E2E2E2E2E2E2E2E2E2F5F5F5E2E2E2E2E2E2E2E2E2E2E2E2E2E2E2E2E2E2E2E2E2E2E2E2E2E2E2E2E2E2E2E2E2E2E2E2F5E2E2E2F5E2E2E2E2E2E2E2E2E2E2E2E2
310
E2E2E2E2E2E2E2E2E2E2BEE2DCBEBEBEF5DCBEBEE2E2E2E2BEBEBEBEBEE2E2E2E2BEBEDCF5E2E2E2DCE2E2E2E2E2E2E2E2E2E2E2E2E2E2E2E2E2E2E2E2E2E2E2E2E2E2E2E2E2E2E2E2E2E2E2E2E2E2E2E2E2E2E2E2E2E2E2E2E2E2E2E2E2E2E2E2E2E2E2E2E2E2E2E2E2E2E2E2E2E2E2E2E2E2E2E2E2E2E2E2E2E2E2F5F5F5
310
E2E2E2E2E2E2E2E2E2E2E2E2E2E2E2E2E2E2E2E2E2E2E2E2E2E2E2E2E2E2E2E2E2E2E2E2F5E2E2E2F5E2E2E2E2E2E2E2E2E2E2E2E2E2E2E2E2E2E2E2E2E2E2F5F5F5BEBEBEE2E2DCBEBEE2F5E2BEBEBEBEBEE2E2F5BEBEDCE2F5F5E2BEF5F5F5F5F5F5E2E2E2E2E2E2E2E2E2E2E2E2E2E2E2E2E2E2E2E2E2E2E2E2E2E2E2E2
310
E2E2E2E2E2E2E2E2E2E2E2E2E2E2E2E2E2E2E2E2E2E2E2E2E2E2E2E2E2E2E2E2E2E2E2E2E2E2E2E2E2E2E2E2E2E2E2E2E2E2F5F5F5E2E2E2E2E2E2E2E2E2E2E2E2E2E2E2E2E2E2E2E2E2E2E2E2E2E2E2E2E2E2E2E2E2E2E2E2F5E2E2E2F5E2E2E2E2E2E2E2E2E2E2E2E2E2E2E2E2E2E2E2E2E2E2F5BEDCBEF5F5E2DCDCDCDC
310
DCF5F5E2E2E2E2E2F5F5F5DCDCF5DCDCF5E2BEBEF5F5F5BEF5E2E2E2E2E2E2E2E2E2E2E2E2E2E2E2E2E2E2E2E2E2E2E2E2E2E2E2E2E2E2E2E2E2E2E2E2E2E2E2E2E2E2E2E2E2E2E2E2E2E2E2E2E2E2E2E2E2E2E2E2E2E2E2E2E2E2E2E2E2E2E2E2E2E2E2E2E2E2F5F5F5E2E2E2E2E2E2E2E2E2E2E2E2E2E2E2E2E2E2E2E2E2
310
E2E2E2E2E2E2E2E2E2E2E2E2E2E2E2F5E2E2E2F5E2E2E2E2E2E2E2E2E2E2E2E2E2E2E2E2E2E2E2E2E2E2BEBEF5E2F5F5DCE2E2DCF5DCDCF5E2E2E2E2E2F5DCDCF5DCF5E2DCF5F5E2F5BEF5E2F5F5E2E2E2E2E2E2E2E2E2E2E2E2E2E2E2E2E2E2E2E2E2E2E2E2E2E2E2E2E2E2E2E2E2E2E2E2E2E2E2E2E2E2E2E2E2E2E2E2E2
310
E2E2E2E2E2E2E2E2E2E2E2E2E2E2E2E2E2E2E2E2E2E2E2E2E2E2E2E2E2F5F5F5E2E2E2E2E2E2E2E2E2E2E2E2E2E2E2E2E2E2E2E2E2E2E2E2E2E2E2E2E2E2E2E2E2E2E2E2F5E2E2E2F5E2E2E2E2E2E2E2E2E2E2E2E2E2E2E2E2E2E2E2E2E2E2E2F5DCF5F5DCE2E2E2DCE2E2F5DCE2E2E2E2E2DCF5F5E2DCF5E2E2DCDCF5DCF5
310
E2E2F5F5E2E2E2E2E2E2E2E2E2E2E2E2E2E2E2E2E2E2E2E2E2E2E2E2E2E2E2E2E2E2E2E2E2E2E2E2E2E2E2E2E2E2E2E2E2E2E2E2E2E2E2E2E2E2E2E2E2E2E2E2E2E2E2E2E2E2E2E2E2E2E2E2E2E2E2E2E2E2F5F5F5E2E2E2E2E2E2E2E2E2E2E2E2E2E2E2E2E2E2E2E2E2E2E2E2E2E2E2E2E2E2E2E2E2E2E2E2F5E2E2E2F5E2
310
E2E2E2E2E2E2E2E2E2E2E2E2E2E2E2E2E2E2E2E2E2E2BEBEDCDCE2BEBEE2DCE2E2E2F5DCDCBEBEDCF5F5E2F5DCF5E2E2E2DCDCBEBEBEBEBEE2E2E2E2E2E2E2E2E2E2E2E2E2E2E2E2E2E2E2E2E2E2E2E2E2E2E2E2E2E2E2E2E2E2E2E2E2E2E2E2E2E2E2E2E2E2E2E2E2E2E2E2E2E2E2E2E2E2E2E2E2E2E2E2E2E2E2E2E2E2E2
310
E2E2E2E2E2E2E2E2F5F5F5E2E2E2E2E2E2E2E2E2E2E2E2E2E2E2E2E2E2E2E2E2E2E2E2E2E2E2E2E2E2E2E2E2E2E2E2F5E2E2E2F5E2E2E2E2E2E2E2E2E2E2E2E2E2E2E2E2E2E2E2E2E2E2E2BEBEF5E2E2BEBEBEDCF5F5BEBEF5F5BEBEF5E2E2E2F5DCF5E2E2E2E2F5BEBEE2E2F5E2E2E2E2E2E2E2E2E2E2E2E2E2E2E2E2E2E2
310
E2E2E2E2E2E2E2E2F5F5E2F5F5F5F5E2E2E2E2E2E2E2E2E2E2E2E2E2E2E2E2E2E2E2E2E2E2E2E2E2E2E2E2E2E2E2E2E2E2E2E2E2E2E2E2E2E2E2E2E2E2F5F5F5E2E2E2E2E2E2E2E2E2E2E2E2E2E2E2E2E2E2E2E2E2E2E2E2E2E2E2E2E2E2E2E2E2E2E2E2F5E2E2E2F5E2E2E2E2E2E2E2E2E2E2E2E2E2E2E2E2E2E2E2E2E2E2
310
E2BEBEDCDCE2BEBEE2DCF5F5BEBEE2DCDCDCE2E2E2F5F5DCE2E2E2E2DCDCBEBEE2E2F5E2E2E2E2E2E2E2E2E2E2E2E2E2E2E2E2E2E2BEBEBEE2E2E2E2E2F5F5E2E2BEBEBEE2E2E2E2E2F5E2E2BEBEBEE2E2E2E2E2E2E2E2E2E2E2E2E2E2E2E2E2E2E2E2E2E2E2E2E2E2E2E2E2E2E2E2E2E2E2F5F5F5E2E2E2E2E2E2E2E2E2E2
310
E2E2E2E2E2E2E2E2E2E2E2E2E2E2E2E2E2E2E2E2E2E2E2E2E2E2F5E2E2E2F5E2E2E2E2E2E2E2E2E2E2E2E2E2E2E2E2E2E2E2E2E2E2E2E2DCF5F5DCF5E2E2DCF5E2E2BEF5DCF5DCF5E2E2F5F5DCE2E2F5DCDCF5DCBEBEBEBEE2E2E2E2E2E2E2E2E2E2E2E2E2E2E2E2E2E2DCF5DCDCDCDCDCDCDCDCDCDCDCDCDCDCDCDCDCDCF5
310
BEDCDCF5DCF5E2E2E2E2E2E2E2E2E2E2E2E2E2E2E2E2E2E2E2E2E2E2E2E2E2E2E2E2E2E2E2E2E2E2F5F5F5E2E2E2E2E2E2E2E2E2E2E2E2E2E2E2E2E2E2E2E2E2E2E2E2E2E2E2E2E2E2E2E2E2E2E2E2F5E2E2E2F5E2E2E2E2E2E2E2E2E2E2E2E2E2E2E2E2E2E2E2E2E2E2E2E2DCF5E2F5DCDCE2DCF5E2BEF5DCF5F5F5DCF5BE
310
E2F5DCE2F5DCF5F5F5DCE2E2E2BEE2E2E2E2E2E2E2E2E2E2E2E2E2E2E2E2E2E2F5DCDCF5F5E2BEBEBEE2E2DCF5E2DCE2E2E2E2E2E2E2F5F5DCF5F5E2E2E2E2E2E2E2E2E2E2E2E2E2E2E2E2E2E2E2E2E2E2E2E2E2E2E2E2E2E2E2E2E2E2F5F5F5E2E2E2E2E2E2E2E2E2E2E2E2E2E2E2E2E2E2E2E2E2E2E2E2E2E2E2E2E2E2E2
310
E2E2E2E2E2F5E2E2E2F5E2E2E2E2E2E2E2E2E2E2E2E2E2E2E2E2E2E2E2E2E2E2E2E2F5DCE2F5F5DCDCDCDCF5DCF5E2E2E2E2E2F5F5F5F5DCDCDCF5F5E2F5DCE2E2E2F5E2E2E2E2E2E2E2E2E2E2E2E2E2E2E2E2E2E2DCF5DCDCF5F5BEBEBEE2F5DCE2E2E2DCE2E2F5E2E2E2F5DCF5DCE2E2E2E2E2E2E2E2E2E2E2E2E2E2E2E2
310
E2E2E2E2E2E2E2E2E2E2E2E2E2E2E2E2E2E2E2F5F5F5E2E2E2E2E2E2E2E2E2E2E2E2E2E2E2E2E2E2E2E2E2E2E2E2E2E2E2E2E2E2E2E2E2E2E2E2F5E2E2E2F5E2E2E2E2E2E2E2E2E2E2E2E2E2E2E2E2E2E2E2E2E2E2E2E2F5DCBEBEBEE2F5DCBEBEE2E2E2E2E2E2E2E2E2BEBEDCE2F5F5E2E2F5DCE2E2BEF5E2E2E2E2E2E2E2
310
E2E2E2E2E2E2E2E2E2E2E2DCF5E2F5DCF5BEE2E2DCDCE2E2E2E2E2DCDCF5E2E2E2DCF5E2DCE2E2E2E2E2E2E2E2E2E2E2E2E2E2E2E2E2E2E2E2E2E2E2E2E2E2E2E2E2E2E2E2E2E2E2F5F5F5E2E2E2E2E2E2E2E2E2E2E2E2E2E2E2E2E2E2E2E2E2E2E2E2E2E2E2E2E2E2E2E2E2E2E2E2F5E2E2E2F5E2E2E2E2E2E2E2E2E2E2E2
310
E2E2E2E2E2E2E2E2E2E2E2E2E2F5DCBEBEBEE2F5BEBEBEE2E2E2E2E2E2E2E2E2BEBEBEF5E2E2E2E2DCF5BEBEBEBEE2E2E2E2E2E2E2E2E2E2E2E2E2E2E2E2E2E2DCF5E2E2DCDCE2E2DCF5F5F5E2E2E2E2E2DCF5F5E2DCF5F5E2BEE2E2E2E2E2E2E2E2E2E2E2E2E2E2E2E2E2E2E2E2E2E2E2E2E2E2E2E2E2E2E2E2E2E2E2F5F5
310
F5E2E2E2E2E2E2E2E2E2E2E2E2E2E2E2E2E2E2E2E2E2E2E2E2E2E2E2E2E2E2E2E2E2E2E2E2F5E2E2E2F5E2E2E2E2E2E2E2E2E2E2E2E2E2E2E2E2E2E2E2E2E2E2E2E2F5DCBEBEF5DCDCE2BEE2E2E2E2E2E2E2E2E2E2E2E2BEDCDCF5E2E2DCF5E2E2F5F5E2E2E2E2E2E2E2E2E2E2E2E2E2E2E2E2E2E2DCF5BEBEBEDCBEBEBEE2
310
E2E2E2E2E2E2E2E2BEF5DCF5F5E2E2F5F5E2E2E2E2E2E2E2E2E2E2E2E2E2E2E2E2E2E2E2E2E2E2E2E2E2E2E2E2E2E2E2E2E2E2F5F5F5E2E2E2E2E2E2E2E2E2E2E2E2E2E2E2E2E2E2E2E2E2E2E2E2E2E2E2E2E2E2E2E2E2E2E2E2F5E2E2E2F5E2E2E2E2E2E2E2E2E2E2E2E2E2E2E2E2E2E2E2E2E2E2E2E2F5DCBEBEF5DCE2E2
310
E2E2E2E2E2E2E2E2E2E2E2E2E2E2E2F5DCF5E2DCF5F5E2F5F5E2E2E2E2E2E2E2E2E2E2E2E2E2E2E2E2E2E2DCF5BEBEBEE2BEBEBEE2E2E2E2E2E2E2E2E2BEBEDCE2E2E2E2DCE2E2E2E2E2E2E2E2E2E2E2E2E2E2E2E2E2E2E2E2E2E2E2E2E2E2E2E2E2E2E2E2E2E2E2F5F5F5E2E2E2E2E2E2E2E2E2E2E2E2E2E2E2E2E2E2E2E2
310
E2E2E2E2E2E2E2E2E2E2E2E2E2E2E2E2F5E2E2E2F5E2E2E2E2E2E2E2E2E2E2E2E2E2E2E2E2E2E2E2E2E2E2E2BEBEBEBEDCDCE2E2E2E2E2E2E2E2E2E2E2E2E2E2E2E2E2E2E2F5DCDCBEF5BEBEBEE2E2E2E2E2E2E2E2E2E2E2E2E2E2E2E2E2E2E2DCF5BEBEE2F5BEBEE2E2E2E2E2E2E2E2E2E2E2BEDCDCE2E2E2DCF5E2E2E2E2
310
E2E2E2E2E2E2E2E2E2E2E2E2E2E2E2E2E2E2E2E2E2E2E2E2E2E2E2E2E2E2F5F5F5E2E2E2E2E2E2E2E2E2E2E2E2E2E2E2E2E2E2E2E2E2E2E2E2E2E2E2E2E2E2E2E2E2E2E2E2F5E2E2E2F5E2E2E2E2E2E2E2E2E2E2E2E2E2E2E2E2E2E2E2E2E2E2E2BEBEBEBEF5F5E2E2E2E2E2E2E2E2E2E2E2E2E2E2E2E2E2E2E2F5F5DCBEF5
310
BEBEF5E2E2E2E2E2E2E2E2E2E2E2E2E2E2E2E2E2E2F5DCF5E2E2DCDCDCE2E2E2E2E2E2E2E2E2E2E2E2F5DCDCE2E2E2DCF5F5E2E2E2E2E2E2E2E2E2E2E2E2E2E2E2E2E2E2E2E2E2E2E2E2E2E2E2E2E2E2E2E2E2F5F5F5E2E2E2E2E2E2E2E2E2E2E2E2E2E2E2E2E2E2E2E2E2E2E2E2E2E2E2E2E2E2E2E2E2E2E2E2F5E2E2E2F5
310
E2E2E2E2E2E2E2E2E2E2E2E2E2E2E2E2E2E2E2E2E2E2E2BEBEBEBEF5F5E2E2E2E2E2E2E2E2E2E2E2E2E2E2E2E2E2E2E2F5F5BEBEF5BEBEF5F5E2E2E2E2E2E2E2E2E2E2E2E2E2E2E2E2F5F5DCF5E2DCE2E2DCE2E2E2E2E2E2E2E2E2E2E2E2F5DCE2DCE2E2DCF5F5E2E2E2E2E2E2E2E2E2E2E2E2E2E2E2E2E2E2E2E2E2E2E2E2
310
E2E2E2E2E2E2E2E2E2F5F5F5E2E2E2E2E2E2E2E2E2E2E2E2E2E2E2E2E2E2E2E2E2E2E2E2E2E2E2E2E2E2E2E2E2E2E2E2F5E2E2E2F5E2E2E2E2E2E2E2E2E2E2E2E2E2E2E2E2E2E2E2E2E2E2E2E2E2DCF5DCE2E2E2E2E2E2E2E2E2E2E2E2E2E2E2E2E2E2E2E2E2BEBEDCBEBEE2BEE2E2E2E2E2E2E2E2E2E2E2E2E2E2E2E2E2E2
310
F5DCF5DCE2E2E2DCE2E2E2E2E2BEBEBEE2E2E2F5F5DCE2E2DCE2DCE2E2E2E2E2E2E2E2E2E2E2E2E2E2E2E2E2E2E2E2E2E2E2E2E2E2E2E2E2E2E2E2E2E2E2F5F5F5E2E2E2E2E2E2E2E2E2E2E2E2E2E2E2E2E2E2E2E2E2E2E2E2E2E2E2E2E2E2E2E2E2E2E2E2F5E2E2E2F5E2E2E2E2E2E2E2E2E2E2E2E2E2E2E2E2E2E2E2E2E2
310
E2E2E2E2DCF5E2DCDCE2E2E2E2E2E2E2E2E2E2E2E2E2E2E2E2E2DCDCE2BEDCE2E2BEBEE2E2E2E2E2E2E2E2E2E2E2E2E2E2E2E2E2E2BEBEDCDCBEBEE2DCF5E2E2E2BEBEBEBEE2E2E2F5F5DCE2E2E2DCDCBEE2E2E2E2E2E2E2E2E2E2E2E2E2E2E2E2E2E2E2E2E2E2E2E2E2E2E2E2E2E2E2E2E2E2F5F5F5E2E2E2E2E2E2E2E2E2
310
E2E2E2E2E2E2E2E2E2E2E2E2E2E2E2E2E2E2E2E2E2E2E2E2E2E2E2F5E2E2E2F5E2E2E2E2E2E2E2E2E2E2E2E2E2E2E2E2E2E2E2E2E2E2E2E2F5F5F5BEBEDCF5E2BEE2E2E2E2E2E2E2E2E2E2E2E2BEF5DCE2E2E2F5F5E2E2F5E2E2E2E2E2E2E2E2E2E2E2E2E2E2E2E2E2E2BEBEF5BEBEBEE2DCF5F5E2E2BEBEE2BEE2E2E2F5F5
310
DCE2E2E2E2DCBEE2E2E2E2E2E2E2E2E2E2E2E2E2E2E2E2E2E2E2E2E2E2E2E2E2E2E2E2E2E2E2E2E2E2F5F5F5E2E2E2E2E2E2E2E2E2E2E2E2E2E2E2E2E2E2E2E2E2E2E2E2E2E2E2E2E2E2E2E2E2E2E2E2F5E2E2E2F5E2E2E2E2E2E2E2E2E2E2E2E2E2E2E2E2E2E2E2E2E2E2E2E2F5F5F5BEBEE2DCBEBEBEE2E2E2E2E2E2E2E2
310
E2BEBEBEDCE2E2E2E2F5F5E2E2F5E2E2E2E2E2E2E2E2E2E2E2E2E2E2E2E2E2E2BEBEDCBEBEBEE2DCF5E2E2E2BEBEE2BEE2E2E2F5F5DCE2F5F5F5DCBEE2E2E2E2E2E2E2E2E2E2E2E2E2E2E2E2E2E2E2E2E2E2E2E2E2E2E2E2E2E2E2E2E2E2F5F5F5E2E2E2E2E2E2E2E2E2E2E2E2E2E2E2E2E2E2E2E2E2E2E2E2E2E2E2E2E2E2
310
E2E2E2E2E2E2F5E2E2E2F5E2E2E2E2E2E2E2E2E2E2E2E2E2E2E2E2E2E2E2E2E2E2E2E2E2F5DCBEBEE2E2DCBEBEF5F5E2E2E2E2E2F5F5BEBEDCF5F5F5E2F5DCBEBEBEBEE2E2E2E2E2E2E2E2E2E2E2E2E2E2E2E2E2E2E2DCF5DCF5F5E2DCE2E2E2E2BEBEBEBEE2E2E2E2F5DCF5F5DCDCDCE2E2E2E2E2E2E2E2E2E2E2E2E2E2E2
310
F5F5F5F5F5F5F5F5F5F5F5F5F5F5F5F5F5F5F5F5F5F5F5E2E2E2E2E2E2E2E2E2E2E2E2E2E2E2E2E2E2E2E2E2E2E2E2E2E2E2E2E2E2E2E2E2E2E2E2F5E2E2E2F5E2E2E2E2E2E2E2E2E2E2E2E2E2E2E2E2E2E2E2E2E2E2E2E2E2F5DCE2F5F5DCF5E2DCF5F5F5E2E2E2F5F5F5DCF5F5DCF5F5E2F5DCE2E2E2F5E2E2E2E2E2E2E2
310
E2E2E2E2E2E2E2E2E2E2E2E2DCF5E2F5F5E2DCE2E2E2E2E2BEBEE2E2E2E2E2F5DCF5F5DCE2DCE2E2E2E2E2E2E2E2E2E2E2E2E2E2E2F5E2F5E2E2F5F5E2F5E2F5F5F5E2E2E2E2E2E2E2F5F5F5E2E2E2E2E2E2E2E2E2E2E2E2E2E2E2E2E2E2E2E2E2E2E2E2E2E2E2E2E2E2E2E2E2E2E2E2F5E2E2E2F5E2E2E2E2E2E2E2E2E2E2
310
E2E2E2E2E2E2E2E2E2E2E2E2E2E2E2F5DCE2F5DCF5BEBEBEDCDCF5E2E2E2F5F5DCE2E2E2F5DCF5F5DCDCE2E2BEF5E2E2E2E2E2E2E2E2E2E2E2E2E2E2E2E2E2E2F5F5F5F5F5F5F5F5F5F5F5F5F5F5F5F5F5F5F5F5F5F5F5F5F5F5F5F5E2E2E2E2E2E2E2E2E2E2E2E2E2E2F5F5F5F5F5F5F5F5F5F5F5F5F5F5F5F5F5F5F5F5F5
310
F5F5E2E2E2E2E2E2E2E2E2E2E2E2E2E2E2E2E2E2E2E2E2E2E2E2E2E2E2E2E2E2E2E2E2E2E2E2F5E2E2E2F5E2E2E2E2E2E2E2E2E2E2E2E2E2E2E2E2E2E2E2E2E2E2E2E2E2F5DCF5DCE2E2BEBEBEE2F5DCBEBEBEDCDCE2E2E2E2E2F5DCDCDCF5BEBEBEBEE2E2E2E2E2E2E2E2E2E2E2E2E2E2E2E2E2E2E2E2E2E2E2E2E2E2E2E2
310
E2E2E2E2F5E2E2E2E2E2E2E2E2E2E2E2E2E2E2E2E2E2E2E2E2E2E2E2E2E2E2E2F5F5F5F5F5F5F5F5F5F5F5F5F5F5F5F5F5F5F5F5F5F5F5E2E2E2E2E2E2E2E2E2E2E2E2E2E2E2E2E2E2E2E2E2E2E2E2E2E2E2E2E2E2E2E2E2E2E2E2F5E2E2E2F5E2E2E2E2E2E2E2E2E2E2E2E2E2E2E2E2E2E2E2E2E2E2E2E2BEBEDCDCF5F5E2
310
BEBEE2E2E2F5BEBEBEF5F5E2E2E2E2E2F5F5DCDCF5BEBEBEE2E2E2E2E2E2E2E2E2E2E2E2E2E2E2E2E2E2E2E2E2E2E2E2E2E2E2E2E2E2E2E2E2E2E2E2E2E2E2E2E2E2E2E2E2E2E2E2E2E2E2E2E2E2E2E2E2E2E2E2E2F5F5F5F5F5F5F5F5F5F5F5F5F5F5F5F5F5F5F5F5F5F5F5E2E2E2E2E2E2E2E2E2E2E2E2E2E2E2E2E2E2E2
310
E2E2E2E2E2E2E2E2E2E2E2E2E2E2E2E2E2F5E2E2E2F5E2E2E2E2E2E2E2E2E2E2E2E2E2E2E2E2E2E2E2E2E2E2E2DCBEBEDCDCDCDCDCDCDCDCF5DCDCBEDCF5F5DCDCDCDCDCDCDCDCDCDCBEBEBEF5F5DCDCE2E2E2E2E2E2E2E2E2E2E2E2E2E2E2E2E2E2E2E2E2E2E2E2E2E2E2E2E2E2E2E2E2E2E2E2E2E2E2E2E2E2E2E2E2E2E2
310
E2E2E2E2E2E2E2E2E2E2E2F5F5F5F5F5F5F5F5F5F5F5F5F5F5F5F5F5F5F5F5F5F5F5E2E2E2E2E2E2E2E2E2E2E2E2E2E2E2E2E2E2E2E2E2E2E2E2E2E2E2E2E2E2E2E2E2E2E2E2F5E2E2E2F5E2E2E2E2E2E2E2E2E2E2E2E2E2E2E2E2E2E2E2E2E2E2E2DCBEBEDCDCF5E2E2E2BEF5BEE2F5F5BEF5F5F5F5F5F5F5E2E2F5DCDCF5
310
BEBEBEDCDCDCE2E2E2E2E2E2E2E2E2E2E2E2E2E2E2E2E2E2E2E2E2E2E2E2E2E2E2E2E2E2E2E2E2E2E2E2E2E2E2E2E2E2E2E2E2E2E2E2E2E2E2E2E2E2E2E2E2E2F5F5F5F5F5F5F5F5F5F5F5F5F5F5F5F5F5F5F5F5F5F5F5E2E2E2E2E2E2E2E2E2E2E2E2E2E2E2E2E2E2E2E2E2E2E2E2E2E2E2E2E2E2E2E2E2E2E2E2F5E2E2E2
310
F5E2E2E2E2E2E2E2E2E2E2E2E2E2E2E2E2E2E2E2E2E2E2E2E2E2F5DCF5DCDCE2BEBEBEE2E2F5BEF5F5DCF5F5F5F5F5E2E2DCBEDCF5E2BEBEE2E2E2E2E2E2E2E2E2E2E2E2E2E2E2E2E2E2E2E2E2E2E2E2E2E2E2E2E2E2E2E2E2E2E2E2E2E2E2E2E2E2E2E2E2E2E2E2E2E2E2E2E2E2E2E2E2E2E2E2E2F5F5F5F5F5F5F5F5F5F5
310
F5F5F5F5F5F5F5F5F5F5F5F5F5E2E2E2E2E2E2E2E2E2E2E2E2E2E2E2E2E2E2E2E2E2E2E2E2E2E2E2E2E2E2E2E2E2E2E2E2F5E2E2E2F5E2E2E2E2E2E2E2E2E2E2E2E2E2E2E2E2E2E2E2E2E2E2E2E2E2E2DCE2F5F5DCF5BEBEF5F5E2E2F5F5F5DCF5E2E2E2DCDCF5E2DCE2E2E2F5F5E2E2E2E2E2E2E2E2E2E2E2E2E2E2E2E2E2
310
E2E2E2E2E2E2E2E2E2E2E2E2E2E2E2E2E2E2E2E2E2E2E2E2E2E2E2E2E2E2E2E2E2E2E2E2E2E2E2E2E2E2E2F5F5F5E2F5F5F5F5F5F5F5F5F5F5F5F5F5F5F5F5F5F5F5E2E2E2E2E2E2E2E2E2E2E2E2E2E2E2E2E2E2E2E2E2E2E2E2E2E2E2E2E2E2E2E2E2E2E2E2F5E2E2E2F5E2E2E2E2E2E2E2E2E2E2E2E2E2E2E2E2E2E2E2E2
310
E2E2E2E2E2E2DCE2F5F5F5DCF5F5F5E2E2E2F5F5E2F5DCDCE2DCDCF5F5E2DCE2E2E2F5E2E2E2E2E2E2E2E2E2E2E2E2E2E2E2E2E2E2E2E2E2E2E2E2E2E2E2E2E2E2E2E2E2E2E2E2E2E2E2E2E2E2E2E2E2E2E2E2E2E2E2E2E2E2E2E2E2E2E2E2E2F5E2F5E2F5F5F5F5F5F5F5F5F5F5F5F5F5F5F5F5F5F5F5E2E2E2E2E2E2E2E2
310
E2E2E2E2E2E2E2E2E2E2E2E2E2E2E2E2E2E2E2E2E2E2E2E2E2E2E2E2F5E2E2E2F5E2E2E2E2E2E2E2E2E2E2E2E2E2E2E2E2E2E2E2E2E2E2E2E2E2E2DCF5BEBEE2E2F5BEBEE2E2E2E2E2E2E2BEBEDCF5F5F5E2E2DCE2BEBEBEE2E2E2E2E2E2E2E2E2E2E2E2E2E2E2E2E2E2E2E2E2E2E2E2E2E2E2E2E2E2E2E2E2E2E2E2E2E2E2
310
E2E2E2E2E2E2E2E2E2E2E2E2E2E2E2E2E2E2E2E2E2E2F5E2F5F5F5F5F5F5F5F5F5F5F5F5F5F5F5F5F5F5F5F5F5E2E2E2E2E2E2E2E2E2E2E2E2E2E2E2E2E2E2E2E2E2E2E2E2E2E2E2E2E2E2E2E2E2E2E2E2F5E2E2E2F5E2E2E2E2E2E2E2E2E2E2E2E2E2E2E2E2E2E2E2E2E2E2E2E2E2E2DCF5BEBEE2F5BEBEE2E2E2E2E2E2E2
310
E2E2BEBEDCF5E2E2F5DCE2E2E2F5E2E2E2E2E2E2E2E2E2E2E2E2E2E2E2E2E2E2E2E2E2E2E2E2E2E2E2E2E2E2E2E2E2E2E2E2E2E2E2E2E2E2E2E2E2E2E2E2E2E2E2E2E2E2E2E2E2E2E2E2E2F5E2F5E2F5F5F5F5F5F5F5F5F5F5F5F5F5F5F5F5F5F5F5E2E2E2E2E2E2E2E2E2E2E2E2E2E2E2E2E2E2E2E2E2E2E2E2E2E2E2E2E2
310
E2E2E2E2E2E2E2F5E2E2E2F5E2E2E2E2E2E2E2E2E2E2E2E2E2E2E2E2E2E2E2E2E2E2E2E2E2E2DCBEBEBEF5BEF5E2E2E2E2E2E2E2E2E2E2E2F5F5DCF5E2F5DCE2E2E2F5E2E2E2E2E2E2E2E2E2E2E2E2E2E2E2E2E2E2E2E2E2E2E2E2E2E2E2E2E2E2E2E2E2E2E2E2E2E2E2E2E2E2E2E2E2E2E2E2E2E2E2E2E2E2E2E2E2E2E2E2
310
E2F5F5F5E2F5F5F5F5F5F5F5F5F5F5F5F5F5F5F5F5F5F5F5E2E2E2E2E2E2E2E2E2E2E2E2E2E2E2E2E2E2E2E2E2E2E2E2E2E2E2E2E2E2E2E2E2E2E2E2F5E2E2E2F5E2E2E2E2E2E2E2E2E2E2E2E2E2E2E2E2E2E2E2E2E2E2E2E2E2E2DCBEBEBEF5F5F5E2E2E2E2E2E2E2E2E2E2E2F5F5F5DCF5F5DCBEBEBEBEE2E2E2E2E2E2E2
310
E2E2E2E2E2F5F5F5F5F5F5F5E2E2E2E2E2E2E2E2E2E2E2E2E2E2E2E2E2E2E2E2E2E2E2E2E2E2E2E2E2E2E2E2E2E2E2E2E2E2E2E2E2E2F5F5F5E2F5F5F5F5F5F5F5F5F5F5F5F5F5F5F5F5F5F5F5E2E2E2E2E2E2E2E2E2E2E2E2E2E2E2E2E2E2E2E2E2E2E2E2E2E2E2E2E2E2E2E2E2E2E2E2F5E2E2E2F5E2E2E2E2E2E2E2E2E2
310
E2E2E2E2E2E2E2E2E2E2E2E2E2E2E2E2E2BEBEDCF5F5F5E2E2E2E2E2E2E2E2E2E2E2E2E2E2F5F5DCBEDCBEE2E2BEE2E2E2E2E2E2E2E2E2E2E2E2F5F5F5F5F5F5F5E2E2E2E2E2E2E2E2E2E2E2E2E2E2E2E2E2E2E2E2E2E2E2E2E2E2E2E2E2E2E2E2E2E2E2E2E2E2E2E2E2E2F5F5F5F5F5F5F5F5F5F5F5F5F5F5F5F5F5F5F5F5
310
F5F5F5E2E2E2E2E2E2E2E2E2E2E2E2E2E2E2E2E2E2E2E2E2E2E2E2E2E2E2E2E2E2E2E2E2E2E2E2F5E2E2E2F5E2E2E2E2E2E2E2E2E2E2E2E2E2E2E2E2E2E2E2E2E2E2E2E2E2BEBEBEBEF5E2E2E2E2E2E2E2E2E2E2E2E2E2E2E2E2E2F5F5BEBEF5BEBEF5E2E2E2E2E2E2E2E2E2E2E2E2E2F5F5F5F5F5E2E2E2E2E2E2E2E2E2E2
310
E2E2E2E2E2E2E2E2E2E2E2E2E2E2E2E2E2E2E2E2E2E2E2E2E2E2E2E2E2E2E2E2E2F5F5F5F5F5F5F5F5F5F5F5F5F5F5F5F5E2F5E2F5F5F5F5E2E2E2E2E2E2E2E2E2E2E2E2E2E2E2E2E2E2E2E2E2E2E2E2E2E2E2E2E2E2E2E2E2E2E2E2F5E2E2E2F5E2E2E2E2E2E2E2E2E2E2E2E2E2E2E2E2E2E2E2E2E2E2E2E2E2BEBEBEBEF5
310
F5E2E2E2E2E2E2E2E2E2E2E2E2E2E2E2F5F5F5BEDCBEBEBEF5E2E2E2E2E2E2E2E2E2E2E2E2F5BEBEBEBEF5E2E2E2E2E2E2E2E2E2E2F5F5F5E2E2E2E2E2E2F5F5F5E2E2E2E2E2E2E2E2F5F5F5E2E2E2E2E2E2E2E2E2E2F5F5F5F5F5F5F5F5F5F5F5F5F5F5F5F5F5F5F5F5F5F5F5E2E2E2E2E2E2E2E2E2E2E2E2E2E2E2E2E2E2
310
E2E2E2E2E2E2E2E2E2E2E2E2E2E2E2E2E2E2F5E2E2E2F5E2E2E2E2E2E2E2E2E2E2E2E2E2E2E2E2E2E2E2E2E2E2E2E2E2E2F5DCDCDCE2E2E2E2E2E2E2E2E2E2E2E2E2E2E2E2E2DCBEBEF5F5F5BEBEE2E2E2E2E2E2E2E2E2E2E2E2BEBEBEBEF5E2E2E2E2E2E2E2E2E2E2BEF5F5F5BEE2E2E2E2E2F5F5F5BEE2E2E2E2E2E2E2F5
310
F5F5E2E2E2E2E2E2E2E2E2E2F5E2E2E2F5F5F5F5F5F5F5F5F5F5F5F5E2E2E2E2F5F5F5E2E2E2E2E2E2E2E2E2E2E2E2E2E2E2E2E2E2E2E2E2E2E2E2E2E2E2E2E2E2E2E2E2E2E2E2F5E2E2E2F5E2E2E2E2E2E2E2E2E2E2E2E2E2E2E2E2E2E2E2E2E2E2E2E2F5F5F5DCE2F5DCF5F5F5E2E2E2E2E2E2E2E2E2E2E2F5DCF5BEBEF5
310
F5F5F5F5E2E2E2E2E2E2E2E2E2E2E2F5F5F5BEBEBEBEBEE2E2E2E2E2E2E2E2BEF5BEF5F5BEE2E2E2E2BEBEF5BEE2E2E2E2E2E2E2BEF5BEE2E2E2E2E2E2E2E2E2E2F5E2E2E2F5F5F5F5F5F5F5F5F5F5F5F5E2E2E2E2F5F5F5E2E2E2E2E2E2E2E2E2E2E2E2E2E2E2E2E2E2E2E2E2E2E2E2E2E2E2E2E2E2E2E2E2E2E2E2F5E2E2
310
E2F5E2E2E2E2E2E2E2E2E2E2E2E2E2E2E2E2E2E2E2E2E2E2E2E2F5F5F5DCE2E2E2DCDCF5F5E2E2E2E2E2E2E2E2E2F5DCE2E2E2DCBEF5F5F5F5E2E2E2E2E2E2E2E2E2E2E2F5BEF5F5BEF5BEBEE2E2E2E2E2E2E2F5F5F5F5F5F5F5BEE2BEE2F5F5F5F5BEE2E2E2E2E2BEBEDCF5E2E2E2E2E2E2E2E2E2E2F5F5F5F5F5F5F5F5F5
310
F5F5F5F5F5F5F5F5F5F5F5F5F5F5E2E2E2E2E2E2E2E2E2E2E2E2E2E2E2E2E2E2E2E2E2E2E2E2E2E2E2E2E2E2E2E2E2E2E2E2F5E2E2E2F5E2E2E2E2E2E2E2E2E2E2E2E2E2E2E2E2E2E2E2E2E2E2E2E2F5F5F5DCE2BEBEE2F5DCF5E2E2E2E2E2E2E2E2DCDCF5F5E2E2DCBEF5F5BEE2E2E2E2E2E2E2E2E2E2E2E2F5F5F5F5BEF5
310
F5BEE2E2E2E2E2E2F5F5F5E2E2DCBEBEBEE2BEF5E2E2E2F5F5E2E2E2E2F5BEF528F5E2E2E2E2E2E2E2E2E2E2F5F5F5F5F5F5F5F5F5F5F5F5F5F5F5F5F5F5F5F5F5F5F5E2E2E2E2E2E2E2E2E2E2E2E2E2E2E2E2E2E2E2E2E2E2E2E2E2E2E2E2E2E2E2E2E2E2E2E2F5E2E2E2F5E2E2E2E2E2E2E2E2E2E2E2E2E2E2E2E2E2E2E2
310
E2E2E2E2E2E2F5F5DCE2BEBEBEE2DCDCE2E2E2E2E2E2E2DCDCF5F5E2E2F5DCF5F5F5F5E2E2E2E2E2E2E2E2E2E2E2E2F5F5F5F5BEF5F5BEE2E2E2E2E2E2E2E2E2E2E2E2F5F5E2E2BEE2E2E2DCF5BEE2E2E2E2F5F5F5BE28E2E2E2E2E2E2E2E2E2E2F5F5F5F5F5F5F5F5F5F5F5F5F5F5F5F5F5F5F5F5F5F5F5E2E2E2E2E2E2E2
310
E2E2E2E2E2E2E2E2E2E2E2E2E2E2E2E2E2E2E2E2E2E2E2E2E2E2E2E2E2F5E2E2E2F5E2E2E2E2E2E2E2E2E2E2E2E2E2E2E2E2E2E2E2E2E2E2E2E2E2F5F5DCE2BEBEBEE2E2F5DCE2E2E2BEF5F5DCF5F5E2E2E2F5DCF5F5F5F5E2E2E2E2E2E2E2E2E2E2E2E2E2BEF5F5BEF5BEF5E2E2E2E2E2E2E2E2E2E2E2E2BEBEBEE2E2E2E2
310
E2E2F5BEE2E2E2E2E2E2E2E2282828E2E2E2E2E2E2E2E2F5F5F5F5F5F5F5F5F5F5F5F5F5F5F5F5F5F5F5F5F5F5F5E2E2E2E2E2E2E2E2E2E2E2E2E2E2E2E2E2E2E2E2E2E2E2E2E2E2E2E2E2E2E2E2E2E2E2E2F5E2E2E2F5E2E2E2E2E2E2E2E2E2E2E2E2E2E2E2E2E2E2E2E2E2E2E2E2E2F5BEDCE2E2BEBEE2E2E2DCDCE2BEBE
310
BEDCE2E2E2E2E2E2F5DCBEF5F5BEE2E2E2E2E2E2E2E2E2E2E2E2BEBEF5F5DCF5F5F5E2E2E2E2E2E2E2E2E2E2E2E2F5E2E2E2E2E2E2E2E2F5E2E2E2E2E2E2E2E2E2E2BEE2E2E2E2E2E2E2E2E2F5F5F5F5F5F5F5F5F5F5F5F5F5F5F5F5F5F5F5F5F5F5F5E2E2E2E2E2E2E2E2E2E2E2E2E2E2E2E2E2E2E2E2E2E2E2E2E2E2E2E2
310
E2E2E2E2E2E2E2E2F5E2E2E2F5E2E2E2E2E2E2E2E2E2E2E2E2E2E2E2E2E2E2E2E2E2E2E2E2E2E2BEBEDCDCDCDCDCDCDCDCDCDCBEBEDCDCDCDCDCDCDCDCDCDCBEE2E2F5E2E2E2E2E2E2E2E2E2E2E2E2F5BEF5F5BEF5BEBEE2E2E2E2E2E2E2E2E2E2E2F5F5F5E2E2E2E2E2E2F5F5F5E2E2E2E2E2E2E2E2E2E2E2E2E2E2E2E2E2
310
E2E2F5F5F5F5F5F5F5F5F5F5F5F5F5F5F5F5F5F5F5F5F5F5F5E2E2E2E2E2E2E2E2E2E2E2E2E2E2E2E2E2E2E2E2E2E2E2E2E2E2E2E2E2E2E2E2E2E2E2E2F5E2E2E2F5E2E2E2E2E2E2E2E2E2E2E2E2E2E2E2E2E2E2E2E2E2E2E2E2E2E2BEBEF5E2E2E2F5F5E2E2E2DCBEDCE2E2F5F5F5F5E2E2F5DCBEE2E2F5E2E2E2E2E2E2E2
310
E2E2E2E2E2F5F5F5F5BEF5F5BEE2E2E2E2E2E2E2E2E2E2E2E2E2E2E2E2E2E2E2E2E2F5E2E2E2E2E2E2E2E2E2E2E2E2E2E2E2E2E2E2E2E2F5F5F5F5F5E2F5F5F5F5F5E2F5F5F5F5F5F5F5E2F5F5F5E2E2E2E2E2E2E2E2E2E2E2E2E2E2E2E2E2E2E2E2E2E2E2E2E2E2E2E2E2E2E2E2E2E2E2E2F5E2E2E2F5E2E2E2E2E2E2E2E2
310
E2E2E2E2E2E2E2F5F5E2E2E2E2E2E2E2E2E2E2DCF5E2E2BEF5F5E2E2BEDCF5F5F5E2F5F5F5F5E2E2F5DCBEBEBEBEE2E2E2E2E2E2E2E2E2E2E2E2F5F5F5F5BEF5F5BEE2E2E2E2E2E2E2E2E2E2E2E2E2E2E2E2E2E2E2E2E2E2E2E2E2E2E2E2E2E2E2E2E2E2E2E2E2E2E2E2E2E2F5F5F5F5F5F5F5F5F5F5F5F5F5F5F5F5F5F5F5
310
F5F5F5F5E2E2E2E2E2E2E2E2E2E2E2E2E2E2E2E2E2E2E2E2E2E2E2E2E2E2E2E2E2E2E2E2E2E2E2E2F5E2E2E2F5E2E2E2E2E2E2E2E2E2E2E2E2E2E2F5F5F5E2E2E2E2E2E2E2E2E2E2F5DCE2BEBEBEE2E2DCDCF5F5F5DCDCE2E2E2E2E2E2F5DCE2E2E2F5E2E2E2E2E2E2E2E2E2E2E2E2BEBEF5F528F5BEBEE2E2E2E2E2E2E2E2
310
E2E2E2E2E2E2E2E2E2E2E2E2E2E2E2E2E2E2E2E2E2E2E2E2E2E2E2E2E2E2E2E2E2E2F5F5F5F5F5F5F5F5F5F5F5F5F5F5F5F5F5F5F5F5F5F5F5E2E2E2E2E2E2E2E2E2E2E2E2E2E2E2E2E2E2E2E2E2E2E2E2E2E2E2E2E2E2E2E2E2E2E2E2F5E2E2E2F5E2E2E2E2E2E2E2E2E2E2E2E2BEBEF5F5F5BEF5E2E2E2E2E2E2E2E2F5DC
310
E2BEBEBEE2DCF5E2E2F5F5E2E2DCE2E2E2E2E2F5DCE2E2BEF5E2E2E2E2E2E2E2E2E2E2E2E2F5BEF5F5F5F5BEBEE2E2E2E2E2E2E2E2E2E2E2E2E2E2E2E2E2E2E2E2E2E2E2E2E2E2E2E2E2E2E2E2E2E2E2E2E2E2E2E2E2E2F5F5F5F5F5F5F5F5F5F5F5F5F5F5F5F5F5F5F5F5F5F5F5E2E2E2E2E2E2E2E2E2E2E2E2E2E2E2E2E2
310
E2E2E2E2E2E2E2E2E2E2E2E2E2E2E2E2E2E2E2F5E2E2E2F5E2E2E2E2E2E2E2E2E2E2F5BEF5E2E2F5F5E2F5E2E2E2E2E2E2E2E2F5DCE2E2E2E2DCF5E2E2BEBEBEBEE2E2DCE2E2E2E2DCDCBEBEBEBEE2E2E2E2E2E2E2E2E2E2E2E2E2E2F5BEF5F528BEBEE2E2E2E2E2E2E2E2E2E2E2E2E2E2E2E2E2E2E2E2E2E2E2E2E2E2E2E2
310
E2E2E2E2E2E2E2E2E2E2E2E2E2F5F5F5F5F5F5F5F5F5F5F5F5F5F5F5F5F5F5F5F5F5F5F5E2E2E2E2E2E2E2E2E2E2E2E2E2E2E2E2E2E2E2E2E2E2E2E2E2E2E2E2E2E2E2E2E2E2E2E2F5E2E2E2F5E2E2E2E2E2E2E2E2E2E2BEBEF5F5F5E2F5F5F5E2E2E2E2E2E2E2E2BEDCBEBEF5DCE2E2E2BEBEBEBEBEE2E2E2DCDCE2E2DCBE
310
E2E2F5F5E2E2E2E2E2E2E2E2E2E2E2E2E2E2F5BEF5F5E2E2E2E2E2E2E2E2E2E2E2E2E2E2E2E2E2E2E2E2E2E2E2E2E2E2E2E2E2E2E2E2E2E2E2E2E2E2E2E2E2E2E2E2F5F5F5F5F5F5F5F5F5F5F5F5F5F5F5F5F5F5F5F5F5F5F5E2E2E2E2E2E2E2E2E2E2E2E2E2E2E2E2E2E2E2E2E2E2E2E2E2E2E2E2E2E2E2E2E2E2E2E2F5E2
310
E2E2F5E2E2E2E2E2E2E2E2E2E2BEF5F5F5F5F5F5F5F5E2E2E2E2E2E2E2E2E2DCBEBEDCE2E2E2E2E2E2BEBEE2E2E2E2E2F5DCE2DCBEBEE2F5F5E2E2E2E2E2E2E2E2E2E2E2E2E2E2E2E2E2E2E2E2E2E2E2E2E2E2E2E2E2E2E2E2E2E2E2E2E2E2E2E2E2E2E2E2E2E2E2E2E2E2E2E2E2E2E2E2E2E2E2E2E2E2F5F5F5F5F5F5F5F5
310
F5F5F5F5F5F5F5F5F5F5F5F5F5F5F5E2E2E2E2E2E2E2E2E2E2E2E2E2E2E2E2E2E2E2E2E2E2E2E2E2E2E2E2E2E2E2E2E2E2E2E2F5E2E2E2F5E2E2E2E2E2E2E2E2E2E2BEF5F5F5F5F5F5F5F5E2E2E2E2E2E2E2BEBEBEBEDCE2E2E2E2E2E2E2E2E2E2E2E2E2E2E2F5DCDCBEBEBEBEE2E2E2E2E2E2E2E2E2E2E2E2E2E2E2E2E2E2
310
E2E2E2E2E2E2E2E2E2E2E2E2E2E2E2E2E2E2E2E2E2E2E2E2E2E2E2E2E2E2E2E2E2E2E2E2E2E2E2E2E2E2E2E2E2F5F5F5F5F5F5F5F5F5F5F5F5F5F5F5F5F5F5F5F5F5F5F5E2E2E2E2E2E2E2E2E2E2E2E2E2E2E2E2E2E2E2E2E2E2E2E2E2E2E2E2E2E2E2E2E2E2E2E2F5E2E2E2F5E2E2E2E2E2E2E2E2E2E2BEBEF5F5F5E2F5F5
310
F5E2E2E2E2E2E2E2BEBEBEBEF5F5E2E2E2E2E2E2E2E2E2E2E2E2E2F5F5BEDCBEBEBEBEF5E2E2E2E2E2E2E2E2E2E2E2E2E2E2E2E2E2E2E2E2E2E2E2E2E2E2E2E2E2E2E2E2E2E2E2E2E2E2E2E2E2E2E2E2E2E2E2E2E2E2E2E2E2E2E2E2E2E2E2E2E2E2F5F5F5F5F5F5F5F5F5F5F5F5F5F5F5F5F5F5F5F5F5F5F5E2E2E2E2E2E2
310
E2E2E2E2E2E2E2E2E2E2E2E2E2E2E2E2E2E2E2E2E2E2E2E2E2E2E2E2E2E2F5E2E2E2F5E2E2E2E2E2E2E2E2E2E2BEF5F5F5F5E2E2F5F5E2E2E2E2E2E2E2BEBEDCBEF5F5E2E2E2E2E2E2E2E2E2E2E2E2E2F5F5BEDCBEBEBEBEF5E2E2E2E2E2E2E2E2E2E2E2E2E2E2E2E2E2E2E2E2E2E2E2E2E2E2E2E2E2E2E2E2E2E2E2E2E2E2
310
E2E2E2E2E2E2E2E2E2E2E2E2E2E2E2E2E2E2E2E2E2E2E2E2282828282828F528282828F528282828F5F5F5F5F5F5F5E2E2E2E2E2E2E2E2E2E2E2E2E2E2E2E2E2E2E2E2E2E2E2E2E2E2E2E2E2E2E2E2E2E2E2E2F5E2E2E2F5E2E2E2E2E2E2E2E2F5F5F5F5F5F5F5E2F5F5F5E2E2E2E2E2E2E2E2E2BEF5F5E2E2E2E2E2E2E2E2
310
E2E2E2E2E2DCDCBEBEBEF5BEBEDCE2E2E2E2E2E2E2E2E2E2E2E2E2E2E2E2E2E2E2E2E2E2E2E2E2E2E2E2E2E2E2E2E2E2E2E2E2E2E2E2E2E2E2E2E2E2E2E2E2E2E2E2E2E2E2E2E2E2E2E2E2E2E2F5F5F5F5F5F5F5F5F5F5F5F5F5F5F5F5F5F5F5F5F5F5F5E2E2E2E2E2E2E2E2E2E2E2E2E2E2E2E2E2E2E2E2E2E2E2E2E2E2E2
310
E2E2E2E2E2E2E2E2E2F5E2E2E2F5E2E2E2E2E2E2E2E2F5F5F5F5BEF5F5F5F5F5F5E2E2E2E2E2E2E2E2F5BEF5E2E2E2E2E2E2E2E2E2E2E2E2E2E2DCDCDCBEBEF5DCDCDCE2E2E2E2E2E2E2E2E2E2E2E2E2E2E2E2E2E2E2E2E2E2E2E2E2E2E2E2E2E2E2E2E2E2E2E2E2E2E2E2E2E2E2E2E2E2E2E2E2E2E2E2E2E2E2E2E2E2E2E2
310
E2E2E2F5F5F5F5F5F5F5F5F5F5F5F5F5F5F5F5F5F5F5F5F5F5F5E2E2E2E2E2E2E2E2E2E2E2E2E2E2E2E2E2E2E2E2E2E2E2E2E2E2E2E2E2E2E2E2E2E2E2E2F5E2E2E2F5E2E2E2E2E2E2E2E2E2E2BEF5E2F5F5E2F5F5E2E2E2E2E2E2E2E2E2F5BEF5E2E2E2E2E2E2E2E2E2E2E2E2E2E2E2E2E2F5BEF5DCDCF5E2E2E2E2E2E2E2
310
E2E2E2E2E2E2E2E2E2E2E2E2E2E2E2E2E2E2E2E2E2E2E2E2E2E2E2E2E2E2E2E2E2E2E2E2E2E2E2E2E2E2E2E2E2E2E2E2E2E2E2E2E2E2E2E2F5F5F5F5F5F5F5F5F5F5F5F5F5F5F5F5F5F5F5F5F5F5F5E2E2E2E2E2E2E2E2E2E2E2E2E2E2E2E2E2E2E2E2E2E2E2E2E2E2E2E2E2E2E2E2E2E2E2E2F5E2E2E2F5E2E2E2E2E2E2E2
310
E2E2E2BEBEBEF5E2E2E2F5E2E2E2E2E2E2E2E2F5F5BEBEBEE2E2E2E2E2E2E2E2E2E2E2E2E2E2DCE2BEBEF5F5E2BEE2E2E2E2E2E2E2E2E2E2E2E2E2E2E2E2E2E2E2E2E2E2E2E2E2E2E2E2E2E2E2E2E2E2E2E2E2E2E2E2E2E2E2E2E2E2E2E2E2E2E2E2E2E2E2E2E2E2E2E2E2E2E2F5F5F5F5F5F5F5F5F5F5F5F5F5F5F5F5F5F5
310
F5F5F5F5F5E2E2E2E2E2E2E2E2E2E2E2E2E2E2E2E2E2E2E2E2E2E2E2E2E2E2E2E2E2E2E2E2E2E2E2E2F5E2E2E2F5E2E2E2E2E2E2E2E2E2E2BEF5E2F5F5F5F5F5E2E2E2E2E2E2E2E2F5F5BEBEBEE2E2E2E2E2E2E2E2E2E2E2E2E2E2DCE2BEBEF5F5DCDCE2E2E2E2E2E2E2E2E2E2E2E2E2E2E2E2E2E2E2E2E2E2E2E2E2E2E2E2
310
E2E2E2E2E2E2E2E2E2E2E2E2E2E2E2E2E2E2E2E2E2E2E2E2E2E2E2E2E2E2E2E2E2E2E2F5F5F5F5F5F5F5F5F5F5F5F5F5F5F5F5F5F5F5F5F5F5F5E2E2E2E2E2E2E2E2E2E2E2E2E2E2E2E2E2E2E2E2E2E2E2E2E2E2E2E2E2E2E2E2E2E2E2E2F5E2E2E2F5E2E2E2E2E2E2E2E2E2E2BEF5E2F5F5F5F5F5E2E2E2E2E2E2E2E2E2E2
310
BEBEBEE2E2E2E2E2E2E2E2E2E2E2E2E2DCDCDCBEBEF5DCDCDCE2E2E2E2E2E2E2E2E2E2E2E2E2E2E2E2E2E2E2E2E2E2E2E2E2E2E2E2E2E2E2E2E2E2E2E2E2E2E2E2E2E2E2E2E2E2E2E2E2E2E2E2E2E2E2E2E2E2E2E2E2E2E2F5F5F5F5F5F5F5F5F5F5F5F5F5F5F5F5F5F5F5F5F5F5F5E2E2E2E2E2E2E2E2E2E2E2E2E2E2E2E2
310
E2E2E2E2E2E2E2E2E2E2E2E2E2E2E2E2E2E2E2E2F5E2E2E2F5E2E2E2E2E2E2E2E2E2E2BEBEBEF5E2E2E2F5E2E2E2E2E2E2E2E2E2E2E2DCE2E2E2E2E2E2E2E2E2E2E2E2E2E2E2E2E2E2DCF5E2E2E2E2E2E2E2E2E2E2E2E2E2E2E2E2E2E2E2E2E2E2E2E2E2E2E2E2E2E2E2E2E2E2E2E2E2E2E2E2E2E2E2E2E2E2E2E2E2E2E2E2
310
E2E2E2E2E2E2E2E2E2E2E2E2E2E2F5F5F5F5F5F5F5F5F5F5F5F5F5F5F5F5F5F5F5F5F5F5F5E2E2E2E2E2E2E2E2E2E2E2E2E2E2E2E2E2E2E2E2E2E2E2E2E2E2E2E2E2E2E2E2E2E2E2E2F5E2E2E2F5E2E2E2E2E2E2E2E2E2E2E2E2E2F5BEF5F5BEE2E2E2E2E2E2E2E2E2E2E2E2E2E2E2E2E2E2E2E2E2E2E2E2E2E2E2E2E2E2E2
310
E2E2E2E2E2E2E2E2E2E2E2E2E2E2E2E2E2E2E2E2E2E2E2E2E2E2E2E2E2E2E2E2E2E2E2E2E2E2E2E2E2E2E2E2E2E2E2E2E2E2E2E2E2E2E2E2E2E2E2E2E2E2E2E2E2E2E2F5F5F5F5F5F5F5F5F5F5F5F5F5F5F5F5F5F5F5F5F5F5F5E2E2E2E2E2E2E2E2E2E2E2E2E2E2E2E2E2E2E2E2E2E2E2E2E2E2E2E2E2E2E2E2E2E2E2E2F5
310
E2E2E2F5E2E2E2E2E2E2E2E2E2E2E2E2E2F5F5BEBEF5E2E2E2E2E2E2E2E2E2E2E2E2E2E2E2E2E2E2E2E2E2E2E2E2E2E2E2E2E2E2E2E2E2E2E2E2E2E2E2E2E2E2E2E2E2E2E2E2E2E2E2E2E2E2E2E2E2E2E2E2E2E2E2E2E2E2E2E2E2E2E2E2E2E2E2E2E2E2E2E2E2E2E2E2E2E2E2E2E2E2E2E2E2E2E2E2E2E2F5F5F5F5F5F5F5
310
F5F5F5F5F5F5F5F5F5F5F5F5F5F5F5F5E2E2E2E2E2E2E2E2E2E2E2E2E2E2E2E2E2E2E2E2E2E2E2E2E2E2E2E2E2E2E2E2E2E2E2E2F5E2E2E2F5E2E2E2E2E2E2E2E2E2E2E2E2E2F5BEBEBEF5E2E2E2E2E2E2E2E2E2E2E2E2E2E2E2E2E2E2E2E2E2E2E2E2E2E2E2E2E2E2E2E2E2E2E2E2E2E2E2E2E2E2E2E2E2E2E2E2E2E2E2E2
310
E2E2E2E2E2E2E2E2E2E2E2E2E2E2E2E2E2E2E2E2E2E2E2E2E2E2E2E2E2E2E2E2E2E2E2E2E2E2E2E2E2E2E2E2E2E2F5F5F5F5F5F5F5F5F5F5F5F5F5F5F5F5F5F5F5F5F5F5F5E2E2E2E2E2E2E2E2E2E2E2E2E2E2E2E2E2E2E2E2E2E2E2E2E2E2E2E2E2E2E2E2E2E2E2E2F5E2E2E2F5E2E2E2E2E2E2E2E2E2E2E2E2E2E2F5BEE2
310
E2E2E2E2E2E2E2E2E2E2E2E2E2E2E2E2E2E2E2E2E2E2E2E2E2E2E2E2E2E2E2E2E2E2E2E2E2E2E2E2E2E2E2E2E2E2E2E2E2E2E2E2E2E2E2E2E2E2E2E2E2E2E2E2E2E2E2E2E2E2E2E2E2E2E2E2E2E2E2E2E2E2E2E2E2E2E2E2E2E2E2E2E2E2E2E2E2E2E2F5F5F5F5F5F5F5F5F5F5F5F5F5F5F5F5F5F5F5F5F5F5F5E2E2E2E2E2
310
E2E2E2E2E2E2E2E2E2E2E2E2E2E2E2E2E2E2E2E2E2E2E2E2E2E2E2E2E2E2E2F5E2E2E2F5E2E2E2E2E2E2E2E2E2E2E2E2E2E2E2E2E2E2E2E2E2E2E2E2E2E2E2E2E2E2E2E2E2E2E2E2E2E2E2E2E2E2E2E2E2E2E2E2E2E2E2E2E2E2E2E2E2E2E2E2E2E2E2E2E2E2E2E2E2E2E2E2E2E2E2E2E2E2E2E2E2E2E2E2E2E2E2E2E2E2E2
310
E2E2E2E2E2E2E2E2E2E2E2E2E2E2E2E2E2E2E2E2E2E2E2E2E2F5F5F5F5F5F5F5F5F5F5F5F5F5F5F5F5F5F5F5F5F5F5F5E2E2E2E2E2E2E2E2E2E2E2E2E2E2E2E2E2E2E2E2E2E2E2E2E2E2E2E2E2E2E2E2E2E2E2E2F5E2E2E2F5E2E2E2E2E2E2E2E2E2E2E2E2E2E2E2E2E2E2E2E2E2E2E2E2E2E2E2E2E2E2E2E2E2E2E2E2E2E2
310
E2E2E2E2E2E2E2E2E2E2E2E2E2E2E2E2E2E2E2E2E2E2E2E2E2E2E2E2E2E2E2E2E2E2E2E2E2E2E2E2E2E2E2E2E2E2E2E2E2E2E2E2E2E2E2E2E2E2E2E2E2E2E2E2E2E2E2E2E2E2E2E2E2E2E2E2E2E2F5F5F5F5F5F5F5F5F5F5F5F5F5F5F5F5F5F5F5F5F5F5F5E2E2E2E2E2E2E2E2E2E2E2E2E2E2E2E2E2E2E2E2E2E2E2E2E2E2
310
E2E2E2E2E2E2E2E2E2E2F5E2E2E2F5E2E2E2E2E2E2E2E2E2E2E2E2E2E2E2E2E2E2E2E2E2E2E2E2E2E2E2E2E2E2E2E2E2E2E2E2E2E2E2E2E2E2E2E2E2E2E2E2E2E2E2E2E2E2E2E2E2E2E2E2E2E2E2E2E2E2E2E2E2E2E2E2E2E2E2E2E2E2E2E2E2E2E2E2E2E2E2E2E2E2E2E2E2E2E2E2E2E2E2E2E2E2E2E2E2E2E2E2E2E2E2E2
310
E2E2E2E2F5F5F5F5F5F5F5F5F5F5F5F5F5F5F5F5F5F5F5F5F5F5F5E2E2E2E2E2E2E2E2E2E2E2E2E2E2E2E2E2E2E2E2E2E2E2E2E2E2E2E2E2E2E2E2E2E2E2E2F5E2E2E2F5E2E2E2E2E2E2E2E2E2E2E2E2E2E2E2E2E2E2E2E2E2E2E2E2E2E2E2E2E2E2E2E2E2E2E2E2E2E2E2E2E2E2E2E2E2E2E2E2E2E2E2E2E2E2E2E2E2E2E2
310
E2E2E2E2E2E2E2E2E2E2E2E2E2E2E2E2E2E2E2E2E2E2E2E2E2E2E2E2E2E2E2E2E2E2E2E2E2E2E2E2E2E2E2E2E2E2E2E2E2E2E2E2E2E2E2E2E2F5F5F5F5F5F5F5F5F5F5F5F5F5F5F5F5F5F5F5F5F5F5F5E2E2E2E2E2E2E2E2E2E2E2E2E2E2E2E2E2E2E2E2E2E2E2E2E2E2E2E2E2E2E2E2E2E2E2E2F5E2E2E2F5E2E2E2E2E2E2
310
E2E2E2E2E2E2E2E2E2E2E2E2E2E2E2E2E2E2E2E2E2E2E2E2E2E2E2E2E2E2E2E2E2E2E2E2E2E2E2E2E2E2E2E2E2E2E2E2E2E2E2E2E2E2E2E2E2E2E2E2E2E2E2E2E2E2E2E2E2E2E2E2E2E2E2E2E2E2E2E2E2E2E2E2E2E2E2E2E2E2E2E2E2E2E2E2E2E2E2E2E2E2E2E2E2E2E2E2E2E2F5F5F5F5F5F5F5F5F5F5F5F5F5F5F5F5F5
310
F5F5F5F5F5F5E2E2E2E2E2E2E2E2E2E2E2E2E2E2E2E2E2E2E2E2E2E2E2E2E2E2E2E2E2E2E2E2E2E2E2E2F5E2E2E2F5E2E2E2E2E2E2E2E2E2E2E2E2E2E2E2E2E2E2E2E2E2E2E2E2E2E2E2E2E2E2E2E2E2E2E2E2E2E2E2E2E2E2E2E2E2E2E2E2E2E2E2E2E2E2E2E2E2E2E2E2E2E2E2E2E2E2E2E2E2E2E2E2E2E2E2E2E2E2E2E2
310
E2E2E2E2E2E2E2E2E2E2E2E2E2E2E2E2E2E2E2E2E2E2E2E2E2E2E2E2E2E2E2E2E2E2E2E2F5F5F5F5F5F5F5F5F5F5F5F5F5F5F5F5F5F5F5F5F5F5F5E2E2E2E2E2E2E2E2E2E2E2E2E2E2E2E2E2E2E2E2E2E2E2E2E2E2E2E2E2E2E2E2E2E2E2E2F5E2E2E2F5E2E2E2E2E2E2E2E2E2E2E2E2E2E2E2E2E2E2E2E2E2E2E2E2E2E2E2
310
E2E2E2E2E2E2E2E2E2E2E2E2E2E2E2E2E2E2E2E2E2E2E2E2E2E2E2E2E2E2E2E2E2E2E2E2E2E2E2E2E2E2E2E2E2E2E2E2E2E2E2E2E2E2E2E2E2E2E2E2E2E2E2E2E2E2E2E2E2E2E2E2E2E2E2E2E2E2E2E2E2E2E2E2E2E2E2E2E2F5F5F5F5F5F5F5F5F5F5F5F5F5F5F5F5F5F5F5F5F5F5F5E2E2E2E2E2E2E2E2E2E2E2E2E2E2E2
310
E2E2E2E2E2E2E2E2E2E2E2E2E2E2E2E2E2E2E2E2E2F5E2E2E2F5E2E2E2E2E2E2E2E2E2E2E2E2E2E2E2E2E2E2E2E2E2E2E2E2E2E2E2E2E2E2E2E2E2E2E2E2E2E2E2E2E2E2E2E2E2E2E2E2E2E2E2E2E2E2E2E2E2E2E2E2E2E2E2E2E2E2E2E2E2E2E2E2E2E2E2E2E2E2E2E2E2E2E2E2E2E2E2E2E2E2E2E2E2E2E2E2E2E2E2E2E2
310
E2E2E2E2E2E2E2E2E2E2E2E2E2E2E2F5F5F5F5E2F5F5F5F5F5F5F5F5F5F5F5F5F5E2F5F5F5F5E2E2E2E2E2E2E2E2E2E2E2E2E2E2E2E2E2E2E2E2E2E2E2E2E2E2E2E2E2E2E2E2E2E2E2E2F5E2E2E2F5E2E2E2E2E2E2E2E2E2E2E2E2E2E2E2E2E2E2E2E2E2E2E2E2E2E2E2E2E2E2E2E2E2E2E2E2E2E2E2E2E2E2E2E2E2E2E2E2
310
E2E2E2E2E2E2E2E2E2E2E2E2E2E2E2E2E2E2E2E2E2E2E2E2E2E2E2E2E2E2E2E2E2E2E2E2E2E2E2E2E2E2E2E2E2E2E2E2E2E2E2E2E2E2E2E2E2E2E2E2E2E2E2E2E2E2E2E2F5F5F5F5F5F5F5F5F5F5F5F5F5F5F5F5F5F5F5F5F5F5F5E2E2E2E2E2E2E2E2E2E2E2E2E2E2E2E2E2E2E2E2E2E2E2E2E2E2E2E2E2E2E2E2E2E2E2E2
310
F5E2E2E2F5F5F5F5F5F5F5F5F5F5E2E2E2E2E2E2E2E2E2E2E2E2E2E2E2E2E2E2E2E2E2E2E2E2E2E2E2E2E2E2E2E2E2E2E2E2E2E2E2E2E2E2E2E2E2E2E2E2E2E2E2E2E2E2E2E2E2E2E2E2E2E2E2E2E2E2E2E2E2E2E2E2E2E2E2E2E2E2E2E2E2E2E2E2E2E2E2E2E2E2E2E2E2E2E2E2E2E2E2E2E2E2E2E2E2E2E2F5E2E2E2F5F5
310
E2F5F5E2F5F5E2F5F5E2F5F5E2E2F5F5F5E2E2E2E2E2E2E2E2E2E2E2E2E2E2E2E2E2E2E2E2E2E2E2E2E2E2E2E2E2E2E2E2E2E2E2E2F5E2E2E2F5E2E2E2E2E2E2E2F5F5E2E2E2E2E2E2E2E2E2E2E2E2E2E2E2E2E2E2E2E2E2E2E2E2E2E2E2E2E2E2E2E2E2E2E2E2E2E2E2E2E2E2E2E2E2E2E2E2E2E2E2E2E2E2E2E2E2E2E2E2
310
E2E2E2E2E2E2E2E2E2E2E2E2E2E2E2E2E2E2E2E2E2E2E2E2E2E2E2E2E2E2E2E2E2E2E2E2E2E2E2E2E2E2E2E2E2E2E2F5E2E2E2F5F5E2F5F5E2F5F5E2F5F5E2F5F5E2E2F5F5F5E2E2E2E2E2E2E2E2E2E2E2E2E2E2E2E2E2E2E2E2E2E2E2E2E2E2E2E2E2E2E2E2E2E2E2E2F5E2E2E2F5F5F5F5F5F5F5F5F5F5F5F5F5F5F5F5F5
310
F5F5F5F5F5F5F5F5F5F5F5F5F5F5F5F5F5F5F5F5F5F5F5F5F5F5F5F5F5F5F5F5F5F5F5F5F5F5F5F5F5F5F5F5F5F5F5F5F5F5F5F5F5F5F5F5F5F5F5F5F5F5F5F5F5F5F5F5F5F5F5F5F5F5F5F5F5F5F5F5F5F5F5F5F5F5F5F5F5F5F5F5F5F5F5F5F5F5F5F5F5F5F5F5F5F5F5F5F5F5F5F5F5F5F5F5F5F5F5F5F5F5F5E2E2E2E2
310
E2E2E2E2E2E2E2E2E2E2E2E2E2E2E2E2E2E2E2E2E2E2E2E2E2E2E2E2E2E2E2E2F5E2E2E2E2E2E2E2E2E2E2E2E2E2E2E2E2E2E2E2E2E2E2E2E2E2E2E2E2E2E2E2E2E2E2E2E2E2E2E2E2E2E2E2E2E2E2E2E2E2E2E2E2E2E2E2E2E2E2E2E2E2E2E2E2E2E2E2E2E2E2E2E2E2E2E2E2E2E2E2E2E2E2E2E2E2E2E2E2E2E2E2E2E2E2
310
E2E2E2E2E2E2E2E2E2E2E2E2E2E2E2E2E2E2E2E2E2E2E2E2E2E2E2E2E2E2E2E2E2E2E2E2E2E2E2E2E2E2E2E2E2E2E2E2F5E2E2E2E2E2E2E2E2E2E2E2E2E2E2E2E2E2E2E2E2E2E2E2E2E2E2E2E2E2E2E2E2E2E2E2E2F5F5F5F5F5F5F5F5F5F5F5F5F5F5F5F5F5F5F5F5F5F5F5F5F5F5F5F5F5F5F5F5F5F5F5F5F5F5F5F5F5F5
310
F5F5F5F5F5F5F5F5F5F5F5F5F5F5F5F5F5F5F5F5F5F5F5F5F5F5F5F5F5F5F5F5F5F5F5F5F5F5F5F5F5F5F5F5F5F5F5F5F5F5F5F5F5F5F5F5F5F5F5F5F5F5F5F5F5F5F5F5F5F5F5F5F5F5F5F5F5F5F5F5F5F5F5F5F5F5F5F5F5F5F5F5F5F5F5F5F5F5F5F5F5F5E2E2E2E2E2E2E2E2E2E2E2E2E2E2E2E2E2E2
  0
ENDSEC
  0
EOF
