  0
SECTION
  2
HEADER
  9
$ACADVER
  1
AC1032
  9
$ACADMAINTVER
 90
       55
  9
$DWGCODEPAGE
  3
ANSI_936
  9
$LASTSAVEDBY
  1
zsn
  9
$REQUIREDVERSIONS
160
                 0
  9
$INSBASE
 10
0.0
 20
0.0
 30
0.0
  9
$EXTMIN
 10
34298.64163596212
 20
-8379.718551669428
 30
0.0
  9
$EXTMAX
 10
34892.64163596212
 20
-7959.718551669428
 30
3.572934373462516
  9
$LIMMIN
 10
-100.0
 20
-100.0
  9
$LIMMAX
 10
100.0
 20
100.0
  9
$ORTHOMODE
 70
     0
  9
$REGENMODE
 70
     1
  9
$FILLMODE
 70
     1
  9
$QTEXTMODE
 70
     0
  9
$MIRRTEXT
 70
     0
  9
$LTSCALE
 40
10.0
  9
$ATTMODE
 70
     1
  9
$TEXTSIZE
 40
60.0
  9
$TRACEWID
 40
1.0
  9
$TEXTSTYLE
  7
Standard
  9
$CLAYER
  8
0
  9
$CELTYPE
  6
ByLayer
  9
$CECOLOR
 62
   256
  9
$CELTSCALE
 40
1.0
  9
$DISPSILH
 70
     0
  9
$DIMSCALE
 40
1.0
  9
$DIMASZ
 40
1.0
  9
$DIMEXO
 40
2.0
  9
$DIMDLI
 40
0.0
  9
$DIMRND
 40
0.0
  9
$DIMDLE
 40
0.0
  9
$DIMEXE
 40
2.0
  9
$DIMTP
 40
0.0
  9
$DIMTM
 40
0.0
  9
$DIMTXT
 40
2.5
  9
$DIMCEN
 40
0.09
  9
$DIMTSZ
 40
0.0
  9
$DIMTOL
 70
     0
  9
$DIMLIM
 70
     0
  9
$DIMTIH
 70
     0
  9
$DIMTOH
 70
     0
  9
$DIMSE1
 70
     0
  9
$DIMSE2
 70
     0
  9
$DIMTAD
 70
     1
  9
$DIMZIN
 70
     0
  9
$DIMBLK
  1
Oblique
  9
$DIMASO
 70
     1
  9
$DIMSHO
 70
     1
  9
$DIMPOST
  1

  9
$DIMAPOST
  1

  9
$DIMALT
 70
     0
  9
$DIMALTD
 70
     2
  9
$DIMALTF
 40
25.4
  9
$DIMLFAC
 40
20.0
  9
$DIMTOFL
 70
     1
  9
$DIMTVP
 40
0.0
  9
$DIMTIX
 70
     1
  9
$DIMSOXD
 70
     0
  9
$DIMSAH
 70
     0
  9
$DIMBLK1
  1

  9
$DIMBLK2
  1

  9
$DIMSTYLE
  2
BZ
  9
$DIMCLRD
 70
     1
  9
$DIMCLRE
 70
     1
  9
$DIMCLRT
 70
     7
  9
$DIMTFAC
 40
1.4
  9
$DIMGAP
 40
1.0
  9
$DIMJUST
 70
     0
  9
$DIMSD1
 70
     0
  9
$DIMSD2
 70
     0
  9
$DIMTOLJ
 70
     1
  9
$DIMTZIN
 70
     0
  9
$DIMALTZ
 70
     0
  9
$DIMALTTZ
 70
     0
  9
$DIMUPT
 70
     0
  9
$DIMDEC
 70
     0
  9
$DIMTDEC
 70
     0
  9
$DIMALTU
 70
     2
  9
$DIMALTTD
 70
     2
  9
$DIMTXSTY
  7
DXT
  9
$DIMAUNIT
 70
     0
  9
$DIMADEC
 70
     0
  9
$DIMALTRND
 40
0.0
  9
$DIMAZIN
 70
     0
  9
$DIMDSEP
 70
    46
  9
$DIMATFIT
 70
     3
  9
$DIMFRAC
 70
     0
  9
$DIMLDRBLK
  1
Oblique
  9
$DIMLUNIT
 70
     2
  9
$DIMLWD
 70
    -2
  9
$DIMLWE
 70
    -2
  9
$DIMTMOVE
 70
     2
  9
$DIMFXL
 40
1.0
  9
$DIMFXLON
 70
     0
  9
$DIMJOGANG
 40
0.7853981633974483
  9
$DIMTFILL
 70
     0
  9
$DIMTFILLCLR
 70
     0
  9
$DIMARCSYM
 70
     0
  9
$DIMLTYPE
  6

  9
$DIMLTEX1
  6

  9
$DIMLTEX2
  6

  9
$DIMTXTDIRECTION
 70
     0
  9
$LUNITS
 70
     2
  9
$LUPREC
 70
     2
  9
$SKETCHINC
 40
1.0
  9
$FILLETRAD
 40
0.0
  9
$AUNITS
 70
     0
  9
$AUPREC
 70
     0
  9
$MENU
  1
.
  9
$ELEVATION
 40
0.0
  9
$PELEVATION
 40
0.0
  9
$THICKNESS
 40
0.0
  9
$LIMCHECK
 70
     0
  9
$CHAMFERA
 40
0.0
  9
$CHAMFERB
 40
0.0
  9
$CHAMFERC
 40
0.0
  9
$CHAMFERD
 40
0.0
  9
$SKPOLY
 70
     0
  9
$TDCREATE
 40
2456793.611478588
  9
$TDUCREATE
 40
2456793.278145255
  9
$TDUPDATE
 40
2461280.599543669
  9
$TDUUPDATE
 40
2461280.266210336
  9
$TDINDWG
 40
14.7207158218
  9
$TDUSRTIMER
 40
14.7207158218
  9
$USRTIMER
 70
     1
  9
$ANGBASE
 50
0.0
  9
$ANGDIR
 70
     0
  9
$PDMODE
 70
     0
  9
$PDSIZE
 40
0.0
  9
$PLINEWID
 40
0.0
  9
$SPLFRAME
 70
     0
  9
$SPLINETYPE
 70
     6
  9
$SPLINESEGS
 70
     8
  9
$HANDSEED
  5
888
  9
$SURFTAB1
 70
     6
  9
$SURFTAB2
 70
     6
  9
$SURFTYPE
 70
     6
  9
$SURFU
 70
     6
  9
$SURFV
 70
     6
  9
$UCSBASE
  2

  9
$UCSNAME
  2

  9
$UCSORG
 10
0.0
 20
0.0
 30
0.0
  9
$UCSXDIR
 10
1.0
 20
0.0
 30
0.0
  9
$UCSYDIR
 10
0.0
 20
1.0
 30
0.0
  9
$UCSORTHOREF
  2

  9
$UCSORTHOVIEW
 70
     0
  9
$UCSORGTOP
 10
0.0
 20
0.0
 30
0.0
  9
$UCSORGBOTTOM
 10
0.0
 20
0.0
 30
0.0
  9
$UCSORGLEFT
 10
0.0
 20
0.0
 30
0.0
  9
$UCSORGRIGHT
 10
0.0
 20
0.0
 30
0.0
  9
$UCSORGFRONT
 10
0.0
 20
0.0
 30
0.0
  9
$UCSORGBACK
 10
0.0
 20
0.0
 30
0.0
  9
$PUCSBASE
  2

  9
$PUCSNAME
  2

  9
$PUCSORG
 10
0.0
 20
0.0
 30
0.0
  9
$PUCSXDIR
 10
1.0
 20
0.0
 30
0.0
  9
$PUCSYDIR
 10
0.0
 20
1.0
 30
0.0
  9
$PUCSORTHOREF
  2

  9
$PUCSORTHOVIEW
 70
     0
  9
$PUCSORGTOP
 10
0.0
 20
0.0
 30
0.0
  9
$PUCSORGBOTTOM
 10
0.0
 20
0.0
 30
0.0
  9
$PUCSORGLEFT
 10
0.0
 20
0.0
 30
0.0
  9
$PUCSORGRIGHT
 10
0.0
 20
0.0
 30
0.0
  9
$PUCSORGFRONT
 10
0.0
 20
0.0
 30
0.0
  9
$PUCSORGBACK
 10
0.0
 20
0.0
 30
0.0
  9
$USERI1
 70
     0
  9
$USERI2
 70
     0
  9
$USERI3
 70
     0
  9
$USERI4
 70
     0
  9
$USERI5
 70
     0
  9
$USERR1
 40
0.0
  9
$USERR2
 40
0.0
  9
$USERR3
 40
0.0
  9
$USERR4
 40
0.0
  9
$USERR5
 40
0.0
  9
$WORLDVIEW
 70
     1
  9
$SHADEDGE
 70
     3
  9
$SHADEDIF
 70
    70
  9
$TILEMODE
 70
     1
  9
$MAXACTVP
 70
    64
  9
$PINSBASE
 10
0.0
 20
0.0
 30
0.0
  9
$PLIMCHECK
 70
     0
  9
$PEXTMIN
 10
0.0
 20
0.0
 30
0.0
  9
$PEXTMAX
 10
0.0
 20
0.0
 30
0.0
  9
$PLIMMIN
 10
0.0
 20
0.0
  9
$PLIMMAX
 10
12.0
 20
9.0
  9
$UNITMODE
 70
     0
  9
$VISRETAIN
 70
     1
  9
$PLINEGEN
 70
     0
  9
$PSLTSCALE
 70
     1
  9
$TREEDEPTH
 70
  3020
  9
$CMLSTYLE
  2
Standard
  9
$CMLJUST
 70
     0
  9
$CMLSCALE
 40
20.0
  9
$PROXYGRAPHICS
 70
     1
  9
$MEASUREMENT
 70
     1
  9
$CELWEIGHT
370
    -1
  9
$ENDCAPS
280
     0
  9
$JOINSTYLE
280
     0
  9
$LWDISPLAY
290
     0
  9
$INSUNITS
 70
     4
  9
$HYPERLINKBASE
  1

  9
$STYLESHEET
  1

  9
$XEDIT
290
     1
  9
$CEPSNTYPE
380
     0
  9
$PSTYLEMODE
290
     1
  9
$FINGERPRINTGUID
  2
{FDEAD578-A652-11D2-9A35-0060089B3A3F}
  9
$VERSIONGUID
  2
{2D275F09-AA04-494C-AC8B-9704975B15C3}
  9
$EXTNAMES
290
     1
  9
$PSVPSCALE
 40
0.0
  9
$OLESTARTUP
290
     0
  9
$SORTENTS
280
   127
  9
$INDEXCTL
280
     0
  9
$HIDETEXT
280
     1
  9
$XCLIPFRAME
280
     0
  9
$HALOGAP
280
     0
  9
$OBSCOLOR
 70
   257
  9
$OBSLTYPE
280
     0
  9
$INTERSECTIONDISPLAY
280
     0
  9
$INTERSECTIONCOLOR
 70
   257
  9
$DIMASSOC
280
     2
  9
$PROJECTNAME
  1

  9
$CAMERADISPLAY
290
     0
  9
$LENSLENGTH
 40
50.0
  9
$CAMERAHEIGHT
 40
0.0
  9
$STEPSPERSEC
 40
2.0
  9
$STEPSIZE
 40
6.0
  9
$3DDWFPREC
 40
2.0
  9
$PSOLWIDTH
 40
0.25
  9
$PSOLHEIGHT
 40
4.0
  9
$LOFTANG1
 40
1.570796326794897
  9
$LOFTANG2
 40
1.570796326794897
  9
$LOFTMAG1
 40
0.0
  9
$LOFTMAG2
 40
0.0
  9
$LOFTPARAM
 70
     7
  9
$LOFTNORMALS
280
     1
  9
$LATITUDE
 40
37.795
  9
$LONGITUDE
 40
-122.394
  9
$NORTHDIRECTION
 40
0.0
  9
$TIMEZONE
 70
 -8000
  9
$LIGHTGLYPHDISPLAY
280
     1
  9
$TILEMODELIGHTSYNCH
280
     1
  9
$CMATERIAL
347
85C
  9
$SOLIDHIST
280
     0
  9
$SHOWHIST
280
     1
  9
$DWFFRAME
280
     2
  9
$DGNFRAME
280
     2
  9
$REALWORLDSCALE
290
     1
  9
$INTERFERECOLOR
 62
   256
  9
$CSHADOW
280
     0
  9
$SHADOWPLANELOCATION
 40
0.0
  0
ENDSEC
  0
SECTION
  2
CLASSES
  0
CLASS
  1
ACDBDICTIONARYWDFLT
  2
AcDbDictionaryWithDefault
  3
ObjectDBX Classes
 90
        0
 91
        3
280
     0
281
     0
  0
CLASS
  1
ACDBPLACEHOLDER
  2
AcDbPlaceHolder
  3
ObjectDBX Classes
 90
        0
 91
        1
280
     0
281
     0
  0
CLASS
  1
LAYOUT
  2
AcDbLayout
  3
ObjectDBX Classes
 90
        0
 91
        1
280
     0
281
     0
  0
CLASS
  1
DICTIONARYVAR
  2
AcDbDictionaryVar
  3
ObjectDBX Classes
 90
        0
 91
        3
280
     0
281
     0
  0
CLASS
  1
SORTENTSTABLE
  2
AcDbSortentsTable
  3
ObjectDBX Classes
 90
        0
 91
        3
280
     0
281
     0
  0
CLASS
  1
DIMASSOC
  2
AcDbDimAssoc
  3
"AcDbDimAssoc|Product Desc:     AcDim ARX App For Dimension|Company:          Autodesk, Inc.|WEB Address:      www.autodesk.com"
 90
        0
 91
        3
280
     0
281
     0
  0
CLASS
  1
MATERIAL
  2
AcDbMaterial
  3
ObjectDBX Classes
 90
     1153
 91
        3
280
     0
281
     0
  0
CLASS
  1
VISUALSTYLE
  2
AcDbVisualStyle
  3
ObjectDBX Classes
 90
     4095
 91
        3
280
     0
281
     0
  0
CLASS
  1
TABLESTYLE
  2
AcDbTableStyle
  3
ObjectDBX Classes
 90
     4095
 91
        3
280
     0
281
     0
  0
CLASS
  1
SCALE
  2
AcDbScale
  3
ObjectDBX Classes
 90
     1153
 91
        3
280
     0
281
     0
  0
CLASS
  1
MLEADERSTYLE
  2
AcDbMLeaderStyle
  3
ACDB_MLEADERSTYLE_CLASS
 90
     4095
 91
        3
280
     0
281
     0
  0
CLASS
  1
CELLSTYLEMAP
  2
AcDbCellStyleMap
  3
ObjectDBX Classes
 90
     1152
 91
        3
280
     0
281
     0
  0
CLASS
  1
SOLID_BACKGROUND
  2
AcDbSolidBackground
  3
SCENEOE
 90
     4095
 91
        3
280
     0
281
     0
  0
CLASS
  1
NPOCOLLECTION
  2
AcDbImpNonPersistentObjectsCollection
  3
ObjectDBX Classes
 90
     1153
 91
        1
280
     1
281
     0
  0
CLASS
  1
ACAD_EVALUATION_GRAPH
  2
AcDbEvalGraph
  3
ObjectDBX Classes
 90
     1153
 91
        1
280
     1
281
     0
  0
CLASS
  1
ACAECUSTOBJ
  2
AcAeEditorObj
  3
AcAeEditorObj
 90
     1024
 91
        1
280
     1
281
     0
  0
CLASS
  1
ACDB_DYNAMICBLOCKPURGEPREVENTER_VERSION
  2
AcDbDynamicBlockPurgePreventer
  3
ObjectDBX Classes
 90
     1153
 91
        1
280
     1
281
     0
  0
CLASS
  1
ACDBDETAILVIEWSTYLE
  2
AcDbDetailViewStyle
  3
ObjectDBX Classes
 90
     1025
 91
        3
280
     0
281
     0
  0
CLASS
  1
ACDBSECTIONVIEWSTYLE
  2
AcDbSectionViewStyle
  3
ObjectDBX Classes
 90
     1025
 91
        3
280
     0
281
     0
  0
ENDSEC
  0
SECTION
  2
TABLES
  0
TABLE
  2
VPORT
  5
2C
330
0
100
AcDbSymbolTable
 70
     1
  0
VPORT
  5
849
330
2C
100
AcDbSymbolTableRecord
100
AcDbViewportTableRecord
  2
*Active
 70
     0
 10
0.0
 20
0.0
 11
1.0
 21
1.0
 12
34595.64163596212
 22
-8169.718551669428
 13
0.0
 23
0.0
 14
10.0
 24
10.0
 15
10.0
 25
10.0
 16
-1.124745541366603E-32
 26
-6.123031769111886E-17
 36
1.0
 17
0.0
 27
0.0
 37
0.0
 40
424.1379310344819
 41
1.685855263157895
 42
50.0
 43
0.0
 44
0.0
 50
0.0
 51
0.0
 71
     0
 72
   300
 73
     1
 74
     3
 75
     0
 76
     0
 77
     0
 78
     0
281
     0
 65
     1
110
0.0
120
0.0
130
0.0
111
1.0
121
0.0
131
0.0
112
0.0
122
1.0
132
0.0
 79
     0
146
0.0
348
30
 60
     3
 61
     5
292
     1
282
     1
141
0.0
142
0.0
 63
   256
  0
ENDTAB
  0
TABLE
  2
LTYPE
  5
27
330
0
100
AcDbSymbolTable
 70
     5
  0
LTYPE
  5
28
330
27
100
AcDbSymbolTableRecord
100
AcDbLinetypeTableRecord
  2
ByBlock
 70
     0
  3

 72
    65
 73
     0
 40
0.0
  0
LTYPE
  5
29
330
27
100
AcDbSymbolTableRecord
100
AcDbLinetypeTableRecord
  2
ByLayer
 70
     0
  3

 72
    65
 73
     0
 40
0.0
  0
LTYPE
  5
17
330
27
100
AcDbSymbolTableRecord
100
AcDbLinetypeTableRecord
  2
Continuous
 70
     0
  3
Solid line
 72
    65
 73
     0
 40
0.0
  0
LTYPE
  5
B8
330
27
100
AcDbSymbolTableRecord
100
AcDbLinetypeTableRecord
  2
DASHED
 70
     0
  3
Dashed __ __ __ __ __ __ __ __ __ __ __ __ __ _
 72
    65
 73
     2
 40
0.75
 49
0.5
 74
     0
 49
-0.25
 74
     0
  0
LTYPE
  5
ED
330
27
100
AcDbSymbolTableRecord
100
AcDbLinetypeTableRecord
  2
DASHDOTX2
 70
     0
  3
Dash dot (2x) ____  .  ____  .  ____  .  ___
 72
    65
 73
     4
 40
2.0
 49
1.0
 74
     0
 49
-0.5
 74
     0
 49
0.0
 74
     0
 49
-0.5
 74
     0
  0
LTYPE
  5
69
330
27
100
AcDbSymbolTableRecord
100
AcDbLinetypeTableRecord
  2
DASHDOT
 70
     0
  3
Dash dot __ . __ . __ . __ . __ . __ . __ . __
 72
    65
 73
     4
 40
1.0
 49
0.5
 74
     0
 49
-0.25
 74
     0
 49
0.0
 74
     0
 49
-0.25
 74
     0
  0
LTYPE
  5
63
330
27
100
AcDbSymbolTableRecord
100
AcDbLinetypeTableRecord
  2
DIVIDE2
 70
     0
  3
Divide (.5x) __..__..__..__..__..__..__..__.._
 72
    65
 73
     6
 40
0.625
 49
0.25
 74
     0
 49
-0.125
 74
     0
 49
0.0
 74
     0
 49
-0.125
 74
     0
 49
0.0
 74
     0
 49
-0.125
 74
     0
  0
ENDTAB
  0
TABLE
  2
LAYER
  5
20
102
{ACAD_XDICTIONARY
360
21
102
}
330
0
100
AcDbSymbolTable
 70
    11
  0
LAYER
  5
6
102
{ACAD_XDICTIONARY
360
7
102
}
330
20
100
AcDbSymbolTableRecord
100
AcDbLayerTableRecord
  2
0
 70
     0
 62
     7
  6
Continuous
370
    -3
390
15
347
9
348
0
  0
LAYER
  5
27F
330
20
100
AcDbSymbolTableRecord
100
AcDbLayerTableRecord
  2
Defpoints
 70
     0
 62
     7
  6
Continuous
290
     0
370
    -3
390
15
347
9
348
0
  0
LAYER
  5
46
102
{ACAD_XDICTIONARY
360
47
102
}
330
20
100
AcDbSymbolTableRecord
100
AcDbLayerTableRecord
  2
2
 70
     0
 62
     1
  6
Continuous
370
    -3
390
15
347
9
348
0
  0
LAYER
  5
B4
102
{ACAD_XDICTIONARY
360
B5
102
}
330
20
100
AcDbSymbolTableRecord
100
AcDbLayerTableRecord
  2
1
 70
     0
 62
     1
  6
DASHED
370
    -3
390
15
347
9
348
0
  0
LAYER
  5
6B
102
{ACAD_XDICTIONARY
360
6C
102
}
330
20
100
AcDbSymbolTableRecord
100
AcDbLayerTableRecord
  2
3
 70
     0
 62
     1
  6
Continuous
370
    -3
390
15
347
9
348
0
  0
LAYER
  5
E9
102
{ACAD_XDICTIONARY
360
EA
102
}
330
20
100
AcDbSymbolTableRecord
100
AcDbLayerTableRecord
  2
4
 70
     0
 62
     2
  6
DASHDOTX2
370
    -3
390
15
347
9
348
0
  0
LAYER
  5
65
102
{ACAD_XDICTIONARY
360
66
102
}
330
20
100
AcDbSymbolTableRecord
100
AcDbLayerTableRecord
  2
5
 70
     0
 62
     2
  6
DASHDOT
370
    -3
390
15
347
9
348
0
  0
LAYER
  5
368
102
{ACAD_XDICTIONARY
360
369
102
}
330
20
100
AcDbSymbolTableRecord
100
AcDbLayerTableRecord
  2
8
 70
     0
 62
     3
  6
Continuous
370
    -3
390
15
347
9
348
0
  0
LAYER
  5
60A
330
20
100
AcDbSymbolTableRecord
100
AcDbLayerTableRecord
  2
$TD_AUDIT_GENERATED_(60A)
 70
     0
 62
     3
  6
Continuous
370
    -3
390
15
347
9
348
0
  0
LAYER
  5
5F
102
{ACAD_XDICTIONARY
360
60
102
}
330
20
100
AcDbSymbolTableRecord
100
AcDbLayerTableRecord
  2
7
 70
     0
 62
     3
  6
DIVIDE2
370
    -3
390
15
347
9
348
0
  0
LAYER
  5
532
330
20
100
AcDbSymbolTableRecord
100
AcDbLayerTableRecord
  2
$TD_AUDIT_GENERATED_(532)
 70
     0
 62
     4
  6
Continuous
370
    -3
390
15
347
9
348
0
  0
ENDTAB
  0
TABLE
  2
STYLE
  5
24
330
0
100
AcDbSymbolTable
 70
     7
  0
STYLE
  5
25
330
24
100
AcDbSymbolTableRecord
100
AcDbTextStyleTableRecord
  2
Standard
 70
     0
 40
0.0
 41
0.7
 50
0.0
 71
     0
 42
60.0
  3
SIMPLEX.shx
  4
gbhzfs.shx
  0
STYLE
  5
36
330
24
100
AcDbSymbolTableRecord
100
AcDbTextStyleTableRecord
  2
DXT
 70
     0
 40
0.0
 41
0.72
 50
0.0
 71
     0
 42
3.0
  3
simplex.shx
  4
hztxt.shx
  0
STYLE
  5
79E
330
24
100
AcDbSymbolTableRecord
100
AcDbTextStyleTableRecord
  2
HQFILE
 70
     0
 40
0.0
 41
1.0
 50
0.0
 71
     0
 42
5.0
  3
complex.shx
  4
hztxt.shx
  0
STYLE
  5
5F6
330
24
100
AcDbSymbolTableRecord
100
AcDbTextStyleTableRecord
  2
$TD_AUDIT_GENERATED_(5F6)
 70
     0
 40
0.0
 41
1.0
 50
0.0
 71
     0
 42
88.04108111815731
  3
SimSun.ttf
  4

1001
ACAD
1000
SimSun
1071
    34306
  0
STYLE
  5
5F8
330
24
100
AcDbSymbolTableRecord
100
AcDbTextStyleTableRecord
  2
$TD_AUDIT_GENERATED_(5F8)
 70
     0
 40
0.0
 41
0.8
 50
0.0
 71
     0
 42
500.0
  3
verdanab.TTF
  4

1001
ACAD
1000
Verdana
1071
 33554466
  0
STYLE
  5
624
330
24
100
AcDbSymbolTableRecord
100
AcDbTextStyleTableRecord
  2
1-1
 70
     0
 40
0.0
 41
1.0
 50
0.0
 71
     0
 42
2.5
  3
SIMHEI.TTF
  4

1001
ACAD
1000
SimHei
1071
    34306
  0
STYLE
  5
5ED
330
24
100
AcDbSymbolTableRecord
100
AcDbTextStyleTableRecord
  2
1-2
 70
     0
 40
0.0
 41
1.0
 50
0.0
 71
     0
 42
2.5
  3

  4

1001
ACAD
1000
STZhongsong
1071
    34306
  0
ENDTAB
  0
TABLE
  2
VIEW
  5
2A
330
0
100
AcDbSymbolTable
 70
     0
  0
ENDTAB
  0
TABLE
  2
UCS
  5
2B
330
0
100
AcDbSymbolTable
 70
     0
  0
ENDTAB
  0
TABLE
  2
APPID
  5
33
330
0
100
AcDbSymbolTable
 70
     5
  0
APPID
  5
32
330
33
100
AcDbSymbolTableRecord
100
AcDbRegAppTableRecord
  2
ACAD
 70
     0
  0
APPID
  5
3D
330
33
100
AcDbSymbolTableRecord
100
AcDbRegAppTableRecord
  2
ACAD_DSTYLE_DIMJAG
 70
     0
  0
APPID
  5
3E
330
33
100
AcDbSymbolTableRecord
100
AcDbRegAppTableRecord
  2
ACAD_DSTYLE_DIMTALN
 70
     0
  0
APPID
  5
1B
330
33
100
AcDbSymbolTableRecord
100
AcDbRegAppTableRecord
  2
ACAD_PSEXT
 70
     0
  0
APPID
  5
62B
330
33
100
AcDbSymbolTableRecord
100
AcDbRegAppTableRecord
  2
AcDbDynamicBlockGUID
 70
     0
  0
ENDTAB
  0
TABLE
  2
DIMSTYLE
  5
34
330
0
100
AcDbSymbolTable
 70
     2
100
AcDbDimStyleTable
  0
DIMSTYLE
105
35
330
34
100
AcDbSymbolTableRecord
100
AcDbDimStyleTableRecord
  2
BZ
 70
     0
 41
1.0
 42
2.0
 43
0.0
 44
2.0
 73
     0
 74
     0
 77
     1
140
2.5
144
20.0
146
1.4
147
1.0
172
     1
174
     1
176
     1
177
     1
271
     0
178
     7
271
     0
272
     0
279
     2
340
36
341
37
342
37
1001
ACAD_DSTYLE_DIMJAG
1070
   388
1040
1.5
1001
ACAD_DSTYLE_DIMTALN
1070
   392
1070
     0
  0
DIMSTYLE
105
275
102
{ACAD_REACTORS
330
274
330
285
330
292
330
29F
330
2B4
330
2C3
330
2DA
330
2F6
330
305
330
317
330
326
330
33B
330
354
330
387
330
396
330
3A4
330
3B1
330
3EF
330
3FE
330
412
330
41F
330
42E
330
43B
330
44A
330
479
330
49F
330
4AE
330
4BB
330
4CA
330
4E2
330
4F1
330
4FE
330
50B
330
55E
330
5A0
330
763
330
772
330
7AA
330
7B7
330
7C6
330
7D5
330
7E2
330
7F5
330
826
102
}
330
34
100
AcDbSymbolTableRecord
100
AcDbDimStyleTableRecord
  2
BZ$0
 70
     0
 41
1.0
 42
2.0
 43
0.0
 44
2.0
 73
     0
 74
     0
 77
     1
 78
    12
 79
     3
140
2.5
144
20.0
146
1.4
147
1.0
172
     1
174
     1
176
     1
177
     1
271
     0
178
     7
179
     4
271
     0
272
     0
279
     2
340
36
341
37
342
37
  0
ENDTAB
  0
TABLE
  2
BLOCK_RECORD
  5
1
330
0
100
AcDbSymbolTable
 70
    53
  0
BLOCK_RECORD
  5
2
102
{ACAD_XDICTIONARY
360
3
102
}
330
1
100
AcDbSymbolTableRecord
100
AcDbBlockTableRecord
  2
*Model_Space
340
19
 70
     0
280
     1
281
     0
  0
BLOCK_RECORD
  5
1C
330
1
100
AcDbSymbolTableRecord
100
AcDbBlockTableRecord
  2
*Paper_Space
340
1F
 70
     0
280
     1
281
     0
  0
BLOCK_RECORD
  5
37
102
{ACAD_XDICTIONARY
360
38
102
}
330
1
100
AcDbSymbolTableRecord
100
AcDbBlockTableRecord
  2
_Oblique
340
0
102
{BLKREFS
331
27B
331
27C
331
28B
331
28C
331
298
331
299
331
2A5
331
2A6
331
2BD
331
2BE
331
2CC
331
2CD
331
2E0
331
2E1
331
2FE
331
2FF
331
30E
331
30F
331
31E
331
31F
331
32F
331
330
331
344
331
345
331
35B
331
35C
331
390
331
391
331
39D
331
39E
331
3AA
331
3AB
331
3B7
331
3B8
331
3F8
331
3F9
331
405
331
406
331
419
331
41A
331
428
331
429
331
435
331
436
331
444
331
445
331
451
331
452
331
47F
331
480
331
4A5
331
4A6
331
4B5
331
4B6
331
4C4
331
4C5
331
4D3
331
4D4
331
4EA
331
4EB
331
4F8
331
4F9
331
504
331
505
331
511
331
512
331
565
331
566
331
5A7
331
5A8
331
76B
331
76C
331
77A
331
77B
331
7B0
331
7B1
331
7BF
331
7C0
331
7CE
331
7CF
331
7DB
331
7DC
331
7EA
331
7EB
331
7FD
331
7FE
331
82E
331
82F
102
}
 70
     0
280
     1
281
     0
  0
BLOCK_RECORD
  5
4A
102
{ACAD_XDICTIONARY
360
4B
102
}
330
1
100
AcDbSymbolTableRecord
100
AcDbBlockTableRecord
  2
M16X40
340
0
102
{BLKREFS
331
45
331
55
331
59
331
5A
331
5B
331
5C
331
5D
331
102
331
103
331
104
331
105
331
106
331
1DF
331
1E0
331
1E1
331
1E2
331
1E3
331
1E4
331
1E5
331
1E6
331
1E7
331
1E8
331
1E9
331
1EA
331
1EB
331
1EC
331
1ED
331
1EE
331
1F7
331
1F8
331
1F9
331
210
331
211
331
212
331
213
331
214
331
215
331
260
331
261
331
262
331
263
331
264
331
265
331
34A
331
34B
331
720
102
}
 70
     0
280
     1
281
     0
  0
BLOCK_RECORD
  5
F3
102
{ACAD_XDICTIONARY
360
F4
102
}
330
1
100
AcDbSymbolTableRecord
100
AcDbBlockTableRecord
  2
M16X50
340
0
102
{BLKREFS
331
F2
331
724
102
}
 70
     0
280
     1
281
     0
  0
BLOCK_RECORD
  5
5F3
330
1
100
AcDbSymbolTableRecord
100
AcDbBlockTableRecord
  2
logo
340
0
310
2800000020000000200000000100080000000000000400000000000000000000000000000000000000000000000080000080000000808000800000008000800080800000C0C0C000C0DCC000F0CAA6000020400000206000002080000020A0000020C0000020E00000400000004020000040400000406000004080000040A0
310
000040C0000040E00000600000006020000060400000606000006080000060A0000060C0000060E00000800000008020000080400000806000008080000080A0000080C0000080E00000A0000000A0200000A0400000A0600000A0800000A0A00000A0C00000A0E00000C0000000C0200000C0400000C0600000C0800000C0
310
A00000C0C00000C0E00000E0000000E0200000E0400000E0600000E0800000E0A00000E0C00000E0E00040000000400020004000400040006000400080004000A0004000C0004000E00040200000402020004020400040206000402080004020A0004020C0004020E000404000004040200040404000404060004040800040
310
40A0004040C0004040E00040600000406020004060400040606000406080004060A0004060C0004060E00040800000408020004080400040806000408080004080A0004080C0004080E00040A0000040A0200040A0400040A0600040A0800040A0A00040A0C00040A0E00040C0000040C0200040C0400040C0600040C08000
310
40C0A00040C0C00040C0E00040E0000040E0200040E0400040E0600040E0800040E0A00040E0C00040E0E00080000000800020008000400080006000800080008000A0008000C0008000E00080200000802020008020400080206000802080008020A0008020C0008020E00080400000804020008040400080406000804080
310
008040A0008040C0008040E00080600000806020008060400080606000806080008060A0008060C0008060E00080800000808020008080400080806000808080008080A0008080C0008080E00080A0000080A0200080A0400080A0600080A0800080A0A00080A0C00080A0E00080C0000080C0200080C0400080C0600080C0
310
800080C0A00080C0C00080C0E00080E0000080E0200080E0400080E0600080E0800080E0A00080E0C00080E0E000C0000000C0002000C0004000C0006000C0008000C000A000C000C000C000E000C0200000C0202000C0204000C0206000C0208000C020A000C020C000C020E000C0400000C0402000C0404000C0406000C0
310
408000C040A000C040C000C040E000C0600000C0602000C0604000C0606000C0608000C060A000C060C000C060E000C0800000C0802000C0804000C0806000C0808000C080A000C080C000C080E000C0A00000C0A02000C0A04000C0A06000C0A08000C0A0A000C0A0C000C0A0E000C0C00000C0C02000C0C04000C0C06000
310
C0C08000C0C0A000F0FBFF00A4A0A000808080000000FF0000FF000000FFFF00FF000000FF00FF00FFFF0000FFFFFF00000000000000000000000000000000000000000000000000000000000000000000000000000000000000000000000000000000000000000000000000000000000000000000000000000000FFFFFFFF
310
FFFFFFFFFFFF0000000000000000000000000000000000000000FFFFFFFFFFFFFFFFFFFFFFFFFFFF00000000000000000000000000000000FFFFFFFFFFFFFFFFFFFFFFFFFFFFFFFFFF000000000000000000000000000000FFFFFFFFFF0000FFFFFFFFFF00FFFFFFFFFFFF0000000000000000000000FFFFFFFFFF0000FFFF
310
0000FFFF00FFFF00FFFFFFFFFF000000000000000000FFFFFFFF0000FFFFFF0000FFFF00000000FFFFFFFFFFFF0000000000000000FFFFFFFFFFFFFF00FFFF00FF00FF0000000000FFFFFFFF000000000000000000FFFFFFFFFFFFFFFFFFFFFF00FFFFFFFF0000000000FF00FFFFFF000000000000FFFFFF00FFFF000000FF
310
00FFFFFFFFFFFFFF000000FF00FFFFFF0000000000FFFFFFFFFFFF00FFFFFFFF00FFFFFFFF0000FFFFFFFF00FFFFFFFF0000000000FFFFFFFFFFFFFFFFFFFFFFFFFFFF0000FFFFFF00FFFFFFFFFFFF000000000000FF00FFFFFF00FFFFFFFFFFFF0000FFFFFFFFFFFFFFFF00FFFFFFFFFF00000000FFFFFFFFFFFFFF00FFFF
310
00FF00000000000000FFFF00FF00FFFFFFFF00000000FFFFFFFF0000FF00FFFF00FF000000000000000000FF00FFFFFFFFFF00000000FFFFFFFF0000FFFF00FF00FF00000000000000000000FF0000FFFFFF00000000FFFFFFFFFF00FF00FFFFFF000000000000000000000000FFFFFFFFFF00000000FFFFFF00FF00FF00FF
310
00FF00000000000000000000000000FFFFFFFF00000000FFFFFFFFFF00FF00FF00FF000000000000000000000000FF00FFFFFF00000000FFFFFFFFFFFF00FFFF00FFFF0000000000000000000000FFFFFFFFFF0000000000FFFFFF00FF00FFFF00FFFF00000000000000000000FF00FFFFFF00000000000000000000FFFFFF
310
00FF00FF00000000000000000000FFFFFFFF00000000000000000000FF00FFFFFFFF0000FF0000000000000000FFFFFFFFFFFF0000000000000000FFFFFFFFFFFFFFFF00FFFF0000000000FFFFFFFFFFFFFF000000000000000000FFFFFFFF0000FFFFFF00FF00FFFFFFFF0000FFFFFFFF0000000000000000000000FFFF00
310
FFFFFF00FFFFFFFFFFFFFF0000FFFFFFFFFF0000000000000000000000FF00FFFFFFFFFFFFFFFFFFFFFFFFFFFFFFFF0000000000000000000000000000000000FFFFFFFFFFFFFF0000FFFFFFFFFF0000000000000000000000000000000000000000FFFFFFFFFF00FFFF000000000000000000000000000000000000000000
310
000000FFFF0000000000FFFF0000000000000000000000000000000000000000000000000000000000000000000000000000000000000000
102
{BLKREFS
331
5F2
102
}
 70
     4
280
     1
281
     0
1001
ACAD
1000
DesignCenter Data
1002
{
1070
     1
1070
     4
1002
}
  0
BLOCK_RECORD
  5
79A
330
1
100
AcDbSymbolTableRecord
100
AcDbBlockTableRecord
  2
GXED00001000000C
340
0
102
{BLKREFS
331
799
102
}
 70
     0
280
     1
281
     0
  0
BLOCK_RECORD
  5
5D2
102
{ACAD_XDICTIONARY
360
5D3
102
}
330
1
100
AcDbSymbolTableRecord
100
AcDbBlockTableRecord
  2
$TD_AUDIT_GENERATED_(5D2)
340
0
102
{BLKREFS
331
5D1
102
}
 70
     4
280
     1
281
     0
1001
ACAD
1000
DesignCenter Data
1002
{
1070
     1
1070
     4
1002
}
  0
BLOCK_RECORD
  5
5DE
102
{ACAD_XDICTIONARY
360
5DF
102
}
330
1
100
AcDbSymbolTableRecord
100
AcDbBlockTableRecord
  2
$TD_AUDIT_GENERATED_(5DE)
340
0
102
{BLKREFS
331
5DD
102
}
 70
     4
280
     1
281
     0
1001
AcDbDynamicBlockGUID
1000
{EF1E7AEC-3D91-4DE7-BF63-6B494DE983A9}
1001
ACAD
1000
DesignCenter Data
1002
{
1070
     1
1070
     4
1002
}
  0
BLOCK_RECORD
  5
5CF
330
1
100
AcDbSymbolTableRecord
100
AcDbBlockTableRecord
  2
GWTKA2
340
0
310
2800000020000000200000000100080000000000000400000000000000000000000000000000000000000000000080000080000000808000800000008000800080800000C0C0C000C0DCC000F0CAA6000020400000206000002080000020A0000020C0000020E00000400000004020000040400000406000004080000040A0
310
000040C0000040E00000600000006020000060400000606000006080000060A0000060C0000060E00000800000008020000080400000806000008080000080A0000080C0000080E00000A0000000A0200000A0400000A0600000A0800000A0A00000A0C00000A0E00000C0000000C0200000C0400000C0600000C0800000C0
310
A00000C0C00000C0E00000E0000000E0200000E0400000E0600000E0800000E0A00000E0C00000E0E00040000000400020004000400040006000400080004000A0004000C0004000E00040200000402020004020400040206000402080004020A0004020C0004020E000404000004040200040404000404060004040800040
310
40A0004040C0004040E00040600000406020004060400040606000406080004060A0004060C0004060E00040800000408020004080400040806000408080004080A0004080C0004080E00040A0000040A0200040A0400040A0600040A0800040A0A00040A0C00040A0E00040C0000040C0200040C0400040C0600040C08000
310
40C0A00040C0C00040C0E00040E0000040E0200040E0400040E0600040E0800040E0A00040E0C00040E0E00080000000800020008000400080006000800080008000A0008000C0008000E00080200000802020008020400080206000802080008020A0008020C0008020E00080400000804020008040400080406000804080
310
008040A0008040C0008040E00080600000806020008060400080606000806080008060A0008060C0008060E00080800000808020008080400080806000808080008080A0008080C0008080E00080A0000080A0200080A0400080A0600080A0800080A0A00080A0C00080A0E00080C0000080C0200080C0400080C0600080C0
310
800080C0A00080C0C00080C0E00080E0000080E0200080E0400080E0600080E0800080E0A00080E0C00080E0E000C0000000C0002000C0004000C0006000C0008000C000A000C000C000C000E000C0200000C0202000C0204000C0206000C0208000C020A000C020C000C020E000C0400000C0402000C0404000C0406000C0
310
408000C040A000C040C000C040E000C0600000C0602000C0604000C0606000C0608000C060A000C060C000C060E000C0800000C0802000C0804000C0806000C0808000C080A000C080C000C080E000C0A00000C0A02000C0A04000C0A06000C0A08000C0A0A000C0A0C000C0A0E000C0C00000C0C02000C0C04000C0C06000
310
C0C08000C0C0A000F0FBFF00A4A0A000808080000000FF0000FF000000FFFF00FF000000FF00FF00FFFF0000FFFFFF0000000000000000000000000000000000000000000000000000000000000000000000000000000000000000000000000000000000000000000000000000000000000000000000000000000000000000
310
000000000000000000000000000000000000000000000000000000000000000000000000000000000000000000000000000000000000000000000000000000000000000000000000000000000000000000000000000000000000000000000000000000000000000000000000000000000000FFFFFFFFFFFFFFFFFFFFFFFFFF
310
FFFFFFFFFFFFFFFFFFFFFFFFFFFFFFFFFF0000FF00FF0000000000000000000000000000000000FFFFFFFFFFFFFFFFFFFF0000FF00FF0000000000000000000000000000000000FFFFFFFFFFFFFFFFFFFF0000FF00FF00000000000000000000000000000000000000000000000000FFFF0000FF00FF000000000000000000
310
00000000000000000000000000000000FFFF0000FF00FF00000000000000000000000000000000000000000000000000FFFF0000FF00FF00000000000000000000000000000000000000000000000000FFFF0000FF00FF00000000000000000000000000000000000000000000000000FFFF0000FF00FF0000000000000000
310
0000000000000000000000000000000000FFFF0000FF00FF00000000000000000000000000000000000000000000000000FFFF0000FF00FF00000000000000000000000000000000000000000000000000FFFF0000FF00FF00000000000000000000000000000000000000000000000000FFFF0000FF00FF00000000000000
310
000000000000000000000000000000000000FFFF0000FF00FF00000000000000000000000000000000000000000000000000FFFF0000FF00FF00000000000000000000000000000000000000000000000000FFFF0000FF00FF00000000000000000000000000000000000000000000000000FFFF0000FF00FF000000000000
310
00000000000000000000000000000000000000FFFF0000FF00FF00000000000000000000000000000000000000000000000000FFFF0000FF00FFFFFF0000000000000000000000000000000000000000000000FFFF0000FFFFFFFFFFFFFFFFFFFFFFFFFFFFFFFFFFFFFFFFFFFFFFFFFFFFFFFFFFFF00000000000000000000
310
00000000000000000000000000000000000000000000000000000000000000000000000000000000000000000000000000000000000000000000000000000000000000000000000000000000000000000000000000000000000000000000000000000000000000000000000000000000000000000000000000000000000000
310
0000000000000000000000000000000000000000000000000000000000000000000000000000000000000000000000000000000000000000
102
{BLKREFS
331
5CE
102
}
 70
     4
280
     1
281
     0
1001
ACAD
1000
DesignCenter Data
1002
{
1070
     1
1070
     4
1002
}
  0
BLOCK_RECORD
  5
729
330
1
100
AcDbSymbolTableRecord
100
AcDbBlockTableRecord
  2
M16X61
340
0
102
{BLKREFS
331
728
102
}
 70
     0
280
     1
281
     0
  0
BLOCK_RECORD
  5
276
330
1
100
AcDbSymbolTableRecord
100
AcDbBlockTableRecord
  2
*D9
340
0
 70
     0
280
     1
281
     0
  0
BLOCK_RECORD
  5
286
330
1
100
AcDbSymbolTableRecord
100
AcDbBlockTableRecord
  2
*D10
340
0
 70
     0
280
     1
281
     0
  0
BLOCK_RECORD
  5
293
330
1
100
AcDbSymbolTableRecord
100
AcDbBlockTableRecord
  2
*D11
340
0
 70
     0
280
     1
281
     0
  0
BLOCK_RECORD
  5
2A0
330
1
100
AcDbSymbolTableRecord
100
AcDbBlockTableRecord
  2
*D12
340
0
 70
     0
280
     1
281
     0
  0
BLOCK_RECORD
  5
2B5
330
1
100
AcDbSymbolTableRecord
100
AcDbBlockTableRecord
  2
*D13
340
0
 70
     0
280
     1
281
     0
  0
BLOCK_RECORD
  5
2C4
330
1
100
AcDbSymbolTableRecord
100
AcDbBlockTableRecord
  2
*D14
340
0
 70
     0
280
     1
281
     0
  0
BLOCK_RECORD
  5
2DB
330
1
100
AcDbSymbolTableRecord
100
AcDbBlockTableRecord
  2
*D15
340
0
 70
     0
280
     1
281
     0
  0
BLOCK_RECORD
  5
2F7
330
1
100
AcDbSymbolTableRecord
100
AcDbBlockTableRecord
  2
*D16
340
0
 70
     0
280
     1
281
     0
  0
BLOCK_RECORD
  5
306
330
1
100
AcDbSymbolTableRecord
100
AcDbBlockTableRecord
  2
*D17
340
0
 70
     0
280
     1
281
     0
  0
BLOCK_RECORD
  5
318
330
1
100
AcDbSymbolTableRecord
100
AcDbBlockTableRecord
  2
*D18
340
0
 70
     0
280
     1
281
     0
  0
BLOCK_RECORD
  5
327
330
1
100
AcDbSymbolTableRecord
100
AcDbBlockTableRecord
  2
*D19
340
0
 70
     0
280
     1
281
     0
  0
BLOCK_RECORD
  5
33C
330
1
100
AcDbSymbolTableRecord
100
AcDbBlockTableRecord
  2
*D20
340
0
 70
     0
280
     1
281
     0
  0
BLOCK_RECORD
  5
355
330
1
100
AcDbSymbolTableRecord
100
AcDbBlockTableRecord
  2
*D21
340
0
 70
     0
280
     1
281
     0
  0
BLOCK_RECORD
  5
388
330
1
100
AcDbSymbolTableRecord
100
AcDbBlockTableRecord
  2
*D22
340
0
 70
     0
280
     1
281
     0
  0
BLOCK_RECORD
  5
397
330
1
100
AcDbSymbolTableRecord
100
AcDbBlockTableRecord
  2
*D23
340
0
 70
     0
280
     1
281
     0
  0
BLOCK_RECORD
  5
3A5
330
1
100
AcDbSymbolTableRecord
100
AcDbBlockTableRecord
  2
*D24
340
0
 70
     0
280
     1
281
     0
  0
BLOCK_RECORD
  5
3B2
330
1
100
AcDbSymbolTableRecord
100
AcDbBlockTableRecord
  2
*D25
340
0
 70
     0
280
     1
281
     0
  0
BLOCK_RECORD
  5
3F0
330
1
100
AcDbSymbolTableRecord
100
AcDbBlockTableRecord
  2
*D26
340
0
 70
     0
280
     1
281
     0
  0
BLOCK_RECORD
  5
3FF
330
1
100
AcDbSymbolTableRecord
100
AcDbBlockTableRecord
  2
*D27
340
0
 70
     0
280
     1
281
     0
  0
BLOCK_RECORD
  5
413
330
1
100
AcDbSymbolTableRecord
100
AcDbBlockTableRecord
  2
*D28
340
0
 70
     0
280
     1
281
     0
  0
BLOCK_RECORD
  5
420
330
1
100
AcDbSymbolTableRecord
100
AcDbBlockTableRecord
  2
*D29
340
0
 70
     0
280
     1
281
     0
  0
BLOCK_RECORD
  5
42F
330
1
100
AcDbSymbolTableRecord
100
AcDbBlockTableRecord
  2
*D30
340
0
 70
     0
280
     1
281
     0
  0
BLOCK_RECORD
  5
43C
330
1
100
AcDbSymbolTableRecord
100
AcDbBlockTableRecord
  2
*D31
340
0
 70
     0
280
     1
281
     0
  0
BLOCK_RECORD
  5
44B
330
1
100
AcDbSymbolTableRecord
100
AcDbBlockTableRecord
  2
*D32
340
0
 70
     0
280
     1
281
     0
  0
BLOCK_RECORD
  5
47A
330
1
100
AcDbSymbolTableRecord
100
AcDbBlockTableRecord
  2
*D33
340
0
 70
     0
280
     1
281
     0
  0
BLOCK_RECORD
  5
4A0
330
1
100
AcDbSymbolTableRecord
100
AcDbBlockTableRecord
  2
*D34
340
0
 70
     0
280
     1
281
     0
  0
BLOCK_RECORD
  5
4AF
330
1
100
AcDbSymbolTableRecord
100
AcDbBlockTableRecord
  2
*D35
340
0
 70
     0
280
     1
281
     0
  0
BLOCK_RECORD
  5
4BC
330
1
100
AcDbSymbolTableRecord
100
AcDbBlockTableRecord
  2
*D36
340
0
 70
     0
280
     1
281
     0
  0
BLOCK_RECORD
  5
4CB
330
1
100
AcDbSymbolTableRecord
100
AcDbBlockTableRecord
  2
*D37
340
0
 70
     0
280
     1
281
     0
  0
BLOCK_RECORD
  5
4E3
330
1
100
AcDbSymbolTableRecord
100
AcDbBlockTableRecord
  2
*D38
340
0
 70
     0
280
     1
281
     0
  0
BLOCK_RECORD
  5
4F2
330
1
100
AcDbSymbolTableRecord
100
AcDbBlockTableRecord
  2
*D39
340
0
 70
     0
280
     1
281
     0
  0
BLOCK_RECORD
  5
4FF
330
1
100
AcDbSymbolTableRecord
100
AcDbBlockTableRecord
  2
*D40
340
0
 70
     0
280
     1
281
     0
  0
BLOCK_RECORD
  5
50C
330
1
100
AcDbSymbolTableRecord
100
AcDbBlockTableRecord
  2
*D41
340
0
 70
     0
280
     1
281
     0
  0
BLOCK_RECORD
  5
55F
330
1
100
AcDbSymbolTableRecord
100
AcDbBlockTableRecord
  2
*D42
340
0
 70
     0
280
     1
281
     0
  0
BLOCK_RECORD
  5
5A1
330
1
100
AcDbSymbolTableRecord
100
AcDbBlockTableRecord
  2
*D43
340
0
 70
     0
280
     1
281
     0
  0
BLOCK_RECORD
  5
764
330
1
100
AcDbSymbolTableRecord
100
AcDbBlockTableRecord
  2
*D44
340
0
 70
     0
280
     1
281
     0
  0
BLOCK_RECORD
  5
773
330
1
100
AcDbSymbolTableRecord
100
AcDbBlockTableRecord
  2
*D45
340
0
 70
     0
280
     1
281
     0
  0
BLOCK_RECORD
  5
7AB
330
1
100
AcDbSymbolTableRecord
100
AcDbBlockTableRecord
  2
*D46
340
0
 70
     0
280
     1
281
     0
  0
BLOCK_RECORD
  5
7B8
330
1
100
AcDbSymbolTableRecord
100
AcDbBlockTableRecord
  2
*D47
340
0
 70
     0
280
     1
281
     0
  0
BLOCK_RECORD
  5
7C7
330
1
100
AcDbSymbolTableRecord
100
AcDbBlockTableRecord
  2
*D48
340
0
 70
     0
280
     1
281
     0
  0
BLOCK_RECORD
  5
7D6
330
1
100
AcDbSymbolTableRecord
100
AcDbBlockTableRecord
  2
*D49
340
0
 70
     0
280
     1
281
     0
  0
BLOCK_RECORD
  5
7E3
330
1
100
AcDbSymbolTableRecord
100
AcDbBlockTableRecord
  2
*D50
340
0
 70
     0
280
     1
281
     0
  0
BLOCK_RECORD
  5
7F6
330
1
100
AcDbSymbolTableRecord
100
AcDbBlockTableRecord
  2
*D51
340
0
 70
     0
280
     1
281
     0
  0
BLOCK_RECORD
  5
829
330
1
100
AcDbSymbolTableRecord
100
AcDbBlockTableRecord
  2
*D52
340
0
 70
     0
280
     1
281
     0
  0
ENDTAB
  0
ENDSEC
  0
SECTION
  2
BLOCKS
  0
BLOCK
  5
5
330
2
100
AcDbEntity
  8
0
100
AcDbBlockBegin
  2
*Model_Space
 70
     0
 10
0.0
 20
0.0
 30
0.0
  3
*Model_Space
  1

  0
ENDBLK
  5
18
330
2
100
AcDbEntity
  8
0
100
AcDbBlockEnd
  0
BLOCK
  5
1D
330
1C
100
AcDbEntity
 67
     1
  8
0
100
AcDbBlockBegin
  2
*Paper_Space
 70
     0
 10
0.0
 20
0.0
 30
0.0
  3
*Paper_Space
  1

  0
ENDBLK
  5
1E
330
1C
100
AcDbEntity
 67
     1
  8
0
100
AcDbBlockEnd
  0
BLOCK
  5
3A
330
37
100
AcDbEntity
  8
0
100
AcDbBlockBegin
  2
_Oblique
 70
     0
 10
0.0
 20
0.0
 30
0.0
  3
_Oblique
  1

  0
LINE
  5
3B
330
37
100
AcDbEntity
  8
0
  6
ByBlock
 62
     0
370
    -2
100
AcDbLine
 10
-0.5
 20
-0.5
 30
0.0
 11
0.5
 21
0.5
 31
0.0
  0
ENDBLK
  5
3C
330
37
100
AcDbEntity
  8
0
100
AcDbBlockEnd
  0
BLOCK
  5
4D
330
4A
100
AcDbEntity
  8
0
100
AcDbBlockBegin
  2
M16X40
 70
     0
 10
0.0
 20
0.0
 30
0.0
  3
M16X40
  1

  0
CIRCLE
  5
4E
330
4A
100
AcDbEntity
  8
0
100
AcDbCircle
 10
0.0
 20
0.0
 30
0.0
 40
0.2000000029802322
  0
LINE
  5
4F
330
4A
100
AcDbEntity
  8
0
100
AcDbLine
 10
-0.1414200067520142
 20
-0.1414200067520142
 30
0.0
 11
0.1414200067520142
 21
0.1414200067520142
 31
0.0
  0
ARC
  5
50
330
4A
100
AcDbEntity
  8
0
100
AcDbCircle
 10
0.0
 20
0.0
 30
0.0
 40
0.0399996193615898
100
AcDbArc
 50
225.0000000000001
 51
45.00000000000005
  0
ARC
  5
51
330
4A
100
AcDbEntity
  8
0
100
AcDbCircle
 10
0.0
 20
0.0
 30
0.0
 40
0.0799992387231797
100
AcDbArc
 50
225.0000000000001
 51
45.00000000000005
  0
ARC
  5
52
330
4A
100
AcDbEntity
  8
0
100
AcDbCircle
 10
0.0
 20
0.0
 30
0.0
 40
0.1199988633531256
100
AcDbArc
 50
225.0000000000001
 51
45.00000000000005
  0
ARC
  5
53
330
4A
100
AcDbEntity
  8
0
100
AcDbCircle
 10
0.0
 20
0.0
 30
0.0
 40
0.1599984774463594
100
AcDbArc
 50
225.0000000000001
 51
45.00000000000005
  0
ENDBLK
  5
54
330
4A
100
AcDbEntity
  8
0
100
AcDbBlockEnd
  0
BLOCK
  5
F6
330
F3
100
AcDbEntity
  8
0
100
AcDbBlockBegin
  2
M16X50
 70
     0
 10
0.0
 20
0.0
 30
0.0
  3
M16X50
  1

  0
CIRCLE
  5
F7
330
F3
100
AcDbEntity
  8
0
100
AcDbCircle
 10
0.0
 20
0.0
 30
0.0
 40
0.2000000029802322
  0
LINE
  5
F8
330
F3
100
AcDbEntity
  8
0
100
AcDbLine
 10
-0.1414200067520142
 20
-0.1414200067520142
 30
0.0
 11
0.1414200067520142
 21
0.1414200067520142
 31
0.0
  0
ARC
  5
F9
330
F3
100
AcDbEntity
  8
0
100
AcDbCircle
 10
0.0
 20
0.0
 30
0.0
 40
0.0399996193615898
100
AcDbArc
 50
225.0000000000001
 51
45.00000000000005
  0
ARC
  5
FA
330
F3
100
AcDbEntity
  8
0
100
AcDbCircle
 10
0.0
 20
0.0
 30
0.0
 40
0.0799992387231797
100
AcDbArc
 50
225.0000000000001
 51
45.00000000000005
  0
ARC
  5
FB
330
F3
100
AcDbEntity
  8
0
100
AcDbCircle
 10
0.0
 20
0.0
 30
0.0
 40
0.1199988633531256
100
AcDbArc
 50
225.0000000000001
 51
45.00000000000005
  0
ARC
  5
FC
330
F3
100
AcDbEntity
  8
0
100
AcDbCircle
 10
0.0
 20
0.0
 30
0.0
 40
0.1599984774463594
100
AcDbArc
 50
225.0000000000001
 51
45.00000000000005
  0
LINE
  5
FD
330
F3
100
AcDbEntity
  8
0
100
AcDbLine
 10
-0.2828427124746191
 20
-0.2828427124746191
 30
0.0
 11
0.282842712474619
 21
0.282842712474619
 31
0.0
  0
ENDBLK
  5
FE
330
F3
100
AcDbEntity
  8
0
100
AcDbBlockEnd
  0
BLOCK
  5
5F4
330
5F3
100
AcDbEntity
  8
0
 62
     3
100
AcDbBlockBegin
  2
logo
 70
     0
 10
0.0
 20
0.0
 30
0.0
  3
logo
  1

  0
TEXT
  5
5F5
330
5F3
100
AcDbEntity
  8
0
100
AcDbText
 10
451.9465732074652
 20
89.14765559863525
 30
0.0
 40
1.005104499387758
  1
N
 50
45.46812547204831
 41
0.8
  7
$TD_AUDIT_GENERATED_(5F6)
 72
     4
 11
451.8059557150214
 21
89.6892896335105
 31
0.0
100
AcDbText
  0
TEXT
  5
5F7
330
5F3
100
AcDbEntity
  8
0
100
AcDbText
 10
450.8970089985486
 20
97.07060557138732
 30
0.0
 40
1.005104499387758
  1
\M+5CBBE
 50
313.9999999830155
 41
0.8
  7
$TD_AUDIT_GENERATED_(5F8)
 72
     4
 11
451.6282649048233
 21
97.00766841509329
 31
0.0
100
AcDbText
  0
TEXT
  5
5F9
330
5F3
100
AcDbEntity
  8
0
100
AcDbText
 10
449.6655487072845
 20
97.80458275904302
 30
0.0
 40
1.005104499387758
  1
\M+5B9AB
 50
332.0000000220918
 41
0.8
  7
$TD_AUDIT_GENERATED_(5F8)
 72
     4
 11
450.3902870335594
 21
97.98917268984957
 31
0.0
100
AcDbText
  0
HATCH
  5
5FA
330
5F3
100
AcDbEntity
  8
0
100
AcDbHatch
 10
0.0
 20
0.0
 30
0.0
210
0.0
220
0.0
230
1.0
  2
SOLID
 70
     1
 71
     0
 91
        5
 92
        1
 93
        8
 72
     4
 94
        3
 73
     0
 74
     0
 95
        9
 96
        5
 40
0.0
 40
0.0
 40
0.0
 40
0.0
 40
0.2241663815802706
 40
0.4614643167746397
 40
0.4614643167746397
 40
0.4614643167746397
 40
0.4614643167746397
 10
446.236022319209
 20
89.47065316716424
 10
446.296923348699
 20
89.42709838784083
 10
446.422292959282
 20
89.3374374121804
 10
446.5612707076975
 20
89.2707397840897
 10
446.6327369761352
 20
89.23644198715726
 97
        0
 72
     4
 94
        3
 73
     0
 74
     0
 95
       26
 96
       22
 40
0.0
 40
0.0
 40
0.0
 40
0.0
 40
0.057603217311697
 40
0.0998147821405393
 40
0.1504586407897344
 40
0.2127194168510028
 40
0.2663297105922637
 40
0.320563421659545
 40
0.3856033483655085
 40
0.4507516626295947
 40
0.5206554591326177
 40
0.5819440420636764
 40
0.6437753388674202
 40
0.7029602690409292
 40
0.7834997370295085
 40
1.020501937707859
 40
1.13439552113683
 40
1.28514441201188
 40
1.413721704973908
 40
1.517232383884393
 40
1.556601052873635
 40
1.556601052873635
 40
1.556601052873635
 40
1.556601052873635
 10
446.6327369761352
 20
89.2364419871572
 10
446.618146463293
 20
89.24892408117086
 10
446.5928640410841
 20
89.27055303789882
 10
446.55528132381
 20
89.30376821031592
 10
446.5153897610032
 20
89.33667536069976
 10
446.474100025448
 20
89.37379786973389
 10
446.4306338663671
 20
89.41017582436683
 10
446.3861157528445
 20
89.44692999884631
 10
446.3451514679193
 20
89.49295701854732
 10
446.3006217141854
 20
89.54255984936975
 10
446.25544255775
 20
89.58995164792486
 10
446.2143550507553
 20
89.63954233981144
 10
446.1703419471964
 20
89.68162634089117
 10
446.1287250528417
 20
89.73454419806416
 10
446.056410594739
 20
89.83714760633751
 10
445.9668184996717
 20
89.95004074524365
 10
445.8798749295204
 20
90.09306474327883
 10
445.8164566406094
 20
90.20774635392178
 10
445.7488879634066
 20
90.3161627169834
 10
445.7092148708214
 20
90.39757408302836
 10
445.6887766474449
 20
90.44060204092324
 10
445.683180324929
 20
90.4524726965737
 97
        0
 72
     4
 94
        3
 73
     0
 74
     0
 95
        9
 96
        5
 40
5.543272291493883
 40
5.543272291493883
 40
5.543272291493883
 40
5.543272291493883
 40
5.872403022592868
 40
6.573153481137538
 40
6.573153481137538
 40
6.573153481137538
 40
6.573153481137538
 10
445.683180324929
 20
90.45247269657364
 10
445.7910207244097
 20
90.43127417298206
 10
446.1305511927326
 20
90.37543792115724
 10
446.473541842043
 20
90.35095951548368
 10
446.7071277818156
 20
90.34498631849482
 97
        0
 72
     4
 94
        3
 73
     0
 74
     0
 95
       16
 96
       12
 40
7.525196457517759
 40
7.525196457517759
 40
7.525196457517759
 40
7.525196457517759
 40
7.698435514731243
 40
8.095589260690783
 40
8.455471495748146
 40
8.774397086495217
 40
9.030973949537257
 40
9.303711859261632
 40
9.37744130907351
 40
9.42505109935746
 40
9.446032685300692
 40
9.446032685300692
 40
9.446032685300692
 40
9.446032685300692
 10
446.7071277818159
 20
90.34498631849482
 10
446.7374310485307
 20
90.29580449256838
 10
446.8405374318268
 20
90.13575858303761
 10
447.010311729013
 20
89.8764864678621
 10
447.2237717274743
 20
89.5875346532303
 10
447.4334818410343
 20
89.35655006917654
 10
447.6251096675971
 20
89.14854913787315
 10
447.7724817594878
 20
89.01154709242354
 10
447.8714528894011
 20
88.92516140079954
 10
447.9058678420226
 20
88.89249912326193
 10
447.9226643339284
 20
88.87698706296754
 10
447.9278022544349
 20
88.87224204042792
 97
        0
 72
     4
 94
        3
 73
     0
 74
     0
 95
        8
 96
        4
 40
0.0
 40
0.0
 40
0.0
 40
0.0
 40
0.0023849449572866
 40
0.0023849449572866
 40
0.0023849449572866
 40
0.0023849449572866
 10
447.9278022544349
 20
88.87224204042792
 10
447.9283858209931
 20
88.87170218313219
 10
447.9289693875514
 20
88.87116232583634
 10
447.9295529541096
 20
88.8706224685406
 97
        0
 72
     2
 10
447.6406112307427
 20
93.2495013072359
 40
4.388401440556144
 50
86.22479244454537
 51
156.7920033932537
 73
     0
 72
     4
 94
        3
 73
     0
 74
     0
 95
       11
 96
        7
 40
6.993801407225128
 40
6.993801407225128
 40
6.993801407225128
 40
6.993801407225128
 40
7.589665414074407
 40
8.123227460410707
 40
8.777741004712693
 40
8.948850637601048
 40
8.948850637601048
 40
8.948850637601048
 40
8.948850637601048
 10
443.6073177033488
 20
91.52016313170196
 10
443.7428842961988
 20
91.37391151337687
 10
444.0133483316822
 20
91.1131582273755
 10
444.5340223072403
 20
90.81520711622164
 10
444.9551542147562
 20
90.64604501737062
 10
445.218714730582
 20
90.56611217125584
 10
445.27362611492
 20
90.55050514847994
 97
        0
 72
     4
 94
        3
 73
     0
 74
     0
 95
       17
 96
       13
 40
6.924526248046507
 40
6.924526248046507
 40
6.924526248046507
 40
6.924526248046507
 40
6.974299861745713
 40
7.083687340324216
 40
7.183444156210336
 40
7.311462081406292
 40
7.446857501580832
 40
7.55273464986723
 40
7.855886365124284
 40
8.147167387145247
 40
8.279801406373
 40
8.388095192127565
 40
8.388095192127565
 40
8.388095192127565
 40
8.388095192127565
 10
445.2736261149198
 20
90.55050514848
 10
445.2816785559287
 20
90.53599946594551
 10
445.3074640599152
 20
90.48962381096396
 10
445.350974224009
 20
90.41495193256401
 10
445.4180973373041
 20
90.32466994733232
 10
445.4882395405082
 20
90.22611412315081
 10
445.5541274432144
 20
90.12162138122477
 10
445.6767009586617
 20
89.9875637804364
 10
445.8244093944538
 20
89.8041807218197
 10
445.9996945891683
 20
89.64455785429817
 10
446.1462672919297
 20
89.52625975857626
 10
446.2027359678825
 20
89.49748366910353
 10
446.236022319209
 20
89.47065316716424
 97
        0
 97
        0
 92
        1
 93
        8
 72
     4
 94
        3
 73
     0
 74
     0
 95
       15
 96
       11
 40
0.0
 40
0.0
 40
0.0
 40
0.0
 40
0.4987467732066163
 40
0.7013259530216552
 40
1.06717765587035
 40
1.555863591533154
 40
2.373610417989843
 40
3.400921402867271
 40
4.144528950496907
 40
4.921283116414468
 40
4.921283116414468
 40
4.921283116414468
 40
4.921283116414468
 10
451.6608608566955
 20
92.38119854079076
 10
451.5441389082271
 20
92.2622301035488
 10
451.3800072563633
 20
92.09493949213936
 10
451.0943349518857
 20
91.88230714852477
 10
450.800634120104
 20
91.68668632582302
 10
450.2970965288926
 20
91.44357331900602
 10
449.5609234444985
 20
91.1885912565345
 10
448.7144899919053
 20
90.99985667139356
 10
447.8648844062955
 20
90.95333058515627
 10
447.357545044176
 20
90.96212353339718
 10
447.0991433965687
 20
90.97927422676611
 97
        0
 72
     4
 94
        3
 73
     0
 74
     0
 95
        9
 96
        5
 40
6.124205566293918
 40
6.124205566293918
 40
6.124205566293918
 40
6.124205566293918
 40
6.550309021250564
 40
6.656753593472368
 40
6.656753593472368
 40
6.656753593472368
 40
6.656753593472368
 10
447.0991433965689
 20
90.97927422676611
 10
447.0341911831663
 20
91.10566851616846
 10
446.9577568978334
 20
91.26604516459037
 10
446.88704178286
 20
91.42888078360824
 10
446.8731307558789
 20
91.46152249026488
 97
        0
 72
     4
 94
        3
 73
     0
 74
     0
 95
       18
 96
       14
 40
3.488374074371862
 40
3.488374074371862
 40
3.488374074371862
 40
3.488374074371862
 40
3.887806745815772
 40
4.416978135454834
 40
5.102881864907689
 40
5.778269700658052
 40
6.291653642830703
 40
6.838032875936091
 40
7.300646943173225
 40
7.769121453811416
 40
8.199365638989676
 40
8.680256300361139
 40
9.018495107481964
 40
9.018495107481964
 40
9.018495107481964
 40
9.018495107481964
 10
446.8731307558789
 20
91.46152249026494
 10
447.0059149441468
 20
91.4513370625553
 10
447.3154633093704
 20
91.4384851438059
 10
447.85394247164
 20
91.45562551666814
 10
448.4804672699941
 20
91.52740644974091
 10
449.0962004350088
 20
91.64126850525804
 10
449.6491661599791
 20
91.8130294451716
 10
450.1265905907619
 20
91.98559402872621
 10
450.5777900759435
 20
92.18393457824101
 10
450.9811304361569
 20
92.39238686098548
 10
451.3783715268235
 20
92.6244928317463
 10
451.7226812099047
 20
92.85973393376668
 10
451.9367667642291
 20
93.02926253340587
 10
452.0251679819874
 20
93.09926508308871
 97
        0
 72
     4
 94
        3
 73
     0
 74
     0
 95
        8
 96
        4
 40
0.0
 40
0.0
 40
0.0
 40
0.0
 40
0.0017177855416153
 40
0.0017177855416153
 40
0.0017177855416153
 40
0.0017177855416153
 10
452.0251679819874
 20
93.09926508308871
 10
452.0256047129747
 20
93.09963539550478
 10
452.026041443962
 20
93.10000570792084
 10
452.0264781749493
 20
93.10037602033691
 97
        0
 72
     2
 10
447.6406112307427
 20
93.2495013072359
 40
4.388401440556144
 50
1.94738219516251
 51
75.76919207558522
 73
     0
 72
     4
 94
        3
 73
     0
 74
     0
 95
        8
 96
        4
 40
0.0
 40
0.0
 40
0.0
 40
0.0
 40
0.0020923791021179
 40
0.0020923791021179
 40
0.0020923791021179
 40
0.0020923791021179
 10
448.7194059047511
 20
88.9957653898561
 10
448.7188955834035
 20
88.99624080773168
 10
448.718385262056
 20
88.9967162256072
 10
448.7178749407085
 20
88.99719164348272
 97
        0
 72
     4
 94
        3
 73
     0
 74
     0
 95
       13
 96
        9
 40
7.370154445551353
 40
7.370154445551353
 40
7.370154445551353
 40
7.370154445551353
 40
7.384670112060126
 40
7.615560347569366
 40
7.856432306933838
 40
8.293501929024398
 40
8.98250490958248
 40
9.23484214211912
 40
9.23484214211912
 40
9.23484214211912
 40
9.23484214211912
 10
448.7178749407085
 20
88.99719164348272
 10
448.7142573844778
 20
89.00040489425521
 10
448.653097971003
 20
89.05472900701665
 10
448.5310874905088
 20
89.16142883704975
 10
448.295975661403
 20
89.35285601112321
 10
447.9803590316783
 20
89.6827999325497
 10
447.6837562807541
 20
90.03469542763384
 10
447.5047004109224
 20
90.29251403016798
 10
447.4582625092328
 20
90.36268876589367
 97
        0
 72
     4
 94
        3
 73
     0
 74
     0
 95
       15
 96
       11
 40
0.0
 40
0.0
 40
0.0
 40
0.0
 40
0.0396490280830779
 40
1.145445618669398
 40
2.065674080291337
 40
3.369619663016798
 40
3.804909353442616
 40
4.135233665046806
 40
4.289277524492026
 40
4.791890366848904
 40
4.791890366848904
 40
4.791890366848904
 40
4.791890366848904
 10
447.4582625092328
 20
90.36268876589367
 10
447.4714557998454
 20
90.36366967092323
 10
447.8525551871041
 20
90.39306124786373
 10
448.5370491039325
 20
90.50122880335306
 10
449.5907368921187
 20
90.84601145468497
 10
450.4152894982694
 20
91.21305696438344
 10
450.9402121293408
 20
91.66159900905177
 10
451.1917571012666
 20
91.84037175486537
 10
451.4071023698107
 20
92.09022663006903
 10
451.55084134052
 20
92.25504477454137
 10
451.6608608566955
 20
92.38119854079076
 97
        0
 97
        0
 92
        1
 93
        6
 72
     4
 94
        3
 73
     0
 74
     0
 95
       21
 96
       17
 40
3.150581735181415
 40
3.150581735181415
 40
3.150581735181415
 40
3.150581735181415
 40
3.579808696638748
 40
4.023604315399971
 40
4.449119913436038
 40
4.899617051385869
 40
5.287157745437676
 40
5.787622231206912
 40
6.188038686120505
 40
6.672494971076138
 40
7.171322985893136
 40
7.735845578088812
 40
8.217568891518575
 40
8.59231953958858
 40
8.835590821903816
 40
8.9816115921349
 40
8.9816115921349
 40
8.9816115921349
 40
8.9816115921349
 10
446.7051257037374
 20
91.889019099368
 10
446.8482008733379
 20
91.88602838522417
 10
447.1394814753971
 20
91.890409164066
 10
447.5713156996419
 20
91.92374341313683
 10
448.0070169171477
 20
91.98653144974429
 10
448.4201301666481
 20
92.06988647015419
 10
448.8520789180016
 20
92.1820600766901
 10
449.2622707333462
 20
92.31079215284734
 10
449.6909047803479
 20
92.4832347543616
 10
450.1105697279888
 20
92.6752410176801
 10
450.5638074936908
 20
92.92255771100628
 10
450.9987564817723
 20
93.19938916618327
 10
451.3759597030528
 20
93.48682264884218
 10
451.6506872928198
 20
93.72978690209908
 10
451.8346652931696
 20
93.90601798795382
 10
451.9246684713125
 20
93.99948656380906
 10
451.9581784181753
 20
94.03479156279667
 97
        0
 72
     2
 10
447.6406112307427
 20
93.2495013072359
 40
4.388401440556144
 50
10.30841805244392
 51
102.9113634823187
 73
     1
 72
     4
 94
        3
 73
     0
 74
     0
 95
       56
 96
       52
 40
3.312575675732061
 40
3.312575675732061
 40
3.312575675732061
 40
3.312575675732061
 40
3.318391505043365
 40
3.380848207226377
 40
3.435782794916687
 40
3.55426477112907
 40
3.630519490547949
 40
3.755692401086849
 40
3.852207924787706
 40
3.992551869445919
 40
4.118307566247655
 40
4.229942193344062
 40
4.351757507598263
 40
4.431547558848829
 40
4.539652604931355
 40
4.659667264389723
 40
4.799394089192074
 40
4.926978488074752
 40
5.058168636691814
 40
5.180442951834922
 40
5.31740367694762
 40
5.470942392176496
 40
5.588513779404578
 40
5.695553560008105
 40
5.867776508687719
 40
6.008119726127337
 40
6.14526862597308
 40
6.308593856940433
 40
6.445721283483012
 40
6.598149873119415
 40
6.804260269526696
 40
6.931829251199067
 40
7.06496032481533
 40
7.203523697489236
 40
7.331988279414631
 40
7.488665631345652
 40
7.644207866042034
 40
7.794557595625662
 40
7.942808822799561
 40
8.095166164498163
 40
8.221993502087265
 40
8.343091109316081
 40
8.41395695465994
 40
8.521731161098288
 40
8.619725495650615
 40
8.72843395942529
 40
8.83418007340063
 40
8.92428678162834
 40
9.054113911850516
 40
9.168842545474352
 40
9.173127030428851
 40
9.173127030428851
 40
9.173127030428851
 40
9.173127030428851
 10
446.6600517335146
 20
97.5269503456081
 10
446.6585245395372
 20
97.52575638062086
 10
446.6406479990751
 20
97.51167648726806
 10
446.6099218923282
 20
97.48435881105007
 10
446.5467601881687
 20
97.43744728725954
 10
446.48352306369
 20
97.3833839923862
 10
446.3989158274235
 20
97.318058290784
 10
446.3342626169301
 20
97.24200763658598
 10
446.2491971838499
 20
97.15654536835638
 10
446.167027238334
 20
97.06760665963094
 10
446.0921518419677
 20
96.9662300178598
 10
446.019765527469
 20
96.87096871936427
 10
445.9556932943008
 20
96.78819492968671
 10
445.9050515179536
 20
96.69807722365664
 10
445.8504881918366
 20
96.61117704490044
 10
445.7845184789446
 20
96.50771468509828
 10
445.7260599180811
 20
96.39243701587219
 10
445.6685091410661
 20
96.27275622082692
 10
445.6101384802228
 20
96.1598850634071
 10
445.5585142711443
 20
96.04033220681055
 10
445.5087566125999
 20
95.91205904343491
 10
445.4580989511694
 20
95.7858047520537
 10
445.4162484865205
 20
95.66685110425675
 10
445.3780594285561
 20
95.54018672879823
 10
445.3371177056008
 20
95.40647481194026
 10
445.2916423882807
 20
95.26353879572105
 10
445.2592912575553
 20
95.12009480657412
 10
445.2297297871858
 20
94.97728445865397
 10
445.1907113235229
 20
94.8312582549276
 10
445.1678172188856
 20
94.66741433178817
 10
445.1399500717589
 20
94.50785404219641
 10
445.116529819677
 20
94.35396438914995
 10
445.1038281006904
 20
94.22144764909973
 10
445.0920946456938
 20
94.08858862678903
 10
445.0772182955327
 20
93.94811801346867
 10
445.06877433306
 20
93.80141034751102
 10
445.0638820862168
 20
93.64731410633061
 10
445.0560423054869
 20
93.49607789731039
 10
445.0582347623072
 20
93.34572201433804
 10
445.060215962729
 20
93.2032522352248
 10
445.0665996267844
 20
93.06997482799454
 10
445.0651795335532
 20
92.96355477292161
 10
445.0754802592144
 20
92.86409950120003
 10
445.0834000259451
 20
92.77225072509611
 10
445.0928059339121
 20
92.66783573862108
 10
445.101833766302
 20
92.5641045747816
 10
445.1090535647775
 20
92.46274172960057
 10
445.1277197354398
 20
92.3557176833969
 10
445.1443223707406
 20
92.24542121086853
 10
445.1567156373594
 20
92.16341369549059
 10
445.1623740408891
 20
92.1241386668625
 10
445.162577472036
 20
92.1227247067651
 97
        0
 72
     4
 94
        3
 73
     0
 74
     0
 95
       10
 96
        6
 40
1.586162538885827
 40
1.586162538885827
 40
1.586162538885827
 40
1.586162538885827
 40
2.071194100565923
 40
2.486699357005002
 40
2.486788559394391
 40
2.486788559394391
 40
2.486788559394391
 40
2.486788559394391
 10
445.162577472036
 20
92.12272470676515
 10
445.3173650340884
 20
92.07583114681387
 10
445.6087558617883
 20
92.00126143794677
 10
445.9057747844824
 20
91.95603196644294
 10
446.0433020922467
 20
91.93886149441744
 10
446.0433316108631
 20
91.9388578091511
 97
        0
 72
     4
 94
        3
 73
     0
 74
     0
 95
       53
 96
       49
 40
0.0
 40
0.0
 40
0.0
 40
0.0
 40
0.1300337471917388
 40
0.466224071899731
 40
0.7825891158204055
 40
1.155885933674857
 40
1.476403966736586
 40
1.750502273210316
 40
2.08170439442799
 40
2.409745300650678
 40
2.731103961501755
 40
3.098788249151716
 40
3.433637640124101
 40
3.715652802792438
 40
3.996982547103072
 40
4.344441565590744
 40
4.559558391482521
 40
4.956755503002683
 40
5.278032479805446
 40
5.395001113812131
 40
5.47055824108942
 40
5.496751745662129
 40
5.510958610028381
 40
5.524304766687864
 40
5.548343492655103
 40
5.564655763696178
 40
5.578858133927172
 40
5.592595877692681
 40
5.602847756834954
 40
5.612602713043281
 40
5.62611384528754
 40
5.63453646148425
 40
5.648906140884049
 40
5.662576481655982
 40
5.672607160057203
 40
5.682356417263424
 40
5.691213135538296
 40
5.703775077157794
 40
5.711394211099979
 40
5.722612125900232
 40
5.734190404588679
 40
5.745074201157167
 40
5.752057506583875
 40
5.761219591049745
 40
5.768448829015005
 40
5.776337971598063
 40
5.782839756287265
 40
5.793493644417593
 40
5.793493644417593
 40
5.793493644417593
 40
5.793493644417593
 10
446.0433316108631
 20
91.9388578091511
 10
446.0304109940325
 20
91.98025183093142
 10
445.9843182199022
 20
92.12865823154982
 10
445.9402411145336
 20
92.38644109729705
 10
445.8740464174189
 20
92.72195808118204
 10
445.8430698151417
 20
93.05766955535074
 10
445.8177879557829
 20
93.37938813007702
 10
445.8167781250943
 20
93.68819638142509
 10
445.8260314333832
 20
93.99917424881636
 10
445.8486337091031
 20
94.3254653241492
 10
445.9001587653686
 20
94.6610925279382
 10
445.9799267755673
 20
94.99281328099943
 10
446.0559540800143
 20
95.31294970656307
 10
446.1718214067489
 20
95.58955881821845
 10
446.2778441619448
 20
95.87432383460913
 10
446.4124029590998
 20
96.122151016656
 10
446.5720003767256
 20
96.3994306805377
 10
446.7522769818058
 20
96.65374337315399
 10
446.928700769234
 20
96.86985566348795
 10
447.0498450027519
 20
96.99105331594234
 10
447.1030819773869
 20
97.0408710983989
 10
447.1317761326854
 20
97.06676911041086
 10
447.1451323261019
 20
97.07870973072494
 10
447.1578586525557
 20
97.09027667832163
 10
447.1709348589043
 20
97.10250064371797
 10
447.184577373409
 20
97.11452800961246
 10
447.1952601929208
 20
97.12470185776732
 10
447.2046038143687
 20
97.13334916802972
 10
447.2129971852287
 20
97.14083846341106
 10
447.2211334026194
 20
97.14849644651298
 10
447.228923622916
 20
97.1556299949101
 10
447.2378129838376
 20
97.16384096342819
 10
447.2468735168661
 20
97.17194318622876
 10
447.2561708650246
 20
97.18058080584234
 10
447.2643434250342
 20
97.18816608902915
 10
447.2714287557403
 20
97.19456286420467
 10
447.2790977355096
 20
97.20157177071957
 10
447.2861882028878
 20
97.20816105670048
 10
447.2937180264921
 20
97.21543238782061
 10
447.3013297026143
 20
97.22213356085581
 10
447.3094394594839
 20
97.22989998608983
 10
447.3169057995899
 20
97.2362809651317
 10
447.3232666522306
 20
97.2426708480678
 10
447.3292615785749
 20
97.24766139945291
 10
447.3350396495591
 20
97.2533331595339
 10
447.3403730566429
 20
97.25818088905316
 10
447.3465961042075
 20
97.26374563719571
 10
447.3508129965692
 20
97.2676083826226
 10
447.3534317396493
 20
97.27000719601148
 97
        0
 72
     4
 94
        3
 73
     0
 74
     0
 95
      160
 96
      156
 40
0.0
 40
0.0
 40
0.0
 40
0.0
 40
0.1107477158696539
 40
0.1174312145756693
 40
0.1271853091298365
 40
0.1367163271431169
 40
0.1453333590380123
 40
0.1561283268376976
 40
0.1673104266620594
 40
0.1839960066494838
 40
0.2039455200536655
 40
0.2296060625483584
 40
0.2552693518759473
 40
0.2811184945144847
 40
0.3095352764788754
 40
0.337175172850663
 40
0.3630078713530387
 40
0.3864999392550619
 40
0.4096573585411288
 40
0.4326335428245247
 40
0.4576978286981253
 40
0.4763879152029193
 40
0.5022326135797408
 40
0.5319784374845814
 40
0.5567323115883612
 40
0.5755939068090948
 40
0.5983445822293212
 40
0.628130051986942
 40
0.6535427561445373
 40
0.6739369991058034
 40
0.6902213010181728
 40
0.7096668000750198
 40
0.7303390503472671
 40
0.7532192640776006
 40
0.7834753981206175
 40
0.8037891038344896
 40
0.8252240769144858
 40
0.8467094301912894
 40
0.8653006394055396
 40
0.886062624037366
 40
0.9043955271012523
 40
0.9225262190336276
 40
0.9425813147136054
 40
0.9584087980959783
 40
0.9751310408466805
 40
0.9920613665400241
 40
1.01234378765005
 40
1.030406107724672
 40
1.043364384635123
 40
1.064515264590926
 40
1.079746794361193
 40
1.097078572584323
 40
1.111032404247666
 40
1.125286160326508
 40
1.137638084605187
 40
1.153566440108332
 40
1.164537279192371
 40
1.174270917037503
 40
1.184708125047926
 40
1.195427607248417
 40
1.210105601452837
 40
1.22276048634133
 40
1.234843234779326
 40
1.247309332311784
 40
1.261176355988959
 40
1.274405750637335
 40
1.289726139891182
 40
1.30433719793271
 40
1.320375811778753
 40
1.331255932051061
 40
1.343091238753967
 40
1.35457166839334
 40
1.367346014366812
 40
1.377319972379365
 40
1.389174992722888
 40
1.399760495784695
 40
1.40973155470026
 40
1.421605794079571
 40
1.435670448725419
 40
1.447175071788926
 40
1.465214311139455
 40
1.475741281399696
 40
1.485484174210874
 40
1.493892275900931
 40
1.503251300595758
 40
1.51556632592467
 40
1.532388548254147
 40
1.545008982694388
 40
1.559034411923492
 40
1.567651720929816
 40
1.574499184581334
 40
1.58290607389516
 40
1.590491070853209
 40
1.599279815279878
 40
1.610908154402809
 40
1.619021751024455
 40
1.625180468235297
 40
1.636636674602325
 40
1.643645099347187
 40
1.651176733842647
 40
1.658497294244557
 40
1.668989860214827
 40
1.676940686613839
 40
1.683290804139898
 40
1.692967067081428
 40
1.698740963146071
 40
1.7046244808274
 40
1.713314684498083
 40
1.72548141788807
 40
1.736405021089046
 40
1.746884957679967
 40
1.755507723694281
 40
1.762406941634038
 40
1.772707394162442
 40
1.781750587527271
 40
1.79153453885394
 40
1.801611730872196
 40
1.811392902326527
 40
1.81828676597302
 40
1.822647681417871
 40
1.829473958237928
 40
1.837582495163095
 40
1.842425949822617
 40
1.850591866006386
 40
1.858710596001808
 40
1.864743519296687
 40
1.872875391168455
 40
1.880336535473477
 40
1.888273508415793
 40
1.896927820238293
 40
1.904419707302538
 40
1.913743135015038
 40
1.923419260974708
 40
1.932908267495248
 40
1.944251653026222
 40
1.953692744276887
 40
1.972954852044431
 40
1.994746628995993
 40
2.018161444664881
 40
2.046924305414614
 40
2.070586725241041
 40
2.094732896049115
 40
2.118101146540499
 40
2.136202529785193
 40
2.154267703650845
 40
2.173655153522503
 40
2.237711843841197
 40
2.395857590566159
 40
2.64751491840506
 40
3.151040366807829
 40
3.408722852245061
 40
4.363534989138262
 40
4.843443075411796
 40
5.600843692168699
 40
5.664922826657165
 40
5.664922826657165
 40
5.664922826657165
 40
5.664922826657165
 10
447.3534317396493
 20
97.27000719601148
 10
447.3310021140087
 20
97.2406871440516
 10
447.3072188859685
 20
97.20959766029995
 10
447.2812790888677
 20
97.1760626818783
 10
447.2762813282934
 20
97.16898866702195
 10
447.2703228833936
 20
97.1618403851889
 10
447.2644870193171
 20
97.15415715663653
 10
447.2582562063658
 20
97.1460840157493
 10
447.2504300117253
 20
97.13584517975471
 10
447.2410472007275
 20
97.1229531737709
 10
447.2275951990528
 20
97.10711329358213
 10
447.2136769880142
 20
97.08784723859316
 10
447.1985345101325
 20
97.06704222533023
 10
447.1812801651336
 20
97.04671512332794
 10
447.1652238940112
 20
97.02461884752387
 10
447.1483917554133
 20
97.00312897015397
 10
447.1329504321607
 20
96.98264039370326
 10
447.1182427478698
 20
96.96347235152007
 10
447.1039326571961
 20
96.94519789117447
 10
447.0898993658086
 20
96.92605719030013
 10
447.0756940227311
 20
96.90890394059892
 10
447.0630819314031
 20
96.88939124972734
 10
447.0509800704617
 20
96.86778987979932
 10
447.0375087179098
 20
96.84464121244764
 10
447.0249144163249
 20
96.8236800524682
 10
447.0136752794849
 20
96.80462509822087
 10
447.0019344142561
 20
96.78392203928325
 10
446.9885995368093
 20
96.76162118497285
 10
446.9756935624789
 20
96.73997752268127
 10
446.965756375499
 20
96.72181578098508
 10
446.9559362430239
 20
96.70588666542642
 10
446.9468658206895
 20
96.68941214392459
 10
446.9357569984784
 20
96.67158404154401
 10
446.9237658728321
 20
96.65009594271692
 10
446.9111775673093
 20
96.62909497666152
 10
446.8990950427497
 20
96.60835637065423
 10
446.8884936956197
 20
96.59013825354805
 10
446.8779391357903
 20
96.57255839029557
 10
446.8679807418364
 20
96.55488936447216
 10
446.8578845677052
 20
96.53852012892895
 10
446.8485819852922
 20
96.52186087306336
 10
446.8390486907781
 20
96.50562299788083
 10
446.8294292515295
 20
96.49034637411347
 10
446.8226529159756
 20
96.4741365642891
 10
446.8158761822958
 20
96.45910791614108
 10
446.8087257608693
 20
96.44260995199858
 10
446.8014639266976
 20
96.42567667748853
 10
446.794425382082
 20
96.41009022507086
 10
446.7875529073801
 20
96.39411496799124
 10
446.7808603179988
 20
96.37909085996074
 10
446.7738003577469
 20
96.36263660835908
 10
446.7676336215252
 20
96.34840983958071
 10
446.7615212093865
 20
96.33451517321458
 10
446.7560250658221
 20
96.32216229828481
 10
446.7505546568284
 20
96.30908130855437
 10
446.7452536136345
 20
96.29711901521421
 10
446.740279800149
 20
96.28596692189365
 10
446.7361692802112
 20
96.2764346815041
 10
446.7319972807811
 20
96.26702090074258
 10
446.7272275431442
 20
96.25606954986574
 10
446.7222553437739
 20
96.24440039906204
 10
446.7169526301227
 20
96.23237929940802
 10
446.7121525533578
 20
96.22094338525659
 10
446.7067839288409
 20
96.20931592718273
 10
446.7016106630829
 20
96.1971846522805
 10
446.6958119738392
 20
96.18428853891328
 10
446.6903106703128
 20
96.17099306642984
 10
446.6840467422594
 20
96.15700751443114
 10
446.6785667236795
 20
96.14429508295024
 10
446.6734586225923
 20
96.13242966023017
 10
446.6687850562093
 20
96.1220328715927
 10
446.6639567540869
 20
96.11101433207881
 10
446.6593498879627
 20
96.10057588741421
 10
446.6548548921955
 20
96.08995313511082
 10
446.6505291324281
 20
96.08005169631332
 10
446.6460293341024
 20
96.07022827458962
 10
446.6418943903218
 20
96.06023827445813
 10
446.6369679895147
 20
96.04932847629442
 10
446.6319448523782
 20
96.03790137656546
 10
446.6267701047011
 20
96.02430525459494
 10
446.6231199095532
 20
96.01144653651585
 10
446.6192675096072
 20
95.99927264793212
 10
446.6165001059339
 20
95.99012232016315
 10
446.6137682730484
 20
95.98136865779406
 10
446.6107316197504
 20
95.97181209919484
 10
446.6069100252951
 20
95.95956226180607
 10
446.6027617303309
 20
95.94627551737807
 10
446.5985092151966
 20
95.93242426733053
 10
446.595061365917
 20
95.92118676026013
 10
446.5920070464783
 20
95.91184226780399
 10
446.5897873139299
 20
95.90419997057819
 10
446.5874387724266
 20
95.89695746624358
 10
446.5850508591875
 20
95.88904969893849
 10
446.5821998110357
 20
95.88016142447867
 10
446.5794781837355
 20
95.87104826272474
 10
446.5767699802727
 20
95.86284925686283
 10
446.574367510043
 20
95.85461560080017
 10
446.5718487057086
 20
95.84680317624003
 10
446.5693366883083
 20
95.83850968999059
 10
446.567132364125
 20
95.83156412689806
 10
446.5645768096897
 20
95.82351161510809
 10
446.5620771461145
 20
95.81529530804704
 10
446.5596085625762
 20
95.80740805361319
 10
446.5571760353703
 20
95.79979472788244
 10
446.5550377557377
 20
95.79284976768207
 10
446.5528579568011
 20
95.78608012909831
 10
446.5510477229186
 20
95.7795416064559
 10
446.5481727093572
 20
95.77110127928773
 10
446.5451325291547
 20
95.7609527159405
 10
446.5417560981696
 20
95.7502840675221
 10
446.5387991293387
 20
95.74072202304802
 10
446.5362662695804
 20
95.73243306171901
 10
446.5337188489391
 20
95.72421115113474
 10
446.5310907463836
 20
95.71586763619774
 10
446.5282059304034
 20
95.70659689408785
 10
446.5253667306104
 20
95.69738993503188
 10
446.522427617721
 20
95.68795642213666
 10
446.5197008632654
 20
95.67946575658505
 10
446.5177041385755
 20
95.67274364748124
 10
446.5158724363848
 20
95.66700155675943
 10
446.51399377959
 20
95.66085005410622
 10
446.5119677944404
 20
95.65457581743061
 10
446.5099765993671
 20
95.64782359436356
 10
446.5078185045588
 20
95.6411192412267
 10
446.5056215284526
 20
95.6340118836759
 10
446.5034308600689
 20
95.62691438772072
 10
446.5012377702428
 20
95.62004733898567
 10
446.4989216013735
 20
95.6125537570419
 10
446.4965911701297
 20
95.60488227917489
 10
446.4941078597039
 20
95.59724774640966
 10
446.4916793261982
 20
95.58911213774752
 10
446.4889770380967
 20
95.5807049021617
 10
446.4861837407116
 20
95.57162895598793
 10
446.4831469917283
 20
95.56192269212465
 10
446.4802025676281
 20
95.55227357849077
 10
446.4760169485223
 20
95.53958247373151
 10
446.4731783057573
 20
95.52294503973519
 10
446.4688869112924
 20
95.50190278362442
 10
446.4638894817904
 20
95.47775335870477
 10
446.4590033116319
 20
95.45295121073411
 10
446.4538215758323
 20
95.42795807798774
 10
446.4494207154078
 20
95.40464290231415
 10
446.4448446945257
 20
95.38325364673534
 10
446.4410483121044
 20
95.36377485003567
 10
446.4373528762637
 20
95.3456292858765
 10
446.4307845154817
 20
95.31243620592431
 10
446.4147304368778
 20
95.23352679693272
 10
446.3826828586521
 20
95.07880196414618
 10
446.3421694683652
 20
94.77691617752629
 10
446.3119613053655
 20
94.44013857467394
 10
446.3108479332084
 20
93.86796131953975
 10
446.3522186510545
 20
93.30368649017208
 10
446.4780704075577
 20
92.58306547214835
 10
446.6055702842646
 20
92.16714106427509
 10
446.6978542116758
 20
91.90911774609003
 10
446.7051257037376
 20
91.889019099368
 97
        0
 97
        0
 92
        1
 93
        6
 72
     4
 94
        3
 73
     0
 74
     0
 95
      182
 96
      178
 40
0.0
 40
0.0
 40
0.0
 40
0.0
 40
0.0004608570517367
 40
0.0009729494474141
 40
0.0016363540590875
 40
0.0023303345230375
 40
0.0030111086512431
 40
0.0037157791883016
 40
0.0044417474296336
 40
0.0051453628955143
 40
0.0058457108451621
 40
0.0066866786930528
 40
0.0076158468232376
 40
0.0084479273527105
 40
0.009117357892274
 40
0.0098732447618965
 40
0.0104669246043033
 40
0.0112879120182304
 40
0.0120939639375117
 40
0.0133150503152903
 40
0.0141420845878485
 40
0.0150856124945886
 40
0.0160343530682034
 40
0.0170494170498098
 40
0.0182152627564697
 40
0.0191778835943859
 40
0.02021885429002
 40
0.0216039574267802
 40
0.0226431291531624
 40
0.0237085940079975
 40
0.024784804151143
 40
0.0259610156830361
 40
0.0268691947890177
 40
0.0278193764751355
 40
0.029008713334361
 40
0.0300971263788275
 40
0.0312206603862568
 40
0.0322461388636397
 40
0.0338052225386787
 40
0.0349109557935424
 40
0.0359159498802699
 40
0.0369636947908207
 40
0.0379818331759885
 40
0.0389619575608237
 40
0.0402352501661673
 40
0.041600163295043
 40
0.0427250679694499
 40
0.0440449973191094
 40
0.045366395635904
 40
0.0468917127909704
 40
0.0482134339391989
 40
0.0492326377690379
 40
0.0502573468264918
 40
0.0517879629975059
 40
0.053004317701275
 40
0.0545983135097645
 40
0.0558073547541555
 40
0.0577756720546503
 40
0.058798123490735
 40
0.0604262997066089
 40
0.0615134730361969
 40
0.0630345618061035
 40
0.0640687594318062
 40
0.0649572381994759
 40
0.0658986911827748
 40
0.0672630360746801
 40
0.0684670944749899
 40
0.0697975057077783
 40
0.0706248305678359
 40
0.0715396151011575
 40
0.0724750269747097
 40
0.0735603355951217
 40
0.075301930394205
 40
0.0774998670637863
 40
0.0787621284134879
 40
0.0802922573730132
 40
0.0811989454043717
 40
0.08200618191791
 40
0.0827677293106331
 40
0.0835355298256289
 40
0.0845190237729586
 40
0.0858358952632763
 40
0.0869110956422041
 40
0.0882174780214062
 40
0.0891805827505775
 40
0.0902608845568213
 40
0.0912652254992066
 40
0.0920771480940162
 40
0.0928681871172973
 40
0.0936015272172201
 40
0.0947209886137988
 40
0.0956208213994727
 40
0.0965679810674416
 40
0.0976386311253129
 40
0.0984871360326426
 40
0.0995995445261069
 40
0.1010865971118794
 40
0.1020854413773498
 40
0.1032406716340323
 40
0.1042452603298389
 40
0.1054942337817878
 40
0.1069376761292079
 40
0.1082153447841134
 40
0.1096418227219575
 40
0.1108114386188248
 40
0.1118828617967959
 40
0.1130566316869884
 40
0.1141382544480658
 40
0.1153754704310354
 40
0.1167108382869029
 40
0.1176812261433391
 40
0.1189549787649838
 40
0.1200606000634158
 40
0.1208396530316786
 40
0.1222807538265694
 40
0.1233970783302719
 40
0.1243074346344418
 40
0.1251525100345359
 40
0.1268539043866664
 40
0.1279833751189703
 40
0.1291200043944449
 40
0.1301321856655542
 40
0.1314827819899106
 40
0.1323788873955422
 40
0.1333871534397205
 40
0.1347115430085196
 40
0.1357453450542793
 40
0.1368692025410944
 40
0.1376653659912846
 40
0.1384244240306752
 40
0.1390377680730266
 40
0.1397038783791403
 40
0.1407170810693928
 40
0.141825101238336
 40
0.1429137193763129
 40
0.1438351799583906
 40
0.1450911403738796
 40
0.1461658000956271
 40
0.1472721306647419
 40
0.1484474065299292
 40
0.1496479121902209
 40
0.1508941784680481
 40
0.1521223838283178
 40
0.1532322790465278
 40
0.1544111465477333
 40
0.1553724303815609
 40
0.1565468438037109
 40
0.1578009413757344
 40
0.1590424608351619
 40
0.1599422936208256
 40
0.1609728715187098
 40
0.1621942659575709
 40
0.1634308407478035
 40
0.1644658551978062
 40
0.1656412877832724
 40
0.1667925538624304
 40
0.1677655831563102
 40
0.1687750501645568
 40
0.1704834691513263
 40
0.1726513907565534
 40
0.1758476125104698
 40
0.1787639746265801
 40
0.1841546140659608
 40
0.1902332356873936
 40
0.1968890799812081
 40
0.2064660553904191
 40
0.2160762412396205
 40
0.2258173677047658
 40
0.2351998526357398
 40
0.2478395738368472
 40
0.2533211732776546
 40
0.4012285880048347
 40
0.4659550722133198
 40
0.5799164568600612
 40
0.7695111713852327
 40
1.116892179648216
 40
1.16096584763539
 40
1.16096584763539
 40
1.16096584763539
 40
1.16096584763539
 10
443.7641111576827
 20
92.8496214268352
 10
443.7642141429387
 20
92.84950743967858
 10
443.764431562739
 20
92.84926679295177
 10
443.7647915901023
 20
92.8488570000664
 10
443.7652148597601
 20
92.84839960223695
 10
443.7656722515751
 20
92.84789723221246
 10
443.7661294044915
 20
92.84737615634157
 10
443.7666086679912
 20
92.84686063773296
 10
443.7670751080502
 20
92.8463233324589
 10
443.7675597680886
 20
92.84580438102466
 10
443.7680525409237
 20
92.84524113140327
 10
443.7686128849036
 20
92.84463754908728
 10
443.7691810100705
 20
92.84398193238661
 10
443.7697299675567
 20
92.8433859555181
 10
443.7702364542295
 20
92.84282947686694
 10
443.7706843693329
 20
92.84232714351543
 10
443.7711783931475
 20
92.8417984637212
 10
443.7716672329636
 20
92.84124251359634
 10
443.7723010578995
 20
92.84053569937714
 10
443.7729496844145
 20
92.83983954147823
 10
443.7736038319986
 20
92.83908666547063
 10
443.7742267410506
 20
92.83842788332021
 10
443.7748598572582
 20
92.8376938835467
 10
443.775572942101
 20
92.8369322592834
 10
443.7762727980753
 20
92.8361523461088
 10
443.7769683417675
 20
92.83535707706693
 10
443.7777318678102
 20
92.83452456622251
 10
443.7785050171613
 20
92.83366641725888
 10
443.7792885573508
 20
92.83280660367694
 10
443.7799870622757
 20
92.83200884186982
 10
443.7807341236087
 20
92.83119328351353
 10
443.781443637831
 20
92.83041447997618
 10
443.7821159961841
 20
92.82965873882961
 10
443.7827972073428
 20
92.82890508006716
 10
443.7835108275319
 20
92.82809973909332
 10
443.7842931790808
 20
92.82727860888002
 10
443.7849810108382
 20
92.82644609318572
 10
443.7858374209479
 20
92.82555413280477
 10
443.7866474000175
 20
92.8246281158398
 10
443.7874735670021
 20
92.82372595475988
 10
443.7881746340227
 20
92.82294047201657
 10
443.788868473946
 20
92.82218780952581
 10
443.7895382747752
 20
92.82142463896429
 10
443.790278884572
 20
92.82062407062625
 10
443.7910705563418
 20
92.8197139203159
 10
443.791928586754
 20
92.81879867009798
 10
443.7927707376439
 20
92.81784809299546
 10
443.7936097106503
 20
92.81691419026345
 10
443.7945433039229
 20
92.81588588576693
 10
443.7954753863939
 20
92.81485541695815
 10
443.7963408030728
 20
92.8139004612031
 10
443.7970806089011
 20
92.81305694320747
 10
443.7978956006998
 20
92.81218758804522
 10
443.7987319887925
 20
92.81124883998308
 10
443.7996935057865
 20
92.81016753986569
 10
443.8005911931941
 20
92.80917289834093
 10
443.8016725678356
 20
92.80800655779439
 10
443.8025977740517
 20
92.80695577471602
 10
443.8036318502318
 20
92.8058150774661
 10
443.804474613876
 20
92.80489732790329
 10
443.805402592124
 20
92.80383271643421
 10
443.8062302526221
 20
92.8029442458635
 10
443.8069904584397
 20
92.80208381226151
 10
443.8076562996239
 20
92.80139939394883
 10
443.808390686768
 20
92.80062842454004
 10
443.8091792066527
 20
92.79976400128709
 10
443.8100740303939
 20
92.79882148585244
 10
443.8108406164711
 20
92.79800412603453
 10
443.8115414571275
 20
92.79725728935131
 10
443.8121479141364
 20
92.79660248139231
 10
443.8128089341544
 20
92.79588095221158
 10
443.8136790090716
 20
92.79497765786562
 10
443.8148206148464
 20
92.79375199009502
 10
443.8160106429284
 20
92.79249088802578
 10
443.8171413941504
 20
92.79127084791361
 10
443.8179876127058
 20
92.79037403791284
 10
443.8187283789564
 20
92.78958623930617
 10
443.8192824438363
 20
92.78897468301506
 10
443.8198221540592
 20
92.78841303808622
 10
443.8203862786786
 20
92.78779377475598
 10
443.8211024126842
 20
92.78706330819892
 10
443.8218445662383
 20
92.78621684432511
 10
443.8227136900066
 20
92.78534195516625
 10
443.8234608062187
 20
92.7845141198286
 10
443.8242358141497
 20
92.78371015774775
 10
443.8249191811537
 20
92.7829582986821
 10
443.8255871383558
 20
92.78226102626269
 10
443.8261745101981
 20
92.7816204136127
 10
443.8267089279259
 20
92.78105393885124
 10
443.8273129192883
 20
92.78041219771006
 10
443.8279271845067
 20
92.7797302917757
 10
443.8286279015313
 20
92.77903215804469
 10
443.8292818453103
 20
92.77831206830348
 10
443.8299272955687
 20
92.77760759773912
 10
443.8306282425051
 20
92.7768796053403
 10
443.8314061662618
 20
92.77603349962004
 10
443.8322329521868
 20
92.77516450374486
 10
443.8330568865326
 20
92.77427328668887
 10
443.833780216451
 20
92.77350817854062
 10
443.8345533826384
 20
92.77267550804498
 10
443.8354042956053
 20
92.77178405310832
 10
443.836301101217
 20
92.7708108472587
 10
443.8372492911162
 20
92.76980469626795
 10
443.8381287843074
 20
92.76885925103187
 10
443.838974320518
 20
92.7679762369284
 10
443.8397442671921
 20
92.7671378218784
 10
443.8405050330039
 20
92.76633098035649
 10
443.8413079021348
 20
92.7654878533105
 10
443.8421267050949
 20
92.76458592658577
 10
443.8429404902008
 20
92.76373000068742
 10
443.8437516646684
 20
92.76285497479387
 10
443.8445187198233
 20
92.76204354086906
 10
443.8452313184453
 20
92.76126849135545
 10
443.8459971191742
 20
92.76046688042868
 10
443.8467573508806
 20
92.75965510895963
 10
443.8475428651038
 20
92.75880707727669
 10
443.8482021255663
 20
92.75811299331417
 10
443.8489864028852
 20
92.7572688354353
 10
443.8498194174783
 20
92.75636998127237
 10
443.8507527963179
 20
92.75543290399122
 10
443.8515086477662
 20
92.75464368471518
 10
443.8523255984358
 20
92.75381106365387
 10
443.8530864924849
 20
92.75303575168238
 10
443.8538359230481
 20
92.75225114103444
 10
443.8545919152266
 20
92.75148507426917
 10
443.8553700640778
 20
92.75067653205582
 10
443.8561809662904
 20
92.74984609235338
 10
443.8568656081948
 20
92.74913847580132
 10
443.8574884291781
 20
92.7484984828302
 10
443.8579911268096
 20
92.7479790447859
 10
443.8584629253066
 20
92.74749003352758
 10
443.8589948063491
 20
92.74694127561003
 10
443.8596439463013
 20
92.74627654460113
 10
443.8603927003655
 20
92.74551224337671
 10
443.8611164277354
 20
92.74476624781158
 10
443.8618733777721
 20
92.74398378971716
 10
443.8626245814405
 20
92.74320221501108
 10
443.8634326097581
 20
92.74238998519508
 10
443.8642037040627
 20
92.74157930558539
 10
443.8650272992666
 20
92.74076123679578
 10
443.8658566754239
 20
92.73988371951049
 10
443.8667078983303
 20
92.73900278460309
 10
443.8675456941171
 20
92.73815095007939
 10
443.8683696318301
 20
92.7373169611721
 10
443.8691155199142
 20
92.7365311999153
 10
443.8698907990561
 20
92.73574399495334
 10
443.870684083663
 20
92.73493934593819
 10
443.871532179086
 20
92.73405766817694
 10
443.8723151685349
 20
92.73324040164897
 10
443.87305149181
 20
92.73248160758203
 10
443.8737910639852
 20
92.73173541356493
 10
443.8746060595456
 20
92.73090592699793
 10
443.8754118434376
 20
92.73006545684115
 10
443.8762070306661
 20
92.72923603513931
 10
443.8769960777736
 20
92.72844031072452
 10
443.8777572884751
 20
92.72764631583641
 10
443.8784916737939
 20
92.72690341962885
 10
443.8793433354572
 20
92.72601550443522
 10
443.8804906155792
 20
92.72485950146108
 10
443.8821153203155
 20
92.72315107473622
 10
443.8840484424059
 20
92.72118084477165
 10
443.8867227730802
 20
92.71843300260076
 10
443.8900874450726
 20
92.71501642415319
 10
443.8942401083198
 20
92.71062672884528
 10
443.8995847999956
 20
92.70545337643796
 10
443.9056686059325
 20
92.69935487752883
 10
443.9125201620323
 20
92.69256956693295
 10
443.919304459544
 20
92.68580860961606
 10
443.9268571054592
 20
92.67838839602643
 10
443.9333703302029
 20
92.67193631582211
 10
443.9725760158469
 20
92.6328753184415
 10
444.0259568752954
 20
92.58345523373629
 10
444.1075752692288
 20
92.51140280896414
 10
444.2028195810931
 20
92.43392180553548
 10
444.3727572844377
 20
92.29889341363554
 10
444.5352426135194
 20
92.19279175219668
 10
444.6476283242391
 20
92.12633619240421
 10
444.6603180183645
 20
92.11891744188944
 97
        0
 72
     4
 94
        3
 73
     0
 74
     0
 95
       15
 96
       11
 40
5.233690822292881
 40
5.233690822292881
 40
5.233690822292881
 40
5.233690822292881
 40
5.303825753327492
 40
5.383027286154253
 40
5.450246723878536
 40
5.541937193395427
 40
5.632391109541941
 40
5.746362704934958
 40
5.868643984550646
 40
5.876945215343023
 40
5.876945215343023
 40
5.876945215343023
 40
5.876945215343023
 10
444.6603180183643
 20
92.11891744188938
 10
444.6648711625921
 20
92.09598046938493
 10
444.6744027432107
 20
92.0470979888484
 10
444.6942264301422
 20
91.97763058604318
 10
444.7164048065706
 20
91.90143598391404
 10
444.7382194441313
 20
91.82121391366417
 10
444.7669848969138
 20
91.7267949308748
 10
444.7950672378997
 20
91.62149996969885
 10
444.823057329394
 20
91.54488097277147
 10
444.8376898009849
 20
91.50387346006067
 10
444.8386191868392
 20
91.50126635731954
 97
        0
 72
     4
 94
        3
 73
     0
 74
     0
 95
       11
 96
        7
 40
7.250280902057175
 40
7.250280902057175
 40
7.250280902057175
 40
7.250280902057175
 40
7.690997203514118
 40
8.598983734656267
 40
9.015708971630115
 40
9.232809360711533
 40
9.232809360711533
 40
9.232809360711533
 40
9.232809360711533
 10
444.838619186839
 20
91.50126635731954
 10
444.7033846903978
 20
91.55907985975398
 10
444.2972574075534
 20
91.7538904483207
 10
443.8090174470585
 20
92.09588124461283
 10
443.4593792693031
 20
92.47455524763205
 10
443.3302835391301
 20
92.6417848634913
 10
443.2867944267459
 20
92.69964092430928
 97
        0
 72
     2
 10
447.6406112307427
 20
93.2495013072359
 40
4.388401440556144
 50
172.8020024116292
 51
241.3246991952008
 73
     0
 72
     4
 94
        3
 73
     0
 74
     0
 95
       29
 96
       25
 40
0.0176581850300042
 40
0.0176581850300042
 40
0.0176581850300042
 40
0.0176581850300042
 40
0.1350136473611706
 40
0.3586319266787619
 40
0.5117678418293916
 40
1.044160938904145
 40
1.302848521635252
 40
1.630881788839104
 40
1.896901206132972
 40
2.202762203630451
 40
2.693157240403069
 40
2.997105140741793
 40
3.499856752425399
 40
3.835722073500915
 40
4.147195076379828
 40
4.24833332884689
 40
4.305055169871896
 40
4.49165549308347
 40
4.615666705313137
 40
4.73446748224874
 40
4.848662319531485
 40
4.923882241094272
 40
5.016750343729278
 40
5.021781432951515
 40
5.021781432951515
 40
5.021781432951515
 40
5.021781432951515
 10
445.5348572903993
 20
97.09967890654372
 10
445.5127237195595
 20
97.06742547854395
 10
445.448087532706
 20
96.97393973803202
 10
445.3438768644571
 20
96.84574028336192
 10
445.1924512458293
 20
96.58285775371934
 10
445.0323108349971
 20
96.31083597870958
 10
444.8944519399947
 20
95.96385827750231
 10
444.7885501107478
 20
95.699699107367
 10
444.712373534034
 20
95.40918759066619
 10
444.6213086135233
 20
95.06710598132321
 10
444.5525411368353
 20
94.70612308118638
 10
444.5064341606835
 20
94.27605731513108
 10
444.4878801517041
 20
93.8953879706196
 10
444.4868151826263
 20
93.51190424659706
 10
444.4989767404013
 20
93.26263245898895
 10
444.5089255974001
 20
93.10650457301273
 10
444.5175795286189
 20
92.99201245006657
 10
444.5294648931613
 20
92.87008841419822
 10
444.5501833235239
 20
92.72843600363564
 10
444.5674523008968
 20
92.61071911636492
 10
444.5777248293257
 20
92.50833495527979
 10
444.5983574400691
 20
92.41644340703101
 10
444.610140110975
 20
92.35996768712067
 10
444.6168489454362
 20
92.32803418348868
 10
444.617193824517
 20
92.32639311280838
 97
        0
 72
     4
 94
        3
 73
     0
 74
     0
 95
       15
 96
       11
 40
0.0
 40
0.0
 40
0.0
 40
0.0
 40
0.151070518449171
 40
0.3099551499702086
 40
0.4614421652073235
 40
0.6067730124679518
 40
0.7376919579981522
 40
0.855097158991247
 40
0.9279188759264442
 40
1.003628961646776
 40
1.003628961646776
 40
1.003628961646776
 40
1.003628961646776
 10
444.6171938245168
 20
92.32639311280832
 10
444.5712249261271
 20
92.34696120483733
 10
444.4776265303594
 20
92.39077427216063
 10
444.3411615581981
 20
92.46184607359612
 10
444.2092974892287
 20
92.53730756547776
 10
444.0878714642033
 20
92.61209769623025
 10
443.9790847731522
 20
92.68554850496287
 10
443.8928712374752
 20
92.74903561691349
 10
443.8225569446615
 20
92.80302230834849
 10
443.7838440254989
 20
92.83388831255996
 10
443.7641111576827
 20
92.8496214268352
 97
        0
 97
        0
 92
        1
 93
        4
 72
     4
 94
        3
 73
     0
 74
     0
 95
       10
 96
        6
 40
1.781427080250382
 40
1.781427080250382
 40
1.781427080250382
 40
1.781427080250382
 40
2.088036036302896
 40
2.589950839260203
 40
2.760242605119786
 40
2.760242605119786
 40
2.760242605119786
 40
2.760242605119786
 10
445.2157290095388
 20
91.8427074925118
 10
445.3101150315665
 20
91.80334182921155
 10
445.5624659771115
 20
91.70788618862605
 10
445.8777714233393
 20
91.62182879418708
 10
446.0968020695807
 20
91.57421181502008
 10
446.1524385320408
 20
91.56290824032078
 97
        0
 72
     4
 94
        3
 73
     0
 74
     0
 95
        9
 96
        5
 40
6.184923259416534
 40
6.184923259416534
 40
6.184923259416534
 40
6.184923259416534
 40
6.572631212823501
 40
6.716434027690795
 40
6.716434027690795
 40
6.716434027690795
 40
6.716434027690795
 10
446.1524385320413
 20
91.56290824032271
 10
446.1918290106464
 20
91.4399806625459
 10
446.261402601453
 20
91.27652985429694
 10
446.3267064124198
 20
91.11174985078554
 10
446.3450935814919
 20
91.06749908891891
 97
        0
 72
     4
 94
        3
 73
     0
 74
     0
 95
        9
 96
        5
 40
5.680414126429065
 40
5.680414126429065
 40
5.680414126429065
 40
5.680414126429065
 40
5.911713471620197
 40
6.704560383601724
 40
6.704560383601724
 40
6.704560383601724
 40
6.704560383601724
 10
446.3450935814919
 20
91.06749908891891
 10
446.2690338626346
 20
91.08039555792283
 10
445.9331919081762
 20
91.14289342843193
 10
445.6024155959653
 20
91.22961378753968
 10
445.3506704016661
 20
91.31101328442475
 97
        0
 72
     4
 94
        3
 73
     0
 74
     0
 95
       12
 96
        8
 40
2.478609126391185
 40
2.478609126391185
 40
2.478609126391185
 40
2.478609126391185
 40
2.520390519671875
 40
2.641749035714576
 40
2.765272743722494
 40
2.911650990441924
 40
3.027422239500122
 40
3.027422239500122
 40
3.027422239500122
 40
3.027422239500122
 10
445.3506704016661
 20
91.3110132844248
 10
445.3467093071713
 20
91.32436472645486
 10
445.3312275548028
 20
91.37648934897516
 10
445.3050082645796
 20
91.46836085337492
 10
445.2683647301303
 20
91.59362946930048
 10
445.2448759624672
 20
91.72016220557617
 10
445.2246418255299
 20
91.80515472391323
 10
445.2157290095388
 20
91.8427074925118
 97
        0
 97
        0
 75
     0
 76
     1
 98
        1
 10
-168.2576044211908
 20
28.83057911363136
  0
TEXT
  5
5FB
330
5F3
100
AcDbEntity
  8
0
100
AcDbText
 10
442.3019828816916
 20
95.89509659868513
 30
0.0
 40
1.005104499387758
  1
S
 50
242.7181255168881
 41
0.8
  7
$TD_AUDIT_GENERATED_(5F6)
 72
     4
 11
442.6068733957106
 21
95.41437664849803
 31
0.0
100
AcDbText
  0
TEXT
  5
5FC
330
5F3
100
AcDbEntity
  8
0
100
AcDbText
 10
442.0129036068379
 20
95.17183157643069
 30
0.0
 40
1.005104499387758
  1
T
 50
250.218125497334
 41
0.8
  7
$TD_AUDIT_GENERATED_(5F6)
 72
     4
 11
442.3673647857945
 21
94.73882120758356
 31
0.0
100
AcDbText
  0
TEXT
  5
5FD
330
5F3
100
AcDbEntity
  8
0
100
AcDbText
 10
441.7991617839599
 20
94.42321143337888
 30
0.0
 40
1.005104499387758
  1
A
 50
257.7181255624761
 41
0.8
  7
$TD_AUDIT_GENERATED_(5F6)
 72
     4
 11
442.2180828844173
 21
94.03778309031333
 31
0.0
100
AcDbText
  0
TEXT
  5
5FE
330
5F3
100
AcDbEntity
  8
0
100
AcDbText
 10
441.7056433964641
 20
92.87187242801114
 30
0.0
 40
1.005104499387758
  1
E
 50
272.7181254746196
 41
0.8
  7
$TD_AUDIT_GENERATED_(5F6)
 72
     4
 11
442.1988287188672
 21
92.60746943127589
 31
0.0
100
AcDbText
  0
TEXT
  5
5FF
330
5F3
100
AcDbEntity
  8
0
100
AcDbText
 10
442.6050488628564
 20
90.08571269199842
 30
0.0
 40
1.005104499387758
  1
I
 50
301.2181254785395
 41
0.8
  7
$TD_AUDIT_GENERATED_(5F6)
 72
     4
 11
443.1646307700289
 21
90.08867851088274
 31
0.0
100
AcDbText
  0
TEXT
  5
600
330
5F3
100
AcDbEntity
  8
0
100
AcDbText
 10
442.2031796262224
 20
90.84101956400744
 30
0.0
 40
1.005104499387758
  1
R
 50
292.9681254674569
 41
0.8
  7
$TD_AUDIT_GENERATED_(5F6)
 72
     4
 11
442.7573962098079
 21
90.76365881559315
 31
0.0
100
AcDbText
  0
TEXT
  5
601
330
5F3
100
AcDbEntity
  8
0
100
AcDbText
 10
441.9029884164428
 20
91.64332213424765
 30
0.0
 40
1.005104499387758
  1
G
 50
284.71812549818
 41
0.8
  7
$TD_AUDIT_GENERATED_(5F6)
 72
     4
 11
442.4512306559807
 21
91.490089165102
 31
0.0
100
AcDbText
  0
TEXT
  5
602
330
5F3
100
AcDbEntity
  8
0
100
AcDbText
 10
441.7071274094438
 20
93.64977184770474
 30
0.0
 40
1.005104499387758
  1
T
 50
265.2181254835607
 41
0.8
  7
$TD_AUDIT_GENERATED_(5F6)
 72
     4
 11
442.1615819467208
 21
93.32325725313854
 31
0.0
100
AcDbText
  0
TEXT
  5
603
330
5F3
100
AcDbEntity
  8
0
100
AcDbText
 10
443.6934440790122
 20
96.3302564697948
 30
0.0
 40
1.005104499387758
  1
\M+5B9FA
 50
45.66819710045415
 41
0.8
  7
$TD_AUDIT_GENERATED_(5F8)
 72
     4
 11
443.7200984683213
 21
97.0776577192301
 31
0.0
100
AcDbText
  0
TEXT
  5
604
330
5F3
100
AcDbEntity
  8
0
100
AcDbText
 10
443.1111402739703
 20
89.3958874685448
 30
0.0
 40
1.005104499387758
  1
D
 50
309.4681255446012
 41
0.8
  7
$TD_AUDIT_GENERATED_(5F6)
 72
     4
 11
443.6645057112187
 21
89.47911847103376
 31
0.0
100
AcDbText
  0
TEXT
  5
605
330
5F3
100
AcDbEntity
  8
0
 48
2.0
100
AcDbText
 10
444.8580247594009
 20
97.40574616608747
 30
0.0
 40
1.005104499387758
  1
\M+5BCD2
 50
27.9999999779082
 41
0.8
  7
$TD_AUDIT_GENERATED_(5F8)
 72
     4
 11
445.110261300716
 21
98.10980284800468
 31
0.0
100
AcDbText
  0
TEXT
  5
606
330
5F3
100
AcDbEntity
  8
0
100
AcDbText
 10
453.0898057834171
 20
90.86775289609693
 30
0.0
 40
1.005104499387758
  1
F
 50
65.46812554051857
 41
0.8
  7
$TD_AUDIT_GENERATED_(5F6)
 72
     4
 11
452.7724188126253
 21
91.32862838653665
 31
0.0
100
AcDbText
  0
TEXT
  5
607
330
5F3
100
AcDbEntity
  8
0
100
AcDbText
 10
452.7684982668217
 20
90.21554322632383
 30
0.0
 40
1.005104499387758
  1
O
 50
58.46812547245673
 41
0.8
  7
$TD_AUDIT_GENERATED_(5F6)
 72
     4
 11
452.5000715753856
 21
90.71753626150593
 31
0.0
100
AcDbText
  0
TEXT
  5
608
330
5F3
100
AcDbEntity
  8
0
100
AcDbText
 10
451.2997380577264
 20
88.54727651906622
 30
0.0
 40
1.005104499387758
  1
O
 50
36.96812553593979
 41
0.8
  7
$TD_AUDIT_GENERATED_(5F6)
 72
     4
 11
451.2339702108736
 21
89.11271836962828
 31
0.0
100
AcDbText
  0
CIRCLE
  5
609
330
5F3
100
AcDbEntity
  8
$TD_AUDIT_GENERATED_(60A)
 62
     7
370
    30
100
AcDbCircle
 10
447.6406112307427
 20
93.2495013072359
 30
0.0
 40
4.751781372669854
  0
TEXT
  5
60D
330
5F3
100
AcDbEntity
  8
0
100
AcDbText
 10
446.2917822494589
 20
87.4575148479607
 30
0.0
 40
1.005104499387758
  1
P
 50
345.9681255179018
 41
0.8
  7
$TD_AUDIT_GENERATED_(5F6)
 72
     4
 11
446.6871011559595
 21
87.85357503161924
 31
0.0
100
AcDbText
  0
TEXT
  5
60E
330
5F3
100
AcDbEntity
  8
0
100
AcDbText
 10
448.9189253072934
 20
87.4300477060788
 30
0.0
 40
1.005104499387758
  1
A
 50
11.46812551002384
 41
0.8
  7
$TD_AUDIT_GENERATED_(5F6)
 72
     4
 11
449.1029932080512
 21
87.96872098735167
 31
0.0
100
AcDbText
  0
TEXT
  5
60F
330
5F3
100
AcDbEntity
  8
0
100
AcDbText
 10
443.9225154812682
 20
88.59376386952907
 30
0.0
 40
1.005104499387758
  1
C
 50
320.4681254797286
 41
0.8
  7
$TD_AUDIT_GENERATED_(5F6)
 72
     4
 11
444.4569809297425
 21
88.7897143235574
 31
0.0
100
AcDbText
  0
TEXT
  5
610
330
5F3
100
AcDbEntity
  8
0
100
AcDbText
 10
445.4504878636272
 20
87.72050443608902
 30
0.0
 40
1.005104499387758
  1
R
 50
337.468125510359
 41
0.8
  7
$TD_AUDIT_GENERATED_(5F6)
 72
     4
 11
445.9000059558055
 21
88.05378238573593
 31
0.0
100
AcDbText
  0
TEXT
  5
611
330
5F3
100
AcDbEntity
  8
0
100
AcDbText
 10
444.6515173619444
 20
88.09533358229206
 30
0.0
 40
1.005104499387758
  1
O
 50
328.9681254914715
 41
0.8
  7
$TD_AUDIT_GENERATED_(5F6)
 72
     4
 11
445.1511488476278
 21
88.36813071306955
 31
0.0
100
AcDbText
  0
TEXT
  5
612
330
5F3
100
AcDbEntity
  8
0
100
AcDbText
 10
449.761219051086
 20
87.6934713184736
 30
0.0
 40
1.005104499387758
  1
T
 50
19.9681255013747
 41
0.8
  7
$TD_AUDIT_GENERATED_(5F6)
 72
     4
 11
449.8674792338256
 21
88.24287961881186
 31
0.0
100
AcDbText
  0
TEXT
  5
613
330
5F3
100
AcDbEntity
  8
0
100
AcDbText
 10
450.5591595262344
 20
88.06794530424195
 30
0.0
 40
1.005104499387758
  1
I
 50
28.4681255127006
 41
0.8
  7
$TD_AUDIT_GENERATED_(5F6)
 72
     4
 11
450.5830448151544
 21
88.62702508378118
 31
0.0
100
AcDbText
  0
TEXT
  5
614
330
5F3
100
AcDbEntity
  8
0
100
AcDbText
 10
446.286338364741
 20
98.0282912533922
 30
0.0
 40
1.005104499387758
  1
\M+5B5E7
 50
11.99999999866089
 41
0.8
  7
$TD_AUDIT_GENERATED_(5F8)
 72
     4
 11
446.7195699161593
 21
98.65106448207234
 31
0.0
100
AcDbText
  0
TEXT
  5
615
330
5F3
100
AcDbEntity
  8
0
100
AcDbText
 10
448.1160630411769
 20
98.26389192858298
 30
0.0
 40
1.005104499387758
  1
\M+5CDF8
 50
346.0000000036221
 41
0.8
  7
$TD_AUDIT_GENERATED_(5F8)
 72
     4
 11
448.7727392221429
 21
98.61079667741154
 31
0.0
100
AcDbText
  0
TEXT
  5
616
330
5F3
100
AcDbEntity
  8
0
100
AcDbText
 10
447.1616254919643
 20
87.31058728562442
 30
0.0
 40
1.005104499387758
  1
O
 50
354.4681255125807
 41
0.8
  7
$TD_AUDIT_GENERATED_(5F6)
 72
     4
 11
447.495143326393
 21
87.77190686050147
 31
0.0
100
AcDbText
  0
TEXT
  5
617
330
5F3
100
AcDbEntity
  8
0
100
AcDbText
 10
448.0441326157611
 20
87.31623768116289
 30
0.0
 40
1.005104499387758
  1
R
 50
2.968125509180445
 41
0.8
  7
$TD_AUDIT_GENERATED_(5F6)
 72
     4
 11
448.3063811751758
 21
87.81057198100592
 31
0.0
100
AcDbText
  0
TEXT
  5
618
330
5F3
100
AcDbEntity
  8
0
100
AcDbText
 10
453.4534777878079
 20
94.50529952039416
 30
0.0
 40
1.005104499387758
  1
N
 50
101.2681254657132
 41
0.8
  7
$TD_AUDIT_GENERATED_(5F6)
 72
     4
 11
452.9264640440795
 21
94.69344101193127
 31
0.0
100
AcDbText
  0
TEXT
  5
619
330
5F3
100
AcDbEntity
  8
0
100
AcDbText
 10
453.5685022342105
 20
93.72547926412629
 30
0.0
 40
1.005104499387758
  1
I
 50
93.66812551460593
 41
0.8
  7
$TD_AUDIT_GENERATED_(5F6)
 72
     4
 11
453.0710009358104
 21
93.98166896924084
 31
0.0
100
AcDbText
  0
TEXT
  5
61A
330
5F3
100
AcDbEntity
  8
0
100
AcDbText
 10
453.2469543234911
 20
95.26668851161823
 30
0.0
 40
1.005104499387758
  1
A
 50
108.8681254954207
 41
0.8
  7
$TD_AUDIT_GENERATED_(5F6)
 72
     4
 11
452.6890604294465
 21
95.37984459424041
 31
0.0
100
AcDbText
  0
TEXT
  5
61B
330
5F3
100
AcDbEntity
  8
0
100
AcDbText
 10
453.4969236166035
 20
92.15235394617406
 30
0.0
 40
1.005104499387758
  1
C
 50
78.46812550852881
 41
0.8
  7
$TD_AUDIT_GENERATED_(5F6)
 72
     4
 11
453.0729933053583
 21
92.53226576127628
 31
0.0
100
AcDbText
  0
TEXT
  5
61C
330
5F3
100
AcDbEntity
  8
0
100
AcDbText
 10
453.5793800407187
 20
92.93729658884102
 30
0.0
 40
1.005104499387758
  1
H
 50
86.0681255031629
 41
0.8
  7
$TD_AUDIT_GENERATED_(5F6)
 72
     4
 11
453.1201317481325
 21
93.25703353176937
 31
0.0
100
AcDbText
  0
ENDBLK
  5
61D
330
5F3
100
AcDbEntity
  8
0
 62
     3
100
AcDbBlockEnd
  0
BLOCK
  5
79B
330
79A
100
AcDbEntity
  8
0
100
AcDbBlockBegin
  2
GXED00001000000C
 70
     0
 10
0.0
 20
0.0
 30
0.0
  3
GXED00001000000C
  1

  0
LINE
  5
79C
330
79A
100
AcDbEntity
  8
0
  6
Continuous
100
AcDbLine
 10
-55.0
 20
0.0000000000000284
 30
0.0
 11
0.0
 21
0.0
 31
0.0
  0
TEXT
  5
79D
330
79A
100
AcDbEntity
  8
0
  6
Continuous
100
AcDbText
 10
-51.96844782084224
 20
2.626252928245691
 30
0.0
 40
3.0
  1
\M+5D7A8\M+5D2B5
  7
HQFILE
100
AcDbText
  0
LINE
  5
79F
330
79A
100
AcDbEntity
  8
0
  6
Continuous
100
AcDbLine
 10
-55.0
 20
8.000000000000028
 30
0.0
 11
0.0
 21
8.000000000000028
 31
0.0
  0
LINE
  5
7A0
330
79A
100
AcDbEntity
  8
0
  6
Continuous
100
AcDbLine
 10
-55.0
 20
14.00000000000003
 30
0.0
 11
0.0
 21
14.00000000000003
 31
0.0
  0
LINE
  5
7A1
330
79A
100
AcDbEntity
  8
0
  6
Continuous
100
AcDbLine
 10
-55.0
 20
20.00000000000003
 30
0.0
 11
0.0
 21
20.00000000000003
 31
0.0
  0
LINE
  5
7A2
330
79A
100
AcDbEntity
  8
0
  6
Continuous
100
AcDbLine
 10
-55.0
 20
26.00000000000003
 30
0.0
 11
0.0
 21
26.00000000000003
 31
0.0
  0
LINE
  5
7A3
330
79A
100
AcDbEntity
  8
0
  6
Continuous
100
AcDbLine
 10
-55.0
 20
26.00000000000003
 30
0.0
 11
-55.0
 21
0.0000000000000284
 31
0.0
  0
TEXT
  5
7A4
330
79A
100
AcDbEntity
  8
0
  6
Continuous
100
AcDbText
 10
-33.69285234057008
 20
2.626253258560979
 30
0.0
 40
3.0
  1
\M+5BBE1\M+5C7A9\M+5C8CB
  7
HQFILE
100
AcDbText
  0
LINE
  5
7A5
330
79A
100
AcDbEntity
  8
0
  6
Continuous
100
AcDbLine
 10
-40.0
 20
26.00000000000003
 30
0.0
 11
-40.0
 21
0.0000000000000284
 31
0.0
  0
TEXT
  5
7A6
330
79A
100
AcDbEntity
  8
0
  6
Continuous
100
AcDbText
 10
-11.94774218531333
 20
2.40663914964469
 30
0.0
 40
3.0
  1
\M+5C8D5\M+5C6DA
  7
HQFILE
100
AcDbText
  0
LINE
  5
7A7
330
79A
100
AcDbEntity
  8
0
  6
Continuous
100
AcDbLine
 10
-15.0
 20
26.00000000000003
 30
0.0
 11
-15.0
 21
0.0000000000000284
 31
0.0
  0
LINE
  5
7A8
330
79A
100
AcDbEntity
  8
0
  6
Continuous
100
AcDbLine
 10
0.0
 20
0.0000000000001137
 30
0.0
 11
0.0000000000000142
 21
26.00000000000003
 31
0.0
  0
ENDBLK
  5
7A9
330
79A
100
AcDbEntity
  8
0
100
AcDbBlockEnd
  0
BLOCK
  5
5D5
330
5D2
100
AcDbEntity
  8
0
 62
     0
100
AcDbBlockBegin
  2
$TD_AUDIT_GENERATED_(5D2)
 70
     0
 10
0.0
 20
0.0
 30
0.0
  3
$TD_AUDIT_GENERATED_(5D2)
  1

  0
LINE
  5
5D6
330
5D2
100
AcDbEntity
  8
0
100
AcDbLine
 10
-927.977242682997
 20
47.55819421964407
 30
0.0
 11
-927.977242682997
 21
467.5581942196441
 31
0.0
  0
LINE
  5
5D7
330
5D2
100
AcDbEntity
  8
0
100
AcDbLine
 10
-927.977242682997
 20
467.5581942196441
 30
0.0
 11
-333.977242682997
 21
467.5581942196441
 31
0.0
  0
LINE
  5
5D8
330
5D2
100
AcDbEntity
  8
0
  6
Continuous
100
AcDbLine
 10
-333.977242682997
 20
467.5581942196441
 30
0.0
 11
-333.977242682997
 21
47.55819421964407
 31
0.0
  0
LINE
  5
5D9
330
5D2
100
AcDbEntity
  8
0
  6
Continuous
100
AcDbLine
 10
-333.977242682997
 20
47.55819421964407
 30
0.0
 11
-927.977242682997
 21
47.55819421964407
 31
0.0
  0
LWPOLYLINE
  5
5DA
330
5D2
100
AcDbEntity
  8
0
  6
Continuous
100
AcDbPolyline
 90
        5
 70
     0
 43
1.0
 10
-902.977242682997
 20
57.55819421964407
 10
-902.977242682997
 20
457.5581942196441
 10
-343.977242682997
 20
457.5581942196441
 10
-343.977242682997
 20
57.55819421964407
 10
-902.977242682997
 20
57.55819421964407
  0
LWPOLYLINE
  5
5DB
330
5D2
100
AcDbEntity
  8
0
100
AcDbPolyline
 90
        3
 70
     0
 43
1.0
 10
-902.977242682997
 20
447.5581942196441
 10
-852.977242682997
 20
447.5581942196441
 10
-852.977242682997
 20
457.5581942196441
  0
ENDBLK
  5
5DC
330
5D2
100
AcDbEntity
  8
0
 62
     0
100
AcDbBlockEnd
  0
BLOCK
  5
5E1
330
5DE
100
AcDbEntity
  8
0
 62
     0
100
AcDbBlockBegin
  2
$TD_AUDIT_GENERATED_(5DE)
 70
     0
 10
0.0
 20
0.0
 30
0.0
  3
$TD_AUDIT_GENERATED_(5DE)
  1

  0
TEXT
  5
5E2
330
5DE
100
AcDbEntity
  8
0
 62
     7
100
AcDbText
 10
355.978827287379
 20
439.5945571055501
 30
0.0
 40
3.5
  1
1:20
 41
0.7
100
AcDbText
  0
TEXT
  5
5E3
330
5DE
100
AcDbEntity
  8
3
 62
     7
100
AcDbText
 10
417.8042478400181
 20
467.8015505267219
 30
0.0
 40
3.9
  1
\M+5B8A3\M+5BDA8\M+5B9AB\M+5CBBE2019\M+5C4EA\M+5B0E635kV\M+5B8CB\M+5CBFE\M+5CDA8\M+5D3C3\M+5C9E8\M+5BCC6
 41
0.7
100
AcDbText
  0
TEXT
  5
5E4
330
5DE
100
AcDbEntity
  8
0
100
AcDbText
 10
499.2442835569706
 20
468.374471592466
 30
0.0
 40
3.5
  1
\M+5B0E6\M+5B4CE 
 41
0.7
 51
1.0
100
AcDbText
  0
TEXT
  5
5E5
330
5DE
100
AcDbEntity
  8
3
 62
     7
100
AcDbText
 10
483.4383503457336
 20
467.4569176488955
 30
0.0
 40
4.5
  1
\M+5CAA9\M+5B9A4\M+5CDBC
 41
0.7
100
AcDbText
  0
LWPOLYLINE
  5
5E6
330
5DE
100
AcDbEntity
  8
0
  6
Continuous
 62
     0
100
AcDbPolyline
 90
        2
 70
     0
 43
0.35
 10
497.3260566213691
 20
477.0055067874211
 10
497.3260566213691
 20
464.0055067874211
  0
LWPOLYLINE
  5
5E7
330
5DE
100
AcDbEntity
  8
0
  6
Continuous
 62
     0
100
AcDbPolyline
 90
        2
 70
     0
 43
0.35
 10
482.3260566213691
 20
477.0055067874211
 10
482.3260566213691
 20
464.0055067874211
  0
LWPOLYLINE
  5
5E8
330
5DE
100
AcDbEntity
  8
0
  6
Continuous
 62
     0
100
AcDbPolyline
 90
        2
 70
     0
 43
0.35
 10
457.3260566213691
 20
446.0055067874211
 10
457.3260566213691
 20
437.0055067874211
  0
LWPOLYLINE
  5
5E9
330
5DE
100
AcDbEntity
  8
0
100
AcDbPolyline
 90
        2
 70
     0
 43
0.35
 10
442.3260566213691
 20
446.0055067874211
 10
442.3260566213691
 20
437.0055067874211
  0
TEXT
  5
5EA
330
5DE
100
AcDbEntity
  8
0
100
AcDbText
 10
445.8088548951343
 20
439.3352190369735
 30
0.0
 40
3.5
  1
\M+5CDBC \M+5BAC5 
 41
0.7
 51
1.0
100
AcDbText
  0
TEXT
  5
5EB
330
5DE
100
AcDbEntity
  8
0
100
AcDbText
 10
377.9417543177694
 20
457.2733423734555
 30
0.0
 40
3.5
  1
\M+5D0A3 \M+5BACB 
 41
0.7
 51
1.0
100
AcDbText
  0
MTEXT
  5
5EC
330
5DE
100
AcDbEntity
  8
0
100
AcDbMText
 10
381.0608694943336
 20
473.7068296215827
 30
0.0
 40
4.16761607070872
 41
30.14159743860961
 46
0.0
 71
     1
 72
     5
  1
S{\H0.7692x;TATE }G{\H0.7692x;RID}
  7
1-2
 73
     1
 44
1.0
  0
TEXT
  5
5EE
330
5DE
100
AcDbEntity
  8
0
100
AcDbText
 10
381.1837902371278
 20
467.0549226538912
 30
0.0
 40
1.6371
  1
CORPORATION OF CHINA
  7
1-2
100
AcDbText
  0
TEXT
  5
5EF
330
5DE
100
AcDbEntity
  8
0
100
AcDbText
 10
378.0893087716283
 20
448.0777578234358
 30
0.0
 40
3.5
  1
\M+5C9E8 \M+5BCC6 
 41
0.7
 51
1.0
100
AcDbText
  0
LWPOLYLINE
  5
5F0
330
5DE
100
AcDbEntity
  8
0
  6
Continuous
 62
     0
100
AcDbPolyline
 90
        2
 70
     0
 43
0.35
 10
417.3260566213691
 20
477.0055067874211
 10
417.3260566213691
 20
437.0055067874211
  0
LWPOLYLINE
  5
5F1
330
5DE
100
AcDbEntity
  8
0
  6
Continuous
 62
     0
100
AcDbPolyline
 90
        2
 70
     0
 43
0.35
 10
392.3260566213691
 20
464.0055067874211
 10
392.3260566213691
 20
437.0055067874211
  0
INSERT
  5
5F2
330
5DE
100
AcDbEntity
  8
0
 62
     3
100
AcDbBlockReference
  2
logo
 10
-75.31455460937315
 20
377.2560054801851
 30
0.0
  0
TEXT
  5
61E
330
5DE
100
AcDbEntity
  8
0
100
AcDbText
 10
333.0472223742624
 20
457.2595539390829
 30
0.0
 40
3.5
  1
\M+5C5FA \M+5D7BC 
 41
0.7
 51
1.0
100
AcDbText
  0
TEXT
  5
61F
330
5DE
100
AcDbEntity
  8
0
100
AcDbText
 10
332.8724492876742
 20
448.0498468048783
 30
0.0
 40
3.5
  1
\M+5C9F3 \M+5BACB 
 41
0.7
 51
1.0
100
AcDbText
  0
TEXT
  5
620
330
5DE
100
AcDbEntity
  8
0
100
AcDbText
 10
333.491923086404
 20
438.8352271340106
 30
0.0
 40
3.5
  1
\M+5B1C8 \M+5C0FD 
 41
0.7
 51
1.0
100
AcDbText
  0
LWPOLYLINE
  5
621
330
5DE
100
AcDbEntity
  8
0
  6
Continuous
 62
     0
100
AcDbPolyline
 90
        2
 70
     0
 43
0.35
 10
347.3260566213691
 20
464.0055067874211
 10
347.3260566213691
 20
437.0055067874211
  0
LWPOLYLINE
  5
622
330
5DE
100
AcDbEntity
  8
0
  6
Continuous
 62
     0
100
AcDbPolyline
 90
        2
 70
     0
 43
0.35
 10
372.3260566213691
 20
464.0055067874211
 10
372.3260566213691
 20
437.0055067874211
  0
TEXT
  5
623
330
5DE
100
AcDbEntity
  8
0
100
AcDbText
 10
328.9182464881875
 20
468.701101678193
 30
0.0
 40
3.775
  1
 \M+5B9FA\M+5BCD2\M+5B5E7\M+5CDF8\M+5B9AB\M+5CBBE
  7
1-1
100
AcDbText
  0
LWPOLYLINE
  5
625
330
5DE
100
AcDbEntity
  8
0
  6
Continuous
 62
     0
100
AcDbPolyline
 90
        2
 70
     0
 43
0.35
 10
327.3260566213691
 20
455.0055067874211
 10
417.3260566213691
 20
455.0055067874211
  0
TEXT
  5
626
330
5DE
100
AcDbEntity
  8
0
100
AcDbText
 10
375.6940811398178
 20
439.3090471225102
 30
0.0
 40
3.5
  1
CAD\M+5D6C6\M+5CDBC  
 41
0.7
 51
1.0
100
AcDbText
  0
LWPOLYLINE
  5
627
330
5DE
100
AcDbEntity
  8
0
  6
Continuous
 62
     0
100
AcDbPolyline
 90
        2
 70
     0
 43
0.35
 10
327.3260566213691
 20
446.0055067874211
 10
507.3260566213691
 20
446.0055067874211
  0
LWPOLYLINE
  5
628
330
5DE
100
AcDbEntity
  8
0
  6
Continuous
 62
     0
100
AcDbPolyline
 90
        2
 70
     0
 43
0.35
 10
327.3260566213691
 20
464.0055067874211
 10
507.3260566213691
 20
464.0055067874211
  0
LWPOLYLINE
  5
629
330
5DE
100
AcDbEntity
  8
0
  6
Continuous
 62
     0
100
AcDbPolyline
 90
        4
 70
     1
 43
0.7
 10
327.3260566213691
 20
477.0055067874211
 10
507.3260566213691
 20
477.0055067874211
 10
507.3260566213691
 20
437.0055067874211
 10
327.3260566213691
 20
437.0055067874211
  0
ENDBLK
  5
62A
330
5DE
100
AcDbEntity
  8
0
 62
     0
100
AcDbBlockEnd
  0
BLOCK
  5
5D0
330
5CF
100
AcDbEntity
  8
0
100
AcDbBlockBegin
  2
GWTKA2
 70
     0
 10
0.0
 20
0.0
 30
0.0
  3
GWTKA2
  1

  0
INSERT
  5
5D1
330
5CF
100
AcDbEntity
  8
0
 62
     0
100
AcDbBlockReference
  2
$TD_AUDIT_GENERATED_(5D2)
 10
23675.20413245491
 20
-9813.433895560807
 30
0.0
  0
INSERT
  5
5DD
330
5CF
100
AcDbEntity
  8
0
 62
     0
100
AcDbBlockReference
  2
$TD_AUDIT_GENERATED_(5DE)
 10
22823.90083315054
 20
-10192.88120812859
 30
0.0
  0
ENDBLK
  5
62C
330
5CF
100
AcDbEntity
  8
0
100
AcDbBlockEnd
  0
BLOCK
  5
72A
330
729
100
AcDbEntity
  8
0
100
AcDbBlockBegin
  2
M16X61
 70
     0
 10
0.0
 20
0.0
 30
0.0
  3
M16X61
  1

  0
CIRCLE
  5
72B
330
729
100
AcDbEntity
  8
0
100
AcDbCircle
 10
0.0
 20
0.0
 30
0.0
 40
0.2000000029802322
  0
LINE
  5
72C
330
729
100
AcDbEntity
  8
0
100
AcDbLine
 10
-0.1414200067520142
 20
-0.1414200067520142
 30
0.0
 11
0.1414200067520142
 21
0.1414200067520142
 31
0.0
  0
ARC
  5
72D
330
729
100
AcDbEntity
  8
0
100
AcDbCircle
 10
0.0
 20
0.0
 30
0.0
 40
0.0399996193615898
100
AcDbArc
 50
225.0000000000001
 51
45.00000000000005
  0
ARC
  5
72E
330
729
100
AcDbEntity
  8
0
100
AcDbCircle
 10
0.0
 20
0.0
 30
0.0
 40
0.0799992387231797
100
AcDbArc
 50
225.0000000000001
 51
45.00000000000005
  0
ARC
  5
72F
330
729
100
AcDbEntity
  8
0
100
AcDbCircle
 10
0.0
 20
0.0
 30
0.0
 40
0.1199988633531256
100
AcDbArc
 50
225.0000000000001
 51
45.00000000000005
  0
ARC
  5
730
330
729
100
AcDbEntity
  8
0
100
AcDbCircle
 10
0.0
 20
0.0
 30
0.0
 40
0.1599984774463594
100
AcDbArc
 50
225.0000000000001
 51
45.00000000000005
  0
ENDBLK
  5
731
330
729
100
AcDbEntity
  8
0
100
AcDbBlockEnd
  0
BLOCK
  5
277
330
276
100
AcDbEntity
  8
0
100
AcDbBlockBegin
  2
*D9
 70
     1
 10
0.0
 20
0.0
 30
0.0
  3
*D9
  1

  0
LINE
  5
278
330
276
100
AcDbEntity
  8
0
 62
     1
370
    -2
100
AcDbLine
 10
34395.34450791712
 20
-8030.860879353422
 30
0.0
 11
34395.34450791712
 21
-8027.662706919564
 31
0.0
  0
LINE
  5
279
330
276
100
AcDbEntity
  8
0
 62
     1
370
    -2
100
AcDbLine
 10
34383.32450791711
 20
-8030.860879353422
 30
0.0
 11
34383.32450791711
 21
-8027.662706919564
 31
0.0
  0
LINE
  5
27A
330
276
100
AcDbEntity
  8
0
 62
     1
370
    -2
100
AcDbLine
 10
34395.34450791712
 20
-8029.662706919564
 30
0.0
 11
34383.32450791711
 21
-8029.662706919564
 31
0.0
  0
INSERT
  5
27B
330
276
100
AcDbEntity
  8
0
 62
     1
370
    -2
100
AcDbBlockReference
  2
_Oblique
 10
34395.34450791712
 20
-8029.662706919564
 30
0.0
  0
INSERT
  5
27C
330
276
100
AcDbEntity
  8
0
 62
     1
370
    -2
100
AcDbBlockReference
  2
_Oblique
 10
34383.32450791711
 20
-8029.662706919564
 30
0.0
 50
180.0
  0
MTEXT
  5
27D
330
276
100
AcDbEntity
  8
0
 62
     7
100
AcDbMText
 10
34389.33450791711
 20
-8027.412706919564
 30
0.0
 40
2.5
 41
0.0
 46
0.0
 71
     5
 72
     1
  1
\A1;1202
  7
DXT
 73
     1
 44
1.0
  0
POINT
  5
27E
330
276
100
AcDbEntity
  8
Defpoints
 62
     0
100
AcDbPoint
 10
34395.34450791712
 20
-8032.860879353422
 30
0.0
  0
POINT
  5
282
330
276
100
AcDbEntity
  8
Defpoints
 62
     0
100
AcDbPoint
 10
34383.32450791711
 20
-8032.860879353422
 30
0.0
  0
POINT
  5
283
330
276
100
AcDbEntity
  8
Defpoints
 62
     0
100
AcDbPoint
 10
34383.32450791711
 20
-8029.662706919564
 30
0.0
  0
ENDBLK
  5
284
330
276
100
AcDbEntity
  8
0
100
AcDbBlockEnd
  0
BLOCK
  5
287
330
286
100
AcDbEntity
  8
0
100
AcDbBlockBegin
  2
*D10
 70
     1
 10
0.0
 20
0.0
 30
0.0
  3
*D10
  1

  0
LINE
  5
288
330
286
100
AcDbEntity
  8
0
 62
     1
370
    -2
100
AcDbLine
 10
34382.76450791711
 20
-8042.880459353422
 30
0.0
 11
34382.76450791711
 21
-8047.53131568525
 31
0.0
  0
LINE
  5
289
330
286
100
AcDbEntity
  8
0
 62
     1
370
    -2
100
AcDbLine
 10
34395.90450791711
 20
-8042.880459353422
 30
0.0
 11
34395.90450791711
 21
-8047.53131568525
 31
0.0
  0
LINE
  5
28A
330
286
100
AcDbEntity
  8
0
 62
     1
370
    -2
100
AcDbLine
 10
34382.76450791711
 20
-8045.53131568525
 30
0.0
 11
34395.90450791711
 21
-8045.53131568525
 31
0.0
  0
INSERT
  5
28B
330
286
100
AcDbEntity
  8
0
 62
     1
370
    -2
100
AcDbBlockReference
  2
_Oblique
 10
34382.76450791711
 20
-8045.53131568525
 30
0.0
 50
180.0
  0
INSERT
  5
28C
330
286
100
AcDbEntity
  8
0
 62
     1
370
    -2
100
AcDbBlockReference
  2
_Oblique
 10
34395.90450791711
 20
-8045.53131568525
 30
0.0
  0
MTEXT
  5
28D
330
286
100
AcDbEntity
  8
0
 62
     7
100
AcDbMText
 10
34389.33450791711
 20
-8043.28131568525
 30
0.0
 40
2.5
 41
0.0
 46
0.0
 71
     5
 72
     1
  1
\A1;1314
  7
DXT
 73
     1
 44
1.0
  0
POINT
  5
28E
330
286
100
AcDbEntity
  8
Defpoints
 62
     0
100
AcDbPoint
 10
34382.76450791711
 20
-8040.880459353422
 30
0.0
  0
POINT
  5
28F
330
286
100
AcDbEntity
  8
Defpoints
 62
     0
100
AcDbPoint
 10
34395.90450791711
 20
-8040.880459353422
 30
0.0
  0
POINT
  5
290
330
286
100
AcDbEntity
  8
Defpoints
 62
     0
100
AcDbPoint
 10
34395.90450791711
 20
-8045.53131568525
 30
0.0
  0
ENDBLK
  5
291
330
286
100
AcDbEntity
  8
0
100
AcDbBlockEnd
  0
BLOCK
  5
294
330
293
100
AcDbEntity
  8
0
100
AcDbBlockBegin
  2
*D11
 70
     1
 10
0.0
 20
0.0
 30
0.0
  3
*D11
  1

  0
LINE
  5
295
330
293
100
AcDbEntity
  8
0
 62
     1
370
    -2
100
AcDbLine
 10
34381.32450791711
 20
-8032.860879353423
 30
0.0
 11
34377.48774812574
 21
-8032.860879353423
 31
0.0
  0
LINE
  5
296
330
293
100
AcDbEntity
  8
0
 62
     1
370
    -2
100
AcDbLine
 10
34380.76450767066
 20
-8040.880459353423
 30
0.0
 11
34377.48774812574
 21
-8040.880459353423
 31
0.0
  0
LINE
  5
297
330
293
100
AcDbEntity
  8
0
 62
     1
370
    -2
100
AcDbLine
 10
34379.48774812574
 20
-8032.860879353423
 30
0.0
 11
34379.48774812574
 21
-8040.880459353423
 31
0.0
  0
INSERT
  5
298
330
293
100
AcDbEntity
  8
0
 62
     1
370
    -2
100
AcDbBlockReference
  2
_Oblique
 10
34379.48774812574
 20
-8032.860879353423
 30
0.0
 50
90.0
  0
INSERT
  5
299
330
293
100
AcDbEntity
  8
0
 62
     1
370
    -2
100
AcDbBlockReference
  2
_Oblique
 10
34379.48774812574
 20
-8040.880459353423
 30
0.0
 50
270.0
  0
MTEXT
  5
29A
330
293
100
AcDbEntity
  8
0
 62
     7
100
AcDbMText
 10
34377.23774812574
 20
-8036.870669353418
 30
0.0
 40
2.5
 41
0.0
 46
0.0
 71
     5
 72
     1
  1
\A1;800
  7
DXT
 11
6.123031769111886E-17
 21
1.0
 31
0.0
 73
     1
 44
1.0
  0
POINT
  5
29B
330
293
100
AcDbEntity
  8
Defpoints
 62
     0
100
AcDbPoint
 10
34383.32450791711
 20
-8032.860879353423
 30
0.0
  0
POINT
  5
29C
330
293
100
AcDbEntity
  8
Defpoints
 62
     0
100
AcDbPoint
 10
34382.76450767066
 20
-8040.880459353423
 30
0.0
  0
POINT
  5
29D
330
293
100
AcDbEntity
  8
Defpoints
 62
     0
100
AcDbPoint
 10
34379.48774812574
 20
-8040.880459353423
 30
0.0
  0
ENDBLK
  5
29E
330
293
100
AcDbEntity
  8
0
100
AcDbBlockEnd
  0
BLOCK
  5
2A1
330
2A0
100
AcDbEntity
  8
0
100
AcDbBlockBegin
  2
*D12
 70
     1
 10
0.0
 20
0.0
 30
0.0
  3
*D12
  1

  0
LINE
  5
2A2
330
2A0
100
AcDbEntity
  8
0
 62
     1
370
    -2
100
AcDbLine
 10
34389.33450791711
 20
-8047.53131568525
 30
0.0
 11
34389.33450791711
 21
-8052.314698648304
 31
0.0
  0
LINE
  5
2A3
330
2A0
100
AcDbEntity
  8
0
 62
     1
370
    -2
100
AcDbLine
 10
34411.76930791711
 20
-8042.591679353422
 30
0.0
 11
34411.76930791711
 21
-8052.314698648304
 31
0.0
  0
LINE
  5
2A4
330
2A0
100
AcDbEntity
  8
0
 62
     1
370
    -2
100
AcDbLine
 10
34389.33450791711
 20
-8050.314698648304
 30
0.0
 11
34411.76930791711
 21
-8050.314698648304
 31
0.0
  0
INSERT
  5
2A5
330
2A0
100
AcDbEntity
  8
0
 62
     1
370
    -2
100
AcDbBlockReference
  2
_Oblique
 10
34389.33450791711
 20
-8050.314698648304
 30
0.0
 50
180.0
  0
INSERT
  5
2A6
330
2A0
100
AcDbEntity
  8
0
 62
     1
370
    -2
100
AcDbBlockReference
  2
_Oblique
 10
34411.76930791711
 20
-8050.314698648304
 30
0.0
  0
MTEXT
  5
2A7
330
2A0
100
AcDbEntity
  8
0
 62
     7
100
AcDbMText
 10
34400.55190791711
 20
-8048.064698648304
 30
0.0
 40
2.5
 41
0.0
 46
0.0
 71
     5
 72
     1
  1
\A1;2200
  7
DXT
 73
     1
 44
1.0
  0
POINT
  5
2A8
330
2A0
100
AcDbEntity
  8
Defpoints
 62
     0
100
AcDbPoint
 10
34389.33450791711
 20
-8045.53131568525
 30
0.0
  0
POINT
  5
2A9
330
2A0
100
AcDbEntity
  8
Defpoints
 62
     0
100
AcDbPoint
 10
34411.76930791711
 20
-8040.591679353422
 30
0.0
  0
POINT
  5
2AA
330
2A0
100
AcDbEntity
  8
Defpoints
 62
     0
100
AcDbPoint
 10
34411.76930791711
 20
-8050.314698648304
 30
0.0
  0
ENDBLK
  5
2AB
330
2A0
100
AcDbEntity
  8
0
100
AcDbBlockEnd
  0
BLOCK
  5
2B6
330
2B5
100
AcDbEntity
  8
0
100
AcDbBlockBegin
  2
*D13
 70
     1
 10
0.0
 20
0.0
 30
0.0
  3
*D13
  1

  0
LINE
  5
2B7
330
2B5
100
AcDbEntity
  8
0
 62
     1
370
    -2
100
AcDbLine
 10
34532.51210184697
 20
-8070.346595118674
 30
0.0
 11
34531.62538030846
 21
-8069.929229092301
 31
0.0
  0
LINE
  5
2B8
330
2B5
100
AcDbEntity
  8
0
 62
     1
370
    -2
100
AcDbLine
 10
34531.83077561284
 20
-8071.794117457283
 30
0.0
 11
34530.94405407433
 21
-8071.376751430911
 31
0.0
  0
LINE
  5
2B9
330
2B5
100
AcDbEntity
  8
0
 62
     1
370
    -2
100
AcDbLine
 10
34533.43495063953
 20
-8070.780965681209
 30
0.0
 11
34533.86081893399
 21
-8069.87618051567
 31
0.0
  0
LINE
  5
2BA
330
2B5
100
AcDbEntity
  8
0
 62
     1
370
    -2
100
AcDbLine
 10
34532.75362440541
 20
-8072.228488019819
 30
0.0
 11
34532.32775611096
 21
-8073.133273185357
 31
0.0
  0
MTEXT
  5
2BB
330
2B5
100
AcDbEntity
  8
0
 62
     7
100
AcDbMText
 10
34530.11317742581
 20
-8073.56694178671
 30
0.0
 40
2.5
 41
0.0
 46
0.0
 71
     5
 72
     1
  1
\A1;32
  7
DXT
 11
0.4258682944536418
 21
0.90478516553884
 31
0.0
 73
     1
 44
1.0
  0
LINE
  5
2BC
330
2B5
100
AcDbEntity
  8
0
 62
     1
370
    -2
100
AcDbLine
 10
34533.43495063953
 20
-8070.780965681209
 30
0.0
 11
34532.75362440541
 21
-8072.228488019819
 31
0.0
  0
INSERT
  5
2BD
330
2B5
100
AcDbEntity
  8
0
 62
     1
370
    -2
100
AcDbBlockReference
  2
_Oblique
 10
34533.43495063953
 20
-8070.780965681209
 30
0.0
 50
244.7943639970767
  0
INSERT
  5
2BE
330
2B5
100
AcDbEntity
  8
0
 62
     1
370
    -2
100
AcDbBlockReference
  2
_Oblique
 10
34532.75362440541
 20
-8072.228488019819
 30
0.0
 50
64.79436399707667
  0
POINT
  5
2BF
330
2B5
100
AcDbEntity
  8
Defpoints
 62
     0
100
AcDbPoint
 10
34534.32167217804
 20
-8071.198331707581
 30
0.0
  0
POINT
  5
2C0
330
2B5
100
AcDbEntity
  8
Defpoints
 62
     0
100
AcDbPoint
 10
34533.64034594392
 20
-8072.645854046191
 30
0.0
  0
POINT
  5
2C1
330
2B5
100
AcDbEntity
  8
Defpoints
 62
     0
100
AcDbPoint
 10
34532.75362440541
 20
-8072.228488019819
 30
0.0
  0
ENDBLK
  5
2C2
330
2B5
100
AcDbEntity
  8
0
100
AcDbBlockEnd
  0
BLOCK
  5
2C5
330
2C4
100
AcDbEntity
  8
0
100
AcDbBlockBegin
  2
*D14
 70
     1
 10
0.0
 20
0.0
 30
0.0
  3
*D14
  1

  0
LINE
  5
2C6
330
2C4
100
AcDbEntity
  8
0
 62
     1
370
    -2
100
AcDbLine
 10
34564.5734318266
 20
-8025.703592304561
 30
0.0
 11
34563.89466292409
 21
-8024.996667793873
 31
0.0
  0
LINE
  5
2C7
330
2C4
100
AcDbEntity
  8
0
 62
     1
370
    -2
100
AcDbLine
 10
34565.72744577179
 20
-8024.595540783903
 30
0.0
 11
34565.04867686927
 21
-8023.888616273215
 31
0.0
  0
LINE
  5
2C8
330
2C4
100
AcDbEntity
  8
0
 62
     1
370
    -2
100
AcDbLine
 10
34565.27985547248
 20
-8026.439318688537
 30
0.0
 11
34564.55853002515
 21
-8027.131914962734
 31
0.0
  0
LINE
  5
2C9
330
2C4
100
AcDbEntity
  8
0
 62
     1
370
    -2
100
AcDbLine
 10
34566.43386941766
 20
-8025.33126716788
 30
0.0
 11
34567.155194865
 21
-8024.638670893683
 31
0.0
  0
MTEXT
  5
2CA
330
2C4
100
AcDbEntity
  8
0
 62
     7
100
AcDbMText
 10
34566.85866699663
 20
-8022.401597262406
 30
0.0
 40
2.5
 41
0.0
 46
0.0
 71
     5
 72
     1
  1
\A1;32
  7
DXT
 11
0.721325447332292
 21
0.6925962741964967
 31
0.0
 73
     1
 44
1.0
  0
LINE
  5
2CB
330
2C4
100
AcDbEntity
  8
0
 62
     1
370
    -2
100
AcDbLine
 10
34565.27985547248
 20
-8026.439318688537
 30
0.0
 11
34566.43386941766
 21
-8025.33126716788
 31
0.0
  0
INSERT
  5
2CC
330
2C4
100
AcDbEntity
  8
0
 62
     1
370
    -2
100
AcDbBlockReference
  2
_Oblique
 10
34565.27985547248
 20
-8026.439318688537
 30
0.0
 50
43.83597947920882
  0
INSERT
  5
2CD
330
2C4
100
AcDbEntity
  8
0
 62
     1
370
    -2
100
AcDbBlockReference
  2
_Oblique
 10
34566.43386941766
 20
-8025.33126716788
 30
0.0
 50
223.8359794792088
  0
POINT
  5
2CE
330
2C4
100
AcDbEntity
  8
Defpoints
 62
     0
100
AcDbPoint
 10
34565.958624375
 20
-8027.146243199225
 30
0.0
  0
POINT
  5
2CF
330
2C4
100
AcDbEntity
  8
Defpoints
 62
     0
100
AcDbPoint
 10
34567.11263832018
 20
-8026.038191678567
 30
0.0
  0
POINT
  5
2D0
330
2C4
100
AcDbEntity
  8
Defpoints
 62
     0
100
AcDbPoint
 10
34566.43386941766
 20
-8025.33126716788
 30
0.0
  0
ENDBLK
  5
2D1
330
2C4
100
AcDbEntity
  8
0
100
AcDbBlockEnd
  0
BLOCK
  5
2DC
330
2DB
100
AcDbEntity
  8
0
100
AcDbBlockBegin
  2
*D15
 70
     1
 10
0.0
 20
0.0
 30
0.0
  3
*D15
  1

  0
LINE
  5
2DD
330
2DB
100
AcDbEntity
  8
0
 62
     1
370
    -2
100
AcDbLine
 10
34566.4659341165
 20
-8182.894058468092
 30
0.0
 11
34566.59865072393
 21
-8190.181627602983
 31
0.0
  0
LINE
  5
2DE
330
2DB
100
AcDbEntity
  8
0
 62
     1
370
    -2
100
AcDbLine
 10
34578.46393411648
 20
-8182.675558468091
 30
0.0
 11
34578.59665072392
 21
-8189.963127602982
 31
0.0
  0
LINE
  5
2DF
330
2DB
100
AcDbEntity
  8
0
 62
     1
370
    -2
100
AcDbLine
 10
34566.56223402517
 20
-8188.181959174455
 30
0.0
 11
34578.56023402517
 21
-8187.963459174454
 31
0.0
  0
INSERT
  5
2E0
330
2DB
100
AcDbEntity
  8
0
 62
     1
370
    -2
100
AcDbBlockReference
  2
_Oblique
 10
34566.56223402517
 20
-8188.181959174455
 30
0.0
 50
181.0433192276189
  0
INSERT
  5
2E1
330
2DB
100
AcDbEntity
  8
0
 62
     1
370
    -2
100
AcDbBlockReference
  2
_Oblique
 10
34578.56023402517
 20
-8187.963459174454
 30
0.0
 50
1.043319227618907
  0
MTEXT
  5
2E2
330
2DB
100
AcDbEntity
  8
0
 62
     7
100
AcDbMText
 10
34572.52026523907
 20
-8185.823082192361
 30
0.0
 40
2.5
 41
0.0
 46
0.0
 71
     5
 72
     1
  1
\A1;80X3
  7
DXT
 11
0.9998342142640387
 21
0.01820834937638137
 31
0.0
 73
     1
 44
1.0
  0
POINT
  5
2E3
330
2DB
100
AcDbEntity
  8
Defpoints
 62
     0
100
AcDbPoint
 10
34566.42951741774
 20
-8180.894390039563
 30
0.0
  0
POINT
  5
2E4
330
2DB
100
AcDbEntity
  8
Defpoints
 62
     0
100
AcDbPoint
 10
34578.42751741773
 20
-8180.675890039563
 30
0.0
  0
POINT
  5
2E5
330
2DB
100
AcDbEntity
  8
Defpoints
 62
     0
100
AcDbPoint
 10
34578.56023402517
 20
-8187.963459174454
 30
0.0
  0
ENDBLK
  5
2E6
330
2DB
100
AcDbEntity
  8
0
100
AcDbBlockEnd
  0
BLOCK
  5
2F8
330
2F7
100
AcDbEntity
  8
0
100
AcDbBlockBegin
  2
*D16
 70
     1
 10
0.0
 20
0.0
 30
0.0
  3
*D16
  1

  0
LINE
  5
2F9
330
2F7
100
AcDbEntity
  8
0
 62
     1
370
    -2
100
AcDbLine
 10
34498.81057039098
 20
-8142.946733294829
 30
0.0
 11
34501.12145117101
 21
-8138.035822146318
 31
0.0
  0
LINE
  5
2FA
330
2F7
100
AcDbEntity
  8
0
 62
     1
370
    -2
100
AcDbLine
 10
34497.22706984427
 20
-8142.20160049403
 30
0.0
 11
34499.53795062429
 21
-8137.290689345519
 31
0.0
  0
LINE
  5
2FB
330
2F7
100
AcDbEntity
  8
0
 62
     1
370
    -2
100
AcDbLine
 10
34500.26989819776
 20
-8139.845478891052
 30
0.0
 11
34501.17472657013
 21
-8140.271255377674
 31
0.0
  0
LINE
  5
2FC
330
2F7
100
AcDbEntity
  8
0
 62
     1
370
    -2
100
AcDbLine
 10
34498.68639765105
 20
-8139.100346090253
 30
0.0
 11
34497.78156927869
 21
-8138.674569603631
 31
0.0
  0
LINE
  5
2FD
330
2F7
100
AcDbEntity
  8
0
 62
     1
370
    -2
100
AcDbLine
 10
34500.26989819776
 20
-8139.845478891052
 30
0.0
 11
34498.68639765105
 21
-8139.100346090253
 31
0.0
  0
INSERT
  5
2FE
330
2F7
100
AcDbEntity
  8
0
 62
     1
370
    -2
100
AcDbBlockReference
  2
_Oblique
 10
34500.26989819776
 20
-8139.845478891052
 30
0.0
 50
154.8001776154904
  0
INSERT
  5
2FF
330
2F7
100
AcDbEntity
  8
0
 62
     1
370
    -2
100
AcDbBlockReference
  2
_Oblique
 10
34498.68639765105
 20
-8139.100346090253
 30
0.0
 50
334.8001776154904
  0
MTEXT
  5
300
330
2F7
100
AcDbEntity
  8
0
 62
     7
100
AcDbMText
 10
34500.43614501931
 20
-8137.437048652829
 30
0.0
 40
2.5
 41
0.0
 46
0.0
 71
     5
 72
     1
  1
\A1;35
  7
DXT
 11
0.9048283723668779
 21
-0.4257764866216859
 31
0.0
 73
     1
 44
1.0
  0
POINT
  5
301
330
2F7
100
AcDbEntity
  8
Defpoints
 62
     0
100
AcDbPoint
 10
34497.95901741774
 20
-8144.756390039563
 30
0.0
  0
POINT
  5
302
330
2F7
100
AcDbEntity
  8
Defpoints
 62
     0
100
AcDbPoint
 10
34496.37551687102
 20
-8144.011257238763
 30
0.0
  0
POINT
  5
303
330
2F7
100
AcDbEntity
  8
Defpoints
 62
     0
100
AcDbPoint
 10
34498.68639765105
 20
-8139.100346090253
 30
0.0
  0
ENDBLK
  5
304
330
2F7
100
AcDbEntity
  8
0
100
AcDbBlockEnd
  0
BLOCK
  5
307
330
306
100
AcDbEntity
  8
0
100
AcDbBlockBegin
  2
*D17
 70
     1
 10
0.0
 20
0.0
 30
0.0
  3
*D17
  1

  0
LINE
  5
308
330
306
100
AcDbEntity
  8
0
 62
     1
370
    -2
100
AcDbLine
 10
34544.85122699604
 20
-8166.827744881472
 30
0.0
 11
34543.49871348039
 21
-8166.191137821504
 31
0.0
  0
LINE
  5
309
330
306
100
AcDbEntity
  8
0
 62
     1
370
    -2
100
AcDbLine
 10
34545.53261192099
 20
-8165.380097850355
 30
0.0
 11
34544.18009840534
 21
-8164.743490790387
 31
0.0
  0
LINE
  5
30A
330
306
100
AcDbEntity
  8
0
 62
     1
370
    -2
100
AcDbLine
 10
34545.30828381147
 20
-8167.04287441041
 30
0.0
 11
34544.88241551702
 21
-8167.947659575949
 31
0.0
  0
LINE
  5
30B
330
306
100
AcDbEntity
  8
0
 62
     1
370
    -2
100
AcDbLine
 10
34545.98966873641
 20
-8165.595227379294
 30
0.0
 11
34546.41553703087
 21
-8164.690442213755
 31
0.0
  0
MTEXT
  5
30C
330
306
100
AcDbEntity
  8
0
 62
     7
100
AcDbMText
 10
34544.37579127618
 20
-8162.527682648601
 30
0.0
 40
2.5
 41
0.0
 46
0.0
 71
     5
 72
     1
  1
\A1;32
  7
DXT
 11
0.4258682944532561
 21
0.9047851655390217
 31
0.0
 73
     1
 44
1.0
  0
LINE
  5
30D
330
306
100
AcDbEntity
  8
0
 62
     1
370
    -2
100
AcDbLine
 10
34545.30828381147
 20
-8167.04287441041
 30
0.0
 11
34545.98966873641
 21
-8165.595227379294
 31
0.0
  0
INSERT
  5
30E
330
306
100
AcDbEntity
  8
0
 62
     1
370
    -2
100
AcDbBlockReference
  2
_Oblique
 10
34545.30828381147
 20
-8167.04287441041
 30
0.0
 50
64.79436399710112
  0
INSERT
  5
30F
330
306
100
AcDbEntity
  8
0
 62
     1
370
    -2
100
AcDbBlockReference
  2
_Oblique
 10
34545.98966873641
 20
-8165.595227379294
 30
0.0
 50
244.7943639971011
  0
POINT
  5
310
330
306
100
AcDbEntity
  8
Defpoints
 62
     0
100
AcDbPoint
 10
34546.66079732713
 20
-8167.679481470378
 30
0.0
  0
POINT
  5
311
330
306
100
AcDbEntity
  8
Defpoints
 62
     0
100
AcDbPoint
 10
34547.34218225207
 20
-8166.231834439262
 30
0.0
  0
POINT
  5
312
330
306
100
AcDbEntity
  8
Defpoints
 62
     0
100
AcDbPoint
 10
34545.98966873641
 20
-8165.595227379294
 30
0.0
  0
ENDBLK
  5
313
330
306
100
AcDbEntity
  8
0
100
AcDbBlockEnd
  0
BLOCK
  5
319
330
318
100
AcDbEntity
  8
0
100
AcDbBlockBegin
  2
*D18
 70
     1
 10
0.0
 20
0.0
 30
0.0
  3
*D18
  1

  0
LINE
  5
31A
330
318
100
AcDbEntity
  8
0
 62
     1
370
    -2
100
AcDbLine
 10
34493.73483371363
 20
-8162.585202257455
 30
0.0
 11
34493.72520948913
 21
-8162.447376546826
 31
0.0
  0
LINE
  5
31B
330
318
100
AcDbEntity
  8
0
 62
     1
370
    -2
100
AcDbLine
 10
34496.47815423793
 20
-8162.393639068862
 30
0.0
 11
34496.46853001343
 21
-8162.255813358233
 31
0.0
  0
LINE
  5
31C
330
318
100
AcDbEntity
  8
0
 62
     1
370
    -2
100
AcDbLine
 10
34493.86452813532
 20
-8164.442518224709
 30
0.0
 11
34496.60784865963
 21
-8164.250955036116
 31
0.0
  0
MTEXT
  5
31D
330
318
100
AcDbEntity
  8
0
 62
     7
100
AcDbMText
 10
34498.28215907546
 20
-8162.339030075981
 30
0.0
 40
2.5
 41
0.0
 46
0.0
 71
     5
 72
     1
  1
\A1;55
  7
DXT
 11
0.997570838941254
 21
0.06965932309492122
 31
0.0
 73
     1
 44
1.0
  0
INSERT
  5
31E
330
318
100
AcDbEntity
  8
0
 62
     1
370
    -2
100
AcDbBlockReference
  2
_Oblique
 10
34493.86452813532
 20
-8164.442518224709
 30
0.0
 50
183.9944201044229
  0
INSERT
  5
31F
330
318
100
AcDbEntity
  8
0
 62
     1
370
    -2
100
AcDbBlockReference
  2
_Oblique
 10
34496.60784865963
 20
-8164.250955036116
 30
0.0
 50
3.994420104422935
  0
POINT
  5
320
330
318
100
AcDbEntity
  8
Defpoints
 62
     0
100
AcDbPoint
 10
34493.87415235982
 20
-8164.580343935338
 30
0.0
  0
POINT
  5
321
330
318
100
AcDbEntity
  8
Defpoints
 62
     0
100
AcDbPoint
 10
34496.61747288412
 20
-8164.388780746744
 30
0.0
  0
POINT
  5
322
330
318
100
AcDbEntity
  8
Defpoints
 62
     0
100
AcDbPoint
 10
34496.60784865963
 20
-8164.250955036116
 30
0.0
  0
ENDBLK
  5
323
330
318
100
AcDbEntity
  8
0
100
AcDbBlockEnd
  0
BLOCK
  5
328
330
327
100
AcDbEntity
  8
0
100
AcDbBlockBegin
  2
*D19
 70
     1
 10
0.0
 20
0.0
 30
0.0
  3
*D19
  1

  0
LINE
  5
329
330
327
100
AcDbEntity
  8
0
 62
     1
370
    -2
100
AcDbLine
 10
34548.03131136301
 20
-8181.229415275259
 30
0.0
 11
34548.03130961996
 21
-8181.229415306988
 31
0.0
  0
LINE
  5
32A
330
327
100
AcDbEntity
  8
0
 62
     1
370
    -2
100
AcDbLine
 10
34548.06043112913
 20
-8182.829172996181
 30
0.0
 11
34548.06042938607
 21
-8182.829173027909
 31
0.0
  0
LINE
  5
32B
330
327
100
AcDbEntity
  8
0
 62
     1
370
    -2
100
AcDbLine
 10
34550.03097836725
 20
-8181.19301611637
 30
0.0
 11
34550.01277877194
 21
-8180.19318174272
 31
0.0
  0
LINE
  5
32C
330
327
100
AcDbEntity
  8
0
 62
     1
370
    -2
100
AcDbLine
 10
34550.06009813337
 20
-8182.792773837292
 30
0.0
 11
34550.07829772868
 21
-8183.792608210941
 31
0.0
  0
MTEXT
  5
32D
330
327
100
AcDbEntity
  8
0
 62
     7
100
AcDbMText
 10
34552.29516559104
 20
-8185.203057005448
 30
0.0
 40
2.5
 41
0.0
 46
0.0
 71
     5
 72
     1
  1
\A1;32
  7
DXT
 11
0.01819959530884982
 21
-0.999834373649253
 31
0.0
 73
     1
 44
1.0
  0
LINE
  5
32E
330
327
100
AcDbEntity
  8
0
 62
     1
370
    -2
100
AcDbLine
 10
34550.03097836725
 20
-8181.19301611637
 30
0.0
 11
34550.06009813337
 21
-8182.792773837292
 31
0.0
  0
INSERT
  5
32F
330
327
100
AcDbEntity
  8
0
 62
     1
370
    -2
100
AcDbBlockReference
  2
_Oblique
 10
34550.03097836725
 20
-8181.19301611637
 30
0.0
 50
271.0428175733687
  0
INSERT
  5
330
330
327
100
AcDbEntity
  8
0
 62
     1
370
    -2
100
AcDbBlockReference
  2
_Oblique
 10
34550.06009813337
 20
-8182.792773837292
 30
0.0
 50
91.04281757336864
  0
POINT
  5
331
330
327
100
AcDbEntity
  8
Defpoints
 62
     0
100
AcDbPoint
 10
34550.03098011032
 20
-8181.193016084641
 30
0.0
  0
POINT
  5
332
330
327
100
AcDbEntity
  8
Defpoints
 62
     0
100
AcDbPoint
 10
34550.06009987643
 20
-8182.792773805563
 30
0.0
  0
POINT
  5
333
330
327
100
AcDbEntity
  8
Defpoints
 62
     0
100
AcDbPoint
 10
34550.06009813337
 20
-8182.792773837292
 30
0.0
  0
ENDBLK
  5
334
330
327
100
AcDbEntity
  8
0
100
AcDbBlockEnd
  0
BLOCK
  5
33D
330
33C
100
AcDbEntity
  8
0
100
AcDbBlockBegin
  2
*D20
 70
     1
 10
0.0
 20
0.0
 30
0.0
  3
*D20
  1

  0
LINE
  5
33E
330
33C
100
AcDbEntity
  8
0
 62
     1
370
    -2
100
AcDbLine
 10
34513.26476948993
 20
-8314.310817744306
 30
0.0
 11
34512.45035935347
 21
-8314.514515336874
 31
0.0
  0
LINE
  5
33F
330
33C
100
AcDbEntity
  8
0
 62
     1
370
    -2
100
AcDbLine
 10
34513.65302479025
 20
-8315.863114205582
 30
0.0
 11
34512.83861465379
 21
-8316.066811798151
 31
0.0
  0
LINE
  5
340
330
33C
100
AcDbEntity
  8
0
 62
     1
370
    -2
100
AcDbLine
 10
34514.39059105616
 20
-8314.02923094616
 30
0.0
 11
34514.1479488608
 21
-8313.059115094815
 31
0.0
  0
LINE
  5
341
330
33C
100
AcDbEntity
  8
0
 62
     1
370
    -2
100
AcDbLine
 10
34514.77884635648
 20
-8315.581527407438
 30
0.0
 11
34515.02148855184
 21
-8316.551643258783
 31
0.0
  0
MTEXT
  5
342
330
33C
100
AcDbEntity
  8
0
 62
     7
100
AcDbMText
 10
34516.90276727404
 20
-8317.176341235416
 30
0.0
 40
2.5
 41
0.0
 46
0.0
 71
     5
 72
     1
  1
\A1;32
  7
DXT
 11
0.2426421953573895
 21
-0.9701158513456763
 31
0.0
 73
     1
 44
1.0
  0
LINE
  5
343
330
33C
100
AcDbEntity
  8
0
 62
     1
370
    -2
100
AcDbLine
 10
34514.39059105616
 20
-8314.02923094616
 30
0.0
 11
34514.77884635648
 21
-8315.581527407438
 31
0.0
  0
INSERT
  5
344
330
33C
100
AcDbEntity
  8
0
 62
     1
370
    -2
100
AcDbBlockReference
  2
_Oblique
 10
34514.39059105616
 20
-8314.02923094616
 30
0.0
 50
284.0425375056324
  0
INSERT
  5
345
330
33C
100
AcDbEntity
  8
0
 62
     1
370
    -2
100
AcDbBlockReference
  2
_Oblique
 10
34514.77884635648
 20
-8315.581527407438
 30
0.0
 50
104.0425375056324
  0
POINT
  5
346
330
33C
100
AcDbEntity
  8
Defpoints
 62
     0
100
AcDbPoint
 10
34515.20500119262
 20
-8313.82553335359
 30
0.0
  0
POINT
  5
347
330
33C
100
AcDbEntity
  8
Defpoints
 62
     0
100
AcDbPoint
 10
34515.59325649294
 20
-8315.377829814868
 30
0.0
  0
POINT
  5
348
330
33C
100
AcDbEntity
  8
Defpoints
 62
     0
100
AcDbPoint
 10
34514.77884635648
 20
-8315.581527407438
 30
0.0
  0
ENDBLK
  5
349
330
33C
100
AcDbEntity
  8
0
100
AcDbBlockEnd
  0
BLOCK
  5
356
330
355
100
AcDbEntity
  8
0
100
AcDbBlockBegin
  2
*D21
 70
     1
 10
0.0
 20
0.0
 30
0.0
  3
*D21
  1

  0
LINE
  5
357
330
355
100
AcDbEntity
  8
0
 62
     1
370
    -2
100
AcDbLine
 10
34573.39012332417
 20
-8282.805095006344
 30
0.0
 11
34573.39012332417
 21
-8283.972197268198
 31
0.0
  0
LINE
  5
358
330
355
100
AcDbEntity
  8
0
 62
     1
370
    -2
100
AcDbLine
 10
34575.79012332419
 20
-8282.805095006344
 30
0.0
 11
34575.79012332419
 21
-8283.972197268198
 31
0.0
  0
LINE
  5
359
330
355
100
AcDbEntity
  8
0
 62
     1
370
    -2
100
AcDbLine
 10
34573.39012332417
 20
-8281.972197268198
 30
0.0
 11
34575.79012332419
 21
-8281.972197268198
 31
0.0
  0
MTEXT
  5
35A
330
355
100
AcDbEntity
  8
0
 62
     7
100
AcDbMText
 10
34580.60784055327
 20
-8281.46924876545
 30
0.0
 40
2.5
 41
0.0
 46
0.0
 71
     5
 72
     1
  1
\A1;48
  7
DXT
 73
     1
 44
1.0
  0
INSERT
  5
35B
330
355
100
AcDbEntity
  8
0
 62
     1
370
    -2
100
AcDbBlockReference
  2
_Oblique
 10
34573.39012332417
 20
-8281.972197268198
 30
0.0
 50
180.0
  0
INSERT
  5
35C
330
355
100
AcDbEntity
  8
0
 62
     1
370
    -2
100
AcDbBlockReference
  2
_Oblique
 10
34575.79012332419
 20
-8281.972197268198
 30
0.0
  0
POINT
  5
35D
330
355
100
AcDbEntity
  8
Defpoints
 62
     0
100
AcDbPoint
 10
34573.39012332417
 20
-8280.805095006344
 30
0.0
  0
POINT
  5
35E
330
355
100
AcDbEntity
  8
Defpoints
 62
     0
100
AcDbPoint
 10
34575.79012332419
 20
-8280.805095006344
 30
0.0
  0
POINT
  5
35F
330
355
100
AcDbEntity
  8
Defpoints
 62
     0
100
AcDbPoint
 10
34575.79012332419
 20
-8281.972197268198
 30
0.0
  0
ENDBLK
  5
360
330
355
100
AcDbEntity
  8
0
100
AcDbBlockEnd
  0
BLOCK
  5
389
330
388
100
AcDbEntity
  8
0
100
AcDbBlockBegin
  2
*D22
 70
     1
 10
0.0
 20
0.0
 30
0.0
  3
*D22
  1

  0
LINE
  5
38A
330
388
100
AcDbEntity
  8
0
 62
     1
370
    -2
100
AcDbLine
 10
34559.0575036437
 20
-8305.029312630739
 30
0.0
 11
34553.4579267332
 21
-8306.429860444534
 31
0.0
  0
LINE
  5
38B
330
388
100
AcDbEntity
  8
0
 62
     1
370
    -2
100
AcDbLine
 10
34558.93618254601
 20
-8304.544254705072
 30
0.0
 11
34553.33660563551
 21
-8305.944802518867
 31
0.0
  0
LINE
  5
38C
330
388
100
AcDbEntity
  8
0
 62
     1
370
    -2
100
AcDbLine
 10
34555.39815843588
 20
-8305.944576053787
 30
0.0
 11
34555.64080063125
 21
-8306.914691905129
 31
0.0
  0
LINE
  5
38D
330
388
100
AcDbEntity
  8
0
 62
     1
370
    -2
100
AcDbLine
 10
34555.27683733819
 20
-8305.45951812812
 30
0.0
 11
34555.03419514282
 21
-8304.489402276778
 31
0.0
  0
MTEXT
  5
38E
330
388
100
AcDbEntity
  8
0
 62
     7
100
AcDbMText
 10
34557.65889388995
 20
-8308.67852200237
 30
0.0
 40
2.5
 41
0.0
 46
0.0
 71
     5
 72
     1
  1
\A1;10
  7
DXT
 11
0.2426421953732693
 21
-0.9701158513417045
 31
0.0
 73
     1
 44
1.0
  0
LINE
  5
38F
330
388
100
AcDbEntity
  8
0
 62
     1
370
    -2
100
AcDbLine
 10
34555.39815843588
 20
-8305.944576053787
 30
0.0
 11
34555.27683733819
 21
-8305.45951812812
 31
0.0
  0
INSERT
  5
390
330
388
100
AcDbEntity
  8
0
 62
     1
370
    -2
100
AcDbBlockReference
  2
_Oblique
 10
34555.39815843588
 20
-8305.944576053787
 30
0.0
 50
104.0425375065703
  0
INSERT
  5
391
330
388
100
AcDbEntity
  8
0
 62
     1
370
    -2
100
AcDbBlockReference
  2
_Oblique
 10
34555.27683733819
 20
-8305.45951812812
 30
0.0
 50
284.0425375065703
  0
POINT
  5
392
330
388
100
AcDbEntity
  8
Defpoints
 62
     0
100
AcDbPoint
 10
34560.99773534638
 20
-8304.544028239992
 30
0.0
  0
POINT
  5
393
330
388
100
AcDbEntity
  8
Defpoints
 62
     0
100
AcDbPoint
 10
34560.87641424869
 20
-8304.058970314325
 30
0.0
  0
POINT
  5
394
330
388
100
AcDbEntity
  8
Defpoints
 62
     0
100
AcDbPoint
 10
34555.27683733819
 20
-8305.45951812812
 30
0.0
  0
ENDBLK
  5
395
330
388
100
AcDbEntity
  8
0
100
AcDbBlockEnd
  0
BLOCK
  5
398
330
397
100
AcDbEntity
  8
0
100
AcDbBlockBegin
  2
*D23
 70
     1
 10
0.0
 20
0.0
 30
0.0
  3
*D23
  1

  0
LINE
  5
399
330
397
100
AcDbEntity
  8
0
 62
     1
370
    -2
100
AcDbLine
 10
34561.66111991969
 20
-8304.378104665999
 30
0.0
 11
34558.92119433217
 21
-8305.06340586868
 31
0.0
  0
LINE
  5
39A
330
397
100
AcDbEntity
  8
0
 62
     1
370
    -2
100
AcDbLine
 10
34562.38904650577
 20
-8307.288452220042
 30
0.0
 11
34559.64912091824
 21
-8307.973753422724
 31
0.0
  0
LINE
  5
39B
330
397
100
AcDbEntity
  8
0
 62
     1
370
    -2
100
AcDbLine
 10
34560.86142603486
 20
-8304.578121477967
 30
0.0
 11
34561.58935262094
 21
-8307.488469032012
 31
0.0
  0
MTEXT
  5
39C
330
397
100
AcDbEntity
  8
0
 62
     7
100
AcDbMText
 10
34563.91644526633
 20
-8309.46057690847
 30
0.0
 40
2.5
 41
0.0
 46
0.0
 71
     5
 72
     1
  1
\A1;60
  7
DXT
 11
0.2426421953562918
 21
-0.9701158513459509
 31
0.0
 73
     1
 44
1.0
  0
INSERT
  5
39D
330
397
100
AcDbEntity
  8
0
 62
     1
370
    -2
100
AcDbBlockReference
  2
_Oblique
 10
34560.86142603486
 20
-8304.578121477967
 30
0.0
 50
104.0425375055676
  0
INSERT
  5
39E
330
397
100
AcDbEntity
  8
0
 62
     1
370
    -2
100
AcDbBlockReference
  2
_Oblique
 10
34561.58935262094
 20
-8307.488469032012
 30
0.0
 50
284.0425375055676
  0
POINT
  5
39F
330
397
100
AcDbEntity
  8
Defpoints
 62
     0
100
AcDbPoint
 10
34563.60135162239
 20
-8303.892820275285
 30
0.0
  0
POINT
  5
3A0
330
397
100
AcDbEntity
  8
Defpoints
 62
     0
100
AcDbPoint
 10
34564.32927820846
 20
-8306.80316782933
 30
0.0
  0
POINT
  5
3A1
330
397
100
AcDbEntity
  8
Defpoints
 62
     0
100
AcDbPoint
 10
34561.58935262094
 20
-8307.488469032012
 30
0.0
  0
ENDBLK
  5
3A2
330
397
100
AcDbEntity
  8
0
100
AcDbBlockEnd
  0
BLOCK
  5
3A6
330
3A5
100
AcDbEntity
  8
0
100
AcDbBlockBegin
  2
*D24
 70
     1
 10
0.0
 20
0.0
 30
0.0
  3
*D24
  1

  0
LINE
  5
3A7
330
3A5
100
AcDbEntity
  8
0
 62
     1
370
    -2
100
AcDbLine
 10
34567.79762739341
 20
-8307.990276990748
 30
0.0
 11
34569.45304908083
 21
-8314.634391761992
 31
0.0
  0
LINE
  5
3A8
330
3A5
100
AcDbEntity
  8
0
 62
     1
370
    -2
100
AcDbLine
 10
34575.09215551901
 20
-8306.172800852177
 30
0.0
 11
34576.74757720644
 21
-8312.816915623422
 31
0.0
  0
LINE
  5
3A9
330
3A5
100
AcDbEntity
  8
0
 62
     1
370
    -2
100
AcDbLine
 10
34568.96951938804
 20
-8312.69372202291
 30
0.0
 11
34576.26404751365
 21
-8310.87624588434
 31
0.0
  0
INSERT
  5
3AA
330
3A5
100
AcDbEntity
  8
0
 62
     1
370
    -2
100
AcDbBlockReference
  2
_Oblique
 10
34568.96951938804
 20
-8312.69372202291
 30
0.0
 50
193.9907264612086
  0
INSERT
  5
3AB
330
3A5
100
AcDbEntity
  8
0
 62
     1
370
    -2
100
AcDbBlockReference
  2
_Oblique
 10
34576.26404751365
 20
-8310.87624588434
 30
0.0
 50
13.99072646120858
  0
MTEXT
  5
3AC
330
3A5
100
AcDbEntity
  8
0
 62
     7
100
AcDbMText
 10
34572.07281254646
 20
-8309.60173049716
 30
0.0
 40
2.5
 41
0.0
 46
0.0
 71
     5
 72
     1
  1
\A1;150
  7
DXT
 11
0.9703348695411087
 21
0.2417648463954999
 31
0.0
 73
     1
 44
1.0
  0
POINT
  5
3AD
330
3A5
100
AcDbEntity
  8
Defpoints
 62
     0
100
AcDbPoint
 10
34567.31409770062
 20
-8306.049607251665
 30
0.0
  0
POINT
  5
3AE
330
3A5
100
AcDbEntity
  8
Defpoints
 62
     0
100
AcDbPoint
 10
34574.60862582622
 20
-8304.232131113095
 30
0.0
  0
POINT
  5
3AF
330
3A5
100
AcDbEntity
  8
Defpoints
 62
     0
100
AcDbPoint
 10
34576.26404751365
 20
-8310.87624588434
 30
0.0
  0
ENDBLK
  5
3B0
330
3A5
100
AcDbEntity
  8
0
100
AcDbBlockEnd
  0
BLOCK
  5
3B3
330
3B2
100
AcDbEntity
  8
0
100
AcDbBlockBegin
  2
*D25
 70
     1
 10
0.0
 20
0.0
 30
0.0
  3
*D25
  1

  0
LINE
  5
3B4
330
3B2
100
AcDbEntity
  8
0
 62
     1
370
    -2
100
AcDbLine
 10
34582.38668364463
 20
-8304.355324713579
 30
0.0
 11
34584.04210533206
 21
-8310.999439484787
 31
0.0
  0
LINE
  5
3B5
330
3B2
100
AcDbEntity
  8
0
 62
     1
370
    -2
100
AcDbLine
 10
34575.09215551901
 20
-8306.172800852175
 30
0.0
 11
34576.74757720645
 21
-8312.816915623383
 31
0.0
  0
LINE
  5
3B6
330
3B2
100
AcDbEntity
  8
0
 62
     1
370
    -2
100
AcDbLine
 10
34583.55857563927
 20
-8309.058769745705
 30
0.0
 11
34576.26404751365
 21
-8310.876245884301
 31
0.0
  0
INSERT
  5
3B7
330
3B2
100
AcDbEntity
  8
0
 62
     1
370
    -2
100
AcDbBlockReference
  2
_Oblique
 10
34583.55857563927
 20
-8309.058769745705
 30
0.0
 50
13.99072646137014
  0
INSERT
  5
3B8
330
3B2
100
AcDbEntity
  8
0
 62
     1
370
    -2
100
AcDbBlockReference
  2
_Oblique
 10
34576.26404751365
 20
-8310.876245884301
 30
0.0
 50
193.9907264613701
  0
MTEXT
  5
3B9
330
3B2
100
AcDbEntity
  8
0
 62
     7
100
AcDbMText
 10
34579.36734067207
 20
-8307.78425435854
 30
0.0
 40
2.5
 41
0.0
 46
0.0
 71
     5
 72
     1
  1
\A1;150
  7
DXT
 11
0.9703348695404271
 21
0.2417648463982353
 31
0.0
 73
     1
 44
1.0
  0
POINT
  5
3BA
330
3B2
100
AcDbEntity
  8
Defpoints
 62
     0
100
AcDbPoint
 10
34581.90315395184
 20
-8302.414654974498
 30
0.0
  0
POINT
  5
3BB
330
3B2
100
AcDbEntity
  8
Defpoints
 62
     0
100
AcDbPoint
 10
34574.60862582622
 20
-8304.232131113095
 30
0.0
  0
POINT
  5
3BC
330
3B2
100
AcDbEntity
  8
Defpoints
 62
     0
100
AcDbPoint
 10
34576.26404751365
 20
-8310.876245884301
 30
0.0
  0
ENDBLK
  5
3BD
330
3B2
100
AcDbEntity
  8
0
100
AcDbBlockEnd
  0
BLOCK
  5
3F1
330
3F0
100
AcDbEntity
  8
0
100
AcDbBlockBegin
  2
*D26
 70
     1
 10
0.0
 20
0.0
 30
0.0
  3
*D26
  1

  0
LINE
  5
3F2
330
3F0
100
AcDbEntity
  8
0
 62
     1
370
    -2
100
AcDbLine
 10
34560.38382036276
 20
-8263.246815893932
 30
0.0
 11
34554.78424345223
 21
-8261.846268080128
 31
0.0
  0
LINE
  5
3F3
330
3F0
100
AcDbEntity
  8
0
 62
     1
370
    -2
100
AcDbLine
 10
34560.26249926508
 20
-8263.731873819599
 30
0.0
 11
34554.66292235455
 21
-8262.331326005795
 31
0.0
  0
LINE
  5
3F4
330
3F0
100
AcDbEntity
  8
0
 62
     1
370
    -2
100
AcDbLine
 10
34556.72447515492
 20
-8262.331552470874
 30
0.0
 11
34556.96711735029
 21
-8261.361436619532
 31
0.0
  0
LINE
  5
3F5
330
3F0
100
AcDbEntity
  8
0
 62
     1
370
    -2
100
AcDbLine
 10
34556.60315405723
 20
-8262.816610396541
 30
0.0
 11
34556.36051186185
 21
-8263.786726247883
 31
0.0
  0
MTEXT
  5
3F6
330
3F0
100
AcDbEntity
  8
0
 62
     7
100
AcDbMText
 10
34557.02664819794
 20
-8258.408437436701
 30
0.0
 40
2.5
 41
0.0
 46
0.0
 71
     5
 72
     1
  1
\A1;10
  7
DXT
 11
0.2426421953732694
 21
0.9701158513417045
 31
0.0
 73
     1
 44
1.0
  0
LINE
  5
3F7
330
3F0
100
AcDbEntity
  8
0
 62
     1
370
    -2
100
AcDbLine
 10
34556.72447515492
 20
-8262.331552470874
 30
0.0
 11
34556.60315405723
 21
-8262.816610396541
 31
0.0
  0
INSERT
  5
3F8
330
3F0
100
AcDbEntity
  8
0
 62
     1
370
    -2
100
AcDbBlockReference
  2
_Oblique
 10
34556.72447515492
 20
-8262.331552470874
 30
0.0
 50
255.9574624934297
  0
INSERT
  5
3F9
330
3F0
100
AcDbEntity
  8
0
 62
     1
370
    -2
100
AcDbBlockReference
  2
_Oblique
 10
34556.60315405723
 20
-8262.816610396541
 30
0.0
 50
75.95746249342972
  0
POINT
  5
3FA
330
3F0
100
AcDbEntity
  8
Defpoints
 62
     0
100
AcDbPoint
 10
34562.32405206545
 20
-8263.732100284678
 30
0.0
  0
POINT
  5
3FB
330
3F0
100
AcDbEntity
  8
Defpoints
 62
     0
100
AcDbPoint
 10
34562.20273096776
 20
-8264.217158210346
 30
0.0
  0
POINT
  5
3FC
330
3F0
100
AcDbEntity
  8
Defpoints
 62
     0
100
AcDbPoint
 10
34556.60315405723
 20
-8262.816610396541
 30
0.0
  0
ENDBLK
  5
3FD
330
3F0
100
AcDbEntity
  8
0
100
AcDbBlockEnd
  0
BLOCK
  5
400
330
3FF
100
AcDbEntity
  8
0
100
AcDbBlockBegin
  2
*D27
 70
     1
 10
0.0
 20
0.0
 30
0.0
  3
*D27
  1

  0
LINE
  5
401
330
3FF
100
AcDbEntity
  8
0
 62
     1
370
    -2
100
AcDbLine
 10
34562.86831788977
 20
-8263.86822636538
 30
0.0
 11
34560.12839230224
 21
-8263.182925162697
 31
0.0
  0
LINE
  5
402
330
3FF
100
AcDbEntity
  8
0
 62
     1
370
    -2
100
AcDbLine
 10
34563.59624447584
 20
-8260.957878811336
 30
0.0
 11
34560.85631888831
 21
-8260.272577608652
 31
0.0
  0
LINE
  5
403
330
3FF
100
AcDbEntity
  8
0
 62
     1
370
    -2
100
AcDbLine
 10
34562.06862400493
 20
-8263.66820955341
 30
0.0
 11
34562.796550591
 21
-8260.757861999366
 31
0.0
  0
MTEXT
  5
404
330
3FF
100
AcDbEntity
  8
0
 62
     7
100
AcDbMText
 10
34562.11752525775
 20
-8257.769523545021
 30
0.0
 40
2.5
 41
0.0
 46
0.0
 71
     5
 72
     1
  1
\A1;60
  7
DXT
 11
0.2426421953562914
 21
0.970115851345951
 31
0.0
 73
     1
 44
1.0
  0
INSERT
  5
405
330
3FF
100
AcDbEntity
  8
0
 62
     1
370
    -2
100
AcDbBlockReference
  2
_Oblique
 10
34562.06862400493
 20
-8263.66820955341
 30
0.0
 50
255.9574624944325
  0
INSERT
  5
406
330
3FF
100
AcDbEntity
  8
0
 62
     1
370
    -2
100
AcDbBlockReference
  2
_Oblique
 10
34562.796550591
 20
-8260.757861999366
 30
0.0
 50
75.95746249443246
  0
POINT
  5
407
330
3FF
100
AcDbEntity
  8
Defpoints
 62
     0
100
AcDbPoint
 10
34564.80854959246
 20
-8264.353510756093
 30
0.0
  0
POINT
  5
408
330
3FF
100
AcDbEntity
  8
Defpoints
 62
     0
100
AcDbPoint
 10
34565.53647617853
 20
-8261.443163202048
 30
0.0
  0
POINT
  5
409
330
3FF
100
AcDbEntity
  8
Defpoints
 62
     0
100
AcDbPoint
 10
34562.796550591
 20
-8260.757861999366
 30
0.0
  0
ENDBLK
  5
40A
330
3FF
100
AcDbEntity
  8
0
100
AcDbBlockEnd
  0
BLOCK
  5
414
330
413
100
AcDbEntity
  8
0
100
AcDbBlockBegin
  2
*D28
 70
     1
 10
0.0
 20
0.0
 30
0.0
  3
*D28
  1

  0
LINE
  5
415
330
413
100
AcDbEntity
  8
0
 62
     1
370
    -2
100
AcDbLine
 10
34518.37546508831
 20
-8254.911833362223
 30
0.0
 11
34518.13282289295
 21
-8255.881949213568
 31
0.0
  0
LINE
  5
416
330
413
100
AcDbEntity
  8
0
 62
     1
370
    -2
100
AcDbLine
 10
34518.76372015116
 20
-8253.359537850394
 30
0.0
 11
34519.00636234651
 21
-8252.389421999049
 31
0.0
  0
MTEXT
  5
417
330
413
100
AcDbEntity
  8
0
 62
     7
100
AcDbMText
 10
34516.61780300379
 20
-8250.4271576266
 30
0.0
 40
2.5
 41
0.0
 46
0.0
 71
     5
 72
     1
  1
\A1;32
  7
DXT
 11
0.2426421953575756
 21
0.9701158513456298
 31
0.0
 73
     1
 44
1.0
  0
LINE
  5
418
330
413
100
AcDbEntity
  8
0
 62
     1
370
    -2
100
AcDbLine
 10
34518.37546508831
 20
-8254.911833362223
 30
0.0
 11
34518.76372015116
 21
-8253.359537850394
 31
0.0
  0
INSERT
  5
419
330
413
100
AcDbEntity
  8
0
 62
     1
370
    -2
100
AcDbBlockReference
  2
_Oblique
 10
34518.37546508831
 20
-8254.911833362223
 30
0.0
 50
75.95746249435658
  0
INSERT
  5
41A
330
413
100
AcDbEntity
  8
0
 62
     1
370
    -2
100
AcDbBlockReference
  2
_Oblique
 10
34518.76372015116
 20
-8253.359537850394
 30
0.0
 50
255.9574624943566
  0
POINT
  5
41B
330
413
100
AcDbEntity
  8
Defpoints
 62
     0
100
AcDbPoint
 10
34518.37546508829
 20
-8254.911833362217
 30
0.0
  0
POINT
  5
41C
330
413
100
AcDbEntity
  8
Defpoints
 62
     0
100
AcDbPoint
 10
34518.76372015113
 20
-8253.359537850389
 30
0.0
  0
POINT
  5
41D
330
413
100
AcDbEntity
  8
Defpoints
 62
     0
100
AcDbPoint
 10
34518.76372015116
 20
-8253.359537850394
 30
0.0
  0
ENDBLK
  5
41E
330
413
100
AcDbEntity
  8
0
100
AcDbBlockEnd
  0
BLOCK
  5
421
330
420
100
AcDbEntity
  8
0
100
AcDbBlockBegin
  2
*D29
 70
     1
 10
0.0
 20
0.0
 30
0.0
  3
*D29
  1

  0
LINE
  5
422
330
420
100
AcDbEntity
  8
0
 62
     1
370
    -2
100
AcDbLine
 10
34575.07569015255
 20
-8267.032029982185
 30
0.0
 11
34577.22693125186
 21
-8258.435927546132
 31
0.0
  0
LINE
  5
423
330
420
100
AcDbEntity
  8
0
 62
     1
370
    -2
100
AcDbLine
 10
34573.13569015256
 20
-8266.546529982192
 30
0.0
 11
34575.28693125188
 21
-8257.950427546139
 31
0.0
  0
LINE
  5
424
330
420
100
AcDbEntity
  8
0
 62
     1
370
    -2
100
AcDbLine
 10
34576.74138938725
 20
-8260.376094832143
 30
0.0
 11
34577.71147303026
 21
-8260.618865764449
 31
0.0
  0
LINE
  5
425
330
420
100
AcDbEntity
  8
0
 62
     1
370
    -2
100
AcDbLine
 10
34574.80138938726
 20
-8259.890594832148
 30
0.0
 11
34573.83130574425
 21
-8259.647823899842
 31
0.0
  0
MTEXT
  5
426
330
420
100
AcDbEntity
  8
0
 62
     7
100
AcDbMText
 10
34575.94883967657
 20
-8257.185583999584
 30
0.0
 40
2.5
 41
0.0
 46
0.0
 71
     5
 72
     1
  1
\A1;40
  7
DXT
 11
0.9700836430054648
 21
-0.2427709323070741
 31
0.0
 73
     1
 44
1.0
  0
LINE
  5
427
330
420
100
AcDbEntity
  8
0
 62
     1
370
    -2
100
AcDbLine
 10
34576.74138938725
 20
-8260.376094832143
 30
0.0
 11
34574.80138938726
 21
-8259.890594832148
 31
0.0
  0
INSERT
  5
428
330
420
100
AcDbEntity
  8
0
 62
     1
370
    -2
100
AcDbBlockReference
  2
_Oblique
 10
34576.74138938725
 20
-8260.376094832143
 30
0.0
 50
165.9498590660656
  0
INSERT
  5
429
330
420
100
AcDbEntity
  8
0
 62
     1
370
    -2
100
AcDbBlockReference
  2
_Oblique
 10
34574.80138938726
 20
-8259.890594832148
 30
0.0
 50
345.9498590660656
  0
POINT
  5
42A
330
420
100
AcDbEntity
  8
Defpoints
 62
     0
100
AcDbPoint
 10
34574.59014828794
 20
-8268.972197268196
 30
0.0
  0
POINT
  5
42B
330
420
100
AcDbEntity
  8
Defpoints
 62
     0
100
AcDbPoint
 10
34572.65014828794
 20
-8268.486697268201
 30
0.0
  0
POINT
  5
42C
330
420
100
AcDbEntity
  8
Defpoints
 62
     0
100
AcDbPoint
 10
34574.80138938726
 20
-8259.890594832148
 30
0.0
  0
ENDBLK
  5
42D
330
420
100
AcDbEntity
  8
0
100
AcDbBlockEnd
  0
BLOCK
  5
430
330
42F
100
AcDbEntity
  8
0
100
AcDbBlockBegin
  2
*D30
 70
     1
 10
0.0
 20
0.0
 30
0.0
  3
*D30
  1

  0
LINE
  5
431
330
42F
100
AcDbEntity
  8
0
 62
     1
370
    -2
100
AcDbLine
 10
34573.13539600577
 20
-8266.546456393375
 30
0.0
 11
34575.28533383402
 21
-8257.950028013616
 31
0.0
  0
LINE
  5
432
330
42F
100
AcDbEntity
  8
0
 62
     1
370
    -2
100
AcDbLine
 10
34569.25489600576
 20
-8265.575956393372
 30
0.0
 11
34571.40483383401
 21
-8256.979528013613
 31
0.0
  0
LINE
  5
433
330
42F
100
AcDbEntity
  8
0
 62
     1
370
    -2
100
AcDbLine
 10
34574.8000861162
 20
-8259.890268888443
 30
0.0
 11
34570.91958611619
 21
-8258.91976888844
 31
0.0
  0
MTEXT
  5
434
330
42F
100
AcDbEntity
  8
0
 62
     7
100
AcDbMText
 10
34572.56948529502
 20
-8256.076439093284
 30
0.0
 40
2.5
 41
0.0
 46
0.0
 71
     5
 72
     1
  1
\A1;80
  7
DXT
 11
0.9701204374130693
 21
-0.2426238589122576
 31
0.0
 73
     1
 44
1.0
  0
INSERT
  5
435
330
42F
100
AcDbEntity
  8
0
 62
     1
370
    -2
100
AcDbBlockReference
  2
_Oblique
 10
34574.8000861162
 20
-8259.890268888443
 30
0.0
 50
345.9585454561938
  0
INSERT
  5
436
330
42F
100
AcDbEntity
  8
0
 62
     1
370
    -2
100
AcDbBlockReference
  2
_Oblique
 10
34570.91958611619
 20
-8258.91976888844
 30
0.0
 50
165.9585454561938
  0
POINT
  5
437
330
42F
100
AcDbEntity
  8
Defpoints
 62
     0
100
AcDbPoint
 10
34572.65014828794
 20
-8268.486697268201
 30
0.0
  0
POINT
  5
438
330
42F
100
AcDbEntity
  8
Defpoints
 62
     0
100
AcDbPoint
 10
34568.76964828793
 20
-8267.516197268198
 30
0.0
  0
POINT
  5
439
330
42F
100
AcDbEntity
  8
Defpoints
 62
     0
100
AcDbPoint
 10
34570.91958611619
 20
-8258.91976888844
 30
0.0
  0
ENDBLK
  5
43A
330
42F
100
AcDbEntity
  8
0
100
AcDbBlockEnd
  0
BLOCK
  5
43D
330
43C
100
AcDbEntity
  8
0
100
AcDbBlockBegin
  2
*D31
 70
     1
 10
0.0
 20
0.0
 30
0.0
  3
*D31
  1

  0
LINE
  5
43E
330
43C
100
AcDbEntity
  8
0
 62
     1
370
    -2
100
AcDbLine
 10
34575.07569015243
 20
-8267.032029982158
 30
0.0
 11
34577.22693125187
 21
-8258.43592754613
 31
0.0
  0
LINE
  5
43F
330
43C
100
AcDbEntity
  8
0
 62
     1
370
    -2
100
AcDbLine
 10
34577.01569015243
 20
-8267.51752998218
 30
0.0
 11
34579.16693125186
 21
-8258.921427546153
 31
0.0
  0
LINE
  5
440
330
43C
100
AcDbEntity
  8
0
 62
     1
370
    -2
100
AcDbLine
 10
34576.74138938723
 20
-8260.376094832134
 30
0.0
 11
34575.77130574423
 21
-8260.133323899814
 31
0.0
  0
LINE
  5
441
330
43C
100
AcDbEntity
  8
0
 62
     1
370
    -2
100
AcDbLine
 10
34578.68138938722
 20
-8260.861594832157
 30
0.0
 11
34579.65147303022
 21
-8261.104365764479
 31
0.0
  0
MTEXT
  5
442
330
43C
100
AcDbEntity
  8
0
 62
     7
100
AcDbMText
 10
34578.94329929813
 20
-8257.93497067294
 30
0.0
 40
2.5
 41
0.0
 46
0.0
 71
     5
 72
     1
  1
\A1;40
  7
DXT
 11
0.9700836430020372
 21
-0.2427709323207704
 31
0.0
 73
     1
 44
1.0
  0
LINE
  5
443
330
43C
100
AcDbEntity
  8
0
 62
     1
370
    -2
100
AcDbLine
 10
34576.74138938723
 20
-8260.376094832134
 30
0.0
 11
34578.68138938722
 21
-8260.861594832157
 31
0.0
  0
INSERT
  5
444
330
43C
100
AcDbEntity
  8
0
 62
     1
370
    -2
100
AcDbBlockReference
  2
_Oblique
 10
34576.74138938723
 20
-8260.376094832134
 30
0.0
 50
345.9498590652566
  0
INSERT
  5
445
330
43C
100
AcDbEntity
  8
0
 62
     1
370
    -2
100
AcDbBlockReference
  2
_Oblique
 10
34578.68138938722
 20
-8260.861594832157
 30
0.0
 50
165.9498590652566
  0
POINT
  5
446
330
43C
100
AcDbEntity
  8
Defpoints
 62
     0
100
AcDbPoint
 10
34574.59014828779
 20
-8268.972197268162
 30
0.0
  0
POINT
  5
447
330
43C
100
AcDbEntity
  8
Defpoints
 62
     0
100
AcDbPoint
 10
34576.53014828778
 20
-8269.457697268184
 30
0.0
  0
POINT
  5
448
330
43C
100
AcDbEntity
  8
Defpoints
 62
     0
100
AcDbPoint
 10
34578.68138938722
 20
-8260.861594832157
 30
0.0
  0
ENDBLK
  5
449
330
43C
100
AcDbEntity
  8
0
100
AcDbBlockEnd
  0
BLOCK
  5
44C
330
44B
100
AcDbEntity
  8
0
100
AcDbBlockBegin
  2
*D32
 70
     1
 10
0.0
 20
0.0
 30
0.0
  3
*D32
  1

  0
LINE
  5
44D
330
44B
100
AcDbEntity
  8
0
 62
     1
370
    -2
100
AcDbLine
 10
34577.01598428805
 20
-8267.517603615588
 30
0.0
 11
34579.16852855964
 21
-8258.921827518421
 31
0.0
  0
LINE
  5
44E
330
44B
100
AcDbEntity
  8
0
 62
     1
370
    -2
100
AcDbLine
 10
34580.89618984222
 20
-8268.489280186013
 30
0.0
 11
34583.04873411381
 21
-8259.893504088846
 31
0.0
  0
LINE
  5
44F
330
44B
100
AcDbEntity
  8
0
 62
     1
370
    -2
100
AcDbLine
 10
34578.68269255937
 20
-8260.861921171017
 30
0.0
 11
34582.56289811354
 21
-8261.833597741443
 31
0.0
  0
MTEXT
  5
450
330
44B
100
AcDbEntity
  8
0
 62
     7
100
AcDbMText
 10
34582.44673599957
 20
-8258.548297452644
 30
0.0
 40
2.5
 41
0.0
 46
0.0
 71
     5
 72
     1
  1
\A1;80
  7
DXT
 11
0.9700468262979206
 21
-0.242918000134473
 31
0.0
 73
     1
 44
1.0
  0
INSERT
  5
451
330
44B
100
AcDbEntity
  8
0
 62
     1
370
    -2
100
AcDbBlockReference
  2
_Oblique
 10
34578.68269255937
 20
-8260.861921171017
 30
0.0
 50
165.9411726751972
  0
INSERT
  5
452
330
44B
100
AcDbEntity
  8
0
 62
     1
370
    -2
100
AcDbBlockReference
  2
_Oblique
 10
34582.56289811354
 20
-8261.833597741443
 30
0.0
 50
345.9411726751972
  0
POINT
  5
453
330
44B
100
AcDbEntity
  8
Defpoints
 62
     0
100
AcDbPoint
 10
34576.53014828778
 20
-8269.457697268184
 30
0.0
  0
POINT
  5
454
330
44B
100
AcDbEntity
  8
Defpoints
 62
     0
100
AcDbPoint
 10
34580.41035384195
 20
-8270.42937383861
 30
0.0
  0
POINT
  5
455
330
44B
100
AcDbEntity
  8
Defpoints
 62
     0
100
AcDbPoint
 10
34582.56289811354
 20
-8261.833597741443
 30
0.0
  0
ENDBLK
  5
456
330
44B
100
AcDbEntity
  8
0
100
AcDbBlockEnd
  0
BLOCK
  5
47B
330
47A
100
AcDbEntity
  8
0
100
AcDbBlockBegin
  2
*D33
 70
     1
 10
0.0
 20
0.0
 30
0.0
  3
*D33
  1

  0
LINE
  5
47C
330
47A
100
AcDbEntity
  8
3
 62
     1
370
    -2
100
AcDbLine
 10
34409.47797078485
 20
-8239.594377754367
 30
0.0
 11
34402.79803486692
 21
-8239.594377754367
 31
0.0
  0
LINE
  5
47D
330
47A
100
AcDbEntity
  8
3
 62
     1
370
    -2
100
AcDbLine
 10
34409.47797078485
 20
-8247.994377754369
 30
0.0
 11
34402.79803486692
 21
-8247.994377754369
 31
0.0
  0
LINE
  5
47E
330
47A
100
AcDbEntity
  8
3
 62
     1
370
    -2
100
AcDbLine
 10
34404.79803486692
 20
-8239.594377754367
 30
0.0
 11
34404.79803486692
 21
-8247.994377754369
 31
0.0
  0
INSERT
  5
47F
330
47A
100
AcDbEntity
  8
3
 62
     1
370
    -2
100
AcDbBlockReference
  2
_Oblique
 10
34404.79803486692
 20
-8239.594377754367
 30
0.0
 50
90.0
  0
INSERT
  5
480
330
47A
100
AcDbEntity
  8
3
 62
     1
370
    -2
100
AcDbBlockReference
  2
_Oblique
 10
34404.79803486692
 20
-8247.994377754369
 30
0.0
 50
270.0
  0
MTEXT
  5
481
330
47A
100
AcDbEntity
  8
3
 62
     7
100
AcDbMText
 10
34402.54803486692
 20
-8243.794377754362
 30
0.0
 40
2.5
 41
0.0
 46
0.0
 71
     5
 72
     1
  1
\A1;80
  7
DXT
 11
6.123031769111886E-17
 21
1.0
 31
0.0
 73
     1
 44
1.0
  0
POINT
  5
482
330
47A
100
AcDbEntity
  8
Defpoints
 62
     0
100
AcDbPoint
 10
34411.47797078485
 20
-8239.594377754367
 30
0.0
  0
POINT
  5
483
330
47A
100
AcDbEntity
  8
Defpoints
 62
     0
100
AcDbPoint
 10
34411.47797078485
 20
-8247.994377754369
 30
0.0
  0
POINT
  5
484
330
47A
100
AcDbEntity
  8
Defpoints
 62
     0
100
AcDbPoint
 10
34404.79803486692
 20
-8247.994377754369
 30
0.0
  0
ENDBLK
  5
485
330
47A
100
AcDbEntity
  8
0
100
AcDbBlockEnd
  0
BLOCK
  5
4A1
330
4A0
100
AcDbEntity
  8
0
100
AcDbBlockBegin
  2
*D34
 70
     1
 10
0.0
 20
0.0
 30
0.0
  3
*D34
  1

  0
LINE
  5
4A2
330
4A0
100
AcDbEntity
  8
3
 62
     1
370
    -2
100
AcDbLine
 10
34407.27797078486
 20
-8245.794377754362
 30
0.0
 11
34407.27797078486
 21
-8254.980015574325
 31
0.0
  0
LINE
  5
4A3
330
4A0
100
AcDbEntity
  8
3
 62
     1
370
    -2
100
AcDbLine
 10
34415.67797078486
 20
-8245.794377754362
 30
0.0
 11
34415.67797078486
 21
-8254.980015574325
 31
0.0
  0
LINE
  5
4A4
330
4A0
100
AcDbEntity
  8
3
 62
     1
370
    -2
100
AcDbLine
 10
34407.27797078486
 20
-8252.980015574325
 30
0.0
 11
34415.67797078486
 21
-8252.980015574325
 31
0.0
  0
INSERT
  5
4A5
330
4A0
100
AcDbEntity
  8
3
 62
     1
370
    -2
100
AcDbBlockReference
  2
_Oblique
 10
34407.27797078486
 20
-8252.980015574325
 30
0.0
 50
180.0
  0
INSERT
  5
4A6
330
4A0
100
AcDbEntity
  8
3
 62
     1
370
    -2
100
AcDbBlockReference
  2
_Oblique
 10
34415.67797078486
 20
-8252.980015574325
 30
0.0
  0
MTEXT
  5
4A7
330
4A0
100
AcDbEntity
  8
3
 62
     7
100
AcDbMText
 10
34411.47797078486
 20
-8250.730015574325
 30
0.0
 40
2.5
 41
0.0
 46
0.0
 71
     5
 72
     1
  1
\A1;80
  7
DXT
 73
     1
 44
1.0
  0
POINT
  5
4A8
330
4A0
100
AcDbEntity
  8
Defpoints
 62
     0
100
AcDbPoint
 10
34407.27797078486
 20
-8243.794377754362
 30
0.0
  0
POINT
  5
4A9
330
4A0
100
AcDbEntity
  8
Defpoints
 62
     0
100
AcDbPoint
 10
34415.67797078486
 20
-8243.794377754362
 30
0.0
  0
POINT
  5
4AA
330
4A0
100
AcDbEntity
  8
Defpoints
 62
     0
100
AcDbPoint
 10
34415.67797078486
 20
-8252.980015574325
 30
0.0
  0
ENDBLK
  5
4AB
330
4A0
100
AcDbEntity
  8
0
100
AcDbBlockEnd
  0
BLOCK
  5
4B0
330
4AF
100
AcDbEntity
  8
0
100
AcDbBlockBegin
  2
*D35
 70
     1
 10
0.0
 20
0.0
 30
0.0
  3
*D35
  1

  0
LINE
  5
4B1
330
4AF
100
AcDbEntity
  8
3
 62
     1
370
    -2
100
AcDbLine
 10
34430.32872545105
 20
-8278.417409736581
 30
0.0
 11
34436.42498003056
 21
-8278.417409736581
 31
0.0
  0
LINE
  5
4B2
330
4AF
100
AcDbEntity
  8
3
 62
     1
370
    -2
100
AcDbLine
 10
34430.32872545105
 20
-8275.817409736583
 30
0.0
 11
34436.42498003056
 21
-8275.817409736583
 31
0.0
  0
LINE
  5
4B3
330
4AF
100
AcDbEntity
  8
3
 62
     1
370
    -2
100
AcDbLine
 10
34434.42498003056
 20
-8278.417409736581
 30
0.0
 11
34434.42498003056
 21
-8275.817409736583
 31
0.0
  0
MTEXT
  5
4B4
330
4AF
100
AcDbEntity
  8
3
 62
     7
100
AcDbMText
 10
34437.62843456548
 20
-8277.218056798252
 30
0.0
 40
2.5
 41
0.0
 46
0.0
 71
     5
 72
     1
  1
\A1;14
  7
DXT
 11
6.123031769111886E-17
 21
1.0
 31
0.0
 73
     1
 44
1.0
  0
INSERT
  5
4B5
330
4AF
100
AcDbEntity
  8
3
 62
     1
370
    -2
100
AcDbBlockReference
  2
_Oblique
 10
34434.42498003056
 20
-8278.417409736581
 30
0.0
 50
270.0
  0
INSERT
  5
4B6
330
4AF
100
AcDbEntity
  8
3
 62
     1
370
    -2
100
AcDbBlockReference
  2
_Oblique
 10
34434.42498003056
 20
-8275.817409736583
 30
0.0
 50
90.0
  0
POINT
  5
4B7
330
4AF
100
AcDbEntity
  8
Defpoints
 62
     0
100
AcDbPoint
 10
34428.32872545105
 20
-8278.417409736581
 30
0.0
  0
POINT
  5
4B8
330
4AF
100
AcDbEntity
  8
Defpoints
 62
     0
100
AcDbPoint
 10
34428.32872545105
 20
-8275.817409736583
 30
0.0
  0
POINT
  5
4B9
330
4AF
100
AcDbEntity
  8
Defpoints
 62
     0
100
AcDbPoint
 10
34434.42498003056
 20
-8275.817409736583
 30
0.0
  0
ENDBLK
  5
4BA
330
4AF
100
AcDbEntity
  8
0
100
AcDbBlockEnd
  0
BLOCK
  5
4BD
330
4BC
100
AcDbEntity
  8
0
100
AcDbBlockBegin
  2
*D36
 70
     1
 10
0.0
 20
0.0
 30
0.0
  3
*D36
  1

  0
LINE
  5
4BE
330
4BC
100
AcDbEntity
  8
3
 62
     1
370
    -2
100
AcDbLine
 10
34428.80360129894
 20
-8275.017409736587
 30
0.0
 11
34436.42498003056
 21
-8275.017409736587
 31
0.0
  0
LINE
  5
4BF
330
4BC
100
AcDbEntity
  8
3
 62
     1
370
    -2
100
AcDbLine
 10
34428.80360129894
 20
-8275.817409736583
 30
0.0
 11
34436.42498003056
 21
-8275.817409736583
 31
0.0
  0
LINE
  5
4C0
330
4BC
100
AcDbEntity
  8
3
 62
     1
370
    -2
100
AcDbLine
 10
34434.42498003056
 20
-8275.017409736587
 30
0.0
 11
34434.42498003056
 21
-8274.017409736587
 31
0.0
  0
LINE
  5
4C1
330
4BC
100
AcDbEntity
  8
3
 62
     1
370
    -2
100
AcDbLine
 10
34434.42498003056
 20
-8275.817409736583
 30
0.0
 11
34434.42498003056
 21
-8276.817409736583
 31
0.0
  0
MTEXT
  5
4C2
330
4BC
100
AcDbEntity
  8
3
 62
     7
100
AcDbMText
 10
34437.62742180794
 20
-8273.757344130234
 30
0.0
 40
2.5
 41
0.0
 46
0.0
 71
     5
 72
     1
  1
\A1;4
  7
DXT
 11
6.123031769111886E-17
 21
1.0
 31
0.0
 73
     1
 44
1.0
  0
LINE
  5
4C3
330
4BC
100
AcDbEntity
  8
3
 62
     1
370
    -2
100
AcDbLine
 10
34434.42498003056
 20
-8275.017409736587
 30
0.0
 11
34434.42498003056
 21
-8275.817409736583
 31
0.0
  0
INSERT
  5
4C4
330
4BC
100
AcDbEntity
  8
3
 62
     1
370
    -2
100
AcDbBlockReference
  2
_Oblique
 10
34434.42498003056
 20
-8275.017409736587
 30
0.0
 50
270.0
  0
INSERT
  5
4C5
330
4BC
100
AcDbEntity
  8
3
 62
     1
370
    -2
100
AcDbBlockReference
  2
_Oblique
 10
34434.42498003056
 20
-8275.817409736583
 30
0.0
 50
90.0
  0
POINT
  5
4C6
330
4BC
100
AcDbEntity
  8
Defpoints
 62
     0
100
AcDbPoint
 10
34426.80360129894
 20
-8275.017409736587
 30
0.0
  0
POINT
  5
4C7
330
4BC
100
AcDbEntity
  8
Defpoints
 62
     0
100
AcDbPoint
 10
34426.80360129894
 20
-8275.817409736583
 30
0.0
  0
POINT
  5
4C8
330
4BC
100
AcDbEntity
  8
Defpoints
 62
     0
100
AcDbPoint
 10
34434.42498003056
 20
-8275.817409736583
 30
0.0
  0
ENDBLK
  5
4C9
330
4BC
100
AcDbEntity
  8
0
100
AcDbBlockEnd
  0
BLOCK
  5
4CC
330
4CB
100
AcDbEntity
  8
0
100
AcDbBlockBegin
  2
*D37
 70
     1
 10
0.0
 20
0.0
 30
0.0
  3
*D37
  1

  0
LINE
  5
4CD
330
4CB
100
AcDbEntity
  8
3
 62
     1
370
    -2
100
AcDbLine
 10
34428.82872545105
 20
-8279.217409736584
 30
0.0
 11
34436.42498003056
 21
-8279.217409736584
 31
0.0
  0
LINE
  5
4CE
330
4CB
100
AcDbEntity
  8
3
 62
     1
370
    -2
100
AcDbLine
 10
34428.82872545105
 20
-8278.417409736581
 30
0.0
 11
34436.42498003056
 21
-8278.417409736581
 31
0.0
  0
LINE
  5
4CF
330
4CB
100
AcDbEntity
  8
3
 62
     1
370
    -2
100
AcDbLine
 10
34434.42498003056
 20
-8279.217409736584
 30
0.0
 11
34434.42498003056
 21
-8280.217409736584
 31
0.0
  0
LINE
  5
4D0
330
4CB
100
AcDbEntity
  8
3
 62
     1
370
    -2
100
AcDbLine
 10
34434.42498003056
 20
-8278.417409736581
 30
0.0
 11
34434.42498003056
 21
-8277.417409736581
 31
0.0
  0
MTEXT
  5
4D1
330
4CB
100
AcDbEntity
  8
3
 62
     7
100
AcDbMText
 10
34437.74494432435
 20
-8280.379538708949
 30
0.0
 40
2.5
 41
0.0
 46
0.0
 71
     5
 72
     1
  1
\A1;4
  7
DXT
 11
6.123031769111886E-17
 21
1.0
 31
0.0
 73
     1
 44
1.0
  0
LINE
  5
4D2
330
4CB
100
AcDbEntity
  8
3
 62
     1
370
    -2
100
AcDbLine
 10
34434.42498003056
 20
-8279.217409736584
 30
0.0
 11
34434.42498003056
 21
-8278.417409736581
 31
0.0
  0
INSERT
  5
4D3
330
4CB
100
AcDbEntity
  8
3
 62
     1
370
    -2
100
AcDbBlockReference
  2
_Oblique
 10
34434.42498003056
 20
-8279.217409736584
 30
0.0
 50
90.0
  0
INSERT
  5
4D4
330
4CB
100
AcDbEntity
  8
3
 62
     1
370
    -2
100
AcDbBlockReference
  2
_Oblique
 10
34434.42498003056
 20
-8278.417409736581
 30
0.0
 50
270.0
  0
POINT
  5
4D5
330
4CB
100
AcDbEntity
  8
Defpoints
 62
     0
100
AcDbPoint
 10
34426.82872545105
 20
-8279.217409736584
 30
0.0
  0
POINT
  5
4D6
330
4CB
100
AcDbEntity
  8
Defpoints
 62
     0
100
AcDbPoint
 10
34426.82872545105
 20
-8278.417409736581
 30
0.0
  0
POINT
  5
4D7
330
4CB
100
AcDbEntity
  8
Defpoints
 62
     0
100
AcDbPoint
 10
34434.42498003056
 20
-8278.417409736581
 30
0.0
  0
ENDBLK
  5
4D8
330
4CB
100
AcDbEntity
  8
0
100
AcDbBlockEnd
  0
BLOCK
  5
4E4
330
4E3
100
AcDbEntity
  8
0
100
AcDbBlockBegin
  2
*D38
 70
     1
 10
0.0
 20
0.0
 30
0.0
  3
*D38
  1

  0
LINE
  5
4E5
330
4E3
100
AcDbEntity
  8
3
 62
     1
370
    -2
100
AcDbLine
 10
34403.52716925397
 20
-8150.691788111866
 30
0.0
 11
34403.52716925397
 21
-8147.815035871778
 31
0.0
  0
LINE
  5
4E6
330
4E3
100
AcDbEntity
  8
3
 62
     1
370
    -2
100
AcDbLine
 10
34401.52716925397
 20
-8150.691788111866
 30
0.0
 11
34401.52716925397
 21
-8147.815035871778
 31
0.0
  0
LINE
  5
4E7
330
4E3
100
AcDbEntity
  8
3
 62
     1
370
    -2
100
AcDbLine
 10
34403.52716925397
 20
-8149.815035871778
 30
0.0
 11
34404.52716925397
 21
-8149.815035871778
 31
0.0
  0
LINE
  5
4E8
330
4E3
100
AcDbEntity
  8
3
 62
     1
370
    -2
100
AcDbLine
 10
34401.52716925397
 20
-8149.815035871778
 30
0.0
 11
34400.52716925397
 21
-8149.815035871778
 31
0.0
  0
LINE
  5
4E9
330
4E3
100
AcDbEntity
  8
3
 62
     1
370
    -2
100
AcDbLine
 10
34403.52716925397
 20
-8149.815035871778
 30
0.0
 11
34401.52716925397
 21
-8149.815035871778
 31
0.0
  0
INSERT
  5
4EA
330
4E3
100
AcDbEntity
  8
3
 62
     1
370
    -2
100
AcDbBlockReference
  2
_Oblique
 10
34403.52716925397
 20
-8149.815035871778
 30
0.0
 50
180.0
  0
INSERT
  5
4EB
330
4E3
100
AcDbEntity
  8
3
 62
     1
370
    -2
100
AcDbBlockReference
  2
_Oblique
 10
34401.52716925397
 20
-8149.815035871778
 30
0.0
  0
MTEXT
  5
4EC
330
4E3
100
AcDbEntity
  8
3
 62
     7
100
AcDbMText
 10
34402.52716925397
 20
-8147.565035871778
 30
0.0
 40
2.5
 41
0.0
 46
0.0
 71
     5
 72
     1
  1
\A1;20
  7
DXT
 73
     1
 44
1.0
  0
POINT
  5
4ED
330
4E3
100
AcDbEntity
  8
Defpoints
 62
     0
100
AcDbPoint
 10
34403.52716925397
 20
-8152.691788111866
 30
0.0
  0
POINT
  5
4EE
330
4E3
100
AcDbEntity
  8
Defpoints
 62
     0
100
AcDbPoint
 10
34401.52716925397
 20
-8152.691788111866
 30
0.0
  0
POINT
  5
4EF
330
4E3
100
AcDbEntity
  8
Defpoints
 62
     0
100
AcDbPoint
 10
34401.52716925397
 20
-8149.815035871778
 30
0.0
  0
ENDBLK
  5
4F0
330
4E3
100
AcDbEntity
  8
0
100
AcDbBlockEnd
  0
BLOCK
  5
4F3
330
4F2
100
AcDbEntity
  8
0
100
AcDbBlockBegin
  2
*D39
 70
     1
 10
0.0
 20
0.0
 30
0.0
  3
*D39
  1

  0
LINE
  5
4F4
330
4F2
100
AcDbEntity
  8
3
 62
     1
370
    -2
100
AcDbLine
 10
34410.52716925397
 20
-8157.691788111867
 30
0.0
 11
34413.9809835415
 21
-8157.691788111867
 31
0.0
  0
LINE
  5
4F5
330
4F2
100
AcDbEntity
  8
3
 62
     1
370
    -2
100
AcDbLine
 10
34410.52716925397
 20
-8159.691788111867
 30
0.0
 11
34413.9809835415
 21
-8159.691788111867
 31
0.0
  0
LINE
  5
4F6
330
4F2
100
AcDbEntity
  8
3
 62
     1
370
    -2
100
AcDbLine
 10
34411.9809835415
 20
-8157.691788111867
 30
0.0
 11
34411.9809835415
 21
-8159.691788111867
 31
0.0
  0
MTEXT
  5
4F7
330
4F2
100
AcDbEntity
  8
3
 62
     7
100
AcDbMText
 10
34414.84709836052
 20
-8158.691788111866
 30
0.0
 40
2.5
 41
0.0
 46
0.0
 71
     5
 72
     1
  1
\A1;20
  7
DXT
 11
6.123031769111886E-17
 21
1.0
 31
0.0
 73
     1
 44
1.0
  0
INSERT
  5
4F8
330
4F2
100
AcDbEntity
  8
3
 62
     1
370
    -2
100
AcDbBlockReference
  2
_Oblique
 10
34411.9809835415
 20
-8157.691788111867
 30
0.0
 50
90.0
  0
INSERT
  5
4F9
330
4F2
100
AcDbEntity
  8
3
 62
     1
370
    -2
100
AcDbBlockReference
  2
_Oblique
 10
34411.9809835415
 20
-8159.691788111867
 30
0.0
 50
270.0
  0
POINT
  5
4FA
330
4F2
100
AcDbEntity
  8
Defpoints
 62
     0
100
AcDbPoint
 10
34408.52716925397
 20
-8157.691788111867
 30
0.0
  0
POINT
  5
4FB
330
4F2
100
AcDbEntity
  8
Defpoints
 62
     0
100
AcDbPoint
 10
34408.52716925397
 20
-8159.691788111867
 30
0.0
  0
POINT
  5
4FC
330
4F2
100
AcDbEntity
  8
Defpoints
 62
     0
100
AcDbPoint
 10
34411.9809835415
 20
-8159.691788111867
 30
0.0
  0
ENDBLK
  5
4FD
330
4F2
100
AcDbEntity
  8
0
100
AcDbBlockEnd
  0
BLOCK
  5
500
330
4FF
100
AcDbEntity
  8
0
100
AcDbBlockBegin
  2
*D40
 70
     1
 10
0.0
 20
0.0
 30
0.0
  3
*D40
  1

  0
LINE
  5
501
330
4FF
100
AcDbEntity
  8
3
 62
     1
370
    -2
100
AcDbLine
 10
34401.52716925396
 20
-8159.691788111867
 30
0.0
 11
34396.48354971316
 21
-8159.691788111867
 31
0.0
  0
LINE
  5
502
330
4FF
100
AcDbEntity
  8
3
 62
     1
370
    -2
100
AcDbLine
 10
34399.52716925397
 20
-8152.691788111867
 30
0.0
 11
34396.48354971316
 21
-8152.691788111867
 31
0.0
  0
LINE
  5
503
330
4FF
100
AcDbEntity
  8
3
 62
     1
370
    -2
100
AcDbLine
 10
34398.48354971316
 20
-8159.691788111867
 30
0.0
 11
34398.48354971316
 21
-8152.691788111867
 31
0.0
  0
INSERT
  5
504
330
4FF
100
AcDbEntity
  8
3
 62
     1
370
    -2
100
AcDbBlockReference
  2
_Oblique
 10
34398.48354971316
 20
-8159.691788111867
 30
0.0
 50
270.0
  0
INSERT
  5
505
330
4FF
100
AcDbEntity
  8
3
 62
     1
370
    -2
100
AcDbBlockReference
  2
_Oblique
 10
34398.48354971316
 20
-8152.691788111867
 30
0.0
 50
90.0
  0
MTEXT
  5
506
330
4FF
100
AcDbEntity
  8
3
 62
     7
100
AcDbMText
 10
34396.23354971316
 20
-8156.191788111862
 30
0.0
 40
2.5
 41
0.0
 46
0.0
 71
     5
 72
     1
  1
\A1;50
  7
DXT
 11
6.123031769111886E-17
 21
1.0
 31
0.0
 73
     1
 44
1.0
  0
POINT
  5
507
330
4FF
100
AcDbEntity
  8
Defpoints
 62
     0
100
AcDbPoint
 10
34403.52716925396
 20
-8159.691788111867
 30
0.0
  0
POINT
  5
508
330
4FF
100
AcDbEntity
  8
Defpoints
 62
     0
100
AcDbPoint
 10
34401.52716925397
 20
-8152.691788111867
 30
0.0
  0
POINT
  5
509
330
4FF
100
AcDbEntity
  8
Defpoints
 62
     0
100
AcDbPoint
 10
34398.48354971316
 20
-8152.691788111867
 30
0.0
  0
ENDBLK
  5
50A
330
4FF
100
AcDbEntity
  8
0
100
AcDbBlockEnd
  0
BLOCK
  5
50D
330
50C
100
AcDbEntity
  8
0
100
AcDbBlockBegin
  2
*D41
 70
     1
 10
0.0
 20
0.0
 30
0.0
  3
*D41
  1

  0
LINE
  5
50E
330
50C
100
AcDbEntity
  8
3
 62
     1
370
    -2
100
AcDbLine
 10
34401.52716925396
 20
-8159.691788111866
 30
0.0
 11
34401.52716925396
 21
-8166.233845851222
 31
0.0
  0
LINE
  5
50F
330
50C
100
AcDbEntity
  8
3
 62
     1
370
    -2
100
AcDbLine
 10
34408.52716925397
 20
-8161.691788111866
 30
0.0
 11
34408.52716925397
 21
-8166.233845851222
 31
0.0
  0
LINE
  5
510
330
50C
100
AcDbEntity
  8
3
 62
     1
370
    -2
100
AcDbLine
 10
34401.52716925396
 20
-8164.233845851222
 30
0.0
 11
34408.52716925397
 21
-8164.233845851222
 31
0.0
  0
INSERT
  5
511
330
50C
100
AcDbEntity
  8
3
 62
     1
370
    -2
100
AcDbBlockReference
  2
_Oblique
 10
34401.52716925396
 20
-8164.233845851222
 30
0.0
 50
180.0
  0
INSERT
  5
512
330
50C
100
AcDbEntity
  8
3
 62
     1
370
    -2
100
AcDbBlockReference
  2
_Oblique
 10
34408.52716925397
 20
-8164.233845851222
 30
0.0
  0
MTEXT
  5
513
330
50C
100
AcDbEntity
  8
3
 62
     7
100
AcDbMText
 10
34405.02716925396
 20
-8161.983845851222
 30
0.0
 40
2.5
 41
0.0
 46
0.0
 71
     5
 72
     1
  1
\A1;50
  7
DXT
 73
     1
 44
1.0
  0
POINT
  5
514
330
50C
100
AcDbEntity
  8
Defpoints
 62
     0
100
AcDbPoint
 10
34401.52716925396
 20
-8157.691788111866
 30
0.0
  0
POINT
  5
515
330
50C
100
AcDbEntity
  8
Defpoints
 62
     0
100
AcDbPoint
 10
34408.52716925397
 20
-8159.691788111866
 30
0.0
  0
POINT
  5
516
330
50C
100
AcDbEntity
  8
Defpoints
 62
     0
100
AcDbPoint
 10
34408.52716925397
 20
-8164.233845851222
 30
0.0
  0
ENDBLK
  5
517
330
50C
100
AcDbEntity
  8
0
100
AcDbBlockEnd
  0
BLOCK
  5
560
330
55F
100
AcDbEntity
  8
0
100
AcDbBlockBegin
  2
*D42
 70
     1
 10
0.0
 20
0.0
 30
0.0
  3
*D42
  1

  0
LINE
  5
561
330
55F
100
AcDbEntity
  8
0
 62
     1
370
    -2
100
AcDbLine
 10
34689.1329509228
 20
-8238.317208501458
 30
0.0
 11
34688.14613609191
 21
-8244.685464052876
 31
0.0
  0
LINE
  5
562
330
55F
100
AcDbEntity
  8
0
 62
     1
370
    -2
100
AcDbLine
 10
34692.49285106524
 20
-8238.837853325478
 30
0.0
 11
34691.50603623435
 21
-8245.206108876895
 31
0.0
  0
LINE
  5
563
330
55F
100
AcDbEntity
  8
0
 62
     1
370
    -2
100
AcDbLine
 10
34688.45239775309
 20
-8242.709052204376
 30
0.0
 11
34691.81229789554
 21
-8243.229697028397
 31
0.0
  0
MTEXT
  5
564
330
55F
100
AcDbEntity
  8
0
 62
     7
100
AcDbMText
 10
34691.29501755779
 20
-8245.811006893295
 30
0.0
 40
2.5
 41
0.0
 46
0.0
 71
     5
 72
     1
  1
\A1;22
  7
DXT
 11
0.9882059242493239
 21
-0.1531308305944285
 31
0.0
 73
     1
 44
1.0
  0
INSERT
  5
565
330
55F
100
AcDbEntity
  8
0
 62
     1
370
    -2
100
AcDbBlockReference
  2
_Oblique
 10
34688.45239775309
 20
-8242.709052204376
 30
0.0
 50
171.191593384106
  0
INSERT
  5
566
330
55F
100
AcDbEntity
  8
0
 62
     1
370
    -2
100
AcDbBlockReference
  2
_Oblique
 10
34691.81229789554
 20
-8243.229697028397
 30
0.0
 50
351.191593384106
  0
POINT
  5
567
330
55F
100
AcDbEntity
  8
Defpoints
 62
     0
100
AcDbPoint
 10
34689.43921258399
 20
-8236.34079665296
 30
0.0
  0
POINT
  5
568
330
55F
100
AcDbEntity
  8
Defpoints
 62
     0
100
AcDbPoint
 10
34692.79911272643
 20
-8236.86144147698
 30
0.0
  0
POINT
  5
569
330
55F
100
AcDbEntity
  8
Defpoints
 62
     0
100
AcDbPoint
 10
34691.81229789554
 20
-8243.229697028397
 30
0.0
  0
ENDBLK
  5
56A
330
55F
100
AcDbEntity
  8
0
100
AcDbBlockEnd
  0
BLOCK
  5
5A2
330
5A1
100
AcDbEntity
  8
0
100
AcDbBlockBegin
  2
*D43
 70
     1
 10
0.0
 20
0.0
 30
0.0
  3
*D43
  1

  0
LINE
  5
5A3
330
5A1
100
AcDbEntity
  8
0
 62
     1
370
    -2
100
AcDbLine
 10
34689.1329509228
 20
-8133.308891315681
 30
0.0
 11
34688.14613609191
 21
-8126.940635764256
 31
0.0
  0
LINE
  5
5A4
330
5A1
100
AcDbEntity
  8
0
 62
     1
370
    -2
100
AcDbLine
 10
34692.49285106525
 20
-8132.788246491661
 30
0.0
 11
34691.50603623435
 21
-8126.419990940235
 31
0.0
  0
LINE
  5
5A5
330
5A1
100
AcDbEntity
  8
0
 62
     1
370
    -2
100
AcDbLine
 10
34688.4523977531
 20
-8128.917047612754
 30
0.0
 11
34691.81229789554
 21
-8128.396402788734
 31
0.0
  0
MTEXT
  5
5A6
330
5A1
100
AcDbEntity
  8
0
 62
     7
100
AcDbMText
 10
34691.29501755785
 20
-8125.815092923828
 30
0.0
 40
2.5
 41
0.0
 46
0.0
 71
     5
 72
     1
  1
\A1;22
  7
DXT
 11
0.988205924249324
 21
0.1531308305944282
 31
0.0
 73
     1
 44
1.0
  0
INSERT
  5
5A7
330
5A1
100
AcDbEntity
  8
0
 62
     1
370
    -2
100
AcDbBlockReference
  2
_Oblique
 10
34688.4523977531
 20
-8128.917047612754
 30
0.0
 50
188.808406615894
  0
INSERT
  5
5A8
330
5A1
100
AcDbEntity
  8
0
 62
     1
370
    -2
100
AcDbBlockReference
  2
_Oblique
 10
34691.81229789554
 20
-8128.396402788734
 30
0.0
 50
8.808406615894004
  0
POINT
  5
5A9
330
5A1
100
AcDbEntity
  8
Defpoints
 62
     0
100
AcDbPoint
 10
34689.43921258399
 20
-8135.28530316418
 30
0.0
  0
POINT
  5
5AA
330
5A1
100
AcDbEntity
  8
Defpoints
 62
     0
100
AcDbPoint
 10
34692.79911272643
 20
-8134.764658340159
 30
0.0
  0
POINT
  5
5AB
330
5A1
100
AcDbEntity
  8
Defpoints
 62
     0
100
AcDbPoint
 10
34691.81229789554
 20
-8128.396402788734
 30
0.0
  0
ENDBLK
  5
5AC
330
5A1
100
AcDbEntity
  8
0
100
AcDbBlockEnd
  0
BLOCK
  5
765
330
764
100
AcDbEntity
  8
0
100
AcDbBlockBegin
  2
*D44
 70
     1
 10
0.0
 20
0.0
 30
0.0
  3
*D44
  1

  0
LINE
  5
766
330
764
100
AcDbEntity
  8
0
 62
     1
370
    -2
100
AcDbLine
 10
34566.23176627622
 20
-8174.68082548363
 30
0.0
 11
34568.55412673827
 21
-8169.746904954839
 31
0.0
  0
LINE
  5
767
330
764
100
AcDbEntity
  8
0
 62
     1
370
    -2
100
AcDbLine
 10
34564.64839729636
 20
-8173.935545235558
 30
0.0
 11
34566.97075775842
 21
-8169.001624706767
 31
0.0
  0
LINE
  5
768
330
764
100
AcDbEntity
  8
0
 62
     1
370
    -2
100
AcDbLine
 10
34567.70237787979
 20
-8171.556469510769
 30
0.0
 11
34568.60716015776
 21
-8171.982343940009
 31
0.0
  0
LINE
  5
769
330
764
100
AcDbEntity
  8
0
 62
     1
370
    -2
100
AcDbLine
 10
34566.11900889994
 20
-8170.811189262696
 30
0.0
 11
34565.21422662198
 21
-8170.385314833456
 31
0.0
  0
LINE
  5
76A
330
764
100
AcDbEntity
  8
0
 62
     1
370
    -2
100
AcDbLine
 10
34567.70237787979
 20
-8171.556469510769
 30
0.0
 11
34566.11900889994
 21
-8170.811189262696
 31
0.0
  0
INSERT
  5
76B
330
764
100
AcDbEntity
  8
0
 62
     1
370
    -2
100
AcDbBlockReference
  2
_Oblique
 10
34567.70237787979
 20
-8171.556469510769
 30
0.0
 50
154.7939755093233
  0
INSERT
  5
76C
330
764
100
AcDbEntity
  8
0
 62
     1
370
    -2
100
AcDbBlockReference
  2
_Oblique
 10
34566.11900889994
 20
-8170.811189262696
 30
0.0
 50
334.7939755093233
  0
MTEXT
  5
76D
330
764
100
AcDbEntity
  8
0
 62
     7
100
AcDbMText
 10
34567.86891085566
 20
-8169.148069261311
 30
0.0
 40
2.5
 41
0.0
 46
0.0
 71
     5
 72
     1
  1
\A1;35
  7
DXT
 11
0.9047822779647466
 21
-0.4258744292405027
 31
0.0
 73
     1
 44
1.0
  0
POINT
  5
76E
330
764
100
AcDbEntity
  8
Defpoints
 62
     0
100
AcDbPoint
 10
34565.38001741773
 20
-8176.490390039559
 30
0.0
  0
POINT
  5
76F
330
764
100
AcDbEntity
  8
Defpoints
 62
     0
100
AcDbPoint
 10
34563.79664843788
 20
-8175.745109791487
 30
0.0
  0
POINT
  5
770
330
764
100
AcDbEntity
  8
Defpoints
 62
     0
100
AcDbPoint
 10
34566.11900889994
 20
-8170.811189262696
 30
0.0
  0
ENDBLK
  5
771
330
764
100
AcDbEntity
  8
0
100
AcDbBlockEnd
  0
BLOCK
  5
774
330
773
100
AcDbEntity
  8
0
100
AcDbBlockBegin
  2
*D45
 70
     1
 10
0.0
 20
0.0
 30
0.0
  3
*D45
  1

  0
LINE
  5
775
330
773
100
AcDbEntity
  8
0
 62
     1
370
    -2
100
AcDbLine
 10
34570.07719520596
 20
-8176.490844962049
 30
0.0
 11
34572.39955566802
 21
-8171.556924433257
 31
0.0
  0
LINE
  5
776
330
773
100
AcDbEntity
  8
0
 62
     1
370
    -2
100
AcDbLine
 10
34568.4938262261
 20
-8175.745564713976
 30
0.0
 11
34570.81618668817
 21
-8170.811644185185
 31
0.0
  0
LINE
  5
777
330
773
100
AcDbEntity
  8
0
 62
     1
370
    -2
100
AcDbLine
 10
34571.54780680954
 20
-8173.366488989187
 30
0.0
 11
34572.4525890875
 21
-8173.792363418427
 31
0.0
  0
LINE
  5
778
330
773
100
AcDbEntity
  8
0
 62
     1
370
    -2
100
AcDbLine
 10
34569.96443782968
 20
-8172.621208741115
 30
0.0
 11
34569.05965555172
 21
-8172.195334311874
 31
0.0
  0
LINE
  5
779
330
773
100
AcDbEntity
  8
0
 62
     1
370
    -2
100
AcDbLine
 10
34571.54780680954
 20
-8173.366488989187
 30
0.0
 11
34569.96443782968
 21
-8172.621208741115
 31
0.0
  0
INSERT
  5
77A
330
773
100
AcDbEntity
  8
0
 62
     1
370
    -2
100
AcDbBlockReference
  2
_Oblique
 10
34571.54780680954
 20
-8173.366488989187
 30
0.0
 50
154.7939755093233
  0
INSERT
  5
77B
330
773
100
AcDbEntity
  8
0
 62
     1
370
    -2
100
AcDbBlockReference
  2
_Oblique
 10
34569.96443782968
 20
-8172.621208741115
 30
0.0
 50
334.7939755093233
  0
MTEXT
  5
77C
330
773
100
AcDbEntity
  8
0
 62
     7
100
AcDbMText
 10
34571.7143397854
 20
-8170.95808873973
 30
0.0
 40
2.5
 41
0.0
 46
0.0
 71
     5
 72
     1
  1
\A1;35
  7
DXT
 11
0.9047822779647466
 21
-0.4258744292405027
 31
0.0
 73
     1
 44
1.0
  0
POINT
  5
77D
330
773
100
AcDbEntity
  8
Defpoints
 62
     0
100
AcDbPoint
 10
34569.22544634748
 20
-8178.300409517978
 30
0.0
  0
POINT
  5
77E
330
773
100
AcDbEntity
  8
Defpoints
 62
     0
100
AcDbPoint
 10
34567.64207736762
 20
-8177.555129269906
 30
0.0
  0
POINT
  5
77F
330
773
100
AcDbEntity
  8
Defpoints
 62
     0
100
AcDbPoint
 10
34569.96443782968
 20
-8172.621208741115
 30
0.0
  0
ENDBLK
  5
780
330
773
100
AcDbEntity
  8
0
100
AcDbBlockEnd
  0
BLOCK
  5
7AC
330
7AB
100
AcDbEntity
  8
0
100
AcDbBlockBegin
  2
*D46
 70
     1
 10
0.0
 20
0.0
 30
0.0
  3
*D46
  1

  0
LINE
  5
7AD
330
7AB
100
AcDbEntity
  8
3
 62
     1
370
    -2
100
AcDbLine
 10
34440.76789644695
 20
-8155.62197964703
 30
0.0
 11
34433.59697582065
 21
-8155.62197964703
 31
0.0
  0
LINE
  5
7AE
330
7AB
100
AcDbEntity
  8
3
 62
     1
370
    -2
100
AcDbLine
 10
34440.76789644695
 20
-8146.021979647027
 30
0.0
 11
34433.59697582065
 21
-8146.021979647027
 31
0.0
  0
LINE
  5
7AF
330
7AB
100
AcDbEntity
  8
3
 62
     1
370
    -2
100
AcDbLine
 10
34435.59697582065
 20
-8155.62197964703
 30
0.0
 11
34435.59697582065
 21
-8146.021979647027
 31
0.0
  0
INSERT
  5
7B0
330
7AB
100
AcDbEntity
  8
3
 62
     1
370
    -2
100
AcDbBlockReference
  2
_Oblique
 10
34435.59697582065
 20
-8155.62197964703
 30
0.0
 50
270.0
  0
INSERT
  5
7B1
330
7AB
100
AcDbEntity
  8
3
 62
     1
370
    -2
100
AcDbBlockReference
  2
_Oblique
 10
34435.59697582065
 20
-8146.021979647027
 30
0.0
 50
90.0
  0
MTEXT
  5
7B2
330
7AB
100
AcDbEntity
  8
3
 62
     7
100
AcDbMText
 10
34433.34697582065
 20
-8150.821979647023
 30
0.0
 40
2.5
 41
0.0
 46
0.0
 71
     5
 72
     1
  1
\A1;50
  7
DXT
 11
6.123031769111886E-17
 21
1.0
 31
0.0
 73
     1
 44
1.0
  0
POINT
  5
7B3
330
7AB
100
AcDbEntity
  8
Defpoints
 62
     0
100
AcDbPoint
 10
34442.76789644695
 20
-8155.62197964703
 30
0.0
  0
POINT
  5
7B4
330
7AB
100
AcDbEntity
  8
Defpoints
 62
     0
100
AcDbPoint
 10
34442.76789644695
 20
-8146.021979647027
 30
0.0
  0
POINT
  5
7B5
330
7AB
100
AcDbEntity
  8
Defpoints
 62
     0
100
AcDbPoint
 10
34435.59697582065
 20
-8146.021979647027
 30
0.0
  0
ENDBLK
  5
7B6
330
7AB
100
AcDbEntity
  8
0
100
AcDbBlockEnd
  0
BLOCK
  5
7B9
330
7B8
100
AcDbEntity
  8
0
100
AcDbBlockBegin
  2
*D47
 70
     1
 10
0.0
 20
0.0
 30
0.0
  3
*D47
  1

  0
LINE
  5
7BA
330
7B8
100
AcDbEntity
  8
3
 62
     1
370
    -2
100
AcDbLine
 10
34440.76789644695
 20
-8155.62197964703
 30
0.0
 11
34437.52308709196
 21
-8155.62197964703
 31
0.0
  0
LINE
  5
7BB
330
7B8
100
AcDbEntity
  8
3
 62
     1
370
    -2
100
AcDbLine
 10
34440.76789644695
 20
-8150.82197964703
 30
0.0
 11
34437.52308709196
 21
-8150.82197964703
 31
0.0
  0
LINE
  5
7BC
330
7B8
100
AcDbEntity
  8
3
 62
     1
370
    -2
100
AcDbLine
 10
34439.52308709196
 20
-8155.62197964703
 30
0.0
 11
34439.52308709196
 21
-8156.62197964703
 31
0.0
  0
LINE
  5
7BD
330
7B8
100
AcDbEntity
  8
3
 62
     1
370
    -2
100
AcDbLine
 10
34439.52308709196
 20
-8150.82197964703
 30
0.0
 11
34439.52308709196
 21
-8149.82197964703
 31
0.0
  0
LINE
  5
7BE
330
7B8
100
AcDbEntity
  8
3
 62
     1
370
    -2
100
AcDbLine
 10
34439.52308709196
 20
-8155.62197964703
 30
0.0
 11
34439.52308709196
 21
-8150.82197964703
 31
0.0
  0
INSERT
  5
7BF
330
7B8
100
AcDbEntity
  8
3
 62
     1
370
    -2
100
AcDbBlockReference
  2
_Oblique
 10
34439.52308709196
 20
-8155.62197964703
 30
0.0
 50
90.0
  0
INSERT
  5
7C0
330
7B8
100
AcDbEntity
  8
3
 62
     1
370
    -2
100
AcDbBlockReference
  2
_Oblique
 10
34439.52308709196
 20
-8150.82197964703
 30
0.0
 50
270.0
  0
MTEXT
  5
7C1
330
7B8
100
AcDbEntity
  8
3
 62
     7
100
AcDbMText
 10
34437.27308709196
 20
-8153.221979647024
 30
0.0
 40
2.5
 41
0.0
 46
0.0
 71
     5
 72
     1
  1
\A1;25
  7
DXT
 11
6.123031769111886E-17
 21
1.0
 31
0.0
 73
     1
 44
1.0
  0
POINT
  5
7C2
330
7B8
100
AcDbEntity
  8
Defpoints
 62
     0
100
AcDbPoint
 10
34442.76789644695
 20
-8155.62197964703
 30
0.0
  0
POINT
  5
7C3
330
7B8
100
AcDbEntity
  8
Defpoints
 62
     0
100
AcDbPoint
 10
34442.76789644695
 20
-8150.82197964703
 30
0.0
  0
POINT
  5
7C4
330
7B8
100
AcDbEntity
  8
Defpoints
 62
     0
100
AcDbPoint
 10
34439.52308709196
 20
-8150.82197964703
 30
0.0
  0
ENDBLK
  5
7C5
330
7B8
100
AcDbEntity
  8
0
100
AcDbBlockEnd
  0
BLOCK
  5
7C8
330
7C7
100
AcDbEntity
  8
0
100
AcDbBlockBegin
  2
*D48
 70
     1
 10
0.0
 20
0.0
 30
0.0
  3
*D48
  1

  0
LINE
  5
7C9
330
7C7
100
AcDbEntity
  8
3
 62
     1
370
    -2
100
AcDbLine
 10
34442.76789644695
 20
-8157.621979647029
 30
0.0
 11
34442.76789644695
 21
-8161.477677521932
 31
0.0
  0
LINE
  5
7CA
330
7C7
100
AcDbEntity
  8
3
 62
     1
370
    -2
100
AcDbLine
 10
34447.56789644696
 20
-8157.621979647029
 30
0.0
 11
34447.56789644696
 21
-8161.477677521932
 31
0.0
  0
LINE
  5
7CB
330
7C7
100
AcDbEntity
  8
3
 62
     1
370
    -2
100
AcDbLine
 10
34442.76789644695
 20
-8159.477677521932
 30
0.0
 11
34441.76789644695
 21
-8159.477677521932
 31
0.0
  0
LINE
  5
7CC
330
7C7
100
AcDbEntity
  8
3
 62
     1
370
    -2
100
AcDbLine
 10
34447.56789644696
 20
-8159.477677521932
 30
0.0
 11
34448.56789644696
 21
-8159.477677521932
 31
0.0
  0
LINE
  5
7CD
330
7C7
100
AcDbEntity
  8
3
 62
     1
370
    -2
100
AcDbLine
 10
34442.76789644695
 20
-8159.477677521932
 30
0.0
 11
34447.56789644696
 21
-8159.477677521932
 31
0.0
  0
INSERT
  5
7CE
330
7C7
100
AcDbEntity
  8
3
 62
     1
370
    -2
100
AcDbBlockReference
  2
_Oblique
 10
34442.76789644695
 20
-8159.477677521932
 30
0.0
  0
INSERT
  5
7CF
330
7C7
100
AcDbEntity
  8
3
 62
     1
370
    -2
100
AcDbBlockReference
  2
_Oblique
 10
34447.56789644696
 20
-8159.477677521932
 30
0.0
 50
180.0
  0
MTEXT
  5
7D0
330
7C7
100
AcDbEntity
  8
3
 62
     7
100
AcDbMText
 10
34445.16789644696
 20
-8157.227677521932
 30
0.0
 40
2.5
 41
0.0
 46
0.0
 71
     5
 72
     1
  1
\A1;25
  7
DXT
 73
     1
 44
1.0
  0
POINT
  5
7D1
330
7C7
100
AcDbEntity
  8
Defpoints
 62
     0
100
AcDbPoint
 10
34442.76789644695
 20
-8155.621979647029
 30
0.0
  0
POINT
  5
7D2
330
7C7
100
AcDbEntity
  8
Defpoints
 62
     0
100
AcDbPoint
 10
34447.56789644696
 20
-8155.621979647029
 30
0.0
  0
POINT
  5
7D3
330
7C7
100
AcDbEntity
  8
Defpoints
 62
     0
100
AcDbPoint
 10
34447.56789644696
 20
-8159.477677521932
 30
0.0
  0
ENDBLK
  5
7D4
330
7C7
100
AcDbEntity
  8
0
100
AcDbBlockEnd
  0
BLOCK
  5
7D7
330
7D6
100
AcDbEntity
  8
0
100
AcDbBlockBegin
  2
*D49
 70
     1
 10
0.0
 20
0.0
 30
0.0
  3
*D49
  1

  0
LINE
  5
7D8
330
7D6
100
AcDbEntity
  8
3
 62
     1
370
    -2
100
AcDbLine
 10
34442.76789644695
 20
-8157.621979647029
 30
0.0
 11
34442.76789644695
 21
-8166.197689106983
 31
0.0
  0
LINE
  5
7D9
330
7D6
100
AcDbEntity
  8
3
 62
     1
370
    -2
100
AcDbLine
 10
34452.36789644695
 20
-8157.621979647029
 30
0.0
 11
34452.36789644695
 21
-8166.197689106983
 31
0.0
  0
LINE
  5
7DA
330
7D6
100
AcDbEntity
  8
3
 62
     1
370
    -2
100
AcDbLine
 10
34442.76789644695
 20
-8164.197689106983
 30
0.0
 11
34452.36789644695
 21
-8164.197689106983
 31
0.0
  0
INSERT
  5
7DB
330
7D6
100
AcDbEntity
  8
3
 62
     1
370
    -2
100
AcDbBlockReference
  2
_Oblique
 10
34442.76789644695
 20
-8164.197689106983
 30
0.0
 50
180.0
  0
INSERT
  5
7DC
330
7D6
100
AcDbEntity
  8
3
 62
     1
370
    -2
100
AcDbBlockReference
  2
_Oblique
 10
34452.36789644695
 20
-8164.197689106983
 30
0.0
  0
MTEXT
  5
7DD
330
7D6
100
AcDbEntity
  8
3
 62
     7
100
AcDbMText
 10
34447.56789644695
 20
-8161.947689106983
 30
0.0
 40
2.5
 41
0.0
 46
0.0
 71
     5
 72
     1
  1
\A1;50
  7
DXT
 73
     1
 44
1.0
  0
POINT
  5
7DE
330
7D6
100
AcDbEntity
  8
Defpoints
 62
     0
100
AcDbPoint
 10
34442.76789644695
 20
-8155.621979647029
 30
0.0
  0
POINT
  5
7DF
330
7D6
100
AcDbEntity
  8
Defpoints
 62
     0
100
AcDbPoint
 10
34452.36789644695
 20
-8155.621979647029
 30
0.0
  0
POINT
  5
7E0
330
7D6
100
AcDbEntity
  8
Defpoints
 62
     0
100
AcDbPoint
 10
34452.36789644695
 20
-8164.197689106983
 30
0.0
  0
ENDBLK
  5
7E1
330
7D6
100
AcDbEntity
  8
0
100
AcDbBlockEnd
  0
BLOCK
  5
7E4
330
7E3
100
AcDbEntity
  8
0
100
AcDbBlockBegin
  2
*D50
 70
     1
 10
0.0
 20
0.0
 30
0.0
  3
*D50
  1

  0
LINE
  5
7E5
330
7E3
100
AcDbEntity
  8
3
 62
     1
370
    -2
100
AcDbLine
 10
34452.36789644695
 20
-8157.621979647029
 30
0.0
 11
34452.36789644695
 21
-8161.477677521932
 31
0.0
  0
LINE
  5
7E6
330
7E3
100
AcDbEntity
  8
3
 62
     1
370
    -2
100
AcDbLine
 10
34447.56789644696
 20
-8157.621979647029
 30
0.0
 11
34447.56789644696
 21
-8161.477677521932
 31
0.0
  0
LINE
  5
7E7
330
7E3
100
AcDbEntity
  8
3
 62
     1
370
    -2
100
AcDbLine
 10
34452.36789644695
 20
-8159.477677521932
 30
0.0
 11
34453.36789644695
 21
-8159.477677521932
 31
0.0
  0
LINE
  5
7E8
330
7E3
100
AcDbEntity
  8
3
 62
     1
370
    -2
100
AcDbLine
 10
34447.56789644696
 20
-8159.477677521932
 30
0.0
 11
34446.56789644696
 21
-8159.477677521932
 31
0.0
  0
LINE
  5
7E9
330
7E3
100
AcDbEntity
  8
3
 62
     1
370
    -2
100
AcDbLine
 10
34452.36789644695
 20
-8159.477677521932
 30
0.0
 11
34447.56789644696
 21
-8159.477677521932
 31
0.0
  0
INSERT
  5
7EA
330
7E3
100
AcDbEntity
  8
3
 62
     1
370
    -2
100
AcDbBlockReference
  2
_Oblique
 10
34452.36789644695
 20
-8159.477677521932
 30
0.0
 50
180.0
  0
INSERT
  5
7EB
330
7E3
100
AcDbEntity
  8
3
 62
     1
370
    -2
100
AcDbBlockReference
  2
_Oblique
 10
34447.56789644696
 20
-8159.477677521932
 30
0.0
  0
MTEXT
  5
7EC
330
7E3
100
AcDbEntity
  8
3
 62
     7
100
AcDbMText
 10
34449.96789644695
 20
-8157.227677521932
 30
0.0
 40
2.5
 41
0.0
 46
0.0
 71
     5
 72
     1
  1
\A1;25
  7
DXT
 73
     1
 44
1.0
  0
POINT
  5
7ED
330
7E3
100
AcDbEntity
  8
Defpoints
 62
     0
100
AcDbPoint
 10
34452.36789644695
 20
-8155.621979647029
 30
0.0
  0
POINT
  5
7EE
330
7E3
100
AcDbEntity
  8
Defpoints
 62
     0
100
AcDbPoint
 10
34447.56789644696
 20
-8155.621979647029
 30
0.0
  0
POINT
  5
7EF
330
7E3
100
AcDbEntity
  8
Defpoints
 62
     0
100
AcDbPoint
 10
34447.56789644696
 20
-8159.477677521932
 30
0.0
  0
ENDBLK
  5
7F0
330
7E3
100
AcDbEntity
  8
0
100
AcDbBlockEnd
  0
BLOCK
  5
7F7
330
7F6
100
AcDbEntity
  8
0
100
AcDbBlockBegin
  2
*D51
 70
     1
 10
0.0
 20
0.0
 30
0.0
  3
*D51
  1

  0
LINE
  5
7F8
330
7F6
100
AcDbEntity
  8
3
 62
     1
370
    -2
100
AcDbLine
 10
34440.76789644695
 20
-8146.021979647027
 30
0.0
 11
34437.52308709196
 21
-8146.021979647027
 31
0.0
  0
LINE
  5
7F9
330
7F6
100
AcDbEntity
  8
3
 62
     1
370
    -2
100
AcDbLine
 10
34440.76789644695
 20
-8150.82197964703
 30
0.0
 11
34437.52308709196
 21
-8150.82197964703
 31
0.0
  0
LINE
  5
7FA
330
7F6
100
AcDbEntity
  8
3
 62
     1
370
    -2
100
AcDbLine
 10
34439.52308709196
 20
-8146.021979647027
 30
0.0
 11
34439.52308709196
 21
-8145.021979647027
 31
0.0
  0
LINE
  5
7FB
330
7F6
100
AcDbEntity
  8
3
 62
     1
370
    -2
100
AcDbLine
 10
34439.52308709196
 20
-8150.82197964703
 30
0.0
 11
34439.52308709196
 21
-8151.82197964703
 31
0.0
  0
LINE
  5
7FC
330
7F6
100
AcDbEntity
  8
3
 62
     1
370
    -2
100
AcDbLine
 10
34439.52308709196
 20
-8146.021979647027
 30
0.0
 11
34439.52308709196
 21
-8150.82197964703
 31
0.0
  0
INSERT
  5
7FD
330
7F6
100
AcDbEntity
  8
3
 62
     1
370
    -2
100
AcDbBlockReference
  2
_Oblique
 10
34439.52308709196
 20
-8146.021979647027
 30
0.0
 50
270.0
  0
INSERT
  5
7FE
330
7F6
100
AcDbEntity
  8
3
 62
     1
370
    -2
100
AcDbBlockReference
  2
_Oblique
 10
34439.52308709196
 20
-8150.82197964703
 30
0.0
 50
90.0
  0
MTEXT
  5
7FF
330
7F6
100
AcDbEntity
  8
3
 62
     7
100
AcDbMText
 10
34437.27308709196
 20
-8148.421979647023
 30
0.0
 40
2.5
 41
0.0
 46
0.0
 71
     5
 72
     1
  1
\A1;25
  7
DXT
 11
6.123031769111886E-17
 21
1.0
 31
0.0
 73
     1
 44
1.0
  0
POINT
  5
800
330
7F6
100
AcDbEntity
  8
Defpoints
 62
     0
100
AcDbPoint
 10
34442.76789644695
 20
-8146.021979647027
 30
0.0
  0
POINT
  5
801
330
7F6
100
AcDbEntity
  8
Defpoints
 62
     0
100
AcDbPoint
 10
34442.76789644695
 20
-8150.82197964703
 30
0.0
  0
POINT
  5
802
330
7F6
100
AcDbEntity
  8
Defpoints
 62
     0
100
AcDbPoint
 10
34439.52308709196
 20
-8150.82197964703
 30
0.0
  0
ENDBLK
  5
803
330
7F6
100
AcDbEntity
  8
0
100
AcDbBlockEnd
  0
BLOCK
  5
82A
330
829
100
AcDbEntity
  8
0
100
AcDbBlockBegin
  2
*D52
 70
     1
 10
0.0
 20
0.0
 30
0.0
  3
*D52
  1

  0
LINE
  5
82B
330
829
100
AcDbEntity
  8
0
 62
     1
370
    -2
100
AcDbLine
 10
34533.36046963222
 20
-8311.346105217835
 30
0.0
 11
34539.05625102991
 21
-8334.118453611782
 31
0.0
  0
LINE
  5
82C
330
829
100
AcDbEntity
  8
0
 62
     1
370
    -2
100
AcDbLine
 10
34575.0754355891
 20
-8300.912428242935
 30
0.0
 11
34580.77121698678
 21
-8323.684776636883
 31
0.0
  0
LINE
  5
82D
330
829
100
AcDbEntity
  8
0
 62
     1
370
    -2
100
AcDbLine
 10
34538.57096372875
 20
-8332.178222637043
 30
0.0
 11
34580.28592968563
 21
-8321.744545662144
 31
0.0
  0
INSERT
  5
82E
330
829
100
AcDbEntity
  8
0
 62
     1
370
    -2
100
AcDbBlockReference
  2
_Oblique
 10
34538.57096372875
 20
-8332.178222637043
 30
0.0
 50
194.0426234521463
  0
INSERT
  5
82F
330
829
100
AcDbEntity
  8
0
 62
     1
370
    -2
100
AcDbBlockReference
  2
_Oblique
 10
34580.28592968563
 20
-8321.744545662144
 30
0.0
 50
14.04262345214631
  0
MTEXT
  5
830
330
829
100
AcDbEntity
  8
0
 62
     7
100
AcDbMText
 10
34558.88249849338
 20
-8324.778624303013
 30
0.0
 40
2.5
 41
0.0
 46
0.0
 71
     5
 72
     1
  1
\A1;860
  7
DXT
 11
0.9701154873692451
 21
0.2426436505790581
 31
0.0
 73
     1
 44
1.0
  0
POINT
  5
831
330
829
100
AcDbEntity
  8
Defpoints
 62
     0
100
AcDbPoint
 10
34532.87518233106
 20
-8309.405874243095
 30
0.0
  0
POINT
  5
832
330
829
100
AcDbEntity
  8
Defpoints
 62
     0
100
AcDbPoint
 10
34574.59014828794
 20
-8298.972197268196
 30
0.0
  0
POINT
  5
833
330
829
100
AcDbEntity
  8
Defpoints
 62
     0
100
AcDbPoint
 10
34580.28592968563
 20
-8321.744545662144
 30
0.0
  0
ENDBLK
  5
834
330
829
100
AcDbEntity
  8
0
100
AcDbBlockEnd
  0
ENDSEC
  0
SECTION
  2
ENTITIES
  0
INSERT
  5
45
330
2
100
AcDbEntity
  8
2
100
AcDbBlockReference
  2
M16X40
 10
34555.92829800022
 20
-8016.700129919176
 30
0.0
 41
5.000000000003006
 42
5.0
 43
5.0
 50
324.3151717382385
  0
INSERT
  5
55
330
2
100
AcDbEntity
  8
2
100
AcDbBlockReference
  2
M16X40
 10
34521.21864187107
 20
-8065.030728719485
 30
0.0
 41
5.000000000003006
 42
5.0
 43
5.0
 50
324.3151717382385
  0
TEXT
  5
56
330
2
100
AcDbEntity
  8
2
100
AcDbText
 10
34557.15367543763
 20
-8042.540943228196
 30
0.0
 40
2.5
  1
-4X1
 50
324.3151717381244
 41
0.7
100
AcDbText
  0
LINE
  5
57
330
2
100
AcDbEntity
  8
2
100
AcDbLine
 10
34557.1513661182
 20
-8043.634015046868
 30
0.0
 11
34562.837032246
 21
-8047.717298123425
 31
0.0
  0
LINE
  5
58
330
2
100
AcDbEntity
  8
2
100
AcDbLine
 10
34554.67690088559
 20
-8052.430453644432
 30
0.0
 11
34557.1513661182
 21
-8043.634015046868
 31
0.0
  0
INSERT
  5
59
330
2
100
AcDbEntity
  8
2
100
AcDbBlockReference
  2
M16X40
 10
34554.67690088558
 20
-8052.430453644431
 30
0.0
 41
5.000000000003006
 42
5.0
 43
5.0
 50
324.3151717382385
  0
INSERT
  5
5A
330
2
100
AcDbEntity
  8
2
100
AcDbBlockReference
  2
M16X40
 10
34583.56314429251
 20
-8045.480645079662
 30
0.0
 41
5.000000000003006
 42
5.0
 43
5.0
 50
324.3151717382385
  0
INSERT
  5
5B
330
2
100
AcDbEntity
  8
2
100
AcDbBlockReference
  2
M16X40
 10
34557.31930063336
 20
-8082.023233521011
 30
0.0
 41
5.000000000003006
 42
5.0
 43
5.0
 50
324.3151717382385
  0
INSERT
  5
5C
330
2
100
AcDbEntity
  8
2
100
AcDbBlockReference
  2
M16X40
 10
34580.79257582456
 20
-8042.595228495424
 30
0.0
 41
5.000000000003006
 42
5.0
 43
5.0
 50
324.3151717382385
  0
INSERT
  5
5D
330
2
100
AcDbEntity
  8
2
100
AcDbBlockReference
  2
M16X40
 10
34553.69999261164
 20
-8080.319623253339
 30
0.0
 41
5.000000000003006
 42
5.0
 43
5.0
 50
324.3151717382385
  0
LINE
  5
5E
330
2
100
AcDbEntity
  8
7
100
AcDbLine
 10
34511.4898556482
 20
-8070.232947104458
 30
0.0
 11
34557.74994711534
 21
-8005.819231427042
 31
0.0
  0
LINE
  5
64
330
2
100
AcDbEntity
  8
5
100
AcDbLine
 10
34596.82209010139
 20
-8100.616318189597
 30
0.0
 11
34613.80154778599
 21
-8076.973693954198
 31
0.0
  0
TEXT
  5
6A
330
2
100
AcDbEntity
  8
3
100
AcDbText
 10
34565.841205238
 20
-8063.218462233934
 30
0.0
 40
2.5
  1
900
 50
54.31517173833058
 41
0.7
 72
     1
 11
34567.15368908402
 21
-8061.390926692855
 31
0.0
100
AcDbText
  0
LINE
  5
6F
330
2
100
AcDbEntity
  8
3
100
AcDbLine
 10
34567.22690346296
 20
-8055.288907301328
 30
0.0
 11
34561.39480857733
 21
-8063.409663007849
 31
0.0
  0
TEXT
  5
70
330
2
100
AcDbEntity
  8
3
100
AcDbText
 10
34566.65885775985
 20
-8053.253768367978
 30
0.0
 40
2.5
  1
80
 50
313.8359717382103
 41
0.7
 72
     1
 11
34567.6400356769
 21
-8054.275646217595
 31
0.0
100
AcDbText
  0
LINE
  5
71
330
2
100
AcDbEntity
  8
3
100
AcDbLine
 10
34566.6108084898
 20
-8054.647612139866
 30
0.0
 11
34567.22690346296
 21
-8055.288907301328
 31
0.0
  0
TEXT
  5
72
330
2
100
AcDbEntity
  8
3
100
AcDbText
 10
34561.25122230329
 20
-8055.59741675143
 30
0.0
 40
2.5
  1
558
 50
20.63617173816333
 41
0.7
 72
     1
 11
34563.35685606174
 21
-8054.804443564455
 31
0.0
100
AcDbText
  0
LINE
  5
73
330
2
100
AcDbEntity
  8
3
100
AcDbLine
 10
34560.8076734474
 20
-8056.833399453273
 30
0.0
 11
34566.6108084898
 21
-8054.647612139866
 31
0.0
  0
TEXT
  5
74
330
2
100
AcDbEntity
  8
3
100
AcDbText
 10
34557.27980243435
 20
-8057.560706407729
 30
0.0
 40
2.5
  1
558
 50
267.9941717383993
 41
0.7
 72
     1
 11
34557.20104983131
 21
-8059.809327769255
 31
0.0
100
AcDbText
  0
LINE
  5
75
330
2
100
AcDbEntity
  8
3
100
AcDbLine
 10
34560.59029925651
 20
-8063.030720726289
 30
0.0
 11
34560.8076734474
 21
-8056.833399453273
 31
0.0
  0
TEXT
  5
76
330
2
100
AcDbEntity
  8
3
100
AcDbText
 10
34558.22030461919
 20
-8065.783831750871
 30
0.0
 40
2.5
  1
80
 50
334.7943717383778
 41
0.7
 72
     1
 11
34559.50208368522
 21
-8066.387144994831
 31
0.0
100
AcDbText
  0
LINE
  5
77
330
2
100
AcDbEntity
  8
3
100
AcDbLine
 10
34561.39480857733
 20
-8063.409663007849
 30
0.0
 11
34560.59029925651
 21
-8063.030720726289
 31
0.0
  0
TEXT
  5
78
330
2
100
AcDbEntity
  8
3
100
AcDbText
 10
34546.57289499331
 20
-8063.80688148125
 30
0.0
 40
2.5
  1
558
 50
267.9941717383993
 41
0.7
 72
     1
 11
34546.49414239027
 21
-8066.055502842777
 31
0.0
100
AcDbText
  0
LINE
  5
79
330
2
100
AcDbEntity
  8
3
100
AcDbLine
 10
34545.39233339519
 20
-8068.933705960757
 30
0.0
 11
34545.5963747173
 21
-8063.107239759978
 31
0.0
  0
TEXT
  5
7A
330
2
100
AcDbEntity
  8
3
100
AcDbText
 10
34538.62428671059
 20
-8069.616307638126
 30
0.0
 40
2.5
  1
718
 50
334.7943717383778
 41
0.7
 72
     1
 11
34540.50925592534
 21
-8070.50353299689
 31
0.0
100
AcDbText
  0
LINE
  5
7B
330
2
100
AcDbEntity
  8
3
100
AcDbLine
 10
34538.60682725581
 20
-8065.73985989653
 30
0.0
 11
34545.39233339519
 21
-8068.933705960757
 31
0.0
  0
TEXT
  5
7C
330
2
100
AcDbEntity
  8
3
100
AcDbText
 10
34539.79955519223
 20
-8064.221722028525
 30
0.0
 40
2.5
  1
715
 50
20.63617173816333
 41
0.7
 72
     1
 11
34541.74921607969
 21
-8063.487487596141
 31
0.0
100
AcDbText
  0
LINE
  5
7D
330
2
100
AcDbEntity
  8
3
100
AcDbLine
 10
34545.5963747173
 20
-8063.107239759978
 30
0.0
 11
34538.60682725581
 21
-8065.73985989653
 31
0.0
  0
TEXT
  5
7E
330
2
100
AcDbEntity
  8
3
100
AcDbText
 10
34581.87722043244
 20
-8074.735070488281
 30
0.0
 40
2.5
  1
900
 50
54.31517173833058
 41
0.7
 72
     1
 11
34583.18970427847
 21
-8072.907534947202
 31
0.0
100
AcDbText
  0
LINE
  5
7F
330
2
100
AcDbEntity
  8
3
100
AcDbLine
 10
34586.91798973952
 20
-8069.430483247728
 30
0.0
 11
34581.08589485391
 21
-8077.551238954249
 31
0.0
  0
TEXT
  5
80
330
2
100
AcDbEntity
  8
3
100
AcDbText
 10
34589.44076694981
 20
-8070.614095854426
 30
0.0
 40
2.5
  1
873
 50
313.8359717382103
 41
0.7
 72
     1
 11
34590.99910834748
 21
-8072.237078321465
 31
0.0
100
AcDbText
  0
LINE
  5
81
330
2
100
AcDbEntity
  8
3
100
AcDbLine
 10
34593.63757589126
 20
-8076.429306520207
 30
0.0
 11
34586.91798973952
 21
-8069.430483247728
 31
0.0
  0
TEXT
  5
82
330
2
100
AcDbEntity
  8
3
100
AcDbText
 10
34593.28144832775
 20
-8082.9252613506
 30
0.0
 40
2.5
  1
582
 50
54.31517173833058
 41
0.7
 72
     1
 11
34594.59393217378
 21
-8081.097725809521
 31
0.0
100
AcDbText
  0
LINE
  5
83
330
2
100
AcDbEntity
  8
3
100
AcDbLine
 10
34589.86462232853
 20
-8081.682862022295
 30
0.0
 11
34593.63757589126
 21
-8076.429306520207
 31
0.0
  0
TEXT
  5
84
330
2
100
AcDbEntity
  8
3
100
AcDbText
 10
34581.94916743915
 20
-8081.825597169068
 30
0.0
 40
2.5
  1
873
 50
334.7943717383778
 41
0.7
 72
     1
 11
34583.98493419108
 21
-8082.783800556534
 31
0.0
100
AcDbText
  0
LINE
  5
85
330
2
100
AcDbEntity
  8
3
100
AcDbLine
 10
34581.08589485391
 20
-8077.551238954249
 30
0.0
 11
34589.86462232853
 21
-8081.682862022295
 31
0.0
  0
TEXT
  5
86
330
2
100
AcDbEntity
  8
3
100
AcDbText
 10
34537.30158137614
 20
-8044.243408686001
 30
0.0
 40
2.5
  1
1226
 50
54.31517173833058
 41
0.7
 72
     1
 11
34538.97864406829
 21
-8041.908224383511
 31
0.0
100
AcDbText
  0
LINE
  5
87
330
2
100
AcDbEntity
  8
3
100
AcDbLine
 10
34537.13382543186
 20
-8045.558918198563
 30
0.0
 11
34541.80090132313
 21
-8039.060364262094
 31
0.0
  0
TEXT
  5
88
330
2
100
AcDbEntity
  8
3
100
AcDbText
 10
34534.23394935097
 20
-8048.059496535184
 30
0.0
 40
2.5
  1
99
 50
334.794271738208
 41
0.7
 72
     1
 11
34535.4780280107
 21
-8048.6450674433
 31
0.0
100
AcDbText
  0
LINE
  5
89
330
2
100
AcDbEntity
  8
3
100
AcDbLine
 10
34537.71835817674
 20
-8045.833927780486
 30
0.0
 11
34537.13382543186
 21
-8045.558918198563
 31
0.0
  0
TEXT
  5
8A
330
2
100
AcDbEntity
  8
3
100
AcDbText
 10
34538.99932727729
 20
-8049.074886678934
 30
0.0
 40
2.5
  1
715
 50
20.63617173816333
 41
0.7
 72
     1
 11
34540.94898816474
 21
-8048.34065224655
 31
0.0
100
AcDbText
  0
LINE
  5
8B
330
2
100
AcDbEntity
  8
3
100
AcDbLine
 10
34542.08504406273
 20
-8044.189584758758
 30
0.0
 11
34537.71835817674
 21
-8045.833927780486
 31
0.0
  0
TEXT
  5
8C
330
2
100
AcDbEntity
  8
3
100
AcDbText
 10
34542.89222514335
 20
-8039.777803734784
 30
0.0
 40
2.5
  1
715
 50
267.9941717383993
 41
0.7
 72
     1
 11
34542.81930606645
 21
-8041.859860551012
 31
0.0
100
AcDbText
  0
LINE
  5
8D
330
2
100
AcDbEntity
  8
3
100
AcDbLine
 10
34542.24823575664
 20
-8039.52641222592
 30
0.0
 11
34542.08504406273
 21
-8044.189584758758
 31
0.0
  0
TEXT
  5
8E
330
2
100
AcDbEntity
  8
3
100
AcDbText
 10
34541.26814432815
 20
-8037.354723127907
 30
0.0
 40
2.5
  1
99
 50
313.8360717383694
 41
0.7
 72
     1
 11
34542.22046580223
 21
-8038.346544084538
 31
0.0
100
AcDbText
  0
LINE
  5
8F
330
2
100
AcDbEntity
  8
3
100
AcDbLine
 10
34541.80090132313
 20
-8039.060364262094
 30
0.0
 11
34542.24823575664
 21
-8039.52641222592
 31
0.0
  0
LWPOLYLINE
  5
90
330
2
100
AcDbEntity
  8
2
100
AcDbPolyline
 90
        2
 70
     0
 43
0.25
 10
34557.04636479882
 20
-8017.359047124832
 10
34558.85004044624
 20
-8015.627573356935
  0
LWPOLYLINE
  5
91
330
2
100
AcDbEntity
  8
2
100
AcDbPolyline
 90
        2
 70
     0
 43
0.25
 10
34555.31500548683
 20
-8015.55606925951
 10
34557.11827501523
 20
-8013.824303828515
  0
LWPOLYLINE
  5
92
330
2
100
AcDbEntity
  8
2
100
AcDbPolyline
 90
        2
 70
     0
 43
0.25
 10
34608.7235735257
 20
-8067.569904642885
 10
34606.92030399728
 20
-8069.301670073866
  0
LWPOLYLINE
  5
93
330
2
100
AcDbEntity
  8
2
100
AcDbPolyline
 90
        2
 70
     0
 43
0.25
 10
34610.4550472936
 20
-8069.373580290288
 10
34608.65206942831
 20
-8071.104939602279
  0
LWPOLYLINE
  5
94
330
2
100
AcDbEntity
  8
2
100
AcDbPolyline
 90
        2
 70
     0
 43
0.25
 10
34587.3537948206
 20
-8096.54656992024
 10
34586.28884965081
 20
-8098.808578825025
  0
LWPOLYLINE
  5
95
330
2
100
AcDbEntity
  8
2
100
AcDbPolyline
 90
        2
 70
     0
 43
0.25
 10
34589.61580372542
 20
-8097.611515090051
 10
34588.55115021866
 20
-8099.87311787581
  0
LWPOLYLINE
  5
96
330
2
100
AcDbEntity
  8
2
100
AcDbPolyline
 90
        2
 70
     0
 43
0.25
 10
34521.1356712989
 20
-8068.14201018928
 10
34522.20021034968
 20
-8065.879709621411
  0
LWPOLYLINE
  5
97
330
2
100
AcDbEntity
  8
2
100
AcDbPolyline
 90
        2
 70
     0
 43
0.25
 10
34518.8736623941
 20
-8067.077065019454
 10
34519.93860756389
 20
-8064.815056114676
  0
TEXT
  5
98
330
2
100
AcDbEntity
  8
0
100
AcDbText
 10
34573.60461694301
 20
-8068.116769163721
 30
0.0
 40
2.5
  1
L40X3
 50
54.31517173833058
 41
0.7
 72
     1
 11
34575.81639527613
 21
-8065.037033344495
 31
0.0
100
AcDbText
  0
TEXT
  5
99
330
2
100
AcDbEntity
  8
0
100
AcDbText
 10
34577.34674449399
 20
-8068.906210423842
 30
0.0
 40
2.5
  1
950
 50
54.31517173833058
 41
0.7
 72
     1
 11
34578.65922834002
 21
-8067.078674882763
 31
0.0
100
AcDbText
  0
LINE
  5
9A
330
2
100
AcDbEntity
  8
0
100
AcDbLine
 10
34578.59227678504
 20
-8062.028979472227
 30
0.0
 11
34573.85275178547
 21
-8068.628413370556
 31
0.0
  0
TEXT
  5
9B
330
2
100
AcDbEntity
  8
0
100
AcDbText
 10
34568.0112512249
 20
-8072.822238575583
 30
0.0
 40
3.0
  1
219
 50
324.3151717381244
 41
0.7
 72
     1
 11
34570.87622360032
 21
-8073.033030624996
 31
0.0
100
AcDbText
 73
     2
  0
CIRCLE
  5
9C
330
2
100
AcDbEntity
  8
0
100
AcDbCircle
 10
34570.87626421223
 20
-8073.033059791313
 30
0.0
 40
4.0
  0
TEXT
  5
9D
330
2
100
AcDbEntity
  8
0
100
AcDbText
 10
34547.01982006127
 20
-8026.513192368325
 30
0.0
 40
3.0
  1
218
 50
324.3151717381244
 41
0.7
 72
     1
 11
34549.92540433761
 21
-8026.753150725428
 31
0.0
100
AcDbText
 73
     2
  0
CIRCLE
  5
9E
330
2
100
AcDbEntity
  8
0
100
AcDbCircle
 10
34549.92546632482
 20
-8026.753004412116
 30
0.0
 40
4.0
  0
TEXT
  5
9F
330
2
100
AcDbEntity
  8
0
100
AcDbText
 10
34534.36229210023
 20
-8054.470768100143
 30
0.0
 40
2.5
  1
L40X3
 50
20.63617173816333
 41
0.7
 72
     1
 11
34537.9106749154
 21
-8053.134461433205
 31
0.0
100
AcDbText
  0
TEXT
  5
A0
330
2
100
AcDbEntity
  8
0
100
AcDbText
 10
34536.41455683662
 20
-8057.437881054889
 30
0.0
 40
2.5
  1
1323
 50
20.63617173816333
 41
0.7
 72
     1
 11
34539.14408207905
 21
-8056.409952849552
 31
0.0
100
AcDbText
  0
LINE
  5
A1
330
2
100
AcDbEntity
  8
0
100
AcDbLine
 10
34541.88859924134
 20
-8052.170984367025
 30
0.0
 11
34534.28519272431
 21
-8055.034349622547
 31
0.0
  0
TEXT
  5
A2
330
2
100
AcDbEntity
  8
0
100
AcDbText
 10
34526.34782481804
 20
-8055.6207488027
 30
0.0
 40
3.0
  1
217
 50
324.3151717381244
 41
0.7
 72
     1
 11
34529.25340909437
 21
-8055.860707159803
 31
0.0
100
AcDbText
 73
     2
  0
CIRCLE
  5
A3
330
2
100
AcDbEntity
  8
0
100
AcDbCircle
 10
34529.25330889482
 20
-8055.860795250954
 30
0.0
 40
4.0
  0
TEXT
  5
A4
330
2
100
AcDbEntity
  8
0
100
AcDbText
 10
34607.96766754121
 20
-8065.21968628067
 30
0.0
 40
2.5
  1
-121
 50
313.8359717382103
 41
0.7
 72
     1
 11
34609.90116520127
 21
-8067.233386749032
 31
0.0
100
AcDbText
  0
TEXT
  5
A5
330
2
100
AcDbEntity
  8
0
100
AcDbText
 10
34556.70743185775
 20
-8011.839900177322
 30
0.0
 40
2.5
  1
-39
 50
313.8359717382103
 41
0.7
 72
     1
 11
34558.41006412557
 21
-8013.613158798717
 31
0.0
100
AcDbText
  0
TEXT
  5
A6
330
2
100
AcDbEntity
  8
0
100
AcDbText
 10
34577.0715694783
 20
-8025.485131669348
 30
0.0
 40
3.0
  1
204
 50
324.3151717381244
 41
0.7
 72
     1
 11
34580.1802132592
 21
-8025.8709215649
 31
0.0
100
AcDbText
 73
     2
  0
CIRCLE
  5
A7
330
2
100
AcDbEntity
  8
0
100
AcDbCircle
 10
34580.1802132592
 20
-8025.8709215649
 30
0.0
 40
6.0
  0
CIRCLE
  5
A8
330
2
100
AcDbEntity
  8
0
100
AcDbCircle
 10
34580.1802132592
 20
-8025.8709215649
 30
0.0
 40
7.0
  0
TEXT
  5
A9
330
2
100
AcDbEntity
  8
0
100
AcDbText
 10
34582.30447448892
 20
-8100.682593378322
 30
0.0
 40
2.5
  1
-121
 50
334.7943717383778
 41
0.7
 72
     1
 11
34584.83033323668
 21
-8101.871475359067
 31
0.0
100
AcDbText
  0
TEXT
  5
AA
330
2
100
AcDbEntity
  8
0
100
AcDbText
 10
34515.51923342796
 20
-8069.177203194752
 30
0.0
 40
2.5
  1
-39
 50
334.7943717383778
 41
0.7
 72
     1
 11
34517.74349710136
 21
-8070.224129118094
 31
0.0
100
AcDbText
  0
TEXT
  5
AB
330
2
100
AcDbEntity
  8
0
100
AcDbText
 10
34536.82585939291
 20
-8085.077143506647
 30
0.0
 40
3.0
  1
203
 50
324.3151717381244
 41
0.7
 72
     1
 11
34539.89389127289
 21
-8085.43376709451
 31
0.0
100
AcDbText
 73
     2
  0
CIRCLE
  5
AC
330
2
100
AcDbEntity
  8
0
100
AcDbCircle
 10
34539.89389127289
 20
-8085.43376709451
 30
0.0
 40
6.0
  0
CIRCLE
  5
AD
330
2
100
AcDbEntity
  8
0
100
AcDbCircle
 10
34539.89389127289
 20
-8085.43376709451
 30
0.0
 40
7.0
  0
LINE
  5
AE
330
2
100
AcDbEntity
  8
0
100
AcDbLine
 10
34556.18402393197
 20
-8082.746867966918
 30
0.0
 11
34583.8861829756
 21
-8044.173684479931
 31
0.0
  0
LWPOLYLINE
  5
AF
330
2
100
AcDbEntity
  8
0
100
AcDbPolyline
 90
        2
 70
     0
 43
0.25
 10
34557.40238095937
 20
-8083.621857197613
 10
34555.77790492284
 20
-8082.45520489003
  0
LWPOLYLINE
  5
B0
330
2
100
AcDbEntity
  8
0
100
AcDbPolyline
 90
        2
 70
     0
 43
0.25
 10
34585.10454000299
 20
-8045.048673710626
 10
34557.40238095937
 20
-8083.621857197613
  0
LWPOLYLINE
  5
B1
330
2
100
AcDbEntity
  8
0
100
AcDbPolyline
 90
        2
 70
     0
 43
0.25
 10
34583.48006396648
 20
-8043.882021403035
 10
34585.10454000299
 20
-8045.048673710626
  0
LWPOLYLINE
  5
B2
330
2
100
AcDbEntity
  8
0
100
AcDbPolyline
 90
        2
 70
     0
 43
0.25
 10
34555.77790492284
 20
-8082.45520489003
 10
34583.48006396648
 20
-8043.882021403035
  0
LINE
  5
B3
330
2
100
AcDbEntity
  8
1
100
AcDbLine
 10
34555.47219777432
 20
-8015.43319194363
 30
0.0
 11
34553.15714811717
 21
-8081.551213731065
 31
0.0
  0
LINE
  5
B9
330
2
100
AcDbEntity
  8
1
100
AcDbLine
 10
34554.97272541411
 20
-8015.415518194706
 30
0.0
 11
34555.63254757742
 21
-8015.438776801522
 31
0.0
  0
LINE
  5
BA
330
2
100
AcDbEntity
  8
1
100
AcDbLine
 10
34556.97160430007
 20
-8015.485692615446
 30
0.0
 11
34556.31178213674
 21
-8015.462434008616
 31
0.0
  0
LINE
  5
BB
330
2
100
AcDbEntity
  8
1
100
AcDbLine
 10
34556.97160430007
 20
-8015.485692615446
 30
0.0
 11
34556.92645656657
 21
-8016.77000106054
 31
0.0
  0
LINE
  5
BC
330
2
100
AcDbEntity
  8
1
100
AcDbLine
 10
34556.83524944318
 20
-8019.376744960638
 30
0.0
 11
34556.88010551357
 21
-8018.092842634534
 31
0.0
  0
LINE
  5
BD
330
2
100
AcDbEntity
  8
1
100
AcDbLine
 10
34555.72892960396
 20
-8050.965582378507
 30
0.0
 11
34555.70361125363
 21
-8051.680558938373
 31
0.0
  0
LINE
  5
BE
330
2
100
AcDbEntity
  8
1
100
AcDbLine
 10
34555.65321098354
 20
-8053.131611681296
 30
0.0
 11
34555.67823767081
 21
-8052.417041240471
 31
0.0
  0
LINE
  5
BF
330
2
100
AcDbEntity
  8
1
100
AcDbLine
 10
34554.7303094105
 20
-8079.478134368095
 30
0.0
 11
34554.70560752582
 21
-8080.179395244602
 31
0.0
  0
LINE
  5
C0
330
2
100
AcDbEntity
  8
1
100
AcDbLine
 10
34554.65585686082
 20
-8081.60382885881
 30
0.0
 11
34554.68055874553
 21
-8080.902567982317
 31
0.0
  0
LWPOLYLINE
  5
C1
330
2
100
AcDbEntity
  8
0
100
AcDbPolyline
 90
        2
 70
     0
 43
0.25
 10
34555.72892960394
 20
-8050.9655823785
 10
34556.83524944319
 20
-8019.376744960646
  0
LWPOLYLINE
  5
C2
330
2
100
AcDbEntity
  8
0
100
AcDbPolyline
 90
        2
 70
     0
 43
0.25
 10
34554.73030941049
 20
-8079.478134368095
 10
34555.65321098353
 20
-8053.131611681296
  0
LINE
  5
C3
330
2
100
AcDbEntity
  8
1
100
AcDbLine
 10
34554.65585686082
 20
-8081.60382885881
 30
0.0
 11
34553.99644081651
 21
-8081.580861915063
 31
0.0
  0
LINE
  5
C4
330
2
100
AcDbEntity
  8
1
100
AcDbLine
 10
34552.6569779749
 20
-8081.533654438092
 30
0.0
 11
34553.3168001382
 21
-8081.5569130449
 31
0.0
  0
LINE
  5
C5
330
2
100
AcDbEntity
  8
1
100
AcDbLine
 10
34552.6569779749
 20
-8081.533654438092
 30
0.0
 11
34552.69153179994
 21
-8080.549529302138
 31
0.0
  0
LINE
  5
C6
330
2
100
AcDbEntity
  8
1
100
AcDbLine
 10
34552.76182067663
 20
-8078.551348198293
 30
0.0
 11
34552.72726685157
 21
-8079.535473334225
 31
0.0
  0
LINE
  5
C7
330
2
100
AcDbEntity
  8
1
100
AcDbLine
 10
34553.62487216722
 20
-8053.895324910358
 30
0.0
 11
34553.65019051757
 21
-8053.180348350521
 31
0.0
  0
LINE
  5
C8
330
2
100
AcDbEntity
  8
1
100
AcDbLine
 10
34553.70099690666
 20
-8051.729587270653
 30
0.0
 11
34553.67597021938
 21
-8052.444157711492
 31
0.0
  0
LINE
  5
C9
330
2
100
AcDbEntity
  8
1
100
AcDbLine
 10
34554.90465139511
 20
-8017.366043297814
 30
0.0
 11
34554.92664745894
 21
-8016.722550739069
 31
0.0
  0
LINE
  5
CA
330
2
100
AcDbEntity
  8
1
100
AcDbLine
 10
34554.97272541411
 20
-8015.415518194706
 30
0.0
 11
34554.95043768721
 21
-8016.059416872464
 31
0.0
  0
LWPOLYLINE
  5
CB
330
2
100
AcDbEntity
  8
0
100
AcDbPolyline
 90
        2
 70
     0
 43
0.25
 10
34553.6248721672
 20
-8053.895324910351
 10
34552.76182067664
 20
-8078.551348198293
  0
LWPOLYLINE
  5
CC
330
2
100
AcDbEntity
  8
0
100
AcDbPolyline
 90
        2
 70
     0
 43
0.25
 10
34554.90465139509
 20
-8017.366043297814
 10
34553.70099690667
 20
-8051.72958727066
  0
LINE
  5
CD
330
2
100
AcDbEntity
  8
0
100
AcDbLine
 10
34519.87238593448
 20
-8065.003265959793
 30
0.0
 11
34581.78621241919
 21
-8041.687384033066
 31
0.0
  0
LWPOLYLINE
  5
CE
330
2
100
AcDbEntity
  8
0
100
AcDbPolyline
 90
        2
 70
     0
 43
0.25
 10
34520.40113774031
 20
-8066.407330693983
 10
34519.69607626349
 20
-8064.535612348765
  0
LWPOLYLINE
  5
CF
330
2
100
AcDbEntity
  8
0
100
AcDbPolyline
 90
        2
 70
     0
 43
0.25
 10
34582.31484976909
 20
-8043.090750985182
 10
34520.40113774031
 20
-8066.407330693983
  0
LWPOLYLINE
  5
D0
330
2
100
AcDbEntity
  8
0
100
AcDbPolyline
 90
        2
 70
     0
 43
0.25
 10
34581.60978829226
 20
-8041.219032639958
 10
34582.31484976909
 20
-8043.090750985182
  0
LWPOLYLINE
  5
D1
330
2
100
AcDbEntity
  8
0
100
AcDbPolyline
 90
        2
 70
     0
 43
0.25
 10
34519.69607626349
 20
-8064.535612348765
 10
34581.60978829226
 20
-8041.219032639958
  0
LINE
  5
D2
330
2
100
AcDbEntity
  8
1
100
AcDbLine
 10
34554.64400676533
 20
-8013.774065621554
 30
0.0
 11
34610.40480908662
 21
-8071.847848540201
 31
0.0
  0
LWPOLYLINE
  5
D3
330
2
100
AcDbEntity
  8
0
100
AcDbPolyline
 90
        2
 70
     0
 43
0.25
 10
34552.98489305788
 20
-8015.36681990447
 10
34555.00462522957
 20
-8013.427933315572
  0
LINE
  5
D4
330
2
100
AcDbEntity
  8
1
100
AcDbLine
 10
34578.81724998811
 20
-8042.271112636838
 30
0.0
 11
34579.31456596592
 21
-8042.788937962789
 31
0.0
  0
LINE
  5
D5
330
2
100
AcDbEntity
  8
1
100
AcDbLine
 10
34580.32432773433
 20
-8043.840379079084
 30
0.0
 11
34579.82701175651
 21
-8043.322553753133
 31
0.0
  0
LINE
  5
D6
330
2
100
AcDbEntity
  8
1
100
AcDbLine
 10
34582.14687204198
 20
-8045.738391393759
 30
0.0
 11
34582.61178334326
 21
-8046.22247969349
 31
0.0
  0
LINE
  5
D7
330
2
100
AcDbEntity
  8
1
100
AcDbLine
 10
34583.55551740159
 20
-8047.205571768107
 30
0.0
 11
34583.09060610032
 21
-8046.721483468391
 31
0.0
  0
LWPOLYLINE
  5
D8
330
2
100
AcDbEntity
  8
0
100
AcDbPolyline
 90
        2
 70
     0
 43
0.25
 10
34578.81724998811
 20
-8042.271112636838
 10
34552.98489305788
 20
-8015.36681990447
  0
LWPOLYLINE
  5
D9
330
2
100
AcDbEntity
  8
0
100
AcDbPolyline
 90
        2
 70
     0
 43
0.25
 10
34582.14687204198
 20
-8045.738391393759
 10
34580.32432773432
 20
-8043.840379079076
  0
LWPOLYLINE
  5
DA
330
2
100
AcDbEntity
  8
0
100
AcDbPolyline
 90
        2
 70
     0
 43
0.25
 10
34608.74569537916
 20
-8073.440602823131
 10
34583.55551740159
 20
-8047.205571768107
  0
LWPOLYLINE
  5
DB
330
2
100
AcDbEntity
  8
0
100
AcDbPolyline
 90
        2
 70
     0
 43
0.25
 10
34610.76542755087
 20
-8071.501716234234
 10
34608.74569537916
 20
-8073.440602823131
  0
LWPOLYLINE
  5
DC
330
2
100
AcDbEntity
  8
0
100
AcDbPolyline
 90
        2
 70
     0
 43
0.25
 10
34555.00462522957
 20
-8013.427933315572
 10
34610.76542755087
 20
-8071.501716234234
  0
LINE
  5
DD
330
2
100
AcDbEntity
  8
1
100
AcDbLine
 10
34518.03562400557
 20
-8064.748499171284
 30
0.0
 11
34590.87971606685
 21
-8099.035079487279
 31
0.0
  0
LWPOLYLINE
  5
DE
330
2
100
AcDbEntity
  8
0
100
AcDbPolyline
 90
        2
 70
     0
 43
0.25
 10
34519.01489449173
 20
-8062.667500897624
 10
34517.82283286065
 20
-8065.200796837249
  0
LINE
  5
DF
330
2
100
AcDbEntity
  8
1
100
AcDbLine
 10
34521.52264559198
 20
-8063.847988368572
 30
0.0
 11
34522.35502201028
 21
-8064.239557006644
 31
0.0
  0
LINE
  5
E0
330
2
100
AcDbEntity
  8
1
100
AcDbLine
 10
34524.04473636001
 20
-8065.035080680878
 30
0.0
 11
34523.21265160482
 21
-8064.643105923824
 31
0.0
  0
LINE
  5
E1
330
2
100
AcDbEntity
  8
1
100
AcDbLine
 10
34557.11109684734
 20
-8080.598834899305
 30
0.0
 11
34557.71833973014
 21
-8080.884737122578
 31
0.0
  0
LINE
  5
E2
330
2
100
AcDbEntity
  8
1
100
AcDbLine
 10
34558.95140356076
 20
-8081.464959140139
 30
0.0
 11
34558.34416067795
 21
-8081.179056916873
 31
0.0
  0
LWPOLYLINE
  5
E3
330
2
100
AcDbEntity
  8
0
100
AcDbPolyline
 90
        2
 70
     0
 43
0.25
 10
34521.52264559198
 20
-8063.847988368572
 10
34519.01489449173
 20
-8062.667500897624
  0
LWPOLYLINE
  5
E4
330
2
100
AcDbEntity
  8
0
100
AcDbPolyline
 90
        2
 70
     0
 43
0.25
 10
34557.11109684734
 20
-8080.598834899305
 10
34524.04473636002
 20
-8065.035080680886
  0
LWPOLYLINE
  5
E5
330
2
100
AcDbEntity
  8
0
100
AcDbPolyline
 90
        2
 70
     0
 43
0.25
 10
34591.858986553
 20
-8096.954081213633
 10
34558.95140356076
 20
-8081.464959140132
  0
LWPOLYLINE
  5
E6
330
2
100
AcDbEntity
  8
0
100
AcDbPolyline
 90
        2
 70
     0
 43
0.25
 10
34590.66692492193
 20
-8099.487377153258
 10
34591.858986553
 20
-8096.954081213633
  0
LWPOLYLINE
  5
E7
330
2
100
AcDbEntity
  8
0
100
AcDbPolyline
 90
        2
 70
     0
 43
0.25
 10
34517.82283286065
 20
-8065.200796837249
 10
34590.66692492193
 20
-8099.487377153258
  0
LINE
  5
E8
330
2
100
AcDbEntity
  8
4
100
AcDbLine
 10
34556.00681678733
 20
-8083.850769062097
 30
0.0
 11
34584.87562813855
 21
-8043.653109538594
 31
0.0
  0
LINE
  5
EE
330
2
100
AcDbEntity
  8
4
100
AcDbLine
 10
34556.00690317643
 20
-8014.451223190074
 30
0.0
 11
34553.62167909854
 21
-8082.568123863464
 31
0.0
  0
LINE
  5
EF
330
2
100
AcDbEntity
  8
4
100
AcDbLine
 10
34519.11269060131
 20
-8065.823653368752
 30
0.0
 11
34582.89823543126
 21
-8041.802709965195
 31
0.0
  0
LINE
  5
F0
330
2
100
AcDbEntity
  8
4
100
AcDbLine
 10
34552.50001464784
 20
-8013.12936953015
 30
0.0
 11
34613.80154778599
 21
-8076.973693954198
 31
0.0
  0
LINE
  5
F1
330
2
100
AcDbEntity
  8
4
100
AcDbLine
 10
34516.73978811571
 20
-8062.922809001335
 30
0.0
 11
34596.82209010139
 21
-8100.616318189597
 31
0.0
  0
INSERT
  5
F2
330
2
100
AcDbEntity
  8
2
100
AcDbBlockReference
  2
M16X50
 10
34560.47664828792
 20
-8283.972197268196
 30
0.0
 41
5.0
 42
5.0
 43
5.0
  0
TEXT
  5
FF
330
2
100
AcDbEntity
  8
2
100
AcDbText
 10
34519.203485484
 20
-8274.271762557528
 30
0.0
 40
2.5
  1
-4X1
 41
0.7
100
AcDbText
  0
LINE
  5
100
330
2
100
AcDbEntity
  8
2
100
AcDbLine
 10
34520.17436653418
 20
-8274.924441423422
 30
0.0
 11
34527.17436653419
 21
-8274.924441423422
 31
0.0
  0
LINE
  5
101
330
2
100
AcDbEntity
  8
2
100
AcDbLine
 10
34522.98564828794
 20
-8283.972197268196
 30
0.0
 11
34520.17436653418
 21
-8274.924441423422
 31
0.0
  0
INSERT
  5
102
330
2
100
AcDbEntity
  8
2
100
AcDbBlockReference
  2
M16X40
 10
34522.98564828794
 20
-8283.972197268196
 30
0.0
 41
5.0
 42
5.0
 43
5.0
  0
INSERT
  5
103
330
2
100
AcDbEntity
  8
2
100
AcDbBlockReference
  2
M16X40
 10
34537.67664828793
 20
-8259.739197268202
 30
0.0
 41
5.0
 42
5.0
 43
5.0
  0
INSERT
  5
104
330
2
100
AcDbEntity
  8
2
100
AcDbBlockReference
  2
M16X40
 10
34537.67664828793
 20
-8308.2051972682
 30
0.0
 41
5.0
 42
5.0
 43
5.0
  0
INSERT
  5
105
330
2
100
AcDbEntity
  8
2
100
AcDbBlockReference
  2
M16X40
 10
34503.04364828793
 20
-8251.077197268198
 30
0.0
 41
5.0
 42
5.0
 43
5.0
  0
INSERT
  5
106
330
2
100
AcDbEntity
  8
2
100
AcDbBlockReference
  2
M16X40
 10
34503.04364828793
 20
-8316.867197268195
 30
0.0
 41
5.0
 42
5.0
 43
5.0
  0
LINE
  5
107
330
2
100
AcDbEntity
  8
7
100
AcDbLine
 10
34500.37564828792
 20
-8326.5346972682
 30
0.0
 11
34500.37564828792
 21
-8241.409697268202
 31
0.0
  0
TEXT
  5
108
330
2
100
AcDbEntity
  8
3
100
AcDbText
 10
34517.6318215162
 20
-8303.878611357808
 30
0.0
 40
2.5
  1
769
 50
58.77419999980257
 41
0.7
 72
     1
 11
34518.77664828793
 21
-8301.990197268198
 31
0.0
100
AcDbText
  0
LINE
  5
109
330
2
100
AcDbEntity
  8
3
100
AcDbLine
 10
34521.57664828792
 20
-8299.300197268196
 30
0.0
 11
34517.68664828793
 21
-8305.7166972682
 31
0.0
  0
TEXT
  5
10A
330
2
100
AcDbEntity
  8
3
100
AcDbText
 10
34522.69822101107
 20
-8299.221152724067
 30
0.0
 40
2.5
  1
567
 50
301.2258000001974
 41
0.7
 72
     1
 11
34523.86464828793
 21
-8301.145197268199
 31
0.0
100
AcDbText
  0
LINE
  5
10B
330
2
100
AcDbEntity
  8
3
100
AcDbLine
 10
34524.44214828793
 20
-8304.027197268199
 30
0.0
 11
34521.57664828792
 21
-8299.300197268196
 31
0.0
  0
TEXT
  5
10C
330
2
100
AcDbEntity
  8
3
100
AcDbText
 10
34519.85215356614
 20
-8308.783317779858
 30
0.0
 40
2.5
  1
714
 50
14.0427000000091
 41
0.7
 72
     1
 11
34521.91364828792
 21
-8308.267697268195
 31
0.0
100
AcDbText
  0
LINE
  5
10D
330
2
100
AcDbEntity
  8
3
100
AcDbLine
 10
34517.68664828793
 20
-8305.7166972682
 30
0.0
 11
34524.44214828793
 21
-8304.027197268199
 31
0.0
  0
TEXT
  5
10E
330
2
100
AcDbEntity
  8
3
100
AcDbText
 10
34562.38926719719
 20
-8273.707575417013
 30
0.0
 40
2.5
  1
600
 50
90.0
 41
0.7
 72
     1
 11
34562.38926719719
 21
-8271.457575417013
 31
0.0
100
AcDbText
  0
LINE
  5
10F
330
2
100
AcDbEntity
  8
3
100
AcDbLine
 10
34558.88926719721
 20
-8267.707575417013
 30
0.0
 11
34558.88926719721
 21
-8275.207575417013
 31
0.0
  0
TEXT
  5
110
330
2
100
AcDbEntity
  8
3
100
AcDbText
 10
34554.96915697686
 20
-8270.414377903848
 30
0.0
 40
2.5
  1
412
 50
46.74449999991332
 41
0.7
 72
     1
 11
34556.3967671972
 21
-8268.897075417013
 31
0.0
100
AcDbText
  0
LINE
  5
111
330
2
100
AcDbEntity
  8
3
100
AcDbLine
 10
34555.3612671972
 20
-8271.457575417013
 30
0.0
 11
34558.88926719721
 21
-8267.707575417013
 31
0.0
  0
TEXT
  5
112
330
2
100
AcDbEntity
  8
3
100
AcDbText
 10
34553.19101721117
 20
-8273.790478353718
 30
0.0
 40
2.5
  1
412
 50
313.2555000000867
 41
0.7
 72
     1
 11
34554.61862743151
 21
-8275.307780840552
 31
0.0
100
AcDbText
  0
LINE
  5
113
330
2
100
AcDbEntity
  8
3
100
AcDbLine
 10
34558.88926719721
 20
-8275.207575417013
 30
0.0
 11
34555.3612671972
 21
-8271.457575417013
 31
0.0
  0
TEXT
  5
114
330
2
100
AcDbEntity
  8
3
100
AcDbText
 10
34541.85741822413
 20
-8317.767021003277
 30
0.0
 40
2.5
  1
665
 50
46.74449999991332
 41
0.7
 72
     1
 11
34543.3992372621
 21
-8316.128334317496
 31
0.0
100
AcDbText
  0
LINE
  5
115
330
2
100
AcDbEntity
  8
3
100
AcDbLine
 10
34546.3747372621
 20
-8314.425334317499
 30
0.0
 11
34541.88023726209
 21
-8319.201834317497
 31
0.0
  0
TEXT
  5
116
330
2
100
AcDbEntity
  8
3
100
AcDbText
 10
34547.06612968997
 20
-8313.701029339012
 30
0.0
 40
2.5
  1
412
 50
313.2553999997797
 41
0.7
 72
     1
 11
34548.49373726212
 21
-8315.218334317502
 31
0.0
100
AcDbText
  0
LINE
  5
117
330
2
100
AcDbEntity
  8
3
100
AcDbLine
 10
34549.15623726211
 20
-8317.381834317499
 30
0.0
 11
34546.3747372621
 21
-8314.425334317499
 31
0.0
  0
TEXT
  5
118
330
2
100
AcDbEntity
  8
3
100
AcDbText
 10
34544.5487713311
 20
-8322.142293592497
 30
0.0
 40
2.5
  1
761
 50
14.0427000000091
 41
0.7
 72
     1
 11
34546.36773726209
 21
-8321.6873343175
 31
0.0
100
AcDbText
  0
LINE
  5
119
330
2
100
AcDbEntity
  8
3
100
AcDbLine
 10
34541.88023726209
 20
-8319.201834317497
 30
0.0
 11
34549.15623726211
 21
-8317.381834317499
 31
0.0
  0
TEXT
  5
11A
330
2
100
AcDbEntity
  8
3
100
AcDbText
 10
34504.83163679703
 20
-8286.888863934862
 30
0.0
 40
2.5
  1
1342
 50
90.0
 41
0.7
 72
     1
 11
34504.83163679703
 21
-8283.972197268196
 31
0.0
100
AcDbText
  0
LINE
  5
11B
330
2
100
AcDbEntity
  8
3
100
AcDbLine
 10
34505.83163679701
 20
-8278.602197268203
 30
0.0
 11
34505.83163679701
 21
-8289.342197268199
 31
0.0
  0
TEXT
  5
11C
330
2
100
AcDbEntity
  8
3
100
AcDbText
 10
34504.91380698249
 20
-8277.341950260425
 30
0.0
 40
2.5
  1
55
 50
345.9572999999909
 41
0.7
 72
     1
 11
34506.28813679701
 21
-8277.6856972682
 31
0.0
100
AcDbText
  0
LINE
  5
11D
330
2
100
AcDbEntity
  8
3
100
AcDbLine
 10
34506.25863679703
 20
-8278.709197268201
 30
0.0
 11
34505.83163679701
 21
-8278.602197268203
 31
0.0
  0
TEXT
  5
11E
330
2
100
AcDbEntity
  8
3
100
AcDbText
 10
34507.56431002527
 20
-8278.93378317859
 30
0.0
 40
2.5
  1
769
 50
301.2258000001974
 41
0.7
 72
     1
 11
34508.70913679701
 21
-8280.8221972682
 31
0.0
100
AcDbText
  0
LINE
  5
11F
330
2
100
AcDbEntity
  8
3
100
AcDbLine
 10
34509.44963679704
 20
-8283.972197268196
 30
0.0
 11
34506.25863679703
 21
-8278.709197268201
 31
0.0
  0
TEXT
  5
120
330
2
100
AcDbEntity
  8
3
100
AcDbText
 10
34509.70231002529
 20
-8290.306611357804
 30
0.0
 40
2.5
  1
769
 50
58.77419999980257
 41
0.7
 72
     1
 11
34510.84713679702
 21
-8288.418197268194
 31
0.0
100
AcDbText
  0
LINE
  5
121
330
2
100
AcDbEntity
  8
3
100
AcDbLine
 10
34506.25863679703
 20
-8289.2351972682
 30
0.0
 11
34509.44963679704
 21
-8283.972197268196
 31
0.0
  0
TEXT
  5
122
330
2
100
AcDbEntity
  8
3
100
AcDbText
 10
34505.52030698248
 20
-8293.027944275977
 30
0.0
 40
2.5
  1
55
 50
14.0427000000091
 41
0.7
 72
     1
 11
34506.89463679701
 21
-8292.684197268201
 31
0.0
100
AcDbText
  0
LINE
  5
123
330
2
100
AcDbEntity
  8
3
100
AcDbLine
 10
34505.83163679701
 20
-8289.342197268199
 30
0.0
 11
34506.25863679703
 21
-8289.2351972682
 31
0.0
  0
LWPOLYLINE
  5
124
330
2
100
AcDbEntity
  8
2
100
AcDbPolyline
 90
        2
 70
     0
 43
0.25
 10
34506.76614828794
 20
-8251.647197268194
 10
34507.37314828793
 20
-8249.222197268198
  0
LWPOLYLINE
  5
125
330
2
100
AcDbEntity
  8
2
100
AcDbPolyline
 90
        2
 70
     0
 43
0.25
 10
34504.34114828792
 20
-8251.0406972682
 10
34504.94764828791
 20
-8248.615197268202
  0
LWPOLYLINE
  5
126
330
2
100
AcDbEntity
  8
2
100
AcDbPolyline
 90
        2
 70
     0
 43
0.25
 10
34501.91564828794
 20
-8250.434197268198
 10
34502.52214828793
 20
-8248.0086972682
  0
LWPOLYLINE
  5
127
330
2
100
AcDbEntity
  8
2
100
AcDbPolyline
 90
        2
 70
     0
 43
0.25
 10
34507.37314828793
 20
-8318.722197268198
 10
34506.76614828794
 20
-8316.297197268195
  0
LWPOLYLINE
  5
128
330
2
100
AcDbEntity
  8
2
100
AcDbPolyline
 90
        2
 70
     0
 43
0.25
 10
34504.94764828791
 20
-8319.329197268202
 10
34504.34114828792
 20
-8316.903697268204
  0
LWPOLYLINE
  5
129
330
2
100
AcDbEntity
  8
2
100
AcDbPolyline
 90
        2
 70
     0
 43
0.25
 10
34502.52214828793
 20
-8319.935697268196
 10
34501.91564828794
 20
-8317.510197268199
  0
TEXT
  5
12A
330
2
100
AcDbEntity
  8
0
100
AcDbText
 10
34570.13201744156
 20
-8283.157289126193
 30
0.0
 40
2.5
  1
-40
 50
90.0
 41
0.7
 72
     1
 11
34570.13201744156
 21
-8280.657289126193
 31
0.0
100
AcDbText
  0
TEXT
  5
12B
330
2
100
AcDbEntity
  8
0
100
AcDbText
 10
34570.01584304065
 20
-8290.231897667763
 30
0.0
 40
2.5
  1
-40
 50
90.0
 41
0.7
 72
     1
 11
34570.01584304065
 21
-8287.731897667763
 31
0.0
100
AcDbText
  0
TEXT
  5
12C
330
2
100
AcDbEntity
  8
0
100
AcDbText
 10
34581.15095989485
 20
-8243.922501671379
 30
0.0
 40
2.5
  1
Q345L63X5
 50
90.0
 41
0.7
 72
     1
 11
34581.15095989485
 21
-8236.714168338045
 31
0.0
100
AcDbText
  0
TEXT
  5
12D
330
2
100
AcDbEntity
  8
0
100
AcDbText
 10
34584.65095989483
 20
-8238.964168338045
 30
0.0
 40
2.5
  1
493
 50
90.0
 41
0.7
 72
     1
 11
34584.65095989483
 21
-8236.714168338045
 31
0.0
100
AcDbText
  0
LINE
  5
12E
330
2
100
AcDbEntity
  8
0
100
AcDbLine
 10
34581.65095989484
 20
-8229.401668338047
 30
0.0
 11
34581.65095989484
 21
-8244.026668338052
 31
0.0
  0
TEXT
  5
12F
330
2
100
AcDbEntity
  8
0
100
AcDbText
 10
34578.10095989485
 20
-8250.526668338052
 30
0.0
 40
3.0
  1
214
 41
0.7
 72
     1
 11
34580.65095989486
 21
-8249.026668338052
 31
0.0
100
AcDbText
 73
     2
  0
CIRCLE
  5
130
330
2
100
AcDbEntity
  8
0
100
AcDbCircle
 10
34580.65095989486
 20
-8249.026668338052
 30
0.0
 40
4.0
  0
TEXT
  5
131
330
2
100
AcDbEntity
  8
0
100
AcDbText
 10
34582.85528538586
 20
-8279.519654282822
 30
0.0
 40
2.5
  1
-40
 50
90.0
 41
0.7
 72
     1
 11
34582.85528538586
 21
-8277.019654282822
 31
0.0
100
AcDbText
  0
TEXT
  5
132
330
2
100
AcDbEntity
  8
0
100
AcDbText
 10
34582.14648062353
 20
-8293.438155533937
 30
0.0
 40
2.5
  1
-40
 50
90.0
 41
0.7
 72
     1
 11
34582.14648062353
 21
-8290.938155533937
 31
0.0
100
AcDbText
  0
TEXT
  5
133
330
2
100
AcDbEntity
  8
0
100
AcDbText
 10
34570.14305968766
 20
-8243.93348408014
 30
0.0
 40
2.5
  1
Q345L63X5
 50
90.0
 41
0.7
 72
     1
 11
34570.14305968766
 21
-8236.725150746806
 31
0.0
100
AcDbText
  0
TEXT
  5
134
330
2
100
AcDbEntity
  8
0
100
AcDbText
 10
34573.64305968768
 20
-8238.975150746806
 30
0.0
 40
2.5
  1
547
 50
90.0
 41
0.7
 72
     1
 11
34573.64305968768
 21
-8236.725150746806
 31
0.0
100
AcDbText
  0
LINE
  5
135
330
2
100
AcDbEntity
  8
0
100
AcDbLine
 10
34570.64305968769
 20
-8229.412650746808
 30
0.0
 11
34570.64305968769
 21
-8244.037650746814
 31
0.0
  0
TEXT
  5
136
330
2
100
AcDbEntity
  8
0
100
AcDbText
 10
34569.14305968768
 20
-8250.537650746814
 30
0.0
 40
3.0
  1
213
 41
0.7
 72
     1
 11
34571.64305968768
 21
-8249.037650746814
 31
0.0
100
AcDbText
 73
     2
  0
CIRCLE
  5
137
330
2
100
AcDbEntity
  8
0
100
AcDbCircle
 10
34571.64305968768
 20
-8249.037650746814
 30
0.0
 40
4.0
  0
TEXT
  5
138
330
2
100
AcDbEntity
  8
0
100
AcDbText
 10
34560.08689882012
 20
-8290.584881482815
 30
0.0
 40
2.5
  1
-160
 50
313.2553999997797
 41
0.7
 72
     1
 11
34562.25686232977
 21
-8292.891185050119
 31
0.0
100
AcDbText
  0
TEXT
  5
139
330
2
100
AcDbEntity
  8
0
100
AcDbText
 10
34542.98936934304
 20
-8272.0409412329
 30
0.0
 40
2.5
  1
L40X3
 50
313.2553999997797
 41
0.7
 72
     1
 11
34545.58761512433
 21
-8274.80243629375
 31
0.0
100
AcDbText
  0
TEXT
  5
13A
330
2
100
AcDbEntity
  8
0
100
AcDbText
 10
34541.49679894642
 20
-8275.561746916985
 30
0.0
 40
2.5
  1
942
 50
313.2553999997797
 41
0.7
 72
     1
 11
34543.03861512433
 21
-8277.200436293753
 31
0.0
100
AcDbText
  0
LINE
  5
13B
330
2
100
AcDbEntity
  8
0
100
AcDbLine
 10
34548.00761512431
 20
-8278.103436293752
 30
0.0
 11
34542.43961512433
 21
-8272.185936293756
 31
0.0
  0
TEXT
  5
13C
330
2
100
AcDbEntity
  8
0
100
AcDbText
 10
34536.30576388922
 20
-8270.438622685
 30
0.0
 40
3.0
  1
212
 41
0.7
 72
     1
 11
34538.80576388922
 21
-8268.938622685
 31
0.0
100
AcDbText
 73
     2
  0
CIRCLE
  5
13D
330
2
100
AcDbEntity
  8
0
100
AcDbCircle
 10
34538.80557388923
 20
-8268.938712685003
 30
0.0
 40
4.0
  0
TEXT
  5
13E
330
2
100
AcDbEntity
  8
0
100
AcDbText
 10
34561.51100414263
 20
-8280.157729556722
 30
0.0
 40
2.5
  1
-160
 50
46.74460000022028
 41
0.7
 72
     1
 11
34563.68096765228
 21
-8277.851425989418
 31
0.0
100
AcDbText
  0
TEXT
  5
13F
330
2
100
AcDbEntity
  8
0
100
AcDbText
 10
34542.44135856194
 20
-8295.506630860287
 30
0.0
 40
2.5
  1
L40X3
 50
46.74460000022028
 41
0.7
 72
     1
 11
34545.03960434323
 21
-8292.745135799438
 31
0.0
100
AcDbText
  0
TEXT
  5
140
330
2
100
AcDbEntity
  8
0
100
AcDbText
 10
34546.04678816532
 20
-8296.782325176206
 30
0.0
 40
2.5
  1
942
 50
46.74460000022028
 41
0.7
 72
     1
 11
34547.58860434323
 21
-8295.143635799437
 31
0.0
100
AcDbText
  0
LINE
  5
141
330
2
100
AcDbEntity
  8
0
100
AcDbLine
 10
34548.18760434323
 20
-8290.12913579944
 30
0.0
 11
34542.61960434325
 21
-8296.046635799445
 31
0.0
  0
TEXT
  5
142
330
2
100
AcDbEntity
  8
0
100
AcDbText
 10
34536.85637436796
 20
-8300.633050692799
 30
0.0
 40
3.0
  1
211
 41
0.7
 72
     1
 11
34538.90637436796
 21
-8299.133050692799
 31
0.0
100
AcDbText
 73
     2
  0
CIRCLE
  5
143
330
2
100
AcDbEntity
  8
0
100
AcDbCircle
 10
34538.90618436797
 20
-8299.132960692796
 30
0.0
 40
4.0
  0
TEXT
  5
144
330
2
100
AcDbEntity
  8
0
100
AcDbText
 10
34508.25428045715
 20
-8267.483895544688
 30
0.0
 40
2.5
  1
L40X3
 50
301.2258000001974
 41
0.7
 72
     1
 11
34510.21992642371
 21
-8270.726266906095
 31
0.0
100
AcDbText
  0
TEXT
  5
145
330
2
100
AcDbEntity
  8
0
100
AcDbText
 10
34505.73649156992
 20
-8270.08226554415
 30
0.0
 40
2.5
  1
1386
 50
301.2258000001974
 41
0.7
 72
     1
 11
34507.22692642368
 21
-8272.540766906095
 31
0.0
100
AcDbText
  0
LINE
  5
146
330
2
100
AcDbEntity
  8
0
100
AcDbLine
 10
34511.89842642369
 20
-8274.459266906097
 30
0.0
 11
34507.68642642368
 21
-8267.511266906095
 31
0.0
  0
TEXT
  5
147
330
2
100
AcDbEntity
  8
0
100
AcDbText
 10
34501.73920342368
 20
-8265.254211906098
 30
0.0
 40
3.0
  1
210
 41
0.7
 72
     1
 11
34504.23920342368
 21
-8263.754211906098
 31
0.0
100
AcDbText
 73
     2
  0
CIRCLE
  5
148
330
2
100
AcDbEntity
  8
0
100
AcDbCircle
 10
34504.2394264237
 20
-8263.754266906099
 30
0.0
 40
4.0
  0
TEXT
  5
149
330
2
100
AcDbEntity
  8
0
100
AcDbText
 10
34507.78448789806
 20
-8299.118324604886
 30
0.0
 40
2.5
  1
L40X3
 50
58.77419999980257
 41
0.7
 72
     1
 11
34509.75013386462
 21
-8295.87595324348
 31
0.0
100
AcDbText
  0
TEXT
  5
14A
330
2
100
AcDbEntity
  8
0
100
AcDbText
 10
34511.25269901085
 20
-8300.148954605425
 30
0.0
 40
2.5
  1
1386
 50
58.77419999980257
 41
0.7
 72
     1
 11
34512.74313386461
 21
-8297.69045324348
 31
0.0
100
AcDbText
  0
LINE
  5
14B
330
2
100
AcDbEntity
  8
0
100
AcDbLine
 10
34512.28363386461
 20
-8292.661453243485
 30
0.0
 11
34508.0716338646
 21
-8299.609453243478
 31
0.0
  0
TEXT
  5
14C
330
2
100
AcDbEntity
  8
0
100
AcDbText
 10
34502.19489644128
 20
-8305.031752268202
 30
0.0
 40
3.0
  1
209
 41
0.7
 72
     1
 11
34504.84489644128
 21
-8303.531752268202
 31
0.0
100
AcDbText
 73
     2
  0
CIRCLE
  5
14D
330
2
100
AcDbEntity
  8
0
100
AcDbCircle
 10
34504.84511944131
 20
-8303.531697268201
 30
0.0
 40
4.0
  0
TEXT
  5
14E
330
2
100
AcDbEntity
  8
0
100
AcDbText
 10
34584.5342440952
 20
-8271.092895239512
 30
0.0
 40
2.5
  1
+172
 50
345.9572999999909
 41
0.7
 72
     1
 11
34587.60627544532
 21
-8271.861270903952
 31
0.0
100
AcDbText
  0
TEXT
  5
14F
330
2
100
AcDbEntity
  8
0
100
AcDbText
 10
34502.63781921548
 20
-8246.983828613522
 30
0.0
 40
2.5
  1
-5
 50
345.9572999999909
 41
0.7
 72
     1
 11
34504.2546778208
 21
-8247.388236857963
 31
0.0
100
AcDbText
  0
TEXT
  5
150
330
2
100
AcDbEntity
  8
0
100
AcDbText
 10
34523.95912252766
 20
-8247.507978991607
 30
0.0
 40
3.0
  1
201
 41
0.7
 72
     1
 11
34526.20912252766
 21
-8246.007978991607
 31
0.0
100
AcDbText
 73
     2
  0
CIRCLE
  5
151
330
2
100
AcDbEntity
  8
0
100
AcDbCircle
 10
34526.20912252766
 20
-8246.007978991607
 30
0.0
 40
6.0
  0
CIRCLE
  5
152
330
2
100
AcDbEntity
  8
0
100
AcDbCircle
 10
34526.20912252766
 20
-8246.007978991607
 30
0.0
 40
7.0
  0
TEXT
  5
153
330
2
100
AcDbEntity
  8
0
100
AcDbText
 10
34584.64570678481
 20
-8297.710278639579
 30
0.0
 40
2.5
  1
+172
 50
14.0427000000091
 41
0.7
 72
     1
 11
34587.71773813493
 21
-8296.941902975139
 31
0.0
100
AcDbText
  0
TEXT
  5
154
330
2
100
AcDbEntity
  8
0
100
AcDbText
 10
34502.31196147901
 20
-8323.465648413317
 30
0.0
 40
2.5
  1
-5
 50
14.0427000000091
 41
0.7
 72
     1
 11
34503.92882008434
 21
-8323.061240168876
 31
0.0
100
AcDbText
  0
TEXT
  5
155
330
2
100
AcDbEntity
  8
0
100
AcDbText
 10
34522.91218817135
 20
-8322.31696333019
 30
0.0
 40
3.0
  1
202
 41
0.7
 72
     1
 11
34525.61218817134
 21
-8320.81696333019
 31
0.0
100
AcDbText
 73
     2
  0
CIRCLE
  5
156
330
2
100
AcDbEntity
  8
0
100
AcDbCircle
 10
34525.61218817134
 20
-8320.81696333019
 30
0.0
 40
6.0
  0
CIRCLE
  5
157
330
2
100
AcDbEntity
  8
0
100
AcDbCircle
 10
34525.61218817134
 20
-8320.81696333019
 30
0.0
 40
7.0
  0
LWPOLYLINE
  5
158
330
2
100
AcDbEntity
  8
0
100
AcDbPolyline
 90
        2
 70
     0
 43
0.25
 10
34578.94014828791
 20
-8276.647697268203
 10
34581.3321482879
 20
-8271.895697268203
  0
LWPOLYLINE
  5
159
330
2
100
AcDbEntity
  8
0
100
AcDbPolyline
 90
        2
 70
     0
 43
0.25
 10
34568.12314828793
 20
-8277.304697268202
 10
34578.94014828791
 20
-8276.647697268203
  0
LINE
  5
15A
330
2
100
AcDbEntity
  8
1
100
AcDbLine
 10
34568.12314828793
 20
-8277.304697268202
 30
0.0
 11
34567.64264828791
 21
-8276.852197268201
 31
0.0
  0
LINE
  5
15B
330
2
100
AcDbEntity
  8
1
100
AcDbLine
 10
34566.66664828794
 20
-8275.9341972682
 30
0.0
 11
34567.14714828792
 21
-8276.386197268195
 31
0.0
  0
LWPOLYLINE
  5
15C
330
2
100
AcDbEntity
  8
0
100
AcDbPolyline
 90
        2
 70
     0
 43
0.25
 10
34581.3321482879
 20
-8296.048697268201
 10
34583.97943449076
 20
-8301.102182680894
  0
LWPOLYLINE
  5
15D
330
2
100
AcDbEntity
  8
0
100
AcDbPolyline
 90
        2
 70
     0
 43
0.25
 10
34578.94014828791
 20
-8291.2966972682
 10
34581.3321482879
 20
-8296.048697268201
  0
LWPOLYLINE
  5
15E
330
2
100
AcDbEntity
  8
0
100
AcDbPolyline
 90
        2
 70
     0
 43
0.25
 10
34568.12314828793
 20
-8290.639697268201
 10
34578.94014828791
 20
-8291.2966972682
  0
LWPOLYLINE
  5
15F
330
2
100
AcDbEntity
  8
0
100
AcDbPolyline
 90
        2
 70
     0
 43
0.25
 10
34566.66664828795
 20
-8292.010197268199
 10
34568.12314828793
 20
-8290.639697268201
  0
LINE
  5
160
330
2
100
AcDbEntity
  8
1
100
AcDbLine
 10
34576.39014828794
 20
-8296.2966972682
 30
0.0
 11
34576.39014828794
 21
-8271.647697268201
 31
0.0
  0
LINE
  5
161
330
2
100
AcDbEntity
  8
1
100
AcDbLine
 10
34575.79014828793
 20
-8296.2966972682
 30
0.0
 11
34576.82964828793
 21
-8296.2966972682
 31
0.0
  0
LINE
  5
162
330
2
100
AcDbEntity
  8
1
100
AcDbLine
 10
34578.94014828791
 20
-8296.2966972682
 30
0.0
 11
34577.90064828794
 21
-8296.2966972682
 31
0.0
  0
LINE
  5
163
330
2
100
AcDbEntity
  8
1
100
AcDbLine
 10
34578.94014828791
 20
-8296.2966972682
 30
0.0
 11
34578.94014828791
 21
-8294.646697268201
 31
0.0
  0
LINE
  5
164
330
2
100
AcDbEntity
  8
1
100
AcDbLine
 10
34578.94014828791
 20
-8291.2966972682
 30
0.0
 11
34578.94014828791
 21
-8292.9466972682
 31
0.0
  0
LINE
  5
165
330
2
100
AcDbEntity
  8
1
100
AcDbLine
 10
34578.94014828791
 20
-8276.647697268201
 30
0.0
 11
34578.94014828791
 21
-8274.997697268202
 31
0.0
  0
LINE
  5
166
330
2
100
AcDbEntity
  8
1
100
AcDbLine
 10
34578.94014828791
 20
-8271.647697268201
 30
0.0
 11
34578.94014828791
 21
-8273.2976972682
 31
0.0
  0
LWPOLYLINE
  5
167
330
2
100
AcDbEntity
  8
0
100
AcDbPolyline
 90
        2
 70
     0
 43
0.25
 10
34578.94014828791
 20
-8276.647697268203
 10
34578.94014828791
 20
-8291.2966972682
  0
LINE
  5
168
330
2
100
AcDbEntity
  8
1
100
AcDbLine
 10
34578.94014828791
 20
-8271.647697268201
 30
0.0
 11
34577.90064828794
 21
-8271.647697268201
 31
0.0
  0
LINE
  5
169
330
2
100
AcDbEntity
  8
1
100
AcDbLine
 10
34575.79014828793
 20
-8271.647697268201
 30
0.0
 11
34576.82964828793
 21
-8271.647697268201
 31
0.0
  0
LINE
  5
16A
330
2
100
AcDbEntity
  8
1
100
AcDbLine
 10
34575.79014828793
 20
-8271.647697268201
 30
0.0
 11
34575.79014828793
 21
-8273.360697268201
 31
0.0
  0
LINE
  5
16B
330
2
100
AcDbEntity
  8
1
100
AcDbLine
 10
34575.79014828793
 20
-8276.838697268196
 30
0.0
 11
34575.79014828793
 21
-8275.125697268197
 31
0.0
  0
LINE
  5
16C
330
2
100
AcDbEntity
  8
1
100
AcDbLine
 10
34575.79014828793
 20
-8291.105697268196
 30
0.0
 11
34575.79014828793
 21
-8292.818697268196
 31
0.0
  0
LINE
  5
16D
330
2
100
AcDbEntity
  8
1
100
AcDbLine
 10
34575.79014828793
 20
-8296.2966972682
 30
0.0
 11
34575.79014828793
 21
-8294.583697268201
 31
0.0
  0
LWPOLYLINE
  5
16E
330
2
100
AcDbEntity
  8
0
100
AcDbPolyline
 90
        2
 70
     0
 43
0.25
 10
34575.79014828794
 20
-8291.105697268194
 10
34575.79014828794
 20
-8276.838697268195
  0
LINE
  5
16F
330
2
100
AcDbEntity
  8
1
100
AcDbLine
 10
34572.79014828793
 20
-8297.647697268196
 30
0.0
 11
34572.79014828793
 21
-8270.296697268197
 31
0.0
  0
LINE
  5
170
330
2
100
AcDbEntity
  8
1
100
AcDbLine
 10
34573.39014828795
 20
-8297.647697268196
 30
0.0
 11
34572.35064828794
 21
-8297.647697268196
 31
0.0
  0
LINE
  5
171
330
2
100
AcDbEntity
  8
1
100
AcDbLine
 10
34570.24014828792
 20
-8297.647697268196
 30
0.0
 11
34571.27964828793
 21
-8297.647697268196
 31
0.0
  0
LINE
  5
172
330
2
100
AcDbEntity
  8
1
100
AcDbLine
 10
34570.24014828792
 20
-8297.647697268196
 30
0.0
 11
34570.24014828792
 21
-8295.3771972682
 31
0.0
  0
LINE
  5
173
330
2
100
AcDbEntity
  8
1
100
AcDbLine
 10
34570.24014828792
 20
-8290.7681972682
 30
0.0
 11
34570.24014828792
 21
-8293.038697268195
 31
0.0
  0
LINE
  5
174
330
2
100
AcDbEntity
  8
1
100
AcDbLine
 10
34570.24014828792
 20
-8277.176197268202
 30
0.0
 11
34570.24014828792
 21
-8274.905697268197
 31
0.0
  0
LINE
  5
175
330
2
100
AcDbEntity
  8
1
100
AcDbLine
 10
34570.24014828792
 20
-8270.296697268197
 30
0.0
 11
34570.24014828792
 21
-8272.567197268201
 31
0.0
  0
LWPOLYLINE
  5
176
330
2
100
AcDbEntity
  8
0
100
AcDbPolyline
 90
        2
 70
     0
 43
0.25
 10
34570.24014828792
 20
-8277.176197268203
 10
34570.24014828792
 20
-8290.7681972682
  0
LINE
  5
177
330
2
100
AcDbEntity
  8
1
100
AcDbLine
 10
34570.24014828792
 20
-8270.296697268197
 30
0.0
 11
34571.27964828793
 21
-8270.296697268197
 31
0.0
  0
LINE
  5
178
330
2
100
AcDbEntity
  8
1
100
AcDbLine
 10
34573.39014828795
 20
-8270.296697268197
 30
0.0
 11
34572.35064828794
 21
-8270.296697268197
 31
0.0
  0
LINE
  5
179
330
2
100
AcDbEntity
  8
1
100
AcDbLine
 10
34573.39014828795
 20
-8270.296697268197
 30
0.0
 11
34573.39014828795
 21
-8272.503697268196
 31
0.0
  0
LINE
  5
17A
330
2
100
AcDbEntity
  8
1
100
AcDbLine
 10
34573.39014828795
 20
-8276.9846972682
 30
0.0
 11
34573.39014828795
 21
-8274.777697268202
 31
0.0
  0
LINE
  5
17B
330
2
100
AcDbEntity
  8
1
100
AcDbLine
 10
34573.39014828795
 20
-8290.959697268201
 30
0.0
 11
34573.39014828795
 21
-8293.1666972682
 31
0.0
  0
LINE
  5
17C
330
2
100
AcDbEntity
  8
1
100
AcDbLine
 10
34573.39014828795
 20
-8297.647697268196
 30
0.0
 11
34573.39014828795
 21
-8295.440697268197
 31
0.0
  0
LWPOLYLINE
  5
17D
330
2
100
AcDbEntity
  8
0
100
AcDbPolyline
 90
        2
 70
     0
 43
0.25
 10
34573.39014828795
 20
-8290.959697268201
 10
34573.39014828795
 20
-8276.984697268203
  0
LINE
  5
17E
330
2
100
AcDbEntity
  8
1
100
AcDbLine
 10
34536.45564828792
 20
-8259.171697268195
 30
0.0
 11
34568.74414828792
 21
-8293.4881972682
 31
0.0
  0
LINE
  5
17F
330
2
100
AcDbEntity
  8
1
100
AcDbLine
 10
34536.09164828791
 20
-8259.514197268201
 30
0.0
 11
34536.57214828793
 21
-8259.062197268197
 31
0.0
  0
LINE
  5
180
330
2
100
AcDbEntity
  8
1
100
AcDbLine
 10
34537.54814828794
 20
-8258.143697268199
 30
0.0
 11
34537.06764828792
 21
-8258.5961972682
 31
0.0
  0
LINE
  5
181
330
2
100
AcDbEntity
  8
1
100
AcDbLine
 10
34537.54814828794
 20
-8258.143697268199
 30
0.0
 11
34538.00264828791
 21
-8258.626697268202
 31
0.0
  0
LINE
  5
182
330
2
100
AcDbEntity
  8
1
100
AcDbLine
 10
34538.92564828792
 20
-8259.607697268195
 30
0.0
 11
34538.47114828794
 21
-8259.1246972682
 31
0.0
  0
LINE
  5
183
330
2
100
AcDbEntity
  8
1
100
AcDbLine
 10
34538.92564828792
 20
-8259.607697268195
 30
0.0
 11
34539.60814828792
 21
-8260.333197268203
 31
0.0
  0
LINE
  5
184
330
2
100
AcDbEntity
  8
1
100
AcDbLine
 10
34540.99414828794
 20
-8261.806197268199
 30
0.0
 11
34540.31164828794
 21
-8261.0806972682
 31
0.0
  0
LINE
  5
185
330
2
100
AcDbEntity
  8
1
100
AcDbLine
 10
34560.47664828792
 20
-8282.512697268196
 30
0.0
 11
34560.93014828792
 21
-8282.994697268197
 31
0.0
  0
LINE
  5
186
330
2
100
AcDbEntity
  8
1
100
AcDbLine
 10
34561.85014828792
 20
-8283.972197268196
 30
0.0
 11
34561.39664828792
 21
-8283.4906972682
 31
0.0
  0
LINE
  5
187
330
2
100
AcDbEntity
  8
1
100
AcDbLine
 10
34568.12314828793
 20
-8290.6396972682
 30
0.0
 11
34568.68864828794
 21
-8291.240697268197
 31
0.0
  0
LINE
  5
188
330
2
100
AcDbEntity
  8
1
100
AcDbLine
 10
34569.83664828793
 20
-8292.4606972682
 30
0.0
 11
34569.27114828792
 21
-8291.859697268203
 31
0.0
  0
LWPOLYLINE
  5
189
330
2
100
AcDbEntity
  8
0
100
AcDbPolyline
 90
        2
 70
     0
 43
0.25
 10
34538.92564828792
 20
-8259.607697268195
 10
34538.92564828792
 20
-8259.607697268195
  0
LWPOLYLINE
  5
18A
330
2
100
AcDbEntity
  8
0
100
AcDbPolyline
 90
        2
 70
     0
 43
0.25
 10
34560.47664828792
 20
-8282.512697268194
 10
34540.99414828794
 20
-8261.8061972682
  0
LWPOLYLINE
  5
18B
330
2
100
AcDbEntity
  8
0
100
AcDbPolyline
 90
        2
 70
     0
 43
0.25
 10
34568.12314828793
 20
-8290.639697268201
 10
34561.85014828794
 20
-8283.972197268198
  0
LINE
  5
18C
330
2
100
AcDbEntity
  8
1
100
AcDbLine
 10
34569.83664828793
 20
-8292.4606972682
 30
0.0
 11
34569.35564828793
 21
-8292.912697268195
 31
0.0
  0
LINE
  5
18D
330
2
100
AcDbEntity
  8
1
100
AcDbLine
 10
34568.37964828792
 20
-8293.831197268202
 30
0.0
 11
34568.86064828792
 21
-8293.378697268201
 31
0.0
  0
LINE
  5
18E
330
2
100
AcDbEntity
  8
1
100
AcDbLine
 10
34568.37964828792
 20
-8293.831197268202
 30
0.0
 11
34567.81464828793
 21
-8293.230197268196
 31
0.0
  0
LINE
  5
18F
330
2
100
AcDbEntity
  8
1
100
AcDbLine
 10
34566.66664828794
 20
-8292.010197268202
 30
0.0
 11
34567.23214828791
 21
-8292.6111972682
 31
0.0
  0
LINE
  5
190
330
2
100
AcDbEntity
  8
1
100
AcDbLine
 10
34560.47664828792
 20
-8285.431697268197
 30
0.0
 11
34560.02364828794
 21
-8284.949697268195
 31
0.0
  0
LINE
  5
191
330
2
100
AcDbEntity
  8
1
100
AcDbLine
 10
34559.10364828793
 20
-8283.972197268196
 30
0.0
 11
34559.55714828793
 21
-8284.453697268202
 31
0.0
  0
LINE
  5
192
330
2
100
AcDbEntity
  8
1
100
AcDbLine
 10
34537.84964828792
 20
-8261.382697268202
 30
0.0
 11
34537.38014828792
 21
-8260.883697268202
 31
0.0
  0
LINE
  5
193
330
2
100
AcDbEntity
  8
1
100
AcDbLine
 10
34536.42714828791
 20
-8259.871197268196
 30
0.0
 11
34536.89664828791
 21
-8260.3696972682
 31
0.0
  0
LINE
  5
194
330
2
100
AcDbEntity
  8
1
100
AcDbLine
 10
34536.42714828791
 20
-8259.871197268196
 30
0.0
 11
34536.31664828794
 21
-8259.753197268203
 31
0.0
  0
LINE
  5
195
330
2
100
AcDbEntity
  8
1
100
AcDbLine
 10
34536.09164828791
 20
-8259.514197268201
 30
0.0
 11
34536.20264828795
 21
-8259.632197268194
 31
0.0
  0
LWPOLYLINE
  5
196
330
2
100
AcDbEntity
  8
0
100
AcDbPolyline
 90
        2
 70
     0
 43
0.25
 10
34560.47664828792
 20
-8285.431697268195
 10
34566.66664828795
 20
-8292.010197268199
  0
LWPOLYLINE
  5
197
330
2
100
AcDbEntity
  8
0
100
AcDbPolyline
 90
        2
 70
     0
 43
0.25
 10
34537.84964828792
 20
-8261.382697268204
 10
34559.10364828793
 20
-8283.972197268198
  0
LWPOLYLINE
  5
198
330
2
100
AcDbEntity
  8
0
100
AcDbPolyline
 90
        2
 70
     0
 43
0.25
 10
34536.42714828793
 20
-8259.871197268196
 10
34536.42714828793
 20
-8259.871197268196
  0
LINE
  5
199
330
2
100
AcDbEntity
  8
0
100
AcDbLine
 10
34536.45564828792
 20
-8308.772697268198
 30
0.0
 11
34568.74414828792
 21
-8274.456197268202
 31
0.0
  0
LWPOLYLINE
  5
19A
330
2
100
AcDbEntity
  8
0
100
AcDbPolyline
 90
        2
 70
     0
 43
0.25
 10
34537.54814828794
 20
-8309.800697268194
 10
34536.09164828791
 20
-8308.430197268197
  0
LWPOLYLINE
  5
19B
330
2
100
AcDbEntity
  8
0
100
AcDbPolyline
 90
        2
 70
     0
 43
0.25
 10
34569.83664828794
 20
-8275.483697268206
 10
34537.54814828794
 20
-8309.800697268194
  0
LWPOLYLINE
  5
19C
330
2
100
AcDbEntity
  8
0
100
AcDbPolyline
 90
        2
 70
     0
 43
0.25
 10
34568.37964828791
 20
-8274.113197268201
 10
34569.83664828794
 20
-8275.483697268206
  0
LWPOLYLINE
  5
19D
330
2
100
AcDbEntity
  8
0
100
AcDbPolyline
 90
        2
 70
     0
 43
0.25
 10
34536.09164828791
 20
-8308.430197268197
 10
34568.37964828791
 20
-8274.113197268201
  0
LINE
  5
19E
330
2
100
AcDbEntity
  8
1
100
AcDbLine
 10
34501.96764828794
 20
-8250.267197268196
 30
0.0
 11
34537.89714828792
 21
-8309.533197268194
 31
0.0
  0
LINE
  5
19F
330
2
100
AcDbEntity
  8
1
100
AcDbLine
 10
34501.54014828793
 20
-8250.526697268198
 30
0.0
 11
34502.10464828793
 21
-8250.184197268201
 31
0.0
  0
LINE
  5
1A0
330
2
100
AcDbEntity
  8
1
100
AcDbLine
 10
34503.25064828794
 20
-8249.489697268202
 30
0.0
 11
34502.68614828794
 21
-8249.831697268202
 31
0.0
  0
LINE
  5
1A1
330
2
100
AcDbEntity
  8
1
100
AcDbLine
 10
34503.25064828794
 20
-8249.489697268202
 30
0.0
 11
34503.92864828791
 21
-8250.608197268195
 31
0.0
  0
LINE
  5
1A2
330
2
100
AcDbEntity
  8
1
100
AcDbLine
 10
34505.30564828794
 20
-8252.879697268201
 30
0.0
 11
34504.62764828794
 21
-8251.761197268199
 31
0.0
  0
LINE
  5
1A3
330
2
100
AcDbEntity
  8
1
100
AcDbLine
 10
34522.98564828794
 20
-8282.043197268196
 30
0.0
 11
34523.37164828794
 21
-8282.679697268197
 31
0.0
  0
LINE
  5
1A4
330
2
100
AcDbEntity
  8
1
100
AcDbLine
 10
34524.15514828794
 20
-8283.972197268196
 30
0.0
 11
34523.76914828794
 21
-8283.335697268196
 31
0.0
  0
LINE
  5
1A5
330
2
100
AcDbEntity
  8
1
100
AcDbLine
 10
34537.84964828792
 20
-8306.5616972682
 30
0.0
 11
34538.20464828794
 21
-8307.147197268197
 31
0.0
  0
LINE
  5
1A6
330
2
100
AcDbEntity
  8
1
100
AcDbLine
 10
34538.92564828792
 20
-8308.336697268198
 30
0.0
 11
34538.57064828793
 21
-8307.750697268195
 31
0.0
  0
LINE
  5
1A7
330
2
100
AcDbEntity
  8
1
100
AcDbLine
 10
34538.92564828792
 20
-8308.336697268198
 30
0.0
 11
34539.00964828794
 21
-8308.474697268195
 31
0.0
  0
LINE
  5
1A8
330
2
100
AcDbEntity
  8
1
100
AcDbLine
 10
34539.17964828794
 20
-8308.7556972682
 30
0.0
 11
34539.09614828794
 21
-8308.617197268197
 31
0.0
  0
LWPOLYLINE
  5
1A9
330
2
100
AcDbEntity
  8
0
100
AcDbPolyline
 90
        2
 70
     0
 43
0.25
 10
34522.98564828794
 20
-8282.043197268194
 10
34505.30564828795
 20
-8252.8796972682
  0
LWPOLYLINE
  5
1AA
330
2
100
AcDbEntity
  8
0
100
AcDbPolyline
 90
        2
 70
     0
 43
0.25
 10
34537.84964828792
 20
-8306.5616972682
 10
34524.15514828793
 20
-8283.972197268198
  0
LWPOLYLINE
  5
1AB
330
2
100
AcDbEntity
  8
0
100
AcDbPolyline
 90
        2
 70
     0
 43
0.25
 10
34538.92564828792
 20
-8308.336697268194
 10
34538.92564828792
 20
-8308.336697268194
  0
LINE
  5
1AC
330
2
100
AcDbEntity
  8
1
100
AcDbLine
 10
34539.17964828794
 20
-8308.7556972682
 30
0.0
 11
34538.61514828794
 21
-8309.0976972682
 31
0.0
  0
LINE
  5
1AD
330
2
100
AcDbEntity
  8
1
100
AcDbLine
 10
34537.46964828792
 20
-8309.7921972682
 30
0.0
 11
34538.03364828793
 21
-8309.4501972682
 31
0.0
  0
LINE
  5
1AE
330
2
100
AcDbEntity
  8
1
100
AcDbLine
 10
34537.46964828792
 20
-8309.7921972682
 30
0.0
 11
34537.12564828791
 21
-8309.225197268199
 31
0.0
  0
LINE
  5
1AF
330
2
100
AcDbEntity
  8
1
100
AcDbLine
 10
34536.42714828791
 20
-8308.073197268197
 30
0.0
 11
34536.77114828792
 21
-8308.640697268194
 31
0.0
  0
LINE
  5
1B0
330
2
100
AcDbEntity
  8
1
100
AcDbLine
 10
34536.42714828791
 20
-8308.073197268197
 30
0.0
 11
34536.28964828793
 21
-8307.846197268202
 31
0.0
  0
LINE
  5
1B1
330
2
100
AcDbEntity
  8
1
100
AcDbLine
 10
34536.01014828794
 20
-8307.3846972682
 30
0.0
 11
34536.14764828792
 21
-8307.612197268201
 31
0.0
  0
LINE
  5
1B2
330
2
100
AcDbEntity
  8
1
100
AcDbLine
 10
34522.98564828794
 20
-8285.901197268196
 30
0.0
 11
34522.59964828794
 21
-8285.264697268196
 31
0.0
  0
LINE
  5
1B3
330
2
100
AcDbEntity
  8
1
100
AcDbLine
 10
34521.81614828795
 20
-8283.972197268196
 30
0.0
 11
34522.20214828795
 21
-8284.608697268197
 31
0.0
  0
LINE
  5
1B4
330
2
100
AcDbEntity
  8
1
100
AcDbLine
 10
34502.54914828795
 20
-8252.190197268203
 30
0.0
 11
34502.21614828792
 21
-8251.641197268202
 31
0.0
  0
LINE
  5
1B5
330
2
100
AcDbEntity
  8
1
100
AcDbLine
 10
34501.54014828793
 20
-8250.526697268198
 30
0.0
 11
34501.87314828793
 21
-8251.0756972682
 31
0.0
  0
LWPOLYLINE
  5
1B6
330
2
100
AcDbEntity
  8
0
100
AcDbPolyline
 90
        2
 70
     0
 43
0.25
 10
34536.42714828793
 20
-8308.073197268193
 10
34536.42714828793
 20
-8308.073197268193
  0
LWPOLYLINE
  5
1B7
330
2
100
AcDbEntity
  8
0
100
AcDbPolyline
 90
        2
 70
     0
 43
0.25
 10
34522.98564828794
 20
-8285.901197268195
 10
34536.01014828794
 20
-8307.384697268204
  0
LWPOLYLINE
  5
1B8
330
2
100
AcDbEntity
  8
0
100
AcDbPolyline
 90
        2
 70
     0
 43
0.25
 10
34502.54914828796
 20
-8252.190197268206
 10
34521.81614828795
 20
-8283.972197268198
  0
LINE
  5
1B9
330
2
100
AcDbEntity
  8
0
100
AcDbLine
 10
34501.96764828794
 20
-8317.677197268196
 30
0.0
 11
34537.89714828792
 21
-8258.411197268199
 31
0.0
  0
LWPOLYLINE
  5
1BA
330
2
100
AcDbEntity
  8
0
100
AcDbPolyline
 90
        2
 70
     0
 43
0.25
 10
34503.25064828793
 20
-8318.454697268196
 10
34501.54014828794
 20
-8317.417697268193
  0
LWPOLYLINE
  5
1BB
330
2
100
AcDbEntity
  8
0
100
AcDbPolyline
 90
        2
 70
     0
 43
0.25
 10
34539.17964828793
 20
-8259.1886972682
 10
34503.25064828793
 20
-8318.454697268196
  0
LWPOLYLINE
  5
1BC
330
2
100
AcDbEntity
  8
0
100
AcDbPolyline
 90
        2
 70
     0
 43
0.25
 10
34537.46964828791
 20
-8258.152197268206
 10
34539.17964828793
 20
-8259.1886972682
  0
LWPOLYLINE
  5
1BD
330
2
100
AcDbEntity
  8
0
100
AcDbPolyline
 90
        2
 70
     0
 43
0.25
 10
34501.54014828794
 20
-8317.417697268193
 10
34537.46964828791
 20
-8258.152197268206
  0
LINE
  5
1BE
330
2
100
AcDbEntity
  8
1
100
AcDbLine
 10
34500.88514828793
 20
-8249.403197268195
 30
0.0
 11
34583.20014828794
 21
-8269.991697268199
 31
0.0
  0
LWPOLYLINE
  5
1BF
330
2
100
AcDbEntity
  8
0
100
AcDbPolyline
 90
        2
 70
     0
 43
0.25
 10
34500.32714828795
 20
-8251.634697268204
 10
34501.00664828792
 20
-8248.918197268194
  0
LINE
  5
1C0
330
2
100
AcDbEntity
  8
1
100
AcDbLine
 10
34536.01014828794
 20
-8260.559697268201
 30
0.0
 11
34536.68014828793
 21
-8260.7271972682
 31
0.0
  0
LINE
  5
1C1
330
2
100
AcDbEntity
  8
1
100
AcDbLine
 10
34538.04064828794
 20
-8261.067697268201
 30
0.0
 11
34537.37064828794
 21
-8260.899697268198
 31
0.0
  0
LINE
  5
1C2
330
2
100
AcDbEntity
  8
1
100
AcDbLine
 10
34581.33214828791
 20
-8271.895697268203
 30
0.0
 11
34565.64514828792
 21
-8267.971697268196
 31
0.0
  0
LWPOLYLINE
  5
1C3
330
2
100
AcDbEntity
  8
0
100
AcDbPolyline
 90
        2
 70
     0
 43
0.25
 10
34536.01014828794
 20
-8260.5596972682
 10
34500.32714828795
 20
-8251.634697268204
  0
LWPOLYLINE
  5
1C4
330
2
100
AcDbEntity
  8
0
100
AcDbPolyline
 90
        2
 70
     0
 43
0.25
 10
34565.64514828792
 20
-8267.971697268196
 10
34538.04064828794
 20
-8261.067697268201
  0
LWPOLYLINE
  5
1C5
330
2
100
AcDbEntity
  8
0
100
AcDbPolyline
 90
        2
 70
     0
 43
0.25
 10
34582.64214828793
 20
-8272.223197268195
 10
34581.3321482879
 20
-8271.895697268203
  0
LWPOLYLINE
  5
1C6
330
2
100
AcDbEntity
  8
0
100
AcDbPolyline
 90
        2
 70
     0
 43
0.25
 10
34583.32114828796
 20
-8269.5066972682
 10
34582.64214828793
 20
-8272.223197268195
  0
LINE
  5
1C7
330
2
100
AcDbEntity
  8
1
100
AcDbLine
 10
34565.26264828794
 20
-8264.989697268195
 30
0.0
 11
34582.71664828794
 21
-8269.355697268194
 31
0.0
  0
LWPOLYLINE
  5
1C8
330
2
100
AcDbEntity
  8
0
100
AcDbPolyline
 90
        2
 70
     0
 43
0.25
 10
34582.71664828794
 20
-8269.355697268194
 10
34583.32114828796
 20
-8269.5066972682
  0
LWPOLYLINE
  5
1C9
330
2
100
AcDbEntity
  8
0
100
AcDbPolyline
 90
        2
 70
     0
 43
0.25
 10
34501.00664828792
 20
-8248.918197268194
 10
34565.26264828794
 20
-8264.989697268193
  0
LINE
  5
1CA
330
2
100
AcDbEntity
  8
1
100
AcDbLine
 10
34500.88514828793
 20
-8318.541197268198
 30
0.0
 11
34583.20014828794
 21
-8297.952697268194
 31
0.0
  0
LWPOLYLINE
  5
1CB
330
2
100
AcDbEntity
  8
0
100
AcDbPolyline
 90
        2
 70
     0
 43
0.25
 10
34500.32714828795
 20
-8316.3096972682
 10
34501.00664828792
 20
-8319.026197268195
  0
LINE
  5
1CC
330
2
100
AcDbEntity
  8
1
100
AcDbLine
 10
34502.54914828795
 20
-8315.7541972682
 30
0.0
 11
34503.45864828793
 21
-8315.526697268198
 31
0.0
  0
LINE
  5
1CD
330
2
100
AcDbEntity
  8
1
100
AcDbLine
 10
34505.30564828794
 20
-8315.0646972682
 30
0.0
 11
34504.39614828793
 21
-8315.292197268202
 31
0.0
  0
LINE
  5
1CE
330
2
100
AcDbEntity
  8
1
100
AcDbLine
 10
34537.40314828792
 20
-8307.036697268197
 30
0.0
 11
34538.58814828793
 21
-8306.740197268202
 31
0.0
  0
LINE
  5
1CF
330
2
100
AcDbEntity
  8
1
100
AcDbLine
 10
34540.99414828794
 20
-8306.138197268203
 30
0.0
 11
34539.80914828793
 21
-8306.434697268198
 31
0.0
  0
LINE
  5
1D0
330
2
100
AcDbEntity
  8
1
100
AcDbLine
 10
34581.33214828791
 20
-8296.0486972682
 30
0.0
 11
34565.64514828792
 21
-8299.972697268196
 31
0.0
  0
LWPOLYLINE
  5
1D1
330
2
100
AcDbEntity
  8
0
100
AcDbPolyline
 90
        2
 70
     0
 43
0.25
 10
34502.54914828796
 20
-8315.754197268197
 10
34500.32714828795
 20
-8316.3096972682
  0
LWPOLYLINE
  5
1D2
330
2
100
AcDbEntity
  8
0
100
AcDbPolyline
 90
        2
 70
     0
 43
0.25
 10
34537.40314828792
 20
-8307.036697268199
 10
34505.30564828795
 20
-8315.064697268197
  0
LWPOLYLINE
  5
1D3
330
2
100
AcDbEntity
  8
0
100
AcDbPolyline
 90
        2
 70
     0
 43
0.25
 10
34565.64514828792
 20
-8299.972697268193
 10
34540.99414828794
 20
-8306.138197268203
  0
LWPOLYLINE
  5
1D4
330
2
100
AcDbEntity
  8
0
100
AcDbPolyline
 90
        2
 70
     0
 43
0.25
 10
34582.64214828793
 20
-8295.721197268194
 10
34581.3321482879
 20
-8296.048697268201
  0
LWPOLYLINE
  5
1D5
330
2
100
AcDbEntity
  8
0
100
AcDbPolyline
 90
        2
 70
     0
 43
0.25
 10
34583.32114828796
 20
-8298.437697268204
 10
34582.64214828793
 20
-8295.721197268194
  0
LINE
  5
1D6
330
2
100
AcDbEntity
  8
1
100
AcDbLine
 10
34565.26264828794
 20
-8302.954697268198
 30
0.0
 11
34582.71664828794
 21
-8298.588697268198
 31
0.0
  0
LWPOLYLINE
  5
1D7
330
2
100
AcDbEntity
  8
0
100
AcDbPolyline
 90
        2
 70
     0
 43
0.25
 10
34582.71664828794
 20
-8298.588697268202
 10
34583.32114828796
 20
-8298.437697268204
  0
LWPOLYLINE
  5
1D8
330
2
100
AcDbEntity
  8
0
100
AcDbPolyline
 90
        2
 70
     0
 43
0.25
 10
34501.00664828792
 20
-8319.026197268195
 10
34565.26264828794
 20
-8302.954697268196
  0
TEXT
  5
1D9
330
2
100
AcDbEntity
  8
0
100
AcDbText
 10
34592.04665446112
 20
-8260.311581117452
 30
0.0
 40
2.2
  1
Q345-14
 41
0.7
100
AcDbText
  0
CIRCLE
  5
1DA
330
2
100
AcDbEntity
  8
0
100
AcDbCircle
 10
34588.61815446115
 20
-8262.31158111745
 30
0.0
 40
4.0
  0
TEXT
  5
1DB
330
2
100
AcDbEntity
  8
0
100
AcDbText
 10
34586.16835446115
 20
-8263.811812617458
 30
0.0
 40
3.0
  1
216
 41
0.7
 72
     1
 11
34588.61835446114
 21
-8262.311812617458
 31
0.0
100
AcDbText
 73
     2
  0
TEXT
  5
1DC
330
2
100
AcDbEntity
  8
0
100
AcDbText
 10
34592.20194473366
 20
-8303.395846709318
 30
0.0
 40
2.2
  1
Q345-14
 41
0.7
100
AcDbText
  0
CIRCLE
  5
1DD
330
2
100
AcDbEntity
  8
0
100
AcDbCircle
 10
34588.77344473369
 20
-8305.395846709316
 30
0.0
 40
4.0
  0
TEXT
  5
1DE
330
2
100
AcDbEntity
  8
0
100
AcDbText
 10
34586.27364473368
 20
-8306.895615209318
 30
0.0
 40
3.0
  1
215
 41
0.7
 72
     1
 11
34588.77364473368
 21
-8305.395615209318
 31
0.0
100
AcDbText
 73
     2
  0
INSERT
  5
1DF
330
2
100
AcDbEntity
  8
2
100
AcDbBlockReference
  2
M16X40
 10
34580.41064828795
 20
-8270.428197268195
 30
0.0
 41
5.0
 42
5.0
 43
5.0
  0
INSERT
  5
1E0
330
2
100
AcDbEntity
  8
2
100
AcDbBlockReference
  2
M16X40
 10
34580.41064828795
 20
-8297.516197268198
 30
0.0
 41
5.0
 42
5.0
 43
5.0
  0
INSERT
  5
1E1
330
2
100
AcDbEntity
  8
2
100
AcDbBlockReference
  2
M16X40
 10
34576.53014828793
 20
-8269.4576972682
 30
0.0
 41
5.0
 42
5.0
 43
5.0
  0
INSERT
  5
1E2
330
2
100
AcDbEntity
  8
2
100
AcDbBlockReference
  2
M16X40
 10
34576.53014828793
 20
-8298.486697268201
 30
0.0
 41
5.0
 42
5.0
 43
5.0
  0
INSERT
  5
1E3
330
2
100
AcDbEntity
  8
2
100
AcDbBlockReference
  2
M16X40
 10
34577.29014828794
 20
-8275.397697268201
 30
0.0
 41
5.0
 42
5.0
 43
5.0
  0
INSERT
  5
1E4
330
2
100
AcDbEntity
  8
2
100
AcDbBlockReference
  2
M16X40
 10
34577.29014828794
 20
-8292.5466972682
 30
0.0
 41
5.0
 42
5.0
 43
5.0
  0
INSERT
  5
1E5
330
2
100
AcDbEntity
  8
2
100
AcDbBlockReference
  2
M16X40
 10
34577.29014828794
 20
-8272.897697268201
 30
0.0
 41
5.0
 42
5.0
 43
5.0
  0
INSERT
  5
1E6
330
2
100
AcDbEntity
  8
2
100
AcDbBlockReference
  2
M16X40
 10
34577.29014828794
 20
-8295.0466972682
 30
0.0
 41
5.0
 42
5.0
 43
5.0
  0
INSERT
  5
1E7
330
2
100
AcDbEntity
  8
2
100
AcDbBlockReference
  2
M16X40
 10
34571.89014828793
 20
-8274.046697268197
 30
0.0
 41
5.0
 42
5.0
 43
5.0
  0
INSERT
  5
1E8
330
2
100
AcDbEntity
  8
2
100
AcDbBlockReference
  2
M16X40
 10
34571.89014828793
 20
-8293.897697268196
 30
0.0
 41
5.0
 42
5.0
 43
5.0
  0
INSERT
  5
1E9
330
2
100
AcDbEntity
  8
2
100
AcDbBlockReference
  2
M16X40
 10
34571.89014828793
 20
-8271.546697268197
 30
0.0
 41
5.0
 42
5.0
 43
5.0
  0
INSERT
  5
1EA
330
2
100
AcDbEntity
  8
2
100
AcDbBlockReference
  2
M16X40
 10
34571.89014828793
 20
-8296.397697268196
 30
0.0
 41
5.0
 42
5.0
 43
5.0
  0
INSERT
  5
1EB
330
2
100
AcDbEntity
  8
2
100
AcDbBlockReference
  2
M16X40
 10
34568.76964828793
 20
-8267.516197268198
 30
0.0
 41
5.0
 42
5.0
 43
5.0
  0
INSERT
  5
1EC
330
2
100
AcDbEntity
  8
2
100
AcDbBlockReference
  2
M16X40
 10
34568.76964828793
 20
-8300.428197268195
 30
0.0
 41
5.0
 42
5.0
 43
5.0
  0
INSERT
  5
1ED
330
2
100
AcDbEntity
  8
2
100
AcDbBlockReference
  2
M16X40
 10
34572.65014828794
 20
-8268.486697268201
 30
0.0
 41
5.0
 42
5.0
 43
5.0
  0
INSERT
  5
1EE
330
2
100
AcDbEntity
  8
2
100
AcDbBlockReference
  2
M16X40
 10
34572.65014828794
 20
-8299.4576972682
 30
0.0
 41
5.0
 42
5.0
 43
5.0
  0
LINE
  5
1EF
330
2
100
AcDbEntity
  8
5
100
AcDbLine
 10
34577.29014828794
 20
-8298.296697268199
 30
0.0
 11
34577.29014828794
 21
-8269.647697268203
 31
0.0
  0
LINE
  5
1F0
330
2
100
AcDbEntity
  8
5
100
AcDbLine
 10
34571.89014828793
 20
-8299.647697268203
 30
0.0
 11
34571.89014828793
 21
-8268.296697268199
 31
0.0
  0
LINE
  5
1F1
102
{ACAD_REACTORS
330
828
102
}
330
2
100
AcDbEntity
  8
4
100
AcDbLine
 10
34536.13464828792
 20
-8258.100697268203
 30
0.0
 11
34574.59014828794
 21
-8298.972197268196
 31
0.0
  0
LINE
  5
1F2
330
2
100
AcDbEntity
  8
4
100
AcDbLine
 10
34536.13464828792
 20
-8309.8436972682
 30
0.0
 11
34574.59014828794
 21
-8268.972197268196
 31
0.0
  0
LINE
  5
1F3
330
2
100
AcDbEntity
  8
4
100
AcDbLine
 10
34501.87714828793
 20
-8249.152697268202
 30
0.0
 11
34538.84314828793
 21
-8310.1291972682
 31
0.0
  0
LINE
  5
1F4
330
2
100
AcDbEntity
  8
4
100
AcDbLine
 10
34501.87714828793
 20
-8318.7916972682
 30
0.0
 11
34538.84314828793
 21
-8257.815197268203
 31
0.0
  0
LINE
  5
1F5
330
2
100
AcDbEntity
  8
4
100
AcDbLine
 10
34500.37564828792
 20
-8250.409697268198
 30
0.0
 11
34583.90314828794
 21
-8271.301697268202
 31
0.0
  0
LINE
  5
1F6
330
2
100
AcDbEntity
  8
4
100
AcDbLine
 10
34500.37564828792
 20
-8317.534697268195
 30
0.0
 11
34583.90314828794
 21
-8296.6426972682
 31
0.0
  0
INSERT
  5
1F7
330
2
100
AcDbEntity
  8
2
100
AcDbBlockReference
  2
M16X40
 10
34529.74701741772
 20
-8159.718390039567
 30
0.0
 41
5.0
 42
5.0
 43
5.0
  0
INSERT
  5
1F8
330
2
100
AcDbEntity
  8
2
100
AcDbBlockReference
  2
M16X40
 10
34533.36601741772
 20
-8161.421890039561
 30
0.0
 41
5.0
 42
5.0
 43
5.0
  0
INSERT
  5
1F9
330
2
100
AcDbEntity
  8
2
100
AcDbBlockReference
  2
M16X40
 10
34534.76601741771
 20
-8181.47089003956
 30
0.0
 41
5.0
 42
5.0
 43
5.0
  0
LINE
  5
1FA
330
2
100
AcDbEntity
  8
7
100
AcDbLine
 10
34498.47427241773
 20
-8190.97946503956
 30
0.0
 11
34494.42040341771
 21
-8132.925190039565
 31
0.0
  0
LINE
  5
1FB
330
2
100
AcDbEntity
  8
4
100
AcDbLine
 10
34495.10401741772
 20
-8182.192890039565
 30
0.0
 11
34492.30401741773
 21
-8142.094890039558
 31
0.0
  0
TEXT
  5
1FC
330
2
100
AcDbEntity
  8
3
100
AcDbText
 10
34543.45356468835
 20
-8179.062996442613
 30
0.0
 40
2.5
  1
793
 50
1.042899999998936
 41
0.7
 72
     1
 11
34545.70319197014
 21
-8179.022044116819
 31
0.0
100
AcDbText
  0
LINE
  5
1FD
330
2
100
AcDbEntity
  8
3
100
AcDbLine
 10
34548.91519197013
 20
-8175.463044116814
 30
0.0
 11
34542.36319197015
 21
-8175.582044116818
 31
0.0
  0
TEXT
  5
1FE
330
2
100
AcDbEntity
  8
3
100
AcDbText
 10
34543.91392140083
 20
-8172.003348839683
 30
0.0
 40
2.5
  1
908
 50
334.7946000000027
 41
0.7
 72
     1
 11
34545.94969197014
 21
-8172.961544116815
 31
0.0
100
AcDbText
  0
LINE
  5
1FF
330
2
100
AcDbEntity
  8
3
100
AcDbLine
 10
34542.13219197013
 20
-8172.270044116813
 30
0.0
 11
34548.91519197013
 21
-8175.463044116814
 31
0.0
  0
TEXT
  5
200
330
2
100
AcDbEntity
  8
3
100
AcDbText
 10
34538.59945928076
 20
-8171.925509674204
 30
0.0
 40
2.5
  1
402
 50
273.9943999999341
 41
0.7
 72
     1
 11
34538.75619197014
 21
-8174.170044116818
 31
0.0
100
AcDbText
  0
LINE
  5
201
330
2
100
AcDbEntity
  8
3
100
AcDbLine
 10
34542.36319197015
 20
-8175.582044116818
 30
0.0
 11
34542.13219197013
 21
-8172.270044116813
 31
0.0
  0
TEXT
  5
202
330
2
100
AcDbEntity
  8
3
100
AcDbText
 10
34524.29873489519
 20
-8168.21858413924
 30
0.0
 40
2.5
  1
80
 50
334.7947000001837
 41
0.7
 72
     1
 11
34525.58051741772
 21
-8168.821890039559
 31
0.0
100
AcDbText
  0
LINE
  5
203
330
2
100
AcDbEntity
  8
3
100
AcDbLine
 10
34524.71651741772
 20
-8169.520390039566
 30
0.0
 11
34525.59301741774
 21
-8169.932890039559
 31
0.0
  0
TEXT
  5
204
330
2
100
AcDbEntity
  8
3
100
AcDbText
 10
34518.1253950632
 20
-8172.604274610808
 30
0.0
 40
2.5
  1
826
 50
32.97340000016412
 41
0.7
 72
     1
 11
34519.97801741774
 21
-8171.402390039562
 31
0.0
100
AcDbText
  0
LINE
  5
205
330
2
100
AcDbEntity
  8
3
100
AcDbLine
 10
34516.32851741771
 20
-8174.96239003956
 30
0.0
 11
34524.71651741772
 21
-8169.520390039566
 31
0.0
  0
TEXT
  5
206
330
2
100
AcDbEntity
  8
3
100
AcDbText
 10
34518.94439013593
 20
-8178.415342365353
 30
0.0
 40
2.5
  1
793
 50
1.042899999998936
 41
0.7
 72
     1
 11
34521.19401741772
 21
-8178.374390039558
 31
0.0
100
AcDbText
  0
LINE
  5
207
330
2
100
AcDbEntity
  8
3
100
AcDbLine
 10
34525.93151741773
 20
-8174.787390039561
 30
0.0
 11
34516.32851741771
 21
-8174.96239003956
 31
0.0
  0
TEXT
  5
208
330
2
100
AcDbEntity
  8
3
100
AcDbText
 10
34526.60328472834
 20
-8170.045855596953
 30
0.0
 40
2.5
  1
402
 50
273.9943999999341
 41
0.7
 72
     1
 11
34526.76001741772
 21
-8172.290390039567
 31
0.0
100
AcDbText
  0
LINE
  5
209
330
2
100
AcDbEntity
  8
3
100
AcDbLine
 10
34525.59301741774
 20
-8169.932890039559
 30
0.0
 11
34525.93151741773
 21
-8174.787390039561
 31
0.0
  0
TEXT
  5
20A
330
2
100
AcDbEntity
  8
3
100
AcDbText
 10
34501.58701541593
 20
-8156.65885829314
 30
0.0
 40
2.5
  1
804
 50
273.9943999999341
 41
0.7
 72
     1
 11
34501.74665056252
 21
-8158.944958188395
 31
0.0
100
AcDbText
  0
LINE
  5
20B
330
2
100
AcDbEntity
  8
3
100
AcDbLine
 10
34504.99215376193
 20
-8161.557324059984
 30
0.0
 11
34504.58615376192
 21
-8155.746124059988
 31
0.0
  0
TEXT
  5
20C
330
2
100
AcDbEntity
  8
3
100
AcDbText
 10
34507.29935105632
 20
-8163.870311466732
 30
0.0
 40
2.5
  1
826
 50
32.97340000016412
 41
0.7
 72
     1
 11
34509.15197341085
 21
-8162.668426895487
 31
0.0
100
AcDbText
  0
LINE
  5
20D
330
2
100
AcDbEntity
  8
3
100
AcDbLine
 10
34510.01295376193
 20
-8158.300124059984
 30
0.0
 11
34504.99215376193
 21
-8161.557324059984
 31
0.0
  0
TEXT
  5
20E
330
2
100
AcDbEntity
  8
3
100
AcDbText
 10
34505.49748493464
 20
-8155.64684243699
 30
0.0
 40
2.5
  1
828
 50
334.7946000000027
 41
0.7
 72
     1
 11
34507.53325550394
 21
-8156.605037714122
 31
0.0
100
AcDbText
  0
LINE
  5
20F
330
2
100
AcDbEntity
  8
3
100
AcDbLine
 10
34504.58615376192
 20
-8155.746124059988
 30
0.0
 11
34510.01295376193
 21
-8158.300124059984
 31
0.0
  0
INSERT
  5
210
330
2
100
AcDbEntity
  8
2
100
AcDbBlockReference
  2
M16X40
 10
34499.92801741773
 20
-8179.063390039561
 30
0.0
 41
5.0
 42
5.0
 43
5.0
  0
INSERT
  5
211
330
2
100
AcDbEntity
  8
2
100
AcDbBlockReference
  2
M16X40
 10
34504.85251741774
 20
-8182.015390039565
 30
0.0
 41
5.0
 42
5.0
 43
5.0
  0
INSERT
  5
212
330
2
100
AcDbEntity
  8
2
100
AcDbBlockReference
  2
M16X40
 10
34502.35301741773
 20
-8182.060890039562
 30
0.0
 41
5.0
 42
5.0
 43
5.0
  0
INSERT
  5
213
330
2
100
AcDbEntity
  8
2
100
AcDbBlockReference
  2
M16X40
 10
34499.85301741773
 20
-8182.106390039558
 30
0.0
 41
5.0
 42
5.0
 43
5.0
  0
INSERT
  5
214
330
2
100
AcDbEntity
  8
2
100
AcDbBlockReference
  2
M16X40
 10
34500.22101741771
 20
-8145.82139003956
 30
0.0
 41
5.0
 42
5.0
 43
5.0
  0
INSERT
  5
215
330
2
100
AcDbEntity
  8
2
100
AcDbBlockReference
  2
M16X40
 10
34497.95901741774
 20
-8144.756390039562
 30
0.0
 41
5.0
 42
5.0
 43
5.0
  0
TEXT
  5
216
330
2
100
AcDbEntity
  8
0
100
AcDbText
 10
34541.7295563762
 20
-8154.100612041
 30
0.0
 40
3.0
  1
206
 41
0.7
 72
     1
 11
34544.37955637621
 21
-8152.600612041
 31
0.0
100
AcDbText
 73
     2
  0
CIRCLE
  5
217
330
2
100
AcDbEntity
  8
0
100
AcDbCircle
 10
34544.37941637619
 20
-8152.600737040997
 30
0.0
 40
4.0
  0
TEXT
  5
218
330
2
100
AcDbEntity
  8
0
100
AcDbText
 10
34499.17325662181
 20
-8177.410239011577
 30
0.0
 40
2.5
  1
-90
 50
32.97340000016412
 41
0.7
 72
     1
 11
34501.27056494769
 21
-8176.049614968657
 31
0.0
100
AcDbText
  0
TEXT
  5
219
330
2
100
AcDbEntity
  8
0
100
AcDbText
 10
34510.42459979015
 20
-8165.995503171324
 30
0.0
 40
2.5
  1
L40X3
 50
32.97340000016412
 41
0.7
 72
     1
 11
34513.60551741774
 21
-8163.931890039563
 31
0.0
100
AcDbText
  0
TEXT
  5
21A
330
2
100
AcDbEntity
  8
0
100
AcDbText
 10
34513.9375361733
 20
-8167.888858071748
 30
0.0
 40
2.5
  1
761
 50
32.97340000016412
 41
0.7
 72
     1
 11
34515.51051741771
 21
-8166.868390039559
 31
0.0
100
AcDbText
  0
LINE
  5
21B
330
2
100
AcDbEntity
  8
0
100
AcDbLine
 10
34517.28551741773
 20
-8162.140390039563
 30
0.0
 11
34510.46951741773
 21
-8166.562390039559
 31
0.0
  0
TEXT
  5
21C
330
2
100
AcDbEntity
  8
0
100
AcDbText
 10
34503.03058241774
 20
-8169.944915039559
 30
0.0
 40
3.0
  1
205
 41
0.7
 72
     1
 11
34505.73058241774
 21
-8168.444915039559
 31
0.0
100
AcDbText
 73
     2
  0
CIRCLE
  5
21D
330
2
100
AcDbEntity
  8
0
100
AcDbCircle
 10
34505.73051741772
 20
-8168.44489003956
 30
0.0
 40
4.0
  0
TEXT
  5
21E
330
2
100
AcDbEntity
  8
0
100
AcDbText
 10
34558.91665665866
 20
-8170.850796336723
 30
0.0
 40
2.5
  1
-115
 50
334.7946000000027
 41
0.7
 72
     1
 11
34561.63101741774
 21
-8172.128390039567
 31
0.0
100
AcDbText
  0
TEXT
  5
21F
330
2
100
AcDbEntity
  8
0
100
AcDbText
 10
34500.5430501185
 20
-8143.375728620523
 30
0.0
 40
2.5
  1
-90
 50
334.7946000000027
 41
0.7
 72
     1
 11
34502.80501741774
 21
-8144.440390039559
 31
0.0
100
AcDbText
  0
TEXT
  5
220
330
2
100
AcDbEntity
  8
0
100
AcDbText
 10
34520.73196379928
 20
-8148.218732174899
 30
0.0
 40
2.5
  1
L56X5
 50
334.7946000000027
 41
0.7
 72
     1
 11
34524.16261420312
 21
-8149.833468660438
 31
0.0
100
AcDbText
  0
TEXT
  5
221
330
2
100
AcDbEntity
  8
0
100
AcDbText
 10
34520.18395017396
 20
-8151.828841099496
 30
0.0
 40
2.5
  1
1610
 50
334.7946000000027
 41
0.7
 72
     1
 11
34522.67211420312
 21
-8152.999968660435
 31
0.0
100
AcDbText
  0
LINE
  5
222
330
2
100
AcDbEntity
  8
0
100
AcDbLine
 10
34527.62561420309
 20
-8152.015968660437
 30
0.0
 11
34520.27411420309
 21
-8148.555468660436
 31
0.0
  0
TEXT
  5
223
330
2
100
AcDbEntity
  8
0
100
AcDbText
 10
34510.49700893995
 20
-8145.029468660434
 30
0.0
 40
3.0
  1
\M+5BAF3204
 41
0.7
 72
     1
 11
34514.73911420311
 21
-8145.029468660434
 31
0.0
100
AcDbText
  0
TEXT
  5
224
330
2
100
AcDbEntity
  8
0
100
AcDbText
 10
34510.50279841363
 20
-8141.029468660437
 30
0.0
 40
3.0
  1
\M+5C7B0203
 41
0.7
 72
     1
 11
34514.73911420311
 21
-8141.029468660437
 31
0.0
100
AcDbText
  0
LINE
  5
225
330
2
100
AcDbEntity
  8
0
100
AcDbLine
 10
34508.73911420309
 20
-8141.529468660439
 30
0.0
 11
34520.73911420309
 21
-8141.529468660439
 31
0.0
  0
CIRCLE
  5
226
330
2
100
AcDbEntity
  8
0
100
AcDbCircle
 10
34514.73911420311
 20
-8141.529468660439
 30
0.0
 40
6.0
  0
CIRCLE
  5
227
330
2
100
AcDbEntity
  8
0
100
AcDbCircle
 10
34514.73911420311
 20
-8141.529468660439
 30
0.0
 40
7.0
  0
TEXT
  5
228
330
2
100
AcDbEntity
  8
0
100
AcDbText
 10
34580.59903562073
 20
-8185.244187713088
 30
0.0
 40
2.5
  1
+180
 50
1.042899999998936
 41
0.7
 72
     1
 11
34583.76517772104
 21
-8185.186551106413
 31
0.0
100
AcDbText
  0
TEXT
  5
229
330
2
100
AcDbEntity
  8
0
100
AcDbText
 10
34499.37482474531
 20
-8186.957527444431
 30
0.0
 40
2.5
  1
-70
 50
1.042899999998936
 41
0.7
 72
     1
 11
34501.87441061398
 21
-8186.912024860214
 31
0.0
100
AcDbText
  0
TEXT
  5
22A
330
2
100
AcDbEntity
  8
0
100
AcDbText
 10
34524.84972621878
 20
-8191.200453785419
 30
0.0
 40
2.5
  1
L56X5
 50
1.042899999998936
 41
0.7
 72
     1
 11
34528.64076478626
 21
-8191.131441532691
 31
0.0
100
AcDbText
  0
TEXT
  5
22B
330
2
100
AcDbEntity
  8
0
100
AcDbText
 10
34525.78808127281
 20
-8194.68402788095
 30
0.0
 40
2.5
  1
1697
 50
1.042899999998936
 41
0.7
 72
     1
 11
34528.70426478626
 21
-8194.630941532698
 31
0.0
100
AcDbText
  0
LINE
  5
22C
330
2
100
AcDbEntity
  8
0
100
AcDbLine
 10
34532.71176478623
 20
-8191.557441532697
 30
0.0
 11
34524.58826478623
 21
-8191.705441532697
 31
0.0
  0
TEXT
  5
22D
330
2
100
AcDbEntity
  8
0
100
AcDbText
 10
34512.57741356521
 20
-8195.492057669215
 30
0.0
 40
3.0
  1
\M+5BAF3202
 41
0.7
 72
     1
 11
34516.76951882837
 21
-8195.492057669215
 31
0.0
100
AcDbText
  0
TEXT
  5
22E
330
2
100
AcDbEntity
  8
0
100
AcDbText
 10
34512.9832030389
 20
-8191.492057669209
 30
0.0
 40
3.0
  1
\M+5C7B0201
 41
0.7
 72
     1
 11
34516.76951882837
 21
-8191.492057669209
 31
0.0
100
AcDbText
  0
LINE
  5
22F
330
2
100
AcDbEntity
  8
0
100
AcDbLine
 10
34510.76951882835
 20
-8191.992057669211
 30
0.0
 11
34522.76951882836
 21
-8191.992057669211
 31
0.0
  0
CIRCLE
  5
230
330
2
100
AcDbEntity
  8
0
100
AcDbCircle
 10
34516.76951882837
 20
-8191.992057669211
 30
0.0
 40
6.0
  0
CIRCLE
  5
231
330
2
100
AcDbEntity
  8
0
100
AcDbCircle
 10
34516.76951882837
 20
-8191.992057669211
 30
0.0
 40
7.0
  0
LWPOLYLINE
  5
232
330
2
100
AcDbEntity
  8
0
100
AcDbPolyline
 90
        2
 70
     0
 43
0.25
 10
34579.70651741773
 20
-8182.252890039561
 10
34565.20851741774
 20
-8182.516890039564
  0
LWPOLYLINE
  5
233
330
2
100
AcDbEntity
  8
0
100
AcDbPolyline
 90
        2
 70
     0
 43
0.25
 10
34579.65551741772
 20
-8179.45339003956
 10
34579.70651741773
 20
-8182.252890039561
  0
LWPOLYLINE
  5
234
330
2
100
AcDbEntity
  8
0
100
AcDbPolyline
 90
        2
 70
     0
 43
0.25
 10
34564.47806137771
 20
-8174.297428715576
 10
34579.65551741772
 20
-8179.45339003956
  0
LWPOLYLINE
  5
235
330
2
100
AcDbEntity
  8
0
100
AcDbPolyline
 90
        2
 70
     0
 43
0.25
 10
34563.28556137769
 20
-8176.83092871557
 10
34564.4780613777
 20
-8174.297428715572
  0
LWPOLYLINE
  5
236
330
2
100
AcDbEntity
  8
0
100
AcDbPolyline
 90
        2
 70
     0
 43
0.25
 10
34565.20851741774
 20
-8182.516890039564
 10
34563.28556138249
 20
-8176.830928717827
  0
LINE
  5
237
330
2
100
AcDbEntity
  8
0
100
AcDbLine
 10
34535.35201741771
 20
-8182.682890039565
 30
0.0
 11
34533.77751741772
 21
-8160.13989003956
 31
0.0
  0
LWPOLYLINE
  5
238
330
2
100
AcDbEntity
  8
0
100
AcDbPolyline
 90
        2
 70
     0
 43
0.25
 10
34533.85551741773
 20
-8182.787390039563
 10
34535.85051741773
 20
-8182.64839003956
  0
LWPOLYLINE
  5
239
330
2
100
AcDbEntity
  8
0
100
AcDbPolyline
 90
        2
 70
     0
 43
0.25
 10
34532.28151741771
 20
-8160.244390039565
 10
34533.85551741773
 20
-8182.787390039563
  0
LWPOLYLINE
  5
23A
330
2
100
AcDbEntity
  8
0
100
AcDbPolyline
 90
        2
 70
     0
 43
0.25
 10
34534.27651741774
 20
-8160.105390039555
 10
34532.28151741771
 20
-8160.244390039565
  0
LWPOLYLINE
  5
23B
330
2
100
AcDbEntity
  8
0
100
AcDbPolyline
 90
        2
 70
     0
 43
0.25
 10
34535.85051741773
 20
-8182.64839003956
 10
34534.27651741774
 20
-8160.105390039555
  0
LINE
  5
23C
330
2
100
AcDbEntity
  8
0
100
AcDbLine
 10
34498.60701741774
 20
-8179.324390039561
 30
0.0
 11
34530.52351741771
 21
-8158.618890039566
 31
0.0
  0
LWPOLYLINE
  5
23D
330
2
100
AcDbEntity
  8
0
100
AcDbPolyline
 90
        2
 70
     0
 43
0.25
 10
34499.42351741773
 20
-8180.582890039563
 10
34498.33501741775
 20
-8178.904890039563
  0
LWPOLYLINE
  5
23E
330
2
100
AcDbEntity
  8
0
100
AcDbPolyline
 90
        2
 70
     0
 43
0.25
 10
34531.3400174177
 20
-8159.876890039564
 10
34499.42351741773
 20
-8180.582890039563
  0
LWPOLYLINE
  5
23F
330
2
100
AcDbEntity
  8
0
100
AcDbPolyline
 90
        2
 70
     0
 43
0.25
 10
34530.25151741774
 20
-8158.199390039559
 10
34531.3400174177
 20
-8159.876890039564
  0
LWPOLYLINE
  5
240
330
2
100
AcDbEntity
  8
0
100
AcDbPolyline
 90
        2
 70
     0
 43
0.25
 10
34498.33501741775
 20
-8178.904890039563
 10
34530.25151741774
 20
-8158.199390039559
  0
LINE
  5
241
330
2
100
AcDbEntity
  8
1
100
AcDbLine
 10
34496.84401741771
 20
-8143.015890039565
 30
0.0
 11
34569.69401741771
 21
-8177.304890039564
 31
0.0
  0
LWPOLYLINE
  5
242
330
2
100
AcDbEntity
  8
0
100
AcDbPolyline
 90
        2
 70
     0
 43
0.25
 10
34495.86451741772
 20
-8145.096890039566
 10
34497.0570174177
 20
-8142.563390039568
  0
LINE
  5
243
330
2
100
AcDbEntity
  8
1
100
AcDbLine
 10
34527.49701741773
 20
-8159.985890039567
 30
0.0
 11
34528.20001741773
 21
-8160.316890039563
 31
0.0
  0
LINE
  5
244
330
2
100
AcDbEntity
  8
1
100
AcDbLine
 10
34529.62701741773
 20
-8160.988390039562
 30
0.0
 11
34528.92401741773
 21
-8160.657390039565
 31
0.0
  0
LINE
  5
245
330
2
100
AcDbEntity
  8
1
100
AcDbLine
 10
34532.42551741772
 20
-8162.305390039561
 30
0.0
 11
34533.10951741772
 21
-8162.627390039566
 31
0.0
  0
LINE
  5
246
330
2
100
AcDbEntity
  8
1
100
AcDbLine
 10
34534.49851741774
 20
-8163.280890039565
 30
0.0
 11
34533.81401741771
 21
-8162.958890039559
 31
0.0
  0
LINE
  5
247
330
2
100
AcDbEntity
  8
1
100
AcDbLine
 10
34563.28556138249
 20
-8176.830928717825
 30
0.0
 11
34565.38051741772
 21
-8177.816390039567
 31
0.0
  0
LINE
  5
248
330
2
100
AcDbEntity
  8
1
100
AcDbLine
 10
34568.71451741772
 20
-8179.385890039563
 30
0.0
 11
34567.07201741774
 21
-8178.612890039563
 31
0.0
  0
LWPOLYLINE
  5
249
330
2
100
AcDbEntity
  8
0
100
AcDbPolyline
 90
        2
 70
     0
 43
0.25
 10
34527.49701741773
 20
-8159.985890039568
 10
34495.86451741772
 20
-8145.096890039566
  0
LWPOLYLINE
  5
24A
330
2
100
AcDbEntity
  8
0
100
AcDbPolyline
 90
        2
 70
     0
 43
0.25
 10
34532.42551741771
 20
-8162.305390039559
 10
34529.62701741774
 20
-8160.988390039563
  0
LWPOLYLINE
  5
24B
330
2
100
AcDbEntity
  8
0
100
AcDbPolyline
 90
        2
 70
     0
 43
0.25
 10
34563.28556138249
 20
-8176.830928717827
 10
34534.49851741774
 20
-8163.280890039567
  0
LINE
  5
24C
330
2
100
AcDbEntity
  8
1
100
AcDbLine
 10
34568.71451741772
 20
-8179.385890039563
 30
0.0
 11
34569.10801741774
 21
-8178.549890039563
 31
0.0
  0
LINE
  5
24D
330
2
100
AcDbEntity
  8
1
100
AcDbLine
 10
34569.90701741771
 20
-8176.852390039563
 30
0.0
 11
34569.51351741772
 21
-8177.688390039562
 31
0.0
  0
LINE
  5
24E
330
2
100
AcDbEntity
  8
1
100
AcDbLine
 10
34569.90701741771
 20
-8176.852390039563
 30
0.0
 11
34568.26451741773
 21
-8176.079390039564
 31
0.0
  0
LINE
  5
24F
330
2
100
AcDbEntity
  8
1
100
AcDbLine
 10
34564.4780613777
 20
-8174.297428715572
 30
0.0
 11
34566.57251741773
 21
-8175.283390039564
 31
0.0
  0
LWPOLYLINE
  5
250
330
2
100
AcDbEntity
  8
0
100
AcDbPolyline
 90
        2
 70
     0
 43
0.25
 10
34497.0570174177
 20
-8142.563390039568
 10
34564.47806137771
 20
-8174.297428715576
  0
LINE
  5
251
330
2
100
AcDbEntity
  8
1
100
AcDbLine
 10
34498.62351741772
 20
-8183.22889003956
 30
0.0
 11
34583.44651741772
 21
-8181.684890039565
 31
0.0
  0
LWPOLYLINE
  5
252
330
2
100
AcDbEntity
  8
0
100
AcDbPolyline
 90
        2
 70
     0
 43
0.25
 10
34498.58151741773
 20
-8180.929390039562
 10
34498.63251741771
 20
-8183.728890039563
  0
LINE
  5
253
330
2
100
AcDbEntity
  8
1
100
AcDbLine
 10
34533.68101741773
 20
-8180.290390039559
 30
0.0
 11
34534.34201741773
 21
-8180.278390039563
 31
0.0
  0
LINE
  5
254
330
2
100
AcDbEntity
  8
1
100
AcDbLine
 10
34535.68351741774
 20
-8180.253890039563
 30
0.0
 11
34535.02251741774
 21
-8180.26589003956
 31
0.0
  0
LINE
  5
255
330
2
100
AcDbEntity
  8
1
100
AcDbLine
 10
34579.65551741774
 20
-8179.453390039558
 30
0.0
 11
34564.26732871921
 21
-8179.733902577453
 31
0.0
  0
LWPOLYLINE
  5
256
330
2
100
AcDbEntity
  8
0
100
AcDbPolyline
 90
        2
 70
     0
 43
0.25
 10
34533.68101741771
 20
-8180.290390039559
 10
34498.58151741773
 20
-8180.929390039562
  0
LWPOLYLINE
  5
257
330
2
100
AcDbEntity
  8
0
100
AcDbPolyline
 90
        2
 70
     0
 43
0.25
 10
34564.26732631286
 20
-8179.733895462159
 10
34535.68351741774
 20
-8180.253890039565
  0
LWPOLYLINE
  5
258
330
2
100
AcDbEntity
  8
0
100
AcDbPolyline
 90
        2
 70
     0
 43
0.25
 10
34583.40451741773
 20
-8179.385390039568
 10
34579.65551741772
 20
-8179.45339003956
  0
LWPOLYLINE
  5
259
330
2
100
AcDbEntity
  8
0
100
AcDbPolyline
 90
        2
 70
     0
 43
0.25
 10
34583.45551741771
 20
-8182.184890039562
 10
34583.40451741773
 20
-8179.385390039568
  0
LWPOLYLINE
  5
25A
330
2
100
AcDbEntity
  8
0
100
AcDbPolyline
 90
        2
 70
     0
 43
0.25
 10
34498.63251741771
 20
-8183.728890039563
 10
34583.45551741771
 20
-8182.184890039562
  0
TEXT
  5
25B
330
2
100
AcDbEntity
  8
0
100
AcDbText
 10
34585.90747637657
 20
-8167.050106715162
 30
0.0
 40
2.2
  1
-6
 41
0.7
100
AcDbText
  0
TEXT
  5
25C
330
2
100
AcDbEntity
  8
0
100
AcDbText
 10
34575.71537111343
 20
-8174.05010671516
 30
0.0
 40
3.0
  1
\M+5BAF3208
 41
0.7
 72
     1
 11
34579.90747637658
 21
-8174.05010671516
 31
0.0
100
AcDbText
  0
TEXT
  5
25D
330
2
100
AcDbEntity
  8
0
100
AcDbText
 10
34575.67116058711
 20
-8170.050106715164
 30
0.0
 40
3.0
  1
\M+5C7B0207
 41
0.7
 72
     1
 11
34579.90747637658
 21
-8170.050106715164
 31
0.0
100
AcDbText
  0
LINE
  5
25E
330
2
100
AcDbEntity
  8
0
100
AcDbLine
 10
34573.9074763766
 20
-8170.550106715165
 30
0.0
 11
34585.90747637657
 21
-8170.550106715165
 31
0.0
  0
CIRCLE
  5
25F
330
2
100
AcDbEntity
  8
0
100
AcDbCircle
 10
34579.90747637658
 20
-8170.550106715165
 30
0.0
 40
6.0
  0
INSERT
  5
260
330
2
100
AcDbEntity
  8
2
100
AcDbBlockReference
  2
M16X40
 10
34578.42751741773
 20
-8180.675890039562
 30
0.0
 41
5.0
 42
5.0
 43
5.0
  0
INSERT
  5
261
330
2
100
AcDbEntity
  8
2
100
AcDbBlockReference
  2
M16X40
 10
34565.38001741773
 20
-8176.490390039558
 30
0.0
 41
5.0
 42
5.0
 43
5.0
  0
INSERT
  5
262
330
2
100
AcDbEntity
  8
2
100
AcDbBlockReference
  2
M16X40
 10
34567.64201741774
 20
-8177.554890039561
 30
0.0
 41
5.0
 42
5.0
 43
5.0
  0
INSERT
  5
263
330
2
100
AcDbEntity
  8
2
100
AcDbBlockReference
  2
M16X40
 10
34566.42951741774
 20
-8180.894390039562
 30
0.0
 41
5.0
 42
5.0
 43
5.0
  0
INSERT
  5
264
330
2
100
AcDbEntity
  8
2
100
AcDbBlockReference
  2
M16X40
 10
34570.42851741774
 20
-8180.821890039566
 30
0.0
 41
5.0
 42
5.0
 43
5.0
  0
INSERT
  5
265
330
2
100
AcDbEntity
  8
2
100
AcDbBlockReference
  2
M16X40
 10
34574.42801741774
 20
-8180.748890039564
 30
0.0
 41
5.0
 42
5.0
 43
5.0
  0
LINE
  5
266
330
2
100
AcDbEntity
  8
5
100
AcDbLine
 10
34534.92251741772
 20
-8183.715390039566
 30
0.0
 11
34533.20951741774
 21
-8159.177390039564
 31
0.0
  0
LINE
  5
267
330
2
100
AcDbEntity
  8
4
100
AcDbLine
 10
34495.10401741772
 20
-8182.192890039565
 30
0.0
 11
34531.63451741773
 21
-8158.493890039559
 31
0.0
  0
LINE
  5
268
330
2
100
AcDbEntity
  8
4
100
AcDbLine
 10
34492.30401741773
 20
-8142.094890039558
 30
0.0
 11
34574.42801741774
 21
-8180.748890039564
 31
0.0
  0
LINE
  5
269
330
2
100
AcDbEntity
  8
4
100
AcDbLine
 10
34495.10401741772
 20
-8182.192890039565
 30
0.0
 11
34584.42651741774
 21
-8180.566890039559
 31
0.0
  0
LINE
  5
26A
330
2
100
AcDbEntity
  8
1
100
AcDbLine
 10
34395.90450816357
 20
-8040.880459353422
 30
0.0
 11
34395.34450791712
 21
-8032.860879353422
 31
0.0
  0
LINE
  5
26B
330
2
100
AcDbEntity
  8
1
100
AcDbLine
 10
34382.76450767066
 20
-8040.880459353422
 30
0.0
 11
34383.32450791711
 21
-8032.860879353422
 31
0.0
  0
LINE
  5
26C
330
2
100
AcDbEntity
  8
1
100
AcDbLine
 10
34395.90450791711
 20
-8040.880459353422
 30
0.0
 11
34382.76450791711
 21
-8040.880459353422
 31
0.0
  0
LINE
  5
26D
330
2
100
AcDbEntity
  8
1
100
AcDbLine
 10
34395.90450791711
 20
-8040.880459353422
 30
0.0
 11
34383.32450791711
 21
-8032.860879353422
 31
0.0
  0
LINE
  5
26E
330
2
100
AcDbEntity
  8
1
100
AcDbLine
 10
34382.76450791711
 20
-8040.880459353422
 30
0.0
 11
34395.34450791712
 21
-8032.860879353422
 31
0.0
  0
LINE
  5
26F
330
2
100
AcDbEntity
  8
1
100
AcDbLine
 10
34383.32450791711
 20
-8032.860879353422
 30
0.0
 11
34395.34450791712
 21
-8032.860879353422
 31
0.0
  0
LWPOLYLINE
  5
270
330
2
100
AcDbEntity
  8
0
100
AcDbPolyline
 90
        2
 70
     0
 43
0.25
 10
34403.83690791711
 20
-8040.736079353423
 10
34403.55690691711
 20
-8036.726279353423
  0
LWPOLYLINE
  5
271
330
2
100
AcDbEntity
  8
0
100
AcDbPolyline
 90
        2
 70
     0
 43
0.25
 10
34395.90450791711
 20
-8040.880479353422
 10
34402.83307791711
 20
-8036.385588353422
  0
LWPOLYLINE
  5
272
330
2
100
AcDbEntity
  8
0
100
AcDbPolyline
 90
        2
 70
     0
 43
0.25
 10
34395.34450791712
 20
-8032.860879353422
 10
34411.76930791711
 20
-8040.591679353422
  0
LWPOLYLINE
  5
273
330
2
100
AcDbEntity
  8
0
100
AcDbPolyline
 90
        2
 70
     0
 43
0.25
 10
34395.90450791711
 20
-8040.880479353422
 10
34411.76930791711
 20
-8040.591679353422
  0
DIMENSION
  5
274
330
2
100
AcDbEntity
  8
0
 62
     3
100
AcDbDimension
280
     0
  2
*D9
 10
34383.32450791711
 20
-8029.662706919564
 30
0.0
 11
34389.33450791711
 21
-8027.412706919564
 31
0.0
 70
     1
  1
1202
 71
     5
 42
240.4000000000815
 73
     0
 74
     0
 75
     0
  3
BZ$0
100
AcDbAlignedDimension
 13
34395.34450791712
 23
-8032.860879353422
 33
0.0
 14
34383.32450791711
 24
-8032.860879353422
 34
0.0
  0
DIMENSION
  5
285
330
2
100
AcDbEntity
  8
0
 62
     3
100
AcDbDimension
280
     0
  2
*D10
 10
34395.90450791711
 20
-8045.53131568525
 30
0.0
 11
34389.33450791711
 21
-8043.28131568525
 31
0.0
 70
     1
  1
1314
 71
     5
 42
262.7999999999884
 73
     0
 74
     0
 75
     0
  3
BZ$0
100
AcDbAlignedDimension
 13
34382.76450791711
 23
-8040.880459353422
 33
0.0
 14
34395.90450791711
 24
-8040.880459353422
 34
0.0
  0
DIMENSION
  5
292
330
2
100
AcDbEntity
  8
0
 62
     3
100
AcDbDimension
280
     0
  2
*D11
 10
34379.48774812574
 20
-8040.880459353423
 30
0.0
 11
34377.23774812574
 21
-8036.870669353418
 31
0.0
  1
800
 71
     5
 42
160.3916000000027
 73
     0
 74
     0
 75
     0
  3
BZ$0
100
AcDbAlignedDimension
 13
34383.32450791711
 23
-8032.860879353422
 33
0.0
 14
34382.76450767066
 24
-8040.880459353422
 34
0.0
 50
90.0
100
AcDbRotatedDimension
  0
DIMENSION
  5
29F
330
2
100
AcDbEntity
  8
0
 62
     3
100
AcDbDimension
280
     0
  2
*D12
 10
34411.76930791711
 20
-8050.314698648304
 30
0.0
 11
34400.55190791711
 21
-8048.064698648304
 31
0.0
  1
2200
 71
     5
 42
448.695999999909
 73
     0
 74
     0
 75
     0
  3
BZ$0
100
AcDbAlignedDimension
 13
34389.33450791711
 23
-8045.53131568525
 33
0.0
 14
34411.76930791711
 24
-8040.591679353422
 34
0.0
100
AcDbRotatedDimension
  0
TEXT
  5
2AC
330
2
100
AcDbEntity
  8
0
100
AcDbText
 10
34382.45877123244
 20
-8057.972876992891
 30
0.0
 40
4.0
  1
\M+5B5A5 \M+5CFDF \M+5CDBC
 41
0.7
 72
     4
 11
34389.75350807455
 21
-8055.509719098154
 31
0.0
100
AcDbText
  0
TEXT
  5
2AD
330
2
100
AcDbEntity
  8
0
100
AcDbText
 10
34386.37850807455
 20
-8063.059719098155
 30
0.0
 40
2.5
  1
1:100
 41
0.7
 72
     4
 11
34389.75350807455
 21
-8061.809719098155
 31
0.0
100
AcDbText
  0
LWPOLYLINE
  5
2AE
330
2
100
AcDbEntity
  8
0
100
AcDbPolyline
 90
        2
 70
     0
 43
0.5
 10
34397.75350807455
 20
-8059.309719098155
 10
34381.75350807455
 20
-8059.309719098155
  0
LINE
  5
2AF
330
2
100
AcDbEntity
  8
0
100
AcDbLine
 10
34381.75350807455
 20
-8060.109719098155
 30
0.0
 11
34397.75350807455
 21
-8060.109719098155
 31
0.0
  0
TEXT
  5
2B0
330
2
100
AcDbEntity
  8
0
100
AcDbText
 10
34404.49647970763
 20
-8033.647301805519
 30
0.0
 40
4.5
  1
2
 41
0.7
 72
     4
 11
34405.54647970763
 21
-8031.397301805519
 31
0.0
100
AcDbText
  0
CIRCLE
  5
2B1
330
2
100
AcDbEntity
  8
0
100
AcDbCircle
 10
34405.54647970763
 20
-8031.397301805519
 30
0.0
 40
4.0
  0
TEXT
  5
2B2
330
2
100
AcDbEntity
  8
1
100
AcDbText
 10
34368.86754271508
 20
-8038.287624934492
 30
0.0
 40
4.5
  1
3
 41
0.7
 72
     4
 11
34369.91754271509
 21
-8036.037624934492
 31
0.0
100
AcDbText
  0
CIRCLE
  5
2B3
330
2
100
AcDbEntity
  8
1
100
AcDbCircle
 10
34369.91754271509
 20
-8036.037624934492
 30
0.0
 40
4.0
  0
DIMENSION
  5
2B4
330
2
100
AcDbEntity
  8
0
 62
     3
100
AcDbDimension
280
     0
  2
*D13
 10
34532.75362440541
 20
-8072.228488019819
 30
0.0
 11
34530.11317742581
 21
-8073.56694178671
 31
0.0
 70
   129
  1
32
 71
     5
 42
31.9970396010649
 73
     0
 74
     0
 75
     0
  3
BZ$0
100
AcDbAlignedDimension
 13
34534.32167217804
 23
-8071.198331707577
 33
0.0
 14
34533.64034594392
 24
-8072.645854046188
 34
0.0
  0
DIMENSION
  5
2C3
330
2
100
AcDbEntity
  8
0
 62
     3
100
AcDbDimension
280
     0
  2
*D14
 10
34566.43386941766
 20
-8025.33126716788
 30
0.0
 11
34566.85866699663
 21
-8022.401597262406
 31
0.0
 70
   129
  1
32
 71
     5
 42
31.99703960126499
 73
     0
 74
     0
 75
     0
  3
BZ$0
100
AcDbAlignedDimension
 13
34565.958624375
 23
-8027.146243199226
 33
0.0
 14
34567.11263832018
 24
-8026.03819167857
 34
0.0
  0
TEXT
  5
2D2
330
2
100
AcDbEntity
  8
0
100
AcDbText
 10
34550.8821393771
 20
-8032.846327799755
 30
0.0
 40
2.5
  1
L40X3
 50
267.9944889307894
 41
0.7
 72
     1
 11
34550.74944763515
 21
-8036.635671939937
 31
0.0
100
AcDbText
  0
TEXT
  5
2D3
330
2
100
AcDbEntity
  8
0
100
AcDbText
 10
34547.3536467313
 20
-8033.598185155226
 30
0.0
 40
2.5
  1
1323
 50
267.9944889307894
 41
0.7
 72
     1
 11
34547.25157616057
 21
-8036.513065263058
 31
0.0
100
AcDbText
  0
LINE
  5
2D4
330
2
100
AcDbEntity
  8
0
100
AcDbLine
 10
34550.10730087576
 20
-8040.677925957098
 30
0.0
 11
34550.39167356332
 21
-8032.558210233976
 31
0.0
  0
TEXT
  5
2D5
330
2
100
AcDbEntity
  8
3
100
AcDbText
 10
34549.06800685996
 20
-8084.737701793963
 30
0.0
 40
2.5
  1
2M16X40
 50
334.7943717383778
 41
0.7
 72
     1
 11
34554.11972435549
 21
-8087.115465755453
 31
0.0
100
AcDbText
 73
     1
  0
TEXT
  5
2D6
330
2
100
AcDbEntity
  8
3
100
AcDbText
 10
34513.18261945946
 20
-8072.140312991593
 30
0.0
 40
2.5
  1
1M16X40
 50
334.7943717383778
 41
0.7
 72
     1
 11
34518.0835394178
 21
-8074.447098924382
 31
0.0
100
AcDbText
 73
     1
  0
TEXT
  5
2D7
330
2
100
AcDbEntity
  8
3
100
AcDbText
 10
34543.4315599651
 20
-8054.184619110712
 30
0.0
 40
2.5
  1
1M16X40
 50
20.63617173816333
 41
0.7
 72
     1
 11
34548.50067827248
 21
-8052.275609586515
 31
0.0
100
AcDbText
 73
     1
  0
TEXT
  5
2D8
330
2
100
AcDbEntity
  8
3
100
AcDbText
 10
34581.69609065146
 20
-8038.526047554036
 30
0.0
 40
2.5
  1
2M16X40
 50
313.8359717382103
 41
0.7
 72
     1
 11
34585.5630859716
 21
-8042.553448490762
 31
0.0
100
AcDbText
 73
     1
  0
TEXT
  5
2D9
330
2
100
AcDbEntity
  8
3
100
AcDbText
 10
34558.29482430649
 20
-8008.545454381553
 30
0.0
 40
2.5
  1
1M16X40
 50
313.8359717382103
 41
0.7
 72
     1
 11
34562.0463869305
 21
-8012.452634394795
 31
0.0
100
AcDbText
 73
     1
  0
DIMENSION
  5
2DA
330
2
100
AcDbEntity
  8
0
 62
     3
100
AcDbDimension
280
     0
  2
*D15
 10
34578.56023402517
 20
-8187.963459174454
 30
0.0
 11
34572.52026523907
 21
-8185.823082192361
 31
0.0
 70
     1
  1
80X3
 71
     5
 42
239.9997885413177
 73
     0
 74
     0
 75
     0
  3
BZ$0
100
AcDbAlignedDimension
 13
34566.42951741774
 23
-8180.894390039562
 33
0.0
 14
34578.42751741773
 24
-8180.675890039562
 34
0.0
  0
LWPOLYLINE
  5
2E7
330
2
100
AcDbEntity
  8
0
100
AcDbPolyline
 90
        2
 70
     0
 43
0.25
 10
34564.63717925136
 20
-8173.823422911513
 10
34579.81463529137
 20
-8178.979384235497
  0
LWPOLYLINE
  5
2E8
330
2
100
AcDbEntity
  8
0
100
AcDbPolyline
 90
        2
 70
     0
 43
0.25
 10
34579.65551741774
 20
-8179.453390039558
 10
34579.81463529139
 20
-8178.979384235501
  0
LWPOLYLINE
  5
2E9
330
2
100
AcDbEntity
  8
0
100
AcDbPolyline
 90
        2
 70
     0
 43
0.25
 10
34564.47806138032
 20
-8174.297428716805
 10
34564.63717925408
 20
-8173.823422912426
  0
LINE
  5
2EA
330
2
100
AcDbEntity
  8
1
100
AcDbLine
 10
34582.44657431058
 20
-8181.703091614108
 30
0.0
 11
34582.40468331579
 21
-8179.403604556153
 31
0.0
  0
LINE
  5
2EB
330
2
100
AcDbEntity
  8
1
100
AcDbLine
 10
34582.94649149746
 20
-8181.693991816452
 30
0.0
 11
34582.90460036676
 21
-8179.394497297861
 31
0.0
  0
LINE
  5
2EC
330
2
100
AcDbEntity
  8
1
100
AcDbLine
 10
34582.91652101829
 20
-8180.048847571512
 30
0.0
 11
34583.38957650757
 21
-8180.040229664763
 31
0.0
  0
LINE
  5
2ED
330
2
100
AcDbEntity
  8
1
100
AcDbLine
 10
34582.93473553487
 20
-8181.048681673443
 30
0.0
 11
34583.40779102416
 21
-8181.040063766693
 31
0.0
  0
LINE
  5
2EE
330
2
100
AcDbEntity
  8
1
100
AcDbLine
 10
34581.94354847803
 20
-8180.06657273655
 30
0.0
 11
34582.41660396732
 21
-8180.057954829801
 31
0.0
  0
LINE
  5
2EF
330
2
100
AcDbEntity
  8
1
100
AcDbLine
 10
34581.96176299461
 20
-8181.066406838481
 30
0.0
 11
34582.4348184839
 21
-8181.057788931732
 31
0.0
  0
LINE
  5
2F0
330
2
100
AcDbEntity
  8
1
100
AcDbLine
 10
34563.885145881
 20
-8182.040978290215
 30
0.0
 11
34563.84325488621
 21
-8179.74149123226
 31
0.0
  0
LINE
  5
2F1
330
2
100
AcDbEntity
  8
1
100
AcDbLine
 10
34564.38506306788
 20
-8182.031878492558
 30
0.0
 11
34564.34317193718
 21
-8179.732383973967
 31
0.0
  0
LINE
  5
2F2
330
2
100
AcDbEntity
  8
1
100
AcDbLine
 10
34564.35509258871
 20
-8180.386734247619
 30
0.0
 11
34564.82814807799
 21
-8180.378116340869
 31
0.0
  0
LINE
  5
2F3
330
2
100
AcDbEntity
  8
1
100
AcDbLine
 10
34564.37330710529
 20
-8181.38656834955
 30
0.0
 11
34564.84636259458
 21
-8181.3779504428
 31
0.0
  0
LINE
  5
2F4
330
2
100
AcDbEntity
  8
1
100
AcDbLine
 10
34563.38212004845
 20
-8180.404459412657
 30
0.0
 11
34563.85517553774
 21
-8180.395841505908
 31
0.0
  0
LINE
  5
2F5
330
2
100
AcDbEntity
  8
1
100
AcDbLine
 10
34563.40033456503
 20
-8181.404293514588
 30
0.0
 11
34563.87339005432
 21
-8181.395675607839
 31
0.0
  0
DIMENSION
  5
2F6
330
2
100
AcDbEntity
  8
0
 62
     3
100
AcDbDimension
280
     0
  2
*D16
 10
34498.68639765105
 20
-8139.100346090253
 30
0.0
 11
34500.43614501931
 21
-8137.437048652829
 31
0.0
 70
     1
  1
35
 71
     5
 42
35.00112496636575
 73
     0
 74
     0
 75
     0
  3
BZ$0
100
AcDbAlignedDimension
 13
34497.95901741774
 23
-8144.756390039562
 33
0.0
 14
34496.37551687102
 24
-8144.011257238762
 34
0.0
  0
DIMENSION
  5
305
330
2
100
AcDbEntity
  8
0
 62
     3
100
AcDbDimension
280
     0
  2
*D17
 10
34545.98966873641
 20
-8165.595227379294
 30
0.0
 11
34544.37579127618
 21
-8162.527682648601
 31
0.0
 70
   129
  1
32
 71
     5
 42
31.9997958908607
 73
     0
 74
     0
 75
     0
  3
BZ$0
100
AcDbAlignedDimension
 13
34546.66079732713
 23
-8167.679481470377
 33
0.0
 14
34547.34218225207
 24
-8166.231834439261
 34
0.0
  0
TEXT
  5
314
330
2
100
AcDbEntity
  8
0
100
AcDbText
 10
34549.22423314945
 20
-8151.705389302036
 30
0.0
 40
2.5
  1
L40X3
 50
359.9991990622484
 41
0.7
 72
     1
 11
34553.01589981574
 21
-8151.705442305747
 31
0.0
100
AcDbText
  0
TEXT
  5
315
330
2
100
AcDbEntity
  8
0
100
AcDbText
 10
34550.76581082884
 20
-8155.205704732367
 30
0.0
 40
2.5
  1
452
 50
359.9991990622484
 41
0.7
 72
     1
 11
34553.01581082862
 21
-8155.205736185118
 31
0.0
100
AcDbText
  0
LINE
  5
316
330
2
100
AcDbEntity
  8
0
100
AcDbLine
 10
34557.07815387198
 20
-8152.205406536892
 30
0.0
 11
34548.95338064439
 21
-8152.205406536892
 31
0.0
  0
DIMENSION
  5
317
330
2
100
AcDbEntity
  8
0
 62
     3
100
AcDbDimension
280
     0
  2
*D18
 10
34496.60784865963
 20
-8164.250955036116
 30
0.0
 11
34498.28215907546
 21
-8162.339030075981
 31
0.0
 70
   129
  1
55
 71
     5
 42
55.00001437918399
 73
     0
 74
     0
 75
     0
  3
BZ$0
100
AcDbAlignedDimension
 13
34493.87415235982
 23
-8164.580343935339
 33
0.0
 14
34496.61747288412
 24
-8164.388780746745
 34
0.0
  0
TEXT
  5
324
330
2
100
AcDbEntity
  8
3
100
AcDbText
 10
34496.56183637244
 20
-8152.55135229505
 30
0.0
 40
2.5
  1
\M+5D6C6\M+5CDE4\M+5CFDF
 50
273.4276000000349
 41
0.7
 72
     1
 11
34496.7738450355
 21
-8156.091061547619
 31
0.0
100
AcDbText
  0
LINE
  5
325
330
2
100
AcDbEntity
  8
0
 62
     3
100
AcDbLine
 10
34542.85419330699
 20
-8156.29853295061
 30
0.0
 11
34534.71309433278
 21
-8166.35809232411
 31
0.0
  0
DIMENSION
  5
326
330
2
100
AcDbEntity
  8
0
 62
     3
100
AcDbDimension
280
     0
  2
*D19
 10
34550.06009813337
 20
-8182.792773837292
 30
0.0
 11
34552.29516559104
 21
-8185.203057005448
 31
0.0
 70
   129
  1
32
 71
     5
 42
32.00045453693747
 73
     0
 74
     0
 75
     0
  3
BZ$0
100
AcDbAlignedDimension
 13
34550.03098011032
 23
-8181.193016084644
 33
0.0
 14
34550.06009987643
 24
-8182.792773805566
 34
0.0
  0
TEXT
  5
335
330
2
100
AcDbEntity
  8
3
100
AcDbText
 10
34529.04218054019
 20
-8186.602310509208
 30
0.0
 40
2.5
  1
1M16X40
 50
1.042899999998936
 41
0.7
 72
     1
 11
34534.4579499223
 21
-8186.503721576739
 31
0.0
100
AcDbText
 73
     1
  0
TEXT
  5
336
330
2
100
AcDbEntity
  8
3
100
AcDbText
 10
34527.77100517632
 20
-8155.509363221107
 30
0.0
 40
2.5
  1
2M16X40
 50
334.7946000000027
 41
0.7
 72
     1
 11
34532.82273214462
 21
-8157.887107056955
 31
0.0
100
AcDbText
 73
     1
  0
TEXT
  5
337
330
2
100
AcDbEntity
  8
3
100
AcDbText
 10
34495.76851508384
 20
-8148.841266886367
 30
0.0
 40
2.5
  1
2%%C17.5\M+5BFD7
 50
334.7946000000027
 41
0.7
 72
     1
 11
34500.69365125065
 21
-8151.159427039289
 31
0.0
100
AcDbText
 73
     1
  0
TEXT
  5
338
330
2
100
AcDbEntity
  8
3
100
AcDbText
 10
34498.85482578236
 20
-8190.264037217205
 30
0.0
 40
2.5
  1
3%%C17.5\M+5BFD7
 50
1.042899999998936
 41
0.7
 72
     1
 11
34504.2973451185
 21
-8190.164961327255
 31
0.0
100
AcDbText
 73
     1
  0
TEXT
  5
339
330
2
100
AcDbEntity
  8
3
100
AcDbText
 10
34505.16435639588
 20
-8180.738685777555
 30
0.0
 40
2.5
  1
1%%C17.5\M+5BFD7
 50
32.97340000016412
 41
0.7
 72
     1
 11
34509.59114875882
 21
-8177.866814223105
 31
0.0
100
AcDbText
 73
     1
  0
TEXT
  5
33A
330
2
100
AcDbEntity
  8
3
100
AcDbText
 10
34567.65327842481
 20
-8193.377956913553
 30
0.0
 40
2.5
  1
6M16X40
 50
1.042899999998936
 41
0.7
 72
     1
 11
34573.23568686482
 21
-8193.27633447547
 31
0.0
100
AcDbText
 73
     1
  0
DIMENSION
  5
33B
330
2
100
AcDbEntity
  8
0
 62
     3
100
AcDbDimension
280
     0
  2
*D20
 10
34514.77884635648
 20
-8315.581527407438
 30
0.0
 11
34516.90276727404
 21
-8317.176341235416
 31
0.0
 70
   129
  1
32
 71
     5
 42
32.00229043002764
 73
     0
 74
     0
 75
     0
  3
BZ$0
100
AcDbAlignedDimension
 13
34515.20500119263
 23
-8313.825533353593
 33
0.0
 14
34515.59325649295
 24
-8315.37782981487
 34
0.0
  0
INSERT
  5
34A
330
2
100
AcDbEntity
  8
2
 62
     3
100
AcDbBlockReference
  2
M16X40
 10
34568.25164828792
 20
-8275.7091972682
 30
0.0
 41
4.999999867548468
 42
4.99999986754483
 43
4.999999867545234
  0
INSERT
  5
34B
330
2
100
AcDbEntity
  8
2
 62
     3
100
AcDbBlockReference
  2
M16X40
 10
34568.25164828792
 20
-8292.235197268203
 30
0.0
 41
4.999999867548468
 42
4.99999986754483
 43
4.999999867545234
  0
TEXT
  5
34C
330
2
100
AcDbEntity
  8
3
100
AcDbText
 10
34593.42586748777
 20
-8284.563045469613
 30
0.0
 40
2.5
  1
573
 50
90.0
 41
0.7
 72
     1
 11
34593.42586748777
 21
-8282.313045469613
 31
0.0
100
AcDbText
  0
LINE
  5
34D
330
2
100
AcDbEntity
  8
3
100
AcDbLine
 10
34589.92586748778
 20
-8277.743545469606
 30
0.0
 11
34588.20386748777
 21
-8277.313045469613
 31
0.0
  0
TEXT
  5
34E
330
2
100
AcDbEntity
  8
3
100
AcDbText
 10
34587.81177327784
 20
-8276.183967843495
 30
0.0
 40
2.5
  1
111
 50
345.9572999999909
 41
0.7
 72
     1
 11
34589.30736748776
 21
-8276.558045469605
 31
0.0
100
AcDbText
  0
LINE
  5
34F
330
2
100
AcDbEntity
  8
3
100
AcDbLine
 10
34589.92586748778
 20
-8286.88254546961
 30
0.0
 11
34589.92586748778
 21
-8277.743545469606
 31
0.0
  0
LINE
  5
350
330
2
100
AcDbEntity
  8
3
100
AcDbLine
 10
34588.20386748777
 20
-8277.313045469613
 30
0.0
 11
34588.20386748777
 21
-8287.313045469613
 31
0.0
  0
TEXT
  5
351
330
2
100
AcDbEntity
  8
3
100
AcDbText
 10
34587.20386748779
 20
-8284.563045469613
 30
0.0
 40
2.5
  1
627
 50
90.0
 41
0.7
 72
     1
 11
34587.20386748779
 21
-8282.313045469613
 31
0.0
100
AcDbText
  0
LINE
  5
352
330
2
100
AcDbEntity
  8
3
100
AcDbLine
 10
34588.20386748777
 20
-8287.313045469613
 30
0.0
 11
34589.92586748778
 21
-8286.88254546961
 31
0.0
  0
TEXT
  5
353
330
2
100
AcDbEntity
  8
3
100
AcDbText
 10
34588.41877327785
 20
-8290.867123095715
 30
0.0
 40
2.5
  1
111
 50
14.0427000000091
 41
0.7
 72
     1
 11
34589.91436748778
 21
-8290.493045469606
 31
0.0
100
AcDbText
  0
DIMENSION
  5
354
330
2
100
AcDbEntity
  8
0
 62
     3
100
AcDbDimension
280
     0
  2
*D21
 10
34575.79012332419
 20
-8281.972197268198
 30
0.0
 11
34580.60784055327
 21
-8281.46924876545
 31
0.0
 70
   129
  1
48
 71
     5
 42
48.00000000046566
 73
     0
 74
     0
 75
     0
  3
BZ$0
100
AcDbAlignedDimension
 13
34573.39012332417
 23
-8280.805095006344
 33
0.0
 14
34575.79012332419
 24
-8280.805095006344
 34
0.0
  0
LWPOLYLINE
  5
361
330
2
100
AcDbEntity
  8
0
 62
     3
100
AcDbPolyline
 90
        2
 70
     0
 43
0.25
 10
34572.14014828793
 20
-8283.690281026411
 10
34577.04014828794
 20
-8283.690281026411
  0
LINE
  5
362
330
2
100
AcDbEntity
  8
4
100
AcDbLine
 10
34574.59014828794
 20
-8304.229550082002
 30
0.0
 11
34574.59014828794
 21
-8268.972197268196
 31
0.0
  0
LINE
  5
363
330
2
100
AcDbEntity
  8
0
 62
     3
100
AcDbLine
 10
34588.20386748777
 20
-8287.313045469613
 30
0.0
 11
34574.83201206629
 21
-8286.071256561028
 31
0.0
  0
CIRCLE
  5
364
330
2
100
AcDbEntity
  8
2
100
AcDbCircle
 10
34581.86619887525
 20
-8302.409492912333
 30
0.0
 40
1.0
  0
CIRCLE
  5
365
330
2
100
AcDbEntity
  8
2
100
AcDbCircle
 10
34567.31409770061
 20
-8306.049607251665
 30
0.0
 40
1.0
  0
CIRCLE
  5
366
330
2
100
AcDbEntity
  8
2
100
AcDbCircle
 10
34574.59014828794
 20
-8304.229550082002
 30
0.0
 40
1.0
  0
LINE
  5
367
330
2
100
AcDbEntity
  8
8
100
AcDbLine
 10
34551.19144832087
 20
-8319.950744385782
 30
0.0
 11
34569.31740491471
 21
-8319.950744385782
 31
0.0
  0
TEXT
  5
36C
330
2
100
AcDbEntity
  8
0
100
AcDbText
 10
34553.09744036848
 20
-8319.373393795513
 30
0.0
 40
2.5
  1
2%%c21.5\M+5B0B2\M+5D7B0\M+5BFD7
 41
0.7
100
AcDbText
  0
LINE
  5
36D
330
2
100
AcDbEntity
  8
0
100
AcDbLine
 10
34574.60146665703
 20
-8302.729592784444
 30
0.0
 11
34574.60317894972
 21
-8302.418670800886
 31
0.0
  0
LINE
  5
36E
330
2
100
AcDbEntity
  8
0
100
AcDbLine
 10
34574.08800003324
 20
-8302.822655513295
 30
0.0
 11
34573.98326748071
 21
-8302.529898781117
 31
0.0
  0
LINE
  5
36F
330
2
100
AcDbEntity
  8
0
100
AcDbLine
 10
34575.11579678227
 20
-8302.817758353129
 30
0.0
 11
34575.22374739248
 21
-8302.52617289814
 31
0.0
  0
LINE
  5
370
330
2
100
AcDbEntity
  8
0
100
AcDbLine
 10
34576.07014076349
 20
-8304.473726805403
 30
0.0
 11
34576.34354316705
 21
-8304.518834131391
 31
0.0
  0
LINE
  5
371
330
2
100
AcDbEntity
  8
0
100
AcDbLine
 10
34575.5799230888
 20
-8305.378540425034
 30
0.0
 11
34575.77846819508
 21
-8305.61782112332
 31
0.0
  0
LINE
  5
372
330
2
100
AcDbEntity
  8
0
100
AcDbLine
 10
34575.12925161927
 20
-8305.641606712868
 30
0.0
 11
34575.23398417183
 21
-8305.934363445047
 31
0.0
  0
CIRCLE
  5
373
330
2
100
AcDbEntity
  8
0
100
AcDbCircle
 10
34574.59014828794
 20
-8304.229550082002
 30
0.0
 40
1.499999999999999
  0
LINE
  5
374
330
2
100
AcDbEntity
  8
0
100
AcDbLine
 10
34574.10145487022
 20
-8305.646503873046
 30
0.0
 11
34573.99350426004
 21
-8305.938089328025
 31
0.0
  0
LINE
  5
375
330
2
100
AcDbEntity
  8
0
100
AcDbLine
 10
34573.64829704732
 20
-8305.387744075597
 30
0.0
 11
34573.44712855642
 21
-8305.624823492797
 31
0.0
  0
LINE
  5
376
330
2
100
AcDbEntity
  8
0
100
AcDbLine
 10
34573.31096904811
 20
-8304.989600299828
 30
0.0
 11
34573.0408465654
 21
-8305.14357840262
 31
0.0
  0
LINE
  5
377
330
2
100
AcDbEntity
  8
0
100
AcDbLine
 10
34573.1301576077
 20
-8304.500094561092
 30
0.0
 11
34572.8236618912
 21
-8304.552399317794
 31
0.0
  0
LINE
  5
378
330
2
100
AcDbEntity
  8
0
100
AcDbLine
 10
34573.12767125431
 20
-8303.978268475807
 30
0.0
 11
34572.82177021085
 21
-8303.922591160826
 31
0.0
  0
LINE
  5
379
330
2
100
AcDbEntity
  8
0
100
AcDbLine
 10
34575.91344177365
 20
-8304.977200254978
 30
0.0
 11
34576.18185196365
 21
-8305.134144135744
 31
0.0
  0
LINE
  5
37A
330
2
100
AcDbEntity
  8
0
100
AcDbLine
 10
34573.63732856373
 20
-8303.085721801133
 30
0.0
 11
34573.4387834574
 21
-8302.846441102856
 31
0.0
  0
LINE
  5
37B
330
2
100
AcDbEntity
  8
0
100
AcDbLine
 10
34573.30380987889
 20
-8303.487061971178
 30
0.0
 11
34573.03539968888
 21
-8303.330118090424
 31
0.0
  0
LINE
  5
37C
330
2
100
AcDbEntity
  8
0
100
AcDbLine
 10
34575.56895460518
 20
-8303.076518150574
 30
0.0
 11
34575.77012309609
 21
-8302.83943873338
 31
0.0
  0
LINE
  5
37D
330
2
100
AcDbEntity
  8
0
100
AcDbLine
 10
34575.90628260443
 20
-8303.474661926337
 30
0.0
 11
34576.17640508709
 21
-8303.320683823547
 31
0.0
  0
LINE
  5
37E
330
2
100
AcDbEntity
  8
0
100
AcDbLine
 10
34576.08709404482
 20
-8303.964167665079
 30
0.0
 11
34576.39358976131
 21
-8303.91186290837
 31
0.0
  0
CIRCLE
  5
37F
330
2
100
AcDbEntity
  8
0
100
AcDbCircle
 10
34574.60862582622
 20
-8304.232131113085
 30
0.0
 40
0.8371195702325938
  0
CIRCLE
  5
380
330
2
100
AcDbEntity
  8
0
100
AcDbCircle
 10
34574.60862582622
 20
-8304.232131113085
 30
0.0
 40
0.5699999999999995
  0
LINE
  5
381
330
2
100
AcDbEntity
  8
0
100
AcDbLine
 10
34574.71957962719
 20
-8305.730584294462
 30
0.0
 11
34574.74572329334
 21
-8306.040409923691
 31
0.0
  0
LINE
  5
382
330
2
100
AcDbEntity
  8
0
100
AcDbLine
 10
34574.38555681455
 20
-8305.71553202302
 30
0.0
 11
34574.30415721861
 21
-8306.015614540976
 31
0.0
  0
LWPOLYLINE
  5
383
330
2
100
AcDbEntity
  8
0
100
AcDbPolyline
 90
        2
 70
     0
 43
0.2499999999999999
 10
34576.94278407394
 20
-8305.075127105401
 42
-0.5408877844052818
 10
34572.94200661968
 20
-8306.065944995658
  0
LINE
  5
384
330
2
100
AcDbEntity
  8
0
 62
     3
100
AcDbLine
 10
34569.31740491471
 20
-8319.950744385782
 30
0.0
 11
34567.31409770061
 21
-8306.049607251665
 31
0.0
  0
LINE
  5
385
330
2
100
AcDbEntity
  8
0
 62
     3
100
AcDbLine
 10
34569.31740491471
 20
-8319.950744385782
 30
0.0
 11
34581.79112579998
 21
-8302.121536680723
 31
0.0
  0
LINE
  5
386
330
2
100
AcDbEntity
  8
7
100
AcDbLine
 10
34551.95719119846
 20
-8306.805219494869
 30
0.0
 11
34583.34553631886
 21
-8298.954469547747
 31
0.0
  0
DIMENSION
  5
387
330
2
100
AcDbEntity
  8
0
 62
     3
100
AcDbDimension
280
     0
  2
*D22
 10
34555.27683733819
 20
-8305.45951812812
 30
0.0
 11
34557.65889388995
 21
-8308.67852200237
 31
0.0
 70
   129
 71
     5
 42
9.99999999992724
 73
     0
 74
     0
 75
     0
  3
BZ$0
100
AcDbAlignedDimension
 13
34560.99773534638
 23
-8304.54402823999
 33
0.0
 14
34560.87641424869
 24
-8304.058970314323
 34
0.0
  0
DIMENSION
  5
396
330
2
100
AcDbEntity
  8
0
 62
     3
100
AcDbDimension
280
     0
  2
*D23
 10
34561.58935262094
 20
-8307.488469032012
 30
0.0
 11
34563.91644526633
 21
-8309.46057690847
 31
0.0
 70
   129
  1
60
 71
     5
 42
60.00000000014552
 73
     0
 74
     0
 75
     0
  3
BZ$0
100
AcDbAlignedDimension
 13
34563.60135162239
 23
-8303.892820275285
 33
0.0
 14
34564.32927820846
 24
-8306.80316782933
 34
0.0
  0
TEXT
  5
3A3
330
2
100
AcDbEntity
  8
3
100
AcDbText
 10
34549.04538632836
 20
-8311.671557673215
 30
0.0
 40
2.5
  1
\M+5D6C6\M+5CDE4\M+5CFDF
 50
14.04268295217985
 41
0.7
 72
     1
 11
34552.48546601175
 21
-8310.811126945118
 31
0.0
100
AcDbText
  0
DIMENSION
  5
3A4
330
2
100
AcDbEntity
  8
0
 62
     0
100
AcDbDimension
280
     0
  2
*D24
 10
34576.26404751365
 20
-8310.87624588434
 30
0.0
 11
34572.07281254646
 21
-8309.60173049716
 31
0.0
 70
     1
  1
150
 71
     5
 42
150.3507367317798
 73
     0
 74
     0
 75
     0
  3
BZ$0
100
AcDbAlignedDimension
 13
34567.31409770062
 23
-8306.049607251665
 33
0.0
 14
34574.60862582622
 24
-8304.232131113095
 34
0.0
  0
DIMENSION
  5
3B1
330
2
100
AcDbEntity
  8
0
 62
     0
100
AcDbDimension
280
     0
  2
*D25
 10
34576.26404751365
 20
-8310.876245884301
 30
0.0
 11
34579.36734067207
 21
-8307.78425435854
 31
0.0
 70
     1
  1
150
 71
     5
 42
150.3507367322163
 73
     0
 74
     0
 75
     0
  3
BZ$0
100
AcDbAlignedDimension
 13
34581.90315395183
 23
-8302.414654974496
 33
0.0
 14
34574.60862582621
 24
-8304.232131113093
 34
0.0
  0
LWPOLYLINE
  5
3BE
330
2
100
AcDbEntity
  8
0
100
AcDbPolyline
 90
        2
 70
     0
 43
0.2499999999999999
 10
34580.16989391575
 20
-8304.24594315245
 42
0.5982154481863071
 10
34576.942771384
 20
-8305.07522411367
  0
LWPOLYLINE
  5
3BF
330
2
100
AcDbEntity
  8
0
100
AcDbPolyline
 90
        2
 70
     0
 43
0.2499999999999999
 10
34583.97943449076
 20
-8301.102182680894
 42
-0.8696718990874834
 10
34580.15826794398
 20
-8304.249667218515
  0
LWPOLYLINE
  5
3C0
330
2
100
AcDbEntity
  8
0
100
AcDbPolyline
 90
        2
 70
     0
 43
0.2499999999999999
 10
34564.87411371778
 20
-8305.642977478272
 42
0.9075586723272543
 10
34569.71596723669
 20
-8306.851430079741
  0
LWPOLYLINE
  5
3C1
330
2
100
AcDbEntity
  8
0
100
AcDbPolyline
 90
        2
 70
     0
 43
0.2499999999999999
 10
34569.70395306803
 20
-8306.853596098726
 42
-0.5982154481863071
 10
34572.94291020664
 20
-8306.07181390293
  0
LINE
  5
3C2
330
2
100
AcDbEntity
  8
8
100
AcDbLine
 10
34579.53221747634
 20
-8317.457103445024
 30
0.0
 11
34596.67401877187
 21
-8317.457103445024
 31
0.0
  0
TEXT
  5
3C3
330
2
100
AcDbEntity
  8
0
100
AcDbText
 10
34580.03536029034
 20
-8317.062417192958
 30
0.0
 40
2.5
  1
%%c25.5\M+5B5BC\M+5CFDF\M+5B9D2\M+5BFD7
 41
0.7
100
AcDbText
  0
TEXT
  5
3C4
330
2
100
AcDbEntity
  8
0
100
AcDbText
 10
34585.43245994035
 20
-8320.879024464284
 30
0.0
 40
2.5
  1
R=50
 41
0.7
100
AcDbText
  0
LINE
  5
3C5
330
2
100
AcDbEntity
  8
0
 62
     3
100
AcDbLine
 10
34579.53221747634
 20
-8317.457103445024
 30
0.0
 11
34574.57113685301
 21
-8304.087785947306
 31
0.0
  0
LINE
  5
3C6
330
2
100
AcDbEntity
  8
4
100
AcDbLine
 10
34559.4305487729
 20
-8308.021170393258
 30
0.0
 11
34583.90309086726
 21
-8301.900257530026
 31
0.0
  0
LWPOLYLINE
  5
3C7
330
2
100
AcDbEntity
  8
0
100
AcDbPolyline
 90
        2
 70
     0
 43
0.2499999999999999
 10
34566.66664828795
 20
-8292.010197268199
 10
34564.87411371778
 20
-8305.642977478272
  0
LINE
  5
3C8
330
2
100
AcDbEntity
  8
0
 62
     3
100
AcDbLine
 10
34545.99503963604
 20
-8314.828855445729
 30
0.0
 11
34548.26288397473
 21
-8301.601486120311
 31
0.0
  0
TEXT
  5
3C9
330
2
100
AcDbEntity
  8
3
100
AcDbText
 10
34554.72589066459
 20
-8296.115577522349
 30
0.0
 40
2.5
  1
1M16X50
 50
46.74449999991332
 41
0.7
 72
     1
 11
34558.43767723748
 21
-8292.170591056582
 31
0.0
100
AcDbText
 73
     1
  0
TEXT
  5
3CA
330
2
100
AcDbEntity
  8
3
100
AcDbText
 10
34534.83148786298
 20
-8314.1378894309
 30
0.0
 40
2.5
  1
1M16X40
 50
14.0427000000091
 41
0.7
 72
     1
 11
34540.08627833028
 21
-8312.823562636464
 31
0.0
100
AcDbText
 73
     1
  0
LINE
  5
3CB
330
2
100
AcDbEntity
  8
8
100
AcDbLine
 10
34554.5426351313
 20
-8251.901918546462
 30
0.0
 11
34563.70509387562
 21
-8251.901918546462
 31
0.0
  0
TEXT
  5
3CC
330
2
100
AcDbEntity
  8
2
100
AcDbText
 10
34556.38640137361
 20
-8254.640033383888
 30
0.0
 40
2.0
  1
\M+5B4F8\M+5CBAB\M+5C3B1                        
 50
359.9600942688687
 41
0.7
100
AcDbText
  0
TEXT
  5
3CD
330
2
100
AcDbEntity
  8
2
100
AcDbText
 10
34554.76378131298
 20
-8251.371556647768
 30
0.0
 40
2.0
  1
9M16X60
 50
359.9600942688687
 41
0.7
100
AcDbText
  0
LINE
  5
3CE
330
2
100
AcDbEntity
  8
0
 62
     3
100
AcDbLine
 10
34563.70509387562
 20
-8251.901918546462
 30
0.0
 11
34568.76964828793
 21
-8267.516197268198
 31
0.0
  0
TEXT
  5
3CF
330
2
100
AcDbEntity
  8
3
100
AcDbText
 10
34501.69376307577
 20
-8327.000959546784
 30
0.0
 40
2.5
  1
1M16X40
 50
14.0427000000091
 41
0.7
 72
     1
 11
34506.94855354307
 21
-8325.686632752348
 31
0.0
100
AcDbText
 73
     1
  0
TEXT
  5
3D0
330
2
100
AcDbEntity
  8
3
100
AcDbText
 10
34534.35616230566
 20
-8256.341090911117
 30
0.0
 40
2.5
  1
1M16X40
 50
345.9572999999909
 41
0.7
 72
     1
 11
34539.61095277296
 21
-8257.655417705553
 31
0.0
100
AcDbText
 73
     1
  0
TEXT
  5
3D1
330
2
100
AcDbEntity
  8
3
100
AcDbText
 10
34501.08715070911
 20
-8243.36872289759
 30
0.0
 40
2.5
  1
1M16X40
 50
345.9572999999909
 41
0.7
 72
     1
 11
34506.34194117641
 21
-8244.683049692027
 31
0.0
100
AcDbText
 73
     1
  0
TEXT
  5
3D2
330
2
100
AcDbEntity
  8
3
100
AcDbText
 10
34525.07791359355
 20
-8283.356582128863
 30
0.0
 40
2.5
  1
1M16X40
 50
301.2258000001974
 41
0.7
 72
     1
 11
34527.88597926006
 21
-8287.988541216586
 31
0.0
100
AcDbText
 73
     1
  0
LWPOLYLINE
  5
3D3
330
2
100
AcDbEntity
  8
0
100
AcDbPolyline
 90
        2
 70
     0
 43
0.25
 10
34581.3321482879
 20
-8271.89569726819
 10
34583.97943449076
 20
-8266.842211855497
  0
CIRCLE
  5
3D4
330
2
100
AcDbEntity
  8
2
100
AcDbCircle
 10
34581.86619887525
 20
-8265.534901624058
 30
0.0
 40
1.0
  0
CIRCLE
  5
3D5
330
2
100
AcDbEntity
  8
2
100
AcDbCircle
 10
34567.31409770061
 20
-8261.894787284726
 30
0.0
 40
1.0
  0
CIRCLE
  5
3D6
330
2
100
AcDbEntity
  8
2
100
AcDbCircle
 10
34574.59014828794
 20
-8263.71484445439
 30
0.0
 40
1.0
  0
LINE
  5
3D7
330
2
100
AcDbEntity
  8
0
100
AcDbLine
 10
34574.60146665703
 20
-8265.214801751947
 30
0.0
 11
34574.60317894972
 21
-8265.525723735505
 31
0.0
  0
LINE
  5
3D8
330
2
100
AcDbEntity
  8
0
100
AcDbLine
 10
34574.08800003324
 20
-8265.121739023096
 30
0.0
 11
34573.98326748071
 21
-8265.414495755274
 31
0.0
  0
LINE
  5
3D9
330
2
100
AcDbEntity
  8
0
100
AcDbLine
 10
34575.11579678227
 20
-8265.126636183262
 30
0.0
 11
34575.22374739248
 21
-8265.41822163825
 31
0.0
  0
LINE
  5
3DA
330
2
100
AcDbEntity
  8
0
100
AcDbLine
 10
34576.07014076349
 20
-8263.470667730988
 30
0.0
 11
34576.34354316705
 21
-8263.425560405
 31
0.0
  0
LINE
  5
3DB
330
2
100
AcDbEntity
  8
0
100
AcDbLine
 10
34575.5799230888
 20
-8262.565854111357
 30
0.0
 11
34575.77846819508
 21
-8262.326573413071
 31
0.0
  0
LINE
  5
3DC
330
2
100
AcDbEntity
  8
0
100
AcDbLine
 10
34575.12925161927
 20
-8262.302787823523
 30
0.0
 11
34575.23398417183
 21
-8262.010031091344
 31
0.0
  0
CIRCLE
  5
3DD
330
2
100
AcDbEntity
  8
0
100
AcDbCircle
 10
34574.59014828794
 20
-8263.71484445439
 30
0.0
 40
1.499999999999999
  0
LINE
  5
3DE
330
2
100
AcDbEntity
  8
0
100
AcDbLine
 10
34574.10145487022
 20
-8262.297890663345
 30
0.0
 11
34573.99350426004
 21
-8262.006305208366
 31
0.0
  0
LINE
  5
3DF
330
2
100
AcDbEntity
  8
0
100
AcDbLine
 10
34573.64829704732
 20
-8262.556650460794
 30
0.0
 11
34573.44712855642
 21
-8262.319571043594
 31
0.0
  0
LINE
  5
3E0
330
2
100
AcDbEntity
  8
0
100
AcDbLine
 10
34573.31096904811
 20
-8262.954794236563
 30
0.0
 11
34573.0408465654
 21
-8262.800816133771
 31
0.0
  0
LINE
  5
3E1
330
2
100
AcDbEntity
  8
0
100
AcDbLine
 10
34573.1301576077
 20
-8263.4442999753
 30
0.0
 11
34572.8236618912
 21
-8263.391995218597
 31
0.0
  0
LINE
  5
3E2
330
2
100
AcDbEntity
  8
0
100
AcDbLine
 10
34573.12767125431
 20
-8263.966126060584
 30
0.0
 11
34572.82177021085
 21
-8264.021803375565
 31
0.0
  0
LINE
  5
3E3
330
2
100
AcDbEntity
  8
0
100
AcDbLine
 10
34575.91344177365
 20
-8262.967194281413
 30
0.0
 11
34576.18185196365
 21
-8262.810250400647
 31
0.0
  0
LINE
  5
3E4
330
2
100
AcDbEntity
  8
0
100
AcDbLine
 10
34573.63732856373
 20
-8264.858672735258
 30
0.0
 11
34573.4387834574
 21
-8265.097953433535
 31
0.0
  0
LINE
  5
3E5
330
2
100
AcDbEntity
  8
0
100
AcDbLine
 10
34573.30380987889
 20
-8264.457332565213
 30
0.0
 11
34573.03539968888
 21
-8264.614276445967
 31
0.0
  0
LINE
  5
3E6
330
2
100
AcDbEntity
  8
0
100
AcDbLine
 10
34575.56895460518
 20
-8264.867876385817
 30
0.0
 11
34575.77012309609
 21
-8265.104955803012
 31
0.0
  0
LINE
  5
3E7
330
2
100
AcDbEntity
  8
0
100
AcDbLine
 10
34575.90628260443
 20
-8264.469732610054
 30
0.0
 11
34576.17640508709
 21
-8264.623710712844
 31
0.0
  0
LINE
  5
3E8
330
2
100
AcDbEntity
  8
0
100
AcDbLine
 10
34576.08709404482
 20
-8263.980226871312
 30
0.0
 11
34576.39358976131
 21
-8264.032531628021
 31
0.0
  0
CIRCLE
  5
3E9
330
2
100
AcDbEntity
  8
0
100
AcDbCircle
 10
34574.60862582622
 20
-8263.712263423306
 30
0.0
 40
0.8371195702325938
  0
CIRCLE
  5
3EA
330
2
100
AcDbEntity
  8
0
100
AcDbCircle
 10
34574.60862582622
 20
-8263.712263423306
 30
0.0
 40
0.5699999999999995
  0
LINE
  5
3EB
330
2
100
AcDbEntity
  8
0
100
AcDbLine
 10
34574.71957962719
 20
-8262.213810241929
 30
0.0
 11
34574.74572329334
 21
-8261.9039846127
 31
0.0
  0
LINE
  5
3EC
330
2
100
AcDbEntity
  8
0
100
AcDbLine
 10
34574.38555681455
 20
-8262.228862513371
 30
0.0
 11
34574.30415721861
 21
-8261.928779995415
 31
0.0
  0
LWPOLYLINE
  5
3ED
330
2
100
AcDbEntity
  8
0
100
AcDbPolyline
 90
        2
 70
     0
 43
0.2499999999999999
 10
34576.94278407394
 20
-8262.86926743099
 42
0.5408877844052818
 10
34572.94200661968
 20
-8261.878449540733
  0
LINE
  5
3EE
330
2
100
AcDbEntity
  8
7
100
AcDbLine
 10
34551.95719119846
 20
-8261.139175041522
 30
0.0
 11
34583.34553631886
 21
-8268.989924988644
 31
0.0
  0
DIMENSION
  5
3EF
330
2
100
AcDbEntity
  8
0
 62
     3
100
AcDbDimension
280
     0
  2
*D26
 10
34556.60315405723
 20
-8262.816610396541
 30
0.0
 11
34557.02664819794
 21
-8258.408437436701
 31
0.0
 70
   129
 71
     5
 42
9.999999999924967
 73
     0
 74
     0
 75
     0
  3
BZ$0
100
AcDbAlignedDimension
 13
34562.32405206545
 23
-8263.732100284678
 33
0.0
 14
34562.20273096777
 24
-8264.217158210346
 34
0.0
  0
DIMENSION
  5
3FE
330
2
100
AcDbEntity
  8
0
 62
     3
100
AcDbDimension
280
     0
  2
*D27
 10
34562.796550591
 20
-8260.757861999366
 30
0.0
 11
34562.11752525775
 21
-8257.769523545021
 31
0.0
 70
   129
  1
60
 71
     5
 42
60.00000000014893
 73
     0
 74
     0
 75
     0
  3
BZ$0
100
AcDbAlignedDimension
 13
34564.80854959246
 23
-8264.353510756095
 33
0.0
 14
34565.53647617853
 24
-8261.44316320205
 34
0.0
  0
TEXT
  5
40B
330
2
100
AcDbEntity
  8
3
100
AcDbText
 10
34548.29191081137
 20
-8259.285299962547
 30
0.0
 40
2.5
  1
\M+5D6C6\M+5CDE4\M+5CFDF
 50
345.9573170478201
 41
0.7
 72
     1
 11
34551.73199049476
 21
-8260.145730690643
 31
0.0
100
AcDbText
  0
LWPOLYLINE
  5
40C
330
2
100
AcDbEntity
  8
0
100
AcDbPolyline
 90
        2
 70
     0
 43
0.2499999999999999
 10
34580.16989391575
 20
-8263.698451383942
 42
-0.5982154481863071
 10
34576.942771384
 20
-8262.86917042272
  0
LWPOLYLINE
  5
40D
330
2
100
AcDbEntity
  8
0
100
AcDbPolyline
 90
        2
 70
     0
 43
0.2499999999999999
 10
34583.97943449076
 20
-8266.842211855497
 42
0.8696718990874834
 10
34580.15826794398
 20
-8263.694727317876
  0
LWPOLYLINE
  5
40E
330
2
100
AcDbEntity
  8
0
100
AcDbPolyline
 90
        2
 70
     0
 43
0.2499999999999999
 10
34564.87411371778
 20
-8262.30141705812
 42
-0.9075586723272543
 10
34569.71596723669
 20
-8261.09296445665
  0
LWPOLYLINE
  5
40F
330
2
100
AcDbEntity
  8
0
100
AcDbPolyline
 90
        2
 70
     0
 43
0.2499999999999999
 10
34569.70395306803
 20
-8261.090798437664
 42
0.5982154481863071
 10
34572.94291020664
 20
-8261.87258063346
  0
LINE
  5
410
330
2
100
AcDbEntity
  8
4
100
AcDbLine
 10
34559.4305487729
 20
-8259.923224143133
 30
0.0
 11
34583.90309086726
 21
-8266.044137006365
 31
0.0
  0
LWPOLYLINE
  5
411
330
2
100
AcDbEntity
  8
0
100
AcDbPolyline
 90
        2
 70
     0
 43
0.2499999999999999
 10
34566.66664828795
 20
-8275.934197268194
 10
34564.87411371778
 20
-8262.301417058121
  0
DIMENSION
  5
412
330
2
100
AcDbEntity
  8
0
 62
     3
100
AcDbDimension
280
     0
  2
*D28
 10
34518.76372015116
 20
-8253.359537850394
 30
0.0
 11
34516.61780300379
 21
-8250.4271576266
 31
0.0
 70
   129
  1
32
 71
     5
 42
32.00227085611232
 73
     0
 74
     0
 75
     0
  3
BZ$0
100
AcDbAlignedDimension
 13
34518.37546508829
 23
-8254.911833362217
 33
0.0
 14
34518.76372015113
 24
-8253.359537850389
 34
0.0
  0
DIMENSION
  5
41F
330
2
100
AcDbEntity
  8
0
 62
     3
100
AcDbDimension
280
     0
  2
*D29
 10
34574.80138938726
 20
-8259.890594832148
 30
0.0
 11
34575.94883967657
 21
-8257.185583999584
 31
0.0
 70
   129
  1
40
 71
     5
 42
39.99655110106687
 73
     0
 74
     0
 75
     0
  3
BZ$0
100
AcDbAlignedDimension
 13
34574.59014828794
 23
-8268.972197268196
 33
0.0
 14
34572.65014828794
 24
-8268.486697268201
 34
0.0
  0
DIMENSION
  5
42E
330
2
100
AcDbEntity
  8
0
 62
     3
100
AcDbDimension
280
     0
  2
*D30
 10
34570.91958611619
 20
-8258.91976888844
 30
0.0
 11
34572.56948529502
 21
-8256.076439093284
 31
0.0
 70
   129
  1
80
 71
     5
 42
80.0003762493725
 73
     0
 74
     0
 75
     0
  3
BZ$0
100
AcDbAlignedDimension
 13
34572.65014828794
 23
-8268.486697268201
 33
0.0
 14
34568.76964828793
 24
-8267.516197268198
 34
0.0
  0
DIMENSION
  5
43B
330
2
100
AcDbEntity
  8
0
 62
     3
100
AcDbDimension
280
     0
  2
*D31
 10
34578.68138938722
 20
-8260.861594832157
 30
0.0
 11
34578.94329929813
 21
-8257.93497067294
 31
0.0
 70
   129
  1
40
 71
     5
 42
39.99655110121239
 73
     0
 74
     0
 75
     0
  3
BZ$0
100
AcDbAlignedDimension
 13
34574.59014828779
 23
-8268.972197268162
 33
0.0
 14
34576.53014828778
 24
-8269.457697268184
 34
0.0
  0
DIMENSION
  5
44A
330
2
100
AcDbEntity
  8
0
 62
     3
100
AcDbDimension
280
     0
  2
*D32
 10
34582.56289811354
 20
-8261.833597741443
 30
0.0
 11
34582.44673599957
 21
-8258.548297452644
 31
0.0
 70
   129
  1
80
 71
     5
 42
80.0003762493725
 73
     0
 74
     0
 75
     0
  3
BZ$0
100
AcDbAlignedDimension
 13
34576.53014828778
 23
-8269.457697268184
 33
0.0
 14
34580.41035384195
 24
-8270.42937383861
 34
0.0
  0
LINE
  5
457
330
2
100
AcDbEntity
  8
0
 62
     3
100
AcDbLine
 10
34415.64793988401
 20
-8275.419227324568
 30
0.0
 11
34413.95366096651
 21
-8271.841842574575
 31
0.0
  0
LINE
  5
458
330
2
100
AcDbEntity
  8
8
100
AcDbLine
 10
34404.80951714926
 20
-8277.617228502615
 30
0.0
 11
34404.80951714926
 21
-8280.109522127677
 31
0.0
  0
LINE
  5
459
330
2
100
AcDbEntity
  8
8
100
AcDbLine
 10
34404.30951714926
 20
-8277.617228502615
 30
0.0
 11
34404.80951714926
 21
-8277.617228502615
 31
0.0
  0
LINE
  5
45A
330
2
100
AcDbEntity
  8
8
100
AcDbLine
 10
34405.30951714926
 20
-8276.617228502615
 30
0.0
 11
34404.30951714926
 21
-8277.617228502615
 31
0.0
  0
LINE
  5
45B
330
2
100
AcDbEntity
  8
8
100
AcDbLine
 10
34404.80951714926
 20
-8276.617228502615
 30
0.0
 11
34405.30951714926
 21
-8276.617228502615
 31
0.0
  0
LINE
  5
45C
330
2
100
AcDbEntity
  8
8
100
AcDbLine
 10
34404.80951714926
 20
-8274.12493487755
 30
0.0
 11
34404.80951714926
 21
-8276.617228502615
 31
0.0
  0
LINE
  5
45D
330
2
100
AcDbEntity
  8
0
 62
     3
100
AcDbLine
 10
34420.82872545105
 20
-8275.017409736582
 30
0.0
 11
34424.26233181582
 21
-8271.359016849354
 31
0.0
  0
LINE
  5
45E
330
2
100
AcDbEntity
  8
0
 62
     3
100
AcDbLine
 10
34425.13210765086
 20
-8278.823220756149
 30
0.0
 11
34426.11094606297
 21
-8286.098448153503
 31
0.0
  0
LINE
  5
45F
330
2
100
AcDbEntity
  8
4
100
AcDbLine
 10
34420.82872545105
 20
-8272.037594405792
 30
0.0
 11
34420.82872545105
 21
-8283.060457490134
 31
0.0
  0
HATCH
  5
460
330
2
100
AcDbEntity
  8
0
100
AcDbHatch
 10
0.0
 20
0.0
 30
0.0
210
0.0
220
0.0
230
1.0
  2
ANSI31
 70
     0
 71
     0
 91
        6
 92
        7
 72
     0
 73
     1
 93
        4
 10
34417.82872545105
 20
-8275.81740973658
 10
34417.82872545105
 20
-8275.017409736582
 10
34414.82872545105
 20
-8275.017409736582
 10
34414.82872545105
 20
-8275.81740973658
 97
        0
 92
        7
 72
     0
 73
     1
 93
        4
 10
34417.82872545105
 20
-8279.217409736582
 10
34417.82872545105
 20
-8278.41740973658
 10
34414.82872545105
 20
-8278.41740973658
 10
34414.82872545105
 20
-8279.217409736582
 97
        0
 92
        7
 72
     0
 73
     1
 93
        4
 10
34426.82872545105
 20
-8279.217409736582
 10
34426.82872545105
 20
-8278.417409736583
 10
34423.82872545105
 20
-8278.41740973658
 10
34423.82872545105
 20
-8279.217409736582
 97
        0
 92
        7
 72
     0
 73
     1
 93
        4
 10
34426.82872545105
 20
-8275.81740973658
 10
34426.82872545105
 20
-8275.017409736582
 10
34423.82872545105
 20
-8275.017409736582
 10
34423.82872545105
 20
-8275.81740973658
 97
        0
 92
        7
 72
     0
 73
     1
 93
        4
 10
34423.82872545105
 20
-8275.017409736585
 10
34422.72872545104
 20
-8275.017409736582
 10
34422.72872545104
 20
-8279.217409736582
 10
34423.82872545105
 20
-8279.217409736579
 97
        0
 92
        7
 72
     0
 73
     1
 93
        4
 10
34418.92872545105
 20
-8275.017409736582
 10
34417.82872545105
 20
-8275.017409736582
 10
34417.82872545105
 20
-8279.217409736582
 10
34418.92872545105
 20
-8279.217409736582
 97
        0
 75
     0
 76
     1
 52
90.0
 41
5.0
 77
     0
 78
     1
 53
135.0
 43
39842.93827064811
 44
-482.9758451023299
 45
-0.4419417382415921
 46
-0.4419417382415922
 79
     0
 47
0.0145703082841747
 98
        6
 10
34416.78558337985
 20
-8275.450228401558
 10
34416.33365445359
 20
-8278.859682345446
 10
34425.34307825737
 20
-8278.830540594721
 10
34425.24102834743
 20
-8275.479370152283
 10
34423.31668816719
 20
-8276.58671304952
 10
34418.43293973256
 20
-8276.805267789514
  0
HATCH
  5
461
330
2
100
AcDbEntity
  8
0
100
AcDbHatch
 10
0.0
 20
0.0
 30
0.0
210
0.0
220
0.0
230
1.0
  2
ANSI31
 70
     0
 71
     0
 91
        2
 92
        7
 72
     0
 73
     1
 93
        7
 10
34417.82872545105
 20
-8278.417409736583
 10
34417.82872545105
 20
-8275.81740973658
 10
34404.80951714926
 20
-8275.817409736585
 10
34404.80951714926
 20
-8276.617228502615
 10
34405.30951714926
 20
-8276.617228502615
 10
34404.80951714926
 20
-8277.117228502615
 10
34404.80951714926
 20
-8278.41740973658
 97
        0
 92
        7
 72
     0
 73
     1
 93
        4
 10
34428.32872545105
 20
-8278.41740973658
 10
34428.32872545105
 20
-8275.81740973658
 10
34423.82872545105
 20
-8275.81740973658
 10
34423.82872545105
 20
-8278.41740973658
 97
        0
 75
     0
 76
     1
 52
0.0
 41
5.0
 77
     0
 78
     1
 53
45.00000000000001
 43
39842.93827064811
 44
-482.9758451023299
 45
-0.4419417382415921
 46
0.4419417382415922
 79
     0
 47
0.048524049993357
 98
        2
 10
34414.19167973057
 20
-8277.2444883096
 10
34426.08663266309
 20
-8277.293012026294
  0
SOLID
  5
462
330
2
100
AcDbEntity
  8
0
100
AcDbTrace
 10
34423.82872545105
 20
-8278.41740973658
 30
0.0
 11
34423.82872545105
 21
-8279.217409736582
 31
0.0
 12
34424.54280212568
 22
-8279.217409736582
 32
0.0
 13
34423.82872545105
 23
-8278.41740973658
 33
0.0
  0
SOLID
  5
463
330
2
100
AcDbEntity
  8
0
100
AcDbTrace
 10
34417.82872545105
 20
-8278.41740973658
 30
0.0
 11
34417.82872545105
 21
-8279.217409736582
 31
0.0
 12
34417.11464877642
 22
-8279.217409736582
 32
0.0
 13
34417.82872545105
 23
-8278.41740973658
 33
0.0
  0
SOLID
  5
464
330
2
100
AcDbEntity
  8
0
100
AcDbTrace
 10
34423.82872545105
 20
-8275.81740973658
 30
0.0
 11
34423.82872545105
 21
-8275.017409736585
 31
0.0
 12
34424.54280212568
 22
-8275.017409736582
 32
0.0
 13
34423.82872545105
 23
-8275.81740973658
 33
0.0
  0
SOLID
  5
465
330
2
100
AcDbEntity
  8
0
100
AcDbTrace
 10
34417.82872545105
 20
-8275.81740973658
 30
0.0
 11
34417.82872545105
 21
-8275.017409736585
 31
0.0
 12
34417.11464877642
 22
-8275.017409736582
 32
0.0
 13
34417.82872545105
 23
-8275.81740973658
 33
0.0
  0
SOLID
  5
466
330
2
100
AcDbEntity
  8
0
100
AcDbTrace
 10
34426.80640486671
 20
-8279.217409736582
 30
0.0
 11
34426.82872545105
 21
-8278.41740973658
 31
0.0
 12
34427.60703879364
 22
-8278.41740973658
 32
0.0
 13
34426.80640486671
 23
-8279.217409736582
 33
0.0
  0
SOLID
  5
467
330
2
100
AcDbEntity
  8
0
100
AcDbTrace
 10
34426.80640486671
 20
-8275.017409736582
 30
0.0
 11
34426.82872545105
 21
-8275.81740973658
 31
0.0
 12
34427.60703879364
 22
-8275.81740973658
 32
0.0
 13
34426.80640486671
 23
-8275.017409736582
 33
0.0
  0
LWPOLYLINE
  5
468
330
2
100
AcDbEntity
  8
0
100
AcDbPolyline
 90
        2
 70
     0
 43
0.2499999999999999
 10
34426.82872545105
 20
-8275.017409736585
 10
34426.82872545105
 20
-8275.81740973658
  0
LWPOLYLINE
  5
469
330
2
100
AcDbEntity
  8
0
100
AcDbPolyline
 90
        2
 70
     0
 43
0.2499999999999999
 10
34428.32872545105
 20
-8275.81740973658
 10
34423.82872545105
 20
-8275.81740973658
  0
LWPOLYLINE
  5
46A
330
2
100
AcDbEntity
  8
0
100
AcDbPolyline
 90
        2
 70
     0
 43
0.2499999999999999
 10
34428.32872545105
 20
-8278.41740973658
 10
34423.82872545105
 20
-8278.41740973658
  0
LWPOLYLINE
  5
46B
330
2
100
AcDbEntity
  8
0
100
AcDbPolyline
 90
        2
 70
     0
 43
0.2499999999999999
 10
34428.32872545105
 20
-8275.81740973658
 10
34428.32872545105
 20
-8278.417409736583
  0
LWPOLYLINE
  5
46C
330
2
100
AcDbEntity
  8
0
100
AcDbPolyline
 90
        2
 70
     0
 43
0.2499999999999999
 10
34426.82872545105
 20
-8275.017409736585
 10
34414.82872545105
 20
-8275.017409736582
  0
LWPOLYLINE
  5
46D
330
2
100
AcDbEntity
  8
0
100
AcDbPolyline
 90
        2
 70
     0
 43
0.2499999999999999
 10
34426.82872545105
 20
-8279.217409736582
 10
34414.82872545105
 20
-8279.217409736582
  0
LWPOLYLINE
  5
46E
330
2
100
AcDbEntity
  8
0
100
AcDbPolyline
 90
        2
 70
     0
 43
0.2499999999999999
 10
34423.82872545105
 20
-8275.017409736582
 10
34423.82872545105
 20
-8279.217409736582
  0
LWPOLYLINE
  5
46F
330
2
100
AcDbEntity
  8
0
100
AcDbPolyline
 90
        2
 70
     0
 43
0.2499999999999999
 10
34417.82872545105
 20
-8275.017409736585
 10
34417.82872545105
 20
-8279.217409736582
  0
LWPOLYLINE
  5
470
330
2
100
AcDbEntity
  8
0
100
AcDbPolyline
 90
        2
 70
     0
 43
0.2499999999999999
 10
34422.72872545104
 20
-8275.017409736582
 10
34422.72872545104
 20
-8279.217409736582
  0
LWPOLYLINE
  5
471
330
2
100
AcDbEntity
  8
0
100
AcDbPolyline
 90
        2
 70
     0
 43
0.2499999999999999
 10
34418.92872545105
 20
-8275.017409736582
 10
34418.92872545105
 20
-8279.217409736582
  0
LWPOLYLINE
  5
472
330
2
100
AcDbEntity
  8
0
100
AcDbPolyline
 90
        2
 70
     0
 43
0.2499999999999999
 10
34417.82872545105
 20
-8275.81740973658
 10
34404.80951714926
 20
-8275.81740973658
  0
LWPOLYLINE
  5
473
330
2
100
AcDbEntity
  8
0
100
AcDbPolyline
 90
        2
 70
     0
 43
0.2499999999999999
 10
34417.82872545105
 20
-8278.41740973658
 10
34404.80951714926
 20
-8278.41740973658
  0
LWPOLYLINE
  5
474
330
2
100
AcDbEntity
  8
0
100
AcDbPolyline
 90
        2
 70
     0
 43
0.2499999999999999
 10
34426.82872545105
 20
-8278.417409736583
 10
34426.82872545105
 20
-8279.217409736582
  0
LWPOLYLINE
  5
475
330
2
100
AcDbEntity
  8
0
100
AcDbPolyline
 90
        2
 70
     0
 43
0.2499999999999999
 10
34414.80640486671
 20
-8278.41740973658
 10
34414.80640486671
 20
-8279.217409736575
  0
SOLID
  5
476
330
2
100
AcDbEntity
  8
0
100
AcDbTrace
 10
34414.82872545105
 20
-8279.217409736582
 30
0.0
 11
34414.80640486671
 21
-8278.41740973658
 31
0.0
 12
34414.02809152411
 22
-8278.41740973658
 32
0.0
 13
34414.82872545105
 23
-8279.217409736582
 33
0.0
  0
SOLID
  5
477
330
2
100
AcDbEntity
  8
0
100
AcDbTrace
 10
34414.82872545105
 20
-8275.017409736578
 30
0.0
 11
34414.80640486671
 21
-8275.81740973658
 31
0.0
 12
34414.02809152411
 22
-8275.81740973658
 32
0.0
 13
34414.82872545105
 23
-8275.017409736578
 33
0.0
  0
LWPOLYLINE
  5
478
330
2
100
AcDbEntity
  8
0
100
AcDbPolyline
 90
        2
 70
     0
 43
0.2499999999999999
 10
34414.80640486671
 20
-8275.017409736578
 10
34414.80640486671
 20
-8275.81740973658
  0
DIMENSION
  5
479
330
2
100
AcDbEntity
  8
3
100
AcDbDimension
280
     0
  2
*D33
 10
34404.79803486692
 20
-8247.994377754369
 30
0.0
 11
34402.54803486692
 21
-8243.794377754362
 31
0.0
  1
80
 71
     5
 42
168.0000000000291
 73
     0
 74
     0
 75
     0
  3
BZ$0
100
AcDbAlignedDimension
 13
34411.47797078485
 23
-8239.594377754365
 33
0.0
 14
34411.47797078485
 24
-8247.994377754367
 34
0.0
 50
90.0
100
AcDbRotatedDimension
  0
LINE
  5
486
330
2
100
AcDbEntity
  8
0
 62
     3
100
AcDbLine
 10
34413.25217530023
 20
-8239.987515747722
 30
0.0
 11
34415.73023265466
 21
-8235.643767620277
 31
0.0
  0
LINE
  5
487
330
2
100
AcDbEntity
  8
0
 62
     3
100
AcDbLine
 10
34413.08101287306
 20
-8244.9903108894
 30
0.0
 11
34421.95477438256
 21
-8249.361720776269
 31
0.0
  0
LINE
  5
488
330
2
100
AcDbEntity
  8
4
 48
0.1
100
AcDbLine
 10
34411.47797078485
 20
-8247.994377754367
 30
0.0
 11
34411.47797078485
 21
-8239.594377754365
 31
0.0
  0
CIRCLE
  5
489
330
2
100
AcDbEntity
  8
0
100
AcDbCircle
 10
34411.47797078485
 20
-8243.794377754362
 30
0.0
 40
2.0
  0
LINE
  5
48A
330
2
100
AcDbEntity
  8
0
100
AcDbLine
 10
34409.67986427029
 20
-8246.913161645934
 30
0.0
 11
34409.97954868938
 21
-8246.393364330674
 31
0.0
  0
LINE
  5
48B
330
2
100
AcDbEntity
  8
0
100
AcDbLine
 10
34410.73162709147
 20
-8247.31616296805
 30
0.0
 11
34410.85601770703
 21
-8246.72919876577
 31
0.0
  0
LINE
  5
48C
330
2
100
AcDbEntity
  8
0
100
AcDbLine
 10
34411.85644723344
 20
-8247.374427415736
 30
0.0
 11
34411.79336782533
 21
-8246.777752472175
 31
0.0
  0
LINE
  5
48D
330
2
100
AcDbEntity
  8
0
100
AcDbLine
 10
34412.94421946362
 20
-8247.082251658889
 30
0.0
 11
34412.69984468381
 21
-8246.534272674799
 31
0.0
  0
LINE
  5
48E
330
2
100
AcDbEntity
  8
0
100
AcDbLine
 10
34413.88846505715
 20
-8246.468235896304
 30
0.0
 11
34413.48671601177
 21
-8246.022592872647
 31
0.0
  0
LINE
  5
48F
330
2
100
AcDbEntity
  8
0
100
AcDbLine
 10
34414.59675467642
 20
-8245.59248426892
 30
0.0
 11
34414.07695736116
 21
-8245.292799849827
 31
0.0
  0
LINE
  5
490
330
2
100
AcDbEntity
  8
0
100
AcDbLine
 10
34414.99975599854
 20
-8244.540721447745
 30
0.0
 11
34414.41279179626
 21
-8244.416330832184
 31
0.0
  0
LINE
  5
491
330
2
100
AcDbEntity
  8
0
100
AcDbLine
 10
34415.05802044621
 20
-8243.415901305787
 30
0.0
 11
34414.46134550267
 21
-8243.47898071388
 31
0.0
  0
LINE
  5
492
330
2
100
AcDbEntity
  8
0
100
AcDbLine
 10
34414.76584468939
 20
-8242.32812907561
 30
0.0
 11
34414.21786570528
 21
-8242.572503855401
 31
0.0
  0
LINE
  5
493
330
2
100
AcDbEntity
  8
0
100
AcDbLine
 10
34414.15182892678
 20
-8241.383883482064
 30
0.0
 11
34413.70618590313
 21
-8241.785632527448
 31
0.0
  0
LINE
  5
494
330
2
100
AcDbEntity
  8
0
100
AcDbLine
 10
34413.2760772994
 20
-8240.675593862798
 30
0.0
 11
34412.97639288031
 21
-8241.195391178058
 31
0.0
  0
LINE
  5
495
330
2
100
AcDbEntity
  8
0
100
AcDbLine
 10
34412.22431447822
 20
-8240.272592540678
 30
0.0
 11
34412.09992386266
 21
-8240.859556742958
 31
0.0
  0
LINE
  5
496
330
2
100
AcDbEntity
  8
0
100
AcDbLine
 10
34411.09949433628
 20
-8240.214328092996
 30
0.0
 11
34411.16257374436
 21
-8240.811003036557
 31
0.0
  0
LINE
  5
497
330
2
100
AcDbEntity
  8
0
100
AcDbLine
 10
34410.0117221061
 20
-8240.506503849843
 30
0.0
 11
34410.25609688588
 21
-8241.054482833926
 31
0.0
  0
LINE
  5
498
330
2
100
AcDbEntity
  8
0
100
AcDbLine
 10
34408.3591868933
 20
-8241.996271239812
 30
0.0
 11
34408.87898420853
 21
-8242.295955658901
 31
0.0
  0
LINE
  5
499
330
2
100
AcDbEntity
  8
0
100
AcDbLine
 10
34407.95618557118
 20
-8243.04803406098
 30
0.0
 11
34408.54314977343
 21
-8243.172424676544
 31
0.0
  0
LINE
  5
49A
330
2
100
AcDbEntity
  8
0
100
AcDbLine
 10
34407.89792112348
 20
-8244.172854202945
 30
0.0
 11
34408.49459606705
 21
-8244.109774794848
 31
0.0
  0
LINE
  5
49B
330
2
100
AcDbEntity
  8
0
100
AcDbLine
 10
34408.19009688033
 20
-8245.260626433119
 30
0.0
 11
34408.73807586441
 21
-8245.016251653327
 31
0.0
  0
LINE
  5
49C
330
2
100
AcDbEntity
  8
0
100
AcDbLine
 10
34408.80411264291
 20
-8246.204872026661
 30
0.0
 11
34409.24975566656
 21
-8245.803122981277
 31
0.0
  0
LINE
  5
49D
330
2
100
AcDbEntity
  8
4
 48
0.1
100
AcDbLine
 10
34407.27797078486
 20
-8243.794377754362
 30
0.0
 11
34415.67797078486
 21
-8243.794377754362
 31
0.0
  0
CIRCLE
  5
49E
330
2
100
AcDbEntity
  8
0
100
AcDbCircle
 10
34411.47797078485
 20
-8243.794377754362
 30
0.0
 40
4.2
  0
DIMENSION
  5
49F
330
2
100
AcDbEntity
  8
3
100
AcDbDimension
280
     0
  2
*D34
 10
34415.67797078486
 20
-8252.980015574325
 30
0.0
 11
34411.47797078486
 21
-8250.730015574325
 31
0.0
  1
80
 71
     5
 42
167.9999999998836
 73
     0
 74
     0
 75
     0
  3
BZ$0
100
AcDbAlignedDimension
 13
34407.27797078486
 23
-8243.794377754362
 33
0.0
 14
34415.67797078486
 24
-8243.794377754362
 34
0.0
100
AcDbRotatedDimension
  0
CIRCLE
  5
4AC
330
2
100
AcDbEntity
  8
0
100
AcDbCircle
 10
34411.47797078485
 20
-8243.794377754362
 30
0.0
 40
3.0
  0
LINE
  5
4AD
330
2
100
AcDbEntity
  8
0
100
AcDbLine
 10
34409.06747651254
 20
-8241.120519612428
 30
0.0
 11
34409.46922555792
 21
-8241.566162636082
 31
0.0
  0
DIMENSION
  5
4AE
330
2
100
AcDbEntity
  8
3
100
AcDbDimension
280
     0
  2
*D35
 10
34434.42498003056
 20
-8275.817409736583
 30
0.0
 11
34437.62843456548
 21
-8277.218056798252
 31
0.0
 70
   128
  1
14
 71
     5
 42
51.9999999999709
 73
     0
 74
     0
 75
     0
  3
BZ$0
100
AcDbAlignedDimension
 13
34428.32872545105
 23
-8278.41740973658
 33
0.0
 14
34428.32872545105
 24
-8275.81740973658
 34
0.0
 50
90.0
100
AcDbRotatedDimension
  0
DIMENSION
  5
4BB
330
2
100
AcDbEntity
  8
3
100
AcDbDimension
280
     0
  2
*D36
 10
34434.42498003056
 20
-8275.817409736583
 30
0.0
 11
34437.62742180794
 21
-8273.757344130234
 31
0.0
 70
   128
  1
4
 71
     5
 42
15.99999999991269
 73
     0
 74
     0
 75
     0
  3
BZ$0
100
AcDbAlignedDimension
 13
34426.80360129894
 23
-8275.017409736585
 33
0.0
 14
34426.80360129894
 24
-8275.81740973658
 34
0.0
 50
90.0
100
AcDbRotatedDimension
  0
DIMENSION
  5
4CA
330
2
100
AcDbEntity
  8
3
100
AcDbDimension
280
     0
  2
*D37
 10
34434.42498003056
 20
-8278.417409736581
 30
0.0
 11
34437.74494432435
 21
-8280.379538708949
 31
0.0
 70
   128
  1
4
 71
     5
 42
16.00000000005821
 73
     0
 74
     0
 75
     0
  3
BZ$0
100
AcDbAlignedDimension
 13
34426.82872545105
 23
-8279.217409736582
 33
0.0
 14
34426.82872545105
 24
-8278.41740973658
 34
0.0
 50
90.0
100
AcDbRotatedDimension
  0
LINE
  5
4D9
330
2
100
AcDbEntity
  8
0
100
AcDbLine
 10
34429.89855958093
 20
-8251.039136068654
 30
0.0
 11
34455.56146309975
 21
-8251.039136068654
 31
0.0
  0
TEXT
  5
4DA
330
2
100
AcDbEntity
  8
0
100
AcDbText
 10
34437.15962588429
 20
-8254.811605428176
 30
0.0
 40
2.5
  1
(L=22)
 41
0.7
 72
     1
 11
34441.49295921763
 21
-8254.811605428176
 31
0.0
100
AcDbText
  0
TEXT
  5
4DB
330
2
100
AcDbEntity
  8
0
100
AcDbText
 10
34429.99652024822
 20
-8249.917115124726
 30
0.0
 40
2.5
  1
\M+5CCD7\M+5B9DCQ345%%C38/%%C25.5
 41
0.7
 72
     1
 11
34442.65046761665
 21
-8249.917115124726
 31
0.0
100
AcDbText
  0
LINE
  5
4DC
330
2
100
AcDbEntity
  8
0
100
AcDbLine
 10
34431.12706678564
 20
-8267.829934273763
 30
0.0
 11
34456.78997030445
 21
-8267.829934273763
 31
0.0
  0
TEXT
  5
4DD
330
2
100
AcDbEntity
  8
0
100
AcDbText
 10
34438.388133089
 20
-8271.30478859261
 30
0.0
 40
2.5
  1
(L=22)
 41
0.7
 72
     1
 11
34442.72146642234
 21
-8271.30478859261
 31
0.0
100
AcDbText
  0
TEXT
  5
4DE
330
2
100
AcDbEntity
  8
0
100
AcDbText
 10
34431.22502745293
 20
-8266.707913329836
 30
0.0
 40
2.5
  1
\M+5CCD7\M+5B9DCQ345%%C38/%%C25.5
 41
0.7
 72
     1
 11
34443.87897482136
 21
-8266.707913329836
 31
0.0
100
AcDbText
  0
TEXT
  5
4DF
330
2
100
AcDbEntity
  8
0
100
AcDbText
 10
34417.44172986172
 20
-8228.259489177675
 30
0.0
 40
2.2
  1
Q345-4
 41
0.7
100
AcDbText
  0
LWPOLYLINE
  5
4E0
330
2
100
AcDbEntity
  8
0
100
AcDbPolyline
 90
        5
 70
     0
 43
0.25
 39
3.572934373462516
 10
34401.52716925397
 20
-8152.691788111866
 10
34401.52716925396
 20
-8157.691788111866
 10
34403.52716925396
 20
-8159.691788111866
 10
34408.52716925397
 20
-8159.691788111866
 10
34408.52716925397
 20
-8157.691788111866
  0
LWPOLYLINE
  5
4E1
330
2
100
AcDbEntity
  8
0
100
AcDbPolyline
 90
        3
 70
     0
 43
0.25
 39
3.572934373462516
 10
34401.52716925397
 20
-8152.691788111866
 10
34403.52716925397
 20
-8152.691788111866
 10
34408.52716925397
 20
-8157.691788111866
  0
DIMENSION
  5
4E2
330
2
100
AcDbEntity
  8
3
100
AcDbDimension
280
     0
  2
*D38
 10
34401.52716925397
 20
-8149.815035871778
 30
0.0
 11
34402.52716925397
 21
-8147.565035871778
 31
0.0
  1
20
 71
     5
 42
40.0
 73
     0
 74
     0
 75
     0
  3
BZ$0
100
AcDbAlignedDimension
 13
34403.52716925397
 23
-8152.691788111866
 33
0.0
 14
34401.52716925397
 24
-8152.691788111866
 34
0.0
100
AcDbRotatedDimension
  0
DIMENSION
  5
4F1
330
2
100
AcDbEntity
  8
3
100
AcDbDimension
280
     0
  2
*D39
 10
34411.9809835415
 20
-8159.691788111867
 30
0.0
 11
34414.84709836052
 21
-8158.691788111866
 31
0.0
 70
   128
  1
20
 71
     5
 42
40.0
 73
     0
 74
     0
 75
     0
  3
BZ$0
100
AcDbAlignedDimension
 13
34408.52716925397
 23
-8157.691788111866
 33
0.0
 14
34408.52716925397
 24
-8159.691788111866
 34
0.0
 50
90.0
100
AcDbRotatedDimension
  0
DIMENSION
  5
4FE
330
2
100
AcDbEntity
  8
3
100
AcDbDimension
280
     0
  2
*D40
 10
34398.48354971316
 20
-8152.691788111867
 30
0.0
 11
34396.23354971316
 21
-8156.191788111862
 31
0.0
  1
50
 71
     5
 42
140.0
 73
     0
 74
     0
 75
     0
  3
BZ$0
100
AcDbAlignedDimension
 13
34403.52716925396
 23
-8159.691788111866
 33
0.0
 14
34401.52716925397
 24
-8152.691788111866
 34
0.0
 50
90.0
100
AcDbRotatedDimension
  0
DIMENSION
  5
50B
330
2
100
AcDbEntity
  8
3
100
AcDbDimension
280
     0
  2
*D41
 10
34408.52716925397
 20
-8164.233845851222
 30
0.0
 11
34405.02716925396
 21
-8161.983845851222
 31
0.0
  1
50
 71
     5
 42
140.000000000291
 73
     0
 74
     0
 75
     0
  3
BZ$0
100
AcDbAlignedDimension
 13
34401.52716925396
 23
-8157.691788111866
 33
0.0
 14
34408.52716925397
 24
-8159.691788111866
 34
0.0
100
AcDbRotatedDimension
  0
LWPOLYLINE
  5
518
330
2
100
AcDbEntity
  8
0
100
AcDbPolyline
 90
        2
 70
     0
 43
0.3555555555555555
 10
34394.46496557012
 20
-8178.94434649259
 10
34414.15815702349
 20
-8178.94434649259
  0
LINE
  5
519
330
2
100
AcDbEntity
  8
0
100
AcDbLine
 10
34394.37496557012
 20
-8179.833235381488
 30
0.0
 11
34414.24815702349
 21
-8179.833235381488
 31
0.0
  0
TEXT
  5
51A
330
2
100
AcDbEntity
  8
0
100
AcDbText
 10
34408.22303284592
 20
-8169.398717774951
 30
0.0
 40
2.2
  1
-6
 41
0.7
100
AcDbText
  0
CIRCLE
  5
51B
330
2
100
AcDbEntity
  8
0
100
AcDbCircle
 10
34405.02101262952
 20
-8172.303500521559
 30
0.0
 40
4.0
  0
TEXT
  5
51C
330
2
100
AcDbEntity
  8
0
100
AcDbText
 10
34402.32088762951
 20
-8173.803300521555
 30
0.0
 40
3.0
  1
220
 41
0.7
 72
     1
 11
34405.02088762951
 21
-8172.303300521555
 31
0.0
100
AcDbText
 73
     2
  0
TEXT
  5
51D
330
2
100
AcDbEntity
  8
0
100
AcDbText
 10
34384.20479584919
 20
-8276.283404610958
 30
0.0
 40
2.2
  1
Q345-14
 41
0.7
100
AcDbText
  0
CIRCLE
  5
51E
330
2
100
AcDbEntity
  8
0
100
AcDbCircle
 10
34398.88482298484
 20
-8278.283404610966
 30
0.0
 40
4.0
  0
TEXT
  5
51F
330
2
100
AcDbEntity
  8
0
100
AcDbText
 10
34396.43457298487
 20
-8279.783444610961
 30
0.0
 40
3.0
  1
216
 41
0.7
 72
     1
 11
34398.88457298486
 21
-8278.283444610961
 31
0.0
100
AcDbText
 73
     2
  0
TEXT
  5
520
330
2
100
AcDbEntity
  8
0
100
AcDbText
 10
34384.65148899381
 20
-8285.696722766143
 30
0.0
 40
2.2
  1
Q345-14
 41
0.7
100
AcDbText
  0
CIRCLE
  5
521
330
2
100
AcDbEntity
  8
0
100
AcDbCircle
 10
34399.33151612945
 20
-8287.69672276614
 30
0.0
 40
4.0
  0
TEXT
  5
522
330
2
100
AcDbEntity
  8
0
100
AcDbText
 10
34396.83126612948
 20
-8289.196682766145
 30
0.0
 40
3.0
  1
215
 41
0.7
 72
     1
 11
34399.33126612948
 21
-8287.696682766145
 31
0.0
100
AcDbText
 73
     2
  0
CIRCLE
  5
523
330
2
100
AcDbEntity
  8
0
100
AcDbCircle
 10
34425.61819996891
 20
-8250.967744740357
 30
0.0
 40
4.0
  0
TEXT
  5
524
330
2
100
AcDbEntity
  8
0
100
AcDbText
 10
34423.36829996891
 20
-8252.467854240364
 30
0.0
 40
3.0
  1
221
 41
0.7
 72
     1
 11
34425.61829996891
 21
-8250.967854240364
 31
0.0
100
AcDbText
 73
     2
  0
CIRCLE
  5
525
330
2
100
AcDbEntity
  8
0
100
AcDbCircle
 10
34418.7130461858
 20
-8232.97865534526
 30
0.0
 40
4.0
  0
TEXT
  5
526
330
2
100
AcDbEntity
  8
0
100
AcDbText
 10
34416.0131461858
 20
-8234.478764845266
 30
0.0
 40
3.0
  1
222
 41
0.7
 72
     1
 11
34418.7131461858
 21
-8232.978764845266
 31
0.0
100
AcDbText
 73
     2
  0
CIRCLE
  5
527
330
2
100
AcDbEntity
  8
0
100
AcDbCircle
 10
34411.52203392553
 20
-8268.665808895032
 30
0.0
 40
4.0
  0
TEXT
  5
528
330
2
100
AcDbEntity
  8
0
100
AcDbText
 10
34408.82213392553
 20
-8270.165918395038
 30
0.0
 40
3.0
  1
222
 41
0.7
 72
     1
 11
34411.52213392553
 21
-8268.665918395038
 31
0.0
100
AcDbText
 73
     2
  0
TEXT
  5
529
330
2
100
AcDbEntity
  8
0
100
AcDbText
 10
34403.59380691563
 20
-8264.122034498258
 30
0.0
 40
2.2
  1
Q345-4
 41
0.7
100
AcDbText
  0
CIRCLE
  5
52A
330
2
100
AcDbEntity
  8
0
100
AcDbCircle
 10
34428.15083119584
 20
-8289.539213859664
 30
0.0
 40
4.0
  0
TEXT
  5
52B
330
2
100
AcDbEntity
  8
0
100
AcDbText
 10
34425.45093119584
 20
-8291.03932335967
 30
0.0
 40
3.0
  1
222
 41
0.7
 72
     1
 11
34428.15093119584
 21
-8289.53932335967
 31
0.0
100
AcDbText
 73
     2
  0
TEXT
  5
52C
330
2
100
AcDbEntity
  8
0
100
AcDbText
 10
34428.20936912336
 20
-8285.11636513987
 30
0.0
 40
2.2
  1
Q345-4
 41
0.7
100
AcDbText
  0
CIRCLE
  5
52D
330
2
100
AcDbEntity
  8
0
100
AcDbCircle
 10
34426.97483016049
 20
-8267.060391486557
 30
0.0
 40
4.0
  0
TEXT
  5
52E
330
2
100
AcDbEntity
  8
0
100
AcDbText
 10
34424.72493016049
 20
-8268.560500986563
 30
0.0
 40
3.0
  1
221
 41
0.7
 72
     1
 11
34426.97493016049
 21
-8267.060500986563
 31
0.0
100
AcDbText
 73
     2
  0
TEXT
  5
52F
330
2
100
AcDbEntity
  8
0
100
AcDbText
 10
34703.54322713482
 20
-8245.646018112378
 30
0.0
 40
2.2
  1
Q345-12
 41
0.7
100
AcDbText
  0
CIRCLE
  5
530
330
2
100
AcDbEntity
  8
0
100
AcDbCircle
 10
34702.0710441641
 20
-8250.265189860294
 30
0.0
 40
4.0
  0
TEXT
  5
531
330
2
100
AcDbEntity
  8
$TD_AUDIT_GENERATED_(532)
100
AcDbText
 10
34699.5711441641
 20
-8251.765331360299
 30
0.0
 40
3.0
  1
215
 41
0.7
 72
     1
 11
34702.0711441641
 21
-8250.265331360299
 31
0.0
100
AcDbText
 73
     2
  0
LINE
  5
535
330
2
100
AcDbEntity
  8
2
100
AcDbLine
 10
34684.95979230976
 20
-8267.828008370649
 30
0.0
 11
34684.94317669842
 21
-8252.967543632556
 31
0.0
  0
LINE
  5
536
330
2
100
AcDbEntity
  8
2
100
AcDbLine
 10
34689.96574679363
 20
-8239.251022759134
 30
0.0
 11
34684.95979230976
 21
-8267.828008370649
 31
0.0
  0
LINE
  5
537
330
2
100
AcDbEntity
  8
0
100
AcDbLine
 10
34692.84207032019
 20
-8230.897682584859
 30
0.0
 11
34693.19461919345
 21
-8228.827249846086
 31
0.0
  0
LINE
  5
538
330
2
100
AcDbEntity
  8
0
100
AcDbLine
 10
34690.70832418791
 20
-8234.412393028564
 30
0.0
 11
34690.38674944367
 21
-8236.487625469483
 31
0.0
  0
LINE
  5
539
330
2
100
AcDbEntity
  8
0
100
AcDbLine
 10
34691.85157586676
 20
-8236.714612660453
 30
0.0
 11
34692.20412474001
 21
-8234.644179921685
 31
0.0
  0
LINE
  5
53A
330
2
100
AcDbEntity
  8
0
100
AcDbLine
 10
34691.61179608842
 20
-8228.58197807549
 30
0.0
 11
34691.29022134418
 21
-8230.657210516416
 31
0.0
  0
LINE
  5
53B
330
2
100
AcDbEntity
  8
8
100
AcDbLine
 10
34702.25390450243
 20
-8219.465385924508
 30
0.0
 11
34705.03441598602
 21
-8217.377725360078
 31
0.0
  0
LWPOLYLINE
  5
53C
330
2
100
AcDbEntity
  8
0
100
AcDbPolyline
 90
        2
 70
     0
 43
0.2499999999999999
 10
34692.39215557028
 20
-8223.546049908568
 10
34692.39215557028
 20
-8202.546049908568
  0
LWPOLYLINE
  5
53D
330
2
100
AcDbEntity
  8
0
100
AcDbPolyline
 90
        2
 70
     0
 43
0.2499999999999999
 10
34693.89215557028
 20
-8223.546049908568
 10
34693.89215557028
 20
-8160.580049908571
  0
LINE
  5
53E
330
2
100
AcDbEntity
  8
4
100
AcDbLine
 10
34696.89215557028
 20
-8214.375909111288
 30
0.0
 11
34696.89215557028
 21
-8160.580049908571
 31
0.0
  0
LWPOLYLINE
  5
53F
330
2
100
AcDbEntity
  8
0
100
AcDbPolyline
 90
        2
 70
     0
 43
0.2499999999999999
 10
34700.19215557028
 20
-8160.580049908571
 10
34700.19215557028
 20
-8211.046049908568
  0
LINE
  5
540
330
2
100
AcDbEntity
  8
0
100
AcDbLine
 10
34695.09215557028
 20
-8211.046049908568
 30
0.0
 11
34695.09215557028
 21
-8160.580049908571
 31
0.0
  0
TEXT
  5
541
330
2
100
AcDbEntity
  8
0
100
AcDbText
 10
34700.17630212842
 20
-8235.160606763578
 30
0.0
 40
2.5
  1
\M+5CCD7\M+5B9DCQ345%%C38/%%C25.5
 41
0.7
100
AcDbText
  0
LWPOLYLINE
  5
542
330
2
100
AcDbEntity
  8
0
100
AcDbPolyline
 90
        8
 70
     0
 43
0.2499999999999999
 10
34693.89215557028
 20
-8223.546049908568
 10
34704.89215557028
 20
-8223.546049908568
 42
0.4142135623719673
 10
34703.79215557027
 20
-8222.446049908569
 10
34696.09215557028
 20
-8222.446049908569
 42
-0.4142135623735037
 10
34694.99215557027
 20
-8221.34604990857
 10
34694.99215557027
 20
-8213.646049908566
 42
0.4142135623723081
 10
34693.89215557028
 20
-8212.546049908568
 10
34693.89215557028
 20
-8223.546049908568
  0
LWPOLYLINE
  5
543
330
2
100
AcDbEntity
  8
0
 62
     3
100
AcDbPolyline
 90
        2
 70
     0
 43
0.0
 10
34700.47071162558
 20
-8240.312392274598
 10
34713.25377191533
 20
-8240.312392274598
  0
TEXT
  5
544
330
2
100
AcDbEntity
  8
3
100
AcDbText
 10
34702.13470282434
 20
-8239.838005982812
 30
0.0
 40
2.5
  1
\M+5B7B4\M+5CFF2\M+5D6C6\M+5CDE4
 50
180.0
 41
0.75
 71
     6
100
AcDbText
  0
LWPOLYLINE
  5
545
330
2
100
AcDbEntity
  8
0
100
AcDbPolyline
 90
        2
 70
     0
 43
0.2499999999999999
 10
34690.17214243684
 20
-8218.046049908568
 10
34695.77307640911
 20
-8218.046049908568
  0
LWPOLYLINE
  5
546
330
2
100
AcDbEntity
  8
0
100
AcDbPolyline
 90
        2
 70
     0
 43
0.2499999999999999
 10
34695.39823002855
 20
-8208.046049908568
 10
34691.03648508644
 20
-8208.046049908568
  0
LWPOLYLINE
  5
547
330
2
100
AcDbEntity
  8
0
100
AcDbPolyline
 90
        2
 70
     0
 43
0.2499999999999999
 10
34700.19215557028
 20
-8211.046049908568
 10
34693.89215557028
 20
-8211.046049908568
  0
LINE
  5
548
330
2
100
AcDbEntity
  8
0
 62
     3
100
AcDbLine
 10
34694.93492773207
 20
-8235.813650711763
 30
0.0
 11
34700.47071162558
 21
-8240.312392274598
 31
0.0
  0
LWPOLYLINE
  5
549
330
2
100
AcDbEntity
  8
1
100
AcDbPolyline
 90
        2
 70
     0
 43
0.0
 10
34693.88420417768
 20
-8223.597362980188
 10
34696.30905114613
 20
-8239.245734574135
  0
LWPOLYLINE
  5
54A
330
2
100
AcDbEntity
  8
1
100
AcDbPolyline
 90
        2
 70
     0
 43
0.0
 10
34692.38420417768
 20
-8223.597362980188
 10
34694.84422472304
 20
-8239.472721765102
  0
LWPOLYLINE
  5
54B
330
2
100
AcDbEntity
  8
0
100
AcDbPolyline
 90
        2
 70
     0
 43
0.2499999999999999
 10
34690.66425922873
 20
-8228.435149258963
 10
34689.43921258399
 20
-8236.34079665296
  0
LWPOLYLINE
  5
54C
330
2
100
AcDbEntity
  8
0
100
AcDbPolyline
 90
        2
 70
     0
 43
0.2499999999999999
 10
34694.02415937119
 20
-8228.955794082984
 10
34692.79911272643
 20
-8236.86144147698
  0
LINE
  5
54D
330
2
100
AcDbEntity
  8
1
100
AcDbLine
 10
34689.76078732823
 20
-8234.265564212037
 30
0.0
 11
34693.12068747068
 21
-8234.786209036058
 31
0.0
  0
LWPOLYLINE
  5
54E
330
2
100
AcDbEntity
  8
1
100
AcDbPolyline
 90
        2
 70
     0
 43
0.0
 10
34694.84422472304
 20
-8239.472721765102
 10
34696.30905114613
 20
-8239.245734574135
  0
LWPOLYLINE
  5
54F
330
2
100
AcDbEntity
  8
0
100
AcDbPolyline
 90
        2
 70
     0
 43
0.2499999999999999
 10
34689.95935720922
 20
-8239.245734574135
 10
34691.4241836323
 20
-8239.472721765102
  0
HATCH
  5
550
330
2
100
AcDbEntity
  8
0
100
AcDbHatch
 10
0.0
 20
0.0
 30
0.0
210
0.0
220
0.0
230
1.0
  2
SOLID
 70
     1
 71
     0
 91
        1
 92
        7
 72
     0
 73
     1
 93
        3
 10
34690.1876372926
 20
-8237.77256467161
 10
34690.38674944367
 20
-8236.487625469486
 10
34689.43921258399
 20
-8236.340796652963
 97
        0
 75
     0
 76
     1
 47
0.0078209065532439
 98
        1
 10
34689.94891243816
 20
-8236.786975097715
  0
HATCH
  5
551
330
2
100
AcDbEntity
  8
0
100
AcDbHatch
 10
0.0
 20
0.0
 30
0.0
210
0.0
220
0.0
230
1.0
  2
SOLID
 70
     1
 71
     0
 91
        1
 92
        7
 72
     0
 73
     1
 93
        3
 10
34691.65246371568
 20
-8237.999551862576
 10
34691.85157586676
 20
-8236.714612660453
 10
34692.79911272643
 20
-8236.86144147698
 97
        0
 75
     0
 76
     1
 47
0.0078209065532439
 98
        1
 10
34692.17828110583
 20
-8237.132434548424
  0
LWPOLYLINE
  5
552
330
2
100
AcDbEntity
  8
0
100
AcDbPolyline
 90
        2
 70
     0
 43
0.2499999999999999
 10
34690.38674944367
 20
-8236.487625469486
 10
34689.95935720922
 20
-8239.245734574135
  0
LWPOLYLINE
  5
553
330
2
100
AcDbEntity
  8
0
100
AcDbPolyline
 90
        2
 70
     0
 43
0.2499999999999999
 10
34691.85157586676
 20
-8236.714612660453
 10
34691.4241836323
 20
-8239.472721765102
  0
LWPOLYLINE
  5
554
330
2
100
AcDbEntity
  8
0
100
AcDbPolyline
 90
        2
 70
     0
 43
0.2499999999999999
 10
34689.43921258399
 20
-8236.34079665296
 10
34692.79911272643
 20
-8236.86144147698
  0
LWPOLYLINE
  5
555
330
2
100
AcDbEntity
  8
0
100
AcDbPolyline
 90
        2
 70
     0
 43
0.2499999999999999
 10
34693.89215557028
 20
-8223.546049908568
 10
34693.0766225115
 20
-8228.808965266457
  0
LWPOLYLINE
  5
556
330
2
100
AcDbEntity
  8
0
100
AcDbPolyline
 90
        2
 70
     0
 43
0.2499999999999999
 10
34692.39215557028
 20
-8223.546049908568
 10
34691.61179608842
 20
-8228.58197807549
  0
LINE
  5
557
330
2
100
AcDbEntity
  8
0
 62
     3
100
AcDbLine
 10
34692.79146181841
 20
-8230.889840371288
 30
0.0
 11
34699.55006033372
 21
-8229.874581913642
 31
0.0
  0
LINE
  5
558
330
2
100
AcDbEntity
  8
4
100
AcDbLine
 10
34688.8174669463
 20
-8232.196712585632
 30
0.0
 11
34694.23740821027
 21
-8233.036578131021
 31
0.0
  0
HATCH
  5
559
330
2
100
AcDbEntity
  8
0
100
AcDbHatch
 10
0.0
 20
0.0
 30
0.0
210
0.0
220
0.0
230
1.0
  2
SOLID
 70
     1
 71
     0
 91
        1
 92
        7
 72
     0
 73
     1
 93
        3
 10
34691.8109082395
 20
-8227.297038873367
 10
34691.61179608842
 20
-8228.58197807549
 10
34690.66425922873
 20
-8228.435149258963
 97
        0
 75
     0
 76
     1
 47
0.0078209065532439
 98
        1
 10
34691.28509084934
 20
-8228.164156187515
  0
HATCH
  5
55A
330
2
100
AcDbEntity
  8
0
100
AcDbHatch
 10
0.0
 20
0.0
 30
0.0
210
0.0
220
0.0
230
1.0
  2
SOLID
 70
     1
 71
     0
 91
        1
 92
        7
 72
     0
 73
     1
 93
        3
 10
34693.27573466258
 20
-8227.524026064333
 10
34693.0766225115
 20
-8228.808965266457
 10
34694.02415937119
 20
-8228.955794082984
 97
        0
 75
     0
 76
     1
 47
0.0078209065532439
 98
        1
 10
34693.51445951701
 20
-8228.509615638228
  0
LWPOLYLINE
  5
55B
330
2
100
AcDbEntity
  8
0
100
AcDbPolyline
 90
        2
 70
     0
 43
0.2499999999999999
 10
34690.66425922873
 20
-8228.435149258963
 10
34694.02415937119
 20
-8228.955794082984
  0
LINE
  5
55C
330
2
100
AcDbEntity
  8
1
100
AcDbLine
 10
34690.34268448449
 20
-8230.510381699889
 30
0.0
 11
34693.70258462693
 21
-8231.03102652391
 31
0.0
  0
LINE
  5
55D
330
2
100
AcDbEntity
  8
0
 62
     3
100
AcDbLine
 10
34691.47391173595
 20
-8239.151809206644
 30
0.0
 11
34698.33691979433
 21
-8247.014179807655
 31
0.0
  0
DIMENSION
  5
55E
330
2
100
AcDbEntity
  8
0
 62
     3
100
AcDbDimension
280
     0
  2
*D42
 10
34691.81229789554
 20
-8243.229697028397
 30
0.0
 11
34691.29501755779
 21
-8245.811006893295
 31
0.0
 70
   129
  1
22
 71
     5
 42
67.99999999988358
 73
     0
 74
     0
 75
     0
  3
BZ$0
100
AcDbAlignedDimension
 13
34689.43921258399
 23
-8236.34079665296
 33
0.0
 14
34692.79911272643
 24
-8236.86144147698
 34
0.0
  0
LWPOLYLINE
  5
56B
330
2
100
AcDbEntity
  8
0
100
AcDbPolyline
 90
        2
 70
     0
 43
0.2499999999999999
 10
34695.39823002855
 20
-8205.046049908568
 10
34691.03648508644
 20
-8205.046049908568
  0
LWPOLYLINE
  5
56C
330
2
100
AcDbEntity
  8
0
100
AcDbPolyline
 90
        2
 70
     0
 43
0.2499999999999999
 10
34696.50039788345
 20
-8213.646049908573
 10
34703.66218476125
 20
-8220.889779181256
  0
LWPOLYLINE
  5
56D
330
2
100
AcDbEntity
  8
0
100
AcDbPolyline
 90
        2
 70
     0
 43
0.2499999999999999
 10
34703.66218476125
 20
-8220.889779181256
 10
34703.66218476125
 20
-8222.446049908569
  0
LWPOLYLINE
  5
56E
330
2
100
AcDbEntity
  8
0
100
AcDbPolyline
 90
        2
 70
     0
 43
0.2499999999999999
 10
34694.99215557027
 20
-8213.646049908573
 10
34696.50039788345
 20
-8213.646049908573
  0
LINE
  5
56F
330
2
100
AcDbEntity
  8
2
100
AcDbLine
 10
34684.94317669842
 20
-8252.967543632556
 30
0.0
 11
34687.52115013659
 21
-8252.964661178645
 31
0.0
  0
TEXT
  5
570
330
2
100
AcDbEntity
  8
0
100
AcDbText
 10
34686.17513194779
 20
-8252.400128880108
 30
0.0
 40
2.15
  1
1
 50
0.1834392373255035
 41
0.7
100
AcDbText
  0
TEXT
  5
571
330
2
100
AcDbEntity
  8
0
100
AcDbText
 10
34682.04312694618
 20
-8261.652476541722
 30
0.0
 40
2.15
  1
10
 50
0.1834392373255035
 41
0.7
100
AcDbText
  0
LWPOLYLINE
  5
572
330
2
100
AcDbEntity
  8
0
100
AcDbPolyline
 90
        2
 70
     0
 43
0.2499999999999999
 10
34692.39215557028
 20
-8211.546049908568
 10
34692.39215557028
 20
-8223.046049908568
  0
LWPOLYLINE
  5
573
330
2
100
AcDbEntity
  8
0
100
AcDbPolyline
 90
        2
 70
     0
 43
0.2499999999999999
 10
34693.89215557028
 20
-8202.546049908568
 10
34692.39215557028
 20
-8202.546049908568
  0
TRACE
  5
574
330
2
100
AcDbEntity
  8
0
100
AcDbTrace
 10
34705.99381805445
 20
-8276.906992487435
 30
0.0
 11
34705.99381805445
 21
-8277.406992487435
 31
0.0
 12
34691.26975795561
 22
-8276.906992487435
 32
0.0
 13
34691.26975795561
 23
-8277.406992487435
 33
0.0
  0
TEXT
  5
575
330
2
100
AcDbEntity
  8
0
100
AcDbText
 10
34692.26446151261
 20
-8276.0983943811
 30
0.0
 40
4.0
  1
1--1
 41
0.7
100
AcDbText
  0
TEXT
  5
576
330
2
100
AcDbEntity
  8
0
100
AcDbText
 10
34711.4655701559
 20
-8211.652797395098
 30
0.0
 40
2.2
  1
-6
 41
0.7
100
AcDbText
  0
CIRCLE
  5
577
330
2
100
AcDbEntity
  8
0
100
AcDbCircle
 10
34708.16511325168
 20
-8214.887999545688
 30
0.0
 40
4.0
  0
TEXT
  5
578
330
2
100
AcDbEntity
  8
$TD_AUDIT_GENERATED_(532)
100
AcDbText
 10
34705.46531825167
 20
-8216.387849545692
 30
0.0
 40
3.0
  1
220
 41
0.7
 72
     1
 11
34708.16531825167
 21
-8214.887849545692
 31
0.0
100
AcDbText
 73
     2
  0
TEXT
  5
579
330
2
100
AcDbEntity
  8
$TD_AUDIT_GENERATED_(532)
100
AcDbText
 10
34700.82672849012
 20
-8229.487267447712
 30
0.0
 40
3.0
  1
221
 41
0.7
 72
     1
 11
34703.07672849012
 21
-8227.987267447712
 31
0.0
100
AcDbText
 73
     2
  0
CIRCLE
  5
57A
330
2
100
AcDbEntity
  8
0
100
AcDbCircle
 10
34703.0769284901
 20
-8227.98746744771
 30
0.0
 40
4.0
  0
LINE
  5
57B
330
2
100
AcDbEntity
  8
2
100
AcDbLine
 10
34684.95979230976
 20
-8103.79809144649
 30
0.0
 11
34684.94317669842
 21
-8118.658556184582
 31
0.0
  0
LINE
  5
57C
330
2
100
AcDbEntity
  8
2
100
AcDbLine
 10
34689.96574679363
 20
-8132.375077058005
 30
0.0
 11
34684.95979230976
 21
-8103.79809144649
 31
0.0
  0
LINE
  5
57D
330
2
100
AcDbEntity
  8
0
100
AcDbLine
 10
34692.84207032019
 20
-8140.72841723228
 30
0.0
 11
34693.19461919345
 21
-8142.798849971052
 31
0.0
  0
LINE
  5
57E
330
2
100
AcDbEntity
  8
0
100
AcDbLine
 10
34690.70832418791
 20
-8137.213706788574
 30
0.0
 11
34690.38674944367
 21
-8135.138474347656
 31
0.0
  0
LINE
  5
57F
330
2
100
AcDbEntity
  8
0
100
AcDbLine
 10
34691.85157586676
 20
-8134.911487156685
 30
0.0
 11
34692.20412474001
 21
-8136.981919895454
 31
0.0
  0
LINE
  5
580
330
2
100
AcDbEntity
  8
0
100
AcDbLine
 10
34691.61179608842
 20
-8143.044121741648
 30
0.0
 11
34691.29022134418
 21
-8140.968889300722
 31
0.0
  0
LINE
  5
581
330
2
100
AcDbEntity
  8
8
100
AcDbLine
 10
34702.25390450243
 20
-8152.16071389263
 30
0.0
 11
34705.03441598602
 21
-8154.24837445706
 31
0.0
  0
LWPOLYLINE
  5
582
330
2
100
AcDbEntity
  8
0
100
AcDbPolyline
 90
        2
 70
     0
 43
0.2499999999999999
 10
34692.39215557028
 20
-8148.080049908571
 10
34692.39215557028
 20
-8169.080049908571
  0
TEXT
  5
583
330
2
100
AcDbEntity
  8
0
100
AcDbText
 10
34708.17760986357
 20
-8145.287290477263
 30
0.0
 40
2.5
  1
\M+5CCD7\M+5B9DCQ345%%C38/%%C25.5
 41
0.7
100
AcDbText
  0
LWPOLYLINE
  5
584
330
2
100
AcDbEntity
  8
0
100
AcDbPolyline
 90
        8
 70
     0
 43
0.2499999999999999
 10
34693.89215557028
 20
-8148.080049908571
 10
34704.89215557028
 20
-8148.080049908571
 42
-0.4142135623719673
 10
34703.79215557027
 20
-8149.180049908569
 10
34696.09215557028
 20
-8149.180049908569
 42
0.4142135623735037
 10
34694.99215557027
 20
-8150.280049908568
 10
34694.99215557027
 20
-8157.980049908572
 42
-0.4142135623723081
 10
34693.89215557028
 20
-8159.080049908571
 10
34693.89215557028
 20
-8148.080049908571
  0
LWPOLYLINE
  5
585
330
2
100
AcDbEntity
  8
0
 62
     3
100
AcDbPolyline
 90
        2
 70
     0
 43
0.0
 10
34700.47071162558
 20
-8131.31370754254
 10
34713.25377191533
 20
-8131.31370754254
  0
TEXT
  5
586
330
2
100
AcDbEntity
  8
3
100
AcDbText
 10
34702.13470282434
 20
-8134.893356992221
 30
0.0
 40
2.5
  1
\M+5B7B4\M+5CFF2\M+5D6C6\M+5CDE4
 50
180.0
 41
0.75
 71
     6
100
AcDbText
  0
LWPOLYLINE
  5
587
330
2
100
AcDbEntity
  8
0
100
AcDbPolyline
 90
        2
 70
     0
 43
0.2499999999999999
 10
34690.17214243684
 20
-8153.580049908571
 10
34695.77307640911
 20
-8153.580049908571
  0
LWPOLYLINE
  5
588
330
2
100
AcDbEntity
  8
0
100
AcDbPolyline
 90
        2
 70
     0
 43
0.2499999999999999
 10
34695.39823002855
 20
-8163.580049908571
 10
34691.03648508644
 20
-8163.580049908571
  0
LWPOLYLINE
  5
589
330
2
100
AcDbEntity
  8
0
100
AcDbPolyline
 90
        2
 70
     0
 43
0.2499999999999999
 10
34700.19215557028
 20
-8160.580049908571
 10
34693.89215557028
 20
-8160.580049908571
  0
LINE
  5
58A
330
2
100
AcDbEntity
  8
0
 62
     3
100
AcDbLine
 10
34694.93492773207
 20
-8135.812449105375
 30
0.0
 11
34700.47071162558
 21
-8131.31370754254
 31
0.0
  0
LWPOLYLINE
  5
58B
330
2
100
AcDbEntity
  8
1
100
AcDbPolyline
 90
        2
 70
     0
 43
0.0
 10
34693.88420417768
 20
-8148.02873683695
 10
34696.30905114613
 20
-8132.380365243003
  0
LWPOLYLINE
  5
58C
330
2
100
AcDbEntity
  8
1
100
AcDbPolyline
 90
        2
 70
     0
 43
0.0
 10
34692.38420417768
 20
-8148.02873683695
 10
34694.84422472304
 20
-8132.153378052037
  0
LWPOLYLINE
  5
58D
330
2
100
AcDbEntity
  8
0
100
AcDbPolyline
 90
        2
 70
     0
 43
0.2499999999999999
 10
34690.66425922873
 20
-8143.190950558175
 10
34689.43921258399
 20
-8135.285303164179
  0
LWPOLYLINE
  5
58E
330
2
100
AcDbEntity
  8
0
100
AcDbPolyline
 90
        2
 70
     0
 43
0.2499999999999999
 10
34694.02415937119
 20
-8142.670305734155
 10
34692.79911272643
 20
-8134.764658340158
  0
LINE
  5
58F
330
2
100
AcDbEntity
  8
1
100
AcDbLine
 10
34689.76078732823
 20
-8137.360535605101
 30
0.0
 11
34693.12068747068
 21
-8136.839890781081
 31
0.0
  0
LWPOLYLINE
  5
590
330
2
100
AcDbEntity
  8
1
100
AcDbPolyline
 90
        2
 70
     0
 43
0.0
 10
34694.84422472304
 20
-8132.153378052037
 10
34696.30905114613
 20
-8132.380365243003
  0
LWPOLYLINE
  5
591
330
2
100
AcDbEntity
  8
0
100
AcDbPolyline
 90
        2
 70
     0
 43
0.2499999999999999
 10
34689.95935720922
 20
-8132.380365243003
 10
34691.4241836323
 20
-8132.153378052037
  0
HATCH
  5
592
330
2
100
AcDbEntity
  8
0
100
AcDbHatch
 10
0.0
 20
0.0
 30
0.0
210
0.0
220
0.0
230
1.0
  2
SOLID
 70
     1
 71
     0
 91
        1
 92
        7
 72
     0
 73
     1
 93
        3
 10
34690.1876372926
 20
-8133.853535145528
 10
34690.38674944367
 20
-8135.138474347652
 10
34689.43921258399
 20
-8135.285303164175
 97
        0
 75
     0
 76
     1
 47
0.0078209065532439
 98
        1
 10
34689.94891243816
 20
-8134.839124719423
  0
HATCH
  5
593
330
2
100
AcDbEntity
  8
0
100
AcDbHatch
 10
0.0
 20
0.0
 30
0.0
210
0.0
220
0.0
230
1.0
  2
SOLID
 70
     1
 71
     0
 91
        1
 92
        7
 72
     0
 73
     1
 93
        3
 10
34691.65246371568
 20
-8133.626547954562
 10
34691.85157586676
 20
-8134.911487156685
 10
34692.79911272643
 20
-8134.764658340158
 97
        0
 75
     0
 76
     1
 47
0.0078209065532439
 98
        1
 10
34692.17828110583
 20
-8134.493665268714
  0
LWPOLYLINE
  5
594
330
2
100
AcDbEntity
  8
0
100
AcDbPolyline
 90
        2
 70
     0
 43
0.2499999999999999
 10
34690.38674944367
 20
-8135.138474347652
 10
34689.95935720922
 20
-8132.380365243003
  0
LWPOLYLINE
  5
595
330
2
100
AcDbEntity
  8
0
100
AcDbPolyline
 90
        2
 70
     0
 43
0.2499999999999999
 10
34691.85157586676
 20
-8134.911487156685
 10
34691.4241836323
 20
-8132.153378052037
  0
LWPOLYLINE
  5
596
330
2
100
AcDbEntity
  8
0
100
AcDbPolyline
 90
        2
 70
     0
 43
0.2499999999999999
 10
34689.43921258399
 20
-8135.285303164179
 10
34692.79911272643
 20
-8134.764658340158
  0
LWPOLYLINE
  5
597
330
2
100
AcDbEntity
  8
0
100
AcDbPolyline
 90
        2
 70
     0
 43
0.2499999999999999
 10
34693.89215557028
 20
-8148.080049908571
 10
34693.0766225115
 20
-8142.817134550682
  0
LWPOLYLINE
  5
598
330
2
100
AcDbEntity
  8
0
100
AcDbPolyline
 90
        2
 70
     0
 43
0.2499999999999999
 10
34692.39215557028
 20
-8148.080049908571
 10
34691.61179608842
 20
-8143.044121741648
  0
LINE
  5
599
330
2
100
AcDbEntity
  8
0
 62
     3
100
AcDbLine
 10
34692.79146181841
 20
-8140.73625944585
 30
0.0
 11
34699.55006033372
 21
-8141.751517903496
 31
0.0
  0
LINE
  5
59A
330
2
100
AcDbEntity
  8
4
100
AcDbLine
 10
34688.8174669463
 20
-8139.429387231507
 30
0.0
 11
34694.23740821027
 21
-8138.589521686117
 31
0.0
  0
HATCH
  5
59B
330
2
100
AcDbEntity
  8
0
100
AcDbHatch
 10
0.0
 20
0.0
 30
0.0
210
0.0
220
0.0
230
1.0
  2
SOLID
 70
     1
 71
     0
 91
        1
 92
        7
 72
     0
 73
     1
 93
        3
 10
34691.8109082395
 20
-8144.329060943772
 10
34691.61179608842
 20
-8143.044121741648
 10
34690.66425922873
 20
-8143.190950558175
 97
        0
 75
     0
 76
     1
 47
0.0078209065532439
 98
        1
 10
34691.28509084934
 20
-8143.461943629623
  0
HATCH
  5
59C
330
2
100
AcDbEntity
  8
0
100
AcDbHatch
 10
0.0
 20
0.0
 30
0.0
210
0.0
220
0.0
230
1.0
  2
SOLID
 70
     1
 71
     0
 91
        1
 92
        7
 72
     0
 73
     1
 93
        3
 10
34693.27573466258
 20
-8144.102073752805
 10
34693.0766225115
 20
-8142.817134550682
 10
34694.02415937119
 20
-8142.670305734155
 97
        0
 75
     0
 76
     1
 47
0.0078209065532439
 98
        1
 10
34693.51445951701
 20
-8143.11648417891
  0
LWPOLYLINE
  5
59D
330
2
100
AcDbEntity
  8
0
100
AcDbPolyline
 90
        2
 70
     0
 43
0.2499999999999999
 10
34690.66425922873
 20
-8143.190950558175
 10
34694.02415937119
 20
-8142.670305734155
  0
LINE
  5
59E
330
2
100
AcDbEntity
  8
1
100
AcDbLine
 10
34690.34268448449
 20
-8141.115718117249
 30
0.0
 11
34693.70258462693
 21
-8140.595073293229
 31
0.0
  0
LINE
  5
59F
330
2
100
AcDbEntity
  8
0
 62
     3
100
AcDbLine
 10
34691.47391173595
 20
-8132.474290610495
 30
0.0
 11
34698.33691979433
 21
-8124.611920009484
 31
0.0
  0
DIMENSION
  5
5A0
330
2
100
AcDbEntity
  8
0
 62
     3
100
AcDbDimension
280
     0
  2
*D43
 10
34691.81229789554
 20
-8128.396402788734
 30
0.0
 11
34691.29501755785
 21
-8125.815092923828
 31
0.0
 70
   129
  1
22
 71
     5
 42
67.99999999988358
 73
     0
 74
     0
 75
     0
  3
BZ$0
100
AcDbAlignedDimension
 13
34689.43921258399
 23
-8135.285303164179
 33
0.0
 14
34692.79911272643
 24
-8134.764658340158
 34
0.0
  0
LWPOLYLINE
  5
5AD
330
2
100
AcDbEntity
  8
0
100
AcDbPolyline
 90
        2
 70
     0
 43
0.2499999999999999
 10
34695.39823002855
 20
-8166.580049908571
 10
34691.03648508644
 20
-8166.580049908571
  0
LWPOLYLINE
  5
5AE
330
2
100
AcDbEntity
  8
0
100
AcDbPolyline
 90
        2
 70
     0
 43
0.2499999999999999
 10
34696.50039788345
 20
-8157.980049908565
 10
34703.66218476125
 20
-8150.736320635882
  0
LWPOLYLINE
  5
5AF
330
2
100
AcDbEntity
  8
0
100
AcDbPolyline
 90
        2
 70
     0
 43
0.2499999999999999
 10
34703.66218476125
 20
-8150.736320635882
 10
34703.66218476125
 20
-8149.180049908569
  0
LWPOLYLINE
  5
5B0
330
2
100
AcDbEntity
  8
0
100
AcDbPolyline
 90
        2
 70
     0
 43
0.2499999999999999
 10
34694.99215557027
 20
-8157.980049908565
 10
34696.50039788345
 20
-8157.980049908565
  0
LINE
  5
5B1
330
2
100
AcDbEntity
  8
2
100
AcDbLine
 10
34684.94317669842
 20
-8118.658556184582
 30
0.0
 11
34687.52115013659
 21
-8118.661438638494
 31
0.0
  0
TEXT
  5
5B2
330
2
100
AcDbEntity
  8
0
100
AcDbText
 10
34686.16824847941
 20
-8121.375959917901
 30
0.0
 40
2.15
  1
1
 50
359.8165607626746
 41
0.7
100
AcDbText
  0
TEXT
  5
5B3
330
2
100
AcDbEntity
  8
0
100
AcDbText
 10
34682.0362434778
 20
-8112.123612256288
 30
0.0
 40
2.15
  1
10
 50
359.8165607626746
 41
0.7
100
AcDbText
  0
LWPOLYLINE
  5
5B4
330
2
100
AcDbEntity
  8
0
100
AcDbPolyline
 90
        2
 70
     0
 43
0.2499999999999999
 10
34692.39215557028
 20
-8160.080049908571
 10
34692.39215557028
 20
-8148.580049908571
  0
LWPOLYLINE
  5
5B5
330
2
100
AcDbEntity
  8
0
100
AcDbPolyline
 90
        2
 70
     0
 43
0.2499999999999999
 10
34693.89215557028
 20
-8169.080049908571
 10
34692.39215557028
 20
-8169.080049908571
  0
TEXT
  5
5B6
330
2
100
AcDbEntity
  8
0
100
AcDbText
 10
34710.33910064161
 20
-8153.282957550353
 30
0.0
 40
2.2
  1
-6
 41
0.7
100
AcDbText
  0
CIRCLE
  5
5B7
330
2
100
AcDbEntity
  8
0
100
AcDbCircle
 10
34708.16511325168
 20
-8156.73810027145
 30
0.0
 40
4.0
  0
TEXT
  5
5B8
330
2
100
AcDbEntity
  8
$TD_AUDIT_GENERATED_(532)
100
AcDbText
 10
34705.46531825167
 20
-8158.238250271446
 30
0.0
 40
3.0
  1
220
 41
0.7
 72
     1
 11
34708.16531825167
 21
-8156.738250271446
 31
0.0
100
AcDbText
 73
     2
  0
TEXT
  5
5B9
330
2
100
AcDbEntity
  8
$TD_AUDIT_GENERATED_(532)
100
AcDbText
 10
34700.82672849012
 20
-8145.138832369426
 30
0.0
 40
3.0
  1
221
 41
0.7
 72
     1
 11
34703.07672849012
 21
-8143.638832369426
 31
0.0
100
AcDbText
 73
     2
  0
CIRCLE
  5
5BA
330
2
100
AcDbEntity
  8
0
100
AcDbCircle
 10
34703.0769284901
 20
-8143.638632369428
 30
0.0
 40
4.0
  0
TEXT
  5
5BB
330
2
100
AcDbEntity
  8
0
100
AcDbText
 10
34702.40512606644
 20
-8117.271380381244
 30
0.0
 40
2.2
  1
Q345-12
 41
0.7
100
AcDbText
  0
CIRCLE
  5
5BC
330
2
100
AcDbEntity
  8
0
100
AcDbCircle
 10
34700.93294309572
 20
-8121.56878625977
 30
0.0
 40
4.0
  0
TEXT
  5
5BD
330
2
100
AcDbEntity
  8
$TD_AUDIT_GENERATED_(532)
100
AcDbText
 10
34698.48304309572
 20
-8123.068644759765
 30
0.0
 40
3.0
  1
216
 41
0.7
 72
     1
 11
34700.93304309571
 21
-8121.568644759765
 31
0.0
100
AcDbText
 73
     2
  0
CIRCLE
  5
5BE
330
2
100
AcDbEntity
  8
0
100
AcDbCircle
 10
34696.89215557028
 20
-8187.477979509929
 30
0.0
 40
1.000000014901161
  0
LINE
  5
5BF
330
2
100
AcDbEntity
  8
8
100
AcDbLine
 10
34716.6580041623
 20
-8182.423636463242
 30
0.0
 11
34702.88856924845
 21
-8182.423636463242
 31
0.0
  0
TEXT
  5
5C0
330
2
100
AcDbEntity
  8
0
100
AcDbText
 10
34703.88749382352
 20
-8181.548193689185
 30
0.0
 40
2.5
  1
%%C18\M+5CCF8\M+5CFDF\M+5BFD7
 41
0.7
 72
     1
 11
34709.58705522703
 21
-8181.548193689185
 31
0.0
100
AcDbText
  0
LINE
  5
5C1
330
2
100
AcDbEntity
  8
0
 62
     3
100
AcDbLine
 10
34702.88856924845
 20
-8182.423636463242
 30
0.0
 11
34696.89215557028
 21
-8187.477979509929
 31
0.0
  0
TEXT
  5
5C2
330
2
100
AcDbEntity
  8
0
100
AcDbText
 10
34683.54335276792
 20
-8287.95901993179
 30
0.0
 40
4.5
  1
\M+5B9D2\M+5CFDF\M+5B0E5\M+5CAC7\M+5B7F1\M+5B7B4\M+5CFF2\M+5D6C6\M+5CDE4\M+5A3AC
 41
0.7
100
AcDbText
  0
TEXT
  5
5C3
330
2
100
AcDbEntity
  8
0
100
AcDbText
 10
34683.54335276792
 20
-8296.676367094165
 30
0.0
 40
4.5
  1
\M+5B8F9\M+5BEDD\M+5B5E7\M+5C6F8\M+5D2AA\M+5C7F3\M+5C0B4\M+5C8B7\M+5B6A8\M+5A1A3
 41
0.7
100
AcDbText
  0
TEXT
  5
5C4
330
2
100
AcDbEntity
  8
0
100
AcDbText
 10
34673.62514973766
 20
-8287.573336488884
 30
0.0
 40
4.5
  1
\M+5CBB5\M+5C3F7:
 41
0.7
100
AcDbText
  0
TEXT
  5
5C5
330
2
100
AcDbEntity
  8
$TD_AUDIT_GENERATED_(532)
100
AcDbText
 10
34712.38048847277
 20
-8194.911938489502
 30
0.0
 40
3.0
  1
214
 41
0.7
 72
     1
 11
34714.93048847277
 21
-8193.411938489502
 31
0.0
100
AcDbText
 73
     2
  0
CIRCLE
  5
5C6
330
2
100
AcDbEntity
  8
0
100
AcDbCircle
 10
34714.93048847277
 20
-8193.411938489502
 30
0.0
 40
4.0
  0
TEXT
  5
5C7
330
2
100
AcDbEntity
  8
$TD_AUDIT_GENERATED_(532)
100
AcDbText
 10
34703.4773611479
 20
-8194.883707716917
 30
0.0
 40
3.0
  1
213
 41
0.7
 72
     1
 11
34705.9773611479
 21
-8193.383707716917
 31
0.0
100
AcDbText
 73
     2
  0
CIRCLE
  5
5C8
330
2
100
AcDbEntity
  8
1
100
AcDbCircle
 10
34705.9773611479
 20
-8193.383707716917
 30
0.0
 40
4.0
  0
TEXT
  5
5C9
330
2
100
AcDbEntity
  8
0
100
AcDbText
 10
34594.56109744851
 20
-8174.891167522172
 30
0.0
 40
2.2
  1
-6
 41
0.7
100
AcDbText
  0
CIRCLE
  5
5CA
330
2
100
AcDbEntity
  8
0
100
AcDbCircle
 10
34591.35907723211
 20
-8177.795950268779
 30
0.0
 40
4.0
  0
TEXT
  5
5CB
330
2
100
AcDbEntity
  8
0
100
AcDbText
 10
34588.6589522321
 20
-8179.295750268775
 30
0.0
 40
3.0
  1
220
 41
0.7
 72
     1
 11
34591.3589522321
 21
-8177.795750268775
 31
0.0
100
AcDbText
 73
     2
  0
LINE
  5
5CC
330
2
100
AcDbEntity
  8
0
 62
     3
100
AcDbLine
 10
34587.51493927423
 20
-8178.901664228539
 30
0.0
 11
34582.92645593738
 21
-8180.594196708844
 31
0.0
  0
TEXT
  5
5CD
330
2
100
AcDbEntity
  8
0
 62
     7
100
AcDbText
 10
34839.45842898092
 20
-8367.070766891862
 30
0.0
 40
3.5
  1
35A1-JC1-03
 41
0.7
100
AcDbText
  0
INSERT
  5
5CE
330
2
100
AcDbEntity
  8
0
100
AcDbBlockReference
  2
GWTKA2
 10
11551.41474619022
 20
1386.157149671735
 30
0.0
  0
TEXT
  5
62D
330
2
100
AcDbEntity
  8
0
100
AcDbText
 10
34817.4670966322
 20
-8349.962719794925
 30
0.0
 40
4.5
  1
35A1-JC1\M+5D7AA\M+5BDC7\M+5CBFE
 41
0.7
 72
     1
 11
34835.42604400062
 21
-8349.962719794925
 31
0.0
100
AcDbText
  0
TEXT
  5
62E
330
2
100
AcDbEntity
  8
0
100
AcDbText
 10
34824.48944061293
 20
-8358.400761620165
 30
0.0
 40
4.5
  1
\M+5BAE1\M+5B5A3\M+5BDE1\M+5B9B9\M+5CDBC
 41
0.7
 72
     4
 11
34834.78496692873
 21
-8355.629708988587
 31
0.0
100
AcDbText
  0
CIRCLE
  5
62F
330
2
100
AcDbEntity
  8
0
100
AcDbCircle
 10
34864.39389347869
 20
-8350.73055578705
 30
0.0
 40
3.0
  0
TEXT
  5
630
330
2
100
AcDbEntity
  8
0
100
AcDbText
 10
34863.33621907892
 20
-8352.71927871422
 30
0.0
 40
4.0
  1
2
 41
0.7
 72
     4
 11
34864.26955241226
 21
-8350.71927871422
 31
0.0
100
AcDbText
  0
LINE
  5
631
330
2
100
AcDbEntity
  8
0
 62
     7
100
AcDbLine
 10
34809.70857708792
 20
-8351.536461762513
 30
0.0
 11
34859.47314640472
 21
-8351.536461762513
 31
0.0
  0
LINE
  5
632
330
2
100
AcDbEntity
  8
0
100
AcDbLine
 10
34762.64163596212
 20
-7999.718551669428
 30
0.0
 11
34882.64163596212
 21
-7999.718551669428
 31
0.0
  0
LINE
  5
633
330
2
100
AcDbEntity
  8
0
100
AcDbLine
 10
34882.64163596212
 20
-7984.718551669428
 30
0.0
 11
34762.64163596212
 21
-7984.718551669428
 31
0.0
  0
LINE
  5
634
330
2
100
AcDbEntity
  8
0
100
AcDbLine
 10
34822.64163596212
 20
-7992.218551669428
 30
0.0
 11
34852.64163596212
 21
-7992.218551669428
 31
0.0
  0
TEXT
  5
635
330
2
100
AcDbEntity
  8
0
100
AcDbText
 10
34765.64163596212
 20
-7991.218551669428
 30
0.0
 40
4.0
  1
\M+5B1E0
 41
0.7
100
AcDbText
  0
TEXT
  5
636
330
2
100
AcDbEntity
  8
0
100
AcDbText
 10
34765.64163596212
 20
-7997.218551669428
 30
0.0
 40
4.0
  1
\M+5BAC5
 41
0.7
100
AcDbText
  0
TEXT
  5
637
330
2
100
AcDbEntity
  8
0
100
AcDbText
 10
34777.64163596212
 20
-7994.718551669428
 30
0.0
 40
4.0
  1
\M+5B9E6
 41
0.7
100
AcDbText
  0
TEXT
  5
638
330
2
100
AcDbEntity
  8
0
100
AcDbText
 10
34788.64163596212
 20
-7994.718551669428
 30
0.0
 40
4.0
  1
\M+5B8F1
 41
0.7
100
AcDbText
  0
TEXT
  5
639
330
2
100
AcDbEntity
  8
0
100
AcDbText
 10
34799.64163596212
 20
-7991.718551669428
 30
0.0
 40
4.0
  1
\M+5B3A4
 41
0.7
100
AcDbText
  0
TEXT
  5
63A
330
2
100
AcDbEntity
  8
0
100
AcDbText
 10
34807.64163596212
 20
-7991.718551669428
 30
0.0
 40
4.0
  1
\M+5B6C8
 41
0.7
100
AcDbText
  0
TEXT
  5
63B
330
2
100
AcDbEntity
  8
0
100
AcDbText
 10
34815.64163596212
 20
-7991.218551669428
 30
0.0
 40
4.0
  1
\M+5CAFD
 41
0.7
100
AcDbText
  0
TEXT
  5
63C
330
2
100
AcDbEntity
  8
0
100
AcDbText
 10
34815.64163596212
 20
-7997.218551669428
 30
0.0
 40
4.0
  1
\M+5C1BF
 41
0.7
100
AcDbText
  0
TEXT
  5
63D
330
2
100
AcDbEntity
  8
0
100
AcDbText
 10
34824.64163596212
 20
-7990.718551669428
 30
0.0
 40
4.0
  1
\M+5D6D8
 41
0.7
100
AcDbText
  0
TEXT
  5
63E
330
2
100
AcDbEntity
  8
0
100
AcDbText
 10
34834.64163596212
 20
-7990.718551669428
 30
0.0
 40
4.0
  1
\M+5C1BF
 41
0.7
100
AcDbText
  0
TEXT
  5
63F
330
2
100
AcDbEntity
  8
0
100
AcDbText
 10
34831.64163596212
 20
-7997.718551669428
 30
0.0
 40
4.0
  1
\M+5BCFE
 41
0.7
100
AcDbText
  0
TEXT
  5
640
330
2
100
AcDbEntity
  8
0
100
AcDbText
 10
34839.64163596212
 20
-7997.718551669428
 30
0.0
 40
4.0
  1
\M+5D0A1
 41
0.7
100
AcDbText
  0
TEXT
  5
641
330
2
100
AcDbEntity
  8
0
100
AcDbText
 10
34846.64163596212
 20
-7997.718551669428
 30
0.0
 40
4.0
  1
\M+5BCC6
 41
0.7
100
AcDbText
  0
TEXT
  5
642
330
2
100
AcDbEntity
  8
0
100
AcDbText
 10
34857.64163596212
 20
-7994.718551669428
 30
0.0
 40
4.0
  1
\M+5B1B8
 41
0.7
100
AcDbText
  0
TEXT
  5
643
330
2
100
AcDbEntity
  8
0
100
AcDbText
 10
34784.64163596212
 20
-7980.718551669428
 30
0.0
 40
6.0
  1
\M+5B9B9
 41
0.7
100
AcDbText
  0
TEXT
  5
644
330
2
100
AcDbEntity
  8
0
100
AcDbText
 10
34802.64163596212
 20
-7980.718551669428
 30
0.0
 40
6.0
  1
\M+5BCFE
 41
0.7
100
AcDbText
  0
TEXT
  5
645
330
2
100
AcDbEntity
  8
0
100
AcDbText
 10
34820.64163596212
 20
-7980.718551669428
 30
0.0
 40
6.0
  1
\M+5C3F7
 41
0.7
100
AcDbText
  0
TEXT
  5
646
330
2
100
AcDbEntity
  8
0
100
AcDbText
 10
34838.64163596212
 20
-7980.718551669428
 30
0.0
 40
6.0
  1
\M+5CFB8
 41
0.7
100
AcDbText
  0
TEXT
  5
647
330
2
100
AcDbEntity
  8
0
100
AcDbText
 10
34856.64163596212
 20
-7980.718551669428
 30
0.0
 40
6.0
  1
\M+5B1ED
 41
0.7
100
AcDbText
  0
TEXT
  5
648
330
2
100
AcDbEntity
  8
0
100
AcDbText
 10
34871.64163596212
 20
-7994.718551669428
 30
0.0
 40
4.0
  1
\M+5D7A2
 41
0.7
100
AcDbText
  0
TEXT
  5
649
330
2
100
AcDbEntity
  8
0
100
AcDbText
 10
34824.64163596212
 20
-7997.718551669428
 30
0.0
 40
4.0
  1
\M+5D2BB
 41
0.7
100
AcDbText
  0
TEXT
  5
64A
330
2
100
AcDbEntity
  8
0
100
AcDbText
 10
34772.64163596212
 20
-8156.718551669428
 30
0.0
 40
4.0
  1
\M+5BACF
 41
0.7
100
AcDbText
  0
TEXT
  5
64B
330
2
100
AcDbEntity
  8
0
100
AcDbText
 10
34800.64163596212
 20
-7997.718551669428
 30
0.0
 40
3.0
  1
(mm)
 41
0.7
100
AcDbText
  0
TEXT
  5
64C
330
2
100
AcDbEntity
  8
0
100
AcDbText
 10
34840.64163596212
 20
-7989.718551669428
 30
0.0
 40
3.0
  1
(kg)
 41
0.7
100
AcDbText
  0
TEXT
  5
64D
330
2
100
AcDbEntity
  8
0
100
AcDbText
 10
34765.39163596212
 20
-8004.718551669428
 30
0.0
 40
3.0
  1
201
 41
0.7
 72
     1
 11
34767.64163596212
 21
-8004.718551669428
 31
0.0
100
AcDbText
  0
TEXT
  5
64E
330
2
100
AcDbEntity
  8
0
100
AcDbText
 10
34774.64163596212
 20
-8004.718551669428
 30
0.0
 40
3.0
  1
L56X5
 41
0.7
100
AcDbText
  0
TEXT
  5
64F
330
2
100
AcDbEntity
  8
0
100
AcDbText
 10
34803.64163596212
 20
-8004.718551669428
 30
0.0
 40
3.0
  1
1697
 41
0.7
 72
     2
 11
34810.64163596212
 21
-8004.718551669428
 31
0.0
100
AcDbText
  0
TEXT
  5
650
330
2
100
AcDbEntity
  8
0
100
AcDbText
 10
34816.94163596213
 20
-8004.718551669428
 30
0.0
 40
3.0
  1
2
 41
0.7
 72
     1
 11
34817.64163596212
 21
-8004.718551669428
 31
0.0
100
AcDbText
  0
TEXT
  5
651
330
2
100
AcDbEntity
  8
0
100
AcDbText
 10
34830.64163596212
 20
-8004.718551669428
 30
0.0
 40
3.0
  1
7.21
 41
0.7
 72
     2
 11
34836.14163596212
 21
-8004.718551669428
 31
0.0
100
AcDbText
  0
TEXT
  5
652
330
2
100
AcDbEntity
  8
0
100
AcDbText
 10
34845.04163596213
 20
-8004.718551669428
 30
0.0
 40
3.0
  1
14.4
 41
0.7
 72
     2
 11
34851.14163596212
 21
-8004.718551669428
 31
0.0
100
AcDbText
  0
TEXT
  5
653
330
2
100
AcDbEntity
  8
0
100
AcDbText
 10
34853.64163596212
 20
-8004.718551669428
 30
0.0
 40
3.0
  1
\M+5BAB8\M+5BDD3
 41
0.7
100
AcDbText
  0
TEXT
  5
654
330
2
100
AcDbEntity
  8
0
100
AcDbText
 10
34764.94163596213
 20
-8010.718551669428
 30
0.0
 40
3.0
  1
202
 41
0.7
 72
     1
 11
34767.64163596212
 21
-8010.718551669428
 31
0.0
100
AcDbText
  0
TEXT
  5
655
330
2
100
AcDbEntity
  8
0
100
AcDbText
 10
34774.64163596212
 20
-8010.718551669428
 30
0.0
 40
3.0
  1
L56X5
 41
0.7
100
AcDbText
  0
TEXT
  5
656
330
2
100
AcDbEntity
  8
0
100
AcDbText
 10
34803.64163596212
 20
-8010.718551669428
 30
0.0
 40
3.0
  1
1697
 41
0.7
 72
     2
 11
34810.64163596212
 21
-8010.718551669428
 31
0.0
100
AcDbText
  0
TEXT
  5
657
330
2
100
AcDbEntity
  8
0
100
AcDbText
 10
34816.94163596213
 20
-8010.718551669428
 30
0.0
 40
3.0
  1
2
 41
0.7
 72
     1
 11
34817.64163596212
 21
-8010.718551669428
 31
0.0
100
AcDbText
  0
TEXT
  5
658
330
2
100
AcDbEntity
  8
0
100
AcDbText
 10
34830.64163596212
 20
-8010.718551669428
 30
0.0
 40
3.0
  1
7.21
 41
0.7
 72
     2
 11
34836.14163596212
 21
-8010.718551669428
 31
0.0
100
AcDbText
  0
TEXT
  5
659
330
2
100
AcDbEntity
  8
0
100
AcDbText
 10
34845.04163596213
 20
-8010.718551669428
 30
0.0
 40
3.0
  1
14.4
 41
0.7
 72
     2
 11
34851.14163596212
 21
-8010.718551669428
 31
0.0
100
AcDbText
  0
TEXT
  5
65A
330
2
100
AcDbEntity
  8
0
100
AcDbText
 10
34853.64163596212
 20
-8010.718551669428
 30
0.0
 40
3.0
  1
\M+5BAB8\M+5BDD3
 41
0.7
100
AcDbText
  0
TEXT
  5
65B
330
2
100
AcDbEntity
  8
0
100
AcDbText
 10
34764.94163596213
 20
-8016.718551669428
 30
0.0
 40
3.0
  1
203
 41
0.7
 72
     1
 11
34767.64163596212
 21
-8016.718551669428
 31
0.0
100
AcDbText
  0
TEXT
  5
65C
330
2
100
AcDbEntity
  8
0
100
AcDbText
 10
34774.64163596212
 20
-8016.718551669428
 30
0.0
 40
3.0
  1
L56X5
 41
0.7
100
AcDbText
  0
TEXT
  5
65D
330
2
100
AcDbEntity
  8
0
100
AcDbText
 10
34804.04163596213
 20
-8016.718551669428
 30
0.0
 40
3.0
  1
1610
 41
0.7
 72
     2
 11
34810.64163596212
 21
-8016.718551669428
 31
0.0
100
AcDbText
  0
TEXT
  5
65E
330
2
100
AcDbEntity
  8
0
100
AcDbText
 10
34816.94163596213
 20
-8016.718551669428
 30
0.0
 40
3.0
  1
2
 41
0.7
 72
     1
 11
34817.64163596212
 21
-8016.718551669428
 31
0.0
100
AcDbText
  0
TEXT
  5
65F
330
2
100
AcDbEntity
  8
0
100
AcDbText
 10
34829.64163596212
 20
-8016.718551669428
 30
0.0
 40
3.0
  1
6.84
 41
0.7
 72
     2
 11
34836.14163596212
 21
-8016.718551669428
 31
0.0
100
AcDbText
  0
TEXT
  5
660
330
2
100
AcDbEntity
  8
0
100
AcDbText
 10
34845.14163596212
 20
-8016.718551669428
 30
0.0
 40
3.0
  1
13.7
 41
0.7
 72
     2
 11
34851.14163596212
 21
-8016.718551669428
 31
0.0
100
AcDbText
  0
TEXT
  5
661
330
2
100
AcDbEntity
  8
0
100
AcDbText
 10
34764.89163596212
 20
-8022.718551669428
 30
0.0
 40
3.0
  1
204
 41
0.7
 72
     1
 11
34767.64163596212
 21
-8022.718551669428
 31
0.0
100
AcDbText
  0
TEXT
  5
662
330
2
100
AcDbEntity
  8
0
100
AcDbText
 10
34774.64163596212
 20
-8022.718551669428
 30
0.0
 40
3.0
  1
L56X5
 41
0.7
100
AcDbText
  0
TEXT
  5
663
330
2
100
AcDbEntity
  8
0
100
AcDbText
 10
34804.04163596213
 20
-8022.718551669428
 30
0.0
 40
3.0
  1
1610
 41
0.7
 72
     2
 11
34810.64163596212
 21
-8022.718551669428
 31
0.0
100
AcDbText
  0
TEXT
  5
664
330
2
100
AcDbEntity
  8
0
100
AcDbText
 10
34816.94163596213
 20
-8022.718551669428
 30
0.0
 40
3.0
  1
2
 41
0.7
 72
     1
 11
34817.64163596212
 21
-8022.718551669428
 31
0.0
100
AcDbText
  0
TEXT
  5
665
330
2
100
AcDbEntity
  8
0
100
AcDbText
 10
34829.64163596212
 20
-8022.718551669428
 30
0.0
 40
3.0
  1
6.84
 41
0.7
 72
     2
 11
34836.14163596212
 21
-8022.718551669428
 31
0.0
100
AcDbText
  0
TEXT
  5
666
330
2
100
AcDbEntity
  8
0
100
AcDbText
 10
34845.14163596212
 20
-8022.718551669428
 30
0.0
 40
3.0
  1
13.7
 41
0.7
 72
     2
 11
34851.14163596212
 21
-8022.718551669428
 31
0.0
100
AcDbText
  0
TEXT
  5
667
330
2
100
AcDbEntity
  8
0
100
AcDbText
 10
34764.94163596213
 20
-8028.718551669428
 30
0.0
 40
3.0
  1
205
 41
0.7
 72
     1
 11
34767.64163596212
 21
-8028.718551669428
 31
0.0
100
AcDbText
  0
TEXT
  5
668
330
2
100
AcDbEntity
  8
0
100
AcDbText
 10
34774.64163596212
 20
-8028.718551669428
 30
0.0
 40
3.0
  1
L40X3
 41
0.7
100
AcDbText
  0
TEXT
  5
669
330
2
100
AcDbEntity
  8
0
100
AcDbText
 10
34806.14163596212
 20
-8028.718551669428
 30
0.0
 40
3.0
  1
761
 41
0.7
 72
     2
 11
34810.64163596212
 21
-8028.718551669428
 31
0.0
100
AcDbText
  0
TEXT
  5
66A
330
2
100
AcDbEntity
  8
0
100
AcDbText
 10
34816.89163596212
 20
-8028.718551669428
 30
0.0
 40
3.0
  1
4
 41
0.7
 72
     1
 11
34817.64163596212
 21
-8028.718551669428
 31
0.0
100
AcDbText
  0
TEXT
  5
66B
330
2
100
AcDbEntity
  8
0
100
AcDbText
 10
34831.04163596213
 20
-8028.718551669428
 30
0.0
 40
3.0
  1
1.41
 41
0.7
 72
     2
 11
34836.14163596212
 21
-8028.718551669428
 31
0.0
100
AcDbText
  0
TEXT
  5
66C
330
2
100
AcDbEntity
  8
0
100
AcDbText
 10
34846.84163596212
 20
-8028.718551669428
 30
0.0
 40
3.0
  1
5.6
 41
0.7
 72
     2
 11
34851.14163596212
 21
-8028.718551669428
 31
0.0
100
AcDbText
  0
TEXT
  5
66D
330
2
100
AcDbEntity
  8
0
100
AcDbText
 10
34764.99163596212
 20
-8034.718551669428
 30
0.0
 40
3.0
  1
206
 41
0.7
 72
     1
 11
34767.64163596212
 21
-8034.718551669428
 31
0.0
100
AcDbText
  0
TEXT
  5
66E
330
2
100
AcDbEntity
  8
0
100
AcDbText
 10
34774.64163596212
 20
-8034.718551669428
 30
0.0
 40
3.0
  1
L40X3
 41
0.7
100
AcDbText
  0
TEXT
  5
66F
330
2
100
AcDbEntity
  8
0
100
AcDbText
 10
34805.24163596212
 20
-8034.718551669428
 30
0.0
 40
3.0
  1
452
 41
0.7
 72
     2
 11
34810.64163596212
 21
-8034.718551669428
 31
0.0
100
AcDbText
  0
TEXT
  5
670
330
2
100
AcDbEntity
  8
0
100
AcDbText
 10
34816.89163596212
 20
-8034.718551669428
 30
0.0
 40
3.0
  1
4
 41
0.7
 72
     1
 11
34817.64163596212
 21
-8034.718551669428
 31
0.0
100
AcDbText
  0
TEXT
  5
671
330
2
100
AcDbEntity
  8
0
100
AcDbText
 10
34829.64163596212
 20
-8034.718551669428
 30
0.0
 40
3.0
  1
0.84
 41
0.7
 72
     2
 11
34836.14163596212
 21
-8034.718551669428
 31
0.0
100
AcDbText
  0
TEXT
  5
672
330
2
100
AcDbEntity
  8
0
100
AcDbText
 10
34846.64163596212
 20
-8034.718551669428
 30
0.0
 40
3.0
  1
3.4
 41
0.7
 72
     2
 11
34851.14163596212
 21
-8034.718551669428
 31
0.0
100
AcDbText
  0
TEXT
  5
673
330
2
100
AcDbEntity
  8
0
100
AcDbText
 10
34764.94163596213
 20
-8040.718551669428
 30
0.0
 40
3.0
  1
207
 41
0.7
 72
     1
 11
34767.64163596212
 21
-8040.718551669428
 31
0.0
100
AcDbText
  0
TEXT
  5
674
330
2
100
AcDbEntity
  8
0
100
AcDbText
 10
34774.64163596212
 20
-8040.718551669428
 30
0.0
 40
3.0
  1
-6X211
 41
0.7
100
AcDbText
  0
TEXT
  5
675
330
2
100
AcDbEntity
  8
0
100
AcDbText
 10
34805.64163596212
 20
-8040.718551669428
 30
0.0
 40
3.0
  1
318
 41
0.7
 72
     2
 11
34810.64163596212
 21
-8040.718551669428
 31
0.0
100
AcDbText
  0
TEXT
  5
676
330
2
100
AcDbEntity
  8
0
100
AcDbText
 10
34816.94163596213
 20
-8040.718551669428
 30
0.0
 40
3.0
  1
2
 41
0.7
 72
     1
 11
34817.64163596212
 21
-8040.718551669428
 31
0.0
100
AcDbText
  0
TEXT
  5
677
330
2
100
AcDbEntity
  8
0
100
AcDbText
 10
34830.24163596212
 20
-8040.718551669428
 30
0.0
 40
3.0
  1
3.16
 41
0.7
 72
     2
 11
34836.14163596212
 21
-8040.718551669428
 31
0.0
100
AcDbText
  0
TEXT
  5
678
330
2
100
AcDbEntity
  8
0
100
AcDbText
 10
34846.74163596212
 20
-8040.718551669428
 30
0.0
 40
3.0
  1
6.3
 41
0.7
 72
     2
 11
34851.14163596212
 21
-8040.718551669428
 31
0.0
100
AcDbText
  0
TEXT
  5
679
330
2
100
AcDbEntity
  8
0
100
AcDbText
 10
34853.64163596212
 20
-8040.718551669428
 30
0.0
 40
3.0
  1
\M+5BEED\M+5B1DF50mm
 41
0.7
100
AcDbText
  0
TEXT
  5
67A
330
2
100
AcDbEntity
  8
0
100
AcDbText
 10
34764.94163596213
 20
-8046.718551669428
 30
0.0
 40
3.0
  1
208
 41
0.7
 72
     1
 11
34767.64163596212
 21
-8046.718551669428
 31
0.0
100
AcDbText
  0
TEXT
  5
67B
330
2
100
AcDbEntity
  8
0
100
AcDbText
 10
34774.64163596212
 20
-8046.718551669428
 30
0.0
 40
3.0
  1
-6X211
 41
0.7
100
AcDbText
  0
TEXT
  5
67C
330
2
100
AcDbEntity
  8
0
100
AcDbText
 10
34805.64163596212
 20
-8046.718551669428
 30
0.0
 40
3.0
  1
318
 41
0.7
 72
     2
 11
34810.64163596212
 21
-8046.718551669428
 31
0.0
100
AcDbText
  0
TEXT
  5
67D
330
2
100
AcDbEntity
  8
0
100
AcDbText
 10
34816.94163596213
 20
-8046.718551669428
 30
0.0
 40
3.0
  1
2
 41
0.7
 72
     1
 11
34817.64163596212
 21
-8046.718551669428
 31
0.0
100
AcDbText
  0
TEXT
  5
67E
330
2
100
AcDbEntity
  8
0
100
AcDbText
 10
34830.24163596212
 20
-8046.718551669428
 30
0.0
 40
3.0
  1
3.16
 41
0.7
 72
     2
 11
34836.14163596212
 21
-8046.718551669428
 31
0.0
100
AcDbText
  0
TEXT
  5
67F
330
2
100
AcDbEntity
  8
0
100
AcDbText
 10
34846.74163596212
 20
-8046.718551669428
 30
0.0
 40
3.0
  1
6.3
 41
0.7
 72
     2
 11
34851.14163596212
 21
-8046.718551669428
 31
0.0
100
AcDbText
  0
TEXT
  5
680
330
2
100
AcDbEntity
  8
0
100
AcDbText
 10
34853.64163596212
 20
-8046.718551669428
 30
0.0
 40
3.0
  1
\M+5BEED\M+5B1DF50mm
 41
0.7
100
AcDbText
  0
TEXT
  5
681
330
2
100
AcDbEntity
  8
0
100
AcDbText
 10
34764.99163596212
 20
-8052.718551669428
 30
0.0
 40
3.0
  1
209
 41
0.7
 72
     1
 11
34767.64163596212
 21
-8052.718551669428
 31
0.0
100
AcDbText
  0
TEXT
  5
682
330
2
100
AcDbEntity
  8
0
100
AcDbText
 10
34774.64163596212
 20
-8052.718551669428
 30
0.0
 40
3.0
  1
L40X3
 41
0.7
100
AcDbText
  0
TEXT
  5
683
330
2
100
AcDbEntity
  8
0
100
AcDbText
 10
34803.74163596212
 20
-8052.718551669428
 30
0.0
 40
3.0
  1
1386
 41
0.7
 72
     2
 11
34810.64163596212
 21
-8052.718551669428
 31
0.0
100
AcDbText
  0
TEXT
  5
684
330
2
100
AcDbEntity
  8
0
100
AcDbText
 10
34816.94163596213
 20
-8052.718551669428
 30
0.0
 40
3.0
  1
2
 41
0.7
 72
     1
 11
34817.64163596212
 21
-8052.718551669428
 31
0.0
100
AcDbText
  0
TEXT
  5
685
330
2
100
AcDbEntity
  8
0
100
AcDbText
 10
34829.74163596212
 20
-8052.718551669428
 30
0.0
 40
3.0
  1
2.57
 41
0.7
 72
     2
 11
34836.14163596212
 21
-8052.718551669428
 31
0.0
100
AcDbText
  0
TEXT
  5
686
330
2
100
AcDbEntity
  8
0
100
AcDbText
 10
34847.64163596212
 20
-8052.718551669428
 30
0.0
 40
3.0
  1
5.1
 41
0.7
 72
     2
 11
34851.14163596212
 21
-8052.718551669428
 31
0.0
100
AcDbText
  0
TEXT
  5
687
330
2
100
AcDbEntity
  8
0
100
AcDbText
 10
34765.14163596212
 20
-8058.718551669428
 30
0.0
 40
3.0
  1
210
 41
0.7
 72
     1
 11
34767.64163596212
 21
-8058.718551669428
 31
0.0
100
AcDbText
  0
TEXT
  5
688
330
2
100
AcDbEntity
  8
0
100
AcDbText
 10
34774.64163596212
 20
-8058.718551669428
 30
0.0
 40
3.0
  1
L40X3
 41
0.7
100
AcDbText
  0
TEXT
  5
689
330
2
100
AcDbEntity
  8
0
100
AcDbText
 10
34803.74163596212
 20
-8058.718551669428
 30
0.0
 40
3.0
  1
1386
 41
0.7
 72
     2
 11
34810.64163596212
 21
-8058.718551669428
 31
0.0
100
AcDbText
  0
TEXT
  5
68A
330
2
100
AcDbEntity
  8
0
100
AcDbText
 10
34816.94163596213
 20
-8058.718551669428
 30
0.0
 40
3.0
  1
2
 41
0.7
 72
     1
 11
34817.64163596212
 21
-8058.718551669428
 31
0.0
100
AcDbText
  0
TEXT
  5
68B
330
2
100
AcDbEntity
  8
0
100
AcDbText
 10
34829.74163596212
 20
-8058.718551669428
 30
0.0
 40
3.0
  1
2.57
 41
0.7
 72
     2
 11
34836.14163596212
 21
-8058.718551669428
 31
0.0
100
AcDbText
  0
TEXT
  5
68C
330
2
100
AcDbEntity
  8
0
100
AcDbText
 10
34847.64163596212
 20
-8058.718551669428
 30
0.0
 40
3.0
  1
5.1
 41
0.7
 72
     2
 11
34851.14163596212
 21
-8058.718551669428
 31
0.0
100
AcDbText
  0
TEXT
  5
68D
330
2
100
AcDbEntity
  8
0
100
AcDbText
 10
34853.64163596212
 20
-8058.718551669428
 30
0.0
 40
3.0
  1
\M+5C7D0\M+5BDC7
 41
0.7
100
AcDbText
  0
TEXT
  5
68E
330
2
100
AcDbEntity
  8
0
100
AcDbText
 10
34765.59163596212
 20
-8064.718551669428
 30
0.0
 40
3.0
  1
211
 41
0.7
 72
     1
 11
34767.64163596212
 21
-8064.718551669428
 31
0.0
100
AcDbText
  0
TEXT
  5
68F
330
2
100
AcDbEntity
  8
0
100
AcDbText
 10
34774.64163596212
 20
-8064.718551669428
 30
0.0
 40
3.0
  1
L40X3
 41
0.7
100
AcDbText
  0
TEXT
  5
690
330
2
100
AcDbEntity
  8
0
100
AcDbText
 10
34805.24163596212
 20
-8064.718551669428
 30
0.0
 40
3.0
  1
942
 41
0.7
 72
     2
 11
34810.64163596212
 21
-8064.718551669428
 31
0.0
100
AcDbText
  0
TEXT
  5
691
330
2
100
AcDbEntity
  8
0
100
AcDbText
 10
34816.94163596213
 20
-8064.718551669428
 30
0.0
 40
3.0
  1
2
 41
0.7
 72
     1
 11
34817.64163596212
 21
-8064.718551669428
 31
0.0
100
AcDbText
  0
TEXT
  5
692
330
2
100
AcDbEntity
  8
0
100
AcDbText
 10
34830.04163596213
 20
-8064.718551669428
 30
0.0
 40
3.0
  1
1.74
 41
0.7
 72
     2
 11
34836.14163596212
 21
-8064.718551669428
 31
0.0
100
AcDbText
  0
TEXT
  5
693
330
2
100
AcDbEntity
  8
0
100
AcDbText
 10
34846.74163596212
 20
-8064.718551669428
 30
0.0
 40
3.0
  1
3.5
 41
0.7
 72
     2
 11
34851.14163596212
 21
-8064.718551669428
 31
0.0
100
AcDbText
  0
TEXT
  5
694
330
2
100
AcDbEntity
  8
0
100
AcDbText
 10
34765.14163596212
 20
-8070.718551669428
 30
0.0
 40
3.0
  1
212
 41
0.7
 72
     1
 11
34767.64163596212
 21
-8070.718551669428
 31
0.0
100
AcDbText
  0
TEXT
  5
695
330
2
100
AcDbEntity
  8
0
100
AcDbText
 10
34774.64163596212
 20
-8070.718551669428
 30
0.0
 40
3.0
  1
L40X3
 41
0.7
100
AcDbText
  0
TEXT
  5
696
330
2
100
AcDbEntity
  8
0
100
AcDbText
 10
34805.24163596212
 20
-8070.718551669428
 30
0.0
 40
3.0
  1
942
 41
0.7
 72
     2
 11
34810.64163596212
 21
-8070.718551669428
 31
0.0
100
AcDbText
  0
TEXT
  5
697
330
2
100
AcDbEntity
  8
0
100
AcDbText
 10
34816.94163596213
 20
-8070.718551669428
 30
0.0
 40
3.0
  1
2
 41
0.7
 72
     1
 11
34817.64163596212
 21
-8070.718551669428
 31
0.0
100
AcDbText
  0
TEXT
  5
698
330
2
100
AcDbEntity
  8
0
100
AcDbText
 10
34830.04163596213
 20
-8070.718551669428
 30
0.0
 40
3.0
  1
1.74
 41
0.7
 72
     2
 11
34836.14163596212
 21
-8070.718551669428
 31
0.0
100
AcDbText
  0
TEXT
  5
699
330
2
100
AcDbEntity
  8
0
100
AcDbText
 10
34846.74163596212
 20
-8070.718551669428
 30
0.0
 40
3.0
  1
3.5
 41
0.7
 72
     2
 11
34851.14163596212
 21
-8070.718551669428
 31
0.0
100
AcDbText
  0
TEXT
  5
69A
330
2
100
AcDbEntity
  8
0
100
AcDbText
 10
34853.64163596212
 20
-8070.718551669428
 30
0.0
 40
3.0
  1
\M+5C7D0\M+5BDC7
 41
0.7
100
AcDbText
  0
TEXT
  5
69B
330
2
100
AcDbEntity
  8
0
100
AcDbText
 10
34765.14163596212
 20
-8076.718551669428
 30
0.0
 40
3.0
  1
213
 41
0.7
 72
     1
 11
34767.64163596212
 21
-8076.718551669428
 31
0.0
100
AcDbText
  0
TEXT
  5
69C
330
2
100
AcDbEntity
  8
0
100
AcDbText
 10
34774.64163596212
 20
-8076.718551669428
 30
0.0
 40
3.0
  1
Q345L63X5
 41
0.7
100
AcDbText
  0
TEXT
  5
69D
330
2
100
AcDbEntity
  8
0
100
AcDbText
 10
34805.24163596212
 20
-8076.718551669428
 30
0.0
 40
3.0
  1
547
 41
0.7
 72
     2
 11
34810.64163596212
 21
-8076.718551669428
 31
0.0
100
AcDbText
  0
TEXT
  5
69E
330
2
100
AcDbEntity
  8
0
100
AcDbText
 10
34816.94163596213
 20
-8076.718551669428
 30
0.0
 40
3.0
  1
2
 41
0.7
 72
     1
 11
34817.64163596212
 21
-8076.718551669428
 31
0.0
100
AcDbText
  0
TEXT
  5
69F
330
2
100
AcDbEntity
  8
0
100
AcDbText
 10
34829.64163596212
 20
-8076.718551669428
 30
0.0
 40
3.0
  1
2.64
 41
0.7
 72
     2
 11
34836.14163596212
 21
-8076.718551669428
 31
0.0
100
AcDbText
  0
TEXT
  5
6A0
330
2
100
AcDbEntity
  8
0
100
AcDbText
 10
34846.74163596212
 20
-8076.718551669428
 30
0.0
 40
3.0
  1
5.3
 41
0.7
 72
     2
 11
34851.14163596212
 21
-8076.718551669428
 31
0.0
100
AcDbText
  0
TEXT
  5
6A1
330
2
100
AcDbEntity
  8
0
100
AcDbText
 10
34765.09163596212
 20
-8082.718551669428
 30
0.0
 40
3.0
  1
214
 41
0.7
 72
     1
 11
34767.64163596212
 21
-8082.718551669428
 31
0.0
100
AcDbText
  0
TEXT
  5
6A2
330
2
100
AcDbEntity
  8
0
100
AcDbText
 10
34774.64163596212
 20
-8082.718551669428
 30
0.0
 40
3.0
  1
Q345L63X5
 41
0.7
100
AcDbText
  0
TEXT
  5
6A3
330
2
100
AcDbEntity
  8
0
100
AcDbText
 10
34805.24163596212
 20
-8082.718551669428
 30
0.0
 40
3.0
  1
493
 41
0.7
 72
     2
 11
34810.64163596212
 21
-8082.718551669428
 31
0.0
100
AcDbText
  0
TEXT
  5
6A4
330
2
100
AcDbEntity
  8
0
100
AcDbText
 10
34816.94163596213
 20
-8082.718551669428
 30
0.0
 40
3.0
  1
2
 41
0.7
 72
     1
 11
34817.64163596212
 21
-8082.718551669428
 31
0.0
100
AcDbText
  0
TEXT
  5
6A5
330
2
100
AcDbEntity
  8
0
100
AcDbText
 10
34829.74163596212
 20
-8082.718551669428
 30
0.0
 40
3.0
  1
2.38
 41
0.7
 72
     2
 11
34836.14163596212
 21
-8082.718551669428
 31
0.0
100
AcDbText
  0
TEXT
  5
6A6
330
2
100
AcDbEntity
  8
0
100
AcDbText
 10
34846.74163596212
 20
-8082.718551669428
 30
0.0
 40
3.0
  1
4.8
 41
0.7
 72
     2
 11
34851.14163596212
 21
-8082.718551669428
 31
0.0
100
AcDbText
  0
TEXT
  5
6A7
330
2
100
AcDbEntity
  8
0
100
AcDbText
 10
34765.14163596212
 20
-8088.718551669428
 30
0.0
 40
3.0
  1
215
 41
0.7
 72
     1
 11
34767.64163596212
 21
-8088.718551669428
 31
0.0
100
AcDbText
  0
TEXT
  5
6A8
330
2
100
AcDbEntity
  8
0
100
AcDbText
 10
34774.64163596212
 20
-8088.718551669428
 30
0.0
 40
3.0
  1
Q345-14X332
 41
0.7
100
AcDbText
  0
TEXT
  5
6A9
330
2
100
AcDbEntity
  8
0
100
AcDbText
 10
34806.14163596212
 20
-8088.718551669428
 30
0.0
 40
3.0
  1
391
 41
0.7
 72
     2
 11
34810.64163596212
 21
-8088.718551669428
 31
0.0
100
AcDbText
  0
TEXT
  5
6AA
330
2
100
AcDbEntity
  8
0
100
AcDbText
 10
34816.94163596213
 20
-8088.718551669428
 30
0.0
 40
3.0
  1
2
 41
0.7
 72
     1
 11
34817.64163596212
 21
-8088.718551669428
 31
0.0
100
AcDbText
  0
TEXT
  5
6AB
330
2
100
AcDbEntity
  8
0
100
AcDbText
 10
34828.14163596212
 20
-8088.718551669428
 30
0.0
 40
3.0
  1
14.27
 41
0.7
 72
     2
 11
34836.14163596212
 21
-8088.718551669428
 31
0.0
100
AcDbText
  0
TEXT
  5
6AC
330
2
100
AcDbEntity
  8
0
100
AcDbText
 10
34844.74163596212
 20
-8088.718551669428
 30
0.0
 40
3.0
  1
28.5
 41
0.7
 72
     2
 11
34851.14163596212
 21
-8088.718551669428
 31
0.0
100
AcDbText
  0
TEXT
  5
6AD
330
2
100
AcDbEntity
  8
0
100
AcDbText
 10
34853.64163596212
 20
-8088.718551669428
 30
0.0
 40
3.0
  1
\M+5D6C6\M+5CDE4 \M+5BAB8\M+5BDD3
 41
0.7
100
AcDbText
  0
TEXT
  5
6AE
330
2
100
AcDbEntity
  8
0
100
AcDbText
 10
34765.19163596213
 20
-8094.718551669428
 30
0.0
 40
3.0
  1
216
 41
0.7
 72
     1
 11
34767.64163596212
 21
-8094.718551669428
 31
0.0
100
AcDbText
  0
TEXT
  5
6AF
330
2
100
AcDbEntity
  8
0
100
AcDbText
 10
34774.64163596212
 20
-8094.718551669428
 30
0.0
 40
3.0
  1
Q345-14X332
 41
0.7
100
AcDbText
  0
TEXT
  5
6B0
330
2
100
AcDbEntity
  8
0
100
AcDbText
 10
34806.14163596212
 20
-8094.718551669428
 30
0.0
 40
3.0
  1
391
 41
0.7
 72
     2
 11
34810.64163596212
 21
-8094.718551669428
 31
0.0
100
AcDbText
  0
TEXT
  5
6B1
330
2
100
AcDbEntity
  8
0
100
AcDbText
 10
34816.94163596213
 20
-8094.718551669428
 30
0.0
 40
3.0
  1
2
 41
0.7
 72
     1
 11
34817.64163596212
 21
-8094.718551669428
 31
0.0
100
AcDbText
  0
TEXT
  5
6B2
330
2
100
AcDbEntity
  8
0
100
AcDbText
 10
34828.14163596212
 20
-8094.718551669428
 30
0.0
 40
3.0
  1
14.27
 41
0.7
 72
     2
 11
34836.14163596212
 21
-8094.718551669428
 31
0.0
100
AcDbText
  0
TEXT
  5
6B3
330
2
100
AcDbEntity
  8
0
100
AcDbText
 10
34844.74163596212
 20
-8094.718551669428
 30
0.0
 40
3.0
  1
28.5
 41
0.7
 72
     2
 11
34851.14163596212
 21
-8094.718551669428
 31
0.0
100
AcDbText
  0
TEXT
  5
6B4
330
2
100
AcDbEntity
  8
0
100
AcDbText
 10
34853.64163596212
 20
-8094.718551669428
 30
0.0
 40
3.0
  1
\M+5D6C6\M+5CDE4 \M+5BAB8\M+5BDD3
 41
0.7
100
AcDbText
  0
TEXT
  5
6B5
330
2
100
AcDbEntity
  8
0
100
AcDbText
 10
34765.14163596212
 20
-8100.718551669428
 30
0.0
 40
3.0
  1
217
 41
0.7
 72
     1
 11
34767.64163596212
 21
-8100.718551669428
 31
0.0
100
AcDbText
  0
TEXT
  5
6B6
330
2
100
AcDbEntity
  8
0
100
AcDbText
 10
34774.64163596212
 20
-8100.718551669428
 30
0.0
 40
3.0
  1
L40X3
 41
0.7
100
AcDbText
  0
TEXT
  5
6B7
330
2
100
AcDbEntity
  8
0
100
AcDbText
 10
34803.64163596212
 20
-8100.718551669428
 30
0.0
 40
3.0
  1
1323
 41
0.7
 72
     2
 11
34810.64163596212
 21
-8100.718551669428
 31
0.0
100
AcDbText
  0
TEXT
  5
6B8
330
2
100
AcDbEntity
  8
0
100
AcDbText
 10
34816.94163596213
 20
-8100.718551669428
 30
0.0
 40
3.0
  1
2
 41
0.7
 72
     1
 11
34817.64163596212
 21
-8100.718551669428
 31
0.0
100
AcDbText
  0
TEXT
  5
6B9
330
2
100
AcDbEntity
  8
0
100
AcDbText
 10
34829.74163596212
 20
-8100.718551669428
 30
0.0
 40
3.0
  1
2.45
 41
0.7
 72
     2
 11
34836.14163596212
 21
-8100.718551669428
 31
0.0
100
AcDbText
  0
TEXT
  5
6BA
330
2
100
AcDbEntity
  8
0
100
AcDbText
 10
34846.84163596212
 20
-8100.718551669428
 30
0.0
 40
3.0
  1
4.9
 41
0.7
 72
     2
 11
34851.14163596212
 21
-8100.718551669428
 31
0.0
100
AcDbText
  0
TEXT
  5
6BB
330
2
100
AcDbEntity
  8
0
100
AcDbText
 10
34765.14163596212
 20
-8106.718551669428
 30
0.0
 40
3.0
  1
218
 41
0.7
 72
     1
 11
34767.64163596212
 21
-8106.718551669428
 31
0.0
100
AcDbText
  0
TEXT
  5
6BC
330
2
100
AcDbEntity
  8
0
100
AcDbText
 10
34774.64163596212
 20
-8106.718551669428
 30
0.0
 40
3.0
  1
L40X3
 41
0.7
100
AcDbText
  0
TEXT
  5
6BD
330
2
100
AcDbEntity
  8
0
100
AcDbText
 10
34803.64163596212
 20
-8106.718551669428
 30
0.0
 40
3.0
  1
1323
 41
0.7
 72
     2
 11
34810.64163596212
 21
-8106.718551669428
 31
0.0
100
AcDbText
  0
TEXT
  5
6BE
330
2
100
AcDbEntity
  8
0
100
AcDbText
 10
34816.94163596213
 20
-8106.718551669428
 30
0.0
 40
3.0
  1
2
 41
0.7
 72
     1
 11
34817.64163596212
 21
-8106.718551669428
 31
0.0
100
AcDbText
  0
TEXT
  5
6BF
330
2
100
AcDbEntity
  8
0
100
AcDbText
 10
34829.74163596212
 20
-8106.718551669428
 30
0.0
 40
3.0
  1
2.45
 41
0.7
 72
     2
 11
34836.14163596212
 21
-8106.718551669428
 31
0.0
100
AcDbText
  0
TEXT
  5
6C0
330
2
100
AcDbEntity
  8
0
100
AcDbText
 10
34846.84163596212
 20
-8106.718551669428
 30
0.0
 40
3.0
  1
4.9
 41
0.7
 72
     2
 11
34851.14163596212
 21
-8106.718551669428
 31
0.0
100
AcDbText
  0
TEXT
  5
6C1
330
2
100
AcDbEntity
  8
0
100
AcDbText
 10
34853.64163596212
 20
-8106.718551669428
 30
0.0
 40
3.0
  1
\M+5C7D0\M+5BDC7
 41
0.7
100
AcDbText
  0
TEXT
  5
6C2
330
2
100
AcDbEntity
  8
0
100
AcDbText
 10
34765.19163596213
 20
-8112.718551669428
 30
0.0
 40
3.0
  1
219
 41
0.7
 72
     1
 11
34767.64163596212
 21
-8112.718551669428
 31
0.0
100
AcDbText
  0
TEXT
  5
6C3
330
2
100
AcDbEntity
  8
0
100
AcDbText
 10
34774.64163596212
 20
-8112.718551669428
 30
0.0
 40
3.0
  1
L40X3
 41
0.7
100
AcDbText
  0
TEXT
  5
6C4
330
2
100
AcDbEntity
  8
0
100
AcDbText
 10
34805.24163596212
 20
-8112.718551669428
 30
0.0
 40
3.0
  1
950
 41
0.7
 72
     2
 11
34810.64163596212
 21
-8112.718551669428
 31
0.0
100
AcDbText
  0
TEXT
  5
6C5
330
2
100
AcDbEntity
  8
0
100
AcDbText
 10
34816.94163596213
 20
-8112.718551669428
 30
0.0
 40
3.0
  1
2
 41
0.7
 72
     1
 11
34817.64163596212
 21
-8112.718551669428
 31
0.0
100
AcDbText
  0
TEXT
  5
6C6
330
2
100
AcDbEntity
  8
0
100
AcDbText
 10
34830.24163596212
 20
-8112.718551669428
 30
0.0
 40
3.0
  1
1.76
 41
0.7
 72
     2
 11
34836.14163596212
 21
-8112.718551669428
 31
0.0
100
AcDbText
  0
TEXT
  5
6C7
330
2
100
AcDbEntity
  8
0
100
AcDbText
 10
34846.74163596212
 20
-8112.718551669428
 30
0.0
 40
3.0
  1
3.5
 41
0.7
 72
     2
 11
34851.14163596212
 21
-8112.718551669428
 31
0.0
100
AcDbText
  0
TEXT
  5
6C8
330
2
100
AcDbEntity
  8
0
100
AcDbText
 10
34764.94163596213
 20
-8118.718551669428
 30
0.0
 40
3.0
  1
220
 41
0.7
 72
     1
 11
34767.64163596212
 21
-8118.718551669428
 31
0.0
100
AcDbText
  0
TEXT
  5
6C9
330
2
100
AcDbEntity
  8
0
100
AcDbText
 10
34774.64163596212
 20
-8118.718551669428
 30
0.0
 40
3.0
  1
-6X50
 41
0.7
100
AcDbText
  0
TEXT
  5
6CA
330
2
100
AcDbEntity
  8
0
100
AcDbText
 10
34807.24163596212
 20
-8118.718551669428
 30
0.0
 40
3.0
  1
50
 41
0.7
 72
     2
 11
34810.64163596212
 21
-8118.718551669428
 31
0.0
100
AcDbText
  0
TEXT
  5
6CB
330
2
100
AcDbEntity
  8
0
100
AcDbText
 10
34816.94163596213
 20
-8118.718551669428
 30
0.0
 40
3.0
  1
8
 41
0.7
 72
     1
 11
34817.64163596212
 21
-8118.718551669428
 31
0.0
100
AcDbText
  0
TEXT
  5
6CC
330
2
100
AcDbEntity
  8
0
100
AcDbText
 10
34830.14163596212
 20
-8118.718551669428
 30
0.0
 40
3.0
  1
0.12
 41
0.7
 72
     2
 11
34836.14163596212
 21
-8118.718551669428
 31
0.0
100
AcDbText
  0
TEXT
  5
6CD
330
2
100
AcDbEntity
  8
0
100
AcDbText
 10
34847.14163596212
 20
-8118.718551669428
 30
0.0
 40
3.0
  1
1.0
 41
0.7
 72
     2
 11
34851.14163596212
 21
-8118.718551669428
 31
0.0
100
AcDbText
  0
TEXT
  5
6CE
330
2
100
AcDbEntity
  8
0
100
AcDbText
 10
34853.64163596212
 20
-8118.718551669428
 30
0.0
 40
3.0
  1
\M+5BAB8\M+5BDD3
 41
0.7
100
AcDbText
  0
TEXT
  5
6CF
330
2
100
AcDbEntity
  8
0
100
AcDbText
 10
34765.39163596212
 20
-8124.718551669428
 30
0.0
 40
3.0
  1
221
 41
0.7
 72
     1
 11
34767.64163596212
 21
-8124.718551669428
 31
0.0
100
AcDbText
  0
TEXT
  5
6D0
330
2
100
AcDbEntity
  8
0
100
AcDbText
 10
34774.64163596212
 20
-8124.718551669428
 30
0.0
 40
3.0
  1
Q345%%C38/%%C25.5
 41
0.65
100
AcDbText
  0
TEXT
  5
6D1
330
2
100
AcDbEntity
  8
0
100
AcDbText
 10
34807.24163596212
 20
-8124.718551669428
 30
0.0
 40
3.0
  1
22
 41
0.7
 72
     2
 11
34810.64163596212
 21
-8124.718551669428
 31
0.0
100
AcDbText
  0
TEXT
  5
6D2
330
2
100
AcDbEntity
  8
0
100
AcDbText
 10
34816.89163596212
 20
-8124.718551669428
 30
0.0
 40
3.0
  1
4
 41
0.7
 72
     1
 11
34817.64163596212
 21
-8124.718551669428
 31
0.0
100
AcDbText
  0
TEXT
  5
6D3
330
2
100
AcDbEntity
  8
0
100
AcDbText
 10
34831.04163596213
 20
-8124.718551669428
 30
0.0
 40
3.0
  1
0.11
 41
0.7
 72
     2
 11
34836.14163596212
 21
-8124.718551669428
 31
0.0
100
AcDbText
  0
TEXT
  5
6D4
330
2
100
AcDbEntity
  8
0
100
AcDbText
 10
34846.64163596212
 20
-8124.718551669428
 30
0.0
 40
3.0
  1
0.4
 41
0.7
 72
     2
 11
34851.14163596212
 21
-8124.718551669428
 31
0.0
100
AcDbText
  0
TEXT
  5
6D5
330
2
100
AcDbEntity
  8
0
100
AcDbText
 10
34853.64163596212
 20
-8124.718551669428
 30
0.0
 40
3.0
  1
\M+5BAB8\M+5BDD3
 41
0.7
100
AcDbText
  0
TEXT
  5
6D6
330
2
100
AcDbEntity
  8
0
100
AcDbText
 10
34764.94163596213
 20
-8130.718551669428
 30
0.0
 40
3.0
  1
222
 41
0.7
 72
     1
 11
34767.64163596212
 21
-8130.718551669428
 31
0.0
100
AcDbText
  0
TEXT
  5
6D7
330
2
100
AcDbEntity
  8
0
100
AcDbText
 10
34774.64163596212
 20
-8130.718551669428
 30
0.0
 40
3.0
  1
Q345-4X80
 41
0.7
100
AcDbText
  0
TEXT
  5
6D8
330
2
100
AcDbEntity
  8
0
100
AcDbText
 10
34807.24163596212
 20
-8130.718551669428
 30
0.0
 40
3.0
  1
80
 41
0.7
 72
     2
 11
34810.64163596212
 21
-8130.718551669428
 31
0.0
100
AcDbText
  0
TEXT
  5
6D9
330
2
100
AcDbEntity
  8
0
100
AcDbText
 10
34816.94163596213
 20
-8130.718551669428
 30
0.0
 40
3.0
  1
8
 41
0.7
 72
     1
 11
34817.64163596212
 21
-8130.718551669428
 31
0.0
100
AcDbText
  0
TEXT
  5
6DA
330
2
100
AcDbEntity
  8
0
100
AcDbText
 10
34829.74163596212
 20
-8130.718551669428
 30
0.0
 40
3.0
  1
0.20
 41
0.7
 72
     2
 11
34836.14163596212
 21
-8130.718551669428
 31
0.0
100
AcDbText
  0
TEXT
  5
6DB
330
2
100
AcDbEntity
  8
0
100
AcDbText
 10
34847.24163596212
 20
-8130.718551669428
 30
0.0
 40
3.0
  1
1.6
 41
0.7
 72
     2
 11
34851.14163596212
 21
-8130.718551669428
 31
0.0
100
AcDbText
  0
TEXT
  5
6DC
330
2
100
AcDbEntity
  8
0
100
AcDbText
 10
34853.64163596212
 20
-8130.718551669428
 30
0.0
 40
3.0
  1
\M+5BAB8\M+5BDD3
 41
0.7
100
AcDbText
  0
LINE
  5
6DD
330
2
100
AcDbEntity
  8
0
100
AcDbLine
 10
34762.64163596212
 20
-8005.718551669428
 30
0.0
 11
34882.64163596212
 21
-8005.718551669428
 31
0.0
  0
LINE
  5
6DE
330
2
100
AcDbEntity
  8
0
100
AcDbLine
 10
34762.64163596212
 20
-8011.718551669428
 30
0.0
 11
34882.64163596212
 21
-8011.718551669428
 31
0.0
  0
LINE
  5
6DF
330
2
100
AcDbEntity
  8
0
100
AcDbLine
 10
34762.64163596212
 20
-8017.718551669428
 30
0.0
 11
34882.64163596212
 21
-8017.718551669428
 31
0.0
  0
LINE
  5
6E0
330
2
100
AcDbEntity
  8
0
100
AcDbLine
 10
34762.64163596212
 20
-8023.718551669428
 30
0.0
 11
34882.64163596212
 21
-8023.718551669428
 31
0.0
  0
LINE
  5
6E1
330
2
100
AcDbEntity
  8
0
100
AcDbLine
 10
34762.64163596212
 20
-8029.718551669428
 30
0.0
 11
34882.64163596212
 21
-8029.718551669428
 31
0.0
  0
LINE
  5
6E2
330
2
100
AcDbEntity
  8
0
100
AcDbLine
 10
34762.64163596212
 20
-8035.718551669428
 30
0.0
 11
34882.64163596212
 21
-8035.718551669428
 31
0.0
  0
LINE
  5
6E3
330
2
100
AcDbEntity
  8
0
100
AcDbLine
 10
34762.64163596212
 20
-8041.718551669428
 30
0.0
 11
34882.64163596212
 21
-8041.718551669428
 31
0.0
  0
LINE
  5
6E4
330
2
100
AcDbEntity
  8
0
100
AcDbLine
 10
34762.64163596212
 20
-8047.718551669428
 30
0.0
 11
34882.64163596212
 21
-8047.718551669428
 31
0.0
  0
LINE
  5
6E5
330
2
100
AcDbEntity
  8
0
100
AcDbLine
 10
34762.64163596212
 20
-8053.718551669428
 30
0.0
 11
34882.64163596212
 21
-8053.718551669428
 31
0.0
  0
LINE
  5
6E6
330
2
100
AcDbEntity
  8
0
100
AcDbLine
 10
34762.64163596212
 20
-8059.718551669428
 30
0.0
 11
34882.64163596212
 21
-8059.718551669428
 31
0.0
  0
LINE
  5
6E7
330
2
100
AcDbEntity
  8
0
100
AcDbLine
 10
34762.64163596212
 20
-8065.718551669428
 30
0.0
 11
34882.64163596212
 21
-8065.718551669428
 31
0.0
  0
LINE
  5
6E8
330
2
100
AcDbEntity
  8
0
100
AcDbLine
 10
34762.64163596212
 20
-8071.718551669428
 30
0.0
 11
34882.64163596212
 21
-8071.718551669428
 31
0.0
  0
LINE
  5
6E9
330
2
100
AcDbEntity
  8
0
100
AcDbLine
 10
34762.64163596212
 20
-8077.718551669428
 30
0.0
 11
34882.64163596212
 21
-8077.718551669428
 31
0.0
  0
LINE
  5
6EA
330
2
100
AcDbEntity
  8
0
100
AcDbLine
 10
34762.64163596212
 20
-8083.718551669428
 30
0.0
 11
34882.64163596212
 21
-8083.718551669428
 31
0.0
  0
LINE
  5
6EB
330
2
100
AcDbEntity
  8
0
100
AcDbLine
 10
34762.64163596212
 20
-8089.718551669428
 30
0.0
 11
34882.64163596212
 21
-8089.718551669428
 31
0.0
  0
LINE
  5
6EC
330
2
100
AcDbEntity
  8
0
100
AcDbLine
 10
34762.64163596212
 20
-8095.718551669428
 30
0.0
 11
34882.64163596212
 21
-8095.718551669428
 31
0.0
  0
LINE
  5
6ED
330
2
100
AcDbEntity
  8
0
100
AcDbLine
 10
34762.64163596212
 20
-8101.718551669428
 30
0.0
 11
34882.64163596212
 21
-8101.718551669428
 31
0.0
  0
LINE
  5
6EE
330
2
100
AcDbEntity
  8
0
100
AcDbLine
 10
34762.64163596212
 20
-8107.718551669428
 30
0.0
 11
34882.64163596212
 21
-8107.718551669428
 31
0.0
  0
LINE
  5
6EF
330
2
100
AcDbEntity
  8
0
100
AcDbLine
 10
34762.64163596212
 20
-8113.718551669428
 30
0.0
 11
34882.64163596212
 21
-8113.718551669428
 31
0.0
  0
LINE
  5
6F0
330
2
100
AcDbEntity
  8
0
100
AcDbLine
 10
34762.64163596212
 20
-8119.718551669428
 30
0.0
 11
34882.64163596212
 21
-8119.718551669428
 31
0.0
  0
LINE
  5
6F1
330
2
100
AcDbEntity
  8
0
100
AcDbLine
 10
34762.64163596212
 20
-8125.718551669428
 30
0.0
 11
34882.64163596212
 21
-8125.718551669428
 31
0.0
  0
LINE
  5
6F2
330
2
100
AcDbEntity
  8
0
100
AcDbLine
 10
34762.64163596212
 20
-8131.718551669428
 30
0.0
 11
34882.64163596212
 21
-8131.718551669428
 31
0.0
  0
LINE
  5
6F3
330
2
100
AcDbEntity
  8
0
100
AcDbLine
 10
34762.64163596212
 20
-8137.718551669428
 30
0.0
 11
34882.64163596212
 21
-8137.718551669428
 31
0.0
  0
LINE
  5
6F4
330
2
100
AcDbEntity
  8
0
100
AcDbLine
 10
34762.64163596212
 20
-8143.718551669428
 30
0.0
 11
34882.64163596212
 21
-8143.718551669428
 31
0.0
  0
LINE
  5
6F5
330
2
100
AcDbEntity
  8
0
100
AcDbLine
 10
34762.64163596212
 20
-8149.718551669428
 30
0.0
 11
34882.64163596212
 21
-8149.718551669428
 31
0.0
  0
LINE
  5
6F6
330
2
100
AcDbEntity
  8
0
100
AcDbLine
 10
34762.64163596212
 20
-7969.718551669428
 30
0.0
 11
34762.64163596212
 21
-8149.718551669428
 31
0.0
  0
LINE
  5
6F7
330
2
100
AcDbEntity
  8
0
100
AcDbLine
 10
34772.64163596212
 20
-7984.718551669428
 30
0.0
 11
34772.64163596212
 21
-8149.718551669428
 31
0.0
  0
LINE
  5
6F8
330
2
100
AcDbEntity
  8
0
100
AcDbLine
 10
34797.64163596212
 20
-7984.718551669428
 30
0.0
 11
34797.64163596212
 21
-8149.718551669428
 31
0.0
  0
LINE
  5
6F9
330
2
100
AcDbEntity
  8
0
100
AcDbLine
 10
34812.64163596212
 20
-7984.718551669428
 30
0.0
 11
34812.64163596212
 21
-8149.718551669428
 31
0.0
  0
LINE
  5
6FA
330
2
100
AcDbEntity
  8
0
100
AcDbLine
 10
34822.64163596212
 20
-7984.718551669428
 30
0.0
 11
34822.64163596212
 21
-8149.718551669428
 31
0.0
  0
LINE
  5
6FB
330
2
100
AcDbEntity
  8
0
100
AcDbLine
 10
34837.64163596212
 20
-7992.218551669428
 30
0.0
 11
34837.64163596212
 21
-8149.718551669428
 31
0.0
  0
LINE
  5
6FC
330
2
100
AcDbEntity
  8
0
100
AcDbLine
 10
34852.64163596212
 20
-7984.718551669428
 30
0.0
 11
34852.64163596212
 21
-8149.718551669428
 31
0.0
  0
LINE
  5
6FD
330
2
100
AcDbEntity
  8
0
100
AcDbLine
 10
34882.64163596212
 20
-7969.718551669428
 30
0.0
 11
34882.64163596212
 21
-8149.718551669428
 31
0.0
  0
LINE
  5
6FE
330
2
100
AcDbEntity
  8
0
100
AcDbLine
 10
34762.64163596212
 20
-8149.718551669428
 30
0.0
 11
34762.64163596212
 21
-8159.718551669428
 31
0.0
  0
LINE
  5
6FF
330
2
100
AcDbEntity
  8
0
100
AcDbLine
 10
34797.64163596212
 20
-8149.718551669428
 30
0.0
 11
34797.64163596212
 21
-8159.718551669428
 31
0.0
  0
LINE
  5
700
330
2
100
AcDbEntity
  8
0
100
AcDbLine
 10
34762.64163596212
 20
-8159.718551669428
 30
0.0
 11
34882.64163596212
 21
-8159.718551669428
 31
0.0
  0
LINE
  5
701
330
2
100
AcDbEntity
  8
0
100
AcDbLine
 10
34882.64163596212
 20
-8149.718551669428
 30
0.0
 11
34882.64163596212
 21
-8159.718551669428
 31
0.0
  0
TEXT
  5
702
330
2
100
AcDbEntity
  8
0
100
AcDbText
 10
34782.64163596212
 20
-8156.718551669428
 30
0.0
 40
4.0
  1
\M+5BCC6
 41
0.7
100
AcDbText
  0
LINE
  5
703
330
2
100
AcDbEntity
  8
0
100
AcDbLine
 10
34762.64163596212
 20
-8189.718551669428
 30
0.0
 11
34882.64163596212
 21
-8189.718551669428
 31
0.0
  0
LINE
  5
704
330
2
100
AcDbEntity
  8
0
100
AcDbLine
 10
34882.64163596212
 20
-8174.718551669428
 30
0.0
 11
34762.64163596212
 21
-8174.718551669428
 31
0.0
  0
LINE
  5
705
330
2
100
AcDbEntity
  8
0
100
AcDbLine
 10
34815.64163596212
 20
-8169.718551669428
 30
0.0
 11
34816.02730852794
 21
-8170.1781783353
 31
0.0
  0
LINE
  5
706
330
2
100
AcDbEntity
  8
0
100
AcDbLine
 10
34797.64163596212
 20
-8169.718551669428
 30
0.0
 11
34798.02730852794
 21
-8170.1781783353
 31
0.0
  0
TEXT
  5
707
330
2
100
AcDbEntity
  8
0
100
AcDbText
 10
34789.64163596212
 20
-8184.718551669428
 30
0.0
 40
4.0
  1
\M+5B9E6
 41
0.7
100
AcDbText
  0
TEXT
  5
708
330
2
100
AcDbEntity
  8
0
100
AcDbText
 10
34798.64163596212
 20
-8184.718551669428
 30
0.0
 40
4.0
  1
\M+5B8F1
 41
0.7
100
AcDbText
  0
TEXT
  5
709
330
2
100
AcDbEntity
  8
0
100
AcDbText
 10
34825.64163596212
 20
-8181.218551669428
 30
0.0
 40
4.0
  1
\M+5CAFD
 41
0.7
100
AcDbText
  0
TEXT
  5
70A
330
2
100
AcDbEntity
  8
0
100
AcDbText
 10
34825.64163596212
 20
-8187.218551669428
 30
0.0
 40
4.0
  1
\M+5C1BF
 41
0.7
100
AcDbText
  0
TEXT
  5
70B
330
2
100
AcDbEntity
  8
0
100
AcDbText
 10
34839.64163596212
 20
-8184.718551669428
 30
0.0
 40
4.0
  1
\M+5C1BF
 41
0.7
100
AcDbText
  0
TEXT
  5
70C
330
2
100
AcDbEntity
  8
0
100
AcDbText
 10
34834.64163596212
 20
-8184.718551669428
 30
0.0
 40
4.0
  1
\M+5D6D8
 41
0.7
100
AcDbText
  0
TEXT
  5
70D
330
2
100
AcDbEntity
  8
0
100
AcDbText
 10
34860.64163596212
 20
-8184.718551669428
 30
0.0
 40
4.0
  1
\M+5B1B8
 41
0.7
100
AcDbText
  0
TEXT
  5
70E
330
2
100
AcDbEntity
  8
0
100
AcDbText
 10
34832.64163596212
 20
-8170.718551669428
 30
0.0
 40
6.0
  1
\M+5C3F7
 41
0.7
100
AcDbText
  0
TEXT
  5
70F
330
2
100
AcDbEntity
  8
0
100
AcDbText
 10
34839.64163596212
 20
-8170.718551669428
 30
0.0
 40
6.0
  1
\M+5CFB8
 41
0.7
100
AcDbText
  0
TEXT
  5
710
330
2
100
AcDbEntity
  8
0
100
AcDbText
 10
34846.64163596212
 20
-8170.718551669428
 30
0.0
 40
6.0
  1
\M+5B1ED
 41
0.7
100
AcDbText
  0
TEXT
  5
711
330
2
100
AcDbEntity
  8
0
100
AcDbText
 10
34765.64163596212
 20
-8181.218551669428
 30
0.0
 40
4.0
  1
\M+5C3FB
 41
0.7
100
AcDbText
  0
TEXT
  5
712
330
2
100
AcDbEntity
  8
0
100
AcDbText
 10
34765.64163596212
 20
-8187.218551669428
 30
0.0
 40
4.0
  1
\M+5B3C6
 41
0.7
100
AcDbText
  0
TEXT
  5
713
330
2
100
AcDbEntity
  8
0
100
AcDbText
 10
34810.64163596212
 20
-8184.718551669428
 30
0.0
 40
4.0
  1
\M+5B7FB
 41
0.7
100
AcDbText
  0
TEXT
  5
714
330
2
100
AcDbEntity
  8
0
100
AcDbText
 10
34816.64163596212
 20
-8184.718551669428
 30
0.0
 40
4.0
  1
\M+5BAC5
 41
0.7
100
AcDbText
  0
TEXT
  5
715
330
2
100
AcDbEntity
  8
0
100
AcDbText
 10
34783.64163596212
 20
-8170.718551669428
 30
0.0
 40
6.0
  1
\M+5C2DD
 41
0.7
100
AcDbText
  0
TEXT
  5
716
330
2
100
AcDbEntity
  8
0
100
AcDbText
 10
34790.64163596212
 20
-8170.718551669428
 30
0.0
 40
6.0
  1
\M+5CBA8
 41
0.7
100
AcDbText
  0
TEXT
  5
717
330
2
100
AcDbEntity
  8
0
100
AcDbText
 10
34801.64163596212
 20
-8170.718551669428
 30
0.0
 40
6.0
  1
\M+5BDC5
 41
0.7
100
AcDbText
  0
TEXT
  5
718
330
2
100
AcDbEntity
  8
0
100
AcDbText
 10
34808.64163596212
 20
-8170.718551669428
 30
0.0
 40
6.0
  1
\M+5B6A4
 41
0.7
100
AcDbText
  0
TEXT
  5
719
330
2
100
AcDbEntity
  8
0
100
AcDbText
 10
34818.64163596212
 20
-8170.718551669428
 30
0.0
 40
6.0
  1
\M+5B5E6
 41
0.7
100
AcDbText
  0
TEXT
  5
71A
330
2
100
AcDbEntity
  8
0
100
AcDbText
 10
34825.64163596212
 20
-8170.718551669428
 30
0.0
 40
6.0
  1
\M+5C8A6
 41
0.7
100
AcDbText
  0
TEXT
  5
71B
330
2
100
AcDbEntity
  8
0
100
AcDbText
 10
34765.64163596212
 20
-8199.718551669428
 30
0.0
 40
4.0
  1
\M+5C2DD
 41
0.7
100
AcDbText
  0
TEXT
  5
71C
330
2
100
AcDbEntity
  8
0
100
AcDbText
 10
34871.64163596212
 20
-8184.718551669428
 30
0.0
 40
4.0
  1
\M+5D7A2
 41
0.7
100
AcDbText
  0
TEXT
  5
71D
330
2
100
AcDbEntity
  8
0
100
AcDbText
 10
34776.64163596212
 20
-8181.218551669428
 30
0.0
 40
4.0
  1
\M+5BCB6
 41
0.7
100
AcDbText
  0
TEXT
  5
71E
330
2
100
AcDbEntity
  8
0
100
AcDbText
 10
34776.64163596212
 20
-8187.218551669428
 30
0.0
 40
4.0
  1
\M+5B1F0
 41
0.7
100
AcDbText
  0
TEXT
  5
71F
330
2
100
AcDbEntity
  8
0
100
AcDbText
 10
34786.04163596213
 20
-8194.218551669428
 30
0.0
 40
3.0
  1
M16X40
 41
0.7
100
AcDbText
  0
INSERT
  5
720
330
2
100
AcDbEntity
  8
0
100
AcDbBlockReference
  2
M16X40
 10
34814.64163596212
 20
-8192.718551669428
 30
0.0
 41
10.0
 42
10.0
 43
10.0
  0
TEXT
  5
721
330
2
100
AcDbEntity
  8
0
100
AcDbText
 10
34825.94163596213
 20
-8194.218551669428
 30
0.0
 40
3.0
  1
60
 41
0.7
 72
     1
 11
34827.64163596212
 21
-8194.218551669428
 31
0.0
100
AcDbText
  0
TEXT
  5
722
330
2
100
AcDbEntity
  8
0
100
AcDbText
 10
34845.24163596212
 20
-8194.218551669428
 30
0.0
 40
3.0
  1
8.7
 41
0.7
 72
     2
 11
34849.64163596212
 21
-8194.218551669428
 31
0.0
100
AcDbText
  0
TEXT
  5
723
330
2
100
AcDbEntity
  8
0
100
AcDbText
 10
34786.04163596213
 20
-8200.218551669428
 30
0.0
 40
3.0
  1
M16X50
 41
0.7
100
AcDbText
  0
INSERT
  5
724
330
2
100
AcDbEntity
  8
0
100
AcDbBlockReference
  2
M16X50
 10
34814.64163596212
 20
-8198.718551669428
 30
0.0
 41
10.0
 42
10.0
 43
10.0
  0
TEXT
  5
725
330
2
100
AcDbEntity
  8
0
100
AcDbText
 10
34826.94163596213
 20
-8200.218551669428
 30
0.0
 40
3.0
  1
2
 41
0.7
 72
     1
 11
34827.64163596212
 21
-8200.218551669428
 31
0.0
100
AcDbText
  0
TEXT
  5
726
330
2
100
AcDbEntity
  8
0
100
AcDbText
 10
34845.24163596212
 20
-8200.218551669428
 30
0.0
 40
3.0
  1
0.3
 41
0.7
 72
     2
 11
34849.64163596212
 21
-8200.218551669428
 31
0.0
100
AcDbText
  0
TEXT
  5
727
330
2
100
AcDbEntity
  8
0
100
AcDbText
 10
34786.04163596213
 20
-8206.218551669428
 30
0.0
 40
3.0
  1
M16X60
 41
0.7
100
AcDbText
  0
INSERT
  5
728
330
2
100
AcDbEntity
  8
0
100
AcDbBlockReference
  2
M16X61
 10
34814.64163596212
 20
-8204.718551669428
 30
0.0
 41
10.0
 42
10.0
 43
10.0
  0
TEXT
  5
732
330
2
100
AcDbEntity
  8
0
100
AcDbText
 10
34825.99163596212
 20
-8206.218551669428
 30
0.0
 40
3.0
  1
36
 41
0.7
 72
     1
 11
34827.64163596212
 21
-8206.218551669428
 31
0.0
100
AcDbText
  0
TEXT
  5
733
330
2
100
AcDbEntity
  8
0
100
AcDbText
 10
34845.24163596212
 20
-8206.218551669428
 30
0.0
 40
3.0
  1
7.3
 41
0.7
 72
     2
 11
34849.64163596212
 21
-8206.218551669428
 31
0.0
100
AcDbText
  0
TEXT
  5
734
330
2
100
AcDbEntity
  8
0
100
AcDbText
 10
34854.64163596212
 20
-8206.218551669428
 30
0.0
 40
3.0
  1
\M+5B4F8\M+5CBAB\M+5C3B1
 41
0.7
100
AcDbText
  0
TEXT
  5
735
330
2
100
AcDbEntity
  8
0
100
AcDbText
 10
34826.94163596213
 20
-8248.218551669428
 30
0.0
 40
3.0
  1
8
 41
0.7
 72
     1
 11
34827.64163596212
 21
-8248.218551669428
 31
0.0
100
AcDbText
  0
TEXT
  5
736
330
2
100
AcDbEntity
  8
0
100
AcDbText
 10
34846.14163596212
 20
-8248.218551669428
 30
0.0
 40
3.0
  1
0.1
 41
0.7
 72
     2
 11
34849.64163596212
 21
-8248.218551669428
 31
0.0
100
AcDbText
  0
TEXT
  5
737
330
2
100
AcDbEntity
  8
0
100
AcDbText
 10
34817.64163596212
 20
-8261.718551669428
 30
0.0
 40
3.0
  1
 16.4 kg
 41
0.7
100
AcDbText
  0
LINE
  5
738
330
2
100
AcDbEntity
  8
0
100
AcDbLine
 10
34784.64163596212
 20
-8195.718551669428
 30
0.0
 11
34882.64163596212
 21
-8195.718551669428
 31
0.0
  0
LINE
  5
739
330
2
100
AcDbEntity
  8
0
100
AcDbLine
 10
34784.64163596212
 20
-8201.718551669428
 30
0.0
 11
34882.64163596212
 21
-8201.718551669428
 31
0.0
  0
LINE
  5
73A
330
2
100
AcDbEntity
  8
0
100
AcDbLine
 10
34784.64163596212
 20
-8207.718551669428
 30
0.0
 11
34882.64163596212
 21
-8207.718551669428
 31
0.0
  0
LINE
  5
73B
330
2
100
AcDbEntity
  8
0
100
AcDbLine
 10
34784.64163596212
 20
-8213.718551669428
 30
0.0
 11
34882.64163596212
 21
-8213.718551669428
 31
0.0
  0
LINE
  5
73C
330
2
100
AcDbEntity
  8
0
100
AcDbLine
 10
34784.64163596212
 20
-8219.718551669428
 30
0.0
 11
34882.64163596212
 21
-8219.718551669428
 31
0.0
  0
LINE
  5
73D
330
2
100
AcDbEntity
  8
0
100
AcDbLine
 10
34762.64163596212
 20
-8225.718551669428
 30
0.0
 11
34882.64163596212
 21
-8225.718551669428
 31
0.0
  0
LINE
  5
73E
330
2
100
AcDbEntity
  8
0
100
AcDbLine
 10
34784.64163596212
 20
-8231.718551669428
 30
0.0
 11
34807.64163596212
 21
-8231.718551669428
 31
0.0
  0
LINE
  5
73F
330
2
100
AcDbEntity
  8
0
100
AcDbLine
 10
34822.64163596212
 20
-8231.718551669428
 30
0.0
 11
34882.64163596212
 21
-8231.718551669428
 31
0.0
  0
LINE
  5
740
330
2
100
AcDbEntity
  8
0
100
AcDbLine
 10
34784.64163596212
 20
-8237.718551669428
 30
0.0
 11
34807.64163596212
 21
-8237.718551669428
 31
0.0
  0
LINE
  5
741
330
2
100
AcDbEntity
  8
0
100
AcDbLine
 10
34822.64163596212
 20
-8237.718551669428
 30
0.0
 11
34882.64163596212
 21
-8237.718551669428
 31
0.0
  0
LINE
  5
742
330
2
100
AcDbEntity
  8
0
100
AcDbLine
 10
34762.64163596212
 20
-8243.718551669428
 30
0.0
 11
34882.64163596212
 21
-8243.718551669428
 31
0.0
  0
LINE
  5
743
330
2
100
AcDbEntity
  8
0
100
AcDbLine
 10
34784.64163596212
 20
-8249.718551669428
 30
0.0
 11
34807.64163596212
 21
-8249.718551669428
 31
0.0
  0
LINE
  5
744
330
2
100
AcDbEntity
  8
0
100
AcDbLine
 10
34822.64163596212
 20
-8249.718551669428
 30
0.0
 11
34882.64163596212
 21
-8249.718551669428
 31
0.0
  0
LINE
  5
745
330
2
100
AcDbEntity
  8
0
100
AcDbLine
 10
34762.64163596212
 20
-8255.718551669428
 30
0.0
 11
34882.64163596212
 21
-8255.718551669428
 31
0.0
  0
CIRCLE
  5
746
330
2
100
AcDbEntity
  8
0
100
AcDbCircle
 10
34814.64163596212
 20
-8231.718551669428
 30
0.0
 40
2.4
  0
LINE
  5
747
330
2
100
AcDbEntity
  8
0
100
AcDbLine
 10
34812.24163596213
 20
-8231.718551669428
 30
0.0
 11
34817.04163596213
 21
-8231.718551669428
 31
0.0
  0
LINE
  5
748
330
2
100
AcDbEntity
  8
0
100
AcDbLine
 10
34814.64163596212
 20
-8231.718551669428
 30
0.0
 11
34814.64163596212
 21
-8234.118551669428
 31
0.0
  0
LINE
  5
749
330
2
100
AcDbEntity
  8
0
100
AcDbLine
 10
34812.14163596212
 20
-8237.718551669428
 30
0.0
 11
34817.14163596212
 21
-8237.718551669428
 31
0.0
  0
LINE
  5
74A
330
2
100
AcDbEntity
  8
0
100
AcDbLine
 10
34817.14163596212
 20
-8237.718551669428
 30
0.0
 11
34817.14163596212
 21
-8235.718551669428
 31
0.0
  0
LINE
  5
74B
330
2
100
AcDbEntity
  8
0
100
AcDbLine
 10
34817.14163596212
 20
-8235.718551669428
 30
0.0
 11
34817.14163596212
 21
-8239.718551669428
 31
0.0
  0
LINE
  5
74C
330
2
100
AcDbEntity
  8
0
100
AcDbLine
 10
34808.64163596212
 20
-8253.218551669428
 30
0.0
 11
34810.14163596212
 21
-8250.620475458074
 31
0.0
  0
LINE
  5
74D
330
2
100
AcDbEntity
  8
0
100
AcDbLine
 10
34810.14163596212
 20
-8250.620475458074
 30
0.0
 11
34819.14163596212
 21
-8250.620475458074
 31
0.0
  0
LINE
  5
74E
330
2
100
AcDbEntity
  8
0
100
AcDbLine
 10
34762.64163596212
 20
-8159.718551669428
 30
0.0
 11
34762.64163596212
 21
-8265.718551669428
 31
0.0
  0
LINE
  5
74F
330
2
100
AcDbEntity
  8
0
100
AcDbLine
 10
34772.64163596212
 20
-8174.718551669428
 30
0.0
 11
34772.64163596212
 21
-8255.718551669428
 31
0.0
  0
LINE
  5
750
330
2
100
AcDbEntity
  8
0
100
AcDbLine
 10
34807.64163596212
 20
-8174.718551669428
 30
0.0
 11
34807.64163596212
 21
-8265.718551669428
 31
0.0
  0
LINE
  5
751
330
2
100
AcDbEntity
  8
0
100
AcDbLine
 10
34822.64163596212
 20
-8174.718551669428
 30
0.0
 11
34822.64163596212
 21
-8255.718551669428
 31
0.0
  0
LINE
  5
752
330
2
100
AcDbEntity
  8
0
100
AcDbLine
 10
34832.64163596212
 20
-8174.718551669428
 30
0.0
 11
34832.64163596212
 21
-8255.718551669428
 31
0.0
  0
LINE
  5
753
330
2
100
AcDbEntity
  8
0
100
AcDbLine
 10
34852.64163596212
 20
-8174.718551669428
 30
0.0
 11
34852.64163596212
 21
-8255.718551669428
 31
0.0
  0
LINE
  5
754
330
2
100
AcDbEntity
  8
0
100
AcDbLine
 10
34882.64163596212
 20
-8159.718551669428
 30
0.0
 11
34882.64163596212
 21
-8265.718551669428
 31
0.0
  0
LINE
  5
755
330
2
100
AcDbEntity
  8
0
100
AcDbLine
 10
34784.64163596212
 20
-8174.718551669428
 30
0.0
 11
34784.64163596212
 21
-8255.718551669428
 31
0.0
  0
LINE
  5
756
330
2
100
AcDbEntity
  8
0
100
AcDbLine
 10
34762.64163596212
 20
-8265.718551669428
 30
0.0
 11
34882.64163596212
 21
-8265.718551669428
 31
0.0
  0
TEXT
  5
757
330
2
100
AcDbEntity
  8
0
100
AcDbText
 10
34843.64163596212
 20
-8184.718551669428
 30
0.0
 40
3.0
  1
(kg)
 41
0.7
100
AcDbText
  0
TEXT
  5
758
330
2
100
AcDbEntity
  8
0
100
AcDbText
 10
34765.64163596212
 20
-8254.218551669428
 30
0.0
 40
4.0
  1
\M+5C8A6
 41
0.7
100
AcDbText
  0
TEXT
  5
759
330
2
100
AcDbEntity
  8
0
100
AcDbText
 10
34765.64163596212
 20
-8219.718551669428
 30
0.0
 40
4.0
  1
\M+5CBA8
 41
0.7
100
AcDbText
  0
TEXT
  5
75A
330
2
100
AcDbEntity
  8
0
100
AcDbText
 10
34765.64163596212
 20
-8232.718551669428
 30
0.0
 40
4.0
  1
\M+5BDC5
 41
0.7
100
AcDbText
  0
TEXT
  5
75B
330
2
100
AcDbEntity
  8
0
100
AcDbText
 10
34765.64163596212
 20
-8240.718551669428
 30
0.0
 40
4.0
  1
\M+5B6A4
 41
0.7
100
AcDbText
  0
TEXT
  5
75C
330
2
100
AcDbEntity
  8
0
100
AcDbText
 10
34765.64163596212
 20
-8249.218551669428
 30
0.0
 40
4.0
  1
\M+5B5E6
 41
0.7
100
AcDbText
  0
TEXT
  5
75D
330
2
100
AcDbEntity
  8
0
100
AcDbText
 10
34774.64163596212
 20
-8209.493113562661
 30
0.0
 40
3.8
  1
6.8\M+5BCB6
 41
0.7
100
AcDbText
  0
TEXT
  5
75E
330
2
100
AcDbEntity
  8
0
100
AcDbText
 10
34773.84163596213
 20
-8251.718551669428
 30
0.0
 40
3.8
  1
Q235
 41
0.7
100
AcDbText
  0
TEXT
  5
75F
330
2
100
AcDbEntity
  8
0
100
AcDbText
 10
34772.64163596212
 20
-8262.718551669428
 30
0.0
 40
4.0
  1
\M+5BACF
 41
0.7
100
AcDbText
  0
TEXT
  5
760
330
2
100
AcDbEntity
  8
0
100
AcDbText
 10
34792.64163596212
 20
-8262.718551669428
 30
0.0
 40
4.0
  1
\M+5BCC6
 41
0.7
100
AcDbText
  0
TEXT
  5
761
330
2
100
AcDbEntity
  8
0
100
AcDbText
 10
34809.04163596213
 20
-8249.218551669428
 30
0.0
 40
3.5
  1
\M+5B9E6\M+5B8F1X\M+5B8F6\M+5CAFD
 41
0.6
100
AcDbText
  0
TEXT
  5
762
330
2
100
AcDbEntity
  8
0
100
AcDbText
 10
34786.04163596213
 20
-8248.218551669428
 30
0.0
 40
3.0
  1
-3(%%c17.5)
 41
0.7
100
AcDbText
  0
DIMENSION
  5
763
330
2
100
AcDbEntity
  8
0
 62
     3
100
AcDbDimension
280
     0
  2
*D44
 10
34566.11900889994
 20
-8170.811189262696
 30
0.0
 11
34567.86891085566
 21
-8169.148069261311
 31
0.0
 70
     1
  1
35
 71
     5
 42
34.99999985448085
 73
     0
 74
     0
 75
     0
  3
BZ$0
100
AcDbAlignedDimension
 13
34565.38001741773
 23
-8176.490390039558
 33
0.0
 14
34563.79664843788
 24
-8175.745109791487
 34
0.0
  0
DIMENSION
  5
772
330
2
100
AcDbEntity
  8
0
 62
     3
100
AcDbDimension
280
     0
  2
*D45
 10
34569.96443782968
 20
-8172.621208741115
 30
0.0
 11
34571.7143397854
 21
-8170.95808873973
 31
0.0
 70
     1
  1
35
 71
     5
 42
34.99999985448085
 73
     0
 74
     0
 75
     0
  3
BZ$0
100
AcDbAlignedDimension
 13
34569.22544634748
 23
-8178.300409517977
 33
0.0
 14
34567.64207736762
 24
-8177.555129269906
 34
0.0
  0
LINE
  5
781
330
2
100
AcDbEntity
  8
1
100
AcDbLine
 10
34582.25585783957
 20
-8298.188794260426
 30
0.0
 11
34581.69815440185
 21
-8295.957569829603
 31
0.0
  0
LINE
  5
782
330
2
100
AcDbEntity
  8
1
100
AcDbLine
 10
34582.74093615061
 20
-8298.067554695026
 30
0.0
 11
34582.18323090344
 21
-8295.836323025043
 31
0.0
  0
LINE
  5
783
330
2
100
AcDbEntity
  8
1
100
AcDbLine
 10
34582.34719664973
 20
-8296.492292904044
 30
0.0
 11
34582.80620900258
 21
-8296.37756093732
 31
0.0
  0
LINE
  5
784
330
2
100
AcDbEntity
  8
1
100
AcDbLine
 10
34582.58969025883
 20
-8297.462445907202
 30
0.0
 11
34583.04870261169
 21
-8297.34771394048
 31
0.0
  0
LINE
  5
785
330
2
100
AcDbEntity
  8
1
100
AcDbLine
 10
34581.40310779528
 20
-8296.72827167532
 30
0.0
 11
34581.86212014814
 21
-8296.613539708598
 31
0.0
  0
LINE
  5
786
330
2
100
AcDbEntity
  8
1
100
AcDbLine
 10
34581.6456014044
 20
-8297.69842467848
 30
0.0
 11
34582.10461375725
 21
-8297.583692711756
 31
0.0
  0
LINE
  5
787
330
2
100
AcDbEntity
  8
1
100
AcDbLine
 10
34564.62002088625
 20
-8302.651090552685
 30
0.0
 11
34564.06231744853
 21
-8300.419866121862
 31
0.0
  0
LINE
  5
788
330
2
100
AcDbEntity
  8
1
100
AcDbLine
 10
34565.10509919729
 20
-8302.529850987285
 30
0.0
 11
34564.54739395012
 21
-8300.298619317302
 31
0.0
  0
LINE
  5
789
330
2
100
AcDbEntity
  8
1
100
AcDbLine
 10
34564.71135969641
 20
-8300.954589196303
 30
0.0
 11
34565.17037204926
 21
-8300.83985722958
 31
0.0
  0
LINE
  5
78A
330
2
100
AcDbEntity
  8
1
100
AcDbLine
 10
34564.95385330551
 20
-8301.92474219946
 30
0.0
 11
34565.41286565837
 21
-8301.810010232739
 31
0.0
  0
LINE
  5
78B
330
2
100
AcDbEntity
  8
1
100
AcDbLine
 10
34563.76727084197
 20
-8301.190567967578
 30
0.0
 11
34564.22628319482
 21
-8301.075836000857
 31
0.0
  0
LINE
  5
78C
330
2
100
AcDbEntity
  8
1
100
AcDbLine
 10
34564.00976445108
 20
-8302.160720970738
 30
0.0
 11
34564.46877680393
 21
-8302.045989004015
 31
0.0
  0
LINE
  5
78D
330
2
100
AcDbEntity
  8
1
100
AcDbLine
 10
34582.25585783957
 20
-8269.755600275967
 30
0.0
 11
34581.69815440185
 21
-8271.98682470679
 31
0.0
  0
LINE
  5
78E
330
2
100
AcDbEntity
  8
1
100
AcDbLine
 10
34582.74093615061
 20
-8269.876839841367
 30
0.0
 11
34582.18323090344
 21
-8272.10807151135
 31
0.0
  0
LINE
  5
78F
330
2
100
AcDbEntity
  8
1
100
AcDbLine
 10
34582.34719664973
 20
-8271.452101632349
 30
0.0
 11
34582.80620900258
 21
-8271.566833599072
 31
0.0
  0
LINE
  5
790
330
2
100
AcDbEntity
  8
1
100
AcDbLine
 10
34582.58969025883
 20
-8270.48194862919
 30
0.0
 11
34583.04870261169
 21
-8270.596680595912
 31
0.0
  0
LINE
  5
791
330
2
100
AcDbEntity
  8
1
100
AcDbLine
 10
34581.40310779528
 20
-8271.216122861073
 30
0.0
 11
34581.86212014814
 21
-8271.330854827795
 31
0.0
  0
LINE
  5
792
330
2
100
AcDbEntity
  8
1
100
AcDbLine
 10
34581.6456014044
 20
-8270.245969857913
 30
0.0
 11
34582.10461375725
 21
-8270.360701824637
 31
0.0
  0
LINE
  5
793
330
2
100
AcDbEntity
  8
1
100
AcDbLine
 10
34564.62002088625
 20
-8265.293303983708
 30
0.0
 11
34564.06231744853
 21
-8267.524528414531
 31
0.0
  0
LINE
  5
794
330
2
100
AcDbEntity
  8
1
100
AcDbLine
 10
34565.10509919729
 20
-8265.414543549108
 30
0.0
 11
34564.54739395012
 21
-8267.64577521909
 31
0.0
  0
LINE
  5
795
330
2
100
AcDbEntity
  8
1
100
AcDbLine
 10
34564.71135969641
 20
-8266.98980534009
 30
0.0
 11
34565.17037204926
 21
-8267.104537306814
 31
0.0
  0
LINE
  5
796
330
2
100
AcDbEntity
  8
1
100
AcDbLine
 10
34564.95385330551
 20
-8266.019652336932
 30
0.0
 11
34565.41286565837
 21
-8266.134384303654
 31
0.0
  0
LINE
  5
797
330
2
100
AcDbEntity
  8
1
100
AcDbLine
 10
34563.76727084197
 20
-8266.753826568814
 30
0.0
 11
34564.22628319482
 21
-8266.868558535536
 31
0.0
  0
LINE
  5
798
330
2
100
AcDbEntity
  8
1
100
AcDbLine
 10
34564.00976445108
 20
-8265.783673565655
 30
0.0
 11
34564.46877680393
 21
-8265.898405532378
 31
0.0
  0
INSERT
  5
799
330
2
100
AcDbEntity
  8
0
100
AcDbBlockReference
  2
GXED00001000000C
 10
34702.64163596213
 20
-8369.718551669428
 30
0.0
  0
DIMENSION
  5
7AA
330
2
100
AcDbEntity
  8
3
100
AcDbDimension
280
     0
  2
*D46
 10
34435.59697582065
 20
-8146.021979647027
 30
0.0
 11
34433.34697582065
 21
-8150.821979647023
 31
0.0
  1
50
 71
     5
 42
192.0000000000437
 73
     0
 74
     0
 75
     0
  3
BZ$0
100
AcDbAlignedDimension
 13
34442.76789644695
 23
-8155.621979647029
 33
0.0
 14
34442.76789644695
 24
-8146.021979647026
 34
0.0
 50
90.0
100
AcDbRotatedDimension
  0
DIMENSION
  5
7B7
330
2
100
AcDbEntity
  8
3
100
AcDbDimension
280
     0
  2
*D47
 10
34439.52308709196
 20
-8150.82197964703
 30
0.0
 11
34437.27308709196
 21
-8153.221979647024
 31
0.0
  1
25
 71
     5
 42
95.99999999998545
 73
     0
 74
     0
 75
     0
  3
BZ$0
100
AcDbAlignedDimension
 13
34442.76789644695
 23
-8155.621979647029
 33
0.0
 14
34442.76789644695
 24
-8150.821979647029
 34
0.0
 50
90.0
100
AcDbRotatedDimension
  0
DIMENSION
  5
7C6
330
2
100
AcDbEntity
  8
3
100
AcDbDimension
280
     0
  2
*D48
 10
34447.56789644696
 20
-8159.477677521932
 30
0.0
 11
34445.16789644696
 21
-8157.227677521932
 31
0.0
  1
25
 71
     5
 42
96.00000000005821
 73
     0
 74
     0
 75
     0
  3
BZ$0
100
AcDbAlignedDimension
 13
34442.76789644695
 23
-8155.621979647029
 33
0.0
 14
34447.56789644696
 24
-8155.621979647029
 34
0.0
100
AcDbRotatedDimension
  0
DIMENSION
  5
7D5
330
2
100
AcDbEntity
  8
3
100
AcDbDimension
280
     0
  2
*D49
 10
34452.36789644695
 20
-8164.197689106983
 30
0.0
 11
34447.56789644695
 21
-8161.947689106983
 31
0.0
  1
50
 71
     5
 42
191.9999999998254
 73
     0
 74
     0
 75
     0
  3
BZ$0
100
AcDbAlignedDimension
 13
34442.76789644695
 23
-8155.621979647029
 33
0.0
 14
34452.36789644695
 24
-8155.621979647029
 34
0.0
100
AcDbRotatedDimension
  0
DIMENSION
  5
7E2
330
2
100
AcDbEntity
  8
3
100
AcDbDimension
280
     0
  2
*D50
 10
34447.56789644696
 20
-8159.477677521932
 30
0.0
 11
34449.96789644695
 21
-8157.227677521932
 31
0.0
  1
25
 71
     5
 42
95.99999999976717
 73
     0
 74
     0
 75
     0
  3
BZ$0
100
AcDbAlignedDimension
 13
34452.36789644695
 23
-8155.621979647029
 33
0.0
 14
34447.56789644696
 24
-8155.621979647029
 34
0.0
100
AcDbRotatedDimension
  0
LINE
  5
7F1
330
2
100
AcDbEntity
  8
4
 48
0.5
100
AcDbLine
 10
34447.56789644696
 20
-8144.621111961715
 30
0.0
 11
34447.56789644696
 21
-8157.022847332351
 31
0.0
  0
LINE
  5
7F2
330
2
100
AcDbEntity
  8
0
100
AcDbLine
 10
34442.76789644694
 20
-8155.621979647029
 30
0.0
 11
34452.36789644695
 21
-8155.621979647029
 31
0.0
  0
LINE
  5
7F3
330
2
100
AcDbEntity
  8
0
100
AcDbLine
 10
34452.36789644695
 20
-8146.02197964703
 30
0.0
 11
34442.76789644694
 21
-8146.02197964703
 31
0.0
  0
LINE
  5
7F4
330
2
100
AcDbEntity
  8
4
 48
0.5
100
AcDbLine
 10
34454.73004707015
 20
-8150.821979647029
 30
0.0
 11
34440.40574582377
 21
-8150.821979647029
 31
0.0
  0
DIMENSION
  5
7F5
330
2
100
AcDbEntity
  8
3
100
AcDbDimension
280
     0
  2
*D51
 10
34439.52308709196
 20
-8150.82197964703
 30
0.0
 11
34437.27308709196
 21
-8148.421979647023
 31
0.0
  1
25
 71
     5
 42
96.00000000005821
 73
     0
 74
     0
 75
     0
  3
BZ$0
100
AcDbAlignedDimension
 13
34442.76789644695
 23
-8146.021979647026
 33
0.0
 14
34442.76789644695
 24
-8150.821979647029
 34
0.0
 50
90.0
100
AcDbRotatedDimension
  0
LINE
  5
804
330
2
100
AcDbEntity
  8
0
100
AcDbLine
 10
34442.76789644694
 20
-8146.02197964703
 30
0.0
 11
34442.76789644694
 21
-8155.621979647029
 31
0.0
  0
TEXT
  5
805
330
2
100
AcDbEntity
  8
1
 62
     1
100
AcDbText
 10
34454.23066293045
 20
-8140.984016400496
 30
0.0
 40
2.5
  1
%%c17.5\M+5BFD7
 41
0.7
100
AcDbText
  0
LINE
  5
806
330
2
100
AcDbEntity
  8
0
100
AcDbLine
 10
34452.36789644695
 20
-8155.621979647029
 30
0.0
 11
34452.36789644695
 21
-8146.02197964703
 31
0.0
  0
LINE
  5
807
330
2
100
AcDbEntity
  8
8
100
AcDbLine
 10
34453.74623354944
 20
-8141.525491369557
 30
0.0
 11
34463.94193921821
 21
-8141.525491369557
 31
0.0
  0
CIRCLE
  5
808
330
2
100
AcDbEntity
  8
3
100
AcDbCircle
 10
34447.56789644696
 20
-8150.821979647029
 30
0.0
 40
1.44
  0
LINE
  5
809
330
2
100
AcDbEntity
  8
8
100
AcDbLine
 10
34453.74623354944
 20
-8141.525491369557
 30
0.0
 11
34447.56789644696
 21
-8150.821979647033
 31
0.0
  0
LWPOLYLINE
  5
80A
330
2
100
AcDbEntity
  8
0
100
AcDbPolyline
 90
        2
 70
     0
 43
0.3555555555555555
 10
34438.2595679817
 20
-8179.131795158501
 10
34457.1509223956
 20
-8179.131795158501
  0
LINE
  5
80B
330
2
100
AcDbEntity
  8
0
100
AcDbLine
 10
34438.1695679817
 20
-8180.020684047398
 30
0.0
 11
34457.24092239559
 21
-8180.020684047398
 31
0.0
  0
TEXT
  5
80C
330
2
100
AcDbEntity
  8
0
100
AcDbText
 10
34451.52541290766
 20
-8171.722437801027
 30
0.0
 40
2.2
  1
-10
 41
0.7
100
AcDbText
  0
CIRCLE
  5
80D
330
2
100
AcDbEntity
  8
0
100
AcDbCircle
 10
34448.09691290765
 20
-8173.722437801034
 30
0.0
 40
4.0
  0
TEXT
  5
80E
330
2
100
AcDbEntity
  8
0
100
AcDbText
 10
34445.39688910763
 20
-8175.222637801029
 30
0.0
 40
3.0
  1
223
 41
0.7
 72
     1
 11
34448.09688910763
 21
-8173.722637801029
 31
0.0
100
AcDbText
 73
     2
  0
LINE
  5
80F
330
2
100
AcDbEntity
  8
1
100
AcDbLine
 10
34558.47664828791
 20
-8285.972197268195
 30
0.0
 11
34558.47664833262
 21
-8284.772214780507
 31
0.0
  0
LINE
  5
810
330
2
100
AcDbEntity
  8
1
100
AcDbLine
 10
34558.47664828791
 20
-8281.972197268198
 30
0.0
 11
34558.47664833262
 21
-8283.172214816279
 31
0.0
  0
LINE
  5
811
330
2
100
AcDbEntity
  8
1
100
AcDbLine
 10
34558.47664828791
 20
-8281.972197268198
 30
0.0
 11
34559.6766483058
 21
-8281.972214843092
 31
0.0
  0
LINE
  5
812
330
2
100
AcDbEntity
  8
1
100
AcDbLine
 10
34562.47664828792
 20
-8281.972197268198
 30
0.0
 11
34561.27664827003
 21
-8281.972214843092
 31
0.0
  0
LINE
  5
813
330
2
100
AcDbEntity
  8
1
100
AcDbLine
 10
34562.47664828792
 20
-8281.972197268198
 30
0.0
 11
34562.47664824321
 21
-8283.172214816279
 31
0.0
  0
LINE
  5
814
330
2
100
AcDbEntity
  8
1
100
AcDbLine
 10
34562.47664828792
 20
-8285.972197268195
 30
0.0
 11
34562.47664824321
 21
-8284.772214780507
 31
0.0
  0
LINE
  5
815
330
2
100
AcDbEntity
  8
1
100
AcDbLine
 10
34562.47664828792
 20
-8285.972197268195
 30
0.0
 11
34561.27664827003
 21
-8285.972214753685
 31
0.0
  0
LINE
  5
816
330
2
100
AcDbEntity
  8
1
100
AcDbLine
 10
34558.47664828791
 20
-8285.972197268195
 30
0.0
 11
34559.6766483058
 21
-8285.972214753685
 31
0.0
  0
TEXT
  5
817
330
2
100
AcDbEntity
  8
0
100
AcDbText
 10
34545.59694241655
 20
-8281.923522353425
 30
0.0
 40
2.2
  1
-10
 41
0.7
100
AcDbText
  0
CIRCLE
  5
818
330
2
100
AcDbEntity
  8
0
100
AcDbCircle
 10
34552.92678725966
 20
-8284.337425922606
 30
0.0
 40
4.0
  0
TEXT
  5
819
330
2
100
AcDbEntity
  8
0
100
AcDbText
 10
34550.22676345964
 20
-8285.8376259226
 30
0.0
 40
3.0
  1
223
 41
0.7
 72
     1
 11
34552.92676345964
 21
-8284.3376259226
 31
0.0
100
AcDbText
 73
     2
  0
TEXT
  5
81A
330
2
100
AcDbEntity
  8
0
100
AcDbText
 10
34846.64163596212
 20
-8136.718551669428
 30
0.0
 40
3.0
  1
0.4
 41
0.7
 72
     2
 11
34851.14163596212
 21
-8136.718551669428
 31
0.0
100
AcDbText
  0
TEXT
  5
81B
330
2
100
AcDbEntity
  8
0
100
AcDbText
 10
34829.74163596212
 20
-8136.718551669428
 30
0.0
 40
3.0
  1
0.20
 41
0.7
 72
     2
 11
34836.14163596212
 21
-8136.718551669428
 31
0.0
100
AcDbText
  0
TEXT
  5
81C
330
2
100
AcDbEntity
  8
0
100
AcDbText
 10
34816.94163596213
 20
-8136.718551669428
 30
0.0
 40
3.0
  1
2
 41
0.7
 72
     1
 11
34817.64163596212
 21
-8136.718551669428
 31
0.0
100
AcDbText
  0
TEXT
  5
81D
330
2
100
AcDbEntity
  8
0
100
AcDbText
 10
34807.24163596212
 20
-8136.718551669428
 30
0.0
 40
3.0
  1
50
 41
0.7
 72
     2
 11
34810.64163596212
 21
-8136.718551669428
 31
0.0
100
AcDbText
  0
TEXT
  5
81E
330
2
100
AcDbEntity
  8
0
100
AcDbText
 10
34774.64163596212
 20
-8136.718551669428
 30
0.0
 40
3.0
  1
-10X50
 41
0.7
100
AcDbText
  0
TEXT
  5
81F
330
2
100
AcDbEntity
  8
0
100
AcDbText
 10
34764.94163596213
 20
-8136.718551669428
 30
0.0
 40
3.0
  1
223
 41
0.7
 72
     1
 11
34767.64163596212
 21
-8136.718551669428
 31
0.0
100
AcDbText
  0
TEXT
  5
820
330
2
100
AcDbEntity
  8
0
100
AcDbText
 10
34817.64163596212
 20
-8156.718551669428
 30
0.0
 40
3.0
  1
 178.8 kg
 41
0.7
100
AcDbText
  0
CIRCLE
  5
821
330
2
100
AcDbEntity
  8
0
100
AcDbCircle
 10
34532.87518233106
 20
-8309.405874243095
 30
0.0
 40
0.999999988410172
  0
LINE
  5
822
102
{ACAD_REACTORS
330
828
102
}
330
2
100
AcDbEntity
  8
8
100
AcDbLine
 10
34532.87518233106
 20
-8309.405874243095
 30
0.0
 11
34532.54470424191
 21
-8331.933858423223
 31
0.0
  0
LINE
  5
823
330
2
100
AcDbEntity
  8
8
100
AcDbLine
 10
34517.03599214172
 20
-8331.933858423223
 30
0.0
 11
34532.54470424191
 21
-8331.933858423223
 31
0.0
  0
TEXT
  5
824
330
2
100
AcDbEntity
  8
2
100
AcDbText
 10
34518.66592680617
 20
-8331.270564163287
 30
0.0
 40
2.0
  1
%%c19.5\M+5B1DC\M+5C0D7\M+5C6F7\M+5BFD7
 50
359.9600942688687
 41
0.7
100
AcDbText
  0
TEXT
  5
825
330
2
100
AcDbEntity
  8
2
100
AcDbText
 10
34517.50309638136
 20
-8335.036772925081
 30
0.0
 40
2.0
  1
\M+5D3C31M16X40\M+5B7E2\M+5B6C2
 50
359.9600942688687
 41
0.7
100
AcDbText
  0
DIMENSION
  5
826
102
{ACAD_REACTORS
330
828
102
}
102
{ACAD_XDICTIONARY
360
827
102
}
330
2
100
AcDbEntity
  8
0
100
AcDbDimension
280
     0
  2
*D52
 10
34580.28592968563
 20
-8321.744545662144
 30
0.0
 11
34558.88249849338
 21
-8324.778624303013
 31
0.0
 70
     1
 71
     5
 42
860.0
 73
     0
 74
     0
 75
     0
  3
BZ$0
100
AcDbAlignedDimension
 13
34532.87518233106
 23
-8309.405874243095
 33
0.0
 14
34574.59014828794
 24
-8298.972197268196
 34
0.0
  0
LINE
  5
835
330
2
100
AcDbEntity
  8
8
100
AcDbLine
 10
34535.34753975977
 20
-8246.973858691461
 30
0.0
 11
34550.85625185997
 21
-8246.973858691461
 31
0.0
  0
TEXT
  5
836
330
2
100
AcDbEntity
  8
2
100
AcDbText
 10
34536.97747442423
 20
-8246.310564431526
 30
0.0
 40
2.0
  1
%%c19.5\M+5B1DC\M+5C0D7\M+5C6F7\M+5BFD7
 50
359.9600942688687
 41
0.7
100
AcDbText
  0
TEXT
  5
837
330
2
100
AcDbEntity
  8
2
100
AcDbText
 10
34535.81464399941
 20
-8250.07677319332
 30
0.0
 40
2.0
  1
\M+5D3C31M16X40\M+5B7E2\M+5B6C2
 50
359.9600942688687
 41
0.7
100
AcDbText
  0
CIRCLE
  5
838
330
2
100
AcDbEntity
  8
0
100
AcDbCircle
 10
34532.8751823311
 20
-8258.538520293314
 30
0.0
 40
0.999999988410172
  0
LINE
  5
839
330
2
100
AcDbEntity
  8
8
100
AcDbLine
 10
34532.8751823311
 20
-8258.538520293314
 30
0.0
 11
34535.34753975977
 21
-8246.973858691461
 31
0.0
  0
ENDSEC
  0
SECTION
  2
OBJECTS
  0
DICTIONARY
  5
B
330
0
100
AcDbDictionary
281
     1
  3
ACAD_COLOR
350
43
  3
ACAD_DETAILVIEWSTYLE
350
879
  3
ACAD_GROUP
350
40
  3
ACAD_LAYOUT
350
1A
  3
ACAD_MATERIAL
350
A
  3
ACAD_MLEADERSTYLE
350
877
  3
ACAD_MLINESTYLE
350
41
  3
ACAD_PLOTSETTINGS
350
42
  3
ACAD_PLOTSTYLENAME
350
16
  3
ACAD_SCALELIST
350
84A
  3
ACAD_SECTIONVIEWSTYLE
350
87B
  3
ACAD_TABLESTYLE
350
875
  3
ACAD_VISUALSTYLE
350
31
  3
AcDbVariableDictionary
350
87D
  3
ACDB_RECOMPOSE_DATA
350
881
  0
DICTIONARY
  5
21
330
20
100
AcDbDictionary
280
     1
281
     1
  3
ACAD_LAYERFILTERS
360
22
  3
ACAD_LAYERSTATES
360
23
  0
DICTIONARY
  5
7
330
6
100
AcDbDictionary
280
     1
281
     1
  3
ADSK_XREC_LAYER_RECONCILED
360
14
  0
DICTIONARY
  5
47
330
46
100
AcDbDictionary
280
     1
281
     1
  3
ADSK_XREC_LAYER_RECONCILED
360
49
  0
DICTIONARY
  5
B5
330
B4
100
AcDbDictionary
280
     1
281
     1
  3
ADSK_XREC_LAYER_RECONCILED
360
B7
  0
DICTIONARY
  5
6C
330
6B
100
AcDbDictionary
280
     1
281
     1
  3
ADSK_XREC_LAYER_RECONCILED
360
6E
  0
DICTIONARY
  5
EA
330
E9
100
AcDbDictionary
280
     1
281
     1
  3
ADSK_XREC_LAYER_RECONCILED
360
EC
  0
DICTIONARY
  5
66
330
65
100
AcDbDictionary
280
     1
281
     1
  3
ADSK_XREC_LAYER_RECONCILED
360
68
  0
DICTIONARY
  5
369
330
368
100
AcDbDictionary
280
     1
281
     1
  3
ADSK_XREC_LAYER_RECONCILED
360
36B
  0
DICTIONARY
  5
60
330
5F
100
AcDbDictionary
280
     1
281
     1
  3
ADSK_XREC_LAYER_RECONCILED
360
62
  0
DICTIONARY
  5
3
330
2
100
AcDbDictionary
280
     1
281
     1
  3
ACAD_SORTENTS
360
4
  0
DICTIONARY
  5
38
330
37
100
AcDbDictionary
280
     1
281
     1
  3
ACAD_SORTENTS
360
39
  0
DICTIONARY
  5
4B
330
4A
100
AcDbDictionary
280
     1
281
     1
  3
ACAD_SORTENTS
360
4C
  0
DICTIONARY
  5
F4
330
F3
100
AcDbDictionary
280
     1
281
     1
  3
ACAD_SORTENTS
360
F5
  0
DICTIONARY
  5
5D3
330
5D2
100
AcDbDictionary
280
     1
281
     1
  3
ACAD_SORTENTS
360
5D4
  0
DICTIONARY
  5
5DF
330
5DE
100
AcDbDictionary
280
     1
281
     1
  3
ACAD_SORTENTS
360
5E0
  0
DICTIONARY
  5
827
330
826
100
AcDbDictionary
280
     1
281
     1
  3
ACAD_DIMASSOC
360
828
  0
DICTIONARY
  5
43
102
{ACAD_REACTORS
330
B
102
}
330
B
100
AcDbDictionary
281
     1
  0
DICTIONARY
  5
879
102
{ACAD_REACTORS
330
B
102
}
330
B
100
AcDbDictionary
281
     1
  3
Metric50
350
87A
  0
DICTIONARY
  5
40
102
{ACAD_REACTORS
330
B
102
}
330
B
100
AcDbDictionary
281
     1
  0
DICTIONARY
  5
1A
102
{ACAD_REACTORS
330
B
102
}
330
B
100
AcDbDictionary
281
     1
  3
Model
350
19
  3
\M+5B2BC\M+5BED61
350
1F
  0
DICTIONARY
  5
A
102
{ACAD_REACTORS
330
B
102
}
330
B
100
AcDbDictionary
281
     1
  3
ByBlock
350
85D
  3
ByLayer
350
85C
  3
Global
350
9
  0
DICTIONARY
  5
877
102
{ACAD_REACTORS
330
B
102
}
330
B
100
AcDbDictionary
281
     1
  3
Standard
350
878
  0
DICTIONARY
  5
41
102
{ACAD_REACTORS
330
B
102
}
330
B
100
AcDbDictionary
281
     1
  3
Standard
350
44
  0
DICTIONARY
  5
42
102
{ACAD_REACTORS
330
B
102
}
330
B
100
AcDbDictionary
281
     1
  0
ACDBDICTIONARYWDFLT
  5
16
102
{ACAD_REACTORS
330
B
102
}
330
B
100
AcDbDictionary
281
     1
  3
Normal
350
15
100
AcDbDictionaryWithDefault
340
15
  0
DICTIONARY
  5
84A
102
{ACAD_REACTORS
330
B
102
}
330
B
100
AcDbDictionary
281
     1
  3
A0
350
84B
  3
A1
350
84C
  3
A2
350
84D
  3
A3
350
84E
  3
A4
350
84F
  3
A5
350
850
  3
A6
350
851
  3
A7
350
852
  3
A8
350
853
  3
A9
350
854
  3
B0
350
855
  3
B1
350
856
  3
B2
350
857
  3
B3
350
858
  3
B4
350
859
  3
B5
350
85A
  3
B6
350
85B
  0
DICTIONARY
  5
87B
102
{ACAD_REACTORS
330
B
102
}
330
B
100
AcDbDictionary
281
     1
  3
Metric50
350
87C
  0
DICTIONARY
  5
875
102
{ACAD_REACTORS
330
B
102
}
330
B
100
AcDbDictionary
281
     1
  3
Standard
350
876
  0
DICTIONARY
  5
31
102
{ACAD_REACTORS
330
B
102
}
330
B
100
AcDbDictionary
281
     1
  3
2dWireframe
350
30
  3
Basic
350
864
  3
Brighten
350
868
  3
ColorChange
350
86C
  3
Conceptual
350
866
  3
Dim
350
867
  3
EdgeColorOff
350
86F
  3
Facepattern
350
86B
  3
Flat
350
85E
  3
FlatWithEdges
350
85F
  3
Gouraud
350
860
  3
GouraudWithEdges
350
861
  3
Hidden
350
863
  3
JitterOff
350
86D
  3
Linepattern
350
86A
  3
OverhangOff
350
86E
  3
Realistic
350
865
  3
Shaded
350
874
  3
Shaded with edges
350
873
  3
Shades of Gray
350
870
  3
Sketchy
350
871
  3
Thicken
350
869
  3
Wireframe
350
862
  3
X-Ray
350
872
  0
DICTIONARY
  5
87D
102
{ACAD_REACTORS
330
B
102
}
330
B
100
AcDbDictionary
281
     1
  3
CANNOSCALE
350
87E
  3
CMLEADERSTYLE
350
883
  3
CTABLESTYLE
350
882
  3
CVIEWDETAILSTYLE
350
886
  3
CVIEWSECTIONSTYLE
350
887
  3
MSLTSCALE
350
884
  3
XCLIPFRAME
350
885
  0
XRECORD
  5
881
102
{ACAD_REACTORS
330
B
102
}
330
B
100
AcDbXrecord
280
     1
 90
        1
330
876
  0
DICTIONARY
  5
22
102
{ACAD_REACTORS
330
21
102
}
330
21
100
AcDbDictionary
281
     1
  0
DICTIONARY
  5
23
102
{ACAD_REACTORS
330
21
102
}
330
21
100
AcDbDictionary
281
     1
  0
XRECORD
  5
14
102
{ACAD_REACTORS
330
7
102
}
330
7
100
AcDbXrecord
280
     1
290
     1
  0
XRECORD
  5
49
102
{ACAD_REACTORS
330
47
102
}
330
47
100
AcDbXrecord
280
     1
290
     1
  0
XRECORD
  5
B7
102
{ACAD_REACTORS
330
B5
102
}
330
B5
100
AcDbXrecord
280
     1
290
     1
  0
XRECORD
  5
6E
102
{ACAD_REACTORS
330
6C
102
}
330
6C
100
AcDbXrecord
280
     1
290
     1
  0
XRECORD
  5
EC
102
{ACAD_REACTORS
330
EA
102
}
330
EA
100
AcDbXrecord
280
     1
290
     1
  0
XRECORD
  5
68
102
{ACAD_REACTORS
330
66
102
}
330
66
100
AcDbXrecord
280
     1
290
     1
  0
XRECORD
  5
36B
102
{ACAD_REACTORS
330
369
102
}
330
369
100
AcDbXrecord
280
     1
290
     1
  0
XRECORD
  5
62
102
{ACAD_REACTORS
330
60
102
}
330
60
100
AcDbXrecord
280
     1
290
     1
  0
SORTENTSTABLE
  5
4
102
{ACAD_REACTORS
330
3
102
}
330
3
100
AcDbSortentsTable
330
2
  0
SORTENTSTABLE
  5
39
102
{ACAD_REACTORS
330
38
102
}
330
38
100
AcDbSortentsTable
330
37
  0
SORTENTSTABLE
  5
4C
102
{ACAD_REACTORS
330
4B
102
}
330
4B
100
AcDbSortentsTable
330
4A
  0
SORTENTSTABLE
  5
F5
102
{ACAD_REACTORS
330
F4
102
}
330
F4
100
AcDbSortentsTable
330
F3
  0
SORTENTSTABLE
  5
5D4
102
{ACAD_REACTORS
330
5D3
102
}
330
5D3
100
AcDbSortentsTable
330
5D2
  0
SORTENTSTABLE
  5
5E0
102
{ACAD_REACTORS
330
5DF
102
}
330
5DF
100
AcDbSortentsTable
330
5DE
  0
DIMASSOC
  5
828
102
{ACAD_REACTORS
330
827
102
}
330
827
100
AcDbDimAssoc
330
826
 90
        3
 70
     0
 71
     0
  1
AcDbOsnapPointRef
 72
    13
331
822
 73
     2
 91
        0
 40
0.0
 10
0.0
 20
0.0
 30
2.000000000000000E+50
 75
     0
  1
AcDbOsnapPointRef
 72
     1
331
1F1
 73
     2
 91
        0
 40
1.0
 10
0.0
 20
0.0
 30
2.000000000000000E+50
 75
     0
  0
ACDBDETAILVIEWSTYLE
  5
87A
102
{ACAD_REACTORS
330
879
102
}
330
879
100
AcDbModelDocViewStyle
 70
     0
  3
Metric50
290
     0
300
Metric50
 90
        0
100
AcDbDetailViewStyle
 70
     0
 71
     0
 90
        3
 71
     1
340
25
 62
   256
 40
5.0
340
0
 62
   256
 40
5.0
300

 40
0.36
280
     1
 71
     2
340
17
 90
       25
 62
   256
 71
     3
340
25
 62
   256
 40
5.0
 90
        0
 40
15.0
 90
        1
300
%<\AcVar ViewDetailId>% (%<\AcVar ViewScale \f "%sn">%)
 71
     4
340
17
 90
       25
 62
   256
340
17
 90
       25
 62
   256
280
     0
  0
LAYOUT
  5
19
102
{ACAD_REACTORS
330
1A
102
}
330
1A
100
AcDbPlotSettings
  1

  2
Generic 42BW-4SeriesPCL
  4
A3
  6

 40
5.027082920074463
 41
5.027085781097412
 42
5.027099609375
 43
5.027069091796875
 44
296.9259948730469
 45
419.9466552734375
 46
0.0
 47
0.0
 48
12152558.409159
 49
717597.505138
140
12153399.409159
141
718191.505138
142
1.0
143
2.070611243214594
 70
  3760
 72
     1
 73
     1
 74
     4
  7
monochrome.ctb
 75
     0
 76
     1
 77
     2
 78
   300
147
0.4829491790296253
148
-12152558.409159
149
-717597.505138
100
AcDbLayout
  1
Model
 70
     1
 71
     0
 10
0.0
 20
0.0
 11
12.0
 21
9.0
 12
0.0
 22
0.0
 32
0.0
 14
0.0
 24
0.0
 34
0.0
 15
0.0
 25
0.0
 35
0.0
146
0.0
 13
0.0
 23
0.0
 33
0.0
 16
1.0
 26
0.0
 36
0.0
 17
0.0
 27
1.0
 37
0.0
 76
     0
330
2
331
849
1001
ACAD_PSEXT
1000
Generic 42BW-4SeriesPCL
1000
Generic 42BW-4SeriesPCL
1000
IP_10.0.10.23
1000

1070
     0
  0
LAYOUT
  5
1F
102
{ACAD_REACTORS
330
1A
102
}
330
1A
100
AcDbPlotSettings
  1

  2
None
  4

  6

 40
0.0
 41
0.0
 42
0.0
 43
0.0
 44
0.0
 45
0.0
 46
0.0
 47
0.0
 48
0.0
 49
0.0
140
0.0
141
0.0
142
1.0
143
1.0
 70
   688
 72
     0
 73
     0
 74
     5
  7
monochrome.ctb
 75
    16
 76
     0
 77
     2
 78
   300
147
1.0
148
0.0
149
0.0
100
AcDbLayout
  1
\M+5B2BC\M+5BED61
 70
     1
 71
     1
 10
0.0
 20
0.0
 11
12.0
 21
9.0
 12
0.0
 22
0.0
 32
0.0
 14
0.0
 24
0.0
 34
0.0
 15
0.0
 25
0.0
 35
0.0
146
0.0
 13
0.0
 23
0.0
 33
0.0
 16
1.0
 26
0.0
 36
0.0
 17
0.0
 27
1.0
 37
0.0
 76
     0
330
1C
  0
MATERIAL
  5
85D
102
{ACAD_REACTORS
330
A
102
}
330
A
100
AcDbMaterial
  1
ByBlock
 72
     1
 94
      127
  0
MATERIAL
  5
85C
102
{ACAD_REACTORS
330
A
102
}
330
A
100
AcDbMaterial
  1
ByLayer
 72
     1
 94
      127
  0
MATERIAL
  5
9
102
{ACAD_REACTORS
330
A
102
}
330
A
100
AcDbMaterial
  1
Global
 72
     0
 73
     2
 43
0.0008202099737533
 43
0.0
 43
0.0
 43
0.0
 43
0.0
 43
0.0008202099737533
 43
0.0
 43
0.0
 43
0.0
 43
0.0
 43
1.0
 43
0.0
 43
0.0
 43
0.0
 43
0.0
 43
1.0
 77
     0
 78
     2
 47
0.0008202099737533
 47
0.0
 47
0.0
 47
0.0
 47
0.0
 47
0.0008202099737533
 47
0.0
 47
0.0
 47
0.0
 47
0.0
 47
1.0
 47
0.0
 47
0.0
 47
0.0
 47
0.0
 47
1.0
171
     0
172
     2
 49
0.0008202099737533
 49
0.0
 49
0.0
 49
0.0
 49
0.0
 49
0.0008202099737533
 49
0.0
 49
0.0
 49
0.0
 49
0.0
 49
1.0
 49
0.0
 49
0.0
 49
0.0
 49
0.0
 49
1.0
175
     0
176
     2
142
0.0008202099737533
142
0.0
142
0.0
142
0.0
142
0.0
142
0.0008202099737533
142
0.0
142
0.0
142
0.0
142
0.0
142
1.0
142
0.0
142
0.0
142
0.0
142
0.0
142
1.0
179
     0
270
     2
144
0.0008202099737533
144
0.0
144
0.0
144
0.0
144
0.0
144
0.0008202099737533
144
0.0
144
0.0
144
0.0
144
0.0
144
1.0
144
0.0
144
0.0
144
0.0
144
0.0
144
1.0
274
     2
147
0.0008202099737533
147
0.0
147
0.0
147
0.0
147
0.0
147
0.0008202099737533
147
0.0
147
0.0
147
0.0
147
0.0
147
1.0
147
0.0
147
0.0
147
0.0
147
0.0
147
1.0
 94
      127
  0
MLEADERSTYLE
  5
878
102
{ACAD_REACTORS
330
877
102
}
330
877
100
AcDbMLeaderStyle
179
     2
170
     2
171
     1
172
     0
 90
        2
 40
0.0
 41
0.0
173
     1
 91
-1056964608
340
28
 92
       -2
290
     1
 42
2.0
291
     1
 43
8.0
  3
Standard
341
0
 44
4.0
300

342
25
174
     1
178
     6
175
     1
176
     0
 93
-1056964608
 45
4.0
292
     0
297
     0
 46
4.0
343
0
 94
-1056964608
 47
1.0
 49
1.0
140
1.0
293
     1
141
0.0
294
     1
177
     0
142
1.0
295
     0
296
     0
143
3.75
271
     0
272
     9
273
     9
298
     0
  0
MLINESTYLE
  5
44
102
{ACAD_REACTORS
330
41
102
}
330
41
100
AcDbMlineStyle
  2
STANDARD
 70
     0
  3

 62
   256
 51
90.0
 52
90.0
 71
     2
 49
0.5
 62
   256
  6
BYLAYER
 49
-0.5
 62
   256
  6
BYLAYER
  0
ACDBPLACEHOLDER
  5
15
102
{ACAD_REACTORS
330
16
102
}
330
16
  0
SCALE
  5
84B
102
{ACAD_REACTORS
330
84A
102
}
330
84A
100
AcDbScale
 70
     0
300
1:1
140
1.0
141
1.0
290
     1
  0
SCALE
  5
84C
102
{ACAD_REACTORS
330
84A
102
}
330
84A
100
AcDbScale
 70
     0
300
1:2
140
1.0
141
2.0
290
     0
  0
SCALE
  5
84D
102
{ACAD_REACTORS
330
84A
102
}
330
84A
100
AcDbScale
 70
     0
300
1:4
140
1.0
141
4.0
290
     0
  0
SCALE
  5
84E
102
{ACAD_REACTORS
330
84A
102
}
330
84A
100
AcDbScale
 70
     0
300
1:5
140
1.0
141
5.0
290
     0
  0
SCALE
  5
84F
102
{ACAD_REACTORS
330
84A
102
}
330
84A
100
AcDbScale
 70
     0
300
1:8
140
1.0
141
8.0
290
     0
  0
SCALE
  5
850
102
{ACAD_REACTORS
330
84A
102
}
330
84A
100
AcDbScale
 70
     0
300
1:10
140
1.0
141
10.0
290
     0
  0
SCALE
  5
851
102
{ACAD_REACTORS
330
84A
102
}
330
84A
100
AcDbScale
 70
     0
300
1:16
140
1.0
141
16.0
290
     0
  0
SCALE
  5
852
102
{ACAD_REACTORS
330
84A
102
}
330
84A
100
AcDbScale
 70
     0
300
1:20
140
1.0
141
20.0
290
     0
  0
SCALE
  5
853
102
{ACAD_REACTORS
330
84A
102
}
330
84A
100
AcDbScale
 70
     0
300
1:30
140
1.0
141
30.0
290
     0
  0
SCALE
  5
854
102
{ACAD_REACTORS
330
84A
102
}
330
84A
100
AcDbScale
 70
     0
300
1:40
140
1.0
141
40.0
290
     0
  0
SCALE
  5
855
102
{ACAD_REACTORS
330
84A
102
}
330
84A
100
AcDbScale
 70
     0
300
1:50
140
1.0
141
50.0
290
     0
  0
SCALE
  5
856
102
{ACAD_REACTORS
330
84A
102
}
330
84A
100
AcDbScale
 70
     0
300
1:100
140
1.0
141
100.0
290
     0
  0
SCALE
  5
857
102
{ACAD_REACTORS
330
84A
102
}
330
84A
100
AcDbScale
 70
     0
300
2:1
140
2.0
141
1.0
290
     0
  0
SCALE
  5
858
102
{ACAD_REACTORS
330
84A
102
}
330
84A
100
AcDbScale
 70
     0
300
4:1
140
4.0
141
1.0
290
     0
  0
SCALE
  5
859
102
{ACAD_REACTORS
330
84A
102
}
330
84A
100
AcDbScale
 70
     0
300
8:1
140
8.0
141
1.0
290
     0
  0
SCALE
  5
85A
102
{ACAD_REACTORS
330
84A
102
}
330
84A
100
AcDbScale
 70
     0
300
10:1
140
10.0
141
1.0
290
     0
  0
SCALE
  5
85B
102
{ACAD_REACTORS
330
84A
102
}
330
84A
100
AcDbScale
 70
     0
300
100:1
140
100.0
141
1.0
290
     0
  0
ACDBSECTIONVIEWSTYLE
  5
87C
102
{ACAD_REACTORS
330
87B
102
}
330
87B
100
AcDbModelDocViewStyle
 70
     0
  3
Metric50
290
     0
300
Metric50
 90
        0
100
AcDbSectionViewStyle
 70
     0
 71
     0
 90
      102
 71
     1
340
25
 62
   256
 40
5.0
340
0
340
0
 62
   256
 40
5.0
300
I, O, Q, S, X, Z
 40
10.0
 90
        0
 40
2.5
 90
        0
 71
     2
340
17
 90
       25
 62
   256
340
17
 90
       50
 62
   256
 40
5.0
 40
2.5
 40
5.0
 71
     3
340
25
 62
   256
 40
5.0
 90
        0
 40
15.0
 90
        1
300
%<\AcVar ViewSectionStartId>%-%<\AcVar ViewSectionEndId>% (%<\AcVar ViewScale \f "%sn">%)
 71
     4
 62
   256
 62
   257
300
ANSI31
 40
1.0
 90
        0
290
     0
290
     0
 90
        6
 40
0.0
 40
1.570796326794897
 40
0.2617993877991494
 40
1.308996938995747
 40
-0.2617993877991494
 40
1.832595714594046
  0
TABLESTYLE
  5
876
102
{ACAD_REACTORS
330
875
102
}
102
{ACAD_XDICTIONARY
360
87F
102
}
330
875
100
AcDbTableStyle
  3
Standard
 70
     0
 71
     0
 40
0.06
 41
0.06
280
     0
281
     0
  7
Standard
140
4.5
170
     2
 62
     0
 63
   257
283
     0
 90
        4
 91
        0
  1

274
    -2
284
     1
 64
     0
275
    -2
285
     1
 65
     0
276
    -2
286
     1
 66
     0
277
    -2
287
     1
 67
     0
278
    -2
288
     1
 68
     0
279
    -2
289
     1
 69
     0
  7
Standard
140
6.0
170
     5
 62
     0
 63
   257
283
     0
 90
        4
 91
        0
  1

274
    -2
284
     1
 64
     0
275
    -2
285
     1
 65
     0
276
    -2
286
     1
 66
     0
277
    -2
287
     1
 67
     0
278
    -2
288
     1
 68
     0
279
    -2
289
     1
 69
     0
  7
Standard
140
4.5
170
     5
 62
     0
 63
   257
283
     0
 90
        4
 91
        0
  1

274
    -2
284
     1
 64
     0
275
    -2
285
     1
 65
     0
276
    -2
286
     1
 66
     0
277
    -2
287
     1
 67
     0
278
    -2
288
     1
 68
     0
279
    -2
289
     1
 69
     0
  0
VISUALSTYLE
  5
30
102
{ACAD_REACTORS
330
31
102
}
330
31
100
AcDbVisualStyle
  2
2dWireframe
 70
     4
177
     3
291
     0
 70
    58
 90
        0
176
     1
 90
        2
176
     1
 90
        0
176
     1
 90
        0
176
     1
 40
-0.6
176
     1
 40
-30.0
176
     1
 62
     7
176
     1
 90
        1
176
     1
 90
        4
176
     1
 62
     7
176
     1
 62
   257
176
     1
 90
        1
176
     1
 90
        1
176
     1
 40
1.0
176
     1
 90
        0
176
     1
 62
   257
176
     1
 40
1.0
176
     1
 90
        1
176
     1
 90
        6
176
     1
 90
        2
176
     1
 62
     7
176
     1
 90
        5
176
     1
 90
        0
176
     1
 90
        0
176
     1
290
     0
176
     1
 90
        1
176
     1
 40
0.0
176
     1
 90
        0
176
     1
290
     1
176
     1
290
     1
176
     1
290
     0
176
     1
290
     0
176
     1
290
     0
176
     1
290
     0
176
     1
290
     0
176
     1
290
     0
176
     1
290
     0
176
     1
 90
       50
176
     1
 40
0.0
176
     1
 40
1.0
176
     1
 90
        0
176
     1
 62
    18
420
        0
176
     1
 90
       50
176
     1
 90
        3
176
     1
 62
     5
420
      255
176
     1
290
     0
176
     1
 90
       50
176
     1
 90
       50
176
     1
 90
       50
176
     1
290
     0
176
     1
 90
       50
176
     1
 62
   256
176
     0
 40
1.0
176
     0
 90
        2
176
     1
  1
strokes_ogs.tif
176
     1
290
     0
176
     1
 40
1.0
176
     1
 40
1.0
176
     1
  0
VISUALSTYLE
  5
864
102
{ACAD_REACTORS
330
31
102
}
330
31
100
AcDbVisualStyle
  2
Basic
 70
     7
177
     3
291
     1
 70
    58
 90
        1
176
     1
 90
        0
176
     1
 90
        1
176
     1
 90
        0
176
     1
 40
0.6
176
     1
 40
30.0
176
     1
 62
     7
420
 16777215
176
     1
 90
        0
176
     1
 90
        4
176
     1
 62
     7
176
     1
 62
   257
176
     1
 90
        1
176
     1
 90
        1
176
     1
 40
1.0
176
     1
 90
        8
176
     1
 62
     7
176
     1
 40
1.0
176
     1
 90
        1
176
     1
 90
        6
176
     1
 90
        2
176
     1
 62
     7
176
     1
 90
        5
176
     1
 90
        0
176
     1
 90
        0
176
     1
290
     0
176
     1
 90
        1
176
     1
 40
0.0
176
     1
 90
        0
176
     1
290
     0
176
     1
290
     1
176
     1
290
     1
176
     1
290
     0
176
     1
290
     0
176
     1
290
     0
176
     1
290
     0
176
     1
290
     0
176
     1
290
     0
176
     1
 90
       50
176
     1
 40
0.0
176
     1
 40
1.0
176
     1
 90
        0
176
     1
 62
    18
420
        0
176
     1
 90
       50
176
     1
 90
        3
176
     1
 62
     5
420
      255
176
     1
290
     0
176
     1
 90
       50
176
     1
 90
       50
176
     1
 90
       50
176
     1
290
     0
176
     1
 90
       50
176
     1
 62
   256
176
     0
 40
1.0
176
     0
 90
        2
176
     1
  1
strokes_ogs.tif
176
     1
290
     0
176
     1
 40
1.0
176
     1
 40
1.0
176
     1
  0
VISUALSTYLE
  5
868
102
{ACAD_REACTORS
330
31
102
}
330
31
100
AcDbVisualStyle
  2
Brighten
 70
    12
177
     3
291
     1
 70
    58
 90
        2
176
     1
 90
        2
176
     1
 90
        0
176
     1
 90
        0
176
     1
 40
0.6
176
     1
 40
30.0
176
     1
 62
     7
420
 16777215
176
     1
 90
        1
176
     1
 90
        4
176
     1
 62
     7
176
     1
 62
   257
176
     1
 90
        1
176
     1
 90
        1
176
     1
 40
1.0
176
     1
 90
        8
176
     1
 62
     7
176
     1
 40
1.0
176
     1
 90
        1
176
     1
 90
        6
176
     1
 90
        2
176
     1
 62
     7
176
     1
 90
        5
176
     1
 90
        0
176
     1
 90
        0
176
     1
290
     0
176
     1
 90
        1
176
     1
 40
50.0
176
     1
 90
        0
176
     1
290
     0
176
     1
290
     1
176
     1
290
     1
176
     1
290
     0
176
     1
290
     0
176
     1
290
     0
176
     1
290
     0
176
     1
290
     0
176
     1
290
     0
176
     1
 90
       50
176
     1
 40
0.0
176
     1
 40
1.0
176
     1
 90
        0
176
     1
 62
    18
420
        0
176
     1
 90
       50
176
     1
 90
        3
176
     1
 62
     5
420
      255
176
     1
290
     0
176
     1
 90
       50
176
     1
 90
       50
176
     1
 90
       50
176
     1
290
     0
176
     1
 90
       50
176
     1
 62
   256
176
     0
 40
1.0
176
     0
 90
        2
176
     1
  1
strokes_ogs.tif
176
     1
290
     0
176
     1
 40
1.0
176
     1
 40
1.0
176
     1
  0
VISUALSTYLE
  5
86C
102
{ACAD_REACTORS
330
31
102
}
330
31
100
AcDbVisualStyle
  2
ColorChange
 70
    16
177
     3
291
     1
 70
    58
 90
        2
176
     1
 90
        2
176
     1
 90
        3
176
     1
 90
        0
176
     1
 40
0.6
176
     1
 40
30.0
176
     1
 62
     8
420
  8421504
176
     1
 90
        1
176
     1
 90
        4
176
     1
 62
     7
176
     1
 62
   257
176
     1
 90
        1
176
     1
 90
        1
176
     1
 40
1.0
176
     1
 90
        8
176
     1
 62
     8
420
  8421504
176
     1
 40
1.0
176
     1
 90
        1
176
     1
 90
        6
176
     1
 90
        2
176
     1
 62
     7
176
     1
 90
        5
176
     1
 90
        0
176
     1
 90
        0
176
     1
290
     0
176
     1
 90
        1
176
     1
 40
0.0
176
     1
 90
        0
176
     1
290
     0
176
     1
290
     1
176
     1
290
     1
176
     1
290
     0
176
     1
290
     0
176
     1
290
     0
176
     1
290
     0
176
     1
290
     0
176
     1
290
     0
176
     1
 90
       50
176
     1
 40
0.0
176
     1
 40
1.0
176
     1
 90
        0
176
     1
 62
    18
420
        0
176
     1
 90
       50
176
     1
 90
        3
176
     1
 62
     5
420
      255
176
     1
290
     0
176
     1
 90
       50
176
     1
 90
       50
176
     1
 90
       50
176
     1
290
     0
176
     1
 90
       50
176
     1
 62
   256
176
     0
 40
1.0
176
     0
 90
        2
176
     1
  1
strokes_ogs.tif
176
     1
290
     0
176
     1
 40
1.0
176
     1
 40
1.0
176
     1
  0
VISUALSTYLE
  5
866
102
{ACAD_REACTORS
330
31
102
}
330
31
100
AcDbVisualStyle
  2
Conceptual
 70
     9
177
     3
291
     0
 70
    58
 90
        3
176
     1
 90
        2
176
     1
 90
        0
176
     1
 90
        0
176
     1
 40
0.6
176
     1
 40
30.0
176
     1
 62
     7
420
 16777215
176
     1
 90
        2
176
     1
 90
        2
176
     1
 62
     7
176
     1
 62
   257
176
     1
 90
        1
176
     1
 90
        1
176
     1
 40
179.0
176
     1
 90
        8
176
     1
 62
     7
176
     1
 40
1.0
176
     1
 90
        1
176
     1
 90
        6
176
     1
 90
        2
176
     1
 62
     7
176
     1
 90
        3
176
     1
 90
        0
176
     1
 90
        0
176
     1
290
     0
176
     1
 90
        1
176
     1
 40
0.0
176
     1
 90
        0
176
     1
290
     0
176
     1
290
     1
176
     1
290
     1
176
     1
290
     0
176
     1
290
     0
176
     1
290
     0
176
     1
290
     0
176
     1
290
     0
176
     1
290
     0
176
     1
 90
       50
176
     1
 40
0.0
176
     1
 40
1.0
176
     1
 90
        0
176
     1
 62
    18
420
        0
176
     1
 90
       50
176
     1
 90
        3
176
     1
 62
     5
420
      255
176
     1
290
     0
176
     1
 90
       50
176
     1
 90
       50
176
     1
 90
       50
176
     1
290
     0
176
     1
 90
       50
176
     1
 62
   256
176
     0
 40
1.0
176
     0
 90
        2
176
     1
  1
strokes_ogs.tif
176
     1
290
     0
176
     1
 40
1.0
176
     1
 40
1.0
176
     1
  0
VISUALSTYLE
  5
867
102
{ACAD_REACTORS
330
31
102
}
330
31
100
AcDbVisualStyle
  2
Dim
 70
    11
177
     3
291
     1
 70
    58
 90
        2
176
     1
 90
        2
176
     1
 90
        0
176
     1
 90
        0
176
     1
 40
0.6
176
     1
 40
30.0
176
     1
 62
     7
420
 16777215
176
     1
 90
        1
176
     1
 90
        4
176
     1
 62
     7
176
     1
 62
   257
176
     1
 90
        1
176
     1
 90
        1
176
     1
 40
1.0
176
     1
 90
        8
176
     1
 62
     7
176
     1
 40
1.0
176
     1
 90
        1
176
     1
 90
        6
176
     1
 90
        2
176
     1
 62
     7
176
     1
 90
        5
176
     1
 90
        0
176
     1
 90
        0
176
     1
290
     0
176
     1
 90
        1
176
     1
 40
-50.0
176
     1
 90
        0
176
     1
290
     0
176
     1
290
     1
176
     1
290
     1
176
     1
290
     0
176
     1
290
     0
176
     1
290
     0
176
     1
290
     0
176
     1
290
     0
176
     1
290
     0
176
     1
 90
       50
176
     1
 40
0.0
176
     1
 40
1.0
176
     1
 90
        0
176
     1
 62
    18
420
        0
176
     1
 90
       50
176
     1
 90
        3
176
     1
 62
     5
420
      255
176
     1
290
     0
176
     1
 90
       50
176
     1
 90
       50
176
     1
 90
       50
176
     1
290
     0
176
     1
 90
       50
176
     1
 62
   256
176
     0
 40
1.0
176
     0
 90
        2
176
     1
  1
strokes_ogs.tif
176
     1
290
     0
176
     1
 40
1.0
176
     1
 40
1.0
176
     1
  0
VISUALSTYLE
  5
86F
102
{ACAD_REACTORS
330
31
102
}
330
31
100
AcDbVisualStyle
  2
EdgeColorOff
 70
    22
177
     3
291
     1
 70
    58
 90
        2
176
     0
 90
        2
176
     0
 90
        0
176
     0
 90
        0
176
     0
 40
0.6
176
     0
 40
30.0
176
     0
 62
     7
420
 16777215
176
     0
 90
        1
176
     0
 90
        4
176
     0
 62
     7
176
     0
 62
   257
176
     0
 90
        1
176
     0
 90
        1
176
     0
 40
1.0
176
     0
 90
        8
176
     2
 62
     7
176
     0
 40
1.0
176
     0
 90
        1
176
     0
 90
        6
176
     0
 90
        2
176
     0
 62
     7
176
     0
 90
        5
176
     0
 90
        0
176
     0
 90
        0
176
     0
290
     0
176
     0
 90
        1
176
     0
 40
0.0
176
     0
 90
        0
176
     0
290
     0
176
     0
290
     1
176
     0
290
     1
176
     0
290
     0
176
     0
290
     0
176
     0
290
     0
176
     0
290
     0
176
     0
290
     0
176
     0
290
     0
176
     0
 90
       50
176
     0
 40
0.0
176
     0
 40
1.0
176
     0
 90
        0
176
     0
 62
    18
420
        0
176
     0
 90
       50
176
     0
 90
        3
176
     0
 62
     5
420
      255
176
     0
290
     0
176
     0
 90
       50
176
     0
 90
       50
176
     0
 90
       50
176
     0
290
     0
176
     0
 90
       50
176
     0
 62
   256
176
     0
 40
1.0
176
     0
 90
        2
176
     0
  1
strokes_ogs.tif
176
     0
290
     0
176
     0
 40
1.0
176
     0
 40
1.0
176
     0
  0
VISUALSTYLE
  5
86B
102
{ACAD_REACTORS
330
31
102
}
330
31
100
AcDbVisualStyle
  2
Facepattern
 70
    15
177
     3
291
     1
 70
    58
 90
        2
176
     1
 90
        2
176
     1
 90
        0
176
     1
 90
        0
176
     1
 40
0.6
176
     1
 40
30.0
176
     1
 62
     7
420
 16777215
176
     1
 90
        1
176
     1
 90
        4
176
     1
 62
     7
176
     1
 62
   257
176
     1
 90
        1
176
     1
 90
        1
176
     1
 40
1.0
176
     1
 90
        8
176
     1
 62
     7
176
     1
 40
1.0
176
     1
 90
        1
176
     1
 90
        6
176
     1
 90
        2
176
     1
 62
     7
176
     1
 90
        5
176
     1
 90
        0
176
     1
 90
        0
176
     1
290
     0
176
     1
 90
        1
176
     1
 40
0.0
176
     1
 90
        0
176
     1
290
     0
176
     1
290
     1
176
     1
290
     1
176
     1
290
     0
176
     1
290
     0
176
     1
290
     0
176
     1
290
     0
176
     1
290
     0
176
     1
290
     0
176
     1
 90
       50
176
     1
 40
0.0
176
     1
 40
1.0
176
     1
 90
        0
176
     1
 62
    18
420
        0
176
     1
 90
       50
176
     1
 90
        3
176
     1
 62
     5
420
      255
176
     1
290
     0
176
     1
 90
       50
176
     1
 90
       50
176
     1
 90
       50
176
     1
290
     0
176
     1
 90
       50
176
     1
 62
   256
176
     0
 40
1.0
176
     0
 90
        2
176
     1
  1
strokes_ogs.tif
176
     1
290
     0
176
     1
 40
1.0
176
     1
 40
1.0
176
     1
  0
VISUALSTYLE
  5
85E
102
{ACAD_REACTORS
330
31
102
}
330
31
100
AcDbVisualStyle
  2
Flat
 70
     0
177
     3
291
     1
 70
    58
 90
        2
176
     1
 90
        1
176
     1
 90
        1
176
     1
 90
        2
176
     1
 40
0.6
176
     1
 40
30.0
176
     1
 62
     7
420
 16777215
176
     1
 90
        0
176
     1
 90
        0
176
     1
 62
     7
176
     1
 62
   257
176
     1
 90
        1
176
     1
 90
        1
176
     1
 40
1.0
176
     1
 90
        8
176
     1
 62
     7
176
     1
 40
1.0
176
     1
 90
        1
176
     1
 90
        6
176
     1
 90
        2
176
     1
 62
     7
176
     1
 90
        5
176
     1
 90
        0
176
     1
 90
        0
176
     1
290
     0
176
     1
 90
       13
176
     1
 40
0.0
176
     1
 90
        0
176
     1
290
     0
176
     1
290
     1
176
     1
290
     1
176
     1
290
     0
176
     1
290
     0
176
     1
290
     0
176
     1
290
     0
176
     1
290
     0
176
     1
290
     0
176
     1
 90
       50
176
     1
 40
0.0
176
     1
 40
1.0
176
     1
 90
        0
176
     1
 62
    18
420
        0
176
     1
 90
       50
176
     1
 90
        3
176
     1
 62
     5
420
      255
176
     1
290
     0
176
     1
 90
       50
176
     1
 90
       50
176
     1
 90
       50
176
     1
290
     0
176
     1
 90
       50
176
     1
 62
   256
176
     0
 40
1.0
176
     0
 90
        2
176
     1
  1
strokes_ogs.tif
176
     1
290
     0
176
     1
 40
1.0
176
     1
 40
1.0
176
     1
  0
VISUALSTYLE
  5
85F
102
{ACAD_REACTORS
330
31
102
}
330
31
100
AcDbVisualStyle
  2
FlatWithEdges
 70
     1
177
     3
291
     1
 70
    58
 90
        2
176
     1
 90
        1
176
     1
 90
        1
176
     1
 90
        2
176
     1
 40
0.6
176
     1
 40
30.0
176
     1
 62
     7
420
 16777215
176
     1
 90
        1
176
     1
 90
        0
176
     1
 62
     7
176
     1
 62
   257
176
     1
 90
        1
176
     1
 90
        1
176
     1
 40
1.0
176
     1
 90
        0
176
     1
 62
   257
176
     1
 40
1.0
176
     1
 90
        1
176
     1
 90
        6
176
     1
 90
        2
176
     1
 62
     7
176
     1
 90
        5
176
     1
 90
        0
176
     1
 90
        0
176
     1
290
     0
176
     1
 90
       13
176
     1
 40
0.0
176
     1
 90
        0
176
     1
290
     0
176
     1
290
     1
176
     1
290
     1
176
     1
290
     0
176
     1
290
     0
176
     1
290
     0
176
     1
290
     0
176
     1
290
     0
176
     1
290
     0
176
     1
 90
       50
176
     1
 40
0.0
176
     1
 40
1.0
176
     1
 90
        0
176
     1
 62
    18
420
        0
176
     1
 90
       50
176
     1
 90
        3
176
     1
 62
     5
420
      255
176
     1
290
     0
176
     1
 90
       50
176
     1
 90
       50
176
     1
 90
       50
176
     1
290
     0
176
     1
 90
       50
176
     1
 62
   256
176
     0
 40
1.0
176
     0
 90
        2
176
     1
  1
strokes_ogs.tif
176
     1
290
     0
176
     1
 40
1.0
176
     1
 40
1.0
176
     1
  0
VISUALSTYLE
  5
860
102
{ACAD_REACTORS
330
31
102
}
330
31
100
AcDbVisualStyle
  2
Gouraud
 70
     2
177
     3
291
     1
 70
    58
 90
        2
176
     1
 90
        2
176
     1
 90
        1
176
     1
 90
        2
176
     1
 40
0.6
176
     1
 40
30.0
176
     1
 62
     7
420
 16777215
176
     1
 90
        0
176
     1
 90
        0
176
     1
 62
     7
176
     1
 62
   257
176
     1
 90
        1
176
     1
 90
        1
176
     1
 40
1.0
176
     1
 90
        0
176
     1
 62
     7
176
     1
 40
1.0
176
     1
 90
        1
176
     1
 90
        6
176
     1
 90
        2
176
     1
 62
     7
176
     1
 90
        5
176
     1
 90
        0
176
     1
 90
        0
176
     1
290
     0
176
     1
 90
       13
176
     1
 40
0.0
176
     1
 90
        0
176
     1
290
     0
176
     1
290
     1
176
     1
290
     1
176
     1
290
     0
176
     1
290
     0
176
     1
290
     0
176
     1
290
     0
176
     1
290
     0
176
     1
290
     0
176
     1
 90
       50
176
     1
 40
0.0
176
     1
 40
1.0
176
     1
 90
        0
176
     1
 62
    18
420
        0
176
     1
 90
       50
176
     1
 90
        3
176
     1
 62
     5
420
      255
176
     1
290
     0
176
     1
 90
       50
176
     1
 90
       50
176
     1
 90
       50
176
     1
290
     0
176
     1
 90
       50
176
     1
 62
   256
176
     0
 40
1.0
176
     0
 90
        2
176
     1
  1
strokes_ogs.tif
176
     1
290
     0
176
     1
 40
1.0
176
     1
 40
1.0
176
     1
  0
VISUALSTYLE
  5
861
102
{ACAD_REACTORS
330
31
102
}
330
31
100
AcDbVisualStyle
  2
GouraudWithEdges
 70
     3
177
     3
291
     1
 70
    58
 90
        2
176
     1
 90
        2
176
     1
 90
        1
176
     1
 90
        2
176
     1
 40
0.6
176
     1
 40
30.0
176
     1
 62
     7
420
 16777215
176
     1
 90
        1
176
     1
 90
        0
176
     1
 62
     7
176
     1
 62
   257
176
     1
 90
        1
176
     1
 90
        1
176
     1
 40
1.0
176
     1
 90
        0
176
     1
 62
   257
176
     1
 40
1.0
176
     1
 90
        1
176
     1
 90
        6
176
     1
 90
        2
176
     1
 62
     7
176
     1
 90
        5
176
     1
 90
        0
176
     1
 90
        0
176
     1
290
     0
176
     1
 90
       13
176
     1
 40
0.0
176
     1
 90
        0
176
     1
290
     0
176
     1
290
     1
176
     1
290
     1
176
     1
290
     0
176
     1
290
     0
176
     1
290
     0
176
     1
290
     0
176
     1
290
     0
176
     1
290
     0
176
     1
 90
       50
176
     1
 40
0.0
176
     1
 40
1.0
176
     1
 90
        0
176
     1
 62
    18
420
        0
176
     1
 90
       50
176
     1
 90
        3
176
     1
 62
     5
420
      255
176
     1
290
     0
176
     1
 90
       50
176
     1
 90
       50
176
     1
 90
       50
176
     1
290
     0
176
     1
 90
       50
176
     1
 62
   256
176
     0
 40
1.0
176
     0
 90
        2
176
     1
  1
strokes_ogs.tif
176
     1
290
     0
176
     1
 40
1.0
176
     1
 40
1.0
176
     1
  0
VISUALSTYLE
  5
863
102
{ACAD_REACTORS
330
31
102
}
330
31
100
AcDbVisualStyle
  2
Hidden
 70
     6
177
     3
291
     0
 70
    58
 90
        1
176
     1
 90
        2
176
     1
 90
        2
176
     1
 90
        0
176
     1
 40
0.6
176
     1
 40
30.0
176
     1
 62
     7
420
 16777215
176
     1
 90
        2
176
     1
 90
        2
176
     1
 62
     7
176
     1
 62
   257
176
     1
 90
        2
176
     1
 90
        1
176
     1
 40
40.0
176
     1
 90
        0
176
     1
 62
   257
176
     1
 40
1.0
176
     1
 90
        1
176
     1
 90
        6
176
     1
 90
        2
176
     1
 62
     7
176
     1
 90
        3
176
     1
 90
        0
176
     1
 90
        0
176
     1
290
     0
176
     1
 90
        1
176
     1
 40
0.0
176
     1
 90
        0
176
     1
290
     0
176
     1
290
     1
176
     1
290
     1
176
     1
290
     0
176
     1
290
     0
176
     1
290
     0
176
     1
290
     0
176
     1
290
     0
176
     1
290
     0
176
     1
 90
       50
176
     1
 40
0.0
176
     1
 40
1.0
176
     1
 90
        0
176
     1
 62
    18
420
        0
176
     1
 90
       50
176
     1
 90
        3
176
     1
 62
     5
420
      255
176
     1
290
     0
176
     1
 90
       50
176
     1
 90
       50
176
     1
 90
       50
176
     1
290
     0
176
     1
 90
       50
176
     1
 62
   256
176
     0
 40
1.0
176
     0
 90
        2
176
     1
  1
strokes_ogs.tif
176
     1
290
     0
176
     1
 40
1.0
176
     1
 40
1.0
176
     1
  0
VISUALSTYLE
  5
86D
102
{ACAD_REACTORS
330
31
102
}
330
31
100
AcDbVisualStyle
  2
JitterOff
 70
    20
177
     3
291
     1
 70
    58
 90
        2
176
     0
 90
        2
176
     0
 90
        0
176
     0
 90
        0
176
     0
 40
0.6
176
     0
 40
30.0
176
     0
 62
     7
420
 16777215
176
     0
 90
        1
176
     0
 90
        4
176
     0
 62
     7
176
     0
 62
   257
176
     0
 90
        1
176
     0
 90
        1
176
     0
 40
1.0
176
     0
 90
       10
176
     2
 62
     7
176
     0
 40
1.0
176
     0
 90
        1
176
     0
 90
        6
176
     0
 90
        2
176
     0
 62
     7
176
     0
 90
        5
176
     0
 90
        0
176
     0
 90
        0
176
     0
290
     0
176
     0
 90
        1
176
     0
 40
0.0
176
     0
 90
        0
176
     0
290
     0
176
     0
290
     1
176
     0
290
     1
176
     0
290
     0
176
     0
290
     0
176
     0
290
     0
176
     0
290
     0
176
     0
290
     0
176
     0
290
     0
176
     0
 90
       50
176
     0
 40
0.0
176
     0
 40
1.0
176
     0
 90
        0
176
     0
 62
    18
420
        0
176
     0
 90
       50
176
     0
 90
        3
176
     0
 62
     5
420
      255
176
     0
290
     0
176
     0
 90
       50
176
     0
 90
       50
176
     0
 90
       50
176
     0
290
     0
176
     0
 90
       50
176
     0
 62
   256
176
     0
 40
1.0
176
     0
 90
        2
176
     0
  1
strokes_ogs.tif
176
     0
290
     0
176
     0
 40
1.0
176
     0
 40
1.0
176
     0
  0
VISUALSTYLE
  5
86A
102
{ACAD_REACTORS
330
31
102
}
330
31
100
AcDbVisualStyle
  2
Linepattern
 70
    14
177
     3
291
     1
 70
    58
 90
        2
176
     1
 90
        2
176
     1
 90
        0
176
     1
 90
        0
176
     1
 40
0.6
176
     1
 40
30.0
176
     1
 62
     7
420
 16777215
176
     1
 90
        1
176
     1
 90
        4
176
     1
 62
     7
176
     1
 62
   257
176
     1
 90
        7
176
     1
 90
        7
176
     1
 40
1.0
176
     1
 90
        8
176
     1
 62
     7
176
     1
 40
1.0
176
     1
 90
        1
176
     1
 90
        6
176
     1
 90
        2
176
     1
 62
     7
176
     1
 90
        5
176
     1
 90
        0
176
     1
 90
        0
176
     1
290
     0
176
     1
 90
        1
176
     1
 40
0.0
176
     1
 90
        0
176
     1
290
     0
176
     1
290
     1
176
     1
290
     1
176
     1
290
     0
176
     1
290
     0
176
     1
290
     0
176
     1
290
     0
176
     1
290
     0
176
     1
290
     0
176
     1
 90
       50
176
     1
 40
0.0
176
     1
 40
1.0
176
     1
 90
        0
176
     1
 62
    18
420
        0
176
     1
 90
       50
176
     1
 90
        3
176
     1
 62
     5
420
      255
176
     1
290
     0
176
     1
 90
       50
176
     1
 90
       50
176
     1
 90
       50
176
     1
290
     0
176
     1
 90
       50
176
     1
 62
   256
176
     0
 40
1.0
176
     0
 90
        2
176
     1
  1
strokes_ogs.tif
176
     1
290
     0
176
     1
 40
1.0
176
     1
 40
1.0
176
     1
  0
VISUALSTYLE
  5
86E
102
{ACAD_REACTORS
330
31
102
}
330
31
100
AcDbVisualStyle
  2
OverhangOff
 70
    21
177
     3
291
     1
 70
    58
 90
        2
176
     0
 90
        2
176
     0
 90
        0
176
     0
 90
        0
176
     0
 40
0.6
176
     0
 40
30.0
176
     0
 62
     7
420
 16777215
176
     0
 90
        1
176
     0
 90
        4
176
     0
 62
     7
176
     0
 62
   257
176
     0
 90
        1
176
     0
 90
        1
176
     0
 40
1.0
176
     0
 90
        9
176
     2
 62
     7
176
     0
 40
1.0
176
     0
 90
        1
176
     0
 90
        6
176
     0
 90
        2
176
     0
 62
     7
176
     0
 90
        5
176
     0
 90
        0
176
     0
 90
        0
176
     0
290
     0
176
     0
 90
        1
176
     0
 40
0.0
176
     0
 90
        0
176
     0
290
     0
176
     0
290
     1
176
     0
290
     1
176
     0
290
     0
176
     0
290
     0
176
     0
290
     0
176
     0
290
     0
176
     0
290
     0
176
     0
290
     0
176
     0
 90
       50
176
     0
 40
0.0
176
     0
 40
1.0
176
     0
 90
        0
176
     0
 62
    18
420
        0
176
     0
 90
       50
176
     0
 90
        3
176
     0
 62
     5
420
      255
176
     0
290
     0
176
     0
 90
       50
176
     0
 90
       50
176
     0
 90
       50
176
     0
290
     0
176
     0
 90
       50
176
     0
 62
   256
176
     0
 40
1.0
176
     0
 90
        2
176
     0
  1
strokes_ogs.tif
176
     0
290
     0
176
     0
 40
1.0
176
     0
 40
1.0
176
     0
  0
VISUALSTYLE
  5
865
102
{ACAD_REACTORS
330
31
102
}
330
31
100
AcDbVisualStyle
  2
Realistic
 70
     8
177
     3
291
     0
 70
    58
 90
        2
176
     1
 90
        3
176
     1
 90
        0
176
     1
 90
        2
176
     1
 40
0.6
176
     1
 40
30.0
176
     1
 62
     7
420
 16777215
176
     1
 90
        0
176
     1
 90
        0
176
     1
 62
     7
176
     1
 62
   257
176
     1
 90
        1
176
     1
 90
        1
176
     1
 40
1.0
176
     1
 90
        8
176
     1
 62
   257
176
     1
 40
1.0
176
     1
 90
        1
176
     1
 90
        6
176
     1
 90
        2
176
     1
 62
     7
176
     1
 90
        3
176
     1
 90
        0
176
     1
 90
        0
176
     1
290
     0
176
     1
 90
       13
176
     1
 40
0.0
176
     1
 90
        0
176
     1
290
     0
176
     1
290
     1
176
     1
290
     1
176
     1
290
     0
176
     1
290
     0
176
     1
290
     0
176
     1
290
     0
176
     1
290
     0
176
     1
290
     0
176
     1
 90
       50
176
     1
 40
0.0
176
     1
 40
1.0
176
     1
 90
        0
176
     1
 62
    18
420
        0
176
     1
 90
       50
176
     1
 90
        3
176
     1
 62
     5
420
      255
176
     1
290
     0
176
     1
 90
       50
176
     1
 90
       50
176
     1
 90
       50
176
     1
290
     0
176
     1
 90
       50
176
     1
 62
   256
176
     0
 40
1.0
176
     0
 90
        2
176
     1
  1
strokes_ogs.tif
176
     1
290
     0
176
     1
 40
1.0
176
     1
 40
1.0
176
     1
  0
VISUALSTYLE
  5
874
102
{ACAD_REACTORS
330
31
102
}
330
31
100
AcDbVisualStyle
  2
Shaded
 70
    27
177
     3
291
     0
 70
    58
 90
        2
176
     1
 90
        2
176
     1
 90
        1
176
     1
 90
        2
176
     1
 40
0.6
176
     1
 40
30.0
176
     1
 62
     7
420
 16777215
176
     1
 90
        0
176
     1
 90
        4
176
     1
 62
     7
176
     1
 62
   257
176
     1
 90
        1
176
     1
 90
        1
176
     1
 40
1.0
176
     1
 90
        8
176
     1
 62
   257
176
     1
 40
1.0
176
     1
 90
        1
176
     1
 90
        6
176
     1
 90
        2
176
     1
 62
     8
420
  7895160
176
     1
 90
        3
176
     1
 90
        0
176
     1
 90
        0
176
     1
290
     0
176
     1
 90
        5
176
     1
 40
0.0
176
     1
 90
        0
176
     1
290
     0
176
     1
290
     1
176
     1
290
     1
176
     1
290
     0
176
     1
290
     0
176
     1
290
     0
176
     1
290
     0
176
     1
290
     0
176
     1
290
     0
176
     1
 90
       50
176
     1
 40
0.0
176
     1
 40
1.0
176
     1
 90
        0
176
     1
 62
    18
420
        0
176
     1
 90
       50
176
     1
 90
        3
176
     1
 62
     5
420
      255
176
     1
290
     0
176
     1
 90
       50
176
     1
 90
       50
176
     1
 90
       50
176
     1
290
     0
176
     1
 90
       50
176
     1
 62
   256
176
     0
 40
1.0
176
     0
 90
        2
176
     1
  1
strokes_ogs.tif
176
     1
290
     0
176
     1
 40
1.0
176
     1
 40
1.0
176
     1
  0
VISUALSTYLE
  5
873
102
{ACAD_REACTORS
330
31
102
}
330
31
100
AcDbVisualStyle
  2
Shaded with edges
 70
    26
177
     3
291
     0
 70
    58
 90
        2
176
     1
 90
        2
176
     1
 90
        1
176
     1
 90
        2
176
     1
 40
0.6
176
     1
 40
30.0
176
     1
 62
     7
420
 16777215
176
     1
 90
        1
176
     1
 90
       10
176
     1
 62
     7
176
     1
 62
   257
176
     1
 90
        2
176
     1
 90
        1
176
     1
 40
1.0
176
     1
 90
        8
176
     1
 62
   257
176
     1
 40
1.0
176
     1
 90
        1
176
     1
 90
        6
176
     1
 90
        2
176
     1
 62
     7
176
     1
 90
        3
176
     1
 90
        0
176
     1
 90
        0
176
     1
290
     0
176
     1
 90
        5
176
     1
 40
0.0
176
     1
 90
        0
176
     1
290
     0
176
     1
290
     1
176
     1
290
     1
176
     1
290
     0
176
     1
290
     0
176
     1
290
     0
176
     1
290
     0
176
     1
290
     0
176
     1
290
     0
176
     1
 90
       50
176
     1
 40
0.0
176
     1
 40
1.0
176
     1
 90
        0
176
     1
 62
    18
420
        0
176
     1
 90
       50
176
     1
 90
        3
176
     1
 62
     5
420
      255
176
     1
290
     0
176
     1
 90
       50
176
     1
 90
       50
176
     1
 90
       50
176
     1
290
     0
176
     1
 90
       50
176
     1
 62
   256
176
     0
 40
1.0
176
     0
 90
        2
176
     1
  1
strokes_ogs.tif
176
     1
290
     0
176
     1
 40
1.0
176
     1
 40
1.0
176
     1
  0
VISUALSTYLE
  5
870
102
{ACAD_REACTORS
330
31
102
}
330
31
100
AcDbVisualStyle
  2
Shades of Gray
 70
    23
177
     3
291
     0
 70
    58
 90
        2
176
     1
 90
        2
176
     1
 90
        3
176
     1
 90
        0
176
     1
 40
0.6
176
     1
 40
30.0
176
     1
 62
     7
420
 16777215
176
     1
 90
        2
176
     1
 90
        2
176
     1
 62
     7
176
     1
 62
     7
176
     1
 90
        1
176
     1
 90
        1
176
     1
 40
40.0
176
     1
 90
        8
176
     1
 62
     7
176
     1
 40
1.0
176
     1
 90
        1
176
     1
 90
        6
176
     1
 90
        2
176
     1
 62
     7
176
     1
 90
        3
176
     1
 90
        0
176
     1
 90
        0
176
     1
290
     0
176
     1
 90
        1
176
     1
 40
0.0
176
     1
 90
        0
176
     1
290
     0
176
     1
290
     1
176
     1
290
     1
176
     1
290
     0
176
     1
290
     0
176
     1
290
     0
176
     1
290
     0
176
     1
290
     0
176
     1
290
     0
176
     1
 90
       50
176
     1
 40
0.0
176
     1
 40
1.0
176
     1
 90
        0
176
     1
 62
    18
420
        0
176
     1
 90
       50
176
     1
 90
        3
176
     1
 62
     5
420
      255
176
     1
290
     0
176
     1
 90
       50
176
     1
 90
       50
176
     1
 90
       50
176
     1
290
     0
176
     1
 90
       50
176
     1
 62
   256
176
     0
 40
1.0
176
     0
 90
        2
176
     1
  1
strokes_ogs.tif
176
     1
290
     0
176
     1
 40
1.0
176
     1
 40
1.0
176
     1
  0
VISUALSTYLE
  5
871
102
{ACAD_REACTORS
330
31
102
}
330
31
100
AcDbVisualStyle
  2
Sketchy
 70
    24
177
     3
291
     0
 70
    58
 90
        1
176
     1
 90
        2
176
     1
 90
        2
176
     1
 90
        0
176
     1
 40
0.6
176
     1
 40
30.0
176
     1
 62
     7
420
 16777215
176
     1
 90
        2
176
     1
 90
        2
176
     1
 62
     7
176
     1
 62
     7
176
     1
 90
        1
176
     1
 90
        1
176
     1
 40
40.0
176
     1
 90
       11
176
     1
 62
     7
176
     1
 40
1.0
176
     1
 90
        1
176
     1
 90
        6
176
     1
 90
        2
176
     1
 62
     7
176
     1
 90
        6
176
     1
 90
        0
176
     1
 90
        0
176
     1
290
     0
176
     1
 90
        1
176
     1
 40
0.0
176
     1
 90
        0
176
     1
290
     0
176
     1
290
     1
176
     1
290
     1
176
     1
290
     0
176
     1
290
     0
176
     1
290
     0
176
     1
290
     0
176
     1
290
     0
176
     1
290
     0
176
     1
 90
       50
176
     1
 40
0.0
176
     1
 40
1.0
176
     1
 90
        0
176
     1
 62
    18
420
        0
176
     1
 90
       50
176
     1
 90
        3
176
     1
 62
     5
420
      255
176
     1
290
     0
176
     1
 90
       50
176
     1
 90
       50
176
     1
 90
       50
176
     1
290
     0
176
     1
 90
       50
176
     1
 62
   256
176
     0
 40
1.0
176
     0
 90
        2
176
     1
  1
strokes_ogs.tif
176
     1
290
     0
176
     1
 40
1.0
176
     1
 40
1.0
176
     1
  0
VISUALSTYLE
  5
869
102
{ACAD_REACTORS
330
31
102
}
330
31
100
AcDbVisualStyle
  2
Thicken
 70
    13
177
     3
291
     1
 70
    58
 90
        2
176
     1
 90
        2
176
     1
 90
        0
176
     1
 90
        0
176
     1
 40
0.6
176
     1
 40
30.0
176
     1
 62
     7
420
 16777215
176
     1
 90
        1
176
     1
 90
        4
176
     1
 62
     7
176
     1
 62
   257
176
     1
 90
        1
176
     1
 90
        1
176
     1
 40
1.0
176
     1
 90
       12
176
     1
 62
     7
176
     1
 40
1.0
176
     1
 90
        1
176
     1
 90
        6
176
     1
 90
        2
176
     1
 62
     7
176
     1
 90
        5
176
     1
 90
        0
176
     1
 90
        0
176
     1
290
     0
176
     1
 90
        1
176
     1
 40
0.0
176
     1
 90
        0
176
     1
290
     0
176
     1
290
     1
176
     1
290
     1
176
     1
290
     0
176
     1
290
     0
176
     1
290
     0
176
     1
290
     0
176
     1
290
     0
176
     1
290
     0
176
     1
 90
       50
176
     1
 40
0.0
176
     1
 40
1.0
176
     1
 90
        0
176
     1
 62
    18
420
        0
176
     1
 90
       50
176
     1
 90
        3
176
     1
 62
     5
420
      255
176
     1
290
     0
176
     1
 90
       50
176
     1
 90
       50
176
     1
 90
       50
176
     1
290
     0
176
     1
 90
       50
176
     1
 62
   256
176
     0
 40
1.0
176
     0
 90
        2
176
     1
  1
strokes_ogs.tif
176
     1
290
     0
176
     1
 40
1.0
176
     1
 40
1.0
176
     1
  0
VISUALSTYLE
  5
862
102
{ACAD_REACTORS
330
31
102
}
330
31
100
AcDbVisualStyle
  2
Wireframe
 70
     5
177
     3
291
     0
 70
    58
 90
        0
176
     1
 90
        2
176
     1
 90
        0
176
     1
 90
        0
176
     1
 40
0.6
176
     1
 40
30.0
176
     1
 62
     7
420
 16777215
176
     1
 90
        1
176
     1
 90
        4
176
     1
 62
     7
176
     1
 62
   257
176
     1
 90
        1
176
     1
 90
        1
176
     1
 40
1.0
176
     1
 90
        0
176
     1
 62
   257
176
     1
 40
1.0
176
     1
 90
        1
176
     1
 90
        6
176
     1
 90
        2
176
     1
 62
     7
176
     1
 90
        3
176
     1
 90
        0
176
     1
 90
        0
176
     1
290
     0
176
     1
 90
        1
176
     1
 40
0.0
176
     1
 90
        0
176
     1
290
     0
176
     1
290
     1
176
     1
290
     1
176
     1
290
     0
176
     1
290
     0
176
     1
290
     0
176
     1
290
     0
176
     1
290
     0
176
     1
290
     0
176
     1
 90
       50
176
     1
 40
0.0
176
     1
 40
1.0
176
     1
 90
        0
176
     1
 62
    18
420
        0
176
     1
 90
       50
176
     1
 90
        3
176
     1
 62
     5
420
      255
176
     1
290
     0
176
     1
 90
       50
176
     1
 90
       50
176
     1
 90
       50
176
     1
290
     0
176
     1
 90
       50
176
     1
 62
   256
176
     0
 40
1.0
176
     0
 90
        2
176
     1
  1
strokes_ogs.tif
176
     1
290
     0
176
     1
 40
1.0
176
     1
 40
1.0
176
     1
  0
VISUALSTYLE
  5
872
102
{ACAD_REACTORS
330
31
102
}
330
31
100
AcDbVisualStyle
  2
X-Ray
 70
    25
177
     3
291
     0
 70
    58
 90
        2
176
     1
 90
        2
176
     1
 90
        1
176
     1
 90
        1
176
     1
 40
0.5
176
     1
 40
30.0
176
     1
 62
     7
420
 16777215
176
     1
 90
        1
176
     1
 90
        0
176
     1
 62
     7
176
     1
 62
   257
176
     1
 90
        1
176
     1
 90
        1
176
     1
 40
1.0
176
     1
 90
        8
176
     1
 62
     7
176
     1
 40
1.0
176
     1
 90
        1
176
     1
 90
        6
176
     1
 90
        2
176
     1
 62
     7
176
     1
 90
        3
176
     1
 90
        0
176
     1
 90
        0
176
     1
290
     0
176
     1
 90
       13
176
     1
 40
0.0
176
     1
 90
        0
176
     1
290
     0
176
     1
290
     1
176
     1
290
     1
176
     1
290
     0
176
     1
290
     0
176
     1
290
     0
176
     1
290
     0
176
     1
290
     0
176
     1
290
     0
176
     1
 90
       50
176
     1
 40
0.0
176
     1
 40
1.0
176
     1
 90
        0
176
     1
 62
    18
420
        0
176
     1
 90
       50
176
     1
 90
        3
176
     1
 62
     5
420
      255
176
     1
290
     0
176
     1
 90
       50
176
     1
 90
       50
176
     1
 90
       50
176
     1
290
     0
176
     1
 90
       50
176
     1
 62
   256
176
     0
 40
1.0
176
     0
 90
        2
176
     1
  1
strokes_ogs.tif
176
     1
290
     0
176
     1
 40
1.0
176
     1
 40
1.0
176
     1
  0
DICTIONARYVAR
  5
87E
102
{ACAD_REACTORS
330
87D
102
}
330
87D
100
DictionaryVariables
280
     0
  1
1:1
  0
DICTIONARYVAR
  5
883
102
{ACAD_REACTORS
330
87D
102
}
330
87D
100
DictionaryVariables
280
     0
  1
Standard
  0
DICTIONARYVAR
  5
882
102
{ACAD_REACTORS
330
87D
102
}
330
87D
100
DictionaryVariables
280
     0
  1
Standard
  0
DICTIONARYVAR
  5
886
102
{ACAD_REACTORS
330
87D
102
}
330
87D
100
DictionaryVariables
280
     0
  1
Metric50
  0
DICTIONARYVAR
  5
887
102
{ACAD_REACTORS
330
87D
102
}
330
87D
100
DictionaryVariables
280
     0
  1
Metric50
  0
DICTIONARYVAR
  5
884
102
{ACAD_REACTORS
330
87D
102
}
330
87D
100
DictionaryVariables
280
     0
  1
0
  0
DICTIONARYVAR
  5
885
102
{ACAD_REACTORS
330
87D
102
}
330
87D
100
DictionaryVariables
280
     0
  1
0
  0
DICTIONARY
  5
87F
330
876
100
AcDbDictionary
280
     1
281
     1
  3
ACAD_ROUNDTRIP_2008_TABLESTYLE_CELLSTYLEMAP
360
880
  0
CELLSTYLEMAP
  5
880
102
{ACAD_REACTORS
330
87F
102
}
330
87F
100
AcDbCellStyleMap
 90
        3
300
CELLSTYLE
  1
TABLEFORMAT_BEGIN
 90
        5
170
     1
 91
        0
 92
    32768
 62
   257
 93
        1
300
CONTENTFORMAT
  1
CONTENTFORMAT_BEGIN
 90
        0
 91
        0
 92
        4
 93
        0
300

 40
0.0
140
1.0
 94
        5
 62
     0
340
25
144
6.0
309
CONTENTFORMAT_END
171
     1
301
MARGIN
  1
CELLMARGIN_BEGIN
 40
1.5
 40
1.5
 40
1.5
 40
1.5
 40
1.5
 40
1.5
309
CELLMARGIN_END
 94
        6
 95
        1
302
GRIDFORMAT
  1
GRIDFORMAT_BEGIN
 90
        0
 91
        1
 62
     0
 92
       -2
340
28
 93
        0
 40
0.045
309
GRIDFORMAT_END
 95
        2
302
GRIDFORMAT
  1
GRIDFORMAT_BEGIN
 90
        0
 91
        1
 62
     0
 92
       -2
340
28
 93
        0
 40
0.045
309
GRIDFORMAT_END
 95
        4
302
GRIDFORMAT
  1
GRIDFORMAT_BEGIN
 90
        0
 91
        1
 62
     0
 92
       -2
340
28
 93
        0
 40
0.045
309
GRIDFORMAT_END
 95
        8
302
GRIDFORMAT
  1
GRIDFORMAT_BEGIN
 90
        0
 91
        1
 62
     0
 92
       -2
340
28
 93
        0
 40
0.045
309
GRIDFORMAT_END
 95
       16
302
GRIDFORMAT
  1
GRIDFORMAT_BEGIN
 90
        0
 91
        1
 62
     0
 92
       -2
340
28
 93
        0
 40
0.045
309
GRIDFORMAT_END
 95
       32
302
GRIDFORMAT
  1
GRIDFORMAT_BEGIN
 90
        0
 91
        1
 62
     0
 92
       -2
340
28
 93
        0
 40
0.045
309
GRIDFORMAT_END
309
TABLEFORMAT_END
  1
CELLSTYLE_BEGIN
 90
        1
 91
        1
300
_TITLE
309
CELLSTYLE_END
300
CELLSTYLE
  1
TABLEFORMAT_BEGIN
 90
        5
170
     1
 91
        0
 92
        0
 62
   257
 93
        1
300
CONTENTFORMAT
  1
CONTENTFORMAT_BEGIN
 90
        0
 91
        0
 92
        4
 93
        0
300

 40
0.0
140
1.0
 94
        5
 62
     0
340
25
144
4.5
309
CONTENTFORMAT_END
171
     1
301
MARGIN
  1
CELLMARGIN_BEGIN
 40
1.5
 40
1.5
 40
1.5
 40
1.5
 40
1.5
 40
1.5
309
CELLMARGIN_END
 94
        6
 95
        1
302
GRIDFORMAT
  1
GRIDFORMAT_BEGIN
 90
        0
 91
        1
 62
     0
 92
       -2
340
28
 93
        0
 40
0.045
309
GRIDFORMAT_END
 95
        2
302
GRIDFORMAT
  1
GRIDFORMAT_BEGIN
 90
        0
 91
        1
 62
     0
 92
       -2
340
28
 93
        0
 40
0.045
309
GRIDFORMAT_END
 95
        4
302
GRIDFORMAT
  1
GRIDFORMAT_BEGIN
 90
        0
 91
        1
 62
     0
 92
       -2
340
28
 93
        0
 40
0.045
309
GRIDFORMAT_END
 95
        8
302
GRIDFORMAT
  1
GRIDFORMAT_BEGIN
 90
        0
 91
        1
 62
     0
 92
       -2
340
28
 93
        0
 40
0.045
309
GRIDFORMAT_END
 95
       16
302
GRIDFORMAT
  1
GRIDFORMAT_BEGIN
 90
        0
 91
        1
 62
     0
 92
       -2
340
28
 93
        0
 40
0.045
309
GRIDFORMAT_END
 95
       32
302
GRIDFORMAT
  1
GRIDFORMAT_BEGIN
 90
        0
 91
        1
 62
     0
 92
       -2
340
28
 93
        0
 40
0.045
309
GRIDFORMAT_END
309
TABLEFORMAT_END
  1
CELLSTYLE_BEGIN
 90
        2
 91
        1
300
_HEADER
309
CELLSTYLE_END
300
CELLSTYLE
  1
TABLEFORMAT_BEGIN
 90
        5
170
     1
 91
        0
 92
        0
 62
   257
 93
        1
300
CONTENTFORMAT
  1
CONTENTFORMAT_BEGIN
 90
        0
 91
        0
 92
        4
 93
        0
300

 40
0.0
140
1.0
 94
        2
 62
     0
340
25
144
4.5
309
CONTENTFORMAT_END
171
     1
301
MARGIN
  1
CELLMARGIN_BEGIN
 40
1.5
 40
1.5
 40
1.5
 40
1.5
 40
1.5
 40
1.5
309
CELLMARGIN_END
 94
        6
 95
        1
302
GRIDFORMAT
  1
GRIDFORMAT_BEGIN
 90
        0
 91
        1
 62
     0
 92
       -2
340
28
 93
        0
 40
0.045
309
GRIDFORMAT_END
 95
        2
302
GRIDFORMAT
  1
GRIDFORMAT_BEGIN
 90
        0
 91
        1
 62
     0
 92
       -2
340
28
 93
        0
 40
0.045
309
GRIDFORMAT_END
 95
        4
302
GRIDFORMAT
  1
GRIDFORMAT_BEGIN
 90
        0
 91
        1
 62
     0
 92
       -2
340
28
 93
        0
 40
0.045
309
GRIDFORMAT_END
 95
        8
302
GRIDFORMAT
  1
GRIDFORMAT_BEGIN
 90
        0
 91
        1
 62
     0
 92
       -2
340
28
 93
        0
 40
0.045
309
GRIDFORMAT_END
 95
       16
302
GRIDFORMAT
  1
GRIDFORMAT_BEGIN
 90
        0
 91
        1
 62
     0
 92
       -2
340
28
 93
        0
 40
0.045
309
GRIDFORMAT_END
 95
       32
302
GRIDFORMAT
  1
GRIDFORMAT_BEGIN
 90
        0
 91
        1
 62
     0
 92
       -2
340
28
 93
        0
 40
0.045
309
GRIDFORMAT_END
309
TABLEFORMAT_END
  1
CELLSTYLE_BEGIN
 90
        3
 91
        2
300
_DATA
309
CELLSTYLE_END
  0
ENDSEC
  0
SECTION
  2
THUMBNAILIMAGE
 90
    20144
310
28000000B40000006A0000000100080000000000884A000000000000000000000001000000000000FFFFFF00FFFFFF0000000000FFFFFF00FFFFFF00FFFFFF00FFFFFF00FFFFFF00FFFFFF00FFFFFF00FFFFFF00330000006600000099000000CC000000FF00000000330000333300006633000099330000CC330000FF3300
310
0000660000336600006666000099660000CC660000FF66000000990000339900006699000099990000CC990000FF99000000CC000033CC000066CC000099CC0000CCCC0000FFCC000000FF000033FF000066FF000099FF0000CCFF0000FFFF000000003300330033006600330099003300CC003300FF003300003333003333
310
33006633330099333300CC333300FF33330000663300336633006666330099663300CC663300FF66330000993300339933006699330099993300CC993300FF99330000CC330033CC330066CC330099CC3300CCCC3300FFCC330000FF330033FF330066FF330099FF3300CCFF3300FFFF330000006600330066006600660099
310
006600CC006600FF00660000336600333366006633660099336600CC336600FF33660000666600336666006666660099666600CC666600FF66660000996600339966006699660099996600CC996600FF99660000CC660033CC660066CC660099CC6600CCCC6600FFCC660000FF660033FF660066FF660099FF6600CCFF6600
310
FFFF660000009900330099006600990099009900CC009900FF00990000339900333399006633990099339900CC339900FF33990000669900336699006666990099669900CC669900FF66990000999900339999006699990099999900CC999900FF99990000CC990033CC990066CC990099CC9900CCCC9900FFCC990000FF99
310
0033FF990066FF990099FF9900CCFF9900FFFF99000000CC003300CC006600CC009900CC00CC00CC00FF00CC000033CC003333CC006633CC009933CC00CC33CC00FF33CC000066CC003366CC006666CC009966CC00CC66CC00FF66CC000099CC003399CC006699CC009999CC00CC99CC00FF99CC0000CCCC0033CCCC0066CC
310
CC0099CCCC00CCCCCC00FFCCCC0000FFCC0033FFCC0066FFCC0099FFCC00CCFFCC00FFFFCC000000FF003300FF006600FF009900FF00CC00FF00FF00FF000033FF003333FF006633FF009933FF00CC33FF00FF33FF000066FF003366FF006666FF009966FF00CC66FF00FF66FF000099FF003399FF006699FF009999FF00CC
310
99FF00FF99FF0000CCFF0033CCFF0066CCFF0099CCFF00CCCCFF00FFCCFF0000FFFF0033FFFF0066FFFF0099FFFF00CCFFFF0000000000FFFFFF000D0D0D001A1A1A00282828003535350043434300505050005D5D5D006B6B6B00787878008686860093939300A1A1A100AEAEAE00BBBBBB00C9C9C900D6D6D600E4E4E400
310
F1F1F10000000000FFFFFF00FFFFFF00FFFFFF00FFFFFF00FFFFFF00FFFFFF00FFFFFF00FFFFFF00FFFFFF00FFFFFF00E2E2E2E2E2E2E2E2E2E2E2E2E2E2E2E2E2E2E2E2E2E2E2E2E2E2E2E2E2E2E2E2E2E2E2E2E2E2E2E2E2E2E2E2E2E2E2E2E2E2E2E2E2E2E2E2E2E2E2E2E2E2E2E2E2E2E2E2E2E2E2E2E2E2E2E2E2E2E2
310
E2E2E2E2E2E2E2E2E2E2E2E2E2E2E2E2E2E2E2E2E2E2E2E2E2E2E2E2E2E2E2E2E2E2E2E2E2E2E2E2E2E2E2E2E2E2E2E2E2E2E2E2E2E2E2E2E2E2E2E2E2E2E2E2E2E2E2E2E2E2E2E2E2E2E2E2E2E2E2E2E2E2E2E2E2E2E2E2E2E2E2E2E2E2E2E2E2E2E2E2E2E2E2E2E2E2E2E2E2E2E2E2E2E2E2E2F5F5F5F5F5F5F5F5F5F5F5
310
F5F5F5F5F5F5F5F5F5F5F5F5F5F5F5F5F5F5F5F5F5F5F5F5F5F5F5F5F5F5F5F5F5F5F5F5F5F5F5F5F5F5F5F5F5F5F5F5F5F5F5F5F5F5F5F5F5F5F5F5F5F5F5F5F5F5F5F5F5F5F5F5F5F5F5F5F5F5F5F5F5F5F5F5F5F5F5F5F5F5F5F5F5F5F5F5F5F5F5F5F5F5F5F5F5F5F5F5F5F5F5F5F5F5F5F5F5F5F5F5F5F5F5F5F5F5F5
310
F5F5F5F5F5F5F5F5F5F5F5F5E2E2E2E2E2E2E2E2E2E2E2E2E2E2E2E2E2E2E2E2E2E2E2E2E2E2E2E2E2E2F5E2E2E2E2E2E2E2E2E2E2E2E2E2E2E2E2E2E2E2E2E2E2E2E2E2E2E2E2E2E2E2E2E2E2E2E2E2E2E2E2E2E2E2E2E2E2E2E2E2E2E2E2E2E2E2E2E2E2E2E2E2E2E2E2E2E2E2E2E2E2E2E2E2E2E2E2E2E2E2E2E2E2E2E2
310
E2E2E2E2E2E2E2E2E2E2E2E2E2E2E2E2E2E2E2E2E2E2E2E2E2E2E2E2E2E2E2E2E2E2E2E2E2E2E2E2E2E2E2E2E2E2E2E2E2E2E2E2E2E2E2E2E2E2E2E2E2E2E2E2F5E2E2E2E2E2E2E2E2E2E2E2E2E2E2E2E2E2E2E2E2E2E2E2E2E2E2E2E2E2E2F5E2E2E2E2E2F5F5F5F5F5F5F5F5F5F5F5F5F5F5F5F5F5F5F5F5F5F5F5F5F5F5
310
F5F5F5F5F5F5F5F5F5F5F5F5F5F5F5F5F5F5F5F5F5F5F5F5F5F5F5F5F5F5F5F5F5F5F5F5F5F5F5F5F5F5F5F5F5F5F5F5F5F5F5F5F5F5F5F5F5F5F5F5F5F5F5F5F5F5F5F5F5F5F5F5F5F5F5F5F5F5F5F5F5F5F5F5F5F5F5F5F5F5F5F5F5F5F5F5F5F5F5F5F5F5F5F5F5F5F5F5F5F5F5F5F5F5F5E2E2F5E2E2E2E2E2E2E2E2E2
310
E2E2E2E2E2E2E2E2E2E2E2E2E2E2E2E2E2E2E2E2E2F5E2E2E2E2E2F5F5E2E2E2E2E2E2E2E2E2E2E2E2E2E2E2E2E2E2E2E2E2E2E2E2E2E2E2E2E2E2E2E2E2E2E2E2E2E2E2E2E2E2E2E2E2E2E2E2E2E2E2E2E2E2E2E2E2E2E2E2E2E2E2E2E2E2E2E2E2E2E2E2E2E2E2E2E2E2E2E2F5F5F5F5E2F5F5F5E2E2F5F5F5F5E2F5F5F5
310
F5E2F5F5F5E2E2F5F5F5F5F5F5E2E2E2E2E2F5E2E2E2E2E2F5F5F5F5F5E2F5F5F5F5F5F5F5E2E2E2F5E2E2F5E2E2E2E2E2E2E2E2E2E2E2E2E2E2E2E2E2E2E2E2E2E2E2E2E2E2E2E2E2E2F5E2E2E2E2E2F5F5E2E2E2E2E2E2E2E2E2E2E2E2E2E2E2E2E2E2E2E2E2E2E2E2E2E2E2E2E2E2E2E2E2E2E2E2E2E2E2E2E2E2E2E2E2
310
E2E2E2E2E2E2E2E2E2E2E2E2E2E2E2E2E2E2E2E2E2E2E2E2E2E2E2E2E2E2E2E2E2E2E2F5F5F5F5F5F5F5F5F5F5F5F5F5F5F5F5F5F5F5F5F5F5F5F5F5F5F5F5F5F5F5F5F5F5F5F5F5F5F5F5F5F5F5F5F5F5F5F5F5F5F5F5F5F5F5F5F5F5F5E2E2F5E2E2E2E2E2E2E2E2E2E2E2E2E2E2E2E2E2E2E2E2E2E2E2E2E2E2E2E2E2E2
310
F5E2E2E2E2E2F5F5E2E2E2E2E2E2E2E2E2E2E2E2E2E2E2E2E2E2E2E2E2E2E2E2E2E2E2E2E2E2E2E2E2E2E2E2E2E2E2E2E2E2E2E2E2E2E2E2E2E2E2E2E2E2E2E2E2E2E2E2E2E2E2E2E2E2E2E2E2E2E2E2E2E2E2E2E2E2E2E2F5F5F5F5F5F5F5F5F5F5F5F5F5F5E2F5F5F5F5E2E2E2E2E2E2F5F5F5F5E2F5E2E2E2E2E2F5E2E2
310
E2E2E2E2E2F5F5F5F5F5F5E2E2E2E2E2E2E2E2F5E2E2F5E2E2E2E2E2E2E2E2E2E2E2E2E2E2E2E2E2E2E2E2E2E2E2E2E2E2E2E2E2E2F5E2E2E2E2E2F5F5E2E2E2E2E2E2E2E2E2E2E2E2E2E2E2E2E2E2E2E2E2E2E2E2E2E2E2E2E2E2E2E2E2E2E2E2E2E2E2E2E2E2E2E2E2E2E2E2E2E2E2E2E2E2E2E2E2E2E2E2E2E2E2E2E2E2
310
E2E2E2E2E2E2E2E2E2E2E2E2E2E2F5E2E2F5E2E2E2E2E2E2F5E2E2F5F5F5F5F5F5F5F5F5F5F5F5F5F5F5F5F5F5F5F5F5F5F5F5E2E2E2F5F5F5F5F5F5F5F5F5F5F5F5F5F5F5E2E2E2F5E2E2F5E2E2E2E2E2E2E2E2E2E2E2E2E2E2E2E2E2E2E2E2E2E2E2E2E2E2E2E2E2E2F5E2E2E2E2E2F5F5E2E2E2E2E2E2E2E2E2E2E2E2E2
310
E2E2E2E2E2E2E2E2E2E2E2E2E2E2E2E2E2E2E2E2E2E2E2E2E2E2E2E2E2E2E2E2E2E2E2E2E2E2E2E2E2E2E2E2E2E2E2E2E2E2E2E2E2E2E2E2E2E2E2E2E2E2E2E2E2E2E2F5F5F5F5F5F5F5F5F5F5F5F5F5F5E2F5F5F5F5E2E2E2E2E2E2F5F5F5F5E2F5E2E2E2E2E2F5E2E2E2E2E2F5F5F5F5F5F5F5F5F5F5E2F5F5F5E2E2F5E2
310
E2F5E2E2E2E2E2E2E2E2E2E2E2E2E2E2E2E2E2E2E2E2E2E2E2E2E2E2E2E2E2E2F5E2E2E2E2E2F5F5E2E2E2E2E2E2E2E2E2E2E2E2E2E2E2E2E2E2E2E2E2E2E2E2E2E2E2E2E2E2E2E2E2E2E2E2E2E2E2E2E2E2E2E2E2E2E2E2E2E2E2E2E2E2E2E2E2E2E2E2E2E2E2E2E2E2E2E2E2E2E2E2E2E2E2E2E2E2E2E2F5F5F5F5F5F5F5
310
F5F5F5F5F5F5F5E2F5F5F5F5E2E2E2E2E2E2F5F5F5F5E2F5E2E2E2E2E2F5E2E2E2E2E2F5F5F5F5F5F5F5F5F5F5E2E2E2E2E2E2F5E2E2F5E2E2E2E2E2E2E2E2E2E2E2E2E2E2E2E2E2E2E2E2E2E2E2E2E2E2E2E2E2E2F5E2E2E2E2E2F5F5E2E2E2E2E2E2E2E2E2E2E2E2E2E2E2E2E2E2E2E2E2E2E2E2E2E2E2E2E2E2E2E2E2E2
310
E2E2E2E2E2E2E2E2E2E2E2E2E2E2E2E2E2E2E2E2E2E2E2E2E2E2E2E2E2E2E2E2E2E2E2E2E2E2E2E2E2E2E2E2E2E2E2E2E2E2E2E2E2E2E2E2E2E2E2F5F5F5F5F5F5F5F5F5F5F5F5F5F5F5F5F5F5F5F5F5F5F5F5F5F5F5F5F5F5F5F5F5F5F5F5F5F5F5F5F5F5F5F5F5F5E2E2F5E2E2E2E2E2E2E2E2E2E2E2E2E2E2E2E2E2E2E2
310
E2E2E2E2E2E2E2E2E2E2E2F5E2E2E2E2E2F5F5E2E2E2E2E2E2E2E2E2E2E2E2E2E2E2E2E2E2E2E2E2E2E2E2E2E2E2E2E2E2E2E2E2E2E2E2E2E2E2E2E2E2E2E2E2E2E2E2E2E2E2E2E2E2E2E2E2E2E2E2E2E2E2E2E2E2E2E2E2E2E2E2E2E2E2E2E2E2E2E2E2E2E2E2E2E2E2E2E2E2E2E2E2F5F5F5F5F5F5F5F5F5F5F5F5F5F5F5
310
F5F5F5F5F5F5F5E2F5F5F5F5F5F5F5F5F5F5F5F5F5F5F5F5F5F5F5F5F5F5F5E2E2F5E2E2E2E2E2E2E2E2E2E2E2E2E2E2E2E2E2E2E2E2E2E2E2E2E2E2E2E2E2E2F5E2E2E2E2E2F5F5E2E2E2E2E2E2E2E2E2E2E2E2E2E2E2E2E2E2E2E2E2E2E2E2E2E2E2E2E2E2E2E2E2E2E2E2E2E2E2E2E2E2E2E2E2E2E2BEBEBEBEBEBEBEE2
310
E2E2E2E2E2E2E2E2E2E2E2E2E2E2E2E2E2E2E2E2E2E2E2E2E2E2E2E2E2E2E2E2E2E2E2E2E2E2F5E2E2E2E2E2E2E2E2E2F5F5F5F5F5F5F5F5F5F5F5F5E2F5F5F5F5F5F5F5F5F5F5F5F5F5F5F5F5F5F5F5F5F5F5F5E2E2F5E2E2E2E2E2E2E2E2E2E2E2E2E2E2E2E2E2E2E2E2E2E2E2E2E2E2E2E2E2E2F5E2E2E2E2E2F5F5E2E2
310
E2E2E2E2E2E2E2E2E2E2E2E2E2E2E2E2E2E2E2E2E2E2E2E2E2E2E2E2E2E2E2E2E2E2E2E2E2E2E2E2E2E2E2E2E2BEBEBEBE28BEE2BEBEBEBEE2E2E2E2E2E2E2E2E2E2E2E2E2E2E2E2E2E2E2E2E2E2E2E2E2E2E2E2E2E2E2E2E2E2E2F5F5F5F5F5F5F5F5F5F5F5F5F5F5F5F5F5F5F5F5F5F5F5F5F5F5F5F5F5F5F5F5F5F5F5F5
310
F5F5F5F5F5F5F5F5F5F5E2E2F5E2E2E2E2E2E2E2E2E2E2E2E2E2E2E2E2E2E2E2E2E2E2E2E2E2E2E2E2E2E2F5E2E2E2E2E2F5F5E2E2E2E2E2E2E2E2E2E2E2E2E2E2E2E2E2E2E2E2E2E2E2E2E2E2E2E2E2E2E2E2E2E2E2E2E2E2E2E2E2E2E2BEBEBEBEE2F5F5F528BEE2E2E2E2F5F5BEBEBEE2BEE2E2E2E2E2E2E2E2E2E2E2E2
310
E2E2E2E2E2E2E2E2E2E2E2E2E2E2E2E2E2E2E2E2E2E2E2E2E2E2E2E2E2E2E2E2E2E2E2E2E2E2E2E2E2E2E2E2E2E2E2E2E2E2E2E2E2E2E2E2E2E2E2E2E2E2F5E2E2F5E2E2E2E2E2E2E2E2E2E2E2E2E2E2E2E2E2E2E2E2E2E2E2E2E2E2E2E2E2E2F5E2E2E2E2E2F5F5E2E2E2E2E2E2E2E2E2E2E2E2E2E2E2E2E2E2E2E2E2E2E2
310
E2E2E2E2E2E2E2E2E2E2E2E2E2E2E2E2E2E2E2E2F5BEBEBEF5F5F5F5BEE2BEBE28F5F5F5F528E2BEF5F5F5F5E2E2E2E2E2E2E2E2E2E2E2E2E2E2E2E2E2E2E2E2E2E2E2E2E2E2E2E2E2E2E2E2E2E2E2E2E2E2E2E2E2E2E2E2E2E2E2E2E2E2E2E2E2E2E2E2E2E2E2E2E2E2E2E2E2E2E2E2E2E2E2F5E2E2F5E2E2E2E2E2E2E2E2
310
E2E2E2E2E2E2E2E2E2E2E2E2E2E2E2E2E2E2E2E2E2E2F5E2E2E2E2E2F5F5E2E2E2E2E2E2E2E2E2E2E2E2E2E2E2E2E2E2E2E2E2E2E2E2E2E2E2E2E2E2E2E2E2E2E2E2E2E2E2E2E2E2E2DCDCDC28F5F5E2F5BEE2BEBEBEF5F5F5F52828BEF5F5F5F5F5E2E2E2E2E2E2E2E2E2E2E2E2E2E2E2E2E2E2E2E2E2E2E2E2E2E2E2E2E2
310
E2E2E2E2E2E2E2E2E2E2E2E2E2E2E2E2E2E2E2E2E2E2E2E2E2E2E2E2E2E2E2E2E2E2E2E2E2E2E2E2E2F5E2E2F5E2E2E2E2E2E2E2E2E2E2E2E2E2E2E2E2E2E2E2E2E2E2E2E2E2E2E2E2E2E2F5E2E2E2E2E2F5F5E2E2E2E2E2E2E2E2E2E2E2E2E2E2E2E2E2E2E2E2E2E2E2E2E2E2E2E2E2E2E2E2E2E2E2E2E2E2E2E2E2E2E228
310
DCF528DCF5F5F5BEBEBEBEBEE2E2E2E2F528BEF5F5F5F5F5E2E2E2E2E2E2E2E2E2E2E2E2E2E2E2E2E2E2E2E2E2E2E2E2E2E2E2E2E2E2E2E2E2E2E2E2E2E2E2E2E2E2E2E2E2E2E2E2E2E2E2E2E2E2E2E2E2E2E2E2E2E2E2E2E2E2E2E2E2E2F5E2E2F5E2E2E2E2E2E2E2E2E2E2E2E2E2E2E2E2E2E2E2E2E2E2E2E2E2E2E2E2E2
310
E2F5E2E2E2E2E2F5F5E2E2E2E2E2E2E2E2E2E2E2E2E2E2E2E2E2E2E2E2E2E2E2E2E2E2E2E2E2E2E2E2E2E2E2E2E2E2E2E2E2E2E2F5DCE2F5F5DCDCF5F5BEBEBEBEBEDC28F5F528BEF5BEF5E2E2E2E2E2E2E2E2E2E2E2E2E2E2E2E2E2E2E2E2E2E2E2E2E2E2E2E2E2E2E2E2E2E2E2E2E2E2E2E2E2E2E2E2E2E2E2E2E2E2E2E2
310
E2E2E2E2E2E2E2E2E2E2E2E2E2E2E2E2E2E2E2E2F5E2E2F5E2E2E2E2E2E2E2E2E2E2E2E2E2E2E2E2E2E2E2E2E2E2E2E2E2E2E2E2E2E2F5E2E2E2E2E2F5F5E2E2E2E2E2E2E2E2E2E2E2E2E2E2E2E2E2E2E2E2E2E2E2E2E2E2E2E2E2E2E2E2E2E2E2E2E2E2E2E2E2E2E2F5F5DCE2BEBEBEF5F5DCDCDC2828BEDCF5DCBEDCF5F5
310
F5F5F5F5E2E2E2E2E2E2E2E2E2E2E2E2E2E2E2E2E2E2E2E2E2E2E2E2E2E2E2E2E2E2E2E2E2E2E2E2E2E2E2E2E2E2E2E2E2E2E2E2E2E2E2E2E2E2E2E2E2E2E2E2E2E2E2E2E2E2E2E2E2F5E2E2F5E2E2E2E2E2E2E2E2E2E2E2E2E2E2E2E2E2E2E2E2E2E2E2E2E2E2E2E2E2E2F5E2E2E2E2E2F5F5E2E2E2E2E2E2E2E2E2E2E2E2
310
E2E2E2E2E2E2E2E2E2E2E2E2E2E2E2E2E2E2E2E2E2E2E2E2E2E2E2E2E2E2E2F5F5F5DCBEBEBEE2DCF5F5DC28F5F5DCBE28BE28DCDCF5F5F5F5E2E2E2E2E2E2E2E2E2E2E2E2E2E2E2E2E2E2E2E2E2E2E2E2E2E2E2E2E2E2E2E2E2E2E2E2E2E2E2E2E2E2E2E2E2E2E2E2E2E2E2E2E2E2E2E2E2E2E2E2E2E2E2E2E2E2E2E2E2F5
310
E2E2F5E2E2E2E2E2E2E2E2E2E2E2E2E2E2E2E2E2E2E2E2E2E2E2E2E2E2E2E2E2E2F5E2E2E2E2E2F5F5E2E2E2E2E2E2E2E2E2E2E2E2E2E2E2E2E2E2E2E2E2E2E2E2E2E2E2E2E2E2E2E2E2E2E2E2E2E2E2E2E2E2E228F5F5F5DCBEBEDCF5F5F5F5DCBEE2E2F5BEF5DCBEDCF5E2E2E2E2E2E2E2E2E2E2E2E2E2E2E2E2E2E2E2E2
310
E2E2E2F5F5F5F5F5F5F5F5F5F5E2E2E2E2E2E2E2E2E2E2E2E2E2E2E2E2E2E2E2E2E2E2E2E2E2E2E2E2E2E2E2E2E2E2E2E2E2E2E2F5E2E2F5E2E2E2E2E2E2E2E2E2E2E2E2E2E2E2E2E2E2E2E2E2E2E2E2E2E2E2E2E2E2F5E2E2E2E2E2F5F5E2E2E2E2E2E2E2E2E2E2E2E2E2E2E2E2E2F5F5E2E2E2E2E2F5F5E2E2E2E2E2E2E2
310
E2E2E2E2E2E2E2E2E2E228F5F5F5DCE2F5BEBEE2F5F5F5BEBEF5F5BEDCDCF5F5F5E2E2E2E2E2E2E2E2E2E2E2E2E2E2E2E2E2E2E2E2E2E2E2F5F5F5F5F5F5F5F5F5F5E2E2E2E2E2E2E2E2E2E2E2E2E2E2E2E2E2E2E2E2E2E2E2E2E2E2E2E2E2E2E2E2E2E2E2E2E2E2E2F5E2E2F5E2E2E2E2E2E2E2E2E2E2E2E2E2E2E2E2E2E2
310
E2E2E2E2E2E2E2E2E2E2E2E2F5E2E2E2E2E2F5F5E2E2E2E2E2E2E2E2E2E2E2E2E2E2E2E2F5F5F5E2E2E2E2E2F5F5F5E2E2E2E2E2E2E2E2E2E2E2E2E2E2E2E2BEBEBEE2F5DCBEBEBEE2E2F5F5F5F5BEDCF5DCDCF52828E2E2E2E2E2E2E2E2E2E2E2E2E2E2E2E2E2E2E2E2F5F5F5F5F5F5F5F5F5F5F5F5F5E2E2E2E2E2E2E2E2
310
E2E2E2E2E2E2E2E2E2E2E2E2E2E2E2E2E2E2E2E2E2E2E2E2E2E2E2E2E2E2E2F5E2E2F5E2E2E2E2E2E2E2E2E2E2E2E2E2E2E2E2E2E2E2E2E2E2E2E2E2E2E2E2E2E2F5E2E2E2E2E2F5F5E2E2E2E2E2E2E2E2E2E2E2E2E2E2F5F5F5F5F5E2E2E2E2DCF5F5F5F5E2E2E2E2E2E2E2E2E2E2E2E2E2E2E2BEBEBEBEE2DCBEBEE2E2E2
310
E2F5F5F5BEF5F5282828BEBEBEE2E2E2E2E2E2E2E2E2E2E2E2E2E2E2E2E2E2E2F5F5F5F5F5F5F5F5F5F5F5F5F5E2E2E2E2E2E2E2E2E2E2E2E2E2E2E2E2E2E2E2E2E2E2E2E2E2E2E2E2E2E2E2E2E2E2E2E2E2E2E2F5E2E2F5E2E2E2E2E2E2E2E2E2E2E2E2E2E2E2E2E2E2E2E2E2E2E2E2E2E2E2E2E2E2F5E2E2E2E2E2F5F5E2
310
E2E2E2E2E2E2E2E2E2E2E2E2E2E2E2F5F5F528E2F5F5F5BEBEBEF5E2E2E2E2E2E2E2E2E2E2E2E2E2E2E2BEBEBEBEF5DCBEE2E2E2E2F5F5F5F5BEF5F5DC28F5BEBEBEE2E2E2E2E2E2E2E2E2E2E2E2E2E2E2E2E2E2E2F5F5F5F5F5F5F5E2F5F5F5F5E2E2E2E2E2E2E2E2E2E2E2E2E2E2E2E2E2E2E2E2E2E2E2E2E2E2E2E2E2E2
310
E2E2E2E2E2E2E2E2E2E2F5E2E2F5E2E2E2E2E2E2E2E2E2E2E2E2E2E2E2E2E2E2E2E2E2E2E2E2E2E2E2E2E2E2F5E2E2E2E2E2F5F5E2E2E2E2E2E2E2E2E2E2E2E2E2E2F5F5F5F5F5F5F5F5F5F5BEBEBEBEE2E2E2E2E2E2E2E2E2E2E2E2E2E2E228BEBEE2DCBEF5DCE2E2F5F5F5DCF5F5F5BEDCDCF5E2BEE2E2E2E2E2E2E2E2E2
310
E2E2E2E2E2E2E2E2E2E2E2E2E2E2E2F5F5F5F5F5E2E2E2E2E2E2E2E2E2E2E2E2E2E2E2E2E2E2E2E2E2E2E2E2E2E2E2E2E2E2E2E2E2E2E2E2E2E2E2E2E2E2E2F5E2E2F5E2E2E2E2E2E2E2E2E2E2E2E2E2E2E2E2E2E2E2E2E2E2E2E2E2E2E2E2E2E2F5E2E2E2E2E2F5F5E2E2E2E2E2E2E2E2E2E2E2E2E2E2F5F5F5F5F528F5F5
310
E2DCF5F5BEF5F5F5E2E2E2E2E2E2E2E2E2E2E2E2E228F5F5F5DCBEBEDCE2F5F5F5DCF5BEF5F5BEDCDCBEDCBEE2E2E2E2E2E2E2E2E2E2E2E2E2E2E2E2E2E2E2E2E2E2E2E2E2F5F5F5E2E2E2E2E2E2E2E2E2E2E2E2E2E2E2E2E2E2E2E2E2E2E2E2E2E2E2E2E2E2E2E2E2E2E2E2E2E2E2E2E2E2E2E2F5E2E2F5E2E2E2E2E2E2E2
310
E2E2E2E2E2E2E2E2E2E2E2E2E2E2E2E2E2E2E2E2E2E2E2F5E2E2E2E2E2F5F5E2E2E2E2E2E2E2E2E2E2E2E2E2E2E2E2E2E2E2F5F5F5E2F5F5F5F5F5F5F5F5F5F5E2E2E2E2E2E2E2E2E2E2F5F5F5DCE2E2E2F5DCF5F5DCF5BEBEF5BE282828BEF5F5E2E2E2E2E2E2E2E2E2E2E2E2E2E2E2E2E2E2E2E2E2E2E2BEE2E2E2E2E2E2
310
E2E2E2E2E2E2E2E2E2E2E2E2E2E2E2E2E2E2E2E2E2E2E2E2E2E2E2E2E2E2E2E2E2E2E2E2E2E2E2E2E2E2F5E2E2F5E2E2E2E2E2E2E2E2E2E2E2E2E2E2E2E2E2E2E2E2E2E2E2E2E2E2E2E2E2E2F5E2E2E2E2E2F5F5E2E2E2E2E2E2E2E2E2E2E2E2E2E2E2E2E2E2F5F5F5F5E2F5F5F5F5F5F5F5F5F5F5E2E2E2E2E2E2E2E2E2E2
310
F5F5F5F5E2E2E2E2DCF5DCF5F5DC28BEBEBEBEBEBEDCF5F5E2E2E2E2E2E2E2E2E2E2E2E2E2E2E2E2E2E2E2E2E2E2BEE2E2E2E2E2E2E2E2E2E2E2E2E2E2E2E2E2E2F5F5F5F5F5F5F5F5F5F5F5F5F5F5F5F5F5F5F5F5F5F5F5F5F5F5F5F5F5F5F5E2E2F5E2E2E2E2E2E2E2E2E2E2E2E2E2E2E2E2E2E2E2E2E2E2E2E2E2E2E2E2
310
E2E2F5E2E2E2E2E2F5F5E2E2E2E2E2E2E2E2E2E2E2E2E2E2E2E2E2E2F5F5F5F5E2E2E2E2E2E2E2E2E2E2E2E2E2E2E2E2E2E2E2E2E2F5F5DCE2E2E2E2F5F5DCDCBEBEBEDCDCF528BEBE28F5F5F5F5F5E2E2E2E2E2E2E2E2E2E2E2E2E2E2E2E2E2E2E2F5F5E2E2E2E2E2E2E2E2E2E2E2E2E2E2E2E2E2E2F5E2E2F5F5E2E2E2F5
310
F5E2E2F5E2F5F5F5F5E2E2E2E2E2E2E2E2E2E2E2E2F5E2E2F5E2E2E2E2E2E2E2E2E2E2E2E2E2E2E2E2E2E2E2E2E2E2E2E2E2E2E2E2E2E2F5E2E2E2E2E2F5F5E2E2E2E2E2E2E2E2E2E2E2E2E2E2E2E2E2E2E2BEE2BEE2E2F5E2E2F5F5F5E2E2E2E2E2E2E2E2E2E2E2E2E228DCF5F528DCDCF528BEBEBEBEBEF5F528BEF5F5F5
310
F5F5F5F5F5E2E2E2E2E2E2E2E2E2E2E2E2E2E2E2E2E2E2E2E2BEE2E2E2E2E2E2E2E2E2E2E2E2E2E2E2E2E2E2F5F5F5F5F5F5F5F5F5F5F5F5F5F5F5F5F5F5F5F5F5F5F5F5F5F5F5F5F5F5F5E2E2F5E2E2E2E2E2E2E2E2E2E2E2E2E2E2E2E2E2E2E2E2E2E2E2E2E2E2E2E2E2E2F5E2E2E2E2E2F5F5E2E2E2E2E2E2E2E2E2E2E2
310
E2E2E2E2E2E2E2E2BEF5BEBEF5F5F5F5F5F5F5F5F5E2E2E2E2E2E2E2E2E2E2E2F5DCDCF528F5F5F528BEE2E2E2BEBEBE28F5F5F5F5F5E2E2E2E2E2E2E2E2E2E2E2E2E2E2E2E2E2E2E2E2E2E2E2E2F5BEE2F52D2DE2E2E2E2E2E2E2E2E2E2E2E2E2F5F5F5F5F5F5F5E2E2E2E2E2F5F5F5F5E2E2F5E2E2E2E2F5E2E2E2E2E2E2
310
F5E2E2F5E2E2E2E2E2E2E2E2E2E2E2E2E2E2E2E2E2E2E2E2E2E2E2E2E2E2E2E2E2E2F5E2E2E2E2E2F5F5E2E2E2E2E2E2E2E2E2E2E2E2E2E2E2E2E2E2BEBEF5F5E2F5F5F5F5F5F5F5F5F5E2E2E2E2E2E2E2E2E2E2E2DCDCF5F5F5F5F5F528BEBEBEBEBEBEBEBEF5F5F5F5F5E2E2E2E2E2E2E2E2E2E2E2E2E2E2E2E2E2E2E2E2
310
E2E2E2E2F5F5F5282D2DE2E2E2E2E2E2E2E2E2E2E2E2E2F5F5F5F5F5F5F5F5F5F5F5F5F5F5F5F5F5F5F5F5F5F5F5F5F5F5F5F5F5F5F5E2E2F5E2E2E2E2E2E2E2E2E2E2E2E2E2E2E2E2E2E2E2E2E2E2E2E2E2E2E2E2E2E2F5E2E2E2E2E2F5F5E2E2E2E2E2E2E2E2E2E2E2E2E2E2E2E2E2E2F5BEF5F528E2E2E2E2E2E2E2E2E2
310
E2E2E2E2E2E2E2E2E2E2E2BEBEBEBEF5F5F5F5F5BEBEBEBEE2E2E2F5F5F5F5F5E2E2E2E2E2E2E2E2E2E2E2E2E2E2E2E2E2E2E2E2E2E2E2E2E2E2BE28E2F5F5F5F5E2E2E2E2E2E2E2E2E2E2E2F5F5F5F5F5F5F5F5F5F5F5F5F5F5F5F5F5F5F5F5F5F5F5F5F5F5F5F5F5F5F5E2E2F5E2E2E2E2E2E2E2E2E2E2E2E2E2E2E2E2E2
310
E2E2E2E2E2E2E2E2E2E2E2E2E2F5E2E2E2E2E2F5F5E2E2E2E2E2E2E2E2E2E2E2E2E2E2E2E2E2E2F5F5F5F5E2E2E2E2E2E2E2E2E2E2E2E2E2E2E2E2E2E2E2E2E2BEBEE2E2E2F5F5F5F5E2E2E2E2E2E2E2F5F5F5F5F5F5E2E2E2E2E2E2E2E2E2E2E2E2E2E2E2E2E2E2E2E2E2E2E2E2E2BEBEBE28BEBEBEE2E2E2E2E2E2E2E2E2
310
E2E2F5F5F5F5E2E2F5E2E2E2E2E2F5E2F5F5E2E2F5E2E2E2E2F5E2E2E2E2E2E2F5E2E2F5E2E2E2E2E2E2E2E2E2E2E2E2E2E2E2E2E2E2E2E2E2E2E2E2E2E2E2E2E2E2F5E2E2E2E2E2F5F5E2E2E2E2E2E2E2E2E2E2E2E2E2E2E2E2E2E2E2E2E2F5F5F5E2E2E2E2E2E2E2E2E2E2E2E2E2E2E2E2E2E2E2E2E2E2E2E2E2E2E2E2E2
310
E2E2E2E2E2E2F5F5F5F5F5F5E2E2E2E2E2E2E2E2E2E2E2E2E2E2E2E2E2E2E2E2E2E2E2E2E22828BEBEBEBEBEF5F5F5E2E2E2E2E2E2E2E2F5F5F5F5E2E2F5F5F5F5F5F5F5F5F5F5F5F5F5F5F5F5F5F5F5F5F5F5F5F5F5E2E2F5E2E2E2E2E2E2E2E2E2E2E2E2E2E2E2E2E2E2E2E2E2E2E2E2E2E2E2E2E2E2F5E2E2E2E2E2F5F5
310
E2E2E2E2E2E2E2E2E2E2E2E2E2E2E2E2E2E2E2E2E2F5F5F5E2E2E2E2E2E2E2E2E2E2E2E2E2E2E2E2E2E2E2E2E2E2E2E2E2E2E2E2E2E2E2E2E2E2E2F5F5E2F5F5E2E2E2E2E2E2E2E2E2E2E2E2E2E2E2E2E2E2E2E2E2E2E2E2E2E2BEBEE2F5F5F5F5F5F5F5E2E2E2E2E2E2E2E2F5F5F5F5E2E2F5F5F5F5F5F5F5F5F5F5F5F5F5
310
F5F5F5F5F5F5F5F5F5F5F5F5E2E2F5E2E2E2E2E2E2E2E2E2E2E2E2E2E2E2E2E2E2E2E2E2E2E2E2E2E2E2E2E2E2F5E2E2E2E2E2F5F5E2E2E2E2E2E2E2E2E2E2E2E2E2E2E2E2E2E2E2E2E2E2F5F5F5E2E2E2E2E2E2E2E2E2E2E2E2E2E2E2E2E2E2E2E2E2E2E2E2E2E2E2E2E2E2E2E2E2E2F5F5E2F5F5E2E2E2E2E2E2E2E2E2E2
310
E2E2E2E2E2E2E2E2E2E2E2E2E2E2E2E2F5F5F52DF5E2E2E2E2E2E2E2E2E2E2E2E2E2F5F5F5F5E2E2F5E2E2E2E2E2F5F5F5F5E2E2F5E2E2E2E2F5E2E2E2E2E2E2F5E2E2F5E2E2E2E2E2E2E2E2E2E2E2E2E2E2E2E2E2E2E2E2E2E2E2E2E2E2E2E2E2E2F5E2E2E2E2E2F5F5E2E2E2E2E2E2E2E2E2E2E2E2E2E2E2E2E2E2E2E2E2
310
E2F5F5F5E2E2E2E2E2E2E2E2E2E2E2E2E2E2E2E2E2E2E2E2E2E2E2E2E2E2E2E2E2E2E2E2E2E2E2E2E2E2E2E2E2E2E2E2E2E2E2E2E2E2E2E2E2E2E2E2E2E2E2E2E2E2E2E2E2E2F5F5F5F5E2E2E2E2E2E2E2E2E2E2E2E2E2F5F5F5F5F5F5F5F5F5F5F5F5F5F5F5F5F5F5F5F5F5F5F5F5F5F5F5F5F5F5F5E2E2F5E2E2E2E2E2E2
310
E2E2E2E2E2E2E2E2E2E2E2E2E2E2E2E2E2E2E2E2E2E2E2E2F5E2E2E2E2E2F5F5E2E2E2E2E2E2E2E2E2E2E2E2E2E2E2E2E2E2E2E2E2E2E2E2E2E2E2E2E2E2E2E2E2E2E2E2E2E2E2E2E2E2E2E2E2E2E2E2E2E2E2E2E2E2E2E2E2E2E2E2E2E2E2E2E2E2E2E2E2E2E2E2E2E2E2E2E2E2E2E2E2E2E2E2E2E2E2E2E2E2E2F5E228F5
310
F5E2E2E2E2E2E2E2E2E2E2E2E2F5F5F5F5E2E2F5F5F5F5F5F5F5F5F5F5F5F5F5F5F5F5F5F5F5F5F5F5F5F5F5E2E2F5E2E2E2E2E2E2E2E2E2E2E2E2E2E2E2E2E2E2E2E2E2E2E2E2E2E2E2E2E2E2F5E2E2E2E2E2F5F5E2E2E2E2E2E2E2E2E2E2E2E2E2E2E2E2E2E2E2E2E2E2E2E2E2E2E2E2E2E2E2E2E2E2E2E2E2E2E2E2E2E2
310
E2E2E2E2E2E2E2E2E2E2E2E2E2E2E2E2E2E2E2E2E2E2E2E2E2E2E2E2E2E2E2E2E2E2E2E2E2E2E2E2E2E2E2E2E2E2E2E2F5F5F5F52D2DF5E2E2E2E2E2E2E2E2E2E2E2F5F5F5F5E2E2F5E2E2E2E2E2F5E2E2F5E2E2F5E2E2E2E2F5E2E2E2E2E2E2F5E2E2F5E2E2E2E2E2E2E2E2E2E2E2E2E2E2E2E2E2E2E2E2E2E2E2E2E2E2E2
310
E2E2E2F5E2E2E2E2E2F5F5E2E2E2E2E2E2E2E2E2E2E2E2E2E2E2E2E2E2E2E2E2E2E2E2E2E2E2E2E2E2E2E2E2E2E2E2E2E2E2E2E2E2E2E2E2E2E2E2E2E2E2E2E2E2E2E2E2E2E2E2E2E2E2E2E2E2E2E2E2E2E2E2E2E2E2E2E2E2E2E2E2E2E2E2E2E2E2E2E2E2E2F5F5F52D2DF5E2E2E2E2E2E2E2E2E2E2E2F5E2E2F5E2E2F5F5
310
F5F5F5F5F5F5F5F5F5F5F5F5F5F5F5F5F5F5F5F5F5F5F5E2E2F5E2E2E2E2E2E2E2E2E2E2E2E2E2E2E2E2E2E2E2E2E2E2E2E2E2E2E2E2E2E2F5E2E2E2E2E2F5F5E2E2E2E2E2E2E2E2E2E2E2E2E2E2E2E2E2E2E2E2E2E2E2E2E2E2E2E2E2E2E2E2E2E2E2E2E2E2E2E2E2E2E2E2E2E2E2E2E2E2E2E2E2E2E2E2E2E2E2E2E2E2E2
310
E2E2E2E2E2E2E2E2E2E2E2E2E2E2E2E2E2E2E2E2E2E2E2E2E2E2E2F5F5DCF5E2E2F5E2E2E2E2E2E2E2E2E2E2E2F5E2E2F5F5F5F5F5F5F5F5F5F5F5F5F5F5F5F5F5F5F5F5F5F5F5F5F5F5F5F5E2E2F5E2E2E2E2E2E2E2E2E2E2E2E2E2E2E2E2E2E2E2E2E2E2E2E2E2E2E2E2E2E2F5E2E2E2E2E2F5F5E2E2E2E2E2E2E2E2E2E2
310
E2E2E2E2E2E2E2E2E2E2E2E2E2E2E2E2E2E2E2E2E2E2E2E2E2E2E2E2E2E2E2E2E2E2E2E2E2E2E2E2E2E2E2E2E2E2E2E2E2E2E2E2E2E2E2E2E2E2E2E2E2E2E2E2E2E2E2E2E2E2E2E2E2E2E2E2E2E2E2E2F5F5DCF5E2E2E2E2E2E2E2E2E2E2E2E2E2E2F5E2E2F5F5F5F5F5F5F5E2E2F5F5F5F5F5F5F5E2E2F5F5F5F5F5E2E2E2
310
E2F5E2E2F5E2E2E2E2E2E2E2E2E2E2E2E2E2E2E2E2E2E2E2E2E2E2E2E2E2E2E2E2E2E2F5E2E2E2E2E2F5F5E2E2E2E2E2E2E2E2E2E2E2E2E2E2E2E2E2E2E2E2E2E2E2E2E2E2E2E2E2E2E2E2E2E2E2E2E2E2E2E2E2E2E2E2E2E2F5F5E2E2E2E2E2E2E2E2E2E2E2E2E2E2E2E2E2E2E2E2E2E2E2E2E2E2E2E2E2E2E2E2E2E2E2E2
310
E2E2E2E2E2E2E2F5E2F5E2E2E2E2E2E2E2E2E2E2E2E2E2E2F5F5F5F5E2E2F5F5F5F5F5F5F5F5F5F5F5F5F5F5F5F5F5F5F5F5F5F5F5F5F5E2E2F5E2E2E2E2E2E2E2E2E2E2E2E2E2E2E2E2E2E2E2E2E2E2E2E2E2E2E2E2E2E2F5E2E2E2E2E2F5F5E2E2E2E2E2E2E2E2E2E2E2E2E2E2E2E2E2E2E2E2E2E2E2E2E2E2E2E2E2E2E2
310
E2E2E2E2E2E2E2E2E2E2E2E2E2E2F5F5F5F5F5F5E2E2E2E2E2E2E2E2E2E2E2E2E2E2E2E2E2E2E2E2E2E2E2E2E2E2E2E2E2E2E2E2E2E2E2E2E2E2E2E2F5DCBEBEBEF5F5E2E2E2E2E2E2E2E2E2E2F5F5F5F5E2E2F5F5F5F5F5F5F5F5F5F5F5F5F5F5F5F5F5F5F5F5F5F5F5F5F5E2E2F5E2E2E2E2E2E2E2E2E2E2E2E2E2E2E2E2
310
E2E2E2E2E2E2E2E2E2E2E2E2E2E2F5E2E2E2E2E2F5F5E2E2E2E2E2E2E2E2E2E2E2E2E2E2E2E2E2E2E2E2E2E2E2E2E2E2E2E2E2E2E2E2E2E2E2E2E2E2E2E2E2E2BEBEBEBEF5F5F5F5F5F5E2E2E2E2E2E2E2BEBEBEBEE2E2E2E2E2E2E2E2E2E2E2E2E2E2E2E2E2E2E2E2E2E2E2E2E2E2E2E2F5DCBEBEBEF5F5E2E2E2E2E2E2E2
310
E2E2E2F5E2E2F5E2E2F5F5F5F5E2E2F5F5F5F5F5F5F5E2E2F5F5F5E2E2E2E2E2E2F5E2E2F5E2E2E2E2E2E2E2E2E2E2E2E2E2E2E2E2E2E2E2E2E2E2E2E2E2E2E2E2E2E2F5E2E2E2E2E2F5F5E2E2E2E2E2E2E2E2E2E2E2E2E2E2E2E2E2E2E2E2E2E2E2E2E2E2E2E2E2E2E2E2E2E2E2E2E2E2E2E2E2E2BEBEBEBEF5F5F5F5BEBE
310
BEBEE2F5F5E2E2BEF5F528E2E2E2E2E2E2E2E2E2E2E2E2E2E2E2E2E2E2E2E2E2E2E2E2E2E2E2E2F528F5BEBEF5F5E2E2E2E2E2E2E2E2E2E2F5F5F5F5F5F5F5F5F5F5F5F5F5F5F5F5F5F5F5F5F5F5F5F5F5F5F5F5F5F5F5E2E2F5E2E2E2E2E2E2E2E2E2E2E2E2E2E2E2E2E2E2E2E2E2E2E2E2E2E2E2E2E2E2F5E2E2E2E2E2F5
310
F5E2E2E2E2E2E2E2E2E2E2E2E2E2E2E2E2E2E2E2E2E2E2E2E2E2E2E2E2E2E2E2E2E2E2E2E2E2E2E2E2E2DCDCDCDCDCF5F5F5F5BEBEBEBEF528F5F5F5BEF5F5BEF5F5E2E2E2E2E2E2E2E2E2E2E2E2E2E2E2E2E2E2E2E2E2E2E2E2E2E2F5DC2828282828E2E2E2E2E2E2E2E2E2E2F5F5F5F5F5F5F5F5F5F5F5E2F5F5F5F5F5F5
310
F5F5F5F5F5F5E2F5F5E2F5E2F5E2E2F5E2E2E2E2E2E2E2E2E2E2E2E2E2E2E2E2E2E2E2E2E2E2E2E2E2E2E2E2E2E2F5E2E2E2E2E2F5F5E2E2E2E2E2E2E2E2E2E2E2E2E2E2E2E2F5F5F5F5F5F5E2E2E2E2E2F5F5F5F5F5F5E2E2E2E2E2E2E2E2DCDCDCBEBEDCDCDCDCDCDCDCDCDC28DCDCBEBE28DCF52828F5F5E2E2E2E2E2E2
310
E2E2E2E2E2E2E2E2E2E2E2E2E2E2E2E2E2E2F5E2F5F5F5F5E2E2E2E2E2E2E2E2E2E2E2F5F5F5F5F5F5F5F5F5F5F5E2F5F5F5F5F5F5F5F5F5F5F5F5E2F5E2E2F5E2F5E2E2F5E2E2E2E2E2E2E2E2E2E2E2E2E2E2E2E2E2E2E2E2E2E2E2E2E2E2E2E2E2E2F5E2E2E2E2E2F5F5E2E2E2E2E2E2E2E2E2E2E2E2E2E2E2E2E2E2F5F5
310
F5E2E2E2E2E2E2E2E2F5F5E2E2E2E2E2E2E2E2E2E2DCF5F5BEBEBEBEBEBEBEDCF5BEBEBEE2F5DC28BEBEF5F5F5F5F5F5E2E2E2E2E2E2E2E2E2E2E2E2E2E2E2E2E2E2E2E2E2E2E2F5DCF5E2E2E2E2E2E2E2E2E2E2E2E2E2E2F5F5F5F5F5F5F5F5F5F5F5F5F5F5F5F5F5F5F5F5F5F5F5F5F5F5F5F5F5F5F5E2E2F5E2E2E2E2E2
310
E2E2E2E2E2E2E2E2E2E2E2E2E2E2E2E2E2E2E2E2E2E2E2E2E2F5E2E2E2E2E2F5F5E2E2E2E2E2E2E2E2E2E2E2E2E2E2E2E2E2E2F5F5F5E2E2E2E2E2E2E2E2F5F5F5E2E2E2E2E2E2E2E2E2DC28F5F5BEBEBEBEBEBEDCF5BEBEF5DCDCF52828F5F5F5F5E2E2F5E2E2E2E2E2E2E2E2E2E2E2E2E2E2E2E2E2E2E2E2E2E2E2F5DCF5
310
E2E2E2E2E2E2E2E2E2E2E2E2E2E2F5E2E2E2E2E2F5F5F5F5F5F5F5F5F5F5F5F5F5F5F5F5F5F5E2E2E2E2E2E2F5E2E2F5E2E2E2E2E2E2E2E2E2E2E2E2E2E2E2E2E2E2E2E2E2E2E2E2E2E2E2E2E2E2F5E2E2E2E2E2F5F5E2E2E2E2E2E2E2E2E2E2E2E2E2E2E2E2E2E2F5F5F5E2E2E2E2E2E2E2BEE2E2F5E2E2E2E2E2E2E2E2E2
310
DC28F5F5F5DCDCBEBEE228E2BE28DCBEE2F5F5F5F5F5F5F5F5E2E2E2E2E2E2E2E2E2E2E2E2E2E2E2E2E2E2E2E2E2E2E2E2F5F5DCF5E2E2E2E2E2E2E2E2E2E2E2E2E2E2F5E2E2E2E2E2F5F5F5F5F5F5F5F5F5F5F5F5F5F5F5F5F5F5E2E2E2E2E2E2F5E2E2F5E2E2E2E2E2E2E2E2E2E2E2E2E2E2E2E2E2E2E2E2E2E2E2E2E2E2
310
E2E2E2E2F5E2E2E2E2E2F5F5E2E2E2E2E2E2E2E2E2E2E2E2E2E2E2E2E2E2F5F5BEE2E2E2E2E2E2E2BEF5F5BEE2E2E2E2E2E2E2E2E22828F5F5F5F5F5DCDCE2DC28F528E2E2E2E2E2E2E2F5F5E2F5E2E2E2E2E2E2E2E2E2E2E2E2E2E2E2E2E2E2E2E2E2E2E2E2F5F5DCF5E2E2E2E2E2E2E2E2E2E2E2E2E2E2F5E2E2E2E2E2F5
310
F5F5E2F5F5F5F5F5F5F5F5F5F5F5F5F5E2E2E2E2E2E2E2F5E2E2F5E2E2E2E2E2E2E2E2E2E2E2E2E2E2E2E2E2E2E2E2E2E2E2E2E2E2E2E2E2E2F5E2E2E2E2E2F5F5E2E2E2E2E2E2E2E2E2E2E2E2E2E2E2E2E2F5BEF5BEBEF5E2E2E2E2E2BEBEF5BEE2E2E2E2E2E2E2E2E2DCBEBEBEBEF5F5E2F5DCBEBEF5F5E2E2E2E2E2E2E2
310
E2E2E2E2E2E2E2E2E2E2E2E2E2E2E2E2E2E2E2E2E2E2E2E2E2E2E2E2E2F5F5F52D2DF5E2E2E2E2E2E2E2E2E2E2E2F5F5F5F5F5F5F5F5F5F5F5F5F5F5F5F5F5F5F5F5F5F5F5F5F5F5F5F5F5F5F5E2E2F5E2E2E2E2E2E2E2E2E2E2E2E2E2E2E2E2E2E2E2E2E2E2E2E2E2E2E2E2E2E2F5E2E2E2E2E2F5F5E2E2E2E2E2E2E2E2E2
310
E2E2E2E2E2E2E2F5F5F5F5BEF5F5E2E2E2BEF5F5F5F5F5E2E2E2E2E2E2E2E2E2DCBEBEBEBEE2DCDCDCBEBEBE28F5F5F5E2E2E2E2E2E2E2E2E2E2E2E2E2E2E2E2E2E2E2E2E2E2E2E2E2E2E2E2E2E2E2E2E2F5F5F5F52D2DF5E2E2E2E2E2E2E2E2E2E2E2F5E2E2F5F5F5F5E2E2F5E2E2E2E2F5F5F5F5F5E2E2E2E2E2E2E2E2E2
310
E2E2F5E2E2F5E2E2E2E2E2E2E2E2E2E2E2E2E2E2E2E2E2E2E2E2E2E2E2E2E2E2E2E2E2E2F5E2E2E2E2E2F5F5E2E2E2E2E2E2E2E2E2E2E2E2E2E2E2E2E2BEBEBEE2E2E2E2E2E2F5BEF528BEF5E2E2E2E2E2E2E2E2E2DCBEBEBEDCDCF5F5F5BEE2E2F5F5F5F5F5E2E2E2E2E2E2E2E2E2E2E2E2E2E2E2E2E2E2E2E2E2E2E2E2E2
310
E2E2E2E2E2E2E2F5F5F528F5F5F5E2E2E2E2E2E2E2E2E2E2E2F5F5F5F5F5F5F5F5F5F5F5F5F5F5F5F5F5F5F5F5F5F5F5F5F5F5F5F5F5F5F5E2E2F5E2E2E2E2E2E2E2E2E2E2E2E2E2E2E2E2E2E2E2E2E2E2E2E2E2E2E2E2E2E2F5E2E2E2E2E2F5F5E2E2E2E2E2E2E2E2E2E2E2E2E2E2E2E2E2E2F5F5E2E2E2E2E2E2BEF5F5BE
310
28F5E2E2E2E2E2E2E2E2E2BEBEBEDCF5F5F5F5F5F5E2E2F5F5F5F5F5E2E2E2E2E2E2E2E2E2E2E2E2E2E2E2E2E2E2E2E2E2E2E2E2E2E2E2E2E2E2E2E2E2F5F5F5F5E2F5E2E2F5E2E2E2E2E2E2E2E2F5E2E2F5E2E2E2E2E2F5E2E2E2F5E2F5E2E2E2F5E2E2E2F5E2E2E2E2E2E2F5E2E2F5E2E2E2E2E2E2E2E2E2E2E2E2E2E2E2
310
E2E2E2E2E2E2E2E2E2E2E2E2E2E2E2F5E2E2E2E2E2F5F5E2E2E2E2E2E2E2E2E2E2E2E2E2E2E2E2E2E2E2E2E2E2E2E2E2E2E2BEE2DCE228282828E2E2E2E2E2E2DC28F5F5F5F5F5F5E2E2E2E2E2E2E2E2E2E2E2E2E2E2E2E2E2E2E2E2E2E2E2E2E2E2E2E2E2E2E2E2E2E2E2E2E2E2E2E2E2F5F5F52DF5F5F5F5F5F5F5F5E2E2
310
E2E2E2E2F5F5F5F5F5F5F5F5F5F5F5F5F5F5F5F5F5F5F5F5F5F5F5F5F5F5F5F5F5F5F5E2E2F5E2E2E2E2E2E2E2E2E2E2E2E2E2E2E2E2E2E2E2E2E2E2E2E2E2E2E2E2E2E2F5E2E2E2E2E2F5F5E2E2E2E2E2E2E2E2E2E2E2E2E2E2E2E2E2E2E2E2E2E2E2E2E2E2E2E2E2E2E2BEBEBEE2E2E2E2E2E2E22828F5E2F5F5F5F5E2E2
310
E2E2E2E2E2E2E2E2E2E2E2E2E2E2E2E2E2E2E2E2E2E2E2E2E2E2E2E2E2E2E2E2E2E2E2E2E2E2E2BEBE28F5F5E2E2E2E2E2E2E2E2E2E2E2E2E2F5F5F5F5F5F5F5F5F5F5F5F5F5F5F5F5F5F5F5F5F5F5F5F5F5F5F5F5F5F5F5E2E2F5E2E2E2E2E2E2E2E2E2E2E2E2E2E2E2E2E2E2E2E2E2E2E2E2E2E2E2E2E2E2F5E2E2E2E2E2
310
F5F5E2E2E2E2E2E2E2E2E2E2E2E2E2E2E2E2E2E2E2E2E2E2E2E2E2E2E2E2E2E2E2E2E2E2E2E2E2E2E2E2E228BEF5E2F5F5F5E2E2E2E2E2E2E2E2E2E2E2E2E2E2E2E2E2E2E2E2E2E2E2E2E2E2E2E2E2E2E2E2E2E2E2E2E2E2E2E2E2E22828BEBEBEBEBEE2E2E2E2E2E2E2E2E2E2E2F5F5F5F5F5F5F5E2E2F5E2F5F5F5F5F5E2
310
F5F5F5E2F5F5F5E2E2E2E2E2E2F5E2E2F5E2E2E2E2E2E2E2E2E2E2E2E2E2E2E2E2E2E2E2E2E2E2E2E2E2E2E2E2E2E2F5E2E2E2E2E2F5F5E2E2E2E2E2E2E2E2E2E2E2E2E2E2E2E2E2E2E2E2E2E2E2E2E2E2E2E2E2E2E2E2E2E2E2E2E2E2E2E2E228E2E2E2E2E2E2E2E2E2E2E2E2E2E2E2E2E2E2E2E2E2E2E2E2E2E2E2E2E2E2
310
E2E2E2E2E2E2E2E2E2E2E2E2E2E2E2E2E2E2BEBEBE28BEBEBEE2E2E2E2E2E2E2E2E2E2E2F5F5F5F5F5F5F5F5F5F5F5F5F5F5F5F5F5F5F5F5F5F5F5F5F5F5F5F5F5F5F5E2E2F5E2E2E2E2E2E2E2E2E2E2E2E2E2E2E2E2E2E2E2E2E2E2E2E2E2E2E2E2E2E2F5E2E2E2E2E2F5F5E2E2E2E2E2E2E2E2E2E2E2E2E2E2E2E2E2E2E2
310
E2E2E2E2E2E2E2E2E2E2E2E2E2E2E2E2E2E2E2E2E2E2E2E2E2E2E2E2E2E2E2E2E2E2E2E2E2E2E2E2E2E2E2E2E2E2E2E2E2E2E2E2E2E2E2E2E2E2E2E2E2E2E2E2E2E2E2E2E2E2E2BE28E2F5E2E2E2E2E2E2E2E2E2E2E2E2E2E2F5F5F5F5F5F5F5F5F5F5F5F5F5F5F5F5F5F5F5F5F5F5F5F5F5F5F5F5F5F5F5E2E2F5E2E2E2E2
310
E2E2E2E2E2E2E2E2E2E2E2E2E2E2E2E2E2E2E2E2E2E2E2E2E2E2F5E2E2E2E2E2F5F5E2E2E2E2E2E2E2E2E2E2E2E2E2E2E2E2E2E2E2E2E2E2E2E2E2E2E2E2E2E2E2E2E2E2E2E2E2E2E2E2E2E2E2E2E2E2E2E2E2E2E2E2E2E2E2E2E2E2E2E2E2E2E2E2E2E2E2E2E2E2E2E2E2E2E2E2E2E2E2E2E2E2E2E2E2E2E2E2E2F5F5F52D
310
2DF5E2E2E2E2E2E2E2E2E2E2E2E2E2F5F5F5F5F5F5F5F5F5F5E2F5F5F5F5F5E2F5F5F5E2F5F5F5F5E2E2E2E2E2F5E2E2F5E2E2E2E2E2E2E2E2E2E2E2E2E2E2E2E2E2E2E2E2E2E2E2E2E2E2E2E2E2E2F5E2E2E2E2E2F5F5E2E2E2E2E2E2E2E2E2E2E2E2E2E2E2E2E2E2E2E2E2E2E2E2E2E2E2E2E2E2E2E2E2E2E2E2E2E2E2E2
310
E2E2E2E2E2E2E2E2E2E2E2E2E2E2E2E2E2E2E2E2E2E2E2E2E2E2E2E2E2E2E2E2E2E2E2E2E2E2E2E2E2E2E2E2E2E2E2E2E2F5BEE22D2DF5F5F5E2E2E2E2E2E2E2E2E2E2E2F5F5F5F5F5F5F5F5F5F5F5F5F5F5F5F5F5F5F5F5F5F5F5F5F5F5F5F5F5F5F5E2E2F5E2E2E2E2E2E2E2E2E2E2E2E2E2E2E2E2E2E2E2E2E2E2E2E2E2
310
E2E2E2E2E2F5E2E2E2E2E2F5F5E2E2E2E2E2E2E2E2E2E2E2E2E2E2E2E2E2E2E2E2E2E2E2E2E2E2E2E2E2E2E2E2E2E2E2E2E2E2E2E2E2E2E2E2E2E2E2E2E2E2E2E2E2E2E2E2E2E2E2E2E2E2E2E2E2E2E2E2E2E2E2E2E2E2E2E2E2E2E2E2E2E2E2E2E2E2E2E2E2BEE2E2E2F5F5F5F5E2E2E2E2E2E2E2E2E2E2E2F5F5F5F5F5F5
310
F5F5F5F5F5F5F5F5F5F5F5F5F5F5F5F5F5F5F5F5F5F5F5F5F5E2E2F5E2E2E2E2E2E2E2E2E2E2E2E2E2E2E2E2E2E2E2E2E2E2E2E2E2E2E2E2E2E2F5E2E2E2E2E2F5F5E2E2E2E2E2E2E2E2E2E2E2E2E2E2E2E2E2E2E2E2E2E2E2E2E2E2E2E2E2E2E2E2E2E2E2E2E2E2E2E2E2E2E2E2E2E2E2E2E2E2E2E2E2E2E2E2E2E2E2E2E2
310
E2E2E2E2E2E2E2E2E2E2E2E2E2E2E2E2E2E2E2E2E2E2E2E2E2E2E2F5F5E2E2E2E2E2E2E2E2E2E2E2E2E2E2E2E2E2E2F5F5F5F5F5F5F5E2E2F5E2F5F5F5F5F5E2F5F5F5E2F5F5F5E2E2E2E2E2E2F5E2E2F5E2E2E2E2E2E2E2E2E2E2E2E2E2E2E2E2E2E2E2E2E2E2E2E2E2E2E2E2E2E2F5E2E2E2E2E2F5F5E2E2E2E2E2E2E2E2
310
E2E2E2E2E2E2E2E2E2E2E2E2E2E2E2E2E2E2E2E2E2E2E2E2E2E2E2E2E2E2E2E2E2E2E2E2E2E2E2E2E2E2E2E2E2E2E2E2E2E2E2E2E2E2E2E2E2E2E2E2E2E2E2E2E2E2E2E2E2E2E2E2E2E2E2E2E2E2E2E2E2BEE2E2E2E2E2E2E2E2E2E2E2E2E2E2E2E2E2E2F5F5F5F5F5F5F5F5F5F5F5F5F5F5F5F5F5F5F5F5F5F5F5F5F5F5F5
310
F5F5F5F5E2E2F5E2E2E2E2E2E2E2E2E2E2E2E2E2E2E2E2E2E2E2E2E2E2E2E2E2E2E2E2E2E2F5E2E2E2E2E2F5F5E2E2E2E2E2E2E2E2E2E2E2E2E2E2E2E2E2E2E2E2E2E2E2E2E2E2E2E2E2E2E2E2E2E2E2E2E2E2E2E2E2E2E2E2E2E2E2E2E2E2E2E2E2E2E2E2E2E2E2E2E2E2E2E2F5F5E2E2E2E2E2E2E2E2E2E2E2E2E2E2E2E2
310
E2E2E2E2E2E2E2BEE2E2E2E2E2E2E2E2E2E2E2E2E2E2E2E2E2E2F5F5F5F5F5F5F5F5F5F5F5F5F5F5F5F5F5F5F5F5F5F5F5F5F5F5F5F5F5F5F5E2E2F5E2E2E2E2E2E2E2E2E2E2E2E2E2E2E2E2E2E2E2E2E2E2E2E2E2E2E2E2E2E2F5E2E2E2E2E2F5F5E2E2E2E2E2E2E2E2E2E2E2E2E2E2E2E2E2E2E2E2E2E2E2E2E2E2E2E2E2
310
E2E2E2E2E2E2E2E2E2E2E2E2E2E2E2E2E2E2E2E2E2E2E2E2E2E2E2E2E2E2E2E2E2E2F5F5F5F5DCE2E2E2E2E2E2E2E2E2E2E2E2E2E2E2E2E2E2E2E2E2E2E2E2E2E2E2E2E2E2E2E2E2E2E2E2E2E2E2E2F5F5F5F5F5F5F5E2E2F5E2F5F5F5F5F5E2F5F5F5E2F5F5F5E2E2E2E2E2E2F5E2E2F5E2E2E2E2E2E2E2E2E2E2E2E2E2E2
310
E2E2E2E2E2E2E2E2E2E2E2E2E2E2E2E2F5E2E2E2E2E2F5F5E2E2E2E2E2E2E2E2E2E2E2E2E2E2E2E2E2E2E2E2E2E2E2E2E2E2E2E2E2E2E2E2E2E2E2E2E2E2E2E2E2E2E2E2E2E2E2E2E2E2E2E2E2E2E2E2E2E2E2E2E2E2F5F5DCDCDCE2DCE2E2E2E2E2E2E2E2E2E2E2E2E2E2E2E2E2E2E2E2E2E2E2E2E2E2E2E2E2E2E2E2E2E2
310
E2E2E2E2E2F5F5F5F5F5F5F5F5F5F5F5F5F5F5F5F5F5F5F5F5F5F5F5F5F5F5F5F5F5F5F5E2E2F5E2E2E2E2E2E2E2E2E2E2E2E2E2E2E2E2E2E2E2E2E2E2E2E2E2E2E2E2E2E2F5E2E2E2E2E2F5F5E2E2E2E2E2E2E2E2E2E2E2E2E2E2E2E2E2E2E2E2E2E2E2E2E2E2E2E2E2E2E2E2E2E2E2E2E2E2E2E2E2E2E2E2E2E2E2E2E2E2
310
E2F5F5F5F5E2E2BEE2E2F5F5DCF5F5E2E2E2DCDCE2E2E2E2E2E2E2E2E2E2E2E2E2E2E2E2E2E2E2E2E2E2E2E2E2E2E2E2E2E2E2E2E2E2E2E2E2E2F5F5F5F5F5F5F5F5F5F5F5F5F5F5F5F5F5F5F5F5F5F5F5F5F5F5F5F5F5F5F5E2E2F5E2E2E2E2E2E2E2E2E2E2E2E2E2E2E2E2E2E2E2E2E2E2E2E2E2E2E2E2E2E2F5E2E2E2E2
310
E2F5F5E2E2E2E2E2E2E2E2E2E2E2E2E2E2E2E2E2E2E2E2E2E2E2E2E2E2E2E2E2E2E2E2E2E2E2E2E2E2E2E2E2E2E2E2E2E2E2E2E2E2E2F5F5F5F5BEBEBEBEDCDCDCE2E2E2E2E2E2E2DCE2E2E2E2E2E2E2E2E2E2E2E2E2E2E2E2E2E2E2E2E2E2E2E2E2E2E2E2E2E2E2E2E2E2E2E2E2E2F5F5F5F5F5F5F5F5F5F5E2F5F5F5F5F5
310
E2F5F5F5E2F5F5F5F5F5F5E2E2E2F5E2E2F5E2E2E2E2E2E2E2E2E2E2E2E2E2E2E2E2E2E2E2E2E2E2E2E2E2E2E2E2E2E2F5E2E2E2E2E2F5F5E2E2E2E2E2E2E2E2E2E2E2E2E2E2E2E2E2E2E2E2E2E2E2E2E2E2E2E2E2E2E2E2E2E2E2E2E2E2E2E2E2E2E2E2E2E2E2E2E2E2E2F5F5F5F5BEBEDCDCE2E2E2E2BEBEBEBEE2E2E2DC
310
E2E2E2E2E2E2E2E2E2E2E2E2E2E2E2E2E2E2E2E2E2E2E2E2E2E2E2E2E2E2E2E2E2E2E2E2E2F5F5F5F5F5F5F5F5F5F5F5F5F5F5F5F5F5F5F5F5F5F5F5F5F5F5F5F5F5F5F5E2E2F5E2E2E2E2E2E2E2E2E2E2E2E2E2E2E2E2E2E2E2E2E2E2E2E2E2E2E2E2E2E2F5E2E2E2E2E2F5F5E2E2E2E2E2E2E2E2E2E2E2E2E2E2E2E2E2E2
310
E2E2E2E2E2E2E2E2E2E2E2E2E2E2E2E2E2E2E2E2E2E2E2E2E2E2E2E2E2E2E2E2E2E2F5F5F5DCDCDCDCE2F5E2E2BEBEE2BEBEE2E2E2DCE2E2E2E2E2E2E2E2E2E2E2E2E2E2E2E2E2E2E2E2E2E2E2E2E2E2E2E2E2E2E2E2E2E2E2E2F5F5F5F5F5F5F5F5F5F5F5F5F5F5F5F5F5F5F5F5F5F5F5F5F5F5F5F5F5F5F5E2E2F5E2E2E2
310
E2E2E2E2E2E2E2E2E2E2E2E2E2E2E2E2E2E2E2E2E2E2E2E2E2E2E2F5E2E2E2E2E2F5F5E2E2E2E2E2E2E2E2E2E2E2E2E2E2E2E2E2E2E2E2E2E2E2E2E2E2E2E2E2E2E2E2E2E2E2E2E2E2E2E2E2E2E2E2E2E2BEBEBEBEF5BEF5DCF5F5DCF5DCF5F5F5E2BEBEE2BEE2E2E2DCE2E2E2E2E2E2E2E2E2E2E2E2E2E2E2E2E2E2E2E2E2
310
E2E2E2E2E2E2E2E2E2E2E2E2E2E2E2E2F5F5F5F5F5F5F5F5F5F5E2F5F5F5F5F5E2F5F5F5E2F5F5F5E2E2E2E2E2E2F5E2E2F5E2E2E2E2E2E2E2E2E2E2E2E2E2E2E2E2E2E2E2E2E2E2E2E2E2E2E2E2E2E2F5E2E2E2E2E2F5F5E2E2E2E2E2E2E2E2E2E2E2E2E2E2E2E2E2E2E2E2E2E2E2E2E2E2E2E2E2E2E2E2E2E2E2E2E2E2E2
310
E2E2E2E2E2E228BEBEBEF5F528DCF5BEE2F5E2F5DCF5F5E2BEBEBEBEE2E2DCF5F5E2E2E2E2E2E2E2E2E2E2E2E2E2E2E2E2E2E2E2E2E2E2E2E2E2E2E2E2E2E2E2E2E2E2E2E2F5F5F5F5F5F5F5F5F5F5F5F5F5F5F5F5F5F5F5F5F5F5F5F5F5F5F5F5F5F5F5E2E2F5E2E2E2E2E2E2E2E2E2E2E2E2E2E2E2E2E2E2E2E2E2E2E2E2
310
E2E2E2E2E2E2F5E2E2E2E2E2F5F5E2E2E2E2E2E2E2E2E2E2E2E2E2E2E2E2E2E2E2E2E2E2E2E2E2E2E2E2E2E2E2E2E2E2E2E2E2E2E2E2E2E2E2E2E2E228DCF5DCF5E2BEBEBEBEDCBEBEDCF5F5F5F5E2E2E2E2F5DCF5F5E2E2E2E2E2E2E2E2E2E2E2E2E2E2E2E2E2E2E2E2E2E2E2E2E2E2E2E2E2E2E2E2E2E2E2E2F5F5F5F5F5
310
F5F5F5F5F5F5F5F5F5F5F5F5F5F5F5F5F5F5F5F5F5F5F5F5F5F5E2E2F5E2E2E2E2E2E2E2E2E2E2E2E2E2E2E2E2E2E2E2E2E2E2E2E2E2E2E2E2E2E2F5E2E2E2E2E2F5F5E2E2E2E2E2E2E2E2E2E2E2E2E2E2F5F5F5E2E2E2E2E2E2E2E2E2E2E2E2E2E2E2E2E2E2E2E2E2E2E2E2E2E2E2E2E228DCDCDCF5DCBEBEBEBEDCF5BEF5
310
DCF5F5E2E2E2E2F5DCE2F5E2E2E2E2E2E2E2E2E2E2E2E2E2E2E2E2E2E2E2E2E2E2E2E2E2E2E2E2E2E2E2E2E2E2E2E2E2F5F5F5F5F5F5F5E2E2F5E2F5F5F5F5F5E2F5F5F5E2F5F5F5E2E2E2E2E2E2F5E2E2F5E2E2E2E2E2E2E2E2E2E2E2E2E2E2E2E2E2E2E2E2E2E2E2E2E2E2E2E2E2E2F5E2E2E2E2E2F5F5E2E2E2E2E2E2E2
310
E2E2E2E2E2E2F5F5F5F5F5E2E2E2E2E2E2E2E2E2E2E2E2E2E2E2E2E2E2E2E2E2E2E2E2E2E2E2E2E22828F5F5F5DCF5F5E2DCF5BEBEF5DCF5E2E2E2F5DCE2E2E2E2E2E2E2E2E2E2E2E2E2E2E2E2E2E2E2E2E2E2E2E2E2E2E2E2E2E2E2E2E2E2E2E2E2E2E2E2F5F5F5F5F5F5F5F5F5F5F5F5F5F5F5F5F5F5F5F5F5F5F5F5F5F5
310
F5F5F5F5F5E2E2F5E2E2E2E2E2E2E2E2E2E2E2E2E2E2E2E2E2E2E2E2E2E2E2E2E2E2E2E2E2E2F5E2E2E2E2E2F5F5E2E2E2E2E2E2E2E2E2E2E2E2E2F5F5F5F5F5E2E2E2E2E2E2E2E2E2E2E2E2E2E2E2E2E2E2E2E2E2E2E2E2E2E2E2E2E2E228F5F5F5F5DCBEDCDCF5BEBEBEF5DCE2E2F5DCE2E2E2E2E2E2E2E2E2E2E2E2E2E2
310
E2E2E2E2E2E2E2E2E2E2E2E2E2E2E2E2E2E2E2E2E2E2E2E2E2E2E2F5F5F5F5F5F5F5F5F5F5F5F5F5F5F5F5F5F5F5F5F5F5F5F5F5F5F5F5F5F5F5E2E2F5E2E2E2E2E2E2E2E2E2E2E2E2E2E2E2E2E2E2E2E2E2E2E2E2E2E2E2E2E2E2F5E2E2E2E2E2F5F5E2E2E2E2E2E2E2E2E2E2E2E2E2E2E2BEBEF5F5BE28BEE2E2E2E2E2E2
310
E2E2E2E2E2E2E2E2E2E2E2E2E2E2E2E2E2E2E2E2E2F5F5F5F5BEBEBEBEDCF5F5BEE2DCF5DCDCE2E2E2E2E2E2E2E2E2E2E2E2E2E2E2E2E2E2E2E2E2E2E2E2E2E2E2E2E2E2E2E2E2E2E2E2E2E2E2E2E2E2F5F5F5F5F5F5F5E2E2F5E2F5F5F5F5F5E2F5F5F5E2E2F5F5E2E2E2E2E2E2F5E2E2F5E2E2E2E2E2E2E2E2E2E2E2E2E2
310
E2E2E2E2E2E2E2E2E2E2E2E2E2E2E2E2E2F5E2E2E2E2E2F5F5E2E2E2E2E2E2E2E2E2E2E2E2E2BEF52828F5F5E2BEE2E2E2E2E2E2E2E2E2E2E2E2E2E2E2E2E2E2E2E2E2E2E2E2E2E2E2E2E228BEBEBEE2E2BEF5DCDCDCDCF5DCDCBEE2E2E2E2E2E2E2E2E2E2E2E2E2E2E2E2E2E2E2E2E2E2E2E2E2E2E2E2E2E2E2E2E2E2E2E2
310
E2E2E2E2E2E2F5F5F5F5F5F5F5F5F5F5F5F5F5F5F5F5F5F5F5F5F5F5F5F5F5F5F5F5F5F5F5E2E2F5E2E2E2E2E2E2E2E2E2E2E2E2E2E2E2E2E2E2E2E2E2E2E2E2E2E2E2E2E2E2F5E2E2E2E2E2F5F5E2E2E2E2E2E2E2E2E2E2E2E22828F5F528F5F5F528E2E2E2E2E2E2E2E2E2E2E2E2E2E2E2E2E2E2E2E2E2E2E2E2E2E2E2E2
310
E228BEBEBEBEF5DCF5BEE2E2E2DCDCBEBEE2E2E2E2E2E2E2E2E2E2E2E2E2E2E2E2E2E2E2E2E2E2E2E2E2E2E2E2E2E2E2E2E2E2E2E2E2E2E2E2E2E2F5F5F5F5F5F5F5F5F5F5F5F5F5F5F5F5F5F5F5F5F5F5F5F5F5F5F5F5F5F5F5E2E2F5E2E2E2E2E2E2E2E2E2E2E2E2E2E2E2E2E2E2E2E2E2E2E2E2E2E2E2E2E2E2F5E2E2E2
310
E2E2F5F5E2E2E2E2E2E2E2E2E2BEBEBEF5BEBEBEBEF5F5F5E2E2E2E2E2E2E2E2E2E2E2E2E2E2E2E2E2E2E2E2E2E2E2E2E2E2E2E2E2E2E228BEBEF5F5F5F5E2E2E2F5DCBEBEE2E2E2E2E2E2E2E2E2E2E2E2E2E2E2E2E2E2E2E2E2E2E2E2E2E2E2E2E2E2E2E2E2E2E2E2E2E2E2E2E2E2E2F5F5F5F5F5F5F5E2E2F5E2F5F5F5F5
310
F5E2F5F5F5E2F5F5F5F5F5F5F5E2E2F5E2E2F5E2E2E2E2E2E2E2E2E2E2E2E2E2E2E2E2E2E2E2E2E2E2E2E2E2E2E2E2E2E2F5E2E2E2E2E2F5F5E2E2E2E2E2E2E2E2E2BEBEBEF528BEBE28F5F5F5F5E2E2E2E2E2E2E2E2E2E2E2E2E2E2E2E2E2E2E2E2E2E2E2E2E2E2E2E2E2E2E228BEF5F5F5F5E2E2F5DCF5F5E2E2E2E2E2E2
310
E2E2E2E2E2E2E2E2E2E2E2E2E2E2E2E2E2E2E2E2E2E2E2E2E2E2E2E2E2E2E2E2E2E2E2E2E2E2F5F5F5F5F5F5F5F5F5F5F5F5F5F5F5F5F5F5F5F5F5F5F5F5F5F5F5F5F5F5F5E2E2F5E2E2E2E2E2E2E2E2E2E2E2E2E2E2E2E2E2E2E2E2E2E2E2E2E2E2E2E2E2E2F5E2E2E2E2E2F5F5E2E2E2E2E2E2E2E2E2E2BEE2BE28F5F5F5
310
E2F5F5F5E2E2E2E2E2E2E2E2E2E2E2E2E2E2E2E2E2E2E2E2E2E2E2E2E2E2E2E2E2E2E22828F5F5DCF5E2F5DCF5F5F5F5E2E2E2E2E2E2E2E2E2E2E2E2E2E2E2E2E2E2E2E2E2E2E2E2E2E2E2E2E2E2E2E2E2E2E2E2E2E2E2E2E2E2E2F5F5F5F5F5F5F5F5F5F5F5F5F5F5F5F5F5F5F5F5F5F5F5F5F5F5F5F5F5F5F5E2E2F5E2E2
310
E2E2E2E2E2E2E2E2E2E2E2E2E2E2E2E2E2E2E2E2E2E2E2E2E2E2E2E2F5E2E2E2E2E2F5F5E2E2E2E2E2E2E2E2E2E2E2E2E2BEF5F5F5E2E2F5E2E2E2E2E2E2E2E2E2E2E2E2E2E2E2E2E2E2E2E2E2E2E2E2E2E2E2E2E2E2E2E2E228F5F5F5F5E228E2F5F5F5F5E2E2E2E2E2E2E2E2E2E2E2E2E2E2E2E2E2E2E2E2E2E2E2E2E2E2
310
E2E2E2E2E2E2E2E2E2E2E2E2E2E2E2E2E2F5F5F5F5F5F5F5E2E2F5E2F5F5F5F5F5E2F5F5F5E2F5F5F5E2E2E2E2E2E2F5E2E2F5E2E2E2E2E2E2E2E2E2E2E2E2E2E2E2E2E2E2E2E2E2E2E2E2E2E2E2E2E2E2F5E2E2E2E2E2F5F5E2E2E2E2E2E2E2E2E2E2E2E2E2E2E2E2E2E2E2E2E2E2E2E2E2E2E2E2E2E2E2E2E2E2E2E2E2E2
310
E2E2E2E2E2E2E2E2E2E2E2E2E2E2E2E2F5F5DCF5DCF5F5F5F5F5F5E2E2E2E2E2E2E2E2E2E2E2E2E2E2E2E2E2E2E2E2E2E2E2E2E2E2E2E2E2E2E2E2E2E2E2E2E2E2E2E2E2E2E2F5F5F5F5F5F5F5F5F5F5F5F5F5F5F5F5F5F5F5F5F5F5F5F5F5F5F5F5F5F5F5E2E2F5E2E2E2E2E2E2E2E2E2E2E2E2E2E2E2E2E2E2E2E2E2E2E2
310
E2E2E2E2E2E2E2F5E2E2E2E2E2F5F5E2E2E2E2E2E2E2E2E2E2E2E2E2E2E2E2E2E2E2E2E2E2E2E2E2E2E2E2E2E2E2E2E2E2E2E2E2E2E2E2E2E2E2E2E2E2E2E2E2E2E2E2E2E2E228F5DCBEE2E2E2F5F5F5E2E2E2E2E2E2E2E2E2E2E2E2E2E2E2E2E2E2E2E2E2E2E2E2E2E2E2E2E2E2E2E2E2E2E2E2E2E2E2E2E2E2E2F5F5F5F5
310
F5F5F5F5F5F5F5F5F5F5F5F5F5F5F5F5F5F5F5F5F5F5F5F5F5F5F5E2E2F5E2E2E2E2E2E2E2E2E2E2E2E2E2E2E2E2E2E2E2E2E2E2E2E2E2E2E2E2E2E2F5E2E2E2E2E2F5F5E2E2E2E2E2E2E2E2E2E2E2E2E2E2E2E2E2E2E2E2E2E2E2E2E2E2E2E2E2E2E2E2E2E2E2E2E2E2E2E2E2E2E2E2E2E2E2E2E2E2E2E2E2E2E228DCDCBE
310
BEE2E2E2E2E2E2E2E2E2E2E2E2E2E2E2E2E2E2E2E2E2E2E2E2E2E2E2E2E2E2E2E2E2E2E2E2E2E2E2E2E2E2E2E2E2E2E2E2F5F5F5F5F5F5F5E2E2F5E2F5F5F5F5F5E2F5F5F5E2F5F5F5E2E2E2E2E2E2F5E2E2F5E2E2E2E2E2E2E2E2E2E2E2E2E2E2E2E2E2E2E2E2E2E2E2E2E2E2E2E2E2E2F5E2E2E2E2E2F5F5E2E2E2E2E2E2
310
E2E2E2E2E2E2E2E2E2E2E2E2E2E2E2E2E2E2E2E2E2E2E2E2E2E2E2E2E2E2E2E2E2E2E2E2E2E2E2E2E2E2E2E2E2E2E2E2E2E228BEBEBEE2E2E2E2E2E2E2E2E2E2E2E2E2E2E2E2E2E2E2E2E2E2E2E2E2E2E2E2E2E2E2E2E2E2E2E2E2E2E2E2E2E2E2E2E2E2E2E2F5F5F5F5F5F5F5F5F5F5F5F5F5F5F5F5F5F5F5F5F5F5F5F5F5
310
F5F5F5F5F5F5E2E2F5E2E2E2E2E2E2E2E2E2E2E2E2E2E2E2E2E2E2E2E2E2E2E2E2E2E2E2E2E2E2F5E2E2E2E2E2F5F5E2E2E2E2E2E2E2E2E2E2E2E2E2E2E2E2E2E2E2E2E2E2E2E2E2E2E2E2E2E2E2E2E2E2E2E2E2E2E2E2E2E2E2E2E2E2E2E2E2E2E2E2E2E2E2E2E228BEE2E2E2E2E2E2E2E2E2E2E2E2E2E2E2E2E2E2E2E2E2
310
E2E2E2E2E2E2E2E2E2E2E2E2E2E2E2E2E2E2E2E2E2E2E2E2E2E2E2E2F5F5F5F5F5F5F5F5F5F5F5F5F5F5F5F5F5F5F5F5F5F5F5F5F5F5F5F5F5F5F5E2E2F5E2E2E2E2E2E2E2E2E2E2E2E2E2E2E2E2E2E2E2E2E2E2E2E2E2E2E2E2E2E2F5E2E2E2E2E2F5F5E2E2E2E2E2E2E2E2E2E2E2E2E2E2E2E2E2E2E2E2E2E2E2E2E2E2E2
310
E2E2E2E2E2E2E2E2E2E2E2E2E2E2E2E2E2E2E2E2E2E2E2E2E2E2E2E2E2E2E2E2E2E2E2E2E2E2E2E2E2E2E2E2E2E2E2E2E2E2E2E2E2E2E2E2E2E2E2E2E2E2E2E2E2E2E2E2E2E2E2E2E2E2E2E2E2E2E2E2E2F5F5F5F5F5F5F5E2E2F5E2F5F5F5F5F5E2F5F5F5E2F5F5F5F5E2E2E2E2E2F5E2E2F5E2E2E2E2E2E2E2E2E2E2E2E2
310
E2E2E2E2E2E2E2E2E2E2E2E2E2E2E2E2E2E2F5E2E2E2E2E2F5F5E2E2E2E2E2E2E2E2E2E2E2E2E2E2E2E2E2E2E2E2E2E2E2E2E2E2E2E2E2E2E2E2E2E2E2E2E2E2E2E2E2E2E2E2E2E2E2E2E2E2E2E2E2E2E2E2E2E2E2E2E2E2E2E2E2E2E2E2E2E2E2E2E2E2E2E2E2E2E2E2E2E2E2E2E2E2E2E2E2E2E2E2E2E2E2E2E2E2E2E2E2
310
E2E2E2E2E2E2E2F5F5F5F5F5F5F5F5F5F5F5F5F5F5F5F5F5F5F5F5F5F5F5F5F5F5F5F5F5F5F5E2E2F5E2E2E2E2E2E2E2E2E2E2E2E2E2E2E2E2E2E2E2E2E2E2E2E2E2E2E2E2E2E2F5E2E2E2E2E2F5F5E2E2E2E2E2E2E2E2E2E2E2E2E2E2E2E2E2E2E2E2E2E2E2E2E2E2E2E2E2E2E2E2E2E2E2E2E2E2E2E2E2E2E2E2E2E2E2E2
310
E2E2E2E2E2E2E2E2E2E2E2E2E2E2E2E2E2E2E2E2E2E2E2E2E2E2E2E2E2E2E2E2E2E2E2E2E2E2E2E2E2E2E2E2E2E2E2E2E2E2E2E2E2E2E2E2E2E2E2E2F5F5F5F5F5F5E2F5F5F5F5F5F5F5F5F5F5F5F5F5F5F5F5F5F5F5E2E2F5E2F5E2E2F5E2E2E2E2E2E2E2E2E2E2E2E2E2E2E2E2E2E2E2E2E2E2E2E2E2E2E2E2E2E2F5E2E2
310
E2E2E2F5F5E2E2E2E2E2E2E2E2E2E2E2E2E2E2E2E2E2E2E2E2E2E2E2E2E2E2E2E2E2E2E2E2E2E2E2E2E2E2E2E2E2E2E2E2E2E2E2E2E2E2E2E2E2E2E2E2E2E2E2E2E2E2E2E2E2E2E2E2E2E2E2E2E2E2E2E2E2E2E2E2E2E2E2E2E2E2E2E2E2E2E2E2E2E2E2E2E2E2E2E2E2E2E2E2E2E2E2E2F5F5F5F5F5F5E2F5F5F5F5E2F5F5
310
F5F5F5F5F5F5F5F5E2F5F5F5E2E2F5E2F5E2E2F5E2E2E2E2E2E2E2E2E2E2E2E2E2E2E2E2E2E2E2E2E2E2E2E2E2E2E2E2E2E2F5E2E2E2E2E2F5F5E2E2E2E2E2E2E2E2E2E2E2E2E2E2E2E2E2E2E2E2E2E2E2E2E2E2E2E2E2E2E2E2E2E2E2E2E2E2E2E2E2E2E2E2E2E2E2E2E2E2E2E2E2E2E2E2E2E2E2E2E2E2E2E2E2E2E2E2E2
310
E2E2E2E2E2E2E2E2E2E2E2E2E2E2E2E2E2E2E2E2E2E2E2E2E2E2E2E2E2E2E2E2E2E2E2E2E2E2E2F5F5F5F5F5F5F5F5F5F5F5F5F5F5F5F5F5F5F5F5F5F5F5F5F5F5F5F5F5F5F5E2E2F5E2E2E2E2E2E2E2E2E2E2E2E2E2E2E2E2E2E2E2E2E2E2E2E2E2E2E2E2E2E2F5E2E2E2E2E2F5F5F5F5F5F5F5F5F5F5F5F5F5F5E2E2E2E2
310
E2E2E2E2E2E2E2E2E2E2E2E2E2E2E2E2E2E2E2E2E2E2E2E2E2E2E2E2E2E2E2E2E2E2E2E2E2E2E2E2E2E2E2E2E2E2E2E2E2E2E2E2E2E2E2E2E2E2E2E2E2E2E2E2E2E2E2E2E2E2E2E2E2E2E2E2E2E2E2E2E2E2E2E2E2E2E2E2E2E2E2E2F5E2E2E2E2E2F5F5E2E2E2F5E2E2E2F5F5E2E2F5F5E2E2E2F5F5E2E2E2E2F5E2E2F5E2
310
E2E2E2E2E2E2E2E2E2E2E2E2E2E2E2E2E2E2E2E2E2E2E2E2E2E2E2E2E2F5E2E2E2E2E2F5F5F5F5F5F5F5F5F5F5F5F5F5F5E2E2E2E2E2E2E2E2E2E2E2E2E2E2E2E2E2E2E2E2E2E2E2E2E2E2E2E2E2E2E2E2E2E2E2E2E2E2E2E2E2E2E2E2E2E2E2E2E2E2E2E2E2E2E2E2E2E2E2E2E2E2E2E2E2E2E2E2E2E2E2E2E2E2E2E2E2E2
310
E2E2E2E2E2E2E2E2E2E2E2E2E2E2E2E2E2E2F5E2E2E2E2E2F5F5E2E2F5F5F5E2E2F5F5E2E2F5F5E2E2E2F5F5E2E2E2E2F5E2E2F5E2E2E2E2E2E2E2E2E2E2E2E2E2E2E2E2E2E2E2E2E2E2E2E2E2E2E2E2E2E2F5E2E2E2E2E2F5F5E2E2E2E2E2E2E2E2E2E2E2F5E2E2E2E2E2E2E2E2E2E2E2E2E2E2E2E2E2E2E2E2E2E2E2E2E2
310
E2E2E2E2E2E2E2E2E2E2E2E2E2E2E2E2E2E2E2E2E2E2E2E2E2E2E2E2E2E2E2E2E2E2E2E2E2E2E2E2E2E2E2E2E2E2E2E2E2E2E2E2E2E2E2E2E2E2E2E2E2E2E2E2E2E2E2E2E2E2E2F5E2E2E2E2E2F5F5E2E2E2F5F5E2E2F5F5E2E2E2F5F5E2E2F5F5E2E2E2E2F5E2E2F5E2E2E2E2E2E2E2E2E2E2E2E2E2E2E2E2E2E2E2E2E2E2
310
E2E2E2E2E2E2E2E2F5E2E2E2E2E2F5F5F5F5F5F5F5F5F5F5F5F5F5F5F5F5F5F5F5F5F5F5F5F5F5F5F5F5F5F5F5F5F5F5F5F5F5F5F5F5F5F5F5F5F5F5F5F5F5F5F5F5F5F5F5F5F5F5F5F5F5F5F5F5F5F5F5F5F5F5F5F5F5F5F5F5F5F5F5F5F5F5F5F5F5F5F5F5F5F5F5F5F5F5F5F5F5F5F5F5F5F5F5F5F5F5F5F5F5F5F5F5F5
310
F5F5F5F5F5F5F5F5F5F5F5F5F5F5F5F5F5F5F5F5F5F5F5F5F5F5F5F5E2E2F5E2E2E2E2E2E2E2E2E2E2E2E2E2E2E2E2E2E2E2E2E2E2E2E2E2E2E2E2E2E2F5E2E2E2E2E2E2E2E2E2E2E2E2E2E2E2E2E2E2E2E2E2E2E2E2E2E2E2E2E2E2E2E2E2E2E2E2E2E2E2E2E2E2E2E2E2E2E2E2E2E2E2E2E2E2E2E2E2E2E2E2E2E2E2E2E2
310
E2E2E2E2E2E2E2E2E2E2E2E2E2E2E2E2E2E2E2E2E2E2E2E2E2E2E2E2E2E2E2E2E2E2E2E2E2E2E2E2E2E2E2E2E2E2E2E2E2E2E2E2E2E2E2E2E2E2E2E2E2E2E2E2E2E2E2E2E2E2E2E2E2E2E2E2E2E2E2E2E2E2E2F5E2E2E2E2E2E2E2E2E2E2E2E2E2E2E2E2E2E2E2E2E2E2E2E2E2E2E2E2E2E2F5F5F5F5F5F5F5F5F5F5F5F5F5
310
F5F5F5F5F5F5F5F5F5F5F5F5F5F5F5F5F5F5F5F5F5F5F5F5F5F5F5F5F5F5F5F5F5F5F5F5F5F5F5F5F5F5F5F5F5F5F5F5F5F5F5F5F5F5F5F5F5F5F5F5F5F5F5F5F5F5F5F5F5F5F5F5F5F5F5F5F5F5F5F5F5F5F5F5F5F5F5F5F5F5F5F5F5F5F5F5F5F5F5F5F5F5F5F5F5F5F5F5F5F5F5F5F5F5F5F5F5F5F5F5F5F5F5F5F5F5F5
310
F5F5F5F5F5F5F5F5F5F5E2E2E2E2E2E2E2E2E2E2E2E2E2E2E2E2E2E2E2E2E2E2E2E2E2E2E2E2E2E2E2E2E2E2E2E2E2E2E2E2E2E2E2E2E2E2E2E2E2E2E2E2E2E2E2E2E2E2E2E2E2E2E2E2E2E2E2E2E2E2E2E2E2E2E2E2E2E2E2E2E2E2E2E2E2E2E2E2E2E2E2E2E2E2E2E2E2E2E2E2E2E2E2E2E2E2E2E2E2E2E2E2E2E2E2E2E2
310
E2E2E2E2E2E2E2E2E2E2E2E2E2E2E2E2E2E2E2E2E2E2E2E2E2E2E2E2E2E2E2E2E2E2E2E2E2E2E2E2E2E2E2E2E2E2E2E2E2E2E2E2E2E2E2E2E2E2E2E2E2E2E2E2E2E2E2E2E2E2E2E2E2E2E2E2E2E2
  0
ENDSEC
  0
EOF
