  0
SECTION
  2
HEADER
  9
$ACADVER
  1
AC1032
  9
$ACADMAINTVER
 90
       55
  9
$DWGCODEPAGE
  3
ANSI_936
  9
$LASTSAVEDBY
  1
zsn
  9
$REQUIREDVERSIONS
160
                 0
  9
$INSBASE
 10
0.0
 20
0.0
 30
0.0
  9
$EXTMIN
 10
36969.08962108766
 20
-9174.165642754786
 30
0.0
  9
$EXTMAX
 10
37179.08962108766
 20
-8877.165642754786
 30
0.0
  9
$LIMMIN
 10
-100.0
 20
-100.0
  9
$LIMMAX
 10
100.0
 20
100.0
  9
$ORTHOMODE
 70
     0
  9
$REGENMODE
 70
     1
  9
$FILLMODE
 70
     1
  9
$QTEXTMODE
 70
     0
  9
$MIRRTEXT
 70
     0
  9
$LTSCALE
 40
10.0
  9
$ATTMODE
 70
     1
  9
$TEXTSIZE
 40
60.0
  9
$TRACEWID
 40
1.0
  9
$TEXTSTYLE
  7
Standard
  9
$CLAYER
  8
0
  9
$CELTYPE
  6
ByLayer
  9
$CECOLOR
 62
   256
  9
$CELTSCALE
 40
1.0
  9
$DISPSILH
 70
     0
  9
$DIMSCALE
 40
1.0
  9
$DIMASZ
 40
1.0
  9
$DIMEXO
 40
2.0
  9
$DIMDLI
 40
0.0
  9
$DIMRND
 40
0.0
  9
$DIMDLE
 40
0.0
  9
$DIMEXE
 40
2.0
  9
$DIMTP
 40
0.0
  9
$DIMTM
 40
0.0
  9
$DIMTXT
 40
2.5
  9
$DIMCEN
 40
0.09
  9
$DIMTSZ
 40
0.0
  9
$DIMTOL
 70
     0
  9
$DIMLIM
 70
     0
  9
$DIMTIH
 70
     0
  9
$DIMTOH
 70
     0
  9
$DIMSE1
 70
     0
  9
$DIMSE2
 70
     0
  9
$DIMTAD
 70
     1
  9
$DIMZIN
 70
     0
  9
$DIMBLK
  1
Oblique
  9
$DIMASO
 70
     1
  9
$DIMSHO
 70
     1
  9
$DIMPOST
  1

  9
$DIMAPOST
  1

  9
$DIMALT
 70
     0
  9
$DIMALTD
 70
     2
  9
$DIMALTF
 40
25.4
  9
$DIMLFAC
 40
20.0
  9
$DIMTOFL
 70
     1
  9
$DIMTVP
 40
0.0
  9
$DIMTIX
 70
     1
  9
$DIMSOXD
 70
     0
  9
$DIMSAH
 70
     0
  9
$DIMBLK1
  1

  9
$DIMBLK2
  1

  9
$DIMSTYLE
  2
BZ
  9
$DIMCLRD
 70
     1
  9
$DIMCLRE
 70
     1
  9
$DIMCLRT
 70
     7
  9
$DIMTFAC
 40
1.4
  9
$DIMGAP
 40
1.0
  9
$DIMJUST
 70
     0
  9
$DIMSD1
 70
     0
  9
$DIMSD2
 70
     0
  9
$DIMTOLJ
 70
     1
  9
$DIMTZIN
 70
     0
  9
$DIMALTZ
 70
     0
  9
$DIMALTTZ
 70
     0
  9
$DIMUPT
 70
     0
  9
$DIMDEC
 70
     0
  9
$DIMTDEC
 70
     0
  9
$DIMALTU
 70
     2
  9
$DIMALTTD
 70
     2
  9
$DIMTXSTY
  7
DXT
  9
$DIMAUNIT
 70
     0
  9
$DIMADEC
 70
     0
  9
$DIMALTRND
 40
0.0
  9
$DIMAZIN
 70
     0
  9
$DIMDSEP
 70
    46
  9
$DIMATFIT
 70
     3
  9
$DIMFRAC
 70
     0
  9
$DIMLDRBLK
  1
Oblique
  9
$DIMLUNIT
 70
     2
  9
$DIMLWD
 70
    -2
  9
$DIMLWE
 70
    -2
  9
$DIMTMOVE
 70
     2
  9
$DIMFXL
 40
1.0
  9
$DIMFXLON
 70
     0
  9
$DIMJOGANG
 40
0.7853981633974483
  9
$DIMTFILL
 70
     0
  9
$DIMTFILLCLR
 70
     0
  9
$DIMARCSYM
 70
     0
  9
$DIMLTYPE
  6

  9
$DIMLTEX1
  6

  9
$DIMLTEX2
  6

  9
$DIMTXTDIRECTION
 70
     0
  9
$LUNITS
 70
     2
  9
$LUPREC
 70
     2
  9
$SKETCHINC
 40
1.0
  9
$FILLETRAD
 40
0.0
  9
$AUNITS
 70
     0
  9
$AUPREC
 70
     0
  9
$MENU
  1
.
  9
$ELEVATION
 40
0.0
  9
$PELEVATION
 40
0.0
  9
$THICKNESS
 40
0.0
  9
$LIMCHECK
 70
     0
  9
$CHAMFERA
 40
0.0
  9
$CHAMFERB
 40
0.0
  9
$CHAMFERC
 40
0.0
  9
$CHAMFERD
 40
0.0
  9
$SKPOLY
 70
     0
  9
$TDCREATE
 40
2456793.611478588
  9
$TDUCREATE
 40
2456793.278145255
  9
$TDUPDATE
 40
2461280.599540591
  9
$TDUUPDATE
 40
2461280.266207257
  9
$TDINDWG
 40
14.7279830671
  9
$TDUSRTIMER
 40
14.7279830671
  9
$USRTIMER
 70
     1
  9
$ANGBASE
 50
0.0
  9
$ANGDIR
 70
     0
  9
$PDMODE
 70
     0
  9
$PDSIZE
 40
0.0
  9
$PLINEWID
 40
0.0
  9
$SPLFRAME
 70
     0
  9
$SPLINETYPE
 70
     6
  9
$SPLINESEGS
 70
     8
  9
$HANDSEED
  5
1B1
  9
$SURFTAB1
 70
     6
  9
$SURFTAB2
 70
     6
  9
$SURFTYPE
 70
     6
  9
$SURFU
 70
     6
  9
$SURFV
 70
     6
  9
$UCSBASE
  2

  9
$UCSNAME
  2

  9
$UCSORG
 10
0.0
 20
0.0
 30
0.0
  9
$UCSXDIR
 10
1.0
 20
0.0
 30
0.0
  9
$UCSYDIR
 10
0.0
 20
1.0
 30
0.0
  9
$UCSORTHOREF
  2

  9
$UCSORTHOVIEW
 70
     0
  9
$UCSORGTOP
 10
0.0
 20
0.0
 30
0.0
  9
$UCSORGBOTTOM
 10
0.0
 20
0.0
 30
0.0
  9
$UCSORGLEFT
 10
0.0
 20
0.0
 30
0.0
  9
$UCSORGRIGHT
 10
0.0
 20
0.0
 30
0.0
  9
$UCSORGFRONT
 10
0.0
 20
0.0
 30
0.0
  9
$UCSORGBACK
 10
0.0
 20
0.0
 30
0.0
  9
$PUCSBASE
  2

  9
$PUCSNAME
  2

  9
$PUCSORG
 10
0.0
 20
0.0
 30
0.0
  9
$PUCSXDIR
 10
1.0
 20
0.0
 30
0.0
  9
$PUCSYDIR
 10
0.0
 20
1.0
 30
0.0
  9
$PUCSORTHOREF
  2

  9
$PUCSORTHOVIEW
 70
     0
  9
$PUCSORGTOP
 10
0.0
 20
0.0
 30
0.0
  9
$PUCSORGBOTTOM
 10
0.0
 20
0.0
 30
0.0
  9
$PUCSORGLEFT
 10
0.0
 20
0.0
 30
0.0
  9
$PUCSORGRIGHT
 10
0.0
 20
0.0
 30
0.0
  9
$PUCSORGFRONT
 10
0.0
 20
0.0
 30
0.0
  9
$PUCSORGBACK
 10
0.0
 20
0.0
 30
0.0
  9
$USERI1
 70
     0
  9
$USERI2
 70
     0
  9
$USERI3
 70
     0
  9
$USERI4
 70
     0
  9
$USERI5
 70
     0
  9
$USERR1
 40
0.0
  9
$USERR2
 40
0.0
  9
$USERR3
 40
0.0
  9
$USERR4
 40
0.0
  9
$USERR5
 40
0.0
  9
$WORLDVIEW
 70
     1
  9
$SHADEDGE
 70
     3
  9
$SHADEDIF
 70
    70
  9
$TILEMODE
 70
     1
  9
$MAXACTVP
 70
    64
  9
$PINSBASE
 10
0.0
 20
0.0
 30
0.0
  9
$PLIMCHECK
 70
     0
  9
$PEXTMIN
 10
0.0
 20
0.0
 30
0.0
  9
$PEXTMAX
 10
0.0
 20
0.0
 30
0.0
  9
$PLIMMIN
 10
0.0
 20
0.0
  9
$PLIMMAX
 10
12.0
 20
9.0
  9
$UNITMODE
 70
     0
  9
$VISRETAIN
 70
     1
  9
$PLINEGEN
 70
     0
  9
$PSLTSCALE
 70
     1
  9
$TREEDEPTH
 70
  3020
  9
$CMLSTYLE
  2
Standard
  9
$CMLJUST
 70
     0
  9
$CMLSCALE
 40
20.0
  9
$PROXYGRAPHICS
 70
     1
  9
$MEASUREMENT
 70
     1
  9
$CELWEIGHT
370
    -1
  9
$ENDCAPS
280
     0
  9
$JOINSTYLE
280
     0
  9
$LWDISPLAY
290
     0
  9
$INSUNITS
 70
     4
  9
$HYPERLINKBASE
  1

  9
$STYLESHEET
  1

  9
$XEDIT
290
     1
  9
$CEPSNTYPE
380
     0
  9
$PSTYLEMODE
290
     1
  9
$FINGERPRINTGUID
  2
{FDEAD578-A652-11D2-9A35-0060089B3A3F}
  9
$VERSIONGUID
  2
{5CC460E8-5C61-4C3E-8131-FD9B81431684}
  9
$EXTNAMES
290
     1
  9
$PSVPSCALE
 40
0.0
  9
$OLESTARTUP
290
     0
  9
$SORTENTS
280
   127
  9
$INDEXCTL
280
     0
  9
$HIDETEXT
280
     1
  9
$XCLIPFRAME
280
     0
  9
$HALOGAP
280
     0
  9
$OBSCOLOR
 70
   257
  9
$OBSLTYPE
280
     0
  9
$INTERSECTIONDISPLAY
280
     0
  9
$INTERSECTIONCOLOR
 70
   257
  9
$DIMASSOC
280
     2
  9
$PROJECTNAME
  1

  9
$CAMERADISPLAY
290
     0
  9
$LENSLENGTH
 40
50.0
  9
$CAMERAHEIGHT
 40
0.0
  9
$STEPSPERSEC
 40
2.0
  9
$STEPSIZE
 40
6.0
  9
$3DDWFPREC
 40
2.0
  9
$PSOLWIDTH
 40
0.25
  9
$PSOLHEIGHT
 40
4.0
  9
$LOFTANG1
 40
1.570796326794897
  9
$LOFTANG2
 40
1.570796326794897
  9
$LOFTMAG1
 40
0.0
  9
$LOFTMAG2
 40
0.0
  9
$LOFTPARAM
 70
     7
  9
$LOFTNORMALS
280
     1
  9
$LATITUDE
 40
37.795
  9
$LONGITUDE
 40
-122.394
  9
$NORTHDIRECTION
 40
0.0
  9
$TIMEZONE
 70
 -8000
  9
$LIGHTGLYPHDISPLAY
280
     1
  9
$TILEMODELIGHTSYNCH
280
     1
  9
$CMATERIAL
347
185
  9
$SOLIDHIST
280
     0
  9
$SHOWHIST
280
     1
  9
$DWFFRAME
280
     2
  9
$DGNFRAME
280
     2
  9
$REALWORLDSCALE
290
     1
  9
$INTERFERECOLOR
 62
   256
  9
$CSHADOW
280
     0
  9
$SHADOWPLANELOCATION
 40
0.0
  0
ENDSEC
  0
SECTION
  2
CLASSES
  0
CLASS
  1
ACDBDICTIONARYWDFLT
  2
AcDbDictionaryWithDefault
  3
ObjectDBX Classes
 90
        0
 91
        3
280
     0
281
     0
  0
CLASS
  1
ACDBPLACEHOLDER
  2
AcDbPlaceHolder
  3
ObjectDBX Classes
 90
        0
 91
        1
280
     0
281
     0
  0
CLASS
  1
LAYOUT
  2
AcDbLayout
  3
ObjectDBX Classes
 90
        0
 91
        1
280
     0
281
     0
  0
CLASS
  1
DICTIONARYVAR
  2
AcDbDictionaryVar
  3
ObjectDBX Classes
 90
        0
 91
        3
280
     0
281
     0
  0
CLASS
  1
SORTENTSTABLE
  2
AcDbSortentsTable
  3
ObjectDBX Classes
 90
        0
 91
        3
280
     0
281
     0
  0
CLASS
  1
DIMASSOC
  2
AcDbDimAssoc
  3
"AcDbDimAssoc|Product Desc:     AcDim ARX App For Dimension|Company:          Autodesk, Inc.|WEB Address:      www.autodesk.com"
 90
        0
 91
        3
280
     0
281
     0
  0
CLASS
  1
MATERIAL
  2
AcDbMaterial
  3
ObjectDBX Classes
 90
     1153
 91
        3
280
     0
281
     0
  0
CLASS
  1
VISUALSTYLE
  2
AcDbVisualStyle
  3
ObjectDBX Classes
 90
     4095
 91
        3
280
     0
281
     0
  0
CLASS
  1
TABLESTYLE
  2
AcDbTableStyle
  3
ObjectDBX Classes
 90
     4095
 91
        3
280
     0
281
     0
  0
CLASS
  1
SCALE
  2
AcDbScale
  3
ObjectDBX Classes
 90
     1153
 91
        3
280
     0
281
     0
  0
CLASS
  1
MLEADERSTYLE
  2
AcDbMLeaderStyle
  3
ACDB_MLEADERSTYLE_CLASS
 90
     4095
 91
        3
280
     0
281
     0
  0
CLASS
  1
CELLSTYLEMAP
  2
AcDbCellStyleMap
  3
ObjectDBX Classes
 90
     1152
 91
        3
280
     0
281
     0
  0
CLASS
  1
SOLID_BACKGROUND
  2
AcDbSolidBackground
  3
SCENEOE
 90
     4095
 91
        3
280
     0
281
     0
  0
CLASS
  1
NPOCOLLECTION
  2
AcDbImpNonPersistentObjectsCollection
  3
ObjectDBX Classes
 90
     1153
 91
        1
280
     1
281
     0
  0
CLASS
  1
ACAD_EVALUATION_GRAPH
  2
AcDbEvalGraph
  3
ObjectDBX Classes
 90
     1153
 91
        1
280
     1
281
     0
  0
CLASS
  1
ACAECUSTOBJ
  2
AcAeEditorObj
  3
AcAeEditorObj
 90
     1024
 91
        1
280
     1
281
     0
  0
CLASS
  1
ACDB_DYNAMICBLOCKPURGEPREVENTER_VERSION
  2
AcDbDynamicBlockPurgePreventer
  3
ObjectDBX Classes
 90
     1153
 91
        1
280
     1
281
     0
  0
CLASS
  1
ACDBDETAILVIEWSTYLE
  2
AcDbDetailViewStyle
  3
ObjectDBX Classes
 90
     1025
 91
        3
280
     0
281
     0
  0
CLASS
  1
ACDBSECTIONVIEWSTYLE
  2
AcDbSectionViewStyle
  3
ObjectDBX Classes
 90
     1025
 91
        3
280
     0
281
     0
  0
ENDSEC
  0
SECTION
  2
TABLES
  0
TABLE
  2
VPORT
  5
2C
330
0
100
AcDbSymbolTable
 70
     1
  0
VPORT
  5
172
330
2C
100
AcDbSymbolTableRecord
100
AcDbViewportTableRecord
  2
*Active
 70
     0
 10
0.0
 20
0.0
 11
1.0
 21
1.0
 12
37074.08962108766
 22
-9025.665642754786
 13
0.0
 23
0.0
 14
10.0
 24
10.0
 15
10.0
 25
10.0
 16
-1.124745541366603E-32
 26
-6.123031769111886E-17
 36
1.0
 17
0.0
 27
0.0
 37
0.0
 40
299.9261083743841
 41
1.685855263157895
 42
50.0
 43
0.0
 44
0.0
 50
0.0
 51
0.0
 71
     0
 72
   300
 73
     1
 74
     3
 75
     0
 76
     0
 77
     0
 78
     0
281
     0
 65
     1
110
0.0
120
0.0
130
0.0
111
1.0
121
0.0
131
0.0
112
0.0
122
1.0
132
0.0
 79
     0
146
0.0
348
30
 60
     3
 61
     5
292
     1
282
     1
141
0.0
142
0.0
 63
   256
  0
ENDTAB
  0
TABLE
  2
LTYPE
  5
27
330
0
100
AcDbSymbolTable
 70
     1
  0
LTYPE
  5
28
330
27
100
AcDbSymbolTableRecord
100
AcDbLinetypeTableRecord
  2
ByBlock
 70
     0
  3

 72
    65
 73
     0
 40
0.0
  0
LTYPE
  5
29
330
27
100
AcDbSymbolTableRecord
100
AcDbLinetypeTableRecord
  2
ByLayer
 70
     0
  3

 72
    65
 73
     0
 40
0.0
  0
LTYPE
  5
17
330
27
100
AcDbSymbolTableRecord
100
AcDbLinetypeTableRecord
  2
Continuous
 70
     0
  3
Solid line
 72
    65
 73
     0
 40
0.0
  0
ENDTAB
  0
TABLE
  2
LAYER
  5
20
102
{ACAD_XDICTIONARY
360
21
102
}
330
0
100
AcDbSymbolTable
 70
     4
  0
LAYER
  5
6
102
{ACAD_XDICTIONARY
360
7
102
}
330
20
100
AcDbSymbolTableRecord
100
AcDbLayerTableRecord
  2
0
 70
     0
 62
     7
  6
Continuous
370
    -3
390
15
347
9
348
0
  0
LAYER
  5
46
102
{ACAD_XDICTIONARY
360
47
102
}
330
20
100
AcDbSymbolTableRecord
100
AcDbLayerTableRecord
  2
2
 70
     0
 62
     1
  6
Continuous
370
    -3
390
15
347
9
348
0
  0
LAYER
  5
4D
102
{ACAD_XDICTIONARY
360
4E
102
}
330
20
100
AcDbSymbolTableRecord
100
AcDbLayerTableRecord
  2
3
 70
     0
 62
     1
  6
Continuous
370
    -3
390
15
347
9
348
0
  0
LAYER
  5
71
330
20
100
AcDbSymbolTableRecord
100
AcDbLayerTableRecord
  2
$TD_AUDIT_GENERATED_(71)
 70
     0
 62
     3
  6
Continuous
370
    -3
390
15
347
9
348
0
  0
ENDTAB
  0
TABLE
  2
STYLE
  5
24
330
0
100
AcDbSymbolTable
 70
     7
  0
STYLE
  5
25
330
24
100
AcDbSymbolTableRecord
100
AcDbTextStyleTableRecord
  2
Standard
 70
     0
 40
0.0
 41
0.7
 50
0.0
 71
     0
 42
60.0
  3
SIMPLEX.shx
  4
gbhzfs.shx
  0
STYLE
  5
36
330
24
100
AcDbSymbolTableRecord
100
AcDbTextStyleTableRecord
  2
DXT
 70
     0
 40
0.0
 41
0.72
 50
0.0
 71
     0
 42
3.0
  3
simplex.shx
  4
hztxt.shx
  0
STYLE
  5
5D
330
24
100
AcDbSymbolTableRecord
100
AcDbTextStyleTableRecord
  2
$TD_AUDIT_GENERATED_(5D)
 70
     0
 40
0.0
 41
1.0
 50
0.0
 71
     0
 42
88.04108111815731
  3
SimSun.ttf
  4

1001
ACAD
1000
SimSun
1071
    34306
  0
STYLE
  5
5F
330
24
100
AcDbSymbolTableRecord
100
AcDbTextStyleTableRecord
  2
$TD_AUDIT_GENERATED_(5F)
 70
     0
 40
0.0
 41
0.8
 50
0.0
 71
     0
 42
500.0
  3
verdanab.TTF
  4

1001
ACAD
1000
Verdana
1071
 33554466
  0
STYLE
  5
86
330
24
100
AcDbSymbolTableRecord
100
AcDbTextStyleTableRecord
  2
1-1
 70
     0
 40
0.0
 41
1.0
 50
0.0
 71
     0
 42
2.5
  3
SIMHEI.TTF
  4

1001
ACAD
1000
SimHei
1071
    34306
  0
STYLE
  5
58
330
24
100
AcDbSymbolTableRecord
100
AcDbTextStyleTableRecord
  2
1-2
 70
     0
 40
0.0
 41
1.0
 50
0.0
 71
     0
 42
2.5
  3

  4

1001
ACAD
1000
STZhongsong
1071
    34306
  0
STYLE
  5
4A
330
24
100
AcDbSymbolTableRecord
100
AcDbTextStyleTableRecord
  2
SIMPLEX
 70
     0
 40
0.0
 41
0.7
 50
1.0
 71
     0
 42
2.5
  3
simplex.shx
  4
gbhzfs.shx
  0
ENDTAB
  0
TABLE
  2
VIEW
  5
2A
330
0
100
AcDbSymbolTable
 70
     0
  0
ENDTAB
  0
TABLE
  2
UCS
  5
2B
330
0
100
AcDbSymbolTable
 70
     0
  0
ENDTAB
  0
TABLE
  2
APPID
  5
33
330
0
100
AcDbSymbolTable
 70
     4
  0
APPID
  5
32
330
33
100
AcDbSymbolTableRecord
100
AcDbRegAppTableRecord
  2
ACAD
 70
     0
  0
APPID
  5
3D
330
33
100
AcDbSymbolTableRecord
100
AcDbRegAppTableRecord
  2
ACAD_DSTYLE_DIMJAG
 70
     0
  0
APPID
  5
3E
330
33
100
AcDbSymbolTableRecord
100
AcDbRegAppTableRecord
  2
ACAD_DSTYLE_DIMTALN
 70
     0
  0
APPID
  5
1B
330
33
100
AcDbSymbolTableRecord
100
AcDbRegAppTableRecord
  2
ACAD_PSEXT
 70
     0
  0
ENDTAB
  0
TABLE
  2
DIMSTYLE
  5
34
330
0
100
AcDbSymbolTable
 70
     1
100
AcDbDimStyleTable
  0
DIMSTYLE
105
35
330
34
100
AcDbSymbolTableRecord
100
AcDbDimStyleTableRecord
  2
BZ
 70
     0
 41
1.0
 42
2.0
 43
0.0
 44
2.0
 73
     0
 74
     0
 77
     1
140
2.5
144
20.0
146
1.4
147
1.0
172
     1
174
     1
176
     1
177
     1
271
     0
178
     7
271
     0
272
     0
279
     2
340
36
341
37
342
37
1001
ACAD_DSTYLE_DIMJAG
1070
   388
1040
1.5
1001
ACAD_DSTYLE_DIMTALN
1070
   392
1070
     0
  0
ENDTAB
  0
TABLE
  2
BLOCK_RECORD
  5
1
330
0
100
AcDbSymbolTable
 70
     2
  0
BLOCK_RECORD
  5
2
102
{ACAD_XDICTIONARY
360
3
102
}
330
1
100
AcDbSymbolTableRecord
100
AcDbBlockTableRecord
  2
*Model_Space
340
19
 70
     0
280
     1
281
     0
  0
BLOCK_RECORD
  5
1C
330
1
100
AcDbSymbolTableRecord
100
AcDbBlockTableRecord
  2
*Paper_Space
340
1F
 70
     0
280
     1
281
     0
  0
BLOCK_RECORD
  5
37
102
{ACAD_XDICTIONARY
360
38
102
}
330
1
100
AcDbSymbolTableRecord
100
AcDbBlockTableRecord
  2
_Oblique
340
0
 70
     0
280
     1
281
     0
  0
BLOCK_RECORD
  5
5A
330
1
100
AcDbSymbolTableRecord
100
AcDbBlockTableRecord
  2
logo
340
0
310
2800000020000000200000000100080000000000000400000000000000000000000000000000000000000000000080000080000000808000800000008000800080800000C0C0C000C0DCC000F0CAA6000020400000206000002080000020A0000020C0000020E00000400000004020000040400000406000004080000040A0
310
000040C0000040E00000600000006020000060400000606000006080000060A0000060C0000060E00000800000008020000080400000806000008080000080A0000080C0000080E00000A0000000A0200000A0400000A0600000A0800000A0A00000A0C00000A0E00000C0000000C0200000C0400000C0600000C0800000C0
310
A00000C0C00000C0E00000E0000000E0200000E0400000E0600000E0800000E0A00000E0C00000E0E00040000000400020004000400040006000400080004000A0004000C0004000E00040200000402020004020400040206000402080004020A0004020C0004020E000404000004040200040404000404060004040800040
310
40A0004040C0004040E00040600000406020004060400040606000406080004060A0004060C0004060E00040800000408020004080400040806000408080004080A0004080C0004080E00040A0000040A0200040A0400040A0600040A0800040A0A00040A0C00040A0E00040C0000040C0200040C0400040C0600040C08000
310
40C0A00040C0C00040C0E00040E0000040E0200040E0400040E0600040E0800040E0A00040E0C00040E0E00080000000800020008000400080006000800080008000A0008000C0008000E00080200000802020008020400080206000802080008020A0008020C0008020E00080400000804020008040400080406000804080
310
008040A0008040C0008040E00080600000806020008060400080606000806080008060A0008060C0008060E00080800000808020008080400080806000808080008080A0008080C0008080E00080A0000080A0200080A0400080A0600080A0800080A0A00080A0C00080A0E00080C0000080C0200080C0400080C0600080C0
310
800080C0A00080C0C00080C0E00080E0000080E0200080E0400080E0600080E0800080E0A00080E0C00080E0E000C0000000C0002000C0004000C0006000C0008000C000A000C000C000C000E000C0200000C0202000C0204000C0206000C0208000C020A000C020C000C020E000C0400000C0402000C0404000C0406000C0
310
408000C040A000C040C000C040E000C0600000C0602000C0604000C0606000C0608000C060A000C060C000C060E000C0800000C0802000C0804000C0806000C0808000C080A000C080C000C080E000C0A00000C0A02000C0A04000C0A06000C0A08000C0A0A000C0A0C000C0A0E000C0C00000C0C02000C0C04000C0C06000
310
C0C08000C0C0A000F0FBFF00A4A0A000808080000000FF0000FF000000FFFF00FF000000FF00FF00FFFF0000FFFFFF00000000000000000000000000000000000000000000000000000000000000000000000000000000000000000000000000000000000000000000000000000000000000000000000000000000FFFFFFFF
310
FFFFFFFFFFFF0000000000000000000000000000000000000000FFFFFFFFFFFFFFFFFFFFFFFFFFFF00000000000000000000000000000000FFFFFFFFFFFFFFFFFFFFFFFFFFFFFFFFFF000000000000000000000000000000FFFFFFFFFF0000FFFFFFFFFF00FFFFFFFFFFFF0000000000000000000000FFFFFFFFFF0000FFFF
310
0000FFFF00FFFF00FFFFFFFFFF000000000000000000FFFFFFFF0000FFFFFF0000FFFF00000000FFFFFFFFFFFF0000000000000000FFFFFFFFFFFFFF00FFFF00FF00FF0000000000FFFFFFFF000000000000000000FFFFFFFFFFFFFFFFFFFFFF00FFFFFFFF0000000000FF00FFFFFF000000000000FFFFFF00FFFF000000FF
310
00FFFFFFFFFFFFFF000000FF00FFFFFF0000000000FFFFFFFFFFFF00FFFFFFFF00FFFFFFFF0000FFFFFFFF00FFFFFFFF0000000000FFFFFFFFFFFFFFFFFFFFFFFFFFFF0000FFFFFF00FFFFFFFFFFFF000000000000FF00FFFFFF00FFFFFFFFFFFF0000FFFFFFFFFFFFFFFF00FFFFFFFFFF00000000FFFFFFFFFFFFFF00FFFF
310
00FF00000000000000FFFF00FF00FFFFFFFF00000000FFFFFFFF0000FF00FFFF00FF000000000000000000FF00FFFFFFFFFF00000000FFFFFFFF0000FFFF00FF00FF00000000000000000000FF0000FFFFFF00000000FFFFFFFFFF00FF00FFFFFF000000000000000000000000FFFFFFFFFF00000000FFFFFF00FF00FF00FF
310
00FF00000000000000000000000000FFFFFFFF00000000FFFFFFFFFF00FF00FF00FF000000000000000000000000FF00FFFFFF00000000FFFFFFFFFFFF00FFFF00FFFF0000000000000000000000FFFFFFFFFF0000000000FFFFFF00FF00FFFF00FFFF00000000000000000000FF00FFFFFF00000000000000000000FFFFFF
310
00FF00FF00000000000000000000FFFFFFFF00000000000000000000FF00FFFFFFFF0000FF0000000000000000FFFFFFFFFFFF0000000000000000FFFFFFFFFFFFFFFF00FFFF0000000000FFFFFFFFFFFFFF000000000000000000FFFFFFFF0000FFFFFF00FF00FFFFFFFF0000FFFFFFFF0000000000000000000000FFFF00
310
FFFFFF00FFFFFFFFFFFFFF0000FFFFFFFFFF0000000000000000000000FF00FFFFFFFFFFFFFFFFFFFFFFFFFFFFFFFF0000000000000000000000000000000000FFFFFFFFFFFFFF0000FFFFFFFFFF0000000000000000000000000000000000000000FFFFFFFFFF00FFFF000000000000000000000000000000000000000000
310
000000FFFF0000000000FFFF0000000000000000000000000000000000000000000000000000000000000000000000000000000000000000
102
{BLKREFS
331
59
102
}
 70
     4
280
     1
281
     0
1001
ACAD
1000
DesignCenter Data
1002
{
1070
     1
1070
     4
1002
}
  0
ENDTAB
  0
ENDSEC
  0
SECTION
  2
BLOCKS
  0
BLOCK
  5
5
330
2
100
AcDbEntity
  8
0
100
AcDbBlockBegin
  2
*Model_Space
 70
     0
 10
0.0
 20
0.0
 30
0.0
  3
*Model_Space
  1

  0
ENDBLK
  5
18
330
2
100
AcDbEntity
  8
0
100
AcDbBlockEnd
  0
BLOCK
  5
1D
330
1C
100
AcDbEntity
 67
     1
  8
0
100
AcDbBlockBegin
  2
*Paper_Space
 70
     0
 10
0.0
 20
0.0
 30
0.0
  3
*Paper_Space
  1

  0
ENDBLK
  5
1E
330
1C
100
AcDbEntity
 67
     1
  8
0
100
AcDbBlockEnd
  0
BLOCK
  5
3A
330
37
100
AcDbEntity
  8
0
100
AcDbBlockBegin
  2
_Oblique
 70
     0
 10
0.0
 20
0.0
 30
0.0
  3
_Oblique
  1

  0
LINE
  5
3B
330
37
100
AcDbEntity
  8
0
  6
ByBlock
 62
     0
370
    -2
100
AcDbLine
 10
-0.5
 20
-0.5
 30
0.0
 11
0.5
 21
0.5
 31
0.0
  0
ENDBLK
  5
3C
330
37
100
AcDbEntity
  8
0
100
AcDbBlockEnd
  0
BLOCK
  5
5B
330
5A
100
AcDbEntity
  8
0
 62
     3
100
AcDbBlockBegin
  2
logo
 70
     0
 10
0.0
 20
0.0
 30
0.0
  3
logo
  1

  0
TEXT
  5
5C
330
5A
100
AcDbEntity
  8
0
100
AcDbText
 10
451.9465732074652
 20
89.14765559863525
 30
0.0
 40
1.005104499387758
  1
N
 50
45.46812547204831
 41
0.8
  7
$TD_AUDIT_GENERATED_(5D)
 72
     4
 11
451.8059557150214
 21
89.6892896335105
 31
0.0
100
AcDbText
  0
TEXT
  5
5E
330
5A
100
AcDbEntity
  8
0
100
AcDbText
 10
450.8970089985486
 20
97.07060557138732
 30
0.0
 40
1.005104499387758
  1
\M+5CBBE
 50
313.9999999830155
 41
0.8
  7
$TD_AUDIT_GENERATED_(5F)
 72
     4
 11
451.6282649048233
 21
97.00766841509329
 31
0.0
100
AcDbText
  0
TEXT
  5
60
330
5A
100
AcDbEntity
  8
0
100
AcDbText
 10
449.6655487072845
 20
97.80458275904302
 30
0.0
 40
1.005104499387758
  1
\M+5B9AB
 50
332.0000000220918
 41
0.8
  7
$TD_AUDIT_GENERATED_(5F)
 72
     4
 11
450.3902870335594
 21
97.98917268984957
 31
0.0
100
AcDbText
  0
HATCH
  5
61
330
5A
100
AcDbEntity
  8
0
100
AcDbHatch
 10
0.0
 20
0.0
 30
0.0
210
0.0
220
0.0
230
1.0
  2
SOLID
 70
     1
 71
     0
 91
        5
 92
        1
 93
        8
 72
     4
 94
        3
 73
     0
 74
     0
 95
        9
 96
        5
 40
0.0
 40
0.0
 40
0.0
 40
0.0
 40
0.2241663815802706
 40
0.4614643167746397
 40
0.4614643167746397
 40
0.4614643167746397
 40
0.4614643167746397
 10
446.236022319209
 20
89.47065316716424
 10
446.296923348699
 20
89.42709838784083
 10
446.422292959282
 20
89.3374374121804
 10
446.5612707076975
 20
89.2707397840897
 10
446.6327369761352
 20
89.23644198715726
 97
        0
 72
     4
 94
        3
 73
     0
 74
     0
 95
       26
 96
       22
 40
0.0
 40
0.0
 40
0.0
 40
0.0
 40
0.057603217311697
 40
0.0998147821405393
 40
0.1504586407897344
 40
0.2127194168510028
 40
0.2663297105922637
 40
0.320563421659545
 40
0.3856033483655085
 40
0.4507516626295947
 40
0.5206554591326177
 40
0.5819440420636764
 40
0.6437753388674202
 40
0.7029602690409292
 40
0.7834997370295085
 40
1.020501937707859
 40
1.13439552113683
 40
1.28514441201188
 40
1.413721704973908
 40
1.517232383884393
 40
1.556601052873635
 40
1.556601052873635
 40
1.556601052873635
 40
1.556601052873635
 10
446.6327369761352
 20
89.2364419871572
 10
446.618146463293
 20
89.24892408117086
 10
446.5928640410841
 20
89.27055303789882
 10
446.55528132381
 20
89.30376821031592
 10
446.5153897610032
 20
89.33667536069976
 10
446.474100025448
 20
89.37379786973389
 10
446.4306338663671
 20
89.41017582436683
 10
446.3861157528445
 20
89.44692999884631
 10
446.3451514679193
 20
89.49295701854732
 10
446.3006217141854
 20
89.54255984936975
 10
446.25544255775
 20
89.58995164792486
 10
446.2143550507553
 20
89.63954233981144
 10
446.1703419471964
 20
89.68162634089117
 10
446.1287250528417
 20
89.73454419806416
 10
446.056410594739
 20
89.83714760633751
 10
445.9668184996717
 20
89.95004074524365
 10
445.8798749295204
 20
90.09306474327883
 10
445.8164566406094
 20
90.20774635392178
 10
445.7488879634066
 20
90.3161627169834
 10
445.7092148708214
 20
90.39757408302836
 10
445.6887766474449
 20
90.44060204092324
 10
445.683180324929
 20
90.4524726965737
 97
        0
 72
     4
 94
        3
 73
     0
 74
     0
 95
        9
 96
        5
 40
5.543272291493883
 40
5.543272291493883
 40
5.543272291493883
 40
5.543272291493883
 40
5.872403022592868
 40
6.573153481137538
 40
6.573153481137538
 40
6.573153481137538
 40
6.573153481137538
 10
445.683180324929
 20
90.45247269657364
 10
445.7910207244097
 20
90.43127417298206
 10
446.1305511927326
 20
90.37543792115724
 10
446.473541842043
 20
90.35095951548368
 10
446.7071277818156
 20
90.34498631849482
 97
        0
 72
     4
 94
        3
 73
     0
 74
     0
 95
       16
 96
       12
 40
7.525196457517759
 40
7.525196457517759
 40
7.525196457517759
 40
7.525196457517759
 40
7.698435514731243
 40
8.095589260690783
 40
8.455471495748146
 40
8.774397086495217
 40
9.030973949537257
 40
9.303711859261632
 40
9.37744130907351
 40
9.42505109935746
 40
9.446032685300692
 40
9.446032685300692
 40
9.446032685300692
 40
9.446032685300692
 10
446.7071277818159
 20
90.34498631849482
 10
446.7374310485307
 20
90.29580449256838
 10
446.8405374318268
 20
90.13575858303761
 10
447.010311729013
 20
89.8764864678621
 10
447.2237717274743
 20
89.5875346532303
 10
447.4334818410343
 20
89.35655006917654
 10
447.6251096675971
 20
89.14854913787315
 10
447.7724817594878
 20
89.01154709242354
 10
447.8714528894011
 20
88.92516140079954
 10
447.9058678420226
 20
88.89249912326193
 10
447.9226643339284
 20
88.87698706296754
 10
447.9278022544349
 20
88.87224204042792
 97
        0
 72
     4
 94
        3
 73
     0
 74
     0
 95
        8
 96
        4
 40
0.0
 40
0.0
 40
0.0
 40
0.0
 40
0.0023849449572866
 40
0.0023849449572866
 40
0.0023849449572866
 40
0.0023849449572866
 10
447.9278022544349
 20
88.87224204042792
 10
447.9283858209931
 20
88.87170218313219
 10
447.9289693875514
 20
88.87116232583634
 10
447.9295529541096
 20
88.8706224685406
 97
        0
 72
     2
 10
447.6406112307427
 20
93.2495013072359
 40
4.388401440556144
 50
86.22479244454537
 51
156.7920033932537
 73
     0
 72
     4
 94
        3
 73
     0
 74
     0
 95
       11
 96
        7
 40
6.993801407225128
 40
6.993801407225128
 40
6.993801407225128
 40
6.993801407225128
 40
7.589665414074407
 40
8.123227460410707
 40
8.777741004712693
 40
8.948850637601048
 40
8.948850637601048
 40
8.948850637601048
 40
8.948850637601048
 10
443.6073177033488
 20
91.52016313170196
 10
443.7428842961988
 20
91.37391151337687
 10
444.0133483316822
 20
91.1131582273755
 10
444.5340223072403
 20
90.81520711622164
 10
444.9551542147562
 20
90.64604501737062
 10
445.218714730582
 20
90.56611217125584
 10
445.27362611492
 20
90.55050514847994
 97
        0
 72
     4
 94
        3
 73
     0
 74
     0
 95
       17
 96
       13
 40
6.924526248046507
 40
6.924526248046507
 40
6.924526248046507
 40
6.924526248046507
 40
6.974299861745713
 40
7.083687340324216
 40
7.183444156210336
 40
7.311462081406292
 40
7.446857501580832
 40
7.55273464986723
 40
7.855886365124284
 40
8.147167387145247
 40
8.279801406373
 40
8.388095192127565
 40
8.388095192127565
 40
8.388095192127565
 40
8.388095192127565
 10
445.2736261149198
 20
90.55050514848
 10
445.2816785559287
 20
90.53599946594551
 10
445.3074640599152
 20
90.48962381096396
 10
445.350974224009
 20
90.41495193256401
 10
445.4180973373041
 20
90.32466994733232
 10
445.4882395405082
 20
90.22611412315081
 10
445.5541274432144
 20
90.12162138122477
 10
445.6767009586617
 20
89.9875637804364
 10
445.8244093944538
 20
89.8041807218197
 10
445.9996945891683
 20
89.64455785429817
 10
446.1462672919297
 20
89.52625975857626
 10
446.2027359678825
 20
89.49748366910353
 10
446.236022319209
 20
89.47065316716424
 97
        0
 97
        0
 92
        1
 93
        8
 72
     4
 94
        3
 73
     0
 74
     0
 95
       15
 96
       11
 40
0.0
 40
0.0
 40
0.0
 40
0.0
 40
0.4987467732066163
 40
0.7013259530216552
 40
1.06717765587035
 40
1.555863591533154
 40
2.373610417989843
 40
3.400921402867271
 40
4.144528950496907
 40
4.921283116414468
 40
4.921283116414468
 40
4.921283116414468
 40
4.921283116414468
 10
451.6608608566955
 20
92.38119854079076
 10
451.5441389082271
 20
92.2622301035488
 10
451.3800072563633
 20
92.09493949213936
 10
451.0943349518857
 20
91.88230714852477
 10
450.800634120104
 20
91.68668632582302
 10
450.2970965288926
 20
91.44357331900602
 10
449.5609234444985
 20
91.1885912565345
 10
448.7144899919053
 20
90.99985667139356
 10
447.8648844062955
 20
90.95333058515627
 10
447.357545044176
 20
90.96212353339718
 10
447.0991433965687
 20
90.97927422676611
 97
        0
 72
     4
 94
        3
 73
     0
 74
     0
 95
        9
 96
        5
 40
6.124205566293918
 40
6.124205566293918
 40
6.124205566293918
 40
6.124205566293918
 40
6.550309021250564
 40
6.656753593472368
 40
6.656753593472368
 40
6.656753593472368
 40
6.656753593472368
 10
447.0991433965689
 20
90.97927422676611
 10
447.0341911831663
 20
91.10566851616846
 10
446.9577568978334
 20
91.26604516459037
 10
446.88704178286
 20
91.42888078360824
 10
446.8731307558789
 20
91.46152249026488
 97
        0
 72
     4
 94
        3
 73
     0
 74
     0
 95
       18
 96
       14
 40
3.488374074371862
 40
3.488374074371862
 40
3.488374074371862
 40
3.488374074371862
 40
3.887806745815772
 40
4.416978135454834
 40
5.102881864907689
 40
5.778269700658052
 40
6.291653642830703
 40
6.838032875936091
 40
7.300646943173225
 40
7.769121453811416
 40
8.199365638989676
 40
8.680256300361139
 40
9.018495107481964
 40
9.018495107481964
 40
9.018495107481964
 40
9.018495107481964
 10
446.8731307558789
 20
91.46152249026494
 10
447.0059149441468
 20
91.4513370625553
 10
447.3154633093704
 20
91.4384851438059
 10
447.85394247164
 20
91.45562551666814
 10
448.4804672699941
 20
91.52740644974091
 10
449.0962004350088
 20
91.64126850525804
 10
449.6491661599791
 20
91.8130294451716
 10
450.1265905907619
 20
91.98559402872621
 10
450.5777900759435
 20
92.18393457824101
 10
450.9811304361569
 20
92.39238686098548
 10
451.3783715268235
 20
92.6244928317463
 10
451.7226812099047
 20
92.85973393376668
 10
451.9367667642291
 20
93.02926253340587
 10
452.0251679819874
 20
93.09926508308871
 97
        0
 72
     4
 94
        3
 73
     0
 74
     0
 95
        8
 96
        4
 40
0.0
 40
0.0
 40
0.0
 40
0.0
 40
0.0017177855416153
 40
0.0017177855416153
 40
0.0017177855416153
 40
0.0017177855416153
 10
452.0251679819874
 20
93.09926508308871
 10
452.0256047129747
 20
93.09963539550478
 10
452.026041443962
 20
93.10000570792084
 10
452.0264781749493
 20
93.10037602033691
 97
        0
 72
     2
 10
447.6406112307427
 20
93.2495013072359
 40
4.388401440556144
 50
1.94738219516251
 51
75.76919207558522
 73
     0
 72
     4
 94
        3
 73
     0
 74
     0
 95
        8
 96
        4
 40
0.0
 40
0.0
 40
0.0
 40
0.0
 40
0.0020923791021179
 40
0.0020923791021179
 40
0.0020923791021179
 40
0.0020923791021179
 10
448.7194059047511
 20
88.9957653898561
 10
448.7188955834035
 20
88.99624080773168
 10
448.718385262056
 20
88.9967162256072
 10
448.7178749407085
 20
88.99719164348272
 97
        0
 72
     4
 94
        3
 73
     0
 74
     0
 95
       13
 96
        9
 40
7.370154445551353
 40
7.370154445551353
 40
7.370154445551353
 40
7.370154445551353
 40
7.384670112060126
 40
7.615560347569366
 40
7.856432306933838
 40
8.293501929024398
 40
8.98250490958248
 40
9.23484214211912
 40
9.23484214211912
 40
9.23484214211912
 40
9.23484214211912
 10
448.7178749407085
 20
88.99719164348272
 10
448.7142573844778
 20
89.00040489425521
 10
448.653097971003
 20
89.05472900701665
 10
448.5310874905088
 20
89.16142883704975
 10
448.295975661403
 20
89.35285601112321
 10
447.9803590316783
 20
89.6827999325497
 10
447.6837562807541
 20
90.03469542763384
 10
447.5047004109224
 20
90.29251403016798
 10
447.4582625092328
 20
90.36268876589367
 97
        0
 72
     4
 94
        3
 73
     0
 74
     0
 95
       15
 96
       11
 40
0.0
 40
0.0
 40
0.0
 40
0.0
 40
0.0396490280830779
 40
1.145445618669398
 40
2.065674080291337
 40
3.369619663016798
 40
3.804909353442616
 40
4.135233665046806
 40
4.289277524492026
 40
4.791890366848904
 40
4.791890366848904
 40
4.791890366848904
 40
4.791890366848904
 10
447.4582625092328
 20
90.36268876589367
 10
447.4714557998454
 20
90.36366967092323
 10
447.8525551871041
 20
90.39306124786373
 10
448.5370491039325
 20
90.50122880335306
 10
449.5907368921187
 20
90.84601145468497
 10
450.4152894982694
 20
91.21305696438344
 10
450.9402121293408
 20
91.66159900905177
 10
451.1917571012666
 20
91.84037175486537
 10
451.4071023698107
 20
92.09022663006903
 10
451.55084134052
 20
92.25504477454137
 10
451.6608608566955
 20
92.38119854079076
 97
        0
 97
        0
 92
        1
 93
        6
 72
     4
 94
        3
 73
     0
 74
     0
 95
       21
 96
       17
 40
3.150581735181415
 40
3.150581735181415
 40
3.150581735181415
 40
3.150581735181415
 40
3.579808696638748
 40
4.023604315399971
 40
4.449119913436038
 40
4.899617051385869
 40
5.287157745437676
 40
5.787622231206912
 40
6.188038686120505
 40
6.672494971076138
 40
7.171322985893136
 40
7.735845578088812
 40
8.217568891518575
 40
8.59231953958858
 40
8.835590821903816
 40
8.9816115921349
 40
8.9816115921349
 40
8.9816115921349
 40
8.9816115921349
 10
446.7051257037374
 20
91.889019099368
 10
446.8482008733379
 20
91.88602838522417
 10
447.1394814753971
 20
91.890409164066
 10
447.5713156996419
 20
91.92374341313683
 10
448.0070169171477
 20
91.98653144974429
 10
448.4201301666481
 20
92.06988647015419
 10
448.8520789180016
 20
92.1820600766901
 10
449.2622707333462
 20
92.31079215284734
 10
449.6909047803479
 20
92.4832347543616
 10
450.1105697279888
 20
92.6752410176801
 10
450.5638074936908
 20
92.92255771100628
 10
450.9987564817723
 20
93.19938916618327
 10
451.3759597030528
 20
93.48682264884218
 10
451.6506872928198
 20
93.72978690209908
 10
451.8346652931696
 20
93.90601798795382
 10
451.9246684713125
 20
93.99948656380906
 10
451.9581784181753
 20
94.03479156279667
 97
        0
 72
     2
 10
447.6406112307427
 20
93.2495013072359
 40
4.388401440556144
 50
10.30841805244392
 51
102.9113634823187
 73
     1
 72
     4
 94
        3
 73
     0
 74
     0
 95
       56
 96
       52
 40
3.312575675732061
 40
3.312575675732061
 40
3.312575675732061
 40
3.312575675732061
 40
3.318391505043365
 40
3.380848207226377
 40
3.435782794916687
 40
3.55426477112907
 40
3.630519490547949
 40
3.755692401086849
 40
3.852207924787706
 40
3.992551869445919
 40
4.118307566247655
 40
4.229942193344062
 40
4.351757507598263
 40
4.431547558848829
 40
4.539652604931355
 40
4.659667264389723
 40
4.799394089192074
 40
4.926978488074752
 40
5.058168636691814
 40
5.180442951834922
 40
5.31740367694762
 40
5.470942392176496
 40
5.588513779404578
 40
5.695553560008105
 40
5.867776508687719
 40
6.008119726127337
 40
6.14526862597308
 40
6.308593856940433
 40
6.445721283483012
 40
6.598149873119415
 40
6.804260269526696
 40
6.931829251199067
 40
7.06496032481533
 40
7.203523697489236
 40
7.331988279414631
 40
7.488665631345652
 40
7.644207866042034
 40
7.794557595625662
 40
7.942808822799561
 40
8.095166164498163
 40
8.221993502087265
 40
8.343091109316081
 40
8.41395695465994
 40
8.521731161098288
 40
8.619725495650615
 40
8.72843395942529
 40
8.83418007340063
 40
8.92428678162834
 40
9.054113911850516
 40
9.168842545474352
 40
9.173127030428851
 40
9.173127030428851
 40
9.173127030428851
 40
9.173127030428851
 10
446.6600517335146
 20
97.5269503456081
 10
446.6585245395372
 20
97.52575638062086
 10
446.6406479990751
 20
97.51167648726806
 10
446.6099218923282
 20
97.48435881105007
 10
446.5467601881687
 20
97.43744728725954
 10
446.48352306369
 20
97.3833839923862
 10
446.3989158274235
 20
97.318058290784
 10
446.3342626169301
 20
97.24200763658598
 10
446.2491971838499
 20
97.15654536835638
 10
446.167027238334
 20
97.06760665963094
 10
446.0921518419677
 20
96.9662300178598
 10
446.019765527469
 20
96.87096871936427
 10
445.9556932943008
 20
96.78819492968671
 10
445.9050515179536
 20
96.69807722365664
 10
445.8504881918366
 20
96.61117704490044
 10
445.7845184789446
 20
96.50771468509828
 10
445.7260599180811
 20
96.39243701587219
 10
445.6685091410661
 20
96.27275622082692
 10
445.6101384802228
 20
96.1598850634071
 10
445.5585142711443
 20
96.04033220681055
 10
445.5087566125999
 20
95.91205904343491
 10
445.4580989511694
 20
95.7858047520537
 10
445.4162484865205
 20
95.66685110425675
 10
445.3780594285561
 20
95.54018672879823
 10
445.3371177056008
 20
95.40647481194026
 10
445.2916423882807
 20
95.26353879572105
 10
445.2592912575553
 20
95.12009480657412
 10
445.2297297871858
 20
94.97728445865397
 10
445.1907113235229
 20
94.8312582549276
 10
445.1678172188856
 20
94.66741433178817
 10
445.1399500717589
 20
94.50785404219641
 10
445.116529819677
 20
94.35396438914995
 10
445.1038281006904
 20
94.22144764909973
 10
445.0920946456938
 20
94.08858862678903
 10
445.0772182955327
 20
93.94811801346867
 10
445.06877433306
 20
93.80141034751102
 10
445.0638820862168
 20
93.64731410633061
 10
445.0560423054869
 20
93.49607789731039
 10
445.0582347623072
 20
93.34572201433804
 10
445.060215962729
 20
93.2032522352248
 10
445.0665996267844
 20
93.06997482799454
 10
445.0651795335532
 20
92.96355477292161
 10
445.0754802592144
 20
92.86409950120003
 10
445.0834000259451
 20
92.77225072509611
 10
445.0928059339121
 20
92.66783573862108
 10
445.101833766302
 20
92.5641045747816
 10
445.1090535647775
 20
92.46274172960057
 10
445.1277197354398
 20
92.3557176833969
 10
445.1443223707406
 20
92.24542121086853
 10
445.1567156373594
 20
92.16341369549059
 10
445.1623740408891
 20
92.1241386668625
 10
445.162577472036
 20
92.1227247067651
 97
        0
 72
     4
 94
        3
 73
     0
 74
     0
 95
       10
 96
        6
 40
1.586162538885827
 40
1.586162538885827
 40
1.586162538885827
 40
1.586162538885827
 40
2.071194100565923
 40
2.486699357005002
 40
2.486788559394391
 40
2.486788559394391
 40
2.486788559394391
 40
2.486788559394391
 10
445.162577472036
 20
92.12272470676515
 10
445.3173650340884
 20
92.07583114681387
 10
445.6087558617883
 20
92.00126143794677
 10
445.9057747844824
 20
91.95603196644294
 10
446.0433020922467
 20
91.93886149441744
 10
446.0433316108631
 20
91.9388578091511
 97
        0
 72
     4
 94
        3
 73
     0
 74
     0
 95
       53
 96
       49
 40
0.0
 40
0.0
 40
0.0
 40
0.0
 40
0.1300337471917388
 40
0.466224071899731
 40
0.7825891158204055
 40
1.155885933674857
 40
1.476403966736586
 40
1.750502273210316
 40
2.08170439442799
 40
2.409745300650678
 40
2.731103961501755
 40
3.098788249151716
 40
3.433637640124101
 40
3.715652802792438
 40
3.996982547103072
 40
4.344441565590744
 40
4.559558391482521
 40
4.956755503002683
 40
5.278032479805446
 40
5.395001113812131
 40
5.47055824108942
 40
5.496751745662129
 40
5.510958610028381
 40
5.524304766687864
 40
5.548343492655103
 40
5.564655763696178
 40
5.578858133927172
 40
5.592595877692681
 40
5.602847756834954
 40
5.612602713043281
 40
5.62611384528754
 40
5.63453646148425
 40
5.648906140884049
 40
5.662576481655982
 40
5.672607160057203
 40
5.682356417263424
 40
5.691213135538296
 40
5.703775077157794
 40
5.711394211099979
 40
5.722612125900232
 40
5.734190404588679
 40
5.745074201157167
 40
5.752057506583875
 40
5.761219591049745
 40
5.768448829015005
 40
5.776337971598063
 40
5.782839756287265
 40
5.793493644417593
 40
5.793493644417593
 40
5.793493644417593
 40
5.793493644417593
 10
446.0433316108631
 20
91.9388578091511
 10
446.0304109940325
 20
91.98025183093142
 10
445.9843182199022
 20
92.12865823154982
 10
445.9402411145336
 20
92.38644109729705
 10
445.8740464174189
 20
92.72195808118204
 10
445.8430698151417
 20
93.05766955535074
 10
445.8177879557829
 20
93.37938813007702
 10
445.8167781250943
 20
93.68819638142509
 10
445.8260314333832
 20
93.99917424881636
 10
445.8486337091031
 20
94.3254653241492
 10
445.9001587653686
 20
94.6610925279382
 10
445.9799267755673
 20
94.99281328099943
 10
446.0559540800143
 20
95.31294970656307
 10
446.1718214067489
 20
95.58955881821845
 10
446.2778441619448
 20
95.87432383460913
 10
446.4124029590998
 20
96.122151016656
 10
446.5720003767256
 20
96.3994306805377
 10
446.7522769818058
 20
96.65374337315399
 10
446.928700769234
 20
96.86985566348795
 10
447.0498450027519
 20
96.99105331594234
 10
447.1030819773869
 20
97.0408710983989
 10
447.1317761326854
 20
97.06676911041086
 10
447.1451323261019
 20
97.07870973072494
 10
447.1578586525557
 20
97.09027667832163
 10
447.1709348589043
 20
97.10250064371797
 10
447.184577373409
 20
97.11452800961246
 10
447.1952601929208
 20
97.12470185776732
 10
447.2046038143687
 20
97.13334916802972
 10
447.2129971852287
 20
97.14083846341106
 10
447.2211334026194
 20
97.14849644651298
 10
447.228923622916
 20
97.1556299949101
 10
447.2378129838376
 20
97.16384096342819
 10
447.2468735168661
 20
97.17194318622876
 10
447.2561708650246
 20
97.18058080584234
 10
447.2643434250342
 20
97.18816608902915
 10
447.2714287557403
 20
97.19456286420467
 10
447.2790977355096
 20
97.20157177071957
 10
447.2861882028878
 20
97.20816105670048
 10
447.2937180264921
 20
97.21543238782061
 10
447.3013297026143
 20
97.22213356085581
 10
447.3094394594839
 20
97.22989998608983
 10
447.3169057995899
 20
97.2362809651317
 10
447.3232666522306
 20
97.2426708480678
 10
447.3292615785749
 20
97.24766139945291
 10
447.3350396495591
 20
97.2533331595339
 10
447.3403730566429
 20
97.25818088905316
 10
447.3465961042075
 20
97.26374563719571
 10
447.3508129965692
 20
97.2676083826226
 10
447.3534317396493
 20
97.27000719601148
 97
        0
 72
     4
 94
        3
 73
     0
 74
     0
 95
      160
 96
      156
 40
0.0
 40
0.0
 40
0.0
 40
0.0
 40
0.1107477158696539
 40
0.1174312145756693
 40
0.1271853091298365
 40
0.1367163271431169
 40
0.1453333590380123
 40
0.1561283268376976
 40
0.1673104266620594
 40
0.1839960066494838
 40
0.2039455200536655
 40
0.2296060625483584
 40
0.2552693518759473
 40
0.2811184945144847
 40
0.3095352764788754
 40
0.337175172850663
 40
0.3630078713530387
 40
0.3864999392550619
 40
0.4096573585411288
 40
0.4326335428245247
 40
0.4576978286981253
 40
0.4763879152029193
 40
0.5022326135797408
 40
0.5319784374845814
 40
0.5567323115883612
 40
0.5755939068090948
 40
0.5983445822293212
 40
0.628130051986942
 40
0.6535427561445373
 40
0.6739369991058034
 40
0.6902213010181728
 40
0.7096668000750198
 40
0.7303390503472671
 40
0.7532192640776006
 40
0.7834753981206175
 40
0.8037891038344896
 40
0.8252240769144858
 40
0.8467094301912894
 40
0.8653006394055396
 40
0.886062624037366
 40
0.9043955271012523
 40
0.9225262190336276
 40
0.9425813147136054
 40
0.9584087980959783
 40
0.9751310408466805
 40
0.9920613665400241
 40
1.01234378765005
 40
1.030406107724672
 40
1.043364384635123
 40
1.064515264590926
 40
1.079746794361193
 40
1.097078572584323
 40
1.111032404247666
 40
1.125286160326508
 40
1.137638084605187
 40
1.153566440108332
 40
1.164537279192371
 40
1.174270917037503
 40
1.184708125047926
 40
1.195427607248417
 40
1.210105601452837
 40
1.22276048634133
 40
1.234843234779326
 40
1.247309332311784
 40
1.261176355988959
 40
1.274405750637335
 40
1.289726139891182
 40
1.30433719793271
 40
1.320375811778753
 40
1.331255932051061
 40
1.343091238753967
 40
1.35457166839334
 40
1.367346014366812
 40
1.377319972379365
 40
1.389174992722888
 40
1.399760495784695
 40
1.40973155470026
 40
1.421605794079571
 40
1.435670448725419
 40
1.447175071788926
 40
1.465214311139455
 40
1.475741281399696
 40
1.485484174210874
 40
1.493892275900931
 40
1.503251300595758
 40
1.51556632592467
 40
1.532388548254147
 40
1.545008982694388
 40
1.559034411923492
 40
1.567651720929816
 40
1.574499184581334
 40
1.58290607389516
 40
1.590491070853209
 40
1.599279815279878
 40
1.610908154402809
 40
1.619021751024455
 40
1.625180468235297
 40
1.636636674602325
 40
1.643645099347187
 40
1.651176733842647
 40
1.658497294244557
 40
1.668989860214827
 40
1.676940686613839
 40
1.683290804139898
 40
1.692967067081428
 40
1.698740963146071
 40
1.7046244808274
 40
1.713314684498083
 40
1.72548141788807
 40
1.736405021089046
 40
1.746884957679967
 40
1.755507723694281
 40
1.762406941634038
 40
1.772707394162442
 40
1.781750587527271
 40
1.79153453885394
 40
1.801611730872196
 40
1.811392902326527
 40
1.81828676597302
 40
1.822647681417871
 40
1.829473958237928
 40
1.837582495163095
 40
1.842425949822617
 40
1.850591866006386
 40
1.858710596001808
 40
1.864743519296687
 40
1.872875391168455
 40
1.880336535473477
 40
1.888273508415793
 40
1.896927820238293
 40
1.904419707302538
 40
1.913743135015038
 40
1.923419260974708
 40
1.932908267495248
 40
1.944251653026222
 40
1.953692744276887
 40
1.972954852044431
 40
1.994746628995993
 40
2.018161444664881
 40
2.046924305414614
 40
2.070586725241041
 40
2.094732896049115
 40
2.118101146540499
 40
2.136202529785193
 40
2.154267703650845
 40
2.173655153522503
 40
2.237711843841197
 40
2.395857590566159
 40
2.64751491840506
 40
3.151040366807829
 40
3.408722852245061
 40
4.363534989138262
 40
4.843443075411796
 40
5.600843692168699
 40
5.664922826657165
 40
5.664922826657165
 40
5.664922826657165
 40
5.664922826657165
 10
447.3534317396493
 20
97.27000719601148
 10
447.3310021140087
 20
97.2406871440516
 10
447.3072188859685
 20
97.20959766029995
 10
447.2812790888677
 20
97.1760626818783
 10
447.2762813282934
 20
97.16898866702195
 10
447.2703228833936
 20
97.1618403851889
 10
447.2644870193171
 20
97.15415715663653
 10
447.2582562063658
 20
97.1460840157493
 10
447.2504300117253
 20
97.13584517975471
 10
447.2410472007275
 20
97.1229531737709
 10
447.2275951990528
 20
97.10711329358213
 10
447.2136769880142
 20
97.08784723859316
 10
447.1985345101325
 20
97.06704222533023
 10
447.1812801651336
 20
97.04671512332794
 10
447.1652238940112
 20
97.02461884752387
 10
447.1483917554133
 20
97.00312897015397
 10
447.1329504321607
 20
96.98264039370326
 10
447.1182427478698
 20
96.96347235152007
 10
447.1039326571961
 20
96.94519789117447
 10
447.0898993658086
 20
96.92605719030013
 10
447.0756940227311
 20
96.90890394059892
 10
447.0630819314031
 20
96.88939124972734
 10
447.0509800704617
 20
96.86778987979932
 10
447.0375087179098
 20
96.84464121244764
 10
447.0249144163249
 20
96.8236800524682
 10
447.0136752794849
 20
96.80462509822087
 10
447.0019344142561
 20
96.78392203928325
 10
446.9885995368093
 20
96.76162118497285
 10
446.9756935624789
 20
96.73997752268127
 10
446.965756375499
 20
96.72181578098508
 10
446.9559362430239
 20
96.70588666542642
 10
446.9468658206895
 20
96.68941214392459
 10
446.9357569984784
 20
96.67158404154401
 10
446.9237658728321
 20
96.65009594271692
 10
446.9111775673093
 20
96.62909497666152
 10
446.8990950427497
 20
96.60835637065423
 10
446.8884936956197
 20
96.59013825354805
 10
446.8779391357903
 20
96.57255839029557
 10
446.8679807418364
 20
96.55488936447216
 10
446.8578845677052
 20
96.53852012892895
 10
446.8485819852922
 20
96.52186087306336
 10
446.8390486907781
 20
96.50562299788083
 10
446.8294292515295
 20
96.49034637411347
 10
446.8226529159756
 20
96.4741365642891
 10
446.8158761822958
 20
96.45910791614108
 10
446.8087257608693
 20
96.44260995199858
 10
446.8014639266976
 20
96.42567667748853
 10
446.794425382082
 20
96.41009022507086
 10
446.7875529073801
 20
96.39411496799124
 10
446.7808603179988
 20
96.37909085996074
 10
446.7738003577469
 20
96.36263660835908
 10
446.7676336215252
 20
96.34840983958071
 10
446.7615212093865
 20
96.33451517321458
 10
446.7560250658221
 20
96.32216229828481
 10
446.7505546568284
 20
96.30908130855437
 10
446.7452536136345
 20
96.29711901521421
 10
446.740279800149
 20
96.28596692189365
 10
446.7361692802112
 20
96.2764346815041
 10
446.7319972807811
 20
96.26702090074258
 10
446.7272275431442
 20
96.25606954986574
 10
446.7222553437739
 20
96.24440039906204
 10
446.7169526301227
 20
96.23237929940802
 10
446.7121525533578
 20
96.22094338525659
 10
446.7067839288409
 20
96.20931592718273
 10
446.7016106630829
 20
96.1971846522805
 10
446.6958119738392
 20
96.18428853891328
 10
446.6903106703128
 20
96.17099306642984
 10
446.6840467422594
 20
96.15700751443114
 10
446.6785667236795
 20
96.14429508295024
 10
446.6734586225923
 20
96.13242966023017
 10
446.6687850562093
 20
96.1220328715927
 10
446.6639567540869
 20
96.11101433207881
 10
446.6593498879627
 20
96.10057588741421
 10
446.6548548921955
 20
96.08995313511082
 10
446.6505291324281
 20
96.08005169631332
 10
446.6460293341024
 20
96.07022827458962
 10
446.6418943903218
 20
96.06023827445813
 10
446.6369679895147
 20
96.04932847629442
 10
446.6319448523782
 20
96.03790137656546
 10
446.6267701047011
 20
96.02430525459494
 10
446.6231199095532
 20
96.01144653651585
 10
446.6192675096072
 20
95.99927264793212
 10
446.6165001059339
 20
95.99012232016315
 10
446.6137682730484
 20
95.98136865779406
 10
446.6107316197504
 20
95.97181209919484
 10
446.6069100252951
 20
95.95956226180607
 10
446.6027617303309
 20
95.94627551737807
 10
446.5985092151966
 20
95.93242426733053
 10
446.595061365917
 20
95.92118676026013
 10
446.5920070464783
 20
95.91184226780399
 10
446.5897873139299
 20
95.90419997057819
 10
446.5874387724266
 20
95.89695746624358
 10
446.5850508591875
 20
95.88904969893849
 10
446.5821998110357
 20
95.88016142447867
 10
446.5794781837355
 20
95.87104826272474
 10
446.5767699802727
 20
95.86284925686283
 10
446.574367510043
 20
95.85461560080017
 10
446.5718487057086
 20
95.84680317624003
 10
446.5693366883083
 20
95.83850968999059
 10
446.567132364125
 20
95.83156412689806
 10
446.5645768096897
 20
95.82351161510809
 10
446.5620771461145
 20
95.81529530804704
 10
446.5596085625762
 20
95.80740805361319
 10
446.5571760353703
 20
95.79979472788244
 10
446.5550377557377
 20
95.79284976768207
 10
446.5528579568011
 20
95.78608012909831
 10
446.5510477229186
 20
95.7795416064559
 10
446.5481727093572
 20
95.77110127928773
 10
446.5451325291547
 20
95.7609527159405
 10
446.5417560981696
 20
95.7502840675221
 10
446.5387991293387
 20
95.74072202304802
 10
446.5362662695804
 20
95.73243306171901
 10
446.5337188489391
 20
95.72421115113474
 10
446.5310907463836
 20
95.71586763619774
 10
446.5282059304034
 20
95.70659689408785
 10
446.5253667306104
 20
95.69738993503188
 10
446.522427617721
 20
95.68795642213666
 10
446.5197008632654
 20
95.67946575658505
 10
446.5177041385755
 20
95.67274364748124
 10
446.5158724363848
 20
95.66700155675943
 10
446.51399377959
 20
95.66085005410622
 10
446.5119677944404
 20
95.65457581743061
 10
446.5099765993671
 20
95.64782359436356
 10
446.5078185045588
 20
95.6411192412267
 10
446.5056215284526
 20
95.6340118836759
 10
446.5034308600689
 20
95.62691438772072
 10
446.5012377702428
 20
95.62004733898567
 10
446.4989216013735
 20
95.6125537570419
 10
446.4965911701297
 20
95.60488227917489
 10
446.4941078597039
 20
95.59724774640966
 10
446.4916793261982
 20
95.58911213774752
 10
446.4889770380967
 20
95.5807049021617
 10
446.4861837407116
 20
95.57162895598793
 10
446.4831469917283
 20
95.56192269212465
 10
446.4802025676281
 20
95.55227357849077
 10
446.4760169485223
 20
95.53958247373151
 10
446.4731783057573
 20
95.52294503973519
 10
446.4688869112924
 20
95.50190278362442
 10
446.4638894817904
 20
95.47775335870477
 10
446.4590033116319
 20
95.45295121073411
 10
446.4538215758323
 20
95.42795807798774
 10
446.4494207154078
 20
95.40464290231415
 10
446.4448446945257
 20
95.38325364673534
 10
446.4410483121044
 20
95.36377485003567
 10
446.4373528762637
 20
95.3456292858765
 10
446.4307845154817
 20
95.31243620592431
 10
446.4147304368778
 20
95.23352679693272
 10
446.3826828586521
 20
95.07880196414618
 10
446.3421694683652
 20
94.77691617752629
 10
446.3119613053655
 20
94.44013857467394
 10
446.3108479332084
 20
93.86796131953975
 10
446.3522186510545
 20
93.30368649017208
 10
446.4780704075577
 20
92.58306547214835
 10
446.6055702842646
 20
92.16714106427509
 10
446.6978542116758
 20
91.90911774609003
 10
446.7051257037376
 20
91.889019099368
 97
        0
 97
        0
 92
        1
 93
        6
 72
     4
 94
        3
 73
     0
 74
     0
 95
      182
 96
      178
 40
0.0
 40
0.0
 40
0.0
 40
0.0
 40
0.0004608570517367
 40
0.0009729494474141
 40
0.0016363540590875
 40
0.0023303345230375
 40
0.0030111086512431
 40
0.0037157791883016
 40
0.0044417474296336
 40
0.0051453628955143
 40
0.0058457108451621
 40
0.0066866786930528
 40
0.0076158468232376
 40
0.0084479273527105
 40
0.009117357892274
 40
0.0098732447618965
 40
0.0104669246043033
 40
0.0112879120182304
 40
0.0120939639375117
 40
0.0133150503152903
 40
0.0141420845878485
 40
0.0150856124945886
 40
0.0160343530682034
 40
0.0170494170498098
 40
0.0182152627564697
 40
0.0191778835943859
 40
0.02021885429002
 40
0.0216039574267802
 40
0.0226431291531624
 40
0.0237085940079975
 40
0.024784804151143
 40
0.0259610156830361
 40
0.0268691947890177
 40
0.0278193764751355
 40
0.029008713334361
 40
0.0300971263788275
 40
0.0312206603862568
 40
0.0322461388636397
 40
0.0338052225386787
 40
0.0349109557935424
 40
0.0359159498802699
 40
0.0369636947908207
 40
0.0379818331759885
 40
0.0389619575608237
 40
0.0402352501661673
 40
0.041600163295043
 40
0.0427250679694499
 40
0.0440449973191094
 40
0.045366395635904
 40
0.0468917127909704
 40
0.0482134339391989
 40
0.0492326377690379
 40
0.0502573468264918
 40
0.0517879629975059
 40
0.053004317701275
 40
0.0545983135097645
 40
0.0558073547541555
 40
0.0577756720546503
 40
0.058798123490735
 40
0.0604262997066089
 40
0.0615134730361969
 40
0.0630345618061035
 40
0.0640687594318062
 40
0.0649572381994759
 40
0.0658986911827748
 40
0.0672630360746801
 40
0.0684670944749899
 40
0.0697975057077783
 40
0.0706248305678359
 40
0.0715396151011575
 40
0.0724750269747097
 40
0.0735603355951217
 40
0.075301930394205
 40
0.0774998670637863
 40
0.0787621284134879
 40
0.0802922573730132
 40
0.0811989454043717
 40
0.08200618191791
 40
0.0827677293106331
 40
0.0835355298256289
 40
0.0845190237729586
 40
0.0858358952632763
 40
0.0869110956422041
 40
0.0882174780214062
 40
0.0891805827505775
 40
0.0902608845568213
 40
0.0912652254992066
 40
0.0920771480940162
 40
0.0928681871172973
 40
0.0936015272172201
 40
0.0947209886137988
 40
0.0956208213994727
 40
0.0965679810674416
 40
0.0976386311253129
 40
0.0984871360326426
 40
0.0995995445261069
 40
0.1010865971118794
 40
0.1020854413773498
 40
0.1032406716340323
 40
0.1042452603298389
 40
0.1054942337817878
 40
0.1069376761292079
 40
0.1082153447841134
 40
0.1096418227219575
 40
0.1108114386188248
 40
0.1118828617967959
 40
0.1130566316869884
 40
0.1141382544480658
 40
0.1153754704310354
 40
0.1167108382869029
 40
0.1176812261433391
 40
0.1189549787649838
 40
0.1200606000634158
 40
0.1208396530316786
 40
0.1222807538265694
 40
0.1233970783302719
 40
0.1243074346344418
 40
0.1251525100345359
 40
0.1268539043866664
 40
0.1279833751189703
 40
0.1291200043944449
 40
0.1301321856655542
 40
0.1314827819899106
 40
0.1323788873955422
 40
0.1333871534397205
 40
0.1347115430085196
 40
0.1357453450542793
 40
0.1368692025410944
 40
0.1376653659912846
 40
0.1384244240306752
 40
0.1390377680730266
 40
0.1397038783791403
 40
0.1407170810693928
 40
0.141825101238336
 40
0.1429137193763129
 40
0.1438351799583906
 40
0.1450911403738796
 40
0.1461658000956271
 40
0.1472721306647419
 40
0.1484474065299292
 40
0.1496479121902209
 40
0.1508941784680481
 40
0.1521223838283178
 40
0.1532322790465278
 40
0.1544111465477333
 40
0.1553724303815609
 40
0.1565468438037109
 40
0.1578009413757344
 40
0.1590424608351619
 40
0.1599422936208256
 40
0.1609728715187098
 40
0.1621942659575709
 40
0.1634308407478035
 40
0.1644658551978062
 40
0.1656412877832724
 40
0.1667925538624304
 40
0.1677655831563102
 40
0.1687750501645568
 40
0.1704834691513263
 40
0.1726513907565534
 40
0.1758476125104698
 40
0.1787639746265801
 40
0.1841546140659608
 40
0.1902332356873936
 40
0.1968890799812081
 40
0.2064660553904191
 40
0.2160762412396205
 40
0.2258173677047658
 40
0.2351998526357398
 40
0.2478395738368472
 40
0.2533211732776546
 40
0.4012285880048347
 40
0.4659550722133198
 40
0.5799164568600612
 40
0.7695111713852327
 40
1.116892179648216
 40
1.16096584763539
 40
1.16096584763539
 40
1.16096584763539
 40
1.16096584763539
 10
443.7641111576827
 20
92.8496214268352
 10
443.7642141429387
 20
92.84950743967858
 10
443.764431562739
 20
92.84926679295177
 10
443.7647915901023
 20
92.8488570000664
 10
443.7652148597601
 20
92.84839960223695
 10
443.7656722515751
 20
92.84789723221246
 10
443.7661294044915
 20
92.84737615634157
 10
443.7666086679912
 20
92.84686063773296
 10
443.7670751080502
 20
92.8463233324589
 10
443.7675597680886
 20
92.84580438102466
 10
443.7680525409237
 20
92.84524113140327
 10
443.7686128849036
 20
92.84463754908728
 10
443.7691810100705
 20
92.84398193238661
 10
443.7697299675567
 20
92.8433859555181
 10
443.7702364542295
 20
92.84282947686694
 10
443.7706843693329
 20
92.84232714351543
 10
443.7711783931475
 20
92.8417984637212
 10
443.7716672329636
 20
92.84124251359634
 10
443.7723010578995
 20
92.84053569937714
 10
443.7729496844145
 20
92.83983954147823
 10
443.7736038319986
 20
92.83908666547063
 10
443.7742267410506
 20
92.83842788332021
 10
443.7748598572582
 20
92.8376938835467
 10
443.775572942101
 20
92.8369322592834
 10
443.7762727980753
 20
92.8361523461088
 10
443.7769683417675
 20
92.83535707706693
 10
443.7777318678102
 20
92.83452456622251
 10
443.7785050171613
 20
92.83366641725888
 10
443.7792885573508
 20
92.83280660367694
 10
443.7799870622757
 20
92.83200884186982
 10
443.7807341236087
 20
92.83119328351353
 10
443.781443637831
 20
92.83041447997618
 10
443.7821159961841
 20
92.82965873882961
 10
443.7827972073428
 20
92.82890508006716
 10
443.7835108275319
 20
92.82809973909332
 10
443.7842931790808
 20
92.82727860888002
 10
443.7849810108382
 20
92.82644609318572
 10
443.7858374209479
 20
92.82555413280477
 10
443.7866474000175
 20
92.8246281158398
 10
443.7874735670021
 20
92.82372595475988
 10
443.7881746340227
 20
92.82294047201657
 10
443.788868473946
 20
92.82218780952581
 10
443.7895382747752
 20
92.82142463896429
 10
443.790278884572
 20
92.82062407062625
 10
443.7910705563418
 20
92.8197139203159
 10
443.791928586754
 20
92.81879867009798
 10
443.7927707376439
 20
92.81784809299546
 10
443.7936097106503
 20
92.81691419026345
 10
443.7945433039229
 20
92.81588588576693
 10
443.7954753863939
 20
92.81485541695815
 10
443.7963408030728
 20
92.8139004612031
 10
443.7970806089011
 20
92.81305694320747
 10
443.7978956006998
 20
92.81218758804522
 10
443.7987319887925
 20
92.81124883998308
 10
443.7996935057865
 20
92.81016753986569
 10
443.8005911931941
 20
92.80917289834093
 10
443.8016725678356
 20
92.80800655779439
 10
443.8025977740517
 20
92.80695577471602
 10
443.8036318502318
 20
92.8058150774661
 10
443.804474613876
 20
92.80489732790329
 10
443.805402592124
 20
92.80383271643421
 10
443.8062302526221
 20
92.8029442458635
 10
443.8069904584397
 20
92.80208381226151
 10
443.8076562996239
 20
92.80139939394883
 10
443.808390686768
 20
92.80062842454004
 10
443.8091792066527
 20
92.79976400128709
 10
443.8100740303939
 20
92.79882148585244
 10
443.8108406164711
 20
92.79800412603453
 10
443.8115414571275
 20
92.79725728935131
 10
443.8121479141364
 20
92.79660248139231
 10
443.8128089341544
 20
92.79588095221158
 10
443.8136790090716
 20
92.79497765786562
 10
443.8148206148464
 20
92.79375199009502
 10
443.8160106429284
 20
92.79249088802578
 10
443.8171413941504
 20
92.79127084791361
 10
443.8179876127058
 20
92.79037403791284
 10
443.8187283789564
 20
92.78958623930617
 10
443.8192824438363
 20
92.78897468301506
 10
443.8198221540592
 20
92.78841303808622
 10
443.8203862786786
 20
92.78779377475598
 10
443.8211024126842
 20
92.78706330819892
 10
443.8218445662383
 20
92.78621684432511
 10
443.8227136900066
 20
92.78534195516625
 10
443.8234608062187
 20
92.7845141198286
 10
443.8242358141497
 20
92.78371015774775
 10
443.8249191811537
 20
92.7829582986821
 10
443.8255871383558
 20
92.78226102626269
 10
443.8261745101981
 20
92.7816204136127
 10
443.8267089279259
 20
92.78105393885124
 10
443.8273129192883
 20
92.78041219771006
 10
443.8279271845067
 20
92.7797302917757
 10
443.8286279015313
 20
92.77903215804469
 10
443.8292818453103
 20
92.77831206830348
 10
443.8299272955687
 20
92.77760759773912
 10
443.8306282425051
 20
92.7768796053403
 10
443.8314061662618
 20
92.77603349962004
 10
443.8322329521868
 20
92.77516450374486
 10
443.8330568865326
 20
92.77427328668887
 10
443.833780216451
 20
92.77350817854062
 10
443.8345533826384
 20
92.77267550804498
 10
443.8354042956053
 20
92.77178405310832
 10
443.836301101217
 20
92.7708108472587
 10
443.8372492911162
 20
92.76980469626795
 10
443.8381287843074
 20
92.76885925103187
 10
443.838974320518
 20
92.7679762369284
 10
443.8397442671921
 20
92.7671378218784
 10
443.8405050330039
 20
92.76633098035649
 10
443.8413079021348
 20
92.7654878533105
 10
443.8421267050949
 20
92.76458592658577
 10
443.8429404902008
 20
92.76373000068742
 10
443.8437516646684
 20
92.76285497479387
 10
443.8445187198233
 20
92.76204354086906
 10
443.8452313184453
 20
92.76126849135545
 10
443.8459971191742
 20
92.76046688042868
 10
443.8467573508806
 20
92.75965510895963
 10
443.8475428651038
 20
92.75880707727669
 10
443.8482021255663
 20
92.75811299331417
 10
443.8489864028852
 20
92.7572688354353
 10
443.8498194174783
 20
92.75636998127237
 10
443.8507527963179
 20
92.75543290399122
 10
443.8515086477662
 20
92.75464368471518
 10
443.8523255984358
 20
92.75381106365387
 10
443.8530864924849
 20
92.75303575168238
 10
443.8538359230481
 20
92.75225114103444
 10
443.8545919152266
 20
92.75148507426917
 10
443.8553700640778
 20
92.75067653205582
 10
443.8561809662904
 20
92.74984609235338
 10
443.8568656081948
 20
92.74913847580132
 10
443.8574884291781
 20
92.7484984828302
 10
443.8579911268096
 20
92.7479790447859
 10
443.8584629253066
 20
92.74749003352758
 10
443.8589948063491
 20
92.74694127561003
 10
443.8596439463013
 20
92.74627654460113
 10
443.8603927003655
 20
92.74551224337671
 10
443.8611164277354
 20
92.74476624781158
 10
443.8618733777721
 20
92.74398378971716
 10
443.8626245814405
 20
92.74320221501108
 10
443.8634326097581
 20
92.74238998519508
 10
443.8642037040627
 20
92.74157930558539
 10
443.8650272992666
 20
92.74076123679578
 10
443.8658566754239
 20
92.73988371951049
 10
443.8667078983303
 20
92.73900278460309
 10
443.8675456941171
 20
92.73815095007939
 10
443.8683696318301
 20
92.7373169611721
 10
443.8691155199142
 20
92.7365311999153
 10
443.8698907990561
 20
92.73574399495334
 10
443.870684083663
 20
92.73493934593819
 10
443.871532179086
 20
92.73405766817694
 10
443.8723151685349
 20
92.73324040164897
 10
443.87305149181
 20
92.73248160758203
 10
443.8737910639852
 20
92.73173541356493
 10
443.8746060595456
 20
92.73090592699793
 10
443.8754118434376
 20
92.73006545684115
 10
443.8762070306661
 20
92.72923603513931
 10
443.8769960777736
 20
92.72844031072452
 10
443.8777572884751
 20
92.72764631583641
 10
443.8784916737939
 20
92.72690341962885
 10
443.8793433354572
 20
92.72601550443522
 10
443.8804906155792
 20
92.72485950146108
 10
443.8821153203155
 20
92.72315107473622
 10
443.8840484424059
 20
92.72118084477165
 10
443.8867227730802
 20
92.71843300260076
 10
443.8900874450726
 20
92.71501642415319
 10
443.8942401083198
 20
92.71062672884528
 10
443.8995847999956
 20
92.70545337643796
 10
443.9056686059325
 20
92.69935487752883
 10
443.9125201620323
 20
92.69256956693295
 10
443.919304459544
 20
92.68580860961606
 10
443.9268571054592
 20
92.67838839602643
 10
443.9333703302029
 20
92.67193631582211
 10
443.9725760158469
 20
92.6328753184415
 10
444.0259568752954
 20
92.58345523373629
 10
444.1075752692288
 20
92.51140280896414
 10
444.2028195810931
 20
92.43392180553548
 10
444.3727572844377
 20
92.29889341363554
 10
444.5352426135194
 20
92.19279175219668
 10
444.6476283242391
 20
92.12633619240421
 10
444.6603180183645
 20
92.11891744188944
 97
        0
 72
     4
 94
        3
 73
     0
 74
     0
 95
       15
 96
       11
 40
5.233690822292881
 40
5.233690822292881
 40
5.233690822292881
 40
5.233690822292881
 40
5.303825753327492
 40
5.383027286154253
 40
5.450246723878536
 40
5.541937193395427
 40
5.632391109541941
 40
5.746362704934958
 40
5.868643984550646
 40
5.876945215343023
 40
5.876945215343023
 40
5.876945215343023
 40
5.876945215343023
 10
444.6603180183643
 20
92.11891744188938
 10
444.6648711625921
 20
92.09598046938493
 10
444.6744027432107
 20
92.0470979888484
 10
444.6942264301422
 20
91.97763058604318
 10
444.7164048065706
 20
91.90143598391404
 10
444.7382194441313
 20
91.82121391366417
 10
444.7669848969138
 20
91.7267949308748
 10
444.7950672378997
 20
91.62149996969885
 10
444.823057329394
 20
91.54488097277147
 10
444.8376898009849
 20
91.50387346006067
 10
444.8386191868392
 20
91.50126635731954
 97
        0
 72
     4
 94
        3
 73
     0
 74
     0
 95
       11
 96
        7
 40
7.250280902057175
 40
7.250280902057175
 40
7.250280902057175
 40
7.250280902057175
 40
7.690997203514118
 40
8.598983734656267
 40
9.015708971630115
 40
9.232809360711533
 40
9.232809360711533
 40
9.232809360711533
 40
9.232809360711533
 10
444.838619186839
 20
91.50126635731954
 10
444.7033846903978
 20
91.55907985975398
 10
444.2972574075534
 20
91.7538904483207
 10
443.8090174470585
 20
92.09588124461283
 10
443.4593792693031
 20
92.47455524763205
 10
443.3302835391301
 20
92.6417848634913
 10
443.2867944267459
 20
92.69964092430928
 97
        0
 72
     2
 10
447.6406112307427
 20
93.2495013072359
 40
4.388401440556144
 50
172.8020024116292
 51
241.3246991952008
 73
     0
 72
     4
 94
        3
 73
     0
 74
     0
 95
       29
 96
       25
 40
0.0176581850300042
 40
0.0176581850300042
 40
0.0176581850300042
 40
0.0176581850300042
 40
0.1350136473611706
 40
0.3586319266787619
 40
0.5117678418293916
 40
1.044160938904145
 40
1.302848521635252
 40
1.630881788839104
 40
1.896901206132972
 40
2.202762203630451
 40
2.693157240403069
 40
2.997105140741793
 40
3.499856752425399
 40
3.835722073500915
 40
4.147195076379828
 40
4.24833332884689
 40
4.305055169871896
 40
4.49165549308347
 40
4.615666705313137
 40
4.73446748224874
 40
4.848662319531485
 40
4.923882241094272
 40
5.016750343729278
 40
5.021781432951515
 40
5.021781432951515
 40
5.021781432951515
 40
5.021781432951515
 10
445.5348572903993
 20
97.09967890654372
 10
445.5127237195595
 20
97.06742547854395
 10
445.448087532706
 20
96.97393973803202
 10
445.3438768644571
 20
96.84574028336192
 10
445.1924512458293
 20
96.58285775371934
 10
445.0323108349971
 20
96.31083597870958
 10
444.8944519399947
 20
95.96385827750231
 10
444.7885501107478
 20
95.699699107367
 10
444.712373534034
 20
95.40918759066619
 10
444.6213086135233
 20
95.06710598132321
 10
444.5525411368353
 20
94.70612308118638
 10
444.5064341606835
 20
94.27605731513108
 10
444.4878801517041
 20
93.8953879706196
 10
444.4868151826263
 20
93.51190424659706
 10
444.4989767404013
 20
93.26263245898895
 10
444.5089255974001
 20
93.10650457301273
 10
444.5175795286189
 20
92.99201245006657
 10
444.5294648931613
 20
92.87008841419822
 10
444.5501833235239
 20
92.72843600363564
 10
444.5674523008968
 20
92.61071911636492
 10
444.5777248293257
 20
92.50833495527979
 10
444.5983574400691
 20
92.41644340703101
 10
444.610140110975
 20
92.35996768712067
 10
444.6168489454362
 20
92.32803418348868
 10
444.617193824517
 20
92.32639311280838
 97
        0
 72
     4
 94
        3
 73
     0
 74
     0
 95
       15
 96
       11
 40
0.0
 40
0.0
 40
0.0
 40
0.0
 40
0.151070518449171
 40
0.3099551499702086
 40
0.4614421652073235
 40
0.6067730124679518
 40
0.7376919579981522
 40
0.855097158991247
 40
0.9279188759264442
 40
1.003628961646776
 40
1.003628961646776
 40
1.003628961646776
 40
1.003628961646776
 10
444.6171938245168
 20
92.32639311280832
 10
444.5712249261271
 20
92.34696120483733
 10
444.4776265303594
 20
92.39077427216063
 10
444.3411615581981
 20
92.46184607359612
 10
444.2092974892287
 20
92.53730756547776
 10
444.0878714642033
 20
92.61209769623025
 10
443.9790847731522
 20
92.68554850496287
 10
443.8928712374752
 20
92.74903561691349
 10
443.8225569446615
 20
92.80302230834849
 10
443.7838440254989
 20
92.83388831255996
 10
443.7641111576827
 20
92.8496214268352
 97
        0
 97
        0
 92
        1
 93
        4
 72
     4
 94
        3
 73
     0
 74
     0
 95
       10
 96
        6
 40
1.781427080250382
 40
1.781427080250382
 40
1.781427080250382
 40
1.781427080250382
 40
2.088036036302896
 40
2.589950839260203
 40
2.760242605119786
 40
2.760242605119786
 40
2.760242605119786
 40
2.760242605119786
 10
445.2157290095388
 20
91.8427074925118
 10
445.3101150315665
 20
91.80334182921155
 10
445.5624659771115
 20
91.70788618862605
 10
445.8777714233393
 20
91.62182879418708
 10
446.0968020695807
 20
91.57421181502008
 10
446.1524385320408
 20
91.56290824032078
 97
        0
 72
     4
 94
        3
 73
     0
 74
     0
 95
        9
 96
        5
 40
6.184923259416534
 40
6.184923259416534
 40
6.184923259416534
 40
6.184923259416534
 40
6.572631212823501
 40
6.716434027690795
 40
6.716434027690795
 40
6.716434027690795
 40
6.716434027690795
 10
446.1524385320413
 20
91.56290824032271
 10
446.1918290106464
 20
91.4399806625459
 10
446.261402601453
 20
91.27652985429694
 10
446.3267064124198
 20
91.11174985078554
 10
446.3450935814919
 20
91.06749908891891
 97
        0
 72
     4
 94
        3
 73
     0
 74
     0
 95
        9
 96
        5
 40
5.680414126429065
 40
5.680414126429065
 40
5.680414126429065
 40
5.680414126429065
 40
5.911713471620197
 40
6.704560383601724
 40
6.704560383601724
 40
6.704560383601724
 40
6.704560383601724
 10
446.3450935814919
 20
91.06749908891891
 10
446.2690338626346
 20
91.08039555792283
 10
445.9331919081762
 20
91.14289342843193
 10
445.6024155959653
 20
91.22961378753968
 10
445.3506704016661
 20
91.31101328442475
 97
        0
 72
     4
 94
        3
 73
     0
 74
     0
 95
       12
 96
        8
 40
2.478609126391185
 40
2.478609126391185
 40
2.478609126391185
 40
2.478609126391185
 40
2.520390519671875
 40
2.641749035714576
 40
2.765272743722494
 40
2.911650990441924
 40
3.027422239500122
 40
3.027422239500122
 40
3.027422239500122
 40
3.027422239500122
 10
445.3506704016661
 20
91.3110132844248
 10
445.3467093071713
 20
91.32436472645486
 10
445.3312275548028
 20
91.37648934897516
 10
445.3050082645796
 20
91.46836085337492
 10
445.2683647301303
 20
91.59362946930048
 10
445.2448759624672
 20
91.72016220557617
 10
445.2246418255299
 20
91.80515472391323
 10
445.2157290095388
 20
91.8427074925118
 97
        0
 97
        0
 75
     0
 76
     1
 98
        1
 10
-168.2576044211908
 20
28.83057911363136
  0
TEXT
  5
62
330
5A
100
AcDbEntity
  8
0
100
AcDbText
 10
442.3019828816916
 20
95.89509659868513
 30
0.0
 40
1.005104499387758
  1
S
 50
242.7181255168881
 41
0.8
  7
$TD_AUDIT_GENERATED_(5D)
 72
     4
 11
442.6068733957106
 21
95.41437664849803
 31
0.0
100
AcDbText
  0
TEXT
  5
63
330
5A
100
AcDbEntity
  8
0
100
AcDbText
 10
442.0129036068379
 20
95.17183157643069
 30
0.0
 40
1.005104499387758
  1
T
 50
250.218125497334
 41
0.8
  7
$TD_AUDIT_GENERATED_(5D)
 72
     4
 11
442.3673647857945
 21
94.73882120758356
 31
0.0
100
AcDbText
  0
TEXT
  5
64
330
5A
100
AcDbEntity
  8
0
100
AcDbText
 10
441.7991617839599
 20
94.42321143337888
 30
0.0
 40
1.005104499387758
  1
A
 50
257.7181255624761
 41
0.8
  7
$TD_AUDIT_GENERATED_(5D)
 72
     4
 11
442.2180828844173
 21
94.03778309031333
 31
0.0
100
AcDbText
  0
TEXT
  5
65
330
5A
100
AcDbEntity
  8
0
100
AcDbText
 10
441.7056433964641
 20
92.87187242801114
 30
0.0
 40
1.005104499387758
  1
E
 50
272.7181254746196
 41
0.8
  7
$TD_AUDIT_GENERATED_(5D)
 72
     4
 11
442.1988287188672
 21
92.60746943127589
 31
0.0
100
AcDbText
  0
TEXT
  5
66
330
5A
100
AcDbEntity
  8
0
100
AcDbText
 10
442.6050488628564
 20
90.08571269199842
 30
0.0
 40
1.005104499387758
  1
I
 50
301.2181254785395
 41
0.8
  7
$TD_AUDIT_GENERATED_(5D)
 72
     4
 11
443.1646307700289
 21
90.08867851088274
 31
0.0
100
AcDbText
  0
TEXT
  5
67
330
5A
100
AcDbEntity
  8
0
100
AcDbText
 10
442.2031796262224
 20
90.84101956400744
 30
0.0
 40
1.005104499387758
  1
R
 50
292.9681254674569
 41
0.8
  7
$TD_AUDIT_GENERATED_(5D)
 72
     4
 11
442.7573962098079
 21
90.76365881559315
 31
0.0
100
AcDbText
  0
TEXT
  5
68
330
5A
100
AcDbEntity
  8
0
100
AcDbText
 10
441.9029884164428
 20
91.64332213424765
 30
0.0
 40
1.005104499387758
  1
G
 50
284.71812549818
 41
0.8
  7
$TD_AUDIT_GENERATED_(5D)
 72
     4
 11
442.4512306559807
 21
91.490089165102
 31
0.0
100
AcDbText
  0
TEXT
  5
69
330
5A
100
AcDbEntity
  8
0
100
AcDbText
 10
441.7071274094438
 20
93.64977184770474
 30
0.0
 40
1.005104499387758
  1
T
 50
265.2181254835607
 41
0.8
  7
$TD_AUDIT_GENERATED_(5D)
 72
     4
 11
442.1615819467208
 21
93.32325725313854
 31
0.0
100
AcDbText
  0
TEXT
  5
6A
330
5A
100
AcDbEntity
  8
0
100
AcDbText
 10
443.6934440790122
 20
96.3302564697948
 30
0.0
 40
1.005104499387758
  1
\M+5B9FA
 50
45.66819710045415
 41
0.8
  7
$TD_AUDIT_GENERATED_(5F)
 72
     4
 11
443.7200984683213
 21
97.0776577192301
 31
0.0
100
AcDbText
  0
TEXT
  5
6B
330
5A
100
AcDbEntity
  8
0
100
AcDbText
 10
443.1111402739703
 20
89.3958874685448
 30
0.0
 40
1.005104499387758
  1
D
 50
309.4681255446012
 41
0.8
  7
$TD_AUDIT_GENERATED_(5D)
 72
     4
 11
443.6645057112187
 21
89.47911847103376
 31
0.0
100
AcDbText
  0
TEXT
  5
6C
330
5A
100
AcDbEntity
  8
0
 48
2.0
100
AcDbText
 10
444.8580247594009
 20
97.40574616608747
 30
0.0
 40
1.005104499387758
  1
\M+5BCD2
 50
27.9999999779082
 41
0.8
  7
$TD_AUDIT_GENERATED_(5F)
 72
     4
 11
445.110261300716
 21
98.10980284800468
 31
0.0
100
AcDbText
  0
TEXT
  5
6D
330
5A
100
AcDbEntity
  8
0
100
AcDbText
 10
453.0898057834171
 20
90.86775289609693
 30
0.0
 40
1.005104499387758
  1
F
 50
65.46812554051857
 41
0.8
  7
$TD_AUDIT_GENERATED_(5D)
 72
     4
 11
452.7724188126253
 21
91.32862838653665
 31
0.0
100
AcDbText
  0
TEXT
  5
6E
330
5A
100
AcDbEntity
  8
0
100
AcDbText
 10
452.7684982668217
 20
90.21554322632383
 30
0.0
 40
1.005104499387758
  1
O
 50
58.46812547245673
 41
0.8
  7
$TD_AUDIT_GENERATED_(5D)
 72
     4
 11
452.5000715753856
 21
90.71753626150593
 31
0.0
100
AcDbText
  0
TEXT
  5
6F
330
5A
100
AcDbEntity
  8
0
100
AcDbText
 10
451.2997380577264
 20
88.54727651906622
 30
0.0
 40
1.005104499387758
  1
O
 50
36.96812553593979
 41
0.8
  7
$TD_AUDIT_GENERATED_(5D)
 72
     4
 11
451.2339702108736
 21
89.11271836962828
 31
0.0
100
AcDbText
  0
CIRCLE
  5
70
330
5A
100
AcDbEntity
  8
$TD_AUDIT_GENERATED_(71)
 62
     7
370
    30
100
AcDbCircle
 10
447.6406112307427
 20
93.2495013072359
 30
0.0
 40
4.751781372669854
  0
TEXT
  5
74
330
5A
100
AcDbEntity
  8
0
100
AcDbText
 10
446.2917822494589
 20
87.4575148479607
 30
0.0
 40
1.005104499387758
  1
P
 50
345.9681255179018
 41
0.8
  7
$TD_AUDIT_GENERATED_(5D)
 72
     4
 11
446.6871011559595
 21
87.85357503161924
 31
0.0
100
AcDbText
  0
TEXT
  5
75
330
5A
100
AcDbEntity
  8
0
100
AcDbText
 10
448.9189253072934
 20
87.4300477060788
 30
0.0
 40
1.005104499387758
  1
A
 50
11.46812551002384
 41
0.8
  7
$TD_AUDIT_GENERATED_(5D)
 72
     4
 11
449.1029932080512
 21
87.96872098735167
 31
0.0
100
AcDbText
  0
TEXT
  5
76
330
5A
100
AcDbEntity
  8
0
100
AcDbText
 10
443.9225154812682
 20
88.59376386952907
 30
0.0
 40
1.005104499387758
  1
C
 50
320.4681254797286
 41
0.8
  7
$TD_AUDIT_GENERATED_(5D)
 72
     4
 11
444.4569809297425
 21
88.7897143235574
 31
0.0
100
AcDbText
  0
TEXT
  5
77
330
5A
100
AcDbEntity
  8
0
100
AcDbText
 10
445.4504878636272
 20
87.72050443608902
 30
0.0
 40
1.005104499387758
  1
R
 50
337.468125510359
 41
0.8
  7
$TD_AUDIT_GENERATED_(5D)
 72
     4
 11
445.9000059558055
 21
88.05378238573593
 31
0.0
100
AcDbText
  0
TEXT
  5
78
330
5A
100
AcDbEntity
  8
0
100
AcDbText
 10
444.6515173619444
 20
88.09533358229206
 30
0.0
 40
1.005104499387758
  1
O
 50
328.9681254914715
 41
0.8
  7
$TD_AUDIT_GENERATED_(5D)
 72
     4
 11
445.1511488476278
 21
88.36813071306955
 31
0.0
100
AcDbText
  0
TEXT
  5
79
330
5A
100
AcDbEntity
  8
0
100
AcDbText
 10
449.761219051086
 20
87.6934713184736
 30
0.0
 40
1.005104499387758
  1
T
 50
19.9681255013747
 41
0.8
  7
$TD_AUDIT_GENERATED_(5D)
 72
     4
 11
449.8674792338256
 21
88.24287961881186
 31
0.0
100
AcDbText
  0
TEXT
  5
7A
330
5A
100
AcDbEntity
  8
0
100
AcDbText
 10
450.5591595262344
 20
88.06794530424195
 30
0.0
 40
1.005104499387758
  1
I
 50
28.4681255127006
 41
0.8
  7
$TD_AUDIT_GENERATED_(5D)
 72
     4
 11
450.5830448151544
 21
88.62702508378118
 31
0.0
100
AcDbText
  0
TEXT
  5
7B
330
5A
100
AcDbEntity
  8
0
100
AcDbText
 10
446.286338364741
 20
98.0282912533922
 30
0.0
 40
1.005104499387758
  1
\M+5B5E7
 50
11.99999999866089
 41
0.8
  7
$TD_AUDIT_GENERATED_(5F)
 72
     4
 11
446.7195699161593
 21
98.65106448207234
 31
0.0
100
AcDbText
  0
TEXT
  5
7C
330
5A
100
AcDbEntity
  8
0
100
AcDbText
 10
448.1160630411769
 20
98.26389192858298
 30
0.0
 40
1.005104499387758
  1
\M+5CDF8
 50
346.0000000036221
 41
0.8
  7
$TD_AUDIT_GENERATED_(5F)
 72
     4
 11
448.7727392221429
 21
98.61079667741154
 31
0.0
100
AcDbText
  0
TEXT
  5
7D
330
5A
100
AcDbEntity
  8
0
100
AcDbText
 10
447.1616254919643
 20
87.31058728562442
 30
0.0
 40
1.005104499387758
  1
O
 50
354.4681255125807
 41
0.8
  7
$TD_AUDIT_GENERATED_(5D)
 72
     4
 11
447.495143326393
 21
87.77190686050147
 31
0.0
100
AcDbText
  0
TEXT
  5
7E
330
5A
100
AcDbEntity
  8
0
100
AcDbText
 10
448.0441326157611
 20
87.31623768116289
 30
0.0
 40
1.005104499387758
  1
R
 50
2.968125509180445
 41
0.8
  7
$TD_AUDIT_GENERATED_(5D)
 72
     4
 11
448.3063811751758
 21
87.81057198100592
 31
0.0
100
AcDbText
  0
TEXT
  5
7F
330
5A
100
AcDbEntity
  8
0
100
AcDbText
 10
453.4534777878079
 20
94.50529952039416
 30
0.0
 40
1.005104499387758
  1
N
 50
101.2681254657132
 41
0.8
  7
$TD_AUDIT_GENERATED_(5D)
 72
     4
 11
452.9264640440795
 21
94.69344101193127
 31
0.0
100
AcDbText
  0
TEXT
  5
80
330
5A
100
AcDbEntity
  8
0
100
AcDbText
 10
453.5685022342105
 20
93.72547926412629
 30
0.0
 40
1.005104499387758
  1
I
 50
93.66812551460593
 41
0.8
  7
$TD_AUDIT_GENERATED_(5D)
 72
     4
 11
453.0710009358104
 21
93.98166896924084
 31
0.0
100
AcDbText
  0
TEXT
  5
81
330
5A
100
AcDbEntity
  8
0
100
AcDbText
 10
453.2469543234911
 20
95.26668851161823
 30
0.0
 40
1.005104499387758
  1
A
 50
108.8681254954207
 41
0.8
  7
$TD_AUDIT_GENERATED_(5D)
 72
     4
 11
452.6890604294465
 21
95.37984459424041
 31
0.0
100
AcDbText
  0
TEXT
  5
82
330
5A
100
AcDbEntity
  8
0
100
AcDbText
 10
453.4969236166035
 20
92.15235394617406
 30
0.0
 40
1.005104499387758
  1
C
 50
78.46812550852881
 41
0.8
  7
$TD_AUDIT_GENERATED_(5D)
 72
     4
 11
453.0729933053583
 21
92.53226576127628
 31
0.0
100
AcDbText
  0
TEXT
  5
83
330
5A
100
AcDbEntity
  8
0
100
AcDbText
 10
453.5793800407187
 20
92.93729658884102
 30
0.0
 40
1.005104499387758
  1
H
 50
86.0681255031629
 41
0.8
  7
$TD_AUDIT_GENERATED_(5D)
 72
     4
 11
453.1201317481325
 21
93.25703353176937
 31
0.0
100
AcDbText
  0
ENDBLK
  5
84
330
5A
100
AcDbEntity
  8
0
 62
     3
100
AcDbBlockEnd
  0
ENDSEC
  0
SECTION
  2
ENTITIES
  0
TEXT
  5
45
330
2
100
AcDbEntity
  8
2
100
AcDbText
 10
37133.38613084043
 20
-9083.165642754786
 30
0.0
 40
4.0
  1
1
 41
0.7
  7
SIMPLEX
 72
     1
 11
37133.71946417377
 21
-9083.165642754786
 31
0.0
100
AcDbText
 73
     1
  0
TEXT
  5
4B
330
2
100
AcDbEntity
  8
0
100
AcDbText
 10
37081.417445525
 20
-8931.339923416512
 30
0.0
 40
4.5
  1
35A1-JC1\M+5D7AA\M+5BDC7\M+5CBFE\M+5BDE1\M+5B9B9\M+5CDBC
 41
0.7
100
AcDbText
  0
TEXT
  5
4C
330
2
100
AcDbEntity
  8
3
 62
     7
100
AcDbText
 10
37057.02792822221
 20
-8920.272937041695
 30
0.0
 40
4.5
  1
\M+5B8A3\M+5BDA8\M+5B9AB\M+5CBBE2019\M+5C4EA\M+5B0E635kV\M+5B8CB\M+5CBFE\M+5CDA8\M+5D3C3\M+5C9E8\M+5BCC6
 41
0.7
100
AcDbText
  0
LINE
  5
51
330
2
100
AcDbEntity
  8
0
  6
Continuous
 62
     0
100
AcDbLine
 10
37142.46671708834
 20
-8922.954286895436
 30
0.0
 11
37157.51061082284
 21
-8922.954286895436
 31
0.0
  0
TEXT
  5
52
330
2
100
AcDbEntity
  8
3
 62
     7
100
AcDbText
 10
37143.84855925651
 20
-8921.284161026302
 30
0.0
 40
4.5
  1
\M+5CAA9\M+5B9A4\M+5CDBC
 41
0.7
100
AcDbText
  0
TEXT
  5
53
330
2
100
AcDbEntity
  8
0
  6
Continuous
 62
     0
100
AcDbText
 10
37132.85533944547
 20
-8921.701693078654
 30
0.0
 40
3.5
  1
\M+5BDD7\M+5B6CE
 41
0.7
100
AcDbText
  0
TEXT
  5
54
330
2
100
AcDbEntity
  8
2
100
AcDbText
 10
37016.86670184195
 20
-8929.685387886853
 30
0.0
 40
4.0
  1
35A1-JC1
 41
0.7
  7
SIMPLEX
100
AcDbText
  0
LINE
  5
55
330
2
100
AcDbEntity
  8
0
100
AcDbLine
 10
37159.64091299795
 20
-8912.450376298424
 30
0.0
 11
37164.14091299795
 21
-8912.450376298424
 31
0.0
  0
TEXT
  5
56
330
2
100
AcDbEntity
  8
2
100
AcDbText
 10
37063.95831156029
 20
-8910.110894436577
 30
0.0
 40
6.0
  1
 \M+5CDBC  \M+5D6BD  \M+5C4BF  \M+5C2BC
 41
0.7
  7
SIMPLEX
 72
     1
 11
37086.63831156029
 21
-8910.110894436577
 31
0.0
100
AcDbText
 73
     1
  0
MTEXT
  5
57
330
2
100
AcDbEntity
  8
0
100
AcDbMText
 10
37094.32884435808
 20
-8887.495865298817
 30
0.0
 40
4.16761607070872
 41
30.14159743860961
 46
0.0
 71
     1
 72
     5
  1
S{\H0.7692x;TATE }G{\H0.7692x;RID}
  7
1-2
 73
     1
 44
1.0
  0
INSERT
  5
59
330
2
100
AcDbEntity
  8
0
 62
     3
100
AcDbBlockReference
  2
logo
 10
36637.95342025437
 20
-8983.946689440214
 30
0.0
  0
TEXT
  5
85
330
2
100
AcDbEntity
  8
0
100
AcDbText
 10
37042.18622135193
 20
-8892.501593242207
 30
0.0
 40
3.775
  1
 \M+5B9FA\M+5BCD2\M+5B5E7\M+5CDF8\M+5B9AB\M+5CBBE
  7
1-1
100
AcDbText
  0
TEXT
  5
87
330
2
100
AcDbEntity
  8
0
100
AcDbText
 10
37094.45176510087
 20
-8894.147772266508
 30
0.0
 40
1.6371
  1
CORPORATION OF CHINA
  7
1-2
100
AcDbText
  0
LWPOLYLINE
  5
88
330
2
100
AcDbEntity
  8
0
100
AcDbPolyline
 90
        2
 70
     0
 43
1.4
 10
37174.08962108766
 20
-8882.165642754786
 10
36994.08962108766
 20
-8882.165642754786
  0
LWPOLYLINE
  5
89
330
2
100
AcDbEntity
  8
0
100
AcDbPolyline
 90
        2
 70
     0
 43
1.4
 10
37174.08962108766
 20
-9169.165642754786
 10
37174.08962108766
 20
-8882.165642754786
  0
LWPOLYLINE
  5
8A
330
2
100
AcDbEntity
  8
0
100
AcDbPolyline
 90
        2
 70
     0
 43
0.0
 10
37179.08962108766
 20
-9174.165642754786
 10
37179.08962108766
 20
-8877.165642754786
  0
LWPOLYLINE
  5
8B
330
2
100
AcDbEntity
  8
0
100
AcDbPolyline
 90
        2
 70
     0
 43
1.4
 10
36994.08962108766
 20
-8882.165642754786
 10
36994.08962108766
 20
-9169.165642754786
  0
LWPOLYLINE
  5
8C
330
2
100
AcDbEntity
  8
0
100
AcDbPolyline
 90
        2
 70
     0
 43
1.4
 10
37174.08962108766
 20
-9169.165642754786
 10
36994.08962108766
 20
-9169.165642754786
  0
LWPOLYLINE
  5
8D
330
2
100
AcDbEntity
  8
0
100
AcDbPolyline
 90
        2
 70
     0
 43
0.0
 10
36969.08962108766
 20
-8877.165642754786
 10
37179.08962108766
 20
-8877.165642754786
  0
LWPOLYLINE
  5
8E
330
2
100
AcDbEntity
  8
0
100
AcDbPolyline
 90
        2
 70
     0
 43
1.4
 10
36994.08962108766
 20
-8882.165642754786
 10
37174.08962108766
 20
-8882.165642754786
  0
LWPOLYLINE
  5
8F
330
2
100
AcDbEntity
  8
0
100
AcDbPolyline
 90
        2
 70
     0
 43
0.0
 10
36969.08962108766
 20
-9174.165642754786
 10
36969.08962108766
 20
-8877.165642754786
  0
LWPOLYLINE
  5
90
330
2
100
AcDbEntity
  8
0
100
AcDbPolyline
 90
        2
 70
     0
 43
0.0
 10
37179.08962108766
 20
-9174.165642754786
 10
36969.08962108766
 20
-9174.165642754786
  0
TEXT
  5
91
330
2
100
AcDbEntity
  8
2
 62
     7
100
AcDbText
 10
37079.10377081765
 20
-8940.46155467626
 30
0.0
 40
4.0
  1
47
 41
0.7
  7
SIMPLEX
 72
     1
 11
37081.37043748432
 21
-8940.46155467626
 31
0.0
100
AcDbText
 73
     1
  0
TEXT
  5
92
330
2
100
AcDbEntity
  8
2
100
AcDbText
 10
37160.92876722604
 20
-8911.813505378708
 30
0.0
 40
4.0
  1
2
 41
0.7
  7
SIMPLEX
 72
     1
 11
37161.86210055937
 21
-8911.813505378708
 31
0.0
100
AcDbText
 73
     1
  0
TEXT
  5
93
330
2
100
AcDbEntity
  8
2
100
AcDbText
 10
37161.18363552363
 20
-8905.513505378709
 30
0.0
 40
4.0
  1
1
 41
0.7
  7
SIMPLEX
 72
     1
 11
37161.51696885697
 21
-8905.513505378709
 31
0.0
100
AcDbText
 73
     1
  0
TEXT
  5
94
330
2
100
AcDbEntity
  8
2
100
AcDbText
 10
37133.38613084043
 20
-9115.165642754786
 30
0.0
 40
4.0
  1
1
 41
0.7
  7
SIMPLEX
 72
     1
 11
37133.71946417377
 21
-9115.165642754786
 31
0.0
100
AcDbText
 73
     1
  0
TEXT
  5
95
330
2
100
AcDbEntity
  8
2
100
AcDbText
 10
37133.38613084043
 20
-9107.165642754786
 30
0.0
 40
4.0
  1
1
 41
0.7
  7
SIMPLEX
 72
     1
 11
37133.71946417377
 21
-9107.165642754786
 31
0.0
100
AcDbText
 73
     1
  0
TEXT
  5
96
330
2
100
AcDbEntity
  8
2
100
AcDbText
 10
37133.38613084043
 20
-9099.165642754786
 30
0.0
 40
4.0
  1
1
 41
0.7
  7
SIMPLEX
 72
     1
 11
37133.71946417377
 21
-9099.165642754786
 31
0.0
100
AcDbText
 73
     1
  0
TEXT
  5
97
330
2
100
AcDbEntity
  8
2
100
AcDbText
 10
37133.38613084043
 20
-9091.165642754786
 30
0.0
 40
4.0
  1
1
 41
0.7
  7
SIMPLEX
 72
     1
 11
37133.71946417377
 21
-9091.165642754786
 31
0.0
100
AcDbText
 73
     1
  0
TEXT
  5
98
330
2
100
AcDbEntity
  8
2
100
AcDbText
 10
37133.38613084043
 20
-9075.165642754786
 30
0.0
 40
4.0
  1
1
 41
0.7
  7
SIMPLEX
 72
     1
 11
37133.71946417377
 21
-9075.165642754786
 31
0.0
100
AcDbText
 73
     1
  0
TEXT
  5
99
330
2
100
AcDbEntity
  8
2
100
AcDbText
 10
37133.38613084043
 20
-9067.165642754786
 30
0.0
 40
4.0
  1
1
 41
0.7
  7
SIMPLEX
 72
     1
 11
37133.71946417377
 21
-9067.165642754786
 31
0.0
100
AcDbText
 73
     1
  0
TEXT
  5
9A
330
2
100
AcDbEntity
  8
2
100
AcDbText
 10
37133.38613084043
 20
-9059.165642754786
 30
0.0
 40
4.0
  1
1
 41
0.7
  7
SIMPLEX
 72
     1
 11
37133.71946417377
 21
-9059.165642754786
 31
0.0
100
AcDbText
 73
     1
  0
TEXT
  5
9B
330
2
100
AcDbEntity
  8
2
100
AcDbText
 10
37133.38613084043
 20
-9051.165642754786
 30
0.0
 40
4.0
  1
1
 41
0.7
  7
SIMPLEX
 72
     1
 11
37133.71946417377
 21
-9051.165642754786
 31
0.0
100
AcDbText
 73
     1
  0
TEXT
  5
9C
330
2
100
AcDbEntity
  8
2
100
AcDbText
 10
37133.38613084043
 20
-9043.165642754786
 30
0.0
 40
4.0
  1
1
 41
0.7
  7
SIMPLEX
 72
     1
 11
37133.71946417377
 21
-9043.165642754786
 31
0.0
100
AcDbText
 73
     1
  0
TEXT
  5
9D
330
2
100
AcDbEntity
  8
2
100
AcDbText
 10
37133.38613084043
 20
-9035.165642754786
 30
0.0
 40
4.0
  1
1
 41
0.7
  7
SIMPLEX
 72
     1
 11
37133.71946417377
 21
-9035.165642754786
 31
0.0
100
AcDbText
 73
     1
  0
TEXT
  5
9E
330
2
100
AcDbEntity
  8
2
100
AcDbText
 10
37133.38613084043
 20
-9027.165642754786
 30
0.0
 40
4.0
  1
1
 41
0.7
  7
SIMPLEX
 72
     1
 11
37133.71946417377
 21
-9027.165642754786
 31
0.0
100
AcDbText
 73
     1
  0
TEXT
  5
9F
330
2
100
AcDbEntity
  8
2
100
AcDbText
 10
37133.38613084043
 20
-9019.165642754786
 30
0.0
 40
4.0
  1
1
 41
0.7
  7
SIMPLEX
 72
     1
 11
37133.71946417377
 21
-9019.165642754786
 31
0.0
100
AcDbText
 73
     1
  0
TEXT
  5
A0
330
2
100
AcDbEntity
  8
2
100
AcDbText
 10
37133.38613084043
 20
-9011.165642754786
 30
0.0
 40
4.0
  1
1
 41
0.7
  7
SIMPLEX
 72
     1
 11
37133.71946417377
 21
-9011.165642754786
 31
0.0
100
AcDbText
 73
     1
  0
TEXT
  5
A1
330
2
100
AcDbEntity
  8
2
100
AcDbText
 10
37133.38613084043
 20
-9003.165642754786
 30
0.0
 40
4.0
  1
1
 41
0.7
  7
SIMPLEX
 72
     1
 11
37133.71946417377
 21
-9003.165642754786
 31
0.0
100
AcDbText
 73
     1
  0
TEXT
  5
A2
330
2
100
AcDbEntity
  8
2
100
AcDbText
 10
37133.61129464075
 20
-8995.165642754786
 30
0.0
 40
4.0
  1
1
 41
0.7
  7
SIMPLEX
 72
     1
 11
37133.94462797409
 21
-8995.165642754786
 31
0.0
100
AcDbText
 73
     1
  0
TEXT
  5
A3
330
2
100
AcDbEntity
  8
2
100
AcDbText
 10
37133.61129464075
 20
-8987.165642754786
 30
0.0
 40
4.0
  1
1
 41
0.7
  7
SIMPLEX
 72
     1
 11
37133.94462797409
 21
-8987.165642754786
 31
0.0
100
AcDbText
 73
     1
  0
TEXT
  5
A4
330
2
100
AcDbEntity
  8
2
100
AcDbText
 10
37133.38613084043
 20
-8979.165642754786
 30
0.0
 40
4.0
  1
1
 41
0.7
  7
SIMPLEX
 72
     1
 11
37133.71946417377
 21
-8979.165642754786
 31
0.0
100
AcDbText
 73
     1
  0
TEXT
  5
A5
330
2
100
AcDbEntity
  8
2
100
AcDbText
 10
37133.38613084043
 20
-8971.165642754786
 30
0.0
 40
4.0
  1
1
 41
0.7
  7
SIMPLEX
 72
     1
 11
37133.71946417377
 21
-8971.165642754786
 31
0.0
100
AcDbText
 73
     1
  0
TEXT
  5
A6
330
2
100
AcDbEntity
  8
2
100
AcDbText
 10
37133.38613084043
 20
-8963.165642754786
 30
0.0
 40
4.0
  1
1
 41
0.7
  7
SIMPLEX
 72
     1
 11
37133.71946417377
 21
-8963.165642754786
 31
0.0
100
AcDbText
 73
     1
  0
TEXT
  5
A7
330
2
100
AcDbEntity
  8
2
100
AcDbText
 10
36998.08962108766
 20
-9099.165642754786
 30
0.0
 40
4.0
  1
18
 41
0.7
  7
SIMPLEX
 72
     1
 11
37000.08962108766
 21
-9099.165642754786
 31
0.0
100
AcDbText
 73
     1
  0
TEXT
  5
A8
330
2
100
AcDbEntity
  8
2
100
AcDbText
 10
36998.08962108766
 20
-9091.165642754786
 30
0.0
 40
4.0
  1
17
 41
0.7
  7
SIMPLEX
 72
     1
 11
37000.08962108766
 21
-9091.165642754786
 31
0.0
100
AcDbText
 73
     1
  0
TEXT
  5
A9
330
2
100
AcDbEntity
  8
2
100
AcDbText
 10
36998.15628775432
 20
-9083.165642754786
 30
0.0
 40
4.0
  1
16
 41
0.7
  7
SIMPLEX
 72
     1
 11
37000.08962108766
 21
-9083.165642754786
 31
0.0
100
AcDbText
 73
     1
  0
TEXT
  5
AA
330
2
100
AcDbEntity
  8
2
100
AcDbText
 10
36998.08962108766
 20
-9075.165642754786
 30
0.0
 40
4.0
  1
15
 41
0.7
  7
SIMPLEX
 72
     1
 11
37000.08962108766
 21
-9075.165642754786
 31
0.0
100
AcDbText
 73
     1
  0
TEXT
  5
AB
330
2
100
AcDbEntity
  8
2
100
AcDbText
 10
36998.02295442099
 20
-9067.165642754786
 30
0.0
 40
4.0
  1
14
 41
0.7
  7
SIMPLEX
 72
     1
 11
37000.08962108766
 21
-9067.165642754786
 31
0.0
100
AcDbText
 73
     1
  0
TEXT
  5
AC
330
2
100
AcDbEntity
  8
2
100
AcDbText
 10
36998.08962108766
 20
-9059.165642754786
 30
0.0
 40
4.0
  1
13
 41
0.7
  7
SIMPLEX
 72
     1
 11
37000.08962108766
 21
-9059.165642754786
 31
0.0
100
AcDbText
 73
     1
  0
TEXT
  5
AD
330
2
100
AcDbEntity
  8
2
100
AcDbText
 10
36998.08962108766
 20
-9051.165642754786
 30
0.0
 40
4.0
  1
12
 41
0.7
  7
SIMPLEX
 72
     1
 11
37000.08962108766
 21
-9051.165642754786
 31
0.0
100
AcDbText
 73
     1
  0
TEXT
  5
AE
330
2
100
AcDbEntity
  8
2
100
AcDbText
 10
36998.68962108765
 20
-9043.165642754786
 30
0.0
 40
4.0
  1
11
 41
0.7
  7
SIMPLEX
 72
     1
 11
37000.08962108766
 21
-9043.165642754786
 31
0.0
100
AcDbText
 73
     1
  0
TEXT
  5
AF
330
2
100
AcDbEntity
  8
2
100
AcDbText
 10
36998.08962108766
 20
-9035.165642754786
 30
0.0
 40
4.0
  1
10
 41
0.7
  7
SIMPLEX
 72
     1
 11
37000.08962108766
 21
-9035.165642754786
 31
0.0
100
AcDbText
 73
     1
  0
TEXT
  5
B0
330
2
100
AcDbEntity
  8
2
100
AcDbText
 10
36999.22295442099
 20
-9027.165642754786
 30
0.0
 40
4.0
  1
9
 41
0.7
  7
SIMPLEX
 72
     1
 11
37000.08962108766
 21
-9027.165642754786
 31
0.0
100
AcDbText
 73
     1
  0
TEXT
  5
B1
330
2
100
AcDbEntity
  8
2
100
AcDbText
 10
36999.15628775432
 20
-9019.165642754786
 30
0.0
 40
4.0
  1
8
 41
0.7
  7
SIMPLEX
 72
     1
 11
37000.08962108766
 21
-9019.165642754786
 31
0.0
100
AcDbText
 73
     1
  0
TEXT
  5
B2
330
2
100
AcDbEntity
  8
2
100
AcDbText
 10
36999.15628775432
 20
-9011.165642754786
 30
0.0
 40
4.0
  1
7
 41
0.7
  7
SIMPLEX
 72
     1
 11
37000.08962108766
 21
-9011.165642754786
 31
0.0
100
AcDbText
 73
     1
  0
TEXT
  5
B3
330
2
100
AcDbEntity
  8
2
100
AcDbText
 10
36999.22295442099
 20
-9003.165642754786
 30
0.0
 40
4.0
  1
6
 41
0.7
  7
SIMPLEX
 72
     1
 11
37000.08962108766
 21
-9003.165642754786
 31
0.0
100
AcDbText
 73
     1
  0
TEXT
  5
B4
330
2
100
AcDbEntity
  8
2
100
AcDbText
 10
36999.15628775432
 20
-8995.165642754786
 30
0.0
 40
4.0
  1
5
 41
0.7
  7
SIMPLEX
 72
     1
 11
37000.08962108766
 21
-8995.165642754786
 31
0.0
100
AcDbText
 73
     1
  0
TEXT
  5
B5
330
2
100
AcDbEntity
  8
2
100
AcDbText
 10
36999.08962108766
 20
-8987.165642754786
 30
0.0
 40
4.0
  1
4
 41
0.7
  7
SIMPLEX
 72
     1
 11
37000.08962108766
 21
-8987.165642754786
 31
0.0
100
AcDbText
 73
     1
  0
TEXT
  5
B6
330
2
100
AcDbEntity
  8
2
100
AcDbText
 10
36999.15628775432
 20
-8979.165642754786
 30
0.0
 40
4.0
  1
3
 41
0.7
  7
SIMPLEX
 72
     1
 11
37000.08962108766
 21
-8979.165642754786
 31
0.0
100
AcDbText
 73
     1
  0
TEXT
  5
B7
330
2
100
AcDbEntity
  8
2
100
AcDbText
 10
36999.15628775432
 20
-8971.165642754786
 30
0.0
 40
4.0
  1
2
 41
0.7
  7
SIMPLEX
 72
     1
 11
37000.08962108766
 21
-8971.165642754786
 31
0.0
100
AcDbText
 73
     1
  0
TEXT
  5
B8
330
2
100
AcDbEntity
  8
2
100
AcDbText
 10
36999.75628775432
 20
-8963.165642754786
 30
0.0
 40
4.0
  1
1
 41
0.7
  7
SIMPLEX
 72
     1
 11
37000.08962108766
 21
-8963.165642754786
 31
0.0
100
AcDbText
 73
     1
  0
TEXT
  5
B9
330
2
100
AcDbEntity
  8
2
100
AcDbText
 10
36998.56330529818
 20
-9165.165642754786
 30
0.0
 40
4.0
  1
\M+5B1B8\M+5D7A2 \M+5A3BA
 41
0.7
  7
SIMPLEX
 72
     1
 11
37004.08962108766
 21
-9165.165642754786
 31
0.0
100
AcDbText
 73
     1
  0
TEXT
  5
BA
330
2
100
AcDbEntity
  8
2
100
AcDbText
 10
37148.95401153162
 20
-8954.051331884422
 30
0.0
 40
4.0
  1
\M+5B1B8   \M+5D7A2
 41
0.7
  7
SIMPLEX
 72
     1
 11
37155.45295890004
 21
-8954.051331884422
 31
0.0
100
AcDbText
 73
     1
  0
TEXT
  5
BB
330
2
100
AcDbEntity
  8
2
100
AcDbText
 10
37128.97420101588
 20
-8954.165642754786
 30
0.0
 40
4.0
  1
\M+5D5C5 \M+5CAFD
 41
0.7
  7
SIMPLEX
 72
     1
 11
37133.71946417377
 21
-8954.165642754786
 31
0.0
100
AcDbText
 73
     1
  0
TEXT
  5
BC
330
2
100
AcDbEntity
  8
2
100
AcDbText
 10
37060.39424918645
 20
-8954.165642754786
 30
0.0
 40
4.0
  1
\M+5CDBC                    \M+5C3FB
 41
0.7
  7
SIMPLEX
 72
     1
 11
37083.01530181802
 21
-8954.165642754786
 31
0.0
100
AcDbText
 73
     1
  0
TEXT
  5
BD
330
2
100
AcDbEntity
  8
2
100
AcDbText
 10
37009.36856845608
 20
-8954.165642754786
 30
0.0
 40
4.0
  1
\M+5CDBC           \M+5BAC5
 41
0.7
  7
SIMPLEX
 72
     1
 11
37023.58962108766
 21
-8954.165642754786
 31
0.0
100
AcDbText
 73
     1
  0
TEXT
  5
BE
330
2
100
AcDbEntity
  8
2
100
AcDbText
 10
36995.38856845608
 20
-8954.165642754786
 30
0.0
 40
4.0
  1
\M+5D0F2 \M+5BAC5
 41
0.7
  7
SIMPLEX
 72
     1
 11
37000.08962108766
 21
-8954.165642754786
 31
0.0
100
AcDbText
 73
     1
  0
TEXT
  5
BF
330
2
100
AcDbEntity
  8
2
100
AcDbText
 10
37043.5177345728
 20
-8942.330579430174
 30
0.0
 40
3.5
  1
\M+5C8D5
 41
0.7
  7
SIMPLEX
 72
     1
 11
37045.1424714149
 21
-8942.330579430174
 31
0.0
100
AcDbText
 73
     1
  0
TEXT
  5
C0
330
2
100
AcDbEntity
  8
2
100
AcDbText
 10
37028.45583211514
 20
-8942.748110702434
 30
0.0
 40
3.5
  1
\M+5D4C2
 41
0.7
  7
SIMPLEX
 72
     1
 11
37030.0676742204
 21
-8942.748110702434
 31
0.0
100
AcDbText
 73
     1
  0
TEXT
  5
C1
330
2
100
AcDbEntity
  8
2
100
AcDbText
 10
37015.03968284182
 20
-8942.330579430174
 30
0.0
 40
3.5
  1
\M+5C4EA
 41
0.7
  7
SIMPLEX
 72
     1
 11
37016.66441968392
 21
-8942.330579430174
 31
0.0
100
AcDbText
 73
     1
  0
TEXT
  5
C2
330
2
100
AcDbEntity
  8
2
100
AcDbText
 10
37109.96290258995
 20
-8941.879086728612
 30
0.0
 40
3.5
  1
\M+5B1BE      \M+5B0E6\M+5B4CE
 41
0.7
  7
SIMPLEX
 72
     1
 11
37119.77579732679
 21
-8941.879086728612
 31
0.0
100
AcDbText
 73
     1
  0
TEXT
  5
C3
330
2
100
AcDbEntity
  8
2
100
AcDbText
 10
37088.53968284183
 20
-8941.31645467626
 30
0.0
 40
3.5
  1
\M+5D5C5
 41
0.7
  7
SIMPLEX
 72
     1
 11
37090.16441968393
 21
-8941.31645467626
 31
0.0
100
AcDbText
 73
     1
  0
TEXT
  5
C4
330
2
100
AcDbEntity
  8
2
100
AcDbText
 10
37058.12896314331
 20
-8941.46155467626
 30
0.0
 40
3.5
  1
\M+5CDBC\M+5D6BD\M+5D5C5\M+5CAFD
 41
0.7
  7
SIMPLEX
 72
     1
 11
37064.82133156436
 21
-8941.46155467626
 31
0.0
100
AcDbText
 73
     1
  0
TEXT
  5
C5
330
2
100
AcDbEntity
  8
2
100
AcDbText
 10
37057.8787094082
 20
-8932.791428807126
 30
0.0
 40
3.5
  1
\M+5BEED\M+5B2E1\M+5C3FB\M+5B3C6
 41
0.7
  7
SIMPLEX
 72
     1
 11
37064.4034462503
 21
-8932.791428807126
 31
0.0
100
AcDbText
 73
     1
  0
TEXT
  5
C6
330
2
100
AcDbEntity
  8
2
100
AcDbText
 10
37164.86651779629
 20
-8912.588868173558
 30
0.0
 40
3.15
  1
\M+5D2B3
 41
0.7
  7
SIMPLEX
 72
     1
 11
37166.32878095419
 21
-8912.588868173558
 31
0.0
100
AcDbText
 73
     1
  0
TEXT
  5
C7
330
2
100
AcDbEntity
  8
2
100
AcDbText
 10
37155.42295055457
 20
-8912.585470726779
 30
0.0
 40
3.15
  1
\M+5B9B2
 41
0.7
  7
SIMPLEX
 72
     1
 11
37156.89681897562
 21
-8912.585470726779
 31
0.0
100
AcDbText
 73
     1
  0
TEXT
  5
C8
330
2
100
AcDbEntity
  8
2
100
AcDbText
 10
37164.92864984005
 20
-8906.413505378709
 30
0.0
 40
3.15
  1
\M+5D2B3
 41
0.7
  7
SIMPLEX
 72
     1
 11
37166.39091299795
 21
-8906.413505378709
 31
0.0
100
AcDbText
 73
     1
  0
TEXT
  5
C9
330
2
100
AcDbEntity
  8
2
100
AcDbText
 10
37155.15761456068
 20
-8906.309418346664
 30
0.0
 40
3.15
  1
\M+5B5DA
 41
0.7
  7
SIMPLEX
 72
     1
 11
37156.63148298174
 21
-8906.309418346664
 31
0.0
100
AcDbText
 73
     1
  0
TEXT
  5
CA
330
2
100
AcDbEntity
  8
2
100
AcDbText
 10
37009.24215660196
 20
-8920.488036983406
 30
0.0
 40
4.0
  1
\M+5BEED  \M+5B2E1  \M+5BCEC  \M+5CBF7  \M+5BAC5
 41
0.7
  7
SIMPLEX
 72
     1
 11
37026.07163028616
 21
-8920.488036983406
 31
0.0
100
AcDbText
 73
     1
  0
LINE
  5
CB
330
2
100
AcDbEntity
  8
0
100
AcDbLine
 10
37004.07163168794
 20
-8922.888036203316
 30
0.0
 11
37048.07163168794
 21
-8922.888036203316
 31
0.0
  0
LINE
  5
CC
330
2
100
AcDbEntity
  8
0
100
AcDbLine
 10
37004.07163168794
 20
-8914.088036203317
 30
0.0
 11
37048.07163168794
 21
-8914.088036203317
 31
0.0
  0
LINE
  5
CD
330
2
100
AcDbEntity
  8
0
100
AcDbLine
 10
37048.07163168794
 20
-8932.488036203316
 30
0.0
 11
37048.07163168794
 21
-8914.088036203317
 31
0.0
  0
LINE
  5
CE
330
2
100
AcDbEntity
  8
0
100
AcDbLine
 10
37004.07163168794
 20
-8932.488036203316
 30
0.0
 11
37048.07163168794
 21
-8932.488036203316
 31
0.0
  0
LINE
  5
CF
330
2
100
AcDbEntity
  8
0
100
AcDbLine
 10
37004.07163168794
 20
-8914.088036203317
 30
0.0
 11
37004.07163168794
 21
-8932.488036203316
 31
0.0
  0
LINE
  5
D0
330
2
100
AcDbEntity
  8
0
100
AcDbLine
 10
36994.35602674334
 20
-8898.098034084504
 30
0.0
 11
37174.35602674334
 21
-8898.098034084504
 31
0.0
  0
LINE
  5
D1
330
2
100
AcDbEntity
  8
0
100
AcDbLine
 10
37159.64091299795
 20
-8906.413505378709
 30
0.0
 11
37164.14091299795
 21
-8906.413505378709
 31
0.0
  0
LINE
  5
D2
330
2
100
AcDbEntity
  8
0
100
AcDbLine
 10
37065.15781623845
 20
-8921.701693078654
 30
0.0
 11
37125.33339257822
 21
-8921.701693078654
 31
0.0
  0
LINE
  5
D3
330
2
100
AcDbEntity
  8
0
100
AcDbLine
 10
37074.4034462503
 20
-8932.791428807126
 30
0.0
 11
37149.4034462503
 21
-8932.791428807126
 31
0.0
  0
LINE
  5
D4
330
2
100
AcDbEntity
  8
0
100
AcDbLine
 10
37132.79042670259
 20
-8941.044022623908
 30
0.0
 11
37142.79042670259
 21
-8941.044022623908
 31
0.0
  0
LINE
  5
D5
330
2
100
AcDbEntity
  8
0
100
AcDbLine
 10
37097.1790504615
 20
-8941.46155467626
 30
0.0
 11
37107.1790504615
 21
-8941.46155467626
 31
0.0
  0
LINE
  5
D6
330
2
100
AcDbEntity
  8
0
100
AcDbLine
 10
37076.07499031008
 20
-8941.46155467626
 30
0.0
 11
37086.07499031008
 21
-8941.46155467626
 31
0.0
  0
LINE
  5
D7
330
2
100
AcDbEntity
  8
0
100
AcDbLine
 10
37034.65214205361
 20
-8942.748110702434
 30
0.0
 11
37043.8961315624
 21
-8942.748110702434
 31
0.0
  0
LINE
  5
D8
330
2
100
AcDbEntity
  8
0
100
AcDbLine
 10
37018.3286490558
 20
-8942.748111482526
 30
0.0
 11
37028.38385253032
 21
-8942.748111482526
 31
0.0
  0
LINE
  5
D9
330
2
100
AcDbEntity
  8
0
100
AcDbLine
 10
36999.13183568943
 20
-8943.165642754786
 30
0.0
 11
37013.74653436987
 21
-8943.165642754786
 31
0.0
  0
LINE
  5
DA
330
2
100
AcDbEntity
  8
0
100
AcDbLine
 10
37139.54375253026
 20
-8947.165642754786
 30
0.0
 11
37139.54375253026
 21
-9157.165642754786
 31
0.0
  0
LINE
  5
DB
330
2
100
AcDbEntity
  8
0
100
AcDbLine
 10
37128.29517708853
 20
-8947.165642754786
 30
0.0
 11
37128.29517708853
 21
-9157.165642754786
 31
0.0
  0
LINE
  5
DC
330
2
100
AcDbEntity
  8
0
100
AcDbLine
 10
37041.08962108766
 20
-8947.165642754786
 30
0.0
 11
37041.08962108766
 21
-9157.165642754786
 31
0.0
  0
LINE
  5
DD
330
2
100
AcDbEntity
  8
0
100
AcDbLine
 10
37006.08962108766
 20
-8947.165642754786
 30
0.0
 11
37006.08962108766
 21
-9157.165642754786
 31
0.0
  0
LINE
  5
DE
330
2
100
AcDbEntity
  8
0
100
AcDbLine
 10
36994.08962108766
 20
-8965.165642754786
 30
0.0
 11
37174.08962108766
 21
-8965.165642754786
 31
0.0
  0
LINE
  5
DF
330
2
100
AcDbEntity
  8
0
100
AcDbLine
 10
36994.08962108766
 20
-8973.165642754786
 30
0.0
 11
37174.08962108766
 21
-8973.165642754786
 31
0.0
  0
LINE
  5
E0
330
2
100
AcDbEntity
  8
0
100
AcDbLine
 10
36994.08962108766
 20
-8981.165642754786
 30
0.0
 11
37174.08962108766
 21
-8981.165642754786
 31
0.0
  0
LINE
  5
E1
330
2
100
AcDbEntity
  8
0
100
AcDbLine
 10
36994.08962108766
 20
-8989.165642754786
 30
0.0
 11
37174.08962108766
 21
-8989.165642754786
 31
0.0
  0
LINE
  5
E2
330
2
100
AcDbEntity
  8
0
100
AcDbLine
 10
36994.08962108766
 20
-8997.165642754786
 30
0.0
 11
37174.08962108766
 21
-8997.165642754786
 31
0.0
  0
LINE
  5
E3
330
2
100
AcDbEntity
  8
0
100
AcDbLine
 10
36994.08962108766
 20
-9005.165642754786
 30
0.0
 11
37174.08962108766
 21
-9005.165642754786
 31
0.0
  0
LINE
  5
E4
330
2
100
AcDbEntity
  8
0
100
AcDbLine
 10
36994.08962108766
 20
-9013.165642754786
 30
0.0
 11
37174.08962108766
 21
-9013.165642754786
 31
0.0
  0
LINE
  5
E5
330
2
100
AcDbEntity
  8
0
100
AcDbLine
 10
36994.08962108766
 20
-9021.165642754786
 30
0.0
 11
37174.08962108766
 21
-9021.165642754786
 31
0.0
  0
LINE
  5
E6
330
2
100
AcDbEntity
  8
0
100
AcDbLine
 10
36994.08962108766
 20
-9029.165642754786
 30
0.0
 11
37174.08962108766
 21
-9029.165642754786
 31
0.0
  0
LINE
  5
E7
330
2
100
AcDbEntity
  8
0
100
AcDbLine
 10
36994.08962108766
 20
-9037.165642754786
 30
0.0
 11
37174.08962108766
 21
-9037.165642754786
 31
0.0
  0
LINE
  5
E8
330
2
100
AcDbEntity
  8
0
100
AcDbLine
 10
36994.08962108766
 20
-9045.165642754786
 30
0.0
 11
37174.08962108766
 21
-9045.165642754786
 31
0.0
  0
LINE
  5
E9
330
2
100
AcDbEntity
  8
0
100
AcDbLine
 10
36994.08962108766
 20
-9053.165642754786
 30
0.0
 11
37174.08962108766
 21
-9053.165642754786
 31
0.0
  0
LINE
  5
EA
330
2
100
AcDbEntity
  8
0
100
AcDbLine
 10
36994.08962108766
 20
-9061.165642754786
 30
0.0
 11
37174.08962108766
 21
-9061.165642754786
 31
0.0
  0
LINE
  5
EB
330
2
100
AcDbEntity
  8
0
100
AcDbLine
 10
36994.08962108766
 20
-9069.165642754786
 30
0.0
 11
37174.08962108766
 21
-9069.165642754786
 31
0.0
  0
LINE
  5
EC
330
2
100
AcDbEntity
  8
0
100
AcDbLine
 10
36994.08962108766
 20
-9077.165642754786
 30
0.0
 11
37174.08962108766
 21
-9077.165642754786
 31
0.0
  0
LINE
  5
ED
330
2
100
AcDbEntity
  8
0
100
AcDbLine
 10
36994.08962108766
 20
-9085.165642754786
 30
0.0
 11
37174.08962108766
 21
-9085.165642754786
 31
0.0
  0
LINE
  5
EE
330
2
100
AcDbEntity
  8
0
100
AcDbLine
 10
36994.08962108766
 20
-9093.165642754786
 30
0.0
 11
37174.08962108766
 21
-9093.165642754786
 31
0.0
  0
LINE
  5
EF
330
2
100
AcDbEntity
  8
0
100
AcDbLine
 10
36994.08962108766
 20
-9101.165642754786
 30
0.0
 11
37174.08962108766
 21
-9101.165642754786
 31
0.0
  0
LINE
  5
F0
330
2
100
AcDbEntity
  8
0
100
AcDbLine
 10
36994.08962108766
 20
-9109.165642754786
 30
0.0
 11
37174.08962108766
 21
-9109.165642754786
 31
0.0
  0
LINE
  5
F1
330
2
100
AcDbEntity
  8
0
100
AcDbLine
 10
36994.08962108766
 20
-9117.165642754786
 30
0.0
 11
37174.08962108766
 21
-9117.165642754786
 31
0.0
  0
LINE
  5
F2
330
2
100
AcDbEntity
  8
0
100
AcDbLine
 10
36994.08962108766
 20
-9125.165642754786
 30
0.0
 11
37174.08962108766
 21
-9125.165642754786
 31
0.0
  0
LINE
  5
F3
330
2
100
AcDbEntity
  8
0
100
AcDbLine
 10
36994.08962108766
 20
-9133.165642754786
 30
0.0
 11
37174.08962108766
 21
-9133.165642754786
 31
0.0
  0
LINE
  5
F4
330
2
100
AcDbEntity
  8
0
100
AcDbLine
 10
36994.08962108766
 20
-9141.165642754786
 30
0.0
 11
37174.08962108766
 21
-9141.165642754786
 31
0.0
  0
LINE
  5
F5
330
2
100
AcDbEntity
  8
0
100
AcDbLine
 10
36994.08962108766
 20
-9149.165642754786
 30
0.0
 11
37174.08962108766
 21
-9149.165642754786
 31
0.0
  0
LINE
  5
F6
330
2
100
AcDbEntity
  8
0
100
AcDbLine
 10
37174.08962108766
 20
-8957.165642754786
 30
0.0
 11
36994.08962108766
 21
-8957.165642754786
 31
0.0
  0
LINE
  5
F7
330
2
100
AcDbEntity
  8
0
100
AcDbLine
 10
37174.08962108766
 20
-8947.165642754786
 30
0.0
 11
36994.08962108766
 21
-8947.165642754786
 31
0.0
  0
LINE
  5
F8
330
2
100
AcDbEntity
  8
0
100
AcDbLine
 10
37174.08962108766
 20
-9157.165642754786
 30
0.0
 11
36994.08962108766
 21
-9157.165642754786
 31
0.0
  0
LINE
  5
F9
330
2
100
AcDbEntity
  8
0
100
AcDbLine
 10
37174.08962108766
 20
-9169.165642754786
 30
0.0
 11
36994.08962108766
 21
-9169.165642754786
 31
0.0
  0
TEXT
  5
FA
330
2
100
AcDbEntity
  8
2
100
AcDbText
 10
36998.15628775433
 20
-9107.165642754786
 30
0.0
 40
4.0
  1
19
 41
0.7
  7
SIMPLEX
 72
     1
 11
37000.08962108766
 21
-9107.165642754786
 31
0.0
100
AcDbText
 73
     1
  0
TEXT
  5
FB
330
2
100
AcDbEntity
  8
2
100
AcDbText
 10
36997.82295442099
 20
-9115.165642754786
 30
0.0
 40
4.0
  1
20
 41
0.7
  7
SIMPLEX
 72
     1
 11
37000.08962108766
 21
-9115.165642754786
 31
0.0
100
AcDbText
 73
     1
  0
TEXT
  5
FC
330
2
100
AcDbEntity
  8
2
100
AcDbText
 10
36998.422954421
 20
-9123.165642754786
 30
0.0
 40
4.0
  1
21
 41
0.7
  7
SIMPLEX
 72
     1
 11
37000.08962108766
 21
-9123.165642754786
 31
0.0
100
AcDbText
 73
     1
  0
TEXT
  5
FD
330
2
100
AcDbEntity
  8
2
100
AcDbText
 10
36997.82295442099
 20
-9131.165642754786
 30
0.0
 40
4.0
  1
22
 41
0.7
  7
SIMPLEX
 72
     1
 11
37000.08962108766
 21
-9131.165642754786
 31
0.0
100
AcDbText
 73
     1
  0
TEXT
  5
FE
330
2
100
AcDbEntity
  8
2
100
AcDbText
 10
36997.82295442099
 20
-9139.165642754786
 30
0.0
 40
4.0
  1
23
 41
0.7
  7
SIMPLEX
 72
     1
 11
37000.08962108766
 21
-9139.165642754786
 31
0.0
100
AcDbText
 73
     1
  0
TEXT
  5
FF
330
2
100
AcDbEntity
  8
2
100
AcDbText
 10
36997.75628775433
 20
-9147.165642754786
 30
0.0
 40
4.0
  1
24
 41
0.7
  7
SIMPLEX
 72
     1
 11
37000.08962108766
 21
-9147.165642754786
 31
0.0
100
AcDbText
 73
     1
  0
TEXT
  5
100
330
2
100
AcDbEntity
  8
2
100
AcDbText
 10
36997.82295442099
 20
-9155.165642754786
 30
0.0
 40
4.0
  1
25
 41
0.7
  7
SIMPLEX
 72
     1
 11
37000.08962108766
 21
-9155.165642754786
 31
0.0
100
AcDbText
 73
     1
  0
TEXT
  5
101
330
2
100
AcDbEntity
  8
2
100
AcDbText
 10
37133.38613084043
 20
-9123.165642754786
 30
0.0
 40
4.0
  1
1
 41
0.7
  7
SIMPLEX
 72
     1
 11
37133.71946417377
 21
-9123.165642754786
 31
0.0
100
AcDbText
 73
     1
  0
TEXT
  5
102
330
2
100
AcDbEntity
  8
2
100
AcDbText
 10
37133.38613084043
 20
-9131.165642754786
 30
0.0
 40
4.0
  1
1
 41
0.7
  7
SIMPLEX
 72
     1
 11
37133.71946417377
 21
-9131.165642754786
 31
0.0
100
AcDbText
 73
     1
  0
TEXT
  5
103
330
2
100
AcDbEntity
  8
2
100
AcDbText
 10
37133.38613084043
 20
-9139.165642754786
 30
0.0
 40
4.0
  1
1
 41
0.7
  7
SIMPLEX
 72
     1
 11
37133.71946417377
 21
-9139.165642754786
 31
0.0
100
AcDbText
 73
     1
  0
TEXT
  5
104
330
2
100
AcDbEntity
  8
2
100
AcDbText
 10
37133.38613084043
 20
-9147.165642754786
 30
0.0
 40
4.0
  1
1
 41
0.7
  7
SIMPLEX
 72
     1
 11
37133.71946417377
 21
-9147.165642754786
 31
0.0
100
AcDbText
 73
     1
  0
TEXT
  5
105
330
2
100
AcDbEntity
  8
2
100
AcDbText
 10
37133.38613084043
 20
-9155.165642754786
 30
0.0
 40
4.0
  1
1
 41
0.7
  7
SIMPLEX
 72
     1
 11
37133.71946417377
 21
-9155.165642754786
 31
0.0
100
AcDbText
 73
     1
  0
TEXT
  5
106
330
2
100
AcDbEntity
  8
0
100
AcDbText
 10
37045.96903501738
 20
-9026.736336230788
 30
0.0
 40
3.0
  1
35A1-JC1\M+5D7AA\M+5BDC7\M+5CBFE\M+5C9ED\M+5B2BF\M+5BDE1\M+5B9B9\M+5CDBC
 41
0.7
100
AcDbText
  0
TEXT
  5
107
330
2
100
AcDbEntity
  8
0
100
AcDbText
 10
37123.81365214061
 20
-9034.185736837033
 30
0.0
 40
3.0
  1
8
 41
0.7
 72
     1
 11
37124.51365214061
 21
-9034.185736837033
 31
0.0
100
AcDbText
  0
CIRCLE
  5
108
330
2
100
AcDbEntity
  8
0
100
AcDbCircle
 10
37124.49988094117
 20
-9032.696252036374
 30
0.0
 40
2.510250704332975
  0
TEXT
  5
109
330
2
100
AcDbEntity
  8
0
100
AcDbText
 10
37045.96903501738
 20
-9018.736336230788
 30
0.0
 40
3.0
  1
35A1-JC1\M+5D7AA\M+5BDC7\M+5CBFE\M+5C9ED\M+5B2BF\M+5BDE1\M+5B9B9\M+5CDBC
 41
0.7
100
AcDbText
  0
TEXT
  5
10A
330
2
100
AcDbEntity
  8
0
100
AcDbText
 10
37123.81365214061
 20
-9026.185736837033
 30
0.0
 40
3.0
  1
7
 41
0.7
 72
     1
 11
37124.51365214061
 21
-9026.185736837033
 31
0.0
100
AcDbText
  0
CIRCLE
  5
10B
330
2
100
AcDbEntity
  8
0
100
AcDbCircle
 10
37124.49988094117
 20
-9024.696252036374
 30
0.0
 40
2.510250704332975
  0
TEXT
  5
10C
330
2
100
AcDbEntity
  8
0
100
AcDbText
 10
37045.96903501738
 20
-9010.736336230788
 30
0.0
 40
3.0
  1
35A1-JC1\M+5D7AA\M+5BDC7\M+5CBFE\M+5C9ED\M+5B2BF\M+5BDE1\M+5B9B9\M+5CDBC
 41
0.7
100
AcDbText
  0
TEXT
  5
10D
330
2
100
AcDbEntity
  8
0
100
AcDbText
 10
37123.86365214061
 20
-9018.185736837033
 30
0.0
 40
3.0
  1
6
 41
0.7
 72
     1
 11
37124.51365214061
 21
-9018.185736837033
 31
0.0
100
AcDbText
  0
CIRCLE
  5
10E
330
2
100
AcDbEntity
  8
0
100
AcDbCircle
 10
37124.49988094117
 20
-9016.696252036374
 30
0.0
 40
2.510250704332975
  0
TEXT
  5
10F
330
2
100
AcDbEntity
  8
0
100
AcDbText
 10
37045.96903501738
 20
-9002.736336230788
 30
0.0
 40
3.0
  1
35A1-JC1\M+5D7AA\M+5BDC7\M+5CBFE\M+5C9ED\M+5B2BF\M+5BDE1\M+5B9B9\M+5CDBC
 41
0.7
100
AcDbText
  0
TEXT
  5
110
330
2
100
AcDbEntity
  8
0
100
AcDbText
 10
37123.81365214061
 20
-9010.185736837033
 30
0.0
 40
3.0
  1
5
 41
0.7
 72
     1
 11
37124.51365214061
 21
-9010.185736837033
 31
0.0
100
AcDbText
  0
CIRCLE
  5
111
330
2
100
AcDbEntity
  8
0
100
AcDbCircle
 10
37124.49988094117
 20
-9008.696252036374
 30
0.0
 40
2.510250704332975
  0
TEXT
  5
112
330
2
100
AcDbEntity
  8
0
100
AcDbText
 10
37045.96903501738
 20
-8994.736336230788
 30
0.0
 40
3.0
  1
35A1-JC1\M+5D7AA\M+5BDC7\M+5CBFE\M+5C9ED\M+5B2BF\M+5BDE1\M+5B9B9\M+5CDBC
 41
0.7
100
AcDbText
  0
TEXT
  5
113
330
2
100
AcDbEntity
  8
0
100
AcDbText
 10
37123.76365214061
 20
-9002.185736837033
 30
0.0
 40
3.0
  1
4
 41
0.7
 72
     1
 11
37124.51365214061
 21
-9002.185736837033
 31
0.0
100
AcDbText
  0
CIRCLE
  5
114
330
2
100
AcDbEntity
  8
0
100
AcDbCircle
 10
37124.49988094117
 20
-9000.696252036374
 30
0.0
 40
2.510250704332975
  0
TEXT
  5
115
330
2
100
AcDbEntity
  8
0
100
AcDbText
 10
37123.81365214061
 20
-8994.18573683703
 30
0.0
 40
3.0
  1
3
 41
0.7
 72
     1
 11
37124.51365214061
 21
-8994.18573683703
 31
0.0
100
AcDbText
  0
CIRCLE
  5
116
330
2
100
AcDbEntity
  8
0
100
AcDbCircle
 10
37124.49988094117
 20
-8992.69625203637
 30
0.0
 40
2.510250704332975
  0
CIRCLE
  5
117
330
2
100
AcDbEntity
  8
0
100
AcDbCircle
 10
37124.49988094117
 20
-8984.696252036372
 30
0.0
 40
2.510250704332975
  0
TEXT
  5
118
330
2
100
AcDbEntity
  8
0
100
AcDbText
 10
37123.81365214061
 20
-8986.185736837031
 30
0.0
 40
3.0
  1
2
 41
0.7
 72
     1
 11
37124.51365214061
 21
-8986.185736837031
 31
0.0
100
AcDbText
  0
TEXT
  5
119
330
2
100
AcDbEntity
  8
0
100
AcDbText
 10
37124.26365214061
 20
-8978.185736837033
 30
0.0
 40
3.0
  1
1
 41
0.7
 72
     1
 11
37124.51365214061
 21
-8978.185736837033
 31
0.0
100
AcDbText
  0
CIRCLE
  5
11A
330
2
100
AcDbEntity
  8
0
100
AcDbCircle
 10
37124.49988094117
 20
-8976.696252036374
 30
0.0
 40
2.510250704332975
  0
TEXT
  5
11B
330
2
100
AcDbEntity
  8
0
100
AcDbText
 10
37045.96903501738
 20
-8978.736336230788
 30
0.0
 40
3.0
  1
35A1-JC1\M+5D7AA\M+5BDC7\M+5CBFE\M+5CDB7\M+5B2BF\M+5BDE1\M+5B9B9\M+5CDBC
 41
0.7
100
AcDbText
  0
CIRCLE
  5
11C
330
2
100
AcDbEntity
  8
0
100
AcDbCircle
 10
37124.49988094117
 20
-9040.696252036374
 30
0.0
 40
2.510250704332975
  0
TEXT
  5
11D
330
2
100
AcDbEntity
  8
0
100
AcDbText
 10
37123.86365214061
 20
-9042.185736837033
 30
0.0
 40
3.0
  1
9
 41
0.7
 72
     1
 11
37124.51365214061
 21
-9042.185736837033
 31
0.0
100
AcDbText
  0
TEXT
  5
11E
330
2
100
AcDbEntity
  8
0
100
AcDbText
 10
37045.96903501738
 20
-9034.736336230788
 30
0.0
 40
3.0
  1
35A1-JC1\M+5D7AA\M+5BDC7\M+5CBFE\M+5C9ED\M+5B2BF\M+5BDE1\M+5B9B9\M+5CDBC
 41
0.7
100
AcDbText
  0
TEXT
  5
11F
330
2
100
AcDbEntity
  8
0
100
AcDbText
 10
37045.84197778952
 20
-8970.88894735976
 30
0.0
 40
3.0
  1
35A1-JC1\M+5D7AA\M+5BDC7\M+5CBFE\M+5D7DC\M+5CDBC\M+5BCB0\M+5B2C4\M+5C1CF\M+5BBE3\M+5D7DC\M+5B1ED\M+5A3A8\M+5B6FE\M+5A3A9
 41
0.7
100
AcDbText
  0
TEXT
  5
120
330
2
100
AcDbEntity
  8
0
100
AcDbText
 10
37046.26420368842
 20
-8962.736349051349
 30
0.0
 40
3.0
  1
35A1-JC1\M+5D7AA\M+5BDC7\M+5CBFE\M+5D7DC\M+5CDBC\M+5BCB0\M+5B2C4\M+5C1CF\M+5BBE3\M+5D7DC\M+5B1ED\M+5A3A8\M+5D2BB\M+5A3A9
 41
0.7
100
AcDbText
  0
CIRCLE
  5
121
330
2
100
AcDbEntity
  8
0
100
AcDbCircle
 10
37124.44091018078
 20
-9057.088411446466
 30
0.0
 40
2.510250704332975
  0
TEXT
  5
122
330
2
100
AcDbEntity
  8
0
100
AcDbText
 10
37123.40468138028
 20
-9058.577896247121
 30
0.0
 40
3.0
  1
11
 41
0.7
 72
     1
 11
37124.45468138028
 21
-9058.577896247121
 31
0.0
100
AcDbText
  0
TEXT
  5
123
330
2
100
AcDbEntity
  8
0
100
AcDbText
 10
37045.96903501738
 20
-9051.072295606724
 30
0.0
 40
3.0
  1
35A1-JC1\M+5D7AA\M+5BDC7\M+5CBFE\M+5C9ED\M+5B2BF\M+5BDE1\M+5B9B9\M+5CDBC
 41
0.7
100
AcDbText
  0
CIRCLE
  5
124
330
2
100
AcDbEntity
  8
0
100
AcDbCircle
 10
37124.45922238366
 20
-9064.958554405936
 30
0.0
 40
2.510250704332975
  0
TEXT
  5
125
330
2
100
AcDbEntity
  8
0
100
AcDbText
 10
37122.97299358317
 20
-9066.44803920659
 30
0.0
 40
3.0
  1
12
 41
0.7
 72
     1
 11
37124.47299358317
 21
-9066.44803920659
 31
0.0
100
AcDbText
  0
TEXT
  5
126
330
2
100
AcDbEntity
  8
0
100
AcDbText
 10
37045.96903501738
 20
-9058.942438566197
 30
0.0
 40
3.0
  1
35A1-JC1\M+5D7AA\M+5BDC7\M+5CBFE\M+5C9ED\M+5B2BF\M+5BDE1\M+5B9B9\M+5CDBC
 41
0.7
100
AcDbText
  0
TEXT
  5
127
330
2
100
AcDbEntity
  8
0
100
AcDbText
 10
37007.84992236956
 20
-8963.009436206938
 30
0.0
 40
3.0
  1
35A1-JC1-01(1/2)
 41
0.7
  7
SIMPLEX
 72
     1
 11
37022.74992236957
 21
-8963.009436206938
 31
0.0
100
AcDbText
  0
TEXT
  5
128
330
2
100
AcDbEntity
  8
0
100
AcDbText
 10
37011.89992236957
 20
-8978.760930363049
 30
0.0
 40
3.0
  1
35A1-JC1-02
 41
0.7
  7
SIMPLEX
 72
     1
 11
37022.74992236957
 21
-8978.760930363049
 31
0.0
100
AcDbText
  0
TEXT
  5
129
330
2
100
AcDbEntity
  8
0
100
AcDbText
 10
37045.96903501738
 20
-9042.736336230786
 30
0.0
 40
3.0
  1
35A1-JC1\M+5D7AA\M+5BDC7\M+5CBFE\M+5C9ED\M+5B2BF\M+5BDE1\M+5B9B9\M+5CDBC
 41
0.7
100
AcDbText
  0
CIRCLE
  5
12A
330
2
100
AcDbEntity
  8
0
100
AcDbCircle
 10
37124.49988094117
 20
-9048.69625203637
 30
0.0
 40
2.510250704332975
  0
TEXT
  5
12B
330
2
100
AcDbEntity
  8
0
100
AcDbText
 10
37123.01365214061
 20
-9050.18573683703
 30
0.0
 40
3.0
  1
10
 41
0.7
 72
     1
 11
37124.51365214061
 21
-9050.18573683703
 31
0.0
100
AcDbText
  0
TEXT
  5
12C
330
2
100
AcDbEntity
  8
0
100
AcDbText
 10
37007.64992236957
 20
-8971.009436206938
 30
0.0
 40
3.0
  1
35A1-JC1-01(2/2)
 41
0.7
  7
SIMPLEX
 72
     1
 11
37022.74992236957
 21
-8971.009436206938
 31
0.0
100
AcDbText
  0
TEXT
  5
12D
330
2
100
AcDbEntity
  8
0
100
AcDbText
 10
37045.96903501738
 20
-8986.736336230788
 30
0.0
 40
3.0
  1
35A1-JC1\M+5D7AA\M+5BDC7\M+5CBFE\M+5BAE1\M+5B5A3\M+5BDE1\M+5B9B9\M+5CDBC
 41
0.7
100
AcDbText
  0
CIRCLE
  5
12E
330
2
100
AcDbEntity
  8
0
100
AcDbCircle
 10
37124.57017497067
 20
-9153.123543096812
 30
0.0
 40
2.510250704332975
  0
TEXT
  5
12F
330
2
100
AcDbEntity
  8
0
100
AcDbText
 10
37122.88394617018
 20
-9154.613027897465
 30
0.0
 40
3.0
  1
23
 41
0.7
 72
     1
 11
37124.58394617018
 21
-9154.613027897465
 31
0.0
100
AcDbText
  0
CIRCLE
  5
130
330
2
100
AcDbEntity
  8
0
100
AcDbCircle
 10
37124.5662216337
 20
-9089.082272548285
 30
0.0
 40
2.510250704332975
  0
TEXT
  5
131
330
2
100
AcDbEntity
  8
0
100
AcDbText
 10
37123.07999283321
 20
-9090.57175734894
 30
0.0
 40
3.0
  1
15
 41
0.7
 72
     1
 11
37124.57999283321
 21
-9090.57175734894
 31
0.0
100
AcDbText
  0
TEXT
  5
132
330
2
100
AcDbEntity
  8
0
100
AcDbText
 10
37045.96903501738
 20
-9122.942438566197
 30
0.0
 40
3.0
  1
35A1-JC1\M+5D7AA\M+5BDC7\M+5CBFE15.0-1.0m\M+5CDC8\M+5B2BF\M+5BDE1\M+5B9B9\M+5CDBC
 41
0.7
100
AcDbText
  0
CIRCLE
  5
133
330
2
100
AcDbEntity
  8
0
100
AcDbCircle
 10
37124.54790943083
 20
-9097.212129588816
 30
0.0
 40
2.510250704332975
  0
TEXT
  5
134
330
2
100
AcDbEntity
  8
0
100
AcDbText
 10
37123.11168063034
 20
-9098.70161438947
 30
0.0
 40
3.0
  1
16
 41
0.7
 72
     1
 11
37124.56168063033
 21
-9098.70161438947
 31
0.0
100
AcDbText
  0
TEXT
  5
135
330
2
100
AcDbEntity
  8
0
100
AcDbText
 10
37045.96903501739
 20
-9131.072295606724
 30
0.0
 40
3.0
  1
35A1-JC1\M+5D7AA\M+5BDC7\M+5CBFE15.0-0.0m\M+5CDC8\M+5B2BF\M+5BDE1\M+5B9B9\M+5CDBC
 41
0.7
100
AcDbText
  0
CIRCLE
  5
136
330
2
100
AcDbEntity
  8
0
100
AcDbCircle
 10
37124.56622163371
 20
-9105.082272548285
 30
0.0
 40
2.510250704332975
  0
TEXT
  5
137
330
2
100
AcDbEntity
  8
0
100
AcDbText
 10
37123.07999283322
 20
-9106.57175734894
 30
0.0
 40
3.0
  1
17
 41
0.7
 72
     1
 11
37124.57999283322
 21
-9106.57175734894
 31
0.0
100
AcDbText
  0
CIRCLE
  5
138
330
2
100
AcDbEntity
  8
0
100
AcDbCircle
 10
37124.54790943082
 20
-9121.212129588816
 30
0.0
 40
2.510250704332975
  0
TEXT
  5
139
330
2
100
AcDbEntity
  8
0
100
AcDbText
 10
37123.11168063033
 20
-9122.70161438947
 30
0.0
 40
3.0
  1
19
 41
0.7
 72
     1
 11
37124.56168063032
 21
-9122.70161438947
 31
0.0
100
AcDbText
  0
CIRCLE
  5
13A
330
2
100
AcDbEntity
  8
0
100
AcDbCircle
 10
37124.57545342251
 20
-9113.191038519408
 30
0.0
 40
2.510250704332975
  0
TEXT
  5
13B
330
2
100
AcDbEntity
  8
0
100
AcDbText
 10
37123.08922462201
 20
-9114.680523320065
 30
0.0
 40
3.0
  1
18
 41
0.7
 72
     1
 11
37124.58922462201
 21
-9114.680523320065
 31
0.0
100
AcDbText
  0
CIRCLE
  5
13C
330
2
100
AcDbEntity
  8
0
100
AcDbCircle
 10
37124.57545342251
 20
-9129.191038519408
 30
0.0
 40
2.510250704332975
  0
TEXT
  5
13D
330
2
100
AcDbEntity
  8
0
100
AcDbText
 10
37122.88922462202
 20
-9130.680523320065
 30
0.0
 40
3.0
  1
20
 41
0.7
 72
     1
 11
37124.58922462201
 21
-9130.680523320065
 31
0.0
100
AcDbText
  0
CIRCLE
  5
13E
330
2
100
AcDbEntity
  8
0
100
AcDbCircle
 10
37124.47606923863
 20
-9137.369008084697
 30
0.0
 40
2.510250704332975
  0
TEXT
  5
13F
330
2
100
AcDbEntity
  8
0
100
AcDbText
 10
37123.23984043813
 20
-9138.858492885352
 30
0.0
 40
3.0
  1
21
 41
0.7
 72
     1
 11
37124.48984043813
 21
-9138.858492885352
 31
0.0
100
AcDbText
  0
CIRCLE
  5
140
330
2
100
AcDbEntity
  8
0
100
AcDbCircle
 10
37124.57545342251
 20
-9145.191038519408
 30
0.0
 40
2.510250704332975
  0
TEXT
  5
141
330
2
100
AcDbEntity
  8
0
100
AcDbText
 10
37122.88922462202
 20
-9146.680523320065
 30
0.0
 40
3.0
  1
22
 41
0.7
 72
     1
 11
37124.58922462201
 21
-9146.680523320065
 31
0.0
100
AcDbText
  0
TEXT
  5
142
330
2
100
AcDbEntity
  8
0
100
AcDbText
 10
37011.89992236957
 20
-8986.760930363049
 30
0.0
 40
3.0
  1
35A1-JC1-03
 41
0.7
  7
SIMPLEX
 72
     1
 11
37022.74992236957
 21
-8986.760930363049
 31
0.0
100
AcDbText
  0
TEXT
  5
143
330
2
100
AcDbEntity
  8
0
100
AcDbText
 10
37011.84992236956
 20
-8994.760930363049
 30
0.0
 40
3.0
  1
35A1-JC1-04
 41
0.7
  7
SIMPLEX
 72
     1
 11
37022.74992236957
 21
-8994.760930363049
 31
0.0
100
AcDbText
  0
TEXT
  5
144
330
2
100
AcDbEntity
  8
0
100
AcDbText
 10
37011.89992236957
 20
-9002.760930363049
 30
0.0
 40
3.0
  1
35A1-JC1-05
 41
0.7
  7
SIMPLEX
 72
     1
 11
37022.74992236957
 21
-9002.760930363049
 31
0.0
100
AcDbText
  0
TEXT
  5
145
330
2
100
AcDbEntity
  8
0
100
AcDbText
 10
37011.94992236956
 20
-9010.760930363049
 30
0.0
 40
3.0
  1
35A1-JC1-06
 41
0.7
  7
SIMPLEX
 72
     1
 11
37022.74992236957
 21
-9010.760930363049
 31
0.0
100
AcDbText
  0
TEXT
  5
146
330
2
100
AcDbEntity
  8
0
100
AcDbText
 10
37011.89992236957
 20
-9018.760930363049
 30
0.0
 40
3.0
  1
35A1-JC1-07
 41
0.7
  7
SIMPLEX
 72
     1
 11
37022.74992236957
 21
-9018.760930363049
 31
0.0
100
AcDbText
  0
TEXT
  5
147
330
2
100
AcDbEntity
  8
0
100
AcDbText
 10
37011.89992236957
 20
-9026.760930363049
 30
0.0
 40
3.0
  1
35A1-JC1-08
 41
0.7
  7
SIMPLEX
 72
     1
 11
37022.74992236957
 21
-9026.760930363049
 31
0.0
100
AcDbText
  0
TEXT
  5
148
330
2
100
AcDbEntity
  8
0
100
AcDbText
 10
37011.94992236956
 20
-9034.760930363049
 30
0.0
 40
3.0
  1
35A1-JC1-09
 41
0.7
  7
SIMPLEX
 72
     1
 11
37022.74992236957
 21
-9034.760930363049
 31
0.0
100
AcDbText
  0
TEXT
  5
149
330
2
100
AcDbEntity
  8
0
100
AcDbText
 10
37012.09992236956
 20
-9042.760930363049
 30
0.0
 40
3.0
  1
35A1-JC1-10
 41
0.7
  7
SIMPLEX
 72
     1
 11
37022.74992236957
 21
-9042.760930363049
 31
0.0
100
AcDbText
  0
TEXT
  5
14A
330
2
100
AcDbEntity
  8
0
100
AcDbText
 10
37012.54992236957
 20
-9050.760930363049
 30
0.0
 40
3.0
  1
35A1-JC1-11
 41
0.7
  7
SIMPLEX
 72
     1
 11
37022.74992236957
 21
-9050.760930363049
 31
0.0
100
AcDbText
  0
TEXT
  5
14B
330
2
100
AcDbEntity
  8
0
100
AcDbText
 10
37012.09992236956
 20
-9057.760930363049
 30
0.0
 40
3.0
  1
35A1-JC1-12
 41
0.7
  7
SIMPLEX
 72
     1
 11
37022.74992236957
 21
-9057.760930363049
 31
0.0
100
AcDbText
  0
TEXT
  5
14C
330
2
100
AcDbEntity
  8
0
100
AcDbText
 10
37012.09992236956
 20
-9066.760930363049
 30
0.0
 40
3.0
  1
35A1-JC1-13
 41
0.7
  7
SIMPLEX
 72
     1
 11
37022.74992236957
 21
-9066.760930363049
 31
0.0
100
AcDbText
  0
TEXT
  5
14D
330
2
100
AcDbEntity
  8
0
100
AcDbText
 10
37012.04992236957
 20
-9074.760930363049
 30
0.0
 40
3.0
  1
35A1-JC1-14
 41
0.7
  7
SIMPLEX
 72
     1
 11
37022.74992236957
 21
-9074.760930363049
 31
0.0
100
AcDbText
  0
TEXT
  5
14E
330
2
100
AcDbEntity
  8
0
100
AcDbText
 10
37012.09992236956
 20
-9082.760930363049
 30
0.0
 40
3.0
  1
35A1-JC1-15
 41
0.7
  7
SIMPLEX
 72
     1
 11
37022.74992236957
 21
-9082.760930363049
 31
0.0
100
AcDbText
  0
TEXT
  5
14F
330
2
100
AcDbEntity
  8
0
100
AcDbText
 10
37012.14992236957
 20
-9090.760930363049
 30
0.0
 40
3.0
  1
35A1-JC1-16
 41
0.7
  7
SIMPLEX
 72
     1
 11
37022.74992236957
 21
-9090.760930363049
 31
0.0
100
AcDbText
  0
TEXT
  5
150
330
2
100
AcDbEntity
  8
0
100
AcDbText
 10
37012.09992236956
 20
-9098.760930363049
 30
0.0
 40
3.0
  1
35A1-JC1-17
 41
0.7
  7
SIMPLEX
 72
     1
 11
37022.74992236957
 21
-9098.760930363049
 31
0.0
100
AcDbText
  0
TEXT
  5
151
330
2
100
AcDbEntity
  8
0
100
AcDbText
 10
37012.09992236956
 20
-9106.760930363049
 30
0.0
 40
3.0
  1
35A1-JC1-18
 41
0.7
  7
SIMPLEX
 72
     1
 11
37022.74992236957
 21
-9106.760930363049
 31
0.0
100
AcDbText
  0
TEXT
  5
152
330
2
100
AcDbEntity
  8
0
100
AcDbText
 10
37012.14992236957
 20
-9114.760930363049
 30
0.0
 40
3.0
  1
35A1-JC1-19
 41
0.7
  7
SIMPLEX
 72
     1
 11
37022.74992236957
 21
-9114.760930363049
 31
0.0
100
AcDbText
  0
TEXT
  5
153
330
2
100
AcDbEntity
  8
0
100
AcDbText
 10
37011.89992236957
 20
-9122.760930363049
 30
0.0
 40
3.0
  1
35A1-JC1-20
 41
0.7
  7
SIMPLEX
 72
     1
 11
37022.74992236957
 21
-9122.760930363049
 31
0.0
100
AcDbText
  0
TEXT
  5
154
330
2
100
AcDbEntity
  8
0
100
AcDbText
 10
37012.34992236956
 20
-9130.760930363049
 30
0.0
 40
3.0
  1
35A1-JC1-21
 41
0.7
  7
SIMPLEX
 72
     1
 11
37022.74992236957
 21
-9130.760930363049
 31
0.0
100
AcDbText
  0
TEXT
  5
155
330
2
100
AcDbEntity
  8
0
100
AcDbText
 10
37011.89992236957
 20
-9138.760930363049
 30
0.0
 40
3.0
  1
35A1-JC1-22
 41
0.7
  7
SIMPLEX
 72
     1
 11
37022.74992236957
 21
-9138.760930363049
 31
0.0
100
AcDbText
  0
TEXT
  5
156
330
2
100
AcDbEntity
  8
0
100
AcDbText
 10
37011.89992236957
 20
-9146.760930363049
 30
0.0
 40
3.0
  1
35A1-JC1-23
 41
0.7
  7
SIMPLEX
 72
     1
 11
37022.74992236957
 21
-9146.760930363049
 31
0.0
100
AcDbText
  0
TEXT
  5
157
330
2
100
AcDbEntity
  8
0
100
AcDbText
 10
37011.84992236956
 20
-9154.760930363049
 30
0.0
 40
3.0
  1
35A1-JC1-24
 41
0.7
  7
SIMPLEX
 72
     1
 11
37022.74992236957
 21
-9154.760930363049
 31
0.0
100
AcDbText
  0
CIRCLE
  5
158
330
2
100
AcDbEntity
  8
0
100
AcDbCircle
 10
37124.45922238366
 20
-9072.958554405936
 30
0.0
 40
2.510250704332975
  0
TEXT
  5
159
330
2
100
AcDbEntity
  8
0
100
AcDbText
 10
37122.97299358317
 20
-9074.44803920659
 30
0.0
 40
3.0
  1
13
 41
0.7
 72
     1
 11
37124.47299358317
 21
-9074.44803920659
 31
0.0
100
AcDbText
  0
TEXT
  5
15A
330
2
100
AcDbEntity
  8
0
100
AcDbText
 10
37045.96903501738
 20
-9066.942438566197
 30
0.0
 40
3.0
  1
35A1-JC1\M+5D7AA\M+5BDC7\M+5CBFE\M+5C9ED\M+5B2BF\M+5BDE1\M+5B9B9\M+5CDBC
 41
0.7
100
AcDbText
  0
CIRCLE
  5
15B
330
2
100
AcDbEntity
  8
0
100
AcDbCircle
 10
37124.45922238366
 20
-9080.958554405936
 30
0.0
 40
2.510250704332975
  0
TEXT
  5
15C
330
2
100
AcDbEntity
  8
0
100
AcDbText
 10
37122.92299358316
 20
-9082.44803920659
 30
0.0
 40
3.0
  1
14
 41
0.7
 72
     1
 11
37124.47299358317
 21
-9082.44803920659
 31
0.0
100
AcDbText
  0
TEXT
  5
15D
330
2
100
AcDbEntity
  8
0
100
AcDbText
 10
37045.96903501738
 20
-9074.942438566197
 30
0.0
 40
3.0
  1
35A1-JC1\M+5D7AA\M+5BDC7\M+5CBFE\M+5C9ED\M+5B2BF\M+5BDE1\M+5B9B9\M+5CDBC
 41
0.7
100
AcDbText
  0
TEXT
  5
15E
330
2
100
AcDbEntity
  8
0
100
AcDbText
 10
37045.96903501738
 20
-9139.072295606724
 30
0.0
 40
3.0
  1
35A1-JC1\M+5D7AA\M+5BDC7\M+5CBFE18.0-2.0m\M+5CDC8\M+5B2BF\M+5BDE1\M+5B9B9\M+5CDBC
 41
0.7
100
AcDbText
  0
TEXT
  5
15F
330
2
100
AcDbEntity
  8
0
100
AcDbText
 10
37045.96903501738
 20
-9146.942438566197
 30
0.0
 40
3.0
  1
35A1-JC1\M+5D7AA\M+5BDC7\M+5CBFE18.0-1.0m\M+5CDC8\M+5B2BF\M+5BDE1\M+5B9B9\M+5CDBC
 41
0.7
100
AcDbText
  0
TEXT
  5
160
330
2
100
AcDbEntity
  8
0
100
AcDbText
 10
37045.96903501738
 20
-9155.072295606724
 30
0.0
 40
3.0
  1
35A1-JC1\M+5D7AA\M+5BDC7\M+5CBFE18.0-0.0m\M+5CDC8\M+5B2BF\M+5BDE1\M+5B9B9\M+5CDBC
 41
0.7
100
AcDbText
  0
TEXT
  5
161
330
2
100
AcDbEntity
  8
0
100
AcDbText
 10
37045.96903501738
 20
-9114.942438566197
 30
0.0
 40
3.0
  1
35A1-JC1\M+5D7AA\M+5BDC7\M+5CBFE15.0-2.0m\M+5CDC8\M+5B2BF\M+5BDE1\M+5B9B9\M+5CDBC
 41
0.7
100
AcDbText
  0
TEXT
  5
162
330
2
100
AcDbEntity
  8
0
100
AcDbText
 10
37045.96903501738
 20
-9098.942438566197
 30
0.0
 40
3.0
  1
35A1-JC1\M+5D7AA\M+5BDC7\M+5CBFE12.0-1.0m\M+5CDC8\M+5B2BF\M+5BDE1\M+5B9B9\M+5CDBC
 41
0.7
100
AcDbText
  0
TEXT
  5
163
330
2
100
AcDbEntity
  8
0
100
AcDbText
 10
37045.96903501739
 20
-9107.072295606724
 30
0.0
 40
3.0
  1
35A1-JC1\M+5D7AA\M+5BDC7\M+5CBFE12.0-0.0m\M+5CDC8\M+5B2BF\M+5BDE1\M+5B9B9\M+5CDBC
 41
0.7
100
AcDbText
  0
TEXT
  5
164
330
2
100
AcDbEntity
  8
0
100
AcDbText
 10
37045.96903501738
 20
-9082.942438566197
 30
0.0
 40
3.0
  1
35A1-JC1\M+5D7AA\M+5BDC7\M+5CBFE9.0-1.0m\M+5CDC8\M+5B2BF\M+5BDE1\M+5B9B9\M+5CDBC
 41
0.7
100
AcDbText
  0
TEXT
  5
165
330
2
100
AcDbEntity
  8
0
100
AcDbText
 10
37045.96903501739
 20
-9091.072295606724
 30
0.0
 40
3.0
  1
35A1-JC1\M+5D7AA\M+5BDC7\M+5CBFE9.0-0.0m\M+5CDC8\M+5B2BF\M+5BDE1\M+5B9B9\M+5CDBC
 41
0.7
100
AcDbText
  0
ENDSEC
  0
SECTION
  2
OBJECTS
  0
DICTIONARY
  5
B
330
0
100
AcDbDictionary
281
     1
  3
ACAD_COLOR
350
43
  3
ACAD_DETAILVIEWSTYLE
350
1A2
  3
ACAD_GROUP
350
40
  3
ACAD_LAYOUT
350
1A
  3
ACAD_MATERIAL
350
A
  3
ACAD_MLEADERSTYLE
350
1A0
  3
ACAD_MLINESTYLE
350
41
  3
ACAD_PLOTSETTINGS
350
42
  3
ACAD_PLOTSTYLENAME
350
16
  3
ACAD_SCALELIST
350
173
  3
ACAD_SECTIONVIEWSTYLE
350
1A4
  3
ACAD_TABLESTYLE
350
19E
  3
ACAD_VISUALSTYLE
350
31
  3
AcDbVariableDictionary
350
1A6
  3
ACDB_RECOMPOSE_DATA
350
1AA
  0
DICTIONARY
  5
21
330
20
100
AcDbDictionary
280
     1
281
     1
  3
ACAD_LAYERFILTERS
360
22
  3
ACAD_LAYERSTATES
360
23
  0
DICTIONARY
  5
7
330
6
100
AcDbDictionary
280
     1
281
     1
  3
ADSK_XREC_LAYER_RECONCILED
360
14
  0
DICTIONARY
  5
47
330
46
100
AcDbDictionary
280
     1
281
     1
  3
ADSK_XREC_LAYER_RECONCILED
360
49
  0
DICTIONARY
  5
4E
330
4D
100
AcDbDictionary
280
     1
281
     1
  3
ADSK_XREC_LAYER_RECONCILED
360
50
  0
DICTIONARY
  5
3
330
2
100
AcDbDictionary
280
     1
281
     1
  3
ACAD_SORTENTS
360
4
  0
DICTIONARY
  5
38
330
37
100
AcDbDictionary
280
     1
281
     1
  3
ACAD_SORTENTS
360
39
  0
DICTIONARY
  5
43
102
{ACAD_REACTORS
330
B
102
}
330
B
100
AcDbDictionary
281
     1
  0
DICTIONARY
  5
1A2
102
{ACAD_REACTORS
330
B
102
}
330
B
100
AcDbDictionary
281
     1
  3
Metric50
350
1A3
  0
DICTIONARY
  5
40
102
{ACAD_REACTORS
330
B
102
}
330
B
100
AcDbDictionary
281
     1
  0
DICTIONARY
  5
1A
102
{ACAD_REACTORS
330
B
102
}
330
B
100
AcDbDictionary
281
     1
  3
Model
350
19
  3
\M+5B2BC\M+5BED61
350
1F
  0
DICTIONARY
  5
A
102
{ACAD_REACTORS
330
B
102
}
330
B
100
AcDbDictionary
281
     1
  3
ByBlock
350
186
  3
ByLayer
350
185
  3
Global
350
9
  0
DICTIONARY
  5
1A0
102
{ACAD_REACTORS
330
B
102
}
330
B
100
AcDbDictionary
281
     1
  3
Standard
350
1A1
  0
DICTIONARY
  5
41
102
{ACAD_REACTORS
330
B
102
}
330
B
100
AcDbDictionary
281
     1
  3
Standard
350
44
  0
DICTIONARY
  5
42
102
{ACAD_REACTORS
330
B
102
}
330
B
100
AcDbDictionary
281
     1
  0
ACDBDICTIONARYWDFLT
  5
16
102
{ACAD_REACTORS
330
B
102
}
330
B
100
AcDbDictionary
281
     1
  3
Normal
350
15
100
AcDbDictionaryWithDefault
340
15
  0
DICTIONARY
  5
173
102
{ACAD_REACTORS
330
B
102
}
330
B
100
AcDbDictionary
281
     1
  3
A0
350
174
  3
A1
350
175
  3
A2
350
176
  3
A3
350
177
  3
A4
350
178
  3
A5
350
179
  3
A6
350
17A
  3
A7
350
17B
  3
A8
350
17C
  3
A9
350
17D
  3
B0
350
17E
  3
B1
350
17F
  3
B2
350
180
  3
B3
350
181
  3
B4
350
182
  3
B5
350
183
  3
B6
350
184
  0
DICTIONARY
  5
1A4
102
{ACAD_REACTORS
330
B
102
}
330
B
100
AcDbDictionary
281
     1
  3
Metric50
350
1A5
  0
DICTIONARY
  5
19E
102
{ACAD_REACTORS
330
B
102
}
330
B
100
AcDbDictionary
281
     1
  3
Standard
350
19F
  0
DICTIONARY
  5
31
102
{ACAD_REACTORS
330
B
102
}
330
B
100
AcDbDictionary
281
     1
  3
2dWireframe
350
30
  3
Basic
350
18D
  3
Brighten
350
191
  3
ColorChange
350
195
  3
Conceptual
350
18F
  3
Dim
350
190
  3
EdgeColorOff
350
198
  3
Facepattern
350
194
  3
Flat
350
187
  3
FlatWithEdges
350
188
  3
Gouraud
350
189
  3
GouraudWithEdges
350
18A
  3
Hidden
350
18C
  3
JitterOff
350
196
  3
Linepattern
350
193
  3
OverhangOff
350
197
  3
Realistic
350
18E
  3
Shaded
350
19D
  3
Shaded with edges
350
19C
  3
Shades of Gray
350
199
  3
Sketchy
350
19A
  3
Thicken
350
192
  3
Wireframe
350
18B
  3
X-Ray
350
19B
  0
DICTIONARY
  5
1A6
102
{ACAD_REACTORS
330
B
102
}
330
B
100
AcDbDictionary
281
     1
  3
CANNOSCALE
350
1A7
  3
CMLEADERSTYLE
350
1AC
  3
CTABLESTYLE
350
1AB
  3
CVIEWDETAILSTYLE
350
1AF
  3
CVIEWSECTIONSTYLE
350
1B0
  3
MSLTSCALE
350
1AD
  3
XCLIPFRAME
350
1AE
  0
XRECORD
  5
1AA
102
{ACAD_REACTORS
330
B
102
}
330
B
100
AcDbXrecord
280
     1
 90
        1
330
19F
  0
DICTIONARY
  5
22
102
{ACAD_REACTORS
330
21
102
}
330
21
100
AcDbDictionary
281
     1
  0
DICTIONARY
  5
23
102
{ACAD_REACTORS
330
21
102
}
330
21
100
AcDbDictionary
281
     1
  0
XRECORD
  5
14
102
{ACAD_REACTORS
330
7
102
}
330
7
100
AcDbXrecord
280
     1
290
     1
  0
XRECORD
  5
49
102
{ACAD_REACTORS
330
47
102
}
330
47
100
AcDbXrecord
280
     1
290
     1
  0
XRECORD
  5
50
102
{ACAD_REACTORS
330
4E
102
}
330
4E
100
AcDbXrecord
280
     1
290
     1
  0
SORTENTSTABLE
  5
4
102
{ACAD_REACTORS
330
3
102
}
330
3
100
AcDbSortentsTable
330
2
  0
SORTENTSTABLE
  5
39
102
{ACAD_REACTORS
330
38
102
}
330
38
100
AcDbSortentsTable
330
37
  0
ACDBDETAILVIEWSTYLE
  5
1A3
102
{ACAD_REACTORS
330
1A2
102
}
330
1A2
100
AcDbModelDocViewStyle
 70
     0
  3
Metric50
290
     0
300
Metric50
 90
        0
100
AcDbDetailViewStyle
 70
     0
 71
     0
 90
        3
 71
     1
340
25
 62
   256
 40
5.0
340
0
 62
   256
 40
5.0
300

 40
0.36
280
     1
 71
     2
340
17
 90
       25
 62
   256
 71
     3
340
25
 62
   256
 40
5.0
 90
        0
 40
15.0
 90
        1
300
%<\AcVar ViewDetailId>% (%<\AcVar ViewScale \f "%sn">%)
 71
     4
340
17
 90
       25
 62
   256
340
17
 90
       25
 62
   256
280
     0
  0
LAYOUT
  5
19
102
{ACAD_REACTORS
330
1A
102
}
330
1A
100
AcDbPlotSettings
  1

  2
Generic 42BW-4SeriesPCL
  4
A3
  6

 40
5.027082920074463
 41
5.027085781097412
 42
5.027099609375
 43
5.027069091796875
 44
296.9259948730469
 45
419.9466552734375
 46
0.0
 47
0.0
 48
12152558.409159
 49
717597.505138
140
12153399.409159
141
718191.505138
142
1.0
143
2.070611243214594
 70
  3760
 72
     1
 73
     1
 74
     4
  7
monochrome.ctb
 75
     0
 76
     1
 77
     2
 78
   300
147
0.4829491790296253
148
-12152558.409159
149
-717597.505138
100
AcDbLayout
  1
Model
 70
     1
 71
     0
 10
0.0
 20
0.0
 11
12.0
 21
9.0
 12
0.0
 22
0.0
 32
0.0
 14
0.0
 24
0.0
 34
0.0
 15
0.0
 25
0.0
 35
0.0
146
0.0
 13
0.0
 23
0.0
 33
0.0
 16
1.0
 26
0.0
 36
0.0
 17
0.0
 27
1.0
 37
0.0
 76
     0
330
2
331
172
1001
ACAD_PSEXT
1000
Generic 42BW-4SeriesPCL
1000
Generic 42BW-4SeriesPCL
1000
IP_10.0.10.23
1000

1070
     0
  0
LAYOUT
  5
1F
102
{ACAD_REACTORS
330
1A
102
}
330
1A
100
AcDbPlotSettings
  1

  2
None
  4

  6

 40
0.0
 41
0.0
 42
0.0
 43
0.0
 44
0.0
 45
0.0
 46
0.0
 47
0.0
 48
0.0
 49
0.0
140
0.0
141
0.0
142
1.0
143
1.0
 70
   688
 72
     0
 73
     0
 74
     5
  7
monochrome.ctb
 75
    16
 76
     0
 77
     2
 78
   300
147
1.0
148
0.0
149
0.0
100
AcDbLayout
  1
\M+5B2BC\M+5BED61
 70
     1
 71
     1
 10
0.0
 20
0.0
 11
12.0
 21
9.0
 12
0.0
 22
0.0
 32
0.0
 14
0.0
 24
0.0
 34
0.0
 15
0.0
 25
0.0
 35
0.0
146
0.0
 13
0.0
 23
0.0
 33
0.0
 16
1.0
 26
0.0
 36
0.0
 17
0.0
 27
1.0
 37
0.0
 76
     0
330
1C
  0
MATERIAL
  5
186
102
{ACAD_REACTORS
330
A
102
}
330
A
100
AcDbMaterial
  1
ByBlock
 72
     1
 94
      127
  0
MATERIAL
  5
185
102
{ACAD_REACTORS
330
A
102
}
330
A
100
AcDbMaterial
  1
ByLayer
 72
     1
 94
      127
  0
MATERIAL
  5
9
102
{ACAD_REACTORS
330
A
102
}
330
A
100
AcDbMaterial
  1
Global
 72
     0
 73
     2
 43
0.0008202099737533
 43
0.0
 43
0.0
 43
0.0
 43
0.0
 43
0.0008202099737533
 43
0.0
 43
0.0
 43
0.0
 43
0.0
 43
1.0
 43
0.0
 43
0.0
 43
0.0
 43
0.0
 43
1.0
 77
     0
 78
     2
 47
0.0008202099737533
 47
0.0
 47
0.0
 47
0.0
 47
0.0
 47
0.0008202099737533
 47
0.0
 47
0.0
 47
0.0
 47
0.0
 47
1.0
 47
0.0
 47
0.0
 47
0.0
 47
0.0
 47
1.0
171
     0
172
     2
 49
0.0008202099737533
 49
0.0
 49
0.0
 49
0.0
 49
0.0
 49
0.0008202099737533
 49
0.0
 49
0.0
 49
0.0
 49
0.0
 49
1.0
 49
0.0
 49
0.0
 49
0.0
 49
0.0
 49
1.0
175
     0
176
     2
142
0.0008202099737533
142
0.0
142
0.0
142
0.0
142
0.0
142
0.0008202099737533
142
0.0
142
0.0
142
0.0
142
0.0
142
1.0
142
0.0
142
0.0
142
0.0
142
0.0
142
1.0
179
     0
270
     2
144
0.0008202099737533
144
0.0
144
0.0
144
0.0
144
0.0
144
0.0008202099737533
144
0.0
144
0.0
144
0.0
144
0.0
144
1.0
144
0.0
144
0.0
144
0.0
144
0.0
144
1.0
274
     2
147
0.0008202099737533
147
0.0
147
0.0
147
0.0
147
0.0
147
0.0008202099737533
147
0.0
147
0.0
147
0.0
147
0.0
147
1.0
147
0.0
147
0.0
147
0.0
147
0.0
147
1.0
 94
      127
  0
MLEADERSTYLE
  5
1A1
102
{ACAD_REACTORS
330
1A0
102
}
330
1A0
100
AcDbMLeaderStyle
179
     2
170
     2
171
     1
172
     0
 90
        2
 40
0.0
 41
0.0
173
     1
 91
-1056964608
340
28
 92
       -2
290
     1
 42
2.0
291
     1
 43
8.0
  3
Standard
341
0
 44
4.0
300

342
25
174
     1
178
     6
175
     1
176
     0
 93
-1056964608
 45
4.0
292
     0
297
     0
 46
4.0
343
0
 94
-1056964608
 47
1.0
 49
1.0
140
1.0
293
     1
141
0.0
294
     1
177
     0
142
1.0
295
     0
296
     0
143
3.75
271
     0
272
     9
273
     9
298
     0
  0
MLINESTYLE
  5
44
102
{ACAD_REACTORS
330
41
102
}
330
41
100
AcDbMlineStyle
  2
STANDARD
 70
     0
  3

 62
   256
 51
90.0
 52
90.0
 71
     2
 49
0.5
 62
   256
  6
BYLAYER
 49
-0.5
 62
   256
  6
BYLAYER
  0
ACDBPLACEHOLDER
  5
15
102
{ACAD_REACTORS
330
16
102
}
330
16
  0
SCALE
  5
174
102
{ACAD_REACTORS
330
173
102
}
330
173
100
AcDbScale
 70
     0
300
1:1
140
1.0
141
1.0
290
     1
  0
SCALE
  5
175
102
{ACAD_REACTORS
330
173
102
}
330
173
100
AcDbScale
 70
     0
300
1:2
140
1.0
141
2.0
290
     0
  0
SCALE
  5
176
102
{ACAD_REACTORS
330
173
102
}
330
173
100
AcDbScale
 70
     0
300
1:4
140
1.0
141
4.0
290
     0
  0
SCALE
  5
177
102
{ACAD_REACTORS
330
173
102
}
330
173
100
AcDbScale
 70
     0
300
1:5
140
1.0
141
5.0
290
     0
  0
SCALE
  5
178
102
{ACAD_REACTORS
330
173
102
}
330
173
100
AcDbScale
 70
     0
300
1:8
140
1.0
141
8.0
290
     0
  0
SCALE
  5
179
102
{ACAD_REACTORS
330
173
102
}
330
173
100
AcDbScale
 70
     0
300
1:10
140
1.0
141
10.0
290
     0
  0
SCALE
  5
17A
102
{ACAD_REACTORS
330
173
102
}
330
173
100
AcDbScale
 70
     0
300
1:16
140
1.0
141
16.0
290
     0
  0
SCALE
  5
17B
102
{ACAD_REACTORS
330
173
102
}
330
173
100
AcDbScale
 70
     0
300
1:20
140
1.0
141
20.0
290
     0
  0
SCALE
  5
17C
102
{ACAD_REACTORS
330
173
102
}
330
173
100
AcDbScale
 70
     0
300
1:30
140
1.0
141
30.0
290
     0
  0
SCALE
  5
17D
102
{ACAD_REACTORS
330
173
102
}
330
173
100
AcDbScale
 70
     0
300
1:40
140
1.0
141
40.0
290
     0
  0
SCALE
  5
17E
102
{ACAD_REACTORS
330
173
102
}
330
173
100
AcDbScale
 70
     0
300
1:50
140
1.0
141
50.0
290
     0
  0
SCALE
  5
17F
102
{ACAD_REACTORS
330
173
102
}
330
173
100
AcDbScale
 70
     0
300
1:100
140
1.0
141
100.0
290
     0
  0
SCALE
  5
180
102
{ACAD_REACTORS
330
173
102
}
330
173
100
AcDbScale
 70
     0
300
2:1
140
2.0
141
1.0
290
     0
  0
SCALE
  5
181
102
{ACAD_REACTORS
330
173
102
}
330
173
100
AcDbScale
 70
     0
300
4:1
140
4.0
141
1.0
290
     0
  0
SCALE
  5
182
102
{ACAD_REACTORS
330
173
102
}
330
173
100
AcDbScale
 70
     0
300
8:1
140
8.0
141
1.0
290
     0
  0
SCALE
  5
183
102
{ACAD_REACTORS
330
173
102
}
330
173
100
AcDbScale
 70
     0
300
10:1
140
10.0
141
1.0
290
     0
  0
SCALE
  5
184
102
{ACAD_REACTORS
330
173
102
}
330
173
100
AcDbScale
 70
     0
300
100:1
140
100.0
141
1.0
290
     0
  0
ACDBSECTIONVIEWSTYLE
  5
1A5
102
{ACAD_REACTORS
330
1A4
102
}
330
1A4
100
AcDbModelDocViewStyle
 70
     0
  3
Metric50
290
     0
300
Metric50
 90
        0
100
AcDbSectionViewStyle
 70
     0
 71
     0
 90
      102
 71
     1
340
25
 62
   256
 40
5.0
340
0
340
0
 62
   256
 40
5.0
300
I, O, Q, S, X, Z
 40
10.0
 90
        0
 40
2.5
 90
        0
 71
     2
340
17
 90
       25
 62
   256
340
17
 90
       50
 62
   256
 40
5.0
 40
2.5
 40
5.0
 71
     3
340
25
 62
   256
 40
5.0
 90
        0
 40
15.0
 90
        1
300
%<\AcVar ViewSectionStartId>%-%<\AcVar ViewSectionEndId>% (%<\AcVar ViewScale \f "%sn">%)
 71
     4
 62
   256
 62
   257
300
ANSI31
 40
1.0
 90
        0
290
     0
290
     0
 90
        6
 40
0.0
 40
1.570796326794897
 40
0.2617993877991494
 40
1.308996938995747
 40
-0.2617993877991494
 40
1.832595714594046
  0
TABLESTYLE
  5
19F
102
{ACAD_REACTORS
330
19E
102
}
102
{ACAD_XDICTIONARY
360
1A8
102
}
330
19E
100
AcDbTableStyle
  3
Standard
 70
     0
 71
     0
 40
0.06
 41
0.06
280
     0
281
     0
  7
Standard
140
4.5
170
     2
 62
     0
 63
   257
283
     0
 90
        4
 91
        0
  1

274
    -2
284
     1
 64
     0
275
    -2
285
     1
 65
     0
276
    -2
286
     1
 66
     0
277
    -2
287
     1
 67
     0
278
    -2
288
     1
 68
     0
279
    -2
289
     1
 69
     0
  7
Standard
140
6.0
170
     5
 62
     0
 63
   257
283
     0
 90
        4
 91
        0
  1

274
    -2
284
     1
 64
     0
275
    -2
285
     1
 65
     0
276
    -2
286
     1
 66
     0
277
    -2
287
     1
 67
     0
278
    -2
288
     1
 68
     0
279
    -2
289
     1
 69
     0
  7
Standard
140
4.5
170
     5
 62
     0
 63
   257
283
     0
 90
        4
 91
        0
  1

274
    -2
284
     1
 64
     0
275
    -2
285
     1
 65
     0
276
    -2
286
     1
 66
     0
277
    -2
287
     1
 67
     0
278
    -2
288
     1
 68
     0
279
    -2
289
     1
 69
     0
  0
VISUALSTYLE
  5
30
102
{ACAD_REACTORS
330
31
102
}
330
31
100
AcDbVisualStyle
  2
2dWireframe
 70
     4
177
     3
291
     0
 70
    58
 90
        0
176
     1
 90
        2
176
     1
 90
        0
176
     1
 90
        0
176
     1
 40
-0.6
176
     1
 40
-30.0
176
     1
 62
     7
176
     1
 90
        1
176
     1
 90
        4
176
     1
 62
     7
176
     1
 62
   257
176
     1
 90
        1
176
     1
 90
        1
176
     1
 40
1.0
176
     1
 90
        0
176
     1
 62
   257
176
     1
 40
1.0
176
     1
 90
        1
176
     1
 90
        6
176
     1
 90
        2
176
     1
 62
     7
176
     1
 90
        5
176
     1
 90
        0
176
     1
 90
        0
176
     1
290
     0
176
     1
 90
        1
176
     1
 40
0.0
176
     1
 90
        0
176
     1
290
     1
176
     1
290
     1
176
     1
290
     0
176
     1
290
     0
176
     1
290
     0
176
     1
290
     0
176
     1
290
     0
176
     1
290
     0
176
     1
290
     0
176
     1
 90
       50
176
     1
 40
0.0
176
     1
 40
1.0
176
     1
 90
        0
176
     1
 62
    18
420
        0
176
     1
 90
       50
176
     1
 90
        3
176
     1
 62
     5
420
      255
176
     1
290
     0
176
     1
 90
       50
176
     1
 90
       50
176
     1
 90
       50
176
     1
290
     0
176
     1
 90
       50
176
     1
 62
   256
176
     0
 40
1.0
176
     0
 90
        2
176
     1
  1
strokes_ogs.tif
176
     1
290
     0
176
     1
 40
1.0
176
     1
 40
1.0
176
     1
  0
VISUALSTYLE
  5
18D
102
{ACAD_REACTORS
330
31
102
}
330
31
100
AcDbVisualStyle
  2
Basic
 70
     7
177
     3
291
     1
 70
    58
 90
        1
176
     1
 90
        0
176
     1
 90
        1
176
     1
 90
        0
176
     1
 40
0.6
176
     1
 40
30.0
176
     1
 62
     7
420
 16777215
176
     1
 90
        0
176
     1
 90
        4
176
     1
 62
     7
176
     1
 62
   257
176
     1
 90
        1
176
     1
 90
        1
176
     1
 40
1.0
176
     1
 90
        8
176
     1
 62
     7
176
     1
 40
1.0
176
     1
 90
        1
176
     1
 90
        6
176
     1
 90
        2
176
     1
 62
     7
176
     1
 90
        5
176
     1
 90
        0
176
     1
 90
        0
176
     1
290
     0
176
     1
 90
        1
176
     1
 40
0.0
176
     1
 90
        0
176
     1
290
     0
176
     1
290
     1
176
     1
290
     1
176
     1
290
     0
176
     1
290
     0
176
     1
290
     0
176
     1
290
     0
176
     1
290
     0
176
     1
290
     0
176
     1
 90
       50
176
     1
 40
0.0
176
     1
 40
1.0
176
     1
 90
        0
176
     1
 62
    18
420
        0
176
     1
 90
       50
176
     1
 90
        3
176
     1
 62
     5
420
      255
176
     1
290
     0
176
     1
 90
       50
176
     1
 90
       50
176
     1
 90
       50
176
     1
290
     0
176
     1
 90
       50
176
     1
 62
   256
176
     0
 40
1.0
176
     0
 90
        2
176
     1
  1
strokes_ogs.tif
176
     1
290
     0
176
     1
 40
1.0
176
     1
 40
1.0
176
     1
  0
VISUALSTYLE
  5
191
102
{ACAD_REACTORS
330
31
102
}
330
31
100
AcDbVisualStyle
  2
Brighten
 70
    12
177
     3
291
     1
 70
    58
 90
        2
176
     1
 90
        2
176
     1
 90
        0
176
     1
 90
        0
176
     1
 40
0.6
176
     1
 40
30.0
176
     1
 62
     7
420
 16777215
176
     1
 90
        1
176
     1
 90
        4
176
     1
 62
     7
176
     1
 62
   257
176
     1
 90
        1
176
     1
 90
        1
176
     1
 40
1.0
176
     1
 90
        8
176
     1
 62
     7
176
     1
 40
1.0
176
     1
 90
        1
176
     1
 90
        6
176
     1
 90
        2
176
     1
 62
     7
176
     1
 90
        5
176
     1
 90
        0
176
     1
 90
        0
176
     1
290
     0
176
     1
 90
        1
176
     1
 40
50.0
176
     1
 90
        0
176
     1
290
     0
176
     1
290
     1
176
     1
290
     1
176
     1
290
     0
176
     1
290
     0
176
     1
290
     0
176
     1
290
     0
176
     1
290
     0
176
     1
290
     0
176
     1
 90
       50
176
     1
 40
0.0
176
     1
 40
1.0
176
     1
 90
        0
176
     1
 62
    18
420
        0
176
     1
 90
       50
176
     1
 90
        3
176
     1
 62
     5
420
      255
176
     1
290
     0
176
     1
 90
       50
176
     1
 90
       50
176
     1
 90
       50
176
     1
290
     0
176
     1
 90
       50
176
     1
 62
   256
176
     0
 40
1.0
176
     0
 90
        2
176
     1
  1
strokes_ogs.tif
176
     1
290
     0
176
     1
 40
1.0
176
     1
 40
1.0
176
     1
  0
VISUALSTYLE
  5
195
102
{ACAD_REACTORS
330
31
102
}
330
31
100
AcDbVisualStyle
  2
ColorChange
 70
    16
177
     3
291
     1
 70
    58
 90
        2
176
     1
 90
        2
176
     1
 90
        3
176
     1
 90
        0
176
     1
 40
0.6
176
     1
 40
30.0
176
     1
 62
     8
420
  8421504
176
     1
 90
        1
176
     1
 90
        4
176
     1
 62
     7
176
     1
 62
   257
176
     1
 90
        1
176
     1
 90
        1
176
     1
 40
1.0
176
     1
 90
        8
176
     1
 62
     8
420
  8421504
176
     1
 40
1.0
176
     1
 90
        1
176
     1
 90
        6
176
     1
 90
        2
176
     1
 62
     7
176
     1
 90
        5
176
     1
 90
        0
176
     1
 90
        0
176
     1
290
     0
176
     1
 90
        1
176
     1
 40
0.0
176
     1
 90
        0
176
     1
290
     0
176
     1
290
     1
176
     1
290
     1
176
     1
290
     0
176
     1
290
     0
176
     1
290
     0
176
     1
290
     0
176
     1
290
     0
176
     1
290
     0
176
     1
 90
       50
176
     1
 40
0.0
176
     1
 40
1.0
176
     1
 90
        0
176
     1
 62
    18
420
        0
176
     1
 90
       50
176
     1
 90
        3
176
     1
 62
     5
420
      255
176
     1
290
     0
176
     1
 90
       50
176
     1
 90
       50
176
     1
 90
       50
176
     1
290
     0
176
     1
 90
       50
176
     1
 62
   256
176
     0
 40
1.0
176
     0
 90
        2
176
     1
  1
strokes_ogs.tif
176
     1
290
     0
176
     1
 40
1.0
176
     1
 40
1.0
176
     1
  0
VISUALSTYLE
  5
18F
102
{ACAD_REACTORS
330
31
102
}
330
31
100
AcDbVisualStyle
  2
Conceptual
 70
     9
177
     3
291
     0
 70
    58
 90
        3
176
     1
 90
        2
176
     1
 90
        0
176
     1
 90
        0
176
     1
 40
0.6
176
     1
 40
30.0
176
     1
 62
     7
420
 16777215
176
     1
 90
        2
176
     1
 90
        2
176
     1
 62
     7
176
     1
 62
   257
176
     1
 90
        1
176
     1
 90
        1
176
     1
 40
179.0
176
     1
 90
        8
176
     1
 62
     7
176
     1
 40
1.0
176
     1
 90
        1
176
     1
 90
        6
176
     1
 90
        2
176
     1
 62
     7
176
     1
 90
        3
176
     1
 90
        0
176
     1
 90
        0
176
     1
290
     0
176
     1
 90
        1
176
     1
 40
0.0
176
     1
 90
        0
176
     1
290
     0
176
     1
290
     1
176
     1
290
     1
176
     1
290
     0
176
     1
290
     0
176
     1
290
     0
176
     1
290
     0
176
     1
290
     0
176
     1
290
     0
176
     1
 90
       50
176
     1
 40
0.0
176
     1
 40
1.0
176
     1
 90
        0
176
     1
 62
    18
420
        0
176
     1
 90
       50
176
     1
 90
        3
176
     1
 62
     5
420
      255
176
     1
290
     0
176
     1
 90
       50
176
     1
 90
       50
176
     1
 90
       50
176
     1
290
     0
176
     1
 90
       50
176
     1
 62
   256
176
     0
 40
1.0
176
     0
 90
        2
176
     1
  1
strokes_ogs.tif
176
     1
290
     0
176
     1
 40
1.0
176
     1
 40
1.0
176
     1
  0
VISUALSTYLE
  5
190
102
{ACAD_REACTORS
330
31
102
}
330
31
100
AcDbVisualStyle
  2
Dim
 70
    11
177
     3
291
     1
 70
    58
 90
        2
176
     1
 90
        2
176
     1
 90
        0
176
     1
 90
        0
176
     1
 40
0.6
176
     1
 40
30.0
176
     1
 62
     7
420
 16777215
176
     1
 90
        1
176
     1
 90
        4
176
     1
 62
     7
176
     1
 62
   257
176
     1
 90
        1
176
     1
 90
        1
176
     1
 40
1.0
176
     1
 90
        8
176
     1
 62
     7
176
     1
 40
1.0
176
     1
 90
        1
176
     1
 90
        6
176
     1
 90
        2
176
     1
 62
     7
176
     1
 90
        5
176
     1
 90
        0
176
     1
 90
        0
176
     1
290
     0
176
     1
 90
        1
176
     1
 40
-50.0
176
     1
 90
        0
176
     1
290
     0
176
     1
290
     1
176
     1
290
     1
176
     1
290
     0
176
     1
290
     0
176
     1
290
     0
176
     1
290
     0
176
     1
290
     0
176
     1
290
     0
176
     1
 90
       50
176
     1
 40
0.0
176
     1
 40
1.0
176
     1
 90
        0
176
     1
 62
    18
420
        0
176
     1
 90
       50
176
     1
 90
        3
176
     1
 62
     5
420
      255
176
     1
290
     0
176
     1
 90
       50
176
     1
 90
       50
176
     1
 90
       50
176
     1
290
     0
176
     1
 90
       50
176
     1
 62
   256
176
     0
 40
1.0
176
     0
 90
        2
176
     1
  1
strokes_ogs.tif
176
     1
290
     0
176
     1
 40
1.0
176
     1
 40
1.0
176
     1
  0
VISUALSTYLE
  5
198
102
{ACAD_REACTORS
330
31
102
}
330
31
100
AcDbVisualStyle
  2
EdgeColorOff
 70
    22
177
     3
291
     1
 70
    58
 90
        2
176
     0
 90
        2
176
     0
 90
        0
176
     0
 90
        0
176
     0
 40
0.6
176
     0
 40
30.0
176
     0
 62
     7
420
 16777215
176
     0
 90
        1
176
     0
 90
        4
176
     0
 62
     7
176
     0
 62
   257
176
     0
 90
        1
176
     0
 90
        1
176
     0
 40
1.0
176
     0
 90
        8
176
     2
 62
     7
176
     0
 40
1.0
176
     0
 90
        1
176
     0
 90
        6
176
     0
 90
        2
176
     0
 62
     7
176
     0
 90
        5
176
     0
 90
        0
176
     0
 90
        0
176
     0
290
     0
176
     0
 90
        1
176
     0
 40
0.0
176
     0
 90
        0
176
     0
290
     0
176
     0
290
     1
176
     0
290
     1
176
     0
290
     0
176
     0
290
     0
176
     0
290
     0
176
     0
290
     0
176
     0
290
     0
176
     0
290
     0
176
     0
 90
       50
176
     0
 40
0.0
176
     0
 40
1.0
176
     0
 90
        0
176
     0
 62
    18
420
        0
176
     0
 90
       50
176
     0
 90
        3
176
     0
 62
     5
420
      255
176
     0
290
     0
176
     0
 90
       50
176
     0
 90
       50
176
     0
 90
       50
176
     0
290
     0
176
     0
 90
       50
176
     0
 62
   256
176
     0
 40
1.0
176
     0
 90
        2
176
     0
  1
strokes_ogs.tif
176
     0
290
     0
176
     0
 40
1.0
176
     0
 40
1.0
176
     0
  0
VISUALSTYLE
  5
194
102
{ACAD_REACTORS
330
31
102
}
330
31
100
AcDbVisualStyle
  2
Facepattern
 70
    15
177
     3
291
     1
 70
    58
 90
        2
176
     1
 90
        2
176
     1
 90
        0
176
     1
 90
        0
176
     1
 40
0.6
176
     1
 40
30.0
176
     1
 62
     7
420
 16777215
176
     1
 90
        1
176
     1
 90
        4
176
     1
 62
     7
176
     1
 62
   257
176
     1
 90
        1
176
     1
 90
        1
176
     1
 40
1.0
176
     1
 90
        8
176
     1
 62
     7
176
     1
 40
1.0
176
     1
 90
        1
176
     1
 90
        6
176
     1
 90
        2
176
     1
 62
     7
176
     1
 90
        5
176
     1
 90
        0
176
     1
 90
        0
176
     1
290
     0
176
     1
 90
        1
176
     1
 40
0.0
176
     1
 90
        0
176
     1
290
     0
176
     1
290
     1
176
     1
290
     1
176
     1
290
     0
176
     1
290
     0
176
     1
290
     0
176
     1
290
     0
176
     1
290
     0
176
     1
290
     0
176
     1
 90
       50
176
     1
 40
0.0
176
     1
 40
1.0
176
     1
 90
        0
176
     1
 62
    18
420
        0
176
     1
 90
       50
176
     1
 90
        3
176
     1
 62
     5
420
      255
176
     1
290
     0
176
     1
 90
       50
176
     1
 90
       50
176
     1
 90
       50
176
     1
290
     0
176
     1
 90
       50
176
     1
 62
   256
176
     0
 40
1.0
176
     0
 90
        2
176
     1
  1
strokes_ogs.tif
176
     1
290
     0
176
     1
 40
1.0
176
     1
 40
1.0
176
     1
  0
VISUALSTYLE
  5
187
102
{ACAD_REACTORS
330
31
102
}
330
31
100
AcDbVisualStyle
  2
Flat
 70
     0
177
     3
291
     1
 70
    58
 90
        2
176
     1
 90
        1
176
     1
 90
        1
176
     1
 90
        2
176
     1
 40
0.6
176
     1
 40
30.0
176
     1
 62
     7
420
 16777215
176
     1
 90
        0
176
     1
 90
        0
176
     1
 62
     7
176
     1
 62
   257
176
     1
 90
        1
176
     1
 90
        1
176
     1
 40
1.0
176
     1
 90
        8
176
     1
 62
     7
176
     1
 40
1.0
176
     1
 90
        1
176
     1
 90
        6
176
     1
 90
        2
176
     1
 62
     7
176
     1
 90
        5
176
     1
 90
        0
176
     1
 90
        0
176
     1
290
     0
176
     1
 90
       13
176
     1
 40
0.0
176
     1
 90
        0
176
     1
290
     0
176
     1
290
     1
176
     1
290
     1
176
     1
290
     0
176
     1
290
     0
176
     1
290
     0
176
     1
290
     0
176
     1
290
     0
176
     1
290
     0
176
     1
 90
       50
176
     1
 40
0.0
176
     1
 40
1.0
176
     1
 90
        0
176
     1
 62
    18
420
        0
176
     1
 90
       50
176
     1
 90
        3
176
     1
 62
     5
420
      255
176
     1
290
     0
176
     1
 90
       50
176
     1
 90
       50
176
     1
 90
       50
176
     1
290
     0
176
     1
 90
       50
176
     1
 62
   256
176
     0
 40
1.0
176
     0
 90
        2
176
     1
  1
strokes_ogs.tif
176
     1
290
     0
176
     1
 40
1.0
176
     1
 40
1.0
176
     1
  0
VISUALSTYLE
  5
188
102
{ACAD_REACTORS
330
31
102
}
330
31
100
AcDbVisualStyle
  2
FlatWithEdges
 70
     1
177
     3
291
     1
 70
    58
 90
        2
176
     1
 90
        1
176
     1
 90
        1
176
     1
 90
        2
176
     1
 40
0.6
176
     1
 40
30.0
176
     1
 62
     7
420
 16777215
176
     1
 90
        1
176
     1
 90
        0
176
     1
 62
     7
176
     1
 62
   257
176
     1
 90
        1
176
     1
 90
        1
176
     1
 40
1.0
176
     1
 90
        0
176
     1
 62
   257
176
     1
 40
1.0
176
     1
 90
        1
176
     1
 90
        6
176
     1
 90
        2
176
     1
 62
     7
176
     1
 90
        5
176
     1
 90
        0
176
     1
 90
        0
176
     1
290
     0
176
     1
 90
       13
176
     1
 40
0.0
176
     1
 90
        0
176
     1
290
     0
176
     1
290
     1
176
     1
290
     1
176
     1
290
     0
176
     1
290
     0
176
     1
290
     0
176
     1
290
     0
176
     1
290
     0
176
     1
290
     0
176
     1
 90
       50
176
     1
 40
0.0
176
     1
 40
1.0
176
     1
 90
        0
176
     1
 62
    18
420
        0
176
     1
 90
       50
176
     1
 90
        3
176
     1
 62
     5
420
      255
176
     1
290
     0
176
     1
 90
       50
176
     1
 90
       50
176
     1
 90
       50
176
     1
290
     0
176
     1
 90
       50
176
     1
 62
   256
176
     0
 40
1.0
176
     0
 90
        2
176
     1
  1
strokes_ogs.tif
176
     1
290
     0
176
     1
 40
1.0
176
     1
 40
1.0
176
     1
  0
VISUALSTYLE
  5
189
102
{ACAD_REACTORS
330
31
102
}
330
31
100
AcDbVisualStyle
  2
Gouraud
 70
     2
177
     3
291
     1
 70
    58
 90
        2
176
     1
 90
        2
176
     1
 90
        1
176
     1
 90
        2
176
     1
 40
0.6
176
     1
 40
30.0
176
     1
 62
     7
420
 16777215
176
     1
 90
        0
176
     1
 90
        0
176
     1
 62
     7
176
     1
 62
   257
176
     1
 90
        1
176
     1
 90
        1
176
     1
 40
1.0
176
     1
 90
        0
176
     1
 62
     7
176
     1
 40
1.0
176
     1
 90
        1
176
     1
 90
        6
176
     1
 90
        2
176
     1
 62
     7
176
     1
 90
        5
176
     1
 90
        0
176
     1
 90
        0
176
     1
290
     0
176
     1
 90
       13
176
     1
 40
0.0
176
     1
 90
        0
176
     1
290
     0
176
     1
290
     1
176
     1
290
     1
176
     1
290
     0
176
     1
290
     0
176
     1
290
     0
176
     1
290
     0
176
     1
290
     0
176
     1
290
     0
176
     1
 90
       50
176
     1
 40
0.0
176
     1
 40
1.0
176
     1
 90
        0
176
     1
 62
    18
420
        0
176
     1
 90
       50
176
     1
 90
        3
176
     1
 62
     5
420
      255
176
     1
290
     0
176
     1
 90
       50
176
     1
 90
       50
176
     1
 90
       50
176
     1
290
     0
176
     1
 90
       50
176
     1
 62
   256
176
     0
 40
1.0
176
     0
 90
        2
176
     1
  1
strokes_ogs.tif
176
     1
290
     0
176
     1
 40
1.0
176
     1
 40
1.0
176
     1
  0
VISUALSTYLE
  5
18A
102
{ACAD_REACTORS
330
31
102
}
330
31
100
AcDbVisualStyle
  2
GouraudWithEdges
 70
     3
177
     3
291
     1
 70
    58
 90
        2
176
     1
 90
        2
176
     1
 90
        1
176
     1
 90
        2
176
     1
 40
0.6
176
     1
 40
30.0
176
     1
 62
     7
420
 16777215
176
     1
 90
        1
176
     1
 90
        0
176
     1
 62
     7
176
     1
 62
   257
176
     1
 90
        1
176
     1
 90
        1
176
     1
 40
1.0
176
     1
 90
        0
176
     1
 62
   257
176
     1
 40
1.0
176
     1
 90
        1
176
     1
 90
        6
176
     1
 90
        2
176
     1
 62
     7
176
     1
 90
        5
176
     1
 90
        0
176
     1
 90
        0
176
     1
290
     0
176
     1
 90
       13
176
     1
 40
0.0
176
     1
 90
        0
176
     1
290
     0
176
     1
290
     1
176
     1
290
     1
176
     1
290
     0
176
     1
290
     0
176
     1
290
     0
176
     1
290
     0
176
     1
290
     0
176
     1
290
     0
176
     1
 90
       50
176
     1
 40
0.0
176
     1
 40
1.0
176
     1
 90
        0
176
     1
 62
    18
420
        0
176
     1
 90
       50
176
     1
 90
        3
176
     1
 62
     5
420
      255
176
     1
290
     0
176
     1
 90
       50
176
     1
 90
       50
176
     1
 90
       50
176
     1
290
     0
176
     1
 90
       50
176
     1
 62
   256
176
     0
 40
1.0
176
     0
 90
        2
176
     1
  1
strokes_ogs.tif
176
     1
290
     0
176
     1
 40
1.0
176
     1
 40
1.0
176
     1
  0
VISUALSTYLE
  5
18C
102
{ACAD_REACTORS
330
31
102
}
330
31
100
AcDbVisualStyle
  2
Hidden
 70
     6
177
     3
291
     0
 70
    58
 90
        1
176
     1
 90
        2
176
     1
 90
        2
176
     1
 90
        0
176
     1
 40
0.6
176
     1
 40
30.0
176
     1
 62
     7
420
 16777215
176
     1
 90
        2
176
     1
 90
        2
176
     1
 62
     7
176
     1
 62
   257
176
     1
 90
        2
176
     1
 90
        1
176
     1
 40
40.0
176
     1
 90
        0
176
     1
 62
   257
176
     1
 40
1.0
176
     1
 90
        1
176
     1
 90
        6
176
     1
 90
        2
176
     1
 62
     7
176
     1
 90
        3
176
     1
 90
        0
176
     1
 90
        0
176
     1
290
     0
176
     1
 90
        1
176
     1
 40
0.0
176
     1
 90
        0
176
     1
290
     0
176
     1
290
     1
176
     1
290
     1
176
     1
290
     0
176
     1
290
     0
176
     1
290
     0
176
     1
290
     0
176
     1
290
     0
176
     1
290
     0
176
     1
 90
       50
176
     1
 40
0.0
176
     1
 40
1.0
176
     1
 90
        0
176
     1
 62
    18
420
        0
176
     1
 90
       50
176
     1
 90
        3
176
     1
 62
     5
420
      255
176
     1
290
     0
176
     1
 90
       50
176
     1
 90
       50
176
     1
 90
       50
176
     1
290
     0
176
     1
 90
       50
176
     1
 62
   256
176
     0
 40
1.0
176
     0
 90
        2
176
     1
  1
strokes_ogs.tif
176
     1
290
     0
176
     1
 40
1.0
176
     1
 40
1.0
176
     1
  0
VISUALSTYLE
  5
196
102
{ACAD_REACTORS
330
31
102
}
330
31
100
AcDbVisualStyle
  2
JitterOff
 70
    20
177
     3
291
     1
 70
    58
 90
        2
176
     0
 90
        2
176
     0
 90
        0
176
     0
 90
        0
176
     0
 40
0.6
176
     0
 40
30.0
176
     0
 62
     7
420
 16777215
176
     0
 90
        1
176
     0
 90
        4
176
     0
 62
     7
176
     0
 62
   257
176
     0
 90
        1
176
     0
 90
        1
176
     0
 40
1.0
176
     0
 90
       10
176
     2
 62
     7
176
     0
 40
1.0
176
     0
 90
        1
176
     0
 90
        6
176
     0
 90
        2
176
     0
 62
     7
176
     0
 90
        5
176
     0
 90
        0
176
     0
 90
        0
176
     0
290
     0
176
     0
 90
        1
176
     0
 40
0.0
176
     0
 90
        0
176
     0
290
     0
176
     0
290
     1
176
     0
290
     1
176
     0
290
     0
176
     0
290
     0
176
     0
290
     0
176
     0
290
     0
176
     0
290
     0
176
     0
290
     0
176
     0
 90
       50
176
     0
 40
0.0
176
     0
 40
1.0
176
     0
 90
        0
176
     0
 62
    18
420
        0
176
     0
 90
       50
176
     0
 90
        3
176
     0
 62
     5
420
      255
176
     0
290
     0
176
     0
 90
       50
176
     0
 90
       50
176
     0
 90
       50
176
     0
290
     0
176
     0
 90
       50
176
     0
 62
   256
176
     0
 40
1.0
176
     0
 90
        2
176
     0
  1
strokes_ogs.tif
176
     0
290
     0
176
     0
 40
1.0
176
     0
 40
1.0
176
     0
  0
VISUALSTYLE
  5
193
102
{ACAD_REACTORS
330
31
102
}
330
31
100
AcDbVisualStyle
  2
Linepattern
 70
    14
177
     3
291
     1
 70
    58
 90
        2
176
     1
 90
        2
176
     1
 90
        0
176
     1
 90
        0
176
     1
 40
0.6
176
     1
 40
30.0
176
     1
 62
     7
420
 16777215
176
     1
 90
        1
176
     1
 90
        4
176
     1
 62
     7
176
     1
 62
   257
176
     1
 90
        7
176
     1
 90
        7
176
     1
 40
1.0
176
     1
 90
        8
176
     1
 62
     7
176
     1
 40
1.0
176
     1
 90
        1
176
     1
 90
        6
176
     1
 90
        2
176
     1
 62
     7
176
     1
 90
        5
176
     1
 90
        0
176
     1
 90
        0
176
     1
290
     0
176
     1
 90
        1
176
     1
 40
0.0
176
     1
 90
        0
176
     1
290
     0
176
     1
290
     1
176
     1
290
     1
176
     1
290
     0
176
     1
290
     0
176
     1
290
     0
176
     1
290
     0
176
     1
290
     0
176
     1
290
     0
176
     1
 90
       50
176
     1
 40
0.0
176
     1
 40
1.0
176
     1
 90
        0
176
     1
 62
    18
420
        0
176
     1
 90
       50
176
     1
 90
        3
176
     1
 62
     5
420
      255
176
     1
290
     0
176
     1
 90
       50
176
     1
 90
       50
176
     1
 90
       50
176
     1
290
     0
176
     1
 90
       50
176
     1
 62
   256
176
     0
 40
1.0
176
     0
 90
        2
176
     1
  1
strokes_ogs.tif
176
     1
290
     0
176
     1
 40
1.0
176
     1
 40
1.0
176
     1
  0
VISUALSTYLE
  5
197
102
{ACAD_REACTORS
330
31
102
}
330
31
100
AcDbVisualStyle
  2
OverhangOff
 70
    21
177
     3
291
     1
 70
    58
 90
        2
176
     0
 90
        2
176
     0
 90
        0
176
     0
 90
        0
176
     0
 40
0.6
176
     0
 40
30.0
176
     0
 62
     7
420
 16777215
176
     0
 90
        1
176
     0
 90
        4
176
     0
 62
     7
176
     0
 62
   257
176
     0
 90
        1
176
     0
 90
        1
176
     0
 40
1.0
176
     0
 90
        9
176
     2
 62
     7
176
     0
 40
1.0
176
     0
 90
        1
176
     0
 90
        6
176
     0
 90
        2
176
     0
 62
     7
176
     0
 90
        5
176
     0
 90
        0
176
     0
 90
        0
176
     0
290
     0
176
     0
 90
        1
176
     0
 40
0.0
176
     0
 90
        0
176
     0
290
     0
176
     0
290
     1
176
     0
290
     1
176
     0
290
     0
176
     0
290
     0
176
     0
290
     0
176
     0
290
     0
176
     0
290
     0
176
     0
290
     0
176
     0
 90
       50
176
     0
 40
0.0
176
     0
 40
1.0
176
     0
 90
        0
176
     0
 62
    18
420
        0
176
     0
 90
       50
176
     0
 90
        3
176
     0
 62
     5
420
      255
176
     0
290
     0
176
     0
 90
       50
176
     0
 90
       50
176
     0
 90
       50
176
     0
290
     0
176
     0
 90
       50
176
     0
 62
   256
176
     0
 40
1.0
176
     0
 90
        2
176
     0
  1
strokes_ogs.tif
176
     0
290
     0
176
     0
 40
1.0
176
     0
 40
1.0
176
     0
  0
VISUALSTYLE
  5
18E
102
{ACAD_REACTORS
330
31
102
}
330
31
100
AcDbVisualStyle
  2
Realistic
 70
     8
177
     3
291
     0
 70
    58
 90
        2
176
     1
 90
        3
176
     1
 90
        0
176
     1
 90
        2
176
     1
 40
0.6
176
     1
 40
30.0
176
     1
 62
     7
420
 16777215
176
     1
 90
        0
176
     1
 90
        0
176
     1
 62
     7
176
     1
 62
   257
176
     1
 90
        1
176
     1
 90
        1
176
     1
 40
1.0
176
     1
 90
        8
176
     1
 62
   257
176
     1
 40
1.0
176
     1
 90
        1
176
     1
 90
        6
176
     1
 90
        2
176
     1
 62
     7
176
     1
 90
        3
176
     1
 90
        0
176
     1
 90
        0
176
     1
290
     0
176
     1
 90
       13
176
     1
 40
0.0
176
     1
 90
        0
176
     1
290
     0
176
     1
290
     1
176
     1
290
     1
176
     1
290
     0
176
     1
290
     0
176
     1
290
     0
176
     1
290
     0
176
     1
290
     0
176
     1
290
     0
176
     1
 90
       50
176
     1
 40
0.0
176
     1
 40
1.0
176
     1
 90
        0
176
     1
 62
    18
420
        0
176
     1
 90
       50
176
     1
 90
        3
176
     1
 62
     5
420
      255
176
     1
290
     0
176
     1
 90
       50
176
     1
 90
       50
176
     1
 90
       50
176
     1
290
     0
176
     1
 90
       50
176
     1
 62
   256
176
     0
 40
1.0
176
     0
 90
        2
176
     1
  1
strokes_ogs.tif
176
     1
290
     0
176
     1
 40
1.0
176
     1
 40
1.0
176
     1
  0
VISUALSTYLE
  5
19D
102
{ACAD_REACTORS
330
31
102
}
330
31
100
AcDbVisualStyle
  2
Shaded
 70
    27
177
     3
291
     0
 70
    58
 90
        2
176
     1
 90
        2
176
     1
 90
        1
176
     1
 90
        2
176
     1
 40
0.6
176
     1
 40
30.0
176
     1
 62
     7
420
 16777215
176
     1
 90
        0
176
     1
 90
        4
176
     1
 62
     7
176
     1
 62
   257
176
     1
 90
        1
176
     1
 90
        1
176
     1
 40
1.0
176
     1
 90
        8
176
     1
 62
   257
176
     1
 40
1.0
176
     1
 90
        1
176
     1
 90
        6
176
     1
 90
        2
176
     1
 62
     8
420
  7895160
176
     1
 90
        3
176
     1
 90
        0
176
     1
 90
        0
176
     1
290
     0
176
     1
 90
        5
176
     1
 40
0.0
176
     1
 90
        0
176
     1
290
     0
176
     1
290
     1
176
     1
290
     1
176
     1
290
     0
176
     1
290
     0
176
     1
290
     0
176
     1
290
     0
176
     1
290
     0
176
     1
290
     0
176
     1
 90
       50
176
     1
 40
0.0
176
     1
 40
1.0
176
     1
 90
        0
176
     1
 62
    18
420
        0
176
     1
 90
       50
176
     1
 90
        3
176
     1
 62
     5
420
      255
176
     1
290
     0
176
     1
 90
       50
176
     1
 90
       50
176
     1
 90
       50
176
     1
290
     0
176
     1
 90
       50
176
     1
 62
   256
176
     0
 40
1.0
176
     0
 90
        2
176
     1
  1
strokes_ogs.tif
176
     1
290
     0
176
     1
 40
1.0
176
     1
 40
1.0
176
     1
  0
VISUALSTYLE
  5
19C
102
{ACAD_REACTORS
330
31
102
}
330
31
100
AcDbVisualStyle
  2
Shaded with edges
 70
    26
177
     3
291
     0
 70
    58
 90
        2
176
     1
 90
        2
176
     1
 90
        1
176
     1
 90
        2
176
     1
 40
0.6
176
     1
 40
30.0
176
     1
 62
     7
420
 16777215
176
     1
 90
        1
176
     1
 90
       10
176
     1
 62
     7
176
     1
 62
   257
176
     1
 90
        2
176
     1
 90
        1
176
     1
 40
1.0
176
     1
 90
        8
176
     1
 62
   257
176
     1
 40
1.0
176
     1
 90
        1
176
     1
 90
        6
176
     1
 90
        2
176
     1
 62
     7
176
     1
 90
        3
176
     1
 90
        0
176
     1
 90
        0
176
     1
290
     0
176
     1
 90
        5
176
     1
 40
0.0
176
     1
 90
        0
176
     1
290
     0
176
     1
290
     1
176
     1
290
     1
176
     1
290
     0
176
     1
290
     0
176
     1
290
     0
176
     1
290
     0
176
     1
290
     0
176
     1
290
     0
176
     1
 90
       50
176
     1
 40
0.0
176
     1
 40
1.0
176
     1
 90
        0
176
     1
 62
    18
420
        0
176
     1
 90
       50
176
     1
 90
        3
176
     1
 62
     5
420
      255
176
     1
290
     0
176
     1
 90
       50
176
     1
 90
       50
176
     1
 90
       50
176
     1
290
     0
176
     1
 90
       50
176
     1
 62
   256
176
     0
 40
1.0
176
     0
 90
        2
176
     1
  1
strokes_ogs.tif
176
     1
290
     0
176
     1
 40
1.0
176
     1
 40
1.0
176
     1
  0
VISUALSTYLE
  5
199
102
{ACAD_REACTORS
330
31
102
}
330
31
100
AcDbVisualStyle
  2
Shades of Gray
 70
    23
177
     3
291
     0
 70
    58
 90
        2
176
     1
 90
        2
176
     1
 90
        3
176
     1
 90
        0
176
     1
 40
0.6
176
     1
 40
30.0
176
     1
 62
     7
420
 16777215
176
     1
 90
        2
176
     1
 90
        2
176
     1
 62
     7
176
     1
 62
     7
176
     1
 90
        1
176
     1
 90
        1
176
     1
 40
40.0
176
     1
 90
        8
176
     1
 62
     7
176
     1
 40
1.0
176
     1
 90
        1
176
     1
 90
        6
176
     1
 90
        2
176
     1
 62
     7
176
     1
 90
        3
176
     1
 90
        0
176
     1
 90
        0
176
     1
290
     0
176
     1
 90
        1
176
     1
 40
0.0
176
     1
 90
        0
176
     1
290
     0
176
     1
290
     1
176
     1
290
     1
176
     1
290
     0
176
     1
290
     0
176
     1
290
     0
176
     1
290
     0
176
     1
290
     0
176
     1
290
     0
176
     1
 90
       50
176
     1
 40
0.0
176
     1
 40
1.0
176
     1
 90
        0
176
     1
 62
    18
420
        0
176
     1
 90
       50
176
     1
 90
        3
176
     1
 62
     5
420
      255
176
     1
290
     0
176
     1
 90
       50
176
     1
 90
       50
176
     1
 90
       50
176
     1
290
     0
176
     1
 90
       50
176
     1
 62
   256
176
     0
 40
1.0
176
     0
 90
        2
176
     1
  1
strokes_ogs.tif
176
     1
290
     0
176
     1
 40
1.0
176
     1
 40
1.0
176
     1
  0
VISUALSTYLE
  5
19A
102
{ACAD_REACTORS
330
31
102
}
330
31
100
AcDbVisualStyle
  2
Sketchy
 70
    24
177
     3
291
     0
 70
    58
 90
        1
176
     1
 90
        2
176
     1
 90
        2
176
     1
 90
        0
176
     1
 40
0.6
176
     1
 40
30.0
176
     1
 62
     7
420
 16777215
176
     1
 90
        2
176
     1
 90
        2
176
     1
 62
     7
176
     1
 62
     7
176
     1
 90
        1
176
     1
 90
        1
176
     1
 40
40.0
176
     1
 90
       11
176
     1
 62
     7
176
     1
 40
1.0
176
     1
 90
        1
176
     1
 90
        6
176
     1
 90
        2
176
     1
 62
     7
176
     1
 90
        6
176
     1
 90
        0
176
     1
 90
        0
176
     1
290
     0
176
     1
 90
        1
176
     1
 40
0.0
176
     1
 90
        0
176
     1
290
     0
176
     1
290
     1
176
     1
290
     1
176
     1
290
     0
176
     1
290
     0
176
     1
290
     0
176
     1
290
     0
176
     1
290
     0
176
     1
290
     0
176
     1
 90
       50
176
     1
 40
0.0
176
     1
 40
1.0
176
     1
 90
        0
176
     1
 62
    18
420
        0
176
     1
 90
       50
176
     1
 90
        3
176
     1
 62
     5
420
      255
176
     1
290
     0
176
     1
 90
       50
176
     1
 90
       50
176
     1
 90
       50
176
     1
290
     0
176
     1
 90
       50
176
     1
 62
   256
176
     0
 40
1.0
176
     0
 90
        2
176
     1
  1
strokes_ogs.tif
176
     1
290
     0
176
     1
 40
1.0
176
     1
 40
1.0
176
     1
  0
VISUALSTYLE
  5
192
102
{ACAD_REACTORS
330
31
102
}
330
31
100
AcDbVisualStyle
  2
Thicken
 70
    13
177
     3
291
     1
 70
    58
 90
        2
176
     1
 90
        2
176
     1
 90
        0
176
     1
 90
        0
176
     1
 40
0.6
176
     1
 40
30.0
176
     1
 62
     7
420
 16777215
176
     1
 90
        1
176
     1
 90
        4
176
     1
 62
     7
176
     1
 62
   257
176
     1
 90
        1
176
     1
 90
        1
176
     1
 40
1.0
176
     1
 90
       12
176
     1
 62
     7
176
     1
 40
1.0
176
     1
 90
        1
176
     1
 90
        6
176
     1
 90
        2
176
     1
 62
     7
176
     1
 90
        5
176
     1
 90
        0
176
     1
 90
        0
176
     1
290
     0
176
     1
 90
        1
176
     1
 40
0.0
176
     1
 90
        0
176
     1
290
     0
176
     1
290
     1
176
     1
290
     1
176
     1
290
     0
176
     1
290
     0
176
     1
290
     0
176
     1
290
     0
176
     1
290
     0
176
     1
290
     0
176
     1
 90
       50
176
     1
 40
0.0
176
     1
 40
1.0
176
     1
 90
        0
176
     1
 62
    18
420
        0
176
     1
 90
       50
176
     1
 90
        3
176
     1
 62
     5
420
      255
176
     1
290
     0
176
     1
 90
       50
176
     1
 90
       50
176
     1
 90
       50
176
     1
290
     0
176
     1
 90
       50
176
     1
 62
   256
176
     0
 40
1.0
176
     0
 90
        2
176
     1
  1
strokes_ogs.tif
176
     1
290
     0
176
     1
 40
1.0
176
     1
 40
1.0
176
     1
  0
VISUALSTYLE
  5
18B
102
{ACAD_REACTORS
330
31
102
}
330
31
100
AcDbVisualStyle
  2
Wireframe
 70
     5
177
     3
291
     0
 70
    58
 90
        0
176
     1
 90
        2
176
     1
 90
        0
176
     1
 90
        0
176
     1
 40
0.6
176
     1
 40
30.0
176
     1
 62
     7
420
 16777215
176
     1
 90
        1
176
     1
 90
        4
176
     1
 62
     7
176
     1
 62
   257
176
     1
 90
        1
176
     1
 90
        1
176
     1
 40
1.0
176
     1
 90
        0
176
     1
 62
   257
176
     1
 40
1.0
176
     1
 90
        1
176
     1
 90
        6
176
     1
 90
        2
176
     1
 62
     7
176
     1
 90
        3
176
     1
 90
        0
176
     1
 90
        0
176
     1
290
     0
176
     1
 90
        1
176
     1
 40
0.0
176
     1
 90
        0
176
     1
290
     0
176
     1
290
     1
176
     1
290
     1
176
     1
290
     0
176
     1
290
     0
176
     1
290
     0
176
     1
290
     0
176
     1
290
     0
176
     1
290
     0
176
     1
 90
       50
176
     1
 40
0.0
176
     1
 40
1.0
176
     1
 90
        0
176
     1
 62
    18
420
        0
176
     1
 90
       50
176
     1
 90
        3
176
     1
 62
     5
420
      255
176
     1
290
     0
176
     1
 90
       50
176
     1
 90
       50
176
     1
 90
       50
176
     1
290
     0
176
     1
 90
       50
176
     1
 62
   256
176
     0
 40
1.0
176
     0
 90
        2
176
     1
  1
strokes_ogs.tif
176
     1
290
     0
176
     1
 40
1.0
176
     1
 40
1.0
176
     1
  0
VISUALSTYLE
  5
19B
102
{ACAD_REACTORS
330
31
102
}
330
31
100
AcDbVisualStyle
  2
X-Ray
 70
    25
177
     3
291
     0
 70
    58
 90
        2
176
     1
 90
        2
176
     1
 90
        1
176
     1
 90
        1
176
     1
 40
0.5
176
     1
 40
30.0
176
     1
 62
     7
420
 16777215
176
     1
 90
        1
176
     1
 90
        0
176
     1
 62
     7
176
     1
 62
   257
176
     1
 90
        1
176
     1
 90
        1
176
     1
 40
1.0
176
     1
 90
        8
176
     1
 62
     7
176
     1
 40
1.0
176
     1
 90
        1
176
     1
 90
        6
176
     1
 90
        2
176
     1
 62
     7
176
     1
 90
        3
176
     1
 90
        0
176
     1
 90
        0
176
     1
290
     0
176
     1
 90
       13
176
     1
 40
0.0
176
     1
 90
        0
176
     1
290
     0
176
     1
290
     1
176
     1
290
     1
176
     1
290
     0
176
     1
290
     0
176
     1
290
     0
176
     1
290
     0
176
     1
290
     0
176
     1
290
     0
176
     1
 90
       50
176
     1
 40
0.0
176
     1
 40
1.0
176
     1
 90
        0
176
     1
 62
    18
420
        0
176
     1
 90
       50
176
     1
 90
        3
176
     1
 62
     5
420
      255
176
     1
290
     0
176
     1
 90
       50
176
     1
 90
       50
176
     1
 90
       50
176
     1
290
     0
176
     1
 90
       50
176
     1
 62
   256
176
     0
 40
1.0
176
     0
 90
        2
176
     1
  1
strokes_ogs.tif
176
     1
290
     0
176
     1
 40
1.0
176
     1
 40
1.0
176
     1
  0
DICTIONARYVAR
  5
1A7
102
{ACAD_REACTORS
330
1A6
102
}
330
1A6
100
DictionaryVariables
280
     0
  1
1:1
  0
DICTIONARYVAR
  5
1AC
102
{ACAD_REACTORS
330
1A6
102
}
330
1A6
100
DictionaryVariables
280
     0
  1
Standard
  0
DICTIONARYVAR
  5
1AB
102
{ACAD_REACTORS
330
1A6
102
}
330
1A6
100
DictionaryVariables
280
     0
  1
Standard
  0
DICTIONARYVAR
  5
1AF
102
{ACAD_REACTORS
330
1A6
102
}
330
1A6
100
DictionaryVariables
280
     0
  1
Metric50
  0
DICTIONARYVAR
  5
1B0
102
{ACAD_REACTORS
330
1A6
102
}
330
1A6
100
DictionaryVariables
280
     0
  1
Metric50
  0
DICTIONARYVAR
  5
1AD
102
{ACAD_REACTORS
330
1A6
102
}
330
1A6
100
DictionaryVariables
280
     0
  1
0
  0
DICTIONARYVAR
  5
1AE
102
{ACAD_REACTORS
330
1A6
102
}
330
1A6
100
DictionaryVariables
280
     0
  1
0
  0
DICTIONARY
  5
1A8
330
19F
100
AcDbDictionary
280
     1
281
     1
  3
ACAD_ROUNDTRIP_2008_TABLESTYLE_CELLSTYLEMAP
360
1A9
  0
CELLSTYLEMAP
  5
1A9
102
{ACAD_REACTORS
330
1A8
102
}
330
1A8
100
AcDbCellStyleMap
 90
        3
300
CELLSTYLE
  1
TABLEFORMAT_BEGIN
 90
        5
170
     1
 91
        0
 92
    32768
 62
   257
 93
        1
300
CONTENTFORMAT
  1
CONTENTFORMAT_BEGIN
 90
        0
 91
        0
 92
        4
 93
        0
300

 40
0.0
140
1.0
 94
        5
 62
     0
340
25
144
6.0
309
CONTENTFORMAT_END
171
     1
301
MARGIN
  1
CELLMARGIN_BEGIN
 40
1.5
 40
1.5
 40
1.5
 40
1.5
 40
1.5
 40
1.5
309
CELLMARGIN_END
 94
        6
 95
        1
302
GRIDFORMAT
  1
GRIDFORMAT_BEGIN
 90
        0
 91
        1
 62
     0
 92
       -2
340
28
 93
        0
 40
0.045
309
GRIDFORMAT_END
 95
        2
302
GRIDFORMAT
  1
GRIDFORMAT_BEGIN
 90
        0
 91
        1
 62
     0
 92
       -2
340
28
 93
        0
 40
0.045
309
GRIDFORMAT_END
 95
        4
302
GRIDFORMAT
  1
GRIDFORMAT_BEGIN
 90
        0
 91
        1
 62
     0
 92
       -2
340
28
 93
        0
 40
0.045
309
GRIDFORMAT_END
 95
        8
302
GRIDFORMAT
  1
GRIDFORMAT_BEGIN
 90
        0
 91
        1
 62
     0
 92
       -2
340
28
 93
        0
 40
0.045
309
GRIDFORMAT_END
 95
       16
302
GRIDFORMAT
  1
GRIDFORMAT_BEGIN
 90
        0
 91
        1
 62
     0
 92
       -2
340
28
 93
        0
 40
0.045
309
GRIDFORMAT_END
 95
       32
302
GRIDFORMAT
  1
GRIDFORMAT_BEGIN
 90
        0
 91
        1
 62
     0
 92
       -2
340
28
 93
        0
 40
0.045
309
GRIDFORMAT_END
309
TABLEFORMAT_END
  1
CELLSTYLE_BEGIN
 90
        1
 91
        1
300
_TITLE
309
CELLSTYLE_END
300
CELLSTYLE
  1
TABLEFORMAT_BEGIN
 90
        5
170
     1
 91
        0
 92
        0
 62
   257
 93
        1
300
CONTENTFORMAT
  1
CONTENTFORMAT_BEGIN
 90
        0
 91
        0
 92
        4
 93
        0
300

 40
0.0
140
1.0
 94
        5
 62
     0
340
25
144
4.5
309
CONTENTFORMAT_END
171
     1
301
MARGIN
  1
CELLMARGIN_BEGIN
 40
1.5
 40
1.5
 40
1.5
 40
1.5
 40
1.5
 40
1.5
309
CELLMARGIN_END
 94
        6
 95
        1
302
GRIDFORMAT
  1
GRIDFORMAT_BEGIN
 90
        0
 91
        1
 62
     0
 92
       -2
340
28
 93
        0
 40
0.045
309
GRIDFORMAT_END
 95
        2
302
GRIDFORMAT
  1
GRIDFORMAT_BEGIN
 90
        0
 91
        1
 62
     0
 92
       -2
340
28
 93
        0
 40
0.045
309
GRIDFORMAT_END
 95
        4
302
GRIDFORMAT
  1
GRIDFORMAT_BEGIN
 90
        0
 91
        1
 62
     0
 92
       -2
340
28
 93
        0
 40
0.045
309
GRIDFORMAT_END
 95
        8
302
GRIDFORMAT
  1
GRIDFORMAT_BEGIN
 90
        0
 91
        1
 62
     0
 92
       -2
340
28
 93
        0
 40
0.045
309
GRIDFORMAT_END
 95
       16
302
GRIDFORMAT
  1
GRIDFORMAT_BEGIN
 90
        0
 91
        1
 62
     0
 92
       -2
340
28
 93
        0
 40
0.045
309
GRIDFORMAT_END
 95
       32
302
GRIDFORMAT
  1
GRIDFORMAT_BEGIN
 90
        0
 91
        1
 62
     0
 92
       -2
340
28
 93
        0
 40
0.045
309
GRIDFORMAT_END
309
TABLEFORMAT_END
  1
CELLSTYLE_BEGIN
 90
        2
 91
        1
300
_HEADER
309
CELLSTYLE_END
300
CELLSTYLE
  1
TABLEFORMAT_BEGIN
 90
        5
170
     1
 91
        0
 92
        0
 62
   257
 93
        1
300
CONTENTFORMAT
  1
CONTENTFORMAT_BEGIN
 90
        0
 91
        0
 92
        4
 93
        0
300

 40
0.0
140
1.0
 94
        2
 62
     0
340
25
144
4.5
309
CONTENTFORMAT_END
171
     1
301
MARGIN
  1
CELLMARGIN_BEGIN
 40
1.5
 40
1.5
 40
1.5
 40
1.5
 40
1.5
 40
1.5
309
CELLMARGIN_END
 94
        6
 95
        1
302
GRIDFORMAT
  1
GRIDFORMAT_BEGIN
 90
        0
 91
        1
 62
     0
 92
       -2
340
28
 93
        0
 40
0.045
309
GRIDFORMAT_END
 95
        2
302
GRIDFORMAT
  1
GRIDFORMAT_BEGIN
 90
        0
 91
        1
 62
     0
 92
       -2
340
28
 93
        0
 40
0.045
309
GRIDFORMAT_END
 95
        4
302
GRIDFORMAT
  1
GRIDFORMAT_BEGIN
 90
        0
 91
        1
 62
     0
 92
       -2
340
28
 93
        0
 40
0.045
309
GRIDFORMAT_END
 95
        8
302
GRIDFORMAT
  1
GRIDFORMAT_BEGIN
 90
        0
 91
        1
 62
     0
 92
       -2
340
28
 93
        0
 40
0.045
309
GRIDFORMAT_END
 95
       16
302
GRIDFORMAT
  1
GRIDFORMAT_BEGIN
 90
        0
 91
        1
 62
     0
 92
       -2
340
28
 93
        0
 40
0.045
309
GRIDFORMAT_END
 95
       32
302
GRIDFORMAT
  1
GRIDFORMAT_BEGIN
 90
        0
 91
        1
 62
     0
 92
       -2
340
28
 93
        0
 40
0.045
309
GRIDFORMAT_END
309
TABLEFORMAT_END
  1
CELLSTYLE_BEGIN
 90
        3
 91
        2
300
_DATA
309
CELLSTYLE_END
  0
ENDSEC
  0
SECTION
  2
THUMBNAILIMAGE
 90
    20144
310
28000000B40000006A0000000100080000000000884A000000000000000000000001000000000000FFFFFF00FFFFFF0000000000FFFFFF00FFFFFF00FFFFFF00FFFFFF00FFFFFF00FFFFFF00FFFFFF00FFFFFF00330000006600000099000000CC000000FF00000000330000333300006633000099330000CC330000FF3300
310
0000660000336600006666000099660000CC660000FF66000000990000339900006699000099990000CC990000FF99000000CC000033CC000066CC000099CC0000CCCC0000FFCC000000FF000033FF000066FF000099FF0000CCFF0000FFFF000000003300330033006600330099003300CC003300FF003300003333003333
310
33006633330099333300CC333300FF33330000663300336633006666330099663300CC663300FF66330000993300339933006699330099993300CC993300FF99330000CC330033CC330066CC330099CC3300CCCC3300FFCC330000FF330033FF330066FF330099FF3300CCFF3300FFFF330000006600330066006600660099
310
006600CC006600FF00660000336600333366006633660099336600CC336600FF33660000666600336666006666660099666600CC666600FF66660000996600339966006699660099996600CC996600FF99660000CC660033CC660066CC660099CC6600CCCC6600FFCC660000FF660033FF660066FF660099FF6600CCFF6600
310
FFFF660000009900330099006600990099009900CC009900FF00990000339900333399006633990099339900CC339900FF33990000669900336699006666990099669900CC669900FF66990000999900339999006699990099999900CC999900FF99990000CC990033CC990066CC990099CC9900CCCC9900FFCC990000FF99
310
0033FF990066FF990099FF9900CCFF9900FFFF99000000CC003300CC006600CC009900CC00CC00CC00FF00CC000033CC003333CC006633CC009933CC00CC33CC00FF33CC000066CC003366CC006666CC009966CC00CC66CC00FF66CC000099CC003399CC006699CC009999CC00CC99CC00FF99CC0000CCCC0033CCCC0066CC
310
CC0099CCCC00CCCCCC00FFCCCC0000FFCC0033FFCC0066FFCC0099FFCC00CCFFCC00FFFFCC000000FF003300FF006600FF009900FF00CC00FF00FF00FF000033FF003333FF006633FF009933FF00CC33FF00FF33FF000066FF003366FF006666FF009966FF00CC66FF00FF66FF000099FF003399FF006699FF009999FF00CC
310
99FF00FF99FF0000CCFF0033CCFF0066CCFF0099CCFF00CCCCFF00FFCCFF0000FFFF0033FFFF0066FFFF0099FFFF00CCFFFF0000000000FFFFFF000D0D0D001A1A1A00282828003535350043434300505050005D5D5D006B6B6B00787878008686860093939300A1A1A100AEAEAE00BBBBBB00C9C9C900D6D6D600E4E4E400
310
F1F1F10000000000FFFFFF00FFFFFF00FFFFFF00FFFFFF00FFFFFF00FFFFFF00FFFFFF00FFFFFF00FFFFFF00FFFFFF00E2E2E2E2E2E2E2E2E2E2E2E2E2E2E2E2E2E2E2E2E2E2E2E2E2E2E2E2E2E2E2E2E2E2E2E2E2E2E2E2E2E2E2E2E2E2E2E2E2E2E2E2E2E2E2E2E2E2E2E2E2E2E2E2E2E2E2E2E2E2E2E2E2E2E2E2E2E2E2
310
E2E2E2E2E2E2E2E2E2E2E2E2E2E2E2E2E2E2E2E2E2E2E2E2E2E2E2E2E2E2E2E2E2E2E2E2E2E2E2E2E2E2E2E2E2E2E2E2E2E2E2E2E2E2E2E2E2E2E2E2E2E2E2E2E2E2E2E2E2E2E2E2E2E2E2E2E2E2E2E2E2E2E2E2E2E2E2E2E2E2E2E2E2E2E2E2E2E2E2E2E2E2E2E2E2E2E2E2E2E2E2E2E2E2E2E2E2E2E2E2E2E2E2E2E2E2E2
310
E2E2E2E2E2E2E2E2E2E2E2E2E2E2E2E2E2E2E2E2E2E2E2E2E2E2F5F5F5F5F5F5F5F5F5F5F5F5F5F5F5F5F5F5F5F5F5F5F5F5F5F5F5F5F5F5F5F5F5F5F5F5F5F5F5F5F5F5F5F5F5F5F5F5F5F5F5F5F5F5F5F5F5F5F5F5F5F5F5F5F5F5F5F5F5F5F5F5F5F5F5F5E2E2E2E2E2E2E2E2E2E2E2E2E2E2E2E2E2E2E2E2E2E2E2E2E2
310
E2E2E2E2E2E2E2E2E2E2E2E2E2E2E2E2E2E2E2E2E2E2E2E2E2E2E2E2E2E2E2E2E2E2E2E2E2E2E2E2E2E2E2E2E2E2E2E2E2E2E2E2E2E2E2E2E2E2E2E2E2E2E2E2E2E2E2E2E2E2E2E2E2E2E2E2E2E2E2F5E2E2E2E2E2E2E2E2F5F5F5F5F5F5F5F5F5F5F5F5F5F5F5F5F5F5F5F5F5F5F5F5F5F5F5F5F5F5F5F5F5F5F5F5F5F5F5
310
F5F5F5F5F5F5F5F5F5F5F5F5F5F5F5F5F5F5F5F5F5F5F5F5F5F5E2F5E2E2E2E2E2E2E2E2E2E2E2E2E2E2E2E2E2E2E2E2E2E2E2E2E2E2E2E2E2E2E2E2E2E2E2E2E2E2E2E2E2E2E2E2E2E2E2E2E2E2E2E2E2E2E2E2E2E2E2E2E2E2E2E2E2E2E2E2E2E2E2E2E2E2E2E2E2E2E2E2E2E2E2E2E2E2E2E2E2E2E2E2E2E2E2E2E2E2E2
310
E2E2E2E2E2F5E2E2E2E2E2E2E2E2F5F5F5F5F5F5F5F5F5F5F5F5F5F5F5F5F5F5F5F5F5F5F5F5F5F5F5F5F5F5F5F5F5F5F5F5F5F5F5F5F5F5F5F5F5F5F5F5F5F5F5F5F5F5F5F5F5F5F5F5F5F5F5F5F5E2F5E2E2E2E2E2E2E2E2E2E2E2E2E2E2E2E2E2E2E2E2E2E2E2E2E2E2E2E2E2E2E2E2E2E2E2E2E2E2E2E2E2E2E2E2E2E2
310
E2E2E2E2E2E2E2E2E2E2E2E2E2E2E2E2E2E2E2E2E2E2E2E2E2E2E2E2E2E2E2E2E2E2E2E2E2E2E2E2E2E2E2E2E2E2E2E2E2E2E2E2E2E2E2E2E2E2F5E2E2E2E2E2E2E2E2F5E2BEBEBEE2BEE2E2E2E2E2E2E2E2E2E2E2E2E2E2E2E2E2E2E2E2E2E2E2E2E2E2E2E2E2E2E2E2E2E2E2E2E2E2E2E2E2E2E2E2E2E2E2E2E2E2E2E2E2
310
E2E2E2E2F5E2F5E2E2E2E2E2E2E2E2E2E2E2E2E2E2E2E2E2E2E2E2E2E2E2E2E2E2E2E2E2E2E2E2E2E2E2E2E2E2E2E2E2E2E2E2E2E2E2E2E2E2E2E2E2E2E2E2E2E2E2E2E2E2E2E2E2E2E2E2E2E2E2E2E2E2E2E2E2E2E2E2E2E2E2E2E2E2E2E2E2E2E2E2E2E2E2E2E2E2E2E2E2E2E2E2F5E2E2E2E2E2E2E2E2F5E2BEBEBEE2BE
310
E2E2E2E2E2E2E2E2E2E2E2E2E2E2E2E2E2E2E2E2E2E2E2E2E2E2E2E2E2E2E2E2E2E2E2E2E2E2E2E2E2E2E2E2E2E2E2E2E2E2E2E2E2E2E2E2E2F5E2F5E2E2E2E2E2E2E2E2E2E2E2E2E2E2E2E2E2E2E2E2E2E2E2E2E2E2E2E2E2E2E2E2E2E2E2E2E2E2E2E2E2E2E2E2E2E2E2E2E2E2E2E2E2E2E2E2E2E2E2E2E2E2E2E2E2E2E2
310
E2E2E2E2E2E2E2E2E2E2E2E2E2E2E2E2E2E2E2E2E2E2E2E2E2E2E2E2E2E2E2E2E2E2E2E2E2F5E2E2E2E2E2E2E2E2F5F5F5F5F5F5F5F5F5F5F5F5F5F5F5F5F5F5F5F5F5F5F5F5F5F5F5F5F5F5F5F5F5F5F5F5F5F5F5F5F5F5F5F5F5F5F5F5F5F5F5F5F5F5F5F5F5F5F5F5F5F5F5F5F5E2F5E2E2E2E2E2E2E2E2E2E2E2E2E2E2
310
E2E2E2E2E2E2E2E2E2E2E2E2E2E2E2E2E2E2E2E2E2E2E2E2E2E2E2E2E2E2E2E2E2E2E2E2E2E2E2E2E2E2E2E2E2E2E2E2E2E2E2E2E2E2E2E2E2E2E2E2E2E2E2E2E2E2E2E2E2E2E2E2E2E2E2E2E2E2E2E2E2E2E2E2E2E2E2E2E2E2F5E2E2E2E2E2E2E2E2F5E2BEBEF5E2E2F5F5F5F5F5F5F5F5E2E2F5E2F5F5F5F5F5F5F5F5F5
310
F5F5F5F5F5F5F5F5F5F5F5E2E2E2E2E2E2E2F5F5F5E2BEE2F5E2E2E2E2E2E2E2E2E2E2E2F5E2F5E2E2E2E2E2E2E2E2E2E2E2E2E2E2E2E2E2E2E2E2E2E2E2E2E2E2E2E2E2E2E2E2E2E2E2E2E2E2E2E2E2E2E2E2E2E2E2E2E2E2E2E2E2E2E2E2E2E2E2E2E2E2E2E2E2E2E2E2E2E2E2E2E2E2E2E2E2E2E2E2E2E2E2E2E2E2E2E2
310
E2E2E2E2E2E2E2E2E2E2E2E2E2E2E2E2F5E2E2E2E2E2E2E2E2F5E2BEBEF5E2F5F5F5F5F5F5F5F5F5E2E2F5E2F5F5F5F5F5F5F5F5F5F5F5F5F5F5F5F5F5F5F5F5E2E2E2E2E2E2F5F5F5F5BEBEE2F5E2E2E2E2E2E2E2E2E2E2E2F5E2F5E2E2E2E2E2E2E2E2E2E2E2E2E2E2E2E2E2E2E2E2E2E2E2E2E2E2E2E2E2E2E2E2E2E2E2
310
E2E2E2E2E2E2E2E2E2E2E2E2E2E2E2E2E2E2E2E2E2E2E2E2E2E2E2E2E2E2E2E2E2E2E2E2E2E2E2E2E2E2E2E2E2E2E2E2E2E2E2E2E2E2E2E2E2E2E2E2E2E2E2E2E2E2E2E2E2F5E2E2E2E2E2E2E2E2F5F5BEBEF5F5F5F5F5F5F5F5F5F5F5F5F5F5F5F5F5F5F5F5F5F5F5F5F5F5F5F5F5F5F5F5F5F5F5F5F5F5F5F5F5F5F5F5F5
310
F5BEF5F5F5F5F5F5F5F5F5F5F5F5F5F5E2F5E2E2E2E2E2E2E2E2E2E2E2E2E2E2E2E2E2E2E2E2E2E2E2E2E2E2E2E2E2E2E2E2E2E2E2E2E2E2E2E2E2E2E2E2E2E2E2E2E2E2E2E2E2E2E2E2E2E2E2E2E2E2E2E2E2E2E2E2E2E2E2E2E2E2E2E2E2E2E2E2E2E2E2E2E2E2E2E2E2E2E2E2E2E2E2E2E2E2E2E2E2E2E2E2F5E2E2E2E2
310
E2E2E2E2F5BEBEBEF5E2F5F5F5F5F5F5F5F5F5E2E2F5E2F5F5F5F5F5F5F5F5F5F5F5F5F5F5F5F5F5F5F5F5E2E2E2E2E2E2E2F5F5F5E2BEE2F5E2E2E2E2E2E2E2E2E2E2E2F5E2F5E2E2E2E2E2E2E2E2E2E2E2E2E2E2E2E2E2E2E2E2E2E2E2E2E2E2E2E2E2E2E2E2E2E2E2E2E2E2E2E2E2E2E2E2E2E2E2E2E2E2E2E2E2E2E2E2
310
E2E2E2E2E2E2E2E2E2E2E2E2E2E2E2E2E2E2E2E2E2E2E2E2E2E2E2E2E2E2E2E2E2E2E2E2E2E2E2E2E2E2E2E2E2E2E2E2F5E2E2E2E2E2E2E2E2F5E2BEBEF5E2E2F5F5F5F5F5F5F5F5E2E2F5E2F5F5F5E2F5F5F5F5F5F5F5F5F5F5F5F5F5F5F5F5E2E2E2E2E2E2F5F5F5F5BEBEE2F5E2E2E2E2E2E2E2E2E2E2E2F5E2F5E2E2E2
310
E2E2E2E2E2E2E2E2E2E2E2E2E2E2E2E2E2E2E2E2E2E2E2E2E2E2E2E2E2E2E2E2E2E2E2E2E2E2E2E2E2E2E2E2E2E2E2E2E2E2E2E2E2E2E2E2E2E2E2E2E2E2E2E2E2E2E2E2E2E2E2E2E2E2E2E2E2E2E2E2E2E2E2E2E2E2E2E2E2E2E2E2E2E2E2E2E2E2E2E2E2F5E2E2E2E2E2E2E2E2F5F5F5F5F5F5F5F5F5F5F5F5F5F5F5F5F5
310
F5F5F5F5F5F5F5F5F5F5F5F5F5F5F5F5F5F5F5F5F5F5F5F5F5F5F5F5F5F5F5F5F5F5F5F5F5F5F5F5F5F5F5F5F5F5F5F5E2F5E2E2E2E2E2E2E2E2E2E2E2E2E2E2E2E2E2E2E2E2E2E2E2E2E2E2E2E2E2E2E2E2E2E2E2E2E2E2E2E2E2E2E2E2E2E2E2E2E2E2E2E2E2E2E2E2E2E2E2E2E2E2E2E2E2E2E2E2E2E2E2E2E2E2E2E2E2
310
E2E2E2E2E2E2E2E2E2E2E2E2E2E2E2E2E2E2E2E2E2E2E2E2E2E2E2F5E2E2E2E2E2E2E2E2F5E2BEBEF5E2F5F5F5F5F5F5F5F5F5E2E2F5E2F5F5F5F5F5F5F5F5F5F5F5F5F5F5F5F5F5F5F5F5E2E2E2E2E2E2F5F5F5F5E2BEE2F5E2E2E2E2E2E2E2E2E2E2E2F5E2F5E2E2E2E2E2E2E2E2E2E2E2E2E2E2E2E2E2E2E2E2E2E2E2E2
310
E2E2E2E2E2E2E2E2E2E2E2E2E2E2E2E2E2E2E2E2E2E2E2E2E2E2E2E2E2E2E2E2E2E2E2E2E2E2E2E2E2E2E2E2E2E2E2E2E2E2E2E2E2E2E2E2E2E2E2E2E2E2E2E2E2E2E2E2E2E2E2E2E2E2E2E2E2E2E2E2F5E2E2E2E2E2E2E2E2F5E2BEBEF5E2E2F5F5F5E2F5F5F5F5E2E2F5E2F5F5F5E2F5F5F5F5F5F5F5F5F5F5F5F5F5F5F5
310
F5E2E2E2E2E2E2E2F5F5F5BEBEE2F5E2E2E2E2E2E2E2E2E2E2E2F5E2F5E2E2E2E2E2E2E2E2E2E2E2E2E2E2E2E2E2E2E2E2E2E2E2E2E2E2E2E2E2E2E2E2E2E2E2E2E2E2E2E2E2E2E2E2E2E2E2E2E2E2E2E2E2E2E2E2E2E2E2E2E2E2E2E2E2E2E2E2E2E2E2E2E2E2E2E2E2E2E2E2E2E2E2E2E2E2E2E2E2E2E2E2E2E2E2E2E2E2
310
E2E2E2E2E2E2F5E2E2E2E2E2E2E2E2F5F5F5F5F5F5F5F5F5F5F5F5F5F5F5F5F5F5F5F5F5F5F5F5F5F5F5F5F5F5F5F5F5F5F5F5F5F5F5F5F5F5F5F5F5F5F5F5F5F5F5F5F5F5F5F5F5F5F5F5F5F5F5F5F5E2F5E2E2E2E2E2E2E2E2E2E2E2E2E2E2E2E2E2E2E2E2E2E2E2E2E2E2E2E2E2E2E2E2E2E2E2E2E2E2E2E2E2E2E2E2E2
310
E2E2E2E2E2E2E2E2E2E2E2E2E2E2E2E2E2E2E2E2E2E2E2E2E2E2E2E2E2E2E2E2E2E2E2E2E2E2E2E2E2E2E2E2E2E2E2E2E2E2E2E2E2E2E2E2E2E2E2F5E2E2E2E2E2E2E2E2F5E2BEBEF5E2E2F5F5F5F5F5F5F5F5E2E2F5E2F5F5F5F5F5F5F5F5F5F5F5F5F5F5F5F5F5F5F5F5E2E2E2E2E2E2F5F5F5F5E2BEE2F5E2E2E2E2E2E2
310
E2E2E2E2E2F5E2F5E2E2E2E2E2E2E2E2E2E2E2E2E2E2E2E2E2E2E2E2E2E2E2E2E2E2E2E2E2E2E2E2E2E2E2E2E2E2E2E2E2E2E2E2E2E2E2E2E2E2E2E2E2E2E2E2E2E2E2E2E2E2E2E2E2E2E2E2E2E2E2E2E2E2E2E2E2E2E2E2E2E2E2E2E2E2E2E2E2E2E2E2E2E2E2E2E2E2E2E2E2E2E2E2F5E2E2E2E2E2E2E2E2F5E2BEBEF5E2
310
E2F5F5F5E2F5F5F5F5E2E2F5E2F5F5F5E2F5F5F5F5F5F5F5F5F5F5F5F5F5F5F5F5E2E2E2E2E2E2E2F5F5F5BEBEE2F5E2E2E2E2E2E2E2E2E2E2E2F5E2F5E2E2E2E2E2E2E2E2E2E2E2E2E2E2E2E2E2E2E2E2E2E2E2E2E2E2E2E2E2E2E2E2E2E2E2E2E2E2E2E2E2E2E2E2E2E2E2E2E2E2E2E2E2E2E2E2E2E2E2E2E2E2E2E2E2E2
310
E2E2E2E2E2E2E2E2E2E2E2E2E2E2E2E2E2E2E2E2E2E2E2E2E2E2E2E2E2E2E2E2E2E2E2E2E2E2F5E2E2E2E2E2E2E2E2F5F5BEBEF5F5F5F5F5F5F5F5F5F5F5F5F5F5F5F5F5F5F5F5F5F5F5F5F5F5F5F5F5F5F5F5F5F5F5F5F5F5F5F5F5F5F5F5F5F5BEF5F5F5F5F5F5F5F5F5F5F5F5F5F5E2F5E2E2E2E2E2E2E2E2E2E2E2E2E2
310
E2E2E2E2E2E2E2E2E2E2E2E2E2E2E2E2E2E2E2E2E2E2E2E2E2E2E2E2E2E2E2E2E2E2E2E2E2E2E2E2E2E2E2E2E2E2E2E2E2E2E2E2E2E2E2E2E2E2E2E2E2E2E2E2E2E2E2E2E2E2E2E2E2E2E2E2E2E2E2E2E2E2E2E2E2E2E2E2E2E2E2F5E2E2E2E2E2E2E2E2F5E2BEBEF5E2F5F5F5F5F5F5F5F5F5E2E2F5E2F5F5F5F5F5F5F5F5
310
F5F5F5F5F5F5F5F5F5F5F5F5E2E2E2E2E2E2F5F5F5F5E2BEE2F5E2E2E2E2E2E2E2E2E2E2E2F5E2F5E2E2E2E2E2E2E2E2E2E2E2E2E2E2E2E2E2E2E2E2E2E2E2E2E2E2E2E2E2E2E2E2E2E2E2E2E2E2E2E2E2E2E2E2E2E2E2E2E2E2E2E2E2E2E2E2E2E2E2E2E2E2E2E2E2E2E2E2E2E2E2E2E2E2E2E2E2E2E2E2E2E2E2E2E2E2E2
310
E2E2E2E2E2E2E2E2E2E2E2E2E2E2E2E2E2F5E2E2E2E2E2E2E2E2F5F5BEBEF5F5F5F5F5F5F5F5F5F5F5F5F5F5F5F5F5F5F5F5F5F5F5F5F5F5F5F5F5F5F5F5F5F5F5F5F5F5F5F5F5F5F5F5F5BEBEF5F5F5F5F5F5F5F5F5F5F5F5F5F5E2F5E2E2E2E2E2E2E2E2E2E2E2E2E2E2E2E2E2E2E2E2E2E2E2E2E2E2E2E2E2E2E2E2E2E2
310
E2E2E2E2E2E2E2E2E2E2E2E2E2E2E2E2E2E2E2E2E2E2E2E2E2E2E2E2E2E2E2E2E2E2E2E2E2E2E2E2E2E2E2E2E2E2E2E2E2E2E2E2E2E2E2E2E2E2E2E2E2E2E2E2E2E2E2E2E2E2F5E2E2E2E2E2E2E2E2F5E2BEBEF5E2E2F5F5F5F5F5F5F5F5E2E2F5E2F5F5F5F5F5F5F5F5F5F5F5F5F5F5F5F5F5F5F5F5E2E2E2E2E2E2E2F5F5
310
F5E2BEE2F5E2E2E2E2E2E2E2E2E2E2E2F5E2F5E2E2E2E2E2E2E2E2E2E2E2E2E2E2E2E2E2E2E2E2E2E2E2E2E2E2E2E2E2E2E2E2E2E2E2E2E2E2E2E2E2E2E2E2E2E2E2E2E2E2E2E2E2E2E2E2E2E2E2E2E2E2E2E2E2E2E2E2E2E2E2E2E2E2E2E2E2E2E2E2E2E2E2E2E2E2E2E2E2E2E2E2E2E2E2E2E2E2E2E2E2E2E2E2F5E2E2E2
310
E2E2E2E2E2F5E2BEBEF5E2E2F5F5F5F5F5F5F5F5E2E2F5E2F5F5F5F5F5F5F5F5F5F5F5F5F5F5F5F5F5F5F5F5E2E2E2E2E2E2F5F5F5F5BEBEE2F5E2E2E2E2E2E2E2E2E2E2E2F5E2F5E2E2E2E2E2E2E2E2E2E2E2E2E2E2E2E2E2E2E2E2E2E2E2E2E2E2E2E2E2E2E2E2E2E2E2E2E2E2E2E2E2E2E2E2E2E2E2E2E2E2E2E2E2E2E2
310
E2E2E2E2E2E2E2E2E2E2E2E2E2E2E2E2E2E2E2E2E2E2E2E2E2E2E2E2E2E2E2E2E2E2E2E2E2E2E2E2E2E2E2E2E2E2E2E2E2F5E2E2E2E2E2E2E2E2F5F5BEBEF5F5F5F5F5F5F5F5F5F5F5F5F5F5F5F5F5F5F5F5F5F5F5F5F5F5F5F5F5F5F5F5F5F5F5F5F5F5F5F5F5F5F5F5F5F5F5F5F5F5F5F5F5F5F5F5F5F5F5F5F5E2F5E2E2
310
E2E2E2E2E2E2E2E2E2E2E2E2E2E2E2E2E2E2E2E2E2E2E2E2E2E2E2E2E2E2E2E2E2E2E2E2E2E2E2E2E2E2E2E2E2E2E2E2E2E2E2E2E2E2E2E2E2E2E2E2E2E2E2E2E2E2E2E2E2E2E2E2E2E2E2E2E2E2E2E2E2E2E2E2E2E2E2E2E2E2E2E2E2E2E2E2E2E2E2E2E2E2F5E2E2E2E2E2E2E2E2F5E2BEBEF5E2E2F5F5F5F5F5F5F5F5E2
310
E2F5E2F5F5F5F5F5F5F5F5F5F5F5F5F5F5F5F5F5F5F5F5E2E2E2E2E2E2E2F5F5F5E2BEE2F5E2E2E2E2E2E2E2E2E2E2E2F5E2F5E2E2E2E2E2E2E2E2E2E2E2E2E2E2E2E2E2E2E2E2E2E2E2E2E2E2E2E2E2E2E2E2E2E2E2E2E2E2E2E2E2E2E2E2E2E2E2E2E2E2E2E2E2E2E2E2E2E2E2E2E2E2E2E2E2E2E2E2E2E2E2E2E2E2E2E2
310
E2E2E2E2E2E2E2E2E2E2E2E2E2E2E2E2E2E2E2E2E2E2E2E2E2E2E2E2F5E2E2E2E2E2E2E2E2F5E2BEBEF5E2E2F5F5F5F5F5F5F5F5E2E2F5E2F5F5F5E2F5F5F5F5F5F5F5F5F5F5F5F5F5F5F5F5E2E2E2E2E2E2F5F5F5F5BEBEE2F5E2E2E2E2E2E2E2E2E2E2E2F5E2F5E2E2E2E2E2E2E2E2E2E2E2E2E2E2E2E2E2E2E2E2E2E2E2
310
E2E2E2E2E2E2E2E2E2E2E2E2E2E2E2E2E2E2E2E2E2E2E2E2E2E2E2E2E2E2E2E2E2E2E2E2E2E2E2E2E2E2E2E2E2E2E2E2E2E2E2E2E2E2E2E2E2E2E2E2E2E2E2E2E2E2E2E2E2E2E2E2E2E2E2E2E2E2E2E2E2F5E2E2E2E2E2E2E2E2F5F5F5F5F5F5F5F5F5F5F5F5F5F5F5F5F5F5F5F5F5F5F5F5F5F5F5F5F5F5F5F5F5F5F5F5F5
310
F5F5F5F5F5F5F5F5F5F5F5F5F5F5F5F5F5F5F5F5F5F5F5F5F5F5F5F5E2F5E2E2E2E2E2E2E2E2E2E2E2E2E2E2E2E2E2E2E2E2E2E2E2E2E2E2E2E2E2E2E2E2E2E2E2E2E2E2E2E2E2E2E2E2E2E2E2E2E2E2E2E2E2E2E2E2E2E2E2E2E2E2E2E2E2E2E2E2E2E2E2E2E2E2E2E2E2E2E2E2E2E2E2E2E2E2E2E2E2E2E2E2E2E2E2E2E2
310
E2E2E2E2E2E2E2F5E2E2E2E2E2E2E2E2F5E2BEBEF5E2E2F5F5F5F5F5F5F5F5E2E2F5E2F5F5F5F5F5F5F5F5F5F5F5F5F5F5F5F5F5F5F5F5E2E2E2E2E2E2F5F5F5F5E2BEE2F5E2E2E2E2E2E2E2E2E2E2E2F5E2F5E2E2E2E2E2E2E2E2E2E2E2E2E2E2E2E2E2E2E2E2E2E2E2E2E2E2E2E2E2E2E2E2E2E2E2E2E2E2E2E2E2E2E2E2
310
E2E2E2E2E2E2E2E2E2E2E2E2E2E2E2E2E2E2E2E2E2E2E2E2E2E2E2E2E2E2E2E2E2E2E2E2E2E2E2E2E2E2E2E2E2E2E2E2E2E2E2E2E2E2E2E2E2E2E2E2F5E2E2E2E2E2E2E2E2F5E2BEBEF5E2E2F5F5F5E2F5F5F5F5E2E2F5E2F5F5F5E2F5F5F5F5F5F5F5F5F5F5F5F5F5F5F5F5E2E2E2E2E2E2E2F5F5F5BEBEE2F5E2E2E2E2E2
310
E2E2E2E2E2E2F5E2F5E2E2E2E2E2E2E2E2E2E2E2E2E2E2E2E2E2E2E2E2E2E2E2E2E2E2E2E2E2E2E2E2E2E2E2E2E2E2E2E2E2E2E2E2E2E2E2E2E2E2E2E2E2E2E2E2E2E2E2E2E2E2E2E2E2E2E2E2E2E2E2E2E2E2E2E2E2E2E2E2E2E2E2E2E2E2E2E2E2E2E2E2E2E2E2E2E2E2E2E2E2E2E2E2F5E2E2E2E2E2E2E2E2F5F5F5F5F5
310
F5F5F5F5F5F5F5F5F5F5F5F5F5F5F5F5F5F5F5F5F5F5F5F5F5F5F5F5F5F5F5F5F5F5F5F5F5F5F5F5F5F5F5F5F5F5F5F5F5F5F5F5F5F5F5F5F5F5F5F5E2F5E2E2E2E2E2E2E2E2E2E2E2E2E2E2E2E2E2E2E2E2E2E2E2E2E2E2E2E2E2E2E2E2E2E2E2E2E2E2E2E2E2E2E2E2E2E2E2E2E2E2E2E2E2E2E2E2E2E2E2E2E2E2E2E2E2
310
E2E2E2E2E2E2E2E2E2E2E2E2E2E2E2E2E2E2E2E2E2E2E2E2E2E2E2E2E2E2E2E2E2E2E2E2E2E2E2F5E2E2E2E2E2E2E2E2F5E2BEBEF5E2E2F5F5F5F5F5F5F5F5E2E2F5E2F5F5F5F5F5F5F5F5F5F5F5F5F5F5F5F5F5F5F5E2E2E2E2E2E2E2F5F5F5F5E2BEE2F5E2E2E2E2E2E2E2E2E2E2E2F5E2F5E2E2E2E2E2E2E2E2E2E2E2E2
310
E2E2E2E2E2E2E2E2E2E2E2E2E2E2E2E2E2E2E2E2E2E2E2E2E2E2E2E2E2E2E2E2E2E2E2E2E2E2E2E2E2E2E2E2E2E2E2E2E2E2E2E2E2E2E2E2E2E2E2E2E2E2E2E2E2E2E2E2E2E2E2E2E2E2E2E2E2E2E2E2E2E2E2E2E2E2E2E2E2E2E2E2F5E2E2E2E2E2E2E2E2F5E2BEBEF5E2E2F5F5F5E2F5F5F5F5E2E2F5E2F5F5F5E2F5F5F5
310
F5F5F5F5F5F5E2F5F5F5F5F5E2E2E2E2E2E2E2E2F5F5F5BEBEE2F5E2E2E2E2E2E2E2E2E2E2E2F5E2F5E2E2E2E2E2E2E2E2E2E2E2E2E2E2E2E2E2E2E2E2E2E2E2E2E2E2E2E2E2E2E2E2E2E2E2E2E2E2E2E2E2E2E2E2E2E2E2E2E2E2E2E2E2E2E2E2E2E2E2E2E2E2E2E2E2E2E2E2E2E2E2E2E2E2E2E2E2E2E2E2E2E2E2E2E2E2
310
E2E2E2E2E2E2E2E2E2E2E2E2E2E2E2E2E2E2F5E2E2E2E2E2E2E2E2F5F5F5F5F5F5F5F5F5F5F5F5F5F5F5F5F5F5F5F5F5F5F5F5F5F5F5F5F5F5F5F5F5F5F5F5F5F5F5F5F5F5F5F5F5F5F5F5F5F5F5F5F5F5F5F5F5F5F5F5F5F5F5F5F5E2F5E2E2E2E2E2E2E2E2E2E2E2E2E2E2E2E2E2E2E2E2E2E2E2E2E2E2E2E2E2E2E2E2E2
310
E2E2E2E2E2E2E2E2E2E2E2E2E2E2E2E2E2E2E2E2E2E2E2E2E2E2E2E2E2E2E2E2E2E2E2E2E2E2E2E2E2E2E2E2E2E2E2E2E2E2E2E2E2E2E2E2E2E2E2E2E2E2E2E2E2E2E2E2E2E2E2F5E2E2E2E2E2E2E2E2F5E2BEBEF5E2E2F5F5F5F5F5F5F5F5E2E2F5E2F5F5F5F5F5F5F5F5F5F5F5F5F5F5F5F5F5F5F5E2E2E2E2E2E2E2F5F5
310
F5F5E2BEE2F5E2E2E2E2E2E2E2E2E2E2E2F5E2F5E2E2E2E2E2E2E2E2E2E2E2E2E2E2E2E2E2E2E2E2E2E2E2E2E2E2E2E2E2E2E2E2E2E2E2E2E2E2E2E2E2E2E2E2E2E2E2E2E2E2E2E2E2E2E2E2E2E2E2E2E2E2E2E2E2E2E2E2E2E2E2E2E2E2E2E2E2E2E2E2E2E2E2E2E2E2E2E2E2E2E2E2E2E2E2E2E2E2E2E2E2E2E2E2F5E2E2
310
E2E2E2E2E2E2F5F5F5F5F5F5F5F5F5F5F5F5F5F5F5F5F5F5F5F5F5F5F5F5F5F5F5F5F5F5F5F5F5F5F5F5F5F5F5F5F5F5F5F5F5F5F5F5F5F5F5F5F5F5F5F5F5F5F5F5F5F5F5F5F5E2F5E2E2E2E2E2E2E2E2E2E2E2E2E2E2E2E2E2E2E2E2E2E2E2E2E2E2E2E2E2E2E2E2E2E2E2E2E2E2E2E2E2E2E2E2E2E2E2E2E2E2E2E2E2E2
310
E2E2E2E2E2E2E2E2E2E2E2E2E2E2E2E2E2E2E2E2E2E2E2E2E2E2E2E2E2E2E2E2E2E2E2E2E2E2E2E2E2E2E2E2E2E2E2E2E2E2F5E2E2E2E2E2E2E2E2F5E2BEBEF5E2E2F5F5F5F5F5F5F5F5E2E2F5E2F5F5F5F5F5F5F5F5F5F5F5F5F5F5E2E2E2E2E2E2E2E2E2E2E2E2E2F5F5F5E2BEE2F5E2E2E2E2E2E2E2E2E2E2E2F5E2F5E2
310
E2E2E2E2E2E2E2E2E2E2E2E2E2E2E2E2E2E2E2E2E2E2E2E2E2E2E2E2E2E2E2E2E2E2E2E2E2E2E2E2E2E2E2E2E2E2E2E2E2E2E2E2E2E2E2E2E2E2E2E2E2E2E2E2E2E2E2E2E2E2E2E2E2E2E2E2E2E2E2E2E2E2E2E2E2E2E2E2E2E2E2E2E2E2E2E2E2E2E2E2E2E2E2F5E2E2E2E2E2E2E2E2F5E2BEBEF5E2E2F5F5F5F5F5F5F5F5
310
E2E2F5E2F5F5F5F5F5F5F5F5F5F5F5F5F5F5E2E2E2E2E2E2E2E2E2E2E2E2F5F5F5F5BEBEE2F5E2E2E2E2E2E2E2E2E2E2E2F5E2F5E2E2E2E2E2E2E2E2E2E2E2E2E2E2E2E2E2E2E2E2E2E2E2E2E2E2E2E2E2E2E2E2E2E2E2E2E2E2E2E2E2E2E2E2E2E2E2E2E2E2E2E2E2E2E2E2E2E2E2E2E2E2E2E2E2E2E2E2E2E2E2E2E2E2E2
310
E2E2E2E2E2E2E2E2E2E2E2E2E2E2E2E2E2E2E2E2E2E2E2E2E2E2E2E2E2F5E2E2E2E2E2E2E2E2F5F5F5F5F5F5F5F5F5F5F5F5F5F5F5F5F5F5F5F5F5F5F5F5F5F5F5F5F5F5F5F5F5F5F5F5F5F5F5F5F5F5F5F5F5F5F5F5F5F5F5F5F5F5F5F5F5F5F5F5F5F5F5F5F5E2F5E2E2E2E2E2E2E2E2E2E2E2E2E2E2E2E2E2E2E2E2E2E2
310
E2E2E2E2E2E2E2E2E2E2E2E2E2E2E2E2E2E2E2E2E2E2E2E2E2E2E2E2E2E2E2E2E2E2E2E2E2E2E2E2E2E2E2E2E2E2E2E2E2E2E2E2E2E2E2E2E2E2E2E2E2E2E2E2E2E2E2E2E2E2E2E2E2E2E2E2E2E2E2E2E2E2F5E2E2E2E2E2E2E2E2F5E2BEBEF5E2E2F5F5F5F5F5F5F5F5E2E2F5E2F5F5F5F5F5F5F5F5F5F5F5F5F5F5E2E2E2
310
E2E2E2E2E2E2E2E2E2E2F5F5F5E2BEE2F5E2E2E2E2E2E2E2E2E2E2E2F5E2F5E2E2E2E2E2E2E2E2E2E2E2E2E2E2E2E2E2E2E2E2E2E2E2E2E2E2E2E2E2E2E2E2E2E2E2E2E2E2E2E2E2E2E2E2E2E2E2E2E2E2E2E2E2E2E2E2E2E2E2E2E2E2E2E2E2E2E2E2E2E2E2E2E2E2E2E2E2E2E2E2E2E2E2E2E2E2E2E2E2E2E2E2E2E2E2E2
310
E2E2E2E2E2E2E2E2F5E2E2E2E2E2E2E2E2F5E2BEBEF5E2E2F5F5F5F5F5F5F5F5E2E2F5E2F5F5F5E2F5F5F5F5F5F5F5F5F5F5E2E2E2E2E2E2E2E2E2E2E2E2F5F5F5F5BEBEE2F5E2E2E2E2E2E2E2E2E2E2E2F5E2F5E2E2E2E2E2E2E2E2E2E2E2E2E2E2E2E2E2E2E2E2E2E2E2E2E2E2E2E2E2E2E2E2E2E2E2E2E2E2E2E2E2E2E2
310
E2E2E2E2E2E2E2E2E2E2E2E2E2E2E2E2E2E2E2E2E2E2E2E2E2E2E2E2E2E2E2E2E2E2E2E2E2E2E2E2E2E2E2E2E2E2E2E2E2E2E2E2E2E2E2E2E2E2E2E2E2F5E2E2E2E2E2E2E2E2F5F5F5F5F5F5F5F5F5F5F5F5F5F5F5F5F5F5F5F5F5F5F5F5F5F5F5F5F5F5F5F5F5F5F5F5F5F5F5F5F5F5F5F5F5F5F5F5F5F5F5F5F5F5F5F5F5
310
F5F5F5F5F5F5F5F5E2F5E2E2E2E2E2E2E2E2E2E2E2E2E2E2E2E2E2E2E2E2E2E2E2E2E2E2E2E2E2E2E2E2E2E2E2E2E2E2E2E2E2E2E2E2E2E2E2E2E2E2E2E2E2E2E2E2E2E2E2E2E2E2E2E2E2E2E2E2E2E2E2E2E2E2E2E2E2E2E2E2E2E2E2E2E2E2E2E2E2E2E2E2E2E2E2E2E2E2E2E2E2E2E2E2F5E2E2E2E2E2E2E2E2F5E2BEBE
310
F5E2E2F5F5F5F5F5F5F5F5E2E2F5E2F5F5F5F5F5F5F5F5F5F5F5F5F5F5E2E2E2E2E2E2E2E2E2E2E2E2F5F5F5F5E2BEE2F5E2E2E2E2E2E2E2E2E2E2E2F5E2F5E2E2E2E2E2E2E2E2E2E2E2E2E2E2E2E2E2E2E2E2E2E2E2E2E2E2E2E2E2E2E2E2E2E2E2E2E2E2E2E2E2E2E2E2E2E2E2E2E2E2E2E2E2E2E2E2E2E2E2E2E2E2E2E2
310
E2E2E2E2E2E2E2E2E2E2E2E2E2E2E2E2E2E2E2E2E2E2E2E2E2E2E2E2E2E2E2E2E2E2E2E2E2E2E2E2F5E2E2E2E2E2E2E2E2F5E2BEBEF5E2E2F5F5F5F5F5F5F5F5E2E2F5E2F5F5F5E2F5F5F5F5F5F5F5F5F5F5E2E2E2E2E2E2E2E2E2E2E2E2E2F5F5F5BEBEE2F5E2E2E2E2E2E2E2E2E2E2E2F5E2F5E2E2E2E2E2E2E2E2E2E2E2
310
E2E2E2E2E2E2E2E2E2E2E2E2E2E2E2E2E2E2E2E2E2E2E2E2E2E2E2E2E2E2E2E2E2E2E2E2E2E2E2E2E2E2E2E2E2E2E2E2E2E2E2E2E2E2E2E2E2E2E2E2E2E2E2E2E2E2E2E2E2E2E2E2E2E2E2E2E2E2E2E2E2E2E2E2E2E2E2E2E2E2E2E2E2F5E2E2E2E2E2E2E2E2F5F5F5F5F5F5F5F5F5F5F5F5F5F5F5F5F5F5F5F5F5F5F5F5F5
310
F5F5F5F5F5F5F5F5F5F5F5F5F5F5F5F5F5F5F5F5F5F5F5F5F5F5F5F5F5F5F5F5F5F5F5F5F5F5F5F5E2F5E2E2E2E2E2E2E2E2E2E2E2E2E2E2E2E2E2E2E2E2E2E2E2E2E2E2E2E2E2E2E2E2E2E2E2E2E2E2E2E2E2E2E2E2E2E2E2E2E2E2E2E2E2E2E2E2E2E2E2E2E2E2E2E2E2E2E2E2E2E2E2E2E2E2E2E2E2E2E2E2E2E2E2E2E2
310
E2E2E2E2E2E2E2E2E2E2E2E2E2E2E2E2E2E2E2F5E2E2E2E2E2E2E2E2F5E2BEBEF5E2E2F5F5F5F5F5F5F5F5E2E2F5E2F5F5F5F5F5F5F5F5F5F5F5F5F5F5E2E2E2E2E2E2E2E2E2E2E2E2F5F5F5F5E2BEE2F5E2E2E2E2E2E2E2E2E2E2E2F5E2F5E2E2E2E2E2E2E2E2E2E2E2E2E2E2E2E2E2E2E2E2E2E2E2E2E2E2E2E2E2E2E2E2
310
E2E2E2E2E2E2E2E2E2E2E2E2E2E2E2E2E2E2E2E2E2E2E2E2E2E2E2E2E2E2E2E2E2E2E2E2E2E2E2E2E2E2E2E2E2E2E2E2E2E2E2E2E2E2E2E2E2E2E2E2E2E2E2E2E2E2E2E2E2E2E2E2F5E2E2E2E2E2E2E2E2F5E2BEBEF5E2E2F5F5F5E2F5F5F5F5E2E2F5E2F5F5F5E2F5F5F5F5F5F5F5F5F5F5E2E2E2E2E2E2E2E2E2E2E2E2E2
310
F5F5F5BEBEE2F5E2E2E2E2E2E2E2E2E2E2E2F5E2F5E2E2E2E2E2E2E2E2E2E2E2E2E2E2E2E2E2E2E2E2E2E2E2E2E2E2E2E2E2E2E2E2E2E2E2E2E2E2E2E2E2E2E2E2E2E2E2E2E2E2E2E2E2E2E2E2E2E2E2E2E2E2E2E2E2E2E2E2E2E2E2E2E2E2E2E2E2E2E2E2E2E2E2E2E2E2E2E2E2E2E2E2E2E2E2E2E2E2E2E2E2E2E2E2F5E2
310
E2E2E2E2E2E2E2F5F5F5F5F5F5F5F5F5F5F5F5F5F5F5F5F5F5F5F5F5F5F5F5F5F5F5F5F5F5F5F5F5F5F5F5F5F5F5F5F5F5F5F5F5F5F5F5F5F5F5F5F5F5F5F5F5F5F5F5F5F5F5F5F5E2F5E2E2E2E2E2E2E2E2E2E2E2E2E2E2E2E2E2E2E2E2E2E2E2E2E2E2E2E2E2E2E2E2E2E2E2E2E2E2E2E2E2E2E2E2E2E2E2E2E2E2E2E2E2
310
E2E2E2E2E2E2E2E2E2E2E2E2E2E2E2E2E2E2E2E2E2E2E2E2E2E2E2E2E2E2E2E2E2E2E2E2E2E2E2E2E2E2E2E2E2E2E2E2E2E2E2F5E2E2E2E2E2E2E2E2F5E2BEBEF5E2E2F5F5F5F5F5F5F5F5E2E2F5E2F5F5F5F5F5F5F5F5F5F5F5F5F5F5E2E2E2E2E2E2E2E2E2E2E2E2F5F5F5F5E2BEE2F5E2E2E2E2E2E2E2E2E2E2E2F5E2F5
310
E2E2E2E2E2E2E2E2E2E2E2E2E2E2E2E2E2E2E2E2E2E2E2E2E2E2E2E2E2E2E2E2E2E2E2E2E2E2E2E2E2E2E2E2E2E2E2E2E2E2E2E2E2E2E2E2E2E2E2E2E2E2E2E2E2E2E2E2E2E2E2E2E2E2E2E2E2E2E2E2E2E2E2E2E2E2E2E2E2E2E2E2E2E2E2E2E2E2E2E2E2E2E2E2F5E2E2E2E2E2E2E2E2F5F5F5F5F5F5F5F5F5F5F5F5F5F5
310
F5F5F5F5F5F5F5F5F5F5F5F5F5F5F5F5F5F5F5F5F5F5F5F5F5F5F5F5F5F5F5F5F5F5F5F5F5F5F5F5F5F5F5F5F5F5F5F5F5F5F5E2F5E2E2E2E2E2E2E2E2E2E2E2E2E2E2E2E2E2E2E2E2E2E2E2E2E2E2E2E2E2E2E2E2E2E2E2E2E2E2E2E2E2E2E2E2E2E2E2E2E2E2E2E2E2E2E2E2E2E2E2E2E2E2E2E2E2E2E2E2E2E2E2E2E2E2
310
E2E2E2E2E2E2E2E2E2E2E2E2E2E2E2E2E2E2E2E2E2E2E2E2E2E2E2E2E2E2F5E2E2E2E2E2E2E2E2F5E2BEBEF5E2E2F5F5F5F5F5F5F5F5E2E2F5E2F5F5F5F5F5F5F5F5F5F5F5F5F5F5E2E2E2E2E2E2E2E2E2E2E2E2E2F5F5F5E2BEE2F5E2E2E2E2E2E2E2E2E2E2E2F5E2F5E2E2E2E2E2E2E2E2E2E2E2E2E2E2E2E2E2E2E2E2E2
310
E2E2E2E2E2E2E2E2E2E2E2E2E2E2E2E2E2E2E2E2E2E2E2E2E2E2E2E2E2E2E2E2E2E2E2E2E2E2E2E2E2E2E2E2E2E2E2E2E2E2E2E2E2E2E2E2E2E2E2E2E2E2E2E2E2E2E2E2E2E2E2E2E2E2E2E2E2E2E2E2E2E2E2F5E2E2E2E2E2E2E2E2F5E2BEBEF5E2E2F5F5F5F5F5F5F5F5E2E2F5E2F5F5F5F5F5F5F5F5F5F5F5F5F5F5E2E2
310
E2E2E2E2E2E2E2E2E2E2F5F5F5F5BEBEE2F5E2E2E2E2E2E2E2E2E2E2E2F5E2F5E2E2E2E2E2E2E2E2E2E2E2E2E2E2E2E2E2E2E2E2E2E2E2E2E2E2E2E2E2E2E2E2E2E2E2E2E2E2E2E2E2E2E2E2E2E2E2E2E2E2E2E2E2E2E2E2E2E2E2E2E2E2E2E2E2E2E2E2E2E2E2E2E2E2E2E2E2E2E2E2E2E2E2E2E2E2E2E2E2E2E2E2E2E2E2
310
E2E2E2E2E2E2E2E2E2F5E2E2E2E2E2E2E2E2F5F5F5F5F5F5F5F5F5F5F5F5F5F5F5F5F5F5F5F5F5F5F5F5F5F5F5F5F5F5F5F5F5F5F5F5F5F5F5F5F5F5F5F5F5F5F5F5F5F5F5F5F5F5F5F5F5F5F5F5F5F5F5F5F5E2F5E2E2E2E2E2E2E2E2E2E2E2E2E2E2E2E2E2E2E2E2E2E2E2E2E2E2E2E2E2E2E2E2E2E2E2E2E2E2E2E2E2E2
310
E2E2E2E2E2E2E2E2E2E2E2E2E2E2E2E2E2E2E2E2E2E2E2E2E2E2E2E2E2E2E2E2E2E2E2E2E2E2E2E2E2E2E2E2E2E2E2E2E2E2E2E2E2E2E2E2E2E2E2E2E2E2F5E2E2E2E2E2E2E2E2F5E2BEBEF5E2F5F5F5F5F5F5F5F5F5E2E2F5E2F5F5F5F5F5F5F5F5F5F5F5F5F5F5E2E2E2E2E2E2E2E2E2E2E2E2E2F5F5F5E2BEE2F5E2E2E2
310
E2E2E2E2E2E2E2E2F5E2F5E2E2E2E2E2E2E2E2E2E2E2E2E2E2E2E2E2E2E2E2E2E2E2E2E2E2E2E2E2E2E2E2E2E2E2E2E2E2E2E2E2E2E2E2E2E2E2E2E2E2E2E2E2E2E2E2E2E2E2E2E2E2E2E2E2E2E2E2E2E2E2E2E2E2E2E2E2E2E2E2E2E2E2E2E2E2E2E2E2E2E2E2E2E2E2E2E2E2E2E2E2E2E2E2F5E2E2E2E2E2E2E2E2F5E2BE
310
BEF5E2E2F5F5F5F5F5F5F5F5E2E2F5E2F5F5F5F5F5F5F5F5F5F5F5F5F5F5E2E2E2E2E2E2E2E2E2E2E2E2F5F5F5F5BEBEE2F5E2E2E2E2E2E2E2E2E2E2E2F5E2F5E2E2E2E2E2E2E2E2E2E2E2E2E2E2E2E2E2E2E2E2E2E2E2E2E2E2E2E2E2E2E2E2E2E2E2E2E2E2E2E2E2E2E2E2E2E2E2E2E2E2E2E2E2E2E2E2E2E2E2E2E2E2E2
310
E2E2E2E2E2E2E2E2E2E2E2E2E2E2E2E2E2E2E2E2E2E2E2E2E2E2E2E2E2E2E2E2E2E2E2E2E2E2E2E2E2F5E2E2E2E2E2E2E2E2F5F5F5F5F5F5F5F5F5F5F5F5F5F5F5F5F5F5F5F5F5F5F5F5F5F5F5F5F5F5F5F5F5F5F5F5F5F5F5F5F5F5F5F5F5F5F5F5F5F5F5F5F5F5F5F5F5F5F5F5F5F5F5F5F5E2F5E2E2E2E2E2E2E2E2E2E2
310
E2E2E2E2E2E2E2E2E2E2E2E2E2E2E2E2E2E2E2E2E2E2E2E2E2E2E2E2E2E2E2E2E2E2E2E2E2E2E2E2E2E2E2E2E2E2E2E2E2E2E2E2E2E2E2E2E2E2E2E2E2E2E2E2E2E2E2E2E2E2E2E2E2E2E2E2E2E2E2E2E2E2E2E2E2E2E2E2E2E2E2E2E2E2F5E2E2E2E2E2E2E2E2F5E2BEBEF5E2F5F5F5F5F5F5F5F5F5E2E2F5E2F5F5F5F5F5
310
F5F5F5F5F5F5F5F5F5E2E2E2E2E2E2E2E2E2E2E2E2E2F5F5F5E2BEE2F5E2E2E2E2E2E2E2E2E2E2E2F5E2F5E2E2E2E2E2E2E2E2E2E2E2E2E2E2E2E2E2E2E2E2E2E2E2E2E2E2E2E2E2E2E2E2E2E2E2E2E2E2E2E2E2E2E2E2E2E2E2E2E2E2E2E2E2E2E2E2E2E2E2E2E2E2E2E2E2E2E2E2E2E2E2E2E2E2E2E2E2E2E2E2E2E2E2E2
310
E2E2E2E2E2E2E2E2E2E2E2E2E2E2E2E2E2E2E2E2F5E2E2E2E2E2E2E2E2F5E2BEBEF5E2E2F5F5F5E2F5F5F5F5E2E2F5E2F5F5F5E2F5F5F5F5F5F5F5F5F5F5E2E2E2E2E2E2E2E2E2E2E2E2F5F5F5F5BEBEE2F5E2E2E2E2E2E2E2E2E2E2E2F5E2F5E2E2E2E2E2E2E2E2E2E2E2E2E2E2E2E2E2E2E2E2E2E2E2E2E2E2E2E2E2E2E2
310
E2E2E2E2E2E2E2E2E2E2E2E2E2E2E2E2E2E2E2E2E2E2E2E2E2E2E2E2E2E2E2E2E2E2E2E2E2E2E2E2E2E2E2E2E2E2E2E2E2E2E2E2E2E2E2E2E2E2E2E2E2E2E2E2E2E2E2E2E2E2E2E2E2F5E2E2E2E2E2E2E2E2F5F5F5F5F5F5F5F5F5F5F5F5F5F5F5F5F5F5F5F5F5F5F5F5F5F5F5F5F5F5F5F5F5F5F5F5F5F5F5F5F5F5F5F5F5
310
F5F5F5F5F5F5F5F5F5F5F5F5F5F5F5F5F5F5F5F5E2F5E2E2E2E2E2E2E2E2E2E2E2E2E2E2E2E2E2E2E2E2E2E2E2E2E2E2E2E2E2E2E2E2E2E2E2E2E2E2E2E2E2E2E2E2E2E2E2E2E2E2E2E2E2E2E2E2E2E2E2E2E2E2E2E2E2E2E2E2E2E2E2E2E2E2E2E2E2E2E2E2E2E2E2E2E2E2E2E2E2E2E2E2E2E2E2E2E2E2E2E2E2E2E2E2F5
310
E2E2E2E2E2E2E2E2F5E2BEE2F5E2E2F5F5F5F5F5F5F5F5E2E2F5E2F5F5F5F5F5F5F5F5F5F5F5F5F5F5E2E2E2E2E2E2E2E2E2E2E2E2F5F5F5F5E2BEE2F5E2E2E2E2E2E2E2E2E2E2E2F5E2F5E2E2E2E2E2E2E2E2E2E2E2E2E2E2E2E2E2E2E2E2E2E2E2E2E2E2E2E2E2E2E2E2E2E2E2E2E2E2E2E2E2E2E2E2E2E2E2E2E2E2E2E2
310
E2E2E2E2E2E2E2E2E2E2E2E2E2E2E2E2E2E2E2E2E2E2E2E2E2E2E2E2E2E2E2E2E2E2E2E2E2E2E2E2E2E2E2E2E2E2E2E2E2E2E2E2F5E2E2E2E2E2E2E2E2F5E2BEBEF5E2E2F5F5F5E2F5F5F5F5E2E2F5E2F5F5F5E2F5F5F5F5F5F5F5F5F5F5E2E2E2E2E2E2E2E2E2E2E2E2E2F5F5F5BEBEE2F5E2E2E2E2E2E2E2E2E2E2E2F5E2
310
F5E2E2E2E2E2E2E2E2E2E2E2E2E2E2E2E2E2E2E2E2E2E2E2E2E2E2E2E2E2E2E2E2E2E2E2E2E2E2E2E2E2E2E2E2E2E2E2E2E2E2E2E2E2E2E2E2E2E2E2E2E2E2E2E2E2E2E2E2E2E2E2E2E2E2E2E2E2E2E2E2E2E2E2E2E2E2E2E2E2E2E2E2E2E2E2E2E2E2E2E2E2E2E2E2F5E2E2E2E2E2E2E2E2F5F5F5F5F5F5F5F5F5F5F5F5F5
310
F5F5F5F5F5F5F5F5F5F5F5F5F5F5F5F5F5F5F5F5F5F5F5F5F5F5F5F5F5F5F5F5F5F5F5F5F5F5F5F5F5F5F5F5F5F5F5F5F5F5F5F5E2F5E2E2E2E2E2E2E2E2E2E2E2E2E2E2E2E2E2E2E2E2E2E2E2E2E2E2E2E2E2E2E2E2E2E2E2E2E2E2E2E2E2E2E2E2E2E2E2E2E2E2E2E2E2E2E2E2E2E2E2E2E2E2E2E2E2E2E2E2E2E2E2E2E2
310
E2E2E2E2E2E2E2E2E2E2E2E2E2E2E2E2E2E2E2E2E2E2E2E2E2E2E2E2E2E2E2F5E2E2E2E2E2E2E2E2F5E2BEBEF5E2F5F5F5F5F5F5F5F5F5E2E2F5E2F5F5F5F5F5F5F5F5F5F5F5F5F5F5E2E2E2E2E2E2E2E2E2E2E2E2F5F5F5F5E2BEE2F5E2E2E2E2E2E2E2E2E2E2E2F5E2F5E2E2E2E2E2E2E2E2E2E2E2E2E2E2E2E2E2E2E2E2
310
E2E2E2E2E2E2E2E2E2E2E2E2E2E2E2E2E2E2E2E2E2E2E2E2E2E2E2E2E2E2E2E2E2E2E2E2E2E2E2E2E2E2E2E2E2E2E2E2E2E2E2E2E2E2E2E2E2E2E2E2E2E2E2E2E2E2E2E2E2E2E2E2E2E2E2E2E2E2E2E2E2E2E2E2F5E2E2E2E2E2E2E2E2F5F5F5F5F5F5F5F5F5F5F5F5F5F5F5F5F5F5F5F5F5F5F5F5F5F5F5F5F5F5F5F5F5F5
310
F5F5F5F5F5F5F5F5F5F5F5F5F5F5F5F5F5F5F5F5F5F5F5F5F5F5F5F5F5F5F5E2F5E2E2E2E2E2E2E2E2E2E2E2E2E2E2E2E2E2E2E2E2E2E2E2E2E2E2E2E2E2E2E2E2E2E2E2E2E2E2E2E2E2E2E2E2E2E2E2E2E2E2E2E2E2E2E2E2E2E2E2E2E2E2E2E2E2E2E2E2E2E2E2E2E2E2E2E2E2E2E2E2E2E2E2E2E2E2E2E2E2E2E2E2E2E2
310
E2E2E2E2E2E2E2E2E2E2F5E2E2E2E2E2E2E2E2F5E2BEBEF5E2E2F5F5F5F5F5F5F5F5E2E2F5E2F5F5F5F5F5F5F5F5F5F5F5F5F5F5E2E2E2E2E2E2E2E2E2E2E2E2E2F5F5F5E2BEE2F5E2E2E2E2E2E2E2E2E2E2E2F5E2F5E2E2E2E2E2E2E2E2E2E2E2E2E2E2E2E2E2E2E2E2E2E2E2E2E2E2E2E2E2E2E2E2E2E2E2E2E2E2E2E2E2
310
E2E2E2E2E2E2E2E2E2E2E2E2E2E2E2E2E2E2E2E2E2E2E2E2E2E2E2E2E2E2E2E2E2E2E2E2E2E2E2E2E2E2E2E2E2E2E2E2E2E2E2E2E2E2E2E2E2E2E2E2E2E2E2F5E2E2E2E2E2E2E2E2F5E2BEBEF5E2F5F5F5F5F5F5F5F5F5E2E2F5E2F5F5F5F5F5F5F5F5F5F5F5F5F5F5E2E2E2E2E2E2E2E2E2E2E2E2F5F5F5F5E2BEE2F5E2E2
310
E2E2E2E2E2E2E2E2E2F5E2F5E2E2E2E2E2E2E2E2E2E2E2E2E2E2E2E2E2E2E2E2E2E2E2E2E2E2E2E2E2E2E2E2E2E2E2E2E2E2E2E2E2E2E2E2E2E2E2E2E2E2E2E2E2E2E2E2E2E2E2E2E2E2E2E2E2E2E2E2E2E2E2E2E2E2E2E2E2E2E2E2E2E2E2E2E2E2E2E2E2E2E2E2E2E2E2E2E2E2E2E2E2E2E2E2F5E2E2E2E2E2E2E2E2F5F5
310
F5F5F5F5F5F5F5F5F5F5F5F5F5F5F5F5F5F5F5F5F5F5F5F5F5F5F5F5F5F5F5F5F5F5F5F5F5F5F5F5F5F5F5F5F5F5F5F5F5F5F5F5F5F5F5F5F5F5F5F5F5F5F5E2F5E2E2E2E2E2E2E2E2E2E2E2E2E2E2E2E2E2E2E2E2E2E2E2E2E2E2E2E2E2E2E2E2E2E2E2E2E2E2E2E2E2E2E2E2E2E2E2E2E2E2E2E2E2E2E2E2E2E2E2E2E2E2
310
E2E2E2E2E2E2E2E2E2E2E2E2E2E2E2E2E2E2E2E2E2E2E2E2E2E2E2E2E2E2E2E2E2E2E2E2E2E2E2E2E2E2F5E2E2E2E2E2E2E2E2F5E2BEBEF5E2F5F5F5F5F5F5F5F5F5E2E2F5E2F5F5F5F5F5F5F5F5F5F5F5F5F5F5E2E2E2E2E2E2E2E2E2E2E2E2E2F5F5F5E2BEE2F5E2E2E2E2E2E2E2E2E2E2E2F5E2F5E2E2E2E2E2E2E2E2E2
310
E2E2E2E2E2E2E2E2E2E2E2E2E2E2E2E2E2E2E2E2E2E2E2E2E2E2E2E2E2E2E2E2E2E2E2E2E2E2E2E2E2E2E2E2E2E2E2E2E2E2E2E2E2E2E2E2E2E2E2E2E2E2E2E2E2E2E2E2E2E2E2E2E2E2E2E2E2E2E2E2E2E2E2E2E2E2E2E2E2E2E2E2E2E2E2F5E2E2E2E2E2E2E2E2F5E2BEE2F5E2E2F5F5F5F5F5F5F5F5E2E2F5E2F5F5F5F5
310
F5F5F5F5F5F5F5F5F5F5E2E2E2E2E2E2E2E2E2E2E2E2F5F5F5F5E2BEE2F5E2E2E2E2E2E2E2E2E2E2E2F5E2F5E2E2E2E2E2E2E2E2E2E2E2E2E2E2E2E2E2E2E2E2E2E2E2E2E2E2E2E2E2E2E2E2E2E2E2E2E2E2E2E2E2E2E2E2E2E2E2E2E2E2E2E2E2E2E2E2E2E2E2E2E2E2E2E2E2E2E2E2E2E2E2E2E2E2E2E2E2E2E2E2E2E2E2
310
E2E2E2E2E2E2E2E2E2E2E2E2E2E2E2E2E2E2E2E2E2F5E2E2E2E2E2E2E2E2F5F5F5F5F5F5F5F5F5F5F5F5F5F5F5F5F5F5F5F5F5F5F5F5F5F5F5F5F5F5F5F5F5F5F5F5F5F5F5F5F5F5F5F5F5F5F5F5F5F5F5F5F5F5F5F5F5F5F5F5F5F5F5F5F5E2F5E2E2E2E2E2E2E2E2E2E2E2E2E2E2E2E2E2E2E2E2E2E2E2E2E2E2E2E2E2E2
310
E2E2E2E2E2E2E2E2E2E2E2E2E2E2E2E2E2E2E2E2E2E2E2E2E2E2E2E2E2E2E2E2E2E2E2E2E2E2E2E2E2E2E2E2E2E2E2E2E2E2E2E2E2E2E2E2E2E2E2E2E2E2E2E2E2E2E2E2E2E2E2E2E2E2F5E2E2E2E2E2E2E2E2F5E2BEBEF5E2F5F5F5F5F5F5F5F5F5E2E2F5E2F5F5F5F5F5F5F5F5F5F5F5F5F5F5E2E2E2E2E2E2E2E2E2E2E2
310
E2E2F5F5F5E2BEE2F5E2E2E2E2E2E2E2E2E2E2E2F5E2F5E2E2E2E2E2E2E2E2E2E2E2E2E2E2E2E2E2E2E2E2E2E2E2E2E2E2E2E2E2E2E2E2E2E2E2E2E2E2E2E2E2E2E2E2E2E2E2E2E2E2E2E2E2E2E2E2E2E2E2E2E2E2E2E2E2E2E2E2E2E2E2E2E2E2E2E2E2E2E2E2E2E2E2E2E2E2E2E2E2E2E2E2E2E2E2E2E2E2E2E2E2E2E2E2
310
F5E2E2E2E2E2E2E2E2F5E2BEBEF5E2E2F5F5F5E2F5F5F5F5E2E2F5E2F5F5F5E2F5F5F5F5F5F5F5F5F5F5E2E2E2E2E2E2E2E2E2E2E2E2F5F5F5F5BEBEE2F5E2E2E2E2E2E2E2E2E2E2E2F5E2F5E2E2E2E2E2E2E2E2E2E2E2E2E2E2E2E2E2E2E2E2E2E2E2E2E2E2E2E2E2E2E2E2E2E2E2E2E2E2E2E2E2E2E2E2E2E2E2E2E2E2E2
310
E2E2E2E2E2E2E2E2E2E2E2E2E2E2E2E2E2E2E2E2E2E2E2E2E2E2E2E2E2E2E2E2E2E2E2E2E2E2E2E2E2E2E2E2E2E2E2E2E2E2E2E2E2F5E2E2E2E2E2E2E2E2F5F5F5F5F5F5F5F5F5F5F5F5F5F5F5F5F5F5F5F5F5F5F5F5F5F5F5F5F5F5F5F5F5F5F5F5F5F5F5F5F5F5F5F5F5F5F5F5F5F5F5F5F5F5F5F5F5F5F5F5F5F5F5F5F5
310
E2F5E2E2E2E2E2E2E2E2E2E2E2E2E2E2E2E2E2E2E2E2E2E2E2E2E2E2E2E2E2E2E2E2E2E2E2E2E2E2E2E2E2E2E2E2E2E2E2E2E2E2E2E2E2E2E2E2E2E2E2E2E2E2E2E2E2E2E2E2E2E2E2E2E2E2E2E2E2E2E2E2E2E2E2E2E2E2E2E2E2E2E2E2E2E2E2E2E2E2E2E2E2E2E2E2F5E2E2E2E2E2E2E2E2F5E2BEBEF5F5F5F5F5F5F5F5
310
F5F5F5F5F5F5F5F5F5F5F5F5F5F5F5F5F5F5F5F5F5F5F5F5F5F5E2E2E2E2E2E2E2E2E2E2F5E2BEE2F5E2E2E2E2E2E2E2E2E2E2E2F5E2F5E2E2E2E2E2E2E2E2E2E2E2E2E2E2E2E2E2E2E2E2E2E2E2E2E2E2E2E2E2E2E2E2E2E2E2E2E2E2E2E2E2E2E2E2E2E2E2E2E2E2E2E2E2E2E2E2E2E2E2E2E2E2E2E2E2E2E2E2E2E2E2E2
310
E2E2E2E2E2E2E2E2E2E2E2E2E2E2E2E2E2E2E2E2E2E2E2E2E2E2E2E2E2E2E2E2F5E2E2E2E2E2E2E2E2F5E2BEBEF5F5F5F5E2F5F5E2F5F5F5F5F5F5E2F5F5F5E2F5F5F5F5F5F5F5F5F5F5F5F5F5F5F5E2E2E2E2E2E2E2E2E2E2F5BEBEE2F5E2E2E2E2E2E2E2E2E2E2E2F5E2F5E2E2E2E2E2E2E2E2E2E2E2E2E2E2E2E2E2E2E2
310
E2E2E2E2E2E2E2E2E2E2E2E2E2E2E2E2E2E2E2E2E2E2E2E2E2E2E2E2E2E2E2E2E2E2E2E2E2E2E2E2E2E2E2E2E2E2E2E2E2E2E2E2E2E2E2E2E2E2E2E2E2E2E2E2E2E2E2E2E2E2E2E2E2E2E2E2E2E2E2E2E2E2E2E2E2F5E2E2E2E2E2E2E2E2F5F5F5F5F5F5F5F5F5F5F5F5F5F5F5F5F5F5F5F5F5F5F5F5F5F5F5F5F5F5F5F5F5
310
F5F5F5F5F5F5F5F5F5F5F5F5F5F5F5F5F5F5F5F5F5F5F5F5F5F5F5F5F5F5F5F5E2F5E2E2E2E2E2E2E2E2E2E2E2E2E2E2E2E2E2E2E2E2E2E2E2E2E2E2E2E2E2E2E2E2E2E2E2E2E2E2E2E2E2E2E2E2E2E2E2E2E2E2E2E2E2E2E2E2E2E2E2E2E2E2E2E2E2E2E2E2E2E2E2E2E2E2E2E2E2E2E2E2E2E2E2E2E2E2E2E2E2E2E2E2E2
310
E2E2E2E2E2E2E2E2E2E2E2F5E2E2E2E2E2E2E2E2F5E2BEE2F5F5F5F5F5F5F5F5F5F5E2F5F5F5E2F5F5F5F5F5F5F5F5F5F5F5F5F5F5F5F5F5F5F5F5E2E2E2E2E2E2E2E2E2F5E2BEE2F5E2E2E2E2E2E2E2E2E2E2E2F5E2F5E2E2E2E2E2E2E2E2E2E2E2E2E2E2E2E2E2E2E2E2E2E2E2E2E2E2E2E2E2E2E2E2E2E2E2E2E2E2E2E2
310
E2E2E2E2E2E2E2E2E2E2E2E2E2E2E2E2E2E2E2E2E2E2E2E2E2E2E2E2E2E2E2E2E2E2E2E2E2E2E2E2E2E2E2E2E2E2E2E2E2E2E2E2E2E2E2E2E2E2E2E2E2E2E2E2F5E2E2E2E2E2E2E2E2F5F5F5F5F5F5F5F5F5F5F5F5F5F5F5F5F5F5F5F5F5F5F5F5F5F5F5F5F5F5F5F5F5F5F5F5F5F5F5F5F5F5F5F5F5F5F5F5F5F5F5F5F5F5
310
F5F5F5F5F5F5F5F5F5F5F5E2F5E2E2E2E2E2E2E2E2E2E2E2E2E2E2E2E2E2E2E2E2E2E2E2E2E2E2E2E2E2E2E2E2E2E2E2E2E2E2E2E2E2E2E2E2E2E2E2E2E2E2E2E2E2E2E2E2E2E2E2E2E2E2E2E2E2E2E2E2E2E2E2E2E2E2E2E2E2E2E2E2E2E2E2E2E2E2E2E2E2E2E2E2E2E2E2E2E2E2E2E2E2E2E2E2F5E2E2E2E2E2E2E2E2F5
310
BEE2E2F5E2E2E2E2E2E2E2E2E2E2E2E2F5E2E2E2E2E2E2E2E2E2E2E2E2E2E2E2E2E2E2E2E2E2BEE2E2E2E2E2E2E2E2F5E2BEBEF5E2E2E2E2E2E2E2E2E2E2E2F5E2F5E2E2E2E2E2E2E2E2E2E2E2E2E2E2E2E2E2E2E2E2E2E2E2E2E2E2E2E2E2E2E2E2E2E2E2E2E2E2E2E2E2E2E2E2E2E2E2E2E2E2E2E2E2E2E2E2E2E2E2E2E2
310
E2E2E2E2E2E2E2E2E2E2E2E2E2E2E2E2E2E2E2E2E2E2E2E2E2E2E2E2E2E2E2E2E2E2E2E2E2E2E2E2E2E2E2F5E2E2E2E2E2E2E2E2F5BEBEBEF5E2BEBEE2E2E2E2E2E2BEBEE2F5E2E2E2E2E2E2BEBEE2E2E2E2E2E2E2E2E2E2E2E2BEBEE2E2E2E2E2E2E2E2F5BEBEBEF5E2E2BEBEE2BEBEBEE2E2E2F5E2F5E2E2E2E2E2E2E2E2
310
E2E2E2E2E2E2E2E2E2E2E2E2E2E2E2E2E2E2E2E2E2E2E2E2E2E2E2E2E2E2E2E2E2E2E2E2E2E2E2E2E2E2E2E2E2E2E2E2E2E2E2E2E2E2E2E2E2E2E2E2E2E2E2E2E2E2E2E2E2E2E2E2E2E2E2E2E2E2E2E2E2E2E2E2E2E2E2E2E2E2E2E2E2E2E2E2F5E2E2E2E2E2E2E2E2F5BEBEBEF5E2BEBEE2E2E2E2E2E2E2BEE2F5E2E2E2E2
310
E2E2BEBEE2E2E2E2E2E2E2E2E2E2E2E2E2BEE2E2E2E2E2E2E2E2F5BEBEBEF5E2E2BEBEE2BEBEE2E2E2E2F5E2F5E2E2E2E2E2E2E2E2E2E2E2E2E2E2E2E2E2E2E2E2E2E2E2E2E2E2E2E2E2E2E2E2E2E2E2E2E2E2E2E2E2E2E2E2E2E2E2E2E2E2E2E2E2E2E2E2E2E2E2E2E2E2E2E2E2E2E2E2E2E2E2E2E2E2E2E2E2E2E2E2E2E2
310
E2E2E2E2E2E2E2E2E2E2E2E2E2E2E2E2E2E2E2E2E2E2F5E2E2E2E2E2E2E2E2F5F5F5F5F5F5F5F5F5F5F5F5F5F5F5F5F5F5F5F5F5F5F5F5F5F5F5F5F5F5F5F5F5F5F5F5F5F5F5F5F5F5F5F5F5F5F5F5F5F5F5F5F5F5F5F5F5F5F5F5F5F5F5F5F5E2F5E2E2E2E2E2E2E2E2E2E2E2E2E2E2E2E2E2E2E2E2E2E2E2E2E2E2E2E2E2
310
E2E2E2E2E2E2E2E2E2E2E2E2E2E2E2E2E2E2E2E2E2E2E2E2E2E2E2E2E2E2E2E2E2E2E2E2E2E2E2E2E2E2E2E2E2E2E2E2E2E2E2E2E2E2E2E2E2E2E2E2E2E2E2E2E2E2E2E2E2E2E2E2E2E2E2F5E2E2E2E2E2E2E2E2F5E2F5F5F5F5F5F5E2E2E2E2E2E2E2E2E2E2E2E2E2E2E2E2E2E2E2E2E2E2E2E2E2E2E2E2E2E2E2E2E2E2E2
310
E2E2E2E2E2E2E2E2E2E2E2E2E2E2E2E2E2E2E2E2E2F5E2F5E2E2E2E2E2E2E2E2E2E2E2E2E2E2E2E2E2E2E2E2E2E2E2E2E2E2E2E2E2E2E2E2E2E2E2E2E2E2E2E2E2E2E2E2E2E2E2E2E2E2E2E2E2E2E2E2E2E2E2E2E2E2E2E2E2E2E2E2E2E2E2E2E2E2E2E2E2E2E2E2E2E2E2E2E2E2E2E2E2E2E2E2E2E2E2E2E2E2E2E2E2E2E2
310
E2F5E2E2E2E2E2E2E2E2F5E2E2E2E2E2E2E2BEF5F5F5F5BEE2F5F5F5F5E2E2E2E2BEBEBEBEBEE2F5F5F5F5F5BEBEE2F5F5F5F5BEBEE2E2E2BEBEBEF5F5F5F5F5E2E2E2E2E2E2E2E2E2E2F5E2F5E2E2E2E2E2E2E2E2E2E2E2E2E2E2E2E2E2E2E2E2E2E2E2E2E2E2E2E2E2E2E2E2E2E2E2E2E2E2E2E2E2E2E2E2E2E2E2E2E2E2
310
E2E2E2E2E2E2E2E2E2E2E2E2E2E2E2E2E2E2E2E2E2E2E2E2E2E2E2E2E2E2E2E2E2E2E2E2E2E2E2E2E2E2E2E2E2E2E2E2E2E2E2E2E2E2F5E2E2E2E2E2E2E2E2F5E2E2E2E2E2E2E2BEBEE2E2E2BEE2E2E2E2BEBEE2E2E2BEBEBEBEBEE2E2F5F5F5E2BEBEE2E2E2E2E2BEBEE2E2E2BEBEBEE2E2E2E2E2E2E2E2E2E2E2E2E2E2E2
310
F5E2F5E2E2E2E2E2E2E2E2E2E2E2E2E2E2E2E2E2E2E2E2E2E2E2E2E2E2E2E2E2E2E2E2E2E2E2E2E2E2E2E2E2E2E2E2E2E2E2E2E2E2E2E2E2E2E2E2E2E2E2E2E2E2E2E2E2E2E2E2E2E2E2E2E2E2E2E2E2E2E2E2E2E2E2E2E2E2E2E2E2E2E2E2E2E2E2E2E2E2E2E2E2E2E2E2F5E2E2E2E2E2E2E2E2F5E2E2E2E2E2E2E2E2E2E2
310
E2E2E2E2E2E2E2E2E2E2E2E2E2E2E2E2BEE2E2E2F5F5E2E2E2E2E2E2E2E2E2E2E2E2E2E2E2E2E2E2E2E2E2E2E2E2E2E2E2E2E2E2E2F5E2F5E2E2E2E2E2E2E2E2E2E2E2E2E2E2E2E2E2E2E2E2E2E2E2E2E2E2E2E2E2E2E2E2E2E2E2E2E2E2E2E2E2E2E2E2E2E2E2E2E2E2E2E2E2E2E2E2E2E2E2E2E2E2E2E2E2E2E2E2E2E2E2
310
E2E2E2E2E2E2E2E2E2E2E2E2E2E2E2E2E2E2E2E2E2E2E2E2E2E2E2E2E2E2E2E2E2F5E2E2E2E2E2E2E2E2F5E2E2E2F5F5F5F5F5F5F5F5F5F5F5F5F5F5F5F5E2E2E2BEBEBEBEBEE2F5F5F5F5F5F5F5F5F5F5F5F5F5F5F5F5F5F5F5F5F5F5F5F5F5F5F5E2E2E2E2E2E2E2E2F5E2F5E2E2E2E2E2E2E2E2E2E2E2E2E2E2E2E2E2E2
310
E2E2E2E2E2E2E2E2E2E2E2E2E2E2E2E2E2E2E2E2E2E2E2E2E2E2E2E2E2E2E2E2E2E2E2E2E2E2E2E2E2E2E2E2E2E2E2E2E2E2E2E2E2E2E2E2E2E2E2E2E2E2E2E2E2E2E2E2E2E2E2E2E2E2E2E2E2E2E2E2E2E2E2E2E2E2F5E2E2E2E2E2E2E2E2F5E2E2E2F5E2E2E2BEBEBEBEE2BEBEBEE2E2E2F5E2E2E2BEBEBEBEBEE2E2E2F5
310
F5F5F5F5F5F5F5F5F5F5F5F5F5F5F5F5F5E2E2E2E2E2E2E2E2E2E2E2E2E2E2E2F5E2F5E2E2E2E2E2E2E2E2E2E2E2E2E2E2E2E2E2E2E2E2E2E2E2E2E2E2E2E2E2E2E2E2E2E2E2E2E2E2E2E2E2E2E2E2E2E2E2E2E2E2E2E2E2E2E2E2E2E2E2E2E2E2E2E2E2E2E2E2E2E2E2E2E2E2E2E2E2E2E2E2E2E2E2E2E2E2E2E2E2E2E2E2
310
E2E2E2E2E2E2E2E2E2E2E2E2F5E2E2E2E2E2E2E2E2F5E2E2E2F5E2E2E2E2BEBEBEBEBEBEBEE2E2E2F5E2E2E2BEE2BEBEBEE2E2E2F5F5F5F5F5E2F5F5F5F5F5F5F5F5F5F5F5F5E2E2E2E2E2E2E2E2E2E2E2E2E2E2E2F5E2F5E2E2E2E2E2E2E2E2E2E2E2E2E2E2E2E2E2E2E2E2E2E2E2E2E2E2E2E2E2E2E2E2E2E2E2E2E2E2E2
310
E2E2E2E2E2E2E2E2E2E2E2E2E2E2E2E2E2E2E2E2E2E2E2E2E2E2E2E2E2E2E2E2E2E2E2E2E2E2E2E2E2E2E2E2E2E2E2E2E2E2E2E2E2E2E2E2E2E2E2E2E2E2E2E2E2F5E2E2E2E2E2E2E2E2F5E2E2E2F5F5F5F5F5F5F5F5F5F5F5F5F5F5F5F5E2E2E2E2E2E2E2E2E2E2E2E2E2E2E2E2E2E2E2E2E2E2F5E2E2F5E2E2E2E2E2E2E2
310
F5F5F5F5F5F5E2E2E2E2E2F5E2F5E2E2E2E2E2E2E2E2E2E2E2E2E2E2E2E2E2E2E2E2E2E2E2E2E2E2E2E2E2E2E2E2E2E2E2E2E2E2E2E2E2E2E2E2E2E2E2E2E2E2E2E2E2E2E2E2E2E2E2E2E2E2E2E2E2E2E2E2E2E2E2E2E2E2E2E2E2E2E2E2E2E2E2E2E2E2E2E2E2E2E2E2E2E2E2E2E2E2E2E2E2E2E2E2F5E2E2E2E2E2E2E2E2
310
F5E2E2E2F5E2BEBEBEBEE2BEBEE2BEBEE2BEE2F5E2E2E2F5F5F5F5F5F5F5F5F5F5F5F5F5F5F5F5F5F5F5F5F5F5F5F5F5F5F5F5F5E2F5F5F5F5F5E2E2E2E2E2E2F5E2F5E2E2E2E2E2E2E2E2E2E2E2E2E2E2E2E2E2E2E2E2E2E2E2E2E2E2E2E2E2E2E2E2E2E2E2E2E2E2E2E2E2E2E2E2E2E2E2E2E2E2E2E2E2E2E2E2E2E2E2E2
310
E2E2E2E2E2E2E2E2E2E2E2E2E2E2E2E2E2E2E2E2E2E2E2E2E2E2E2E2E2E2E2E2E2E2E2E2E2E2E2E2E2E2E2E2F5E2E2E2E2E2E2E2E2F5E2E2E2F5E2BEBEBEBEE2BEBEE2BEBEBEBEE2F5E2E2E2F5F5F5F5F5F5F5F5F5F5F5F5F5F5F5F5F5F5F5F5F5F5F5F5F5F5F5F5F5E2F5F5F5F5F5E2E2E2E2E2E2F5E2F5E2E2E2E2E2E2E2
310
E2E2E2E2E2E2E2E2E2E2E2E2E2E2E2E2E2E2E2E2E2E2E2E2E2E2E2E2E2E2E2E2E2E2E2E2E2E2E2E2E2E2E2E2E2E2E2E2E2E2E2E2E2E2E2E2E2E2E2E2E2E2E2E2E2E2E2E2E2E2E2E2E2E2E2E2E2E2E2E2E2E2E2E2E2E2E2E2E2E2E2E2E2E2E2E2E2F5E2E2E2E2E2E2E2E2F5E2E2E2F5E2BEBEE2BEE2BEBEE2BEBEE2BEE2F5E2
310
E2E2F5F5F5F5F5F5F5F5F5F5F5F5F5F5F5F5F5F5F5F5F5F5F5F5F5F5E2E2E2E2E2F5F5F5F5E2E2E2E2E2E2F5E2F5E2E2E2E2E2E2E2E2E2E2E2E2E2E2E2E2E2E2E2E2E2E2E2E2E2E2E2E2E2E2E2E2E2E2E2E2E2E2E2E2E2E2E2E2E2E2E2E2E2E2E2E2E2E2E2E2E2E2E2E2E2E2E2E2E2E2E2E2E2E2E2E2E2E2E2E2E2E2E2E2E2
310
E2E2E2E2E2E2E2E2E2E2E2E2E2E2E2E2E2E2E2E2E2E2E2F5E2E2E2E2E2E2E2E2F5E2E2E2F5F5F5F5F5F5F5F5F5F5F5F5F5F5F5F5E2E2E2E2E2E2E2E2E2E2E2E2E2E2E2E2E2E2E2E2E2E2E2E2E2E2E2E2E2E2E2E2E2E2E2E2E2BEBEBEBEBEE2E2F5E2F5E2E2E2E2E2E2E2E2E2E2E2E2E2E2E2E2E2E2E2E2E2E2E2E2E2E2E2E2
310
E2E2E2E2E2E2E2E2E2E2E2E2E2E2E2E2E2E2E2E2E2E2E2E2E2E2E2E2E2E2E2E2E2E2E2E2E2E2E2E2E2E2E2E2E2E2E2E2E2E2E2E2E2E2E2E2E2E2E2E2E2E2E2E2E2E2E2E2E2E2E2E2E2E2E2E2F5E2E2E2E2E2E2E2E2F5E2E2E2E2E2E2E2E2E2E2E2E2E2E2E2E2E2E2E2E2E2E2E2E2E2BEBEE2E2BEBEBEE2BEBEE2E2BEBEBEE2
310
E2E2E2E2E2E2E2E2E2E2E2E2E2E2E2BEBEBEBEBEBEE2F5E2F5E2E2E2E2E2E2E2E2E2E2E2E2E2E2E2E2E2E2E2E2E2E2E2E2E2E2E2E2E2E2E2E2E2E2E2E2E2E2E2E2E2E2E2E2E2E2E2E2E2E2E2E2E2E2E2E2E2E2E2E2E2E2E2E2E2E2E2E2E2E2E2E2E2E2E2E2E2E2E2E2E2E2E2E2E2E2E2E2E2E2E2E2E2E2E2E2E2E2E2E2E2E2
310
E2E2F5E2E2E2E2E2E2E2E2F5E2E2E2E2E2E2E2E2E2E2E2E2E2E2E2E2E2E2E2E2E2E2E2E2E2BEBEE2E2BEBEBEE2BEBEE2E2BEBEE2E2E2E2E2E2E2E2E2E2E2E2E2E2E2E2E2BEBEF5F5BEE2E2F5E2F5E2E2E2E2E2E2E2E2E2E2E2E2E2E2E2E2E2E2E2E2E2E2E2E2E2E2E2E2E2E2E2E2E2E2E2E2E2E2E2E2E2E2E2E2E2E2E2E2E2
310
E2E2E2E2E2E2E2E2E2E2E2E2E2E2E2E2E2E2E2E2E2E2E2E2E2E2E2E2E2E2E2E2E2E2E2E2E2E2E2E2E2E2E2E2E2E2E2E2E2E2E2E2E2E2E2F5E2E2E2E2E2E2E2E2F5E2E2E2E2E2E2E2E2E2E2E2E2E2E2E2E2E2E2E2E2E2E2E2E2E2BEBEBEE2BEBEBEE2BEBEE2E2BEBEBEE2E2E2E2E2E2E2E2E2E2E2E2E2E2E2E2BEBEE2BEBEE2
310
E2F5E2F5E2E2E2E2E2E2E2E2E2E2E2E2E2E2E2E2E2E2E2E2E2E2E2E2E2E2E2E2E2E2E2E2E2E2E2E2E2E2E2E2E2E2E2E2E2E2E2E2E2E2E2E2E2E2E2E2E2E2E2E2E2E2E2E2E2E2E2E2E2E2E2E2E2E2E2E2E2E2E2E2E2E2E2E2E2E2E2E2E2E2E2E2E2E2E2E2E2E2E2E2E2E2E2E2F5E2E2E2E2E2E2E2E2F5E2E2E2E2E2E2E2E2E2
310
E2E2E2E2E2E2E2E2E2E2E2E2E2E2E2E2BEE2E2E2E2E2E2E2E2E2E2E2E2BEE2E2E2E2E2E2E2E2E2E2E2E2E2E2E2E2E2E2BEBEBEBEBEE2F5E2F5E2E2E2E2E2E2E2E2E2E2E2E2E2E2E2E2E2E2E2E2E2E2E2E2E2E2E2E2E2E2E2E2E2E2E2E2E2E2E2E2E2E2E2E2E2E2E2E2E2E2E2E2E2E2E2E2E2E2E2E2E2E2E2E2E2E2E2E2E2E2
310
E2E2E2E2E2E2E2E2E2E2E2E2E2E2E2E2E2E2E2E2E2E2E2E2E2E2E2E2E2E2E2E2E2E2F5E2E2E2E2E2E2E2E2F5F5F5F5F5F5F5F5F5F5F5F5F5F5F5F5F5F5F5F5F5F5F5F5F5F5F5F5F5F5F5F5F5F5F5F5F5F5F5F5F5F5F5F5F5F5F5F5F5F5F5F5F5F5F5F5F5F5F5F5F5F5F5F5F5E2F5E2E2E2E2E2E2E2E2E2E2E2E2E2E2E2E2E2
310
E2E2E2E2E2E2E2E2E2E2E2E2E2E2E2E2E2E2E2E2E2E2E2E2E2E2E2E2E2E2E2E2E2E2E2E2E2E2E2E2E2E2E2E2E2E2E2E2E2E2E2E2E2E2E2E2E2E2E2E2E2E2E2E2E2E2E2E2E2E2E2E2E2E2E2E2E2E2E2E2E2E2E2E2E2E2E2F5E2E2E2E2E2E2E2E2F5E2E2E2E2E2E2E2E2E2E2E2E2E2E2E2E2E2E2E2E2E2E2E2E2E2E2E2E2E2E2
310
F5F5F5F5E2E2E2E2E2E2E2E2E2E2E2E2E2E2E2E2E2E2E2E2E2E2E2E2E2E2E2E2E2F5E2F5E2E2E2E2E2E2E2E2E2E2E2E2E2E2E2E2E2E2E2E2E2E2E2E2E2E2E2E2E2E2E2E2E2E2E2E2E2E2E2E2E2E2E2E2E2E2E2E2E2E2E2E2E2E2E2E2E2E2E2E2E2E2E2E2E2E2E2E2E2E2E2E2E2E2E2E2E2E2E2E2E2E2E2E2E2E2E2E2E2E2E2
310
E2E2E2E2E2E2E2E2E2E2E2E2E2F5E2E2E2E2E2E2E2E2F5E2E2E2E2E2E2E2E2E2E2E2E2E2E2E2E2F5F5F5F5F5F5F5F5F5F5F5F5F5F5F5F5F5F5F5F5F5F5F5F5F5F5F5F5F5F5E2E2E2E2E2E2E2E2E2E2E2E2E2E2E2E2E2F5E2F5E2E2E2E2E2E2E2E2E2E2E2E2E2E2E2E2E2E2E2E2E2E2E2E2E2E2E2E2E2E2E2E2E2E2E2E2E2E2
310
E2E2E2E2E2E2E2E2E2E2E2E2E2E2E2E2E2E2E2E2E2E2E2E2E2E2E2E2E2E2E2E2E2E2E2E2E2E2E2E2E2E2E2E2E2E2E2E2E2E2E2E2E2E2E2E2E2E2E2E2E2E2E2E2E2E2F5E2E2E2E2E2E2E2E2F5E2E2E2E2E2E2E2E2E2E2E2E2E2E2E2E2F5F5F5F5F5F5F5F5F5F5F5F5F5F5F5F5F5F5F5F5F5F5F5F5F5F5F5F5F5F5E2E2E2E2E2
310
E2E2E2E2E2E2E2E2E2E2E2E2F5E2F5E2E2E2E2E2E2E2E2E2E2E2E2E2E2E2E2E2E2E2E2E2E2E2E2E2E2E2E2E2E2E2E2E2E2E2E2E2E2E2E2E2E2E2E2E2E2E2E2E2E2E2E2E2E2E2E2E2E2E2E2E2E2E2E2E2E2E2E2E2E2E2E2E2E2E2E2E2E2E2E2E2E2E2E2E2E2E2E2E2E2E2E2E2E2E2E2E2E2E2E2E2E2E2E2F5E2E2E2E2E2E2E2
310
E2F5E2E2E2E2E2E2E2E2E2E2E2E2E2E2E2E2E2E2E2E2E2E2E2E2E2E2E2E2E2E2F5F5F5F5E2F5F5F5F5F5F5F5F5F5F5F5E2E2E2E2E2E2E2E2E2E2E2E2E2E2E2E2E2F5E2F5E2E2E2E2E2E2E2E2E2E2E2E2E2E2E2E2E2E2E2E2E2E2E2E2E2E2E2E2E2E2E2E2E2E2E2E2E2E2E2E2E2E2E2E2E2E2E2E2E2E2E2E2E2E2E2E2E2E2E2
310
E2E2E2E2E2E2E2E2E2E2E2E2E2E2E2E2E2E2E2E2E2E2E2E2E2E2E2E2E2E2E2E2E2E2E2E2E2E2E2E2E2E2E2E2E2F5E2E2E2E2E2E2E2E2F5F5F5F5F5F5F5F5F5F5F5F5F5F5F5F5F5F5F5F5F5F5F5F5F5F5F5F5F5F5F5F5F5F5F5F5F5F5F5F5F5F5F5F5F5F5F5F5F5F5F5F5F5F5F5F5F5F5F5F5F5F5F5F5F5E2F5E2E2E2E2E2E2
310
E2E2E2E2E2E2E2E2E2E2E2E2E2E2E2E2E2E2E2E2E2E2E2E2E2E2E2E2E2E2E2E2E2E2E2E2E2E2E2E2E2E2E2E2E2E2E2E2E2E2E2E2E2E2E2E2E2E2E2E2E2E2E2E2E2E2E2E2E2E2E2E2E2E2E2E2E2E2E2E2E2E2E2E2E2E2E2E2E2E2E2E2E2E2E2E2E2E2F5E2E2E2E2E2E2E2E2F5F5F5F5F5F5F5F5F5F5F5F5F5F5F5F5F5F5F5F5
310
F5F5F5F5F5F5F5F5F5F5F5F5F5F5F5F5F5F5F5F5F5F5F5F5F5F5F5F5F5F5F5F5F5F5F5F5F5F5F5F5F5F5F5F5F5E2F5E2E2E2E2E2E2E2E2E2E2E2E2E2E2E2E2E2E2E2E2E2E2E2E2E2E2E2E2E2E2E2E2E2E2E2E2E2E2E2E2E2E2E2E2E2E2E2E2E2E2E2E2E2E2E2E2E2E2E2E2E2E2E2E2E2E2E2E2E2E2E2E2E2E2E2E2E2E2E2E2
310
E2E2E2E2E2E2E2E2E2E2E2E2E2E2E2E2E2E2E2E2E2E2E2E2F5F5F5F5F5F5F5F5F5F5F5F5F5F5F5F5F5F5F5F5F5F5F5F5F5F5F5F5F5F5F5F5F5F5F5F5F5F5F5F5F5F5F5F5F5F5F5F5F5F5F5F5F5F5F5F5F5F5F5F5F5F5F5F5F5F5F5F5F5F5F5F5F5F5F5F5E2E2E2E2E2E2E2E2E2E2E2E2E2E2E2E2E2E2E2E2E2E2E2E2E2E2E2
310
E2E2E2E2E2E2E2E2E2E2E2E2E2E2E2E2E2E2E2E2E2E2E2E2E2E2E2E2E2E2E2E2E2E2E2E2E2E2E2E2E2E2E2E2E2E2E2E2E2E2E2E2E2E2E2E2E2E2E2E2E2E2E2E2E2E2E2E2E2E2E2E2E2E2E2E2E2E2E2E2E2E2E2E2E2E2E2E2E2E2E2E2E2E2E2E2E2E2E2E2E2E2E2E2E2E2E2E2E2E2E2E2E2E2E2E2E2E2E2E2E2E2E2E2E2E2E2
310
E2E2E2E2E2E2E2E2E2E2E2E2E2E2E2E2E2E2E2E2E2E2E2E2E2E2E2E2E2E2E2E2E2E2E2E2E2E2E2E2E2E2E2E2E2E2E2E2E2E2E2E2E2E2E2E2E2E2E2E2E2E2E2E2E2E2E2E2E2E2E2E2E2E2E2E2E2E2
  0
ENDSEC
  0
EOF
