  0
SECTION
  2
HEADER
  9
$ACADVER
  1
AC1024
  9
$ACADMAINTVER
 70
6
  9
$DWGCODEPAGE
  3
ANSI_1252
  9
$LASTSAVEDBY
  1
ezdxf
  9
$INSBASE
 10
0.0
 20
0.0
 30
0.0
  9
$EXTMIN
 10
1e+20
 20
1e+20
 30
1e+20
  9
$EXTMAX
 10
-1e+20
 20
-1e+20
 30
-1e+20
  9
$LIMMIN
 10
0.0
 20
0.0
  9
$LIMMAX
 10
420.0
 20
297.0
  9
$ORTHOMODE
 70
0
  9
$REGENMODE
 70
1
  9
$FILLMODE
 70
1
  9
$QTEXTMODE
 70
0
  9
$MIRRTEXT
 70
1
  9
$LTSCALE
 40
1.0
  9
$ATTMODE
 70
1
  9
$TEXTSIZE
 40
2.5
  9
$TRACEWID
 40
1.0
  9
$TEXTSTYLE
  7
OpenSans
  9
$CLAYER
  8
0
  9
$CELTYPE
  6
ByLayer
  9
$CECOLOR
 62
256
  9
$CELTSCALE
 40
1.0
  9
$DISPSILH
 70
0
  9
$DIMSCALE
 40
1.0
  9
$DIMASZ
 40
0.175
  9
$DIMEXO
 40
0.125
  9
$DIMDLI
 40
3.75
  9
$DIMRND
 40
0.0
  9
$DIMDLE
 40
0.0
  9
$DIMEXE
 40
0.375
  9
$DIMTP
 40
0.0
  9
$DIMTM
 40
0.0
  9
$DIMTXT
 40
0.25
  9
$DIMCEN
 40
2.5
  9
$DIMTSZ
 40
0.0
  9
$DIMTOL
 70
0
  9
$DIMLIM
 70
0
  9
$DIMTIH
 70
0
  9
$DIMTOH
 70
0
  9
$DIMSE1
 70
0
  9
$DIMSE2
 70
0
  9
$DIMTAD
 70
1
  9
$DIMZIN
 70
12
  9
$DIMBLK
  1
ARCHTICK
  9
$DIMASO
 70
1
  9
$DIMSHO
 70
1
  9
$DIMPOST
  1

  9
$DIMAPOST
  1

  9
$DIMALT
 70
0
  9
$DIMALTD
 70
3
  9
$DIMALTF
 40
0.03937007874
  9
$DIMLFAC
 40
100.0
  9
$DIMTOFL
 70
1
  9
$DIMTVP
 40
0.0
  9
$DIMTIX
 70
0
  9
$DIMSOXD
 70
0
  9
$DIMSAH
 70
0
  9
$DIMBLK1
  1

  9
$DIMBLK2
  1

  9
$DIMSTYLE
  2
EZDXF
  9
$DIMCLRD
 70
0
  9
$DIMCLRE
 70
0
  9
$DIMCLRT
 70
0
  9
$DIMTFAC
 40
0.5
  9
$DIMGAP
 40
0.1
  9
$DIMJUST
 70
0
  9
$DIMSD1
 70
0
  9
$DIMSD2
 70
0
  9
$DIMTOLJ
 70
0
  9
$DIMTZIN
 70
8
  9
$DIMALTZ
 70
0
  9
$DIMALTTZ
 70
0
  9
$DIMUPT
 70
1
  9
$DIMDEC
 70
2
  9
$DIMTDEC
 70
2
  9
$DIMALTU
 70
2
  9
$DIMALTTD
 70
3
  9
$DIMTXSTY
  7
OpenSansCondensed-Light
  9
$DIMAUNIT
 70
0
  9
$DIMADEC
 70
2
  9
$DIMALTRND
 40
0.0
  9
$DIMAZIN
 70
3
  9
$DIMDSEP
 70
46
  9
$DIMATFIT
 70
3
  9
$DIMFRAC
 70
0
  9
$DIMLDRBLK
  1

  9
$DIMLUNIT
 70
2
  9
$DIMLWD
 70
-2
  9
$DIMLWE
 70
-2
  9
$DIMTMOVE
 70
2
  9
$DIMFXL
 40
1.0
  9
$DIMFXLON
 70
0
  9
$DIMJOGANG
 40
0.785398163397
  9
$DIMTFILL
 70
0
  9
$DIMTFILLCLR
 70
0
  9
$DIMARCSYM
 70
0
  9
$DIMLTYPE
  6

  9
$DIMLTEX1
  6

  9
$DIMLTEX2
  6

  9
$DIMTXTDIRECTION
 70
0
  9
$LUNITS
 70
2
  9
$LUPREC
 70
4
  9
$SKETCHINC
 40
1.0
  9
$FILLETRAD
 40
10.0
  9
$AUNITS
 70
0
  9
$AUPREC
 70
2
  9
$MENU
  1
.
  9
$ELEVATION
 40
0.0
  9
$PELEVATION
 40
0.0
  9
$THICKNESS
 40
0.0
  9
$LIMCHECK
 70
0
  9
$CHAMFERA
 40
0.0
  9
$CHAMFERB
 40
0.0
  9
$CHAMFERC
 40
0.0
  9
$CHAMFERD
 40
0.0
  9
$SKPOLY
 70
0
  9
$TDCREATE
 40
2461280.509363426
  9
$TDUCREATE
 40
2458532.153996898
  9
$TDUPDATE
 40
2461280.509363426
  9
$TDUUPDATE
 40
2458532.1544311
  9
$TDINDWG
 40
0.0
  9
$TDUSRTIMER
 40
0.0
  9
$USRTIMER
 70
1
  9
$ANGBASE
 50
0.0
  9
$ANGDIR
 70
0
  9
$PDMODE
 70
0
  9
$PDSIZE
 40
0.0
  9
$PLINEWID
 40
0.0
  9
$SPLFRAME
 70
0
  9
$SPLINETYPE
 70
6
  9
$SPLINESEGS
 70
8
  9
$HANDSEED
  5
A05
  9
$SURFTAB1
 70
6
  9
$SURFTAB2
 70
6
  9
$SURFTYPE
 70
6
  9
$SURFU
 70
6
  9
$SURFV
 70
6
  9
$UCSBASE
  2

  9
$UCSNAME
  2

  9
$UCSORG
 10
0.0
 20
0.0
 30
0.0
  9
$UCSXDIR
 10
1.0
 20
0.0
 30
0.0
  9
$UCSYDIR
 10
0.0
 20
1.0
 30
0.0
  9
$UCSORTHOREF
  2

  9
$UCSORTHOVIEW
 70
0
  9
$UCSORGTOP
 10
0.0
 20
0.0
 30
0.0
  9
$UCSORGBOTTOM
 10
0.0
 20
0.0
 30
0.0
  9
$UCSORGLEFT
 10
0.0
 20
0.0
 30
0.0
  9
$UCSORGRIGHT
 10
0.0
 20
0.0
 30
0.0
  9
$UCSORGFRONT
 10
0.0
 20
0.0
 30
0.0
  9
$UCSORGBACK
 10
0.0
 20
0.0
 30
0.0
  9
$PUCSBASE
  2

  9
$PUCSNAME
  2

  9
$PUCSORG
 10
0.0
 20
0.0
 30
0.0
  9
$PUCSXDIR
 10
1.0
 20
0.0
 30
0.0
  9
$PUCSYDIR
 10
0.0
 20
1.0
 30
0.0
  9
$PUCSORTHOREF
  2

  9
$PUCSORTHOVIEW
 70
0
  9
$PUCSORGTOP
 10
0.0
 20
0.0
 30
0.0
  9
$PUCSORGBOTTOM
 10
0.0
 20
0.0
 30
0.0
  9
$PUCSORGLEFT
 10
0.0
 20
0.0
 30
0.0
  9
$PUCSORGRIGHT
 10
0.0
 20
0.0
 30
0.0
  9
$PUCSORGFRONT
 10
0.0
 20
0.0
 30
0.0
  9
$PUCSORGBACK
 10
0.0
 20
0.0
 30
0.0
  9
$USERI1
 70
0
  9
$USERI2
 70
0
  9
$USERI3
 70
0
  9
$USERI4
 70
0
  9
$USERI5
 70
0
  9
$USERR1
 40
0.0
  9
$USERR2
 40
0.0
  9
$USERR3
 40
0.0
  9
$USERR4
 40
0.0
  9
$USERR5
 40
0.0
  9
$WORLDVIEW
 70
1
  9
$SHADEDGE
 70
3
  9
$SHADEDIF
 70
70
  9
$TILEMODE
 70
1
  9
$MAXACTVP
 70
64
  9
$PINSBASE
 10
0.0
 20
0.0
 30
0.0
  9
$PLIMCHECK
 70
0
  9
$PEXTMIN
 10
1e+20
 20
1e+20
 30
1e+20
  9
$PEXTMAX
 10
-1e+20
 20
-1e+20
 30
-1e+20
  9
$PLIMMIN
 10
0.0
 20
0.0
  9
$PLIMMAX
 10
420.0
 20
297.0
  9
$UNITMODE
 70
0
  9
$VISRETAIN
 70
1
  9
$PLINEGEN
 70
0
  9
$PSLTSCALE
 70
1
  9
$TREEDEPTH
 70
3020
  9
$CMLSTYLE
  2
Standard
  9
$CMLJUST
 70
0
  9
$CMLSCALE
 40
20.0
  9
$PROXYGRAPHICS
 70
1
  9
$MEASUREMENT
 70
1
  9
$CELWEIGHT
370
-1
  9
$ENDCAPS
280
0
  9
$JOINSTYLE
280
0
  9
$LWDISPLAY
290
0
  9
$INSUNITS
 70
4
  9
$HYPERLINKBASE
  1

  9
$STYLESHEET
  1

  9
$XEDIT
290
1
  9
$CEPSNTYPE
380
0
  9
$PSTYLEMODE
290
1
  9
$FINGERPRINTGUID
  2
{7C161B68-8855-49CA-81AF-374C24E97FAF}
  9
$VERSIONGUID
  2
{5860A2C7-C984-4CDD-AA68-4B4C669FCCAA}
  9
$EXTNAMES
290
1
  9
$PSVPSCALE
 40
0.0
  9
$OLESTARTUP
290
0
  9
$SORTENTS
280
127
  9
$INDEXCTL
280
0
  9
$HIDETEXT
280
1
  9
$XCLIPFRAME
280
1
  9
$HALOGAP
280
0
  9
$OBSCOLOR
 70
257
  9
$OBSLTYPE
280
0
  9
$INTERSECTIONDISPLAY
280
0
  9
$INTERSECTIONCOLOR
 70
257
  9
$DIMASSOC
280
2
  9
$PROJECTNAME
  1

  9
$CAMERADISPLAY
290
0
  9
$LENSLENGTH
 40
50.0
  9
$CAMERAHEIGHT
 40
0.0
  9
$STEPSPERSEC
 40
24.0
  9
$STEPSIZE
 40
100.0
  9
$3DDWFPREC
 40
2.0
  9
$PSOLWIDTH
 40
0.005
  9
$PSOLHEIGHT
 40
0.08
  9
$LOFTANG1
 40
1.570796326795
  9
$LOFTANG2
 40
1.570796326795
  9
$LOFTMAG1
 40
0.0
  9
$LOFTMAG2
 40
0.0
  9
$LOFTPARAM
 70
7
  9
$LOFTNORMALS
280
1
  9
$LATITUDE
 40
37.795
  9
$LONGITUDE
 40
-122.394
  9
$NORTHDIRECTION
 40
0.0
  9
$TIMEZONE
 70
-8000
  9
$LIGHTGLYPHDISPLAY
280
1
  9
$TILEMODELIGHTSYNCH
280
1
  9
$CMATERIAL
347
20
  9
$SOLIDHIST
280
0
  9
$SHOWHIST
280
1
  9
$DWFFRAME
280
2
  9
$DGNFRAME
280
2
  9
$REALWORLDSCALE
290
1
  9
$INTERFERECOLOR
 62
256
  9
$CSHADOW
280
0
  9
$SHADOWPLANELOCATION
 40
0.0
  0
ENDSEC
  0
SECTION
  2
CLASSES
  0
CLASS
  1
ACDBDICTIONARYWDFLT
  2
AcDbDictionaryWithDefault
  3
ObjectDBX Classes
 90
0
 91
0
280
0
281
0
  0
CLASS
  1
SUN
  2
AcDbSun
  3
SCENEOE
 90
1153
 91
0
280
0
281
0
  0
CLASS
  1
VISUALSTYLE
  2
AcDbVisualStyle
  3
ObjectDBX Classes
 90
4095
 91
0
280
0
281
0
  0
CLASS
  1
MATERIAL
  2
AcDbMaterial
  3
ObjectDBX Classes
 90
1153
 91
0
280
0
281
0
  0
CLASS
  1
SCALE
  2
AcDbScale
  3
ObjectDBX Classes
 90
1153
 91
0
280
0
281
0
  0
CLASS
  1
TABLESTYLE
  2
AcDbTableStyle
  3
ObjectDBX Classes
 90
4095
 91
0
280
0
281
0
  0
CLASS
  1
MLEADERSTYLE
  2
AcDbMLeaderStyle
  3
ACDB_MLEADERSTYLE_CLASS
 90
4095
 91
0
280
0
281
0
  0
CLASS
  1
DICTIONARYVAR
  2
AcDbDictionaryVar
  3
ObjectDBX Classes
 90
0
 91
0
280
0
281
0
  0
CLASS
  1
CELLSTYLEMAP
  2
AcDbCellStyleMap
  3
ObjectDBX Classes
 90
1152
 91
0
280
0
281
0
  0
CLASS
  1
MENTALRAYRENDERSETTINGS
  2
AcDbMentalRayRenderSettings
  3
SCENEOE
 90
1024
 91
0
280
0
281
0
  0
CLASS
  1
ACDBDETAILVIEWSTYLE
  2
AcDbDetailViewStyle
  3
ObjectDBX Classes
 90
1025
 91
0
280
0
281
0
  0
CLASS
  1
ACDBSECTIONVIEWSTYLE
  2
AcDbSectionViewStyle
  3
ObjectDBX Classes
 90
1025
 91
0
280
0
281
0
  0
CLASS
  1
RASTERVARIABLES
  2
AcDbRasterVariables
  3
ISM
 90
0
 91
0
280
0
281
0
  0
CLASS
  1
LAYOUT
  2
AcDbLayout
  3
ObjectDBX Classes
 90
0
 91
0
280
0
281
0
  0
CLASS
  1
ACDBPLACEHOLDER
  2
AcDbPlaceHolder
  3
ObjectDBX Classes
 90
0
 91
0
280
0
281
0
  0
ENDSEC
  0
SECTION
  2
TABLES
  0
TABLE
  2
VPORT
  5
8
330
0
100
AcDbSymbolTable
 70
1
  0
VPORT
  5
23
330
8
100
AcDbSymbolTableRecord
100
AcDbViewportTableRecord
  2
*Active
 70
0
 10
0.0
 20
0.0
 11
1.0
 21
1.0
 12
0.0
 22
0.0
 13
0.0
 23
0.0
 14
0.5
 24
0.5
 15
0.5
 25
0.5
 16
0.0
 26
0.0
 36
1.0
 17
0.0
 27
0.0
 37
0.0
 40
1000.0
 41
1.34
 42
50.0
 43
0.0
 44
0.0
 50
0.0
 51
0.0
 71
0
 72
1000
 73
1
 74
3
 75
0
 76
0
 77
0
 78
0
281
0
 65
0
146
0.0
  0
ENDTAB
  0
TABLE
  2
LTYPE
  5
2
330
0
100
AcDbSymbolTable
 70
21
  0
LTYPE
  5
24
330
2
100
AcDbSymbolTableRecord
100
AcDbLinetypeTableRecord
  2
ByBlock
 70
0
  3

 72
65
 73
0
 40
0.0
  0
LTYPE
  5
25
330
2
100
AcDbSymbolTableRecord
100
AcDbLinetypeTableRecord
  2
ByLayer
 70
0
  3

 72
65
 73
0
 40
0.0
  0
LTYPE
  5
26
330
2
100
AcDbSymbolTableRecord
100
AcDbLinetypeTableRecord
  2
Continuous
 70
0
  3

 72
65
 73
0
 40
0.0
  0
LTYPE
  5
2F
330
2
100
AcDbSymbolTableRecord
100
AcDbLinetypeTableRecord
  2
CENTER
 70
0
  3
Center ____ _ ____ _ ____ _ ____ _ ____ _ ____
 72
65
 73
4
 40
5.08
 49
3.175
 74
0
 49
-0.635
 74
0
 49
0.635
 74
0
 49
-0.635
 74
0
  0
LTYPE
  5
30
330
2
100
AcDbSymbolTableRecord
100
AcDbLinetypeTableRecord
  2
CENTERX2
 70
0
  3
Center (2x) ________  __  ________  __  ________
 72
65
 73
4
 40
8.89
 49
6.35
 74
0
 49
-0.635
 74
0
 49
1.27
 74
0
 49
-0.635
 74
0
  0
LTYPE
  5
31
330
2
100
AcDbSymbolTableRecord
100
AcDbLinetypeTableRecord
  2
CENTER2
 70
0
  3
Center (.5x) ____ _ ____ _ ____ _ ____ _ ____
 72
65
 73
4
 40
2.54
 49
1.587
 74
0
 49
-0.318
 74
0
 49
0.318
 74
0
 49
-0.318
 74
0
  0
LTYPE
  5
32
330
2
100
AcDbSymbolTableRecord
100
AcDbLinetypeTableRecord
  2
DASHED
 70
0
  3
Dashed __ __ __ __ __ __ __ __ __ __ __ __ __ _
 72
65
 73
2
 40
1.524
 49
1.27
 74
0
 49
-0.254
 74
0
  0
LTYPE
  5
33
330
2
100
AcDbSymbolTableRecord
100
AcDbLinetypeTableRecord
  2
DASHEDX2
 70
0
  3
Dashed (2x) ____  ____  ____  ____  ____  ____
 72
65
 73
2
 40
3.048
 49
2.54
 74
0
 49
-0.508
 74
0
  0
LTYPE
  5
34
330
2
100
AcDbSymbolTableRecord
100
AcDbLinetypeTableRecord
  2
DASHED2
 70
0
  3
Dashed (.5x) _ _ _ _ _ _ _ _ _ _ _ _ _ _
 72
65
 73
2
 40
0.762
 49
0.635
 74
0
 49
-0.127
 74
0
  0
LTYPE
  5
35
330
2
100
AcDbSymbolTableRecord
100
AcDbLinetypeTableRecord
  2
PHANTOM
 70
0
  3
Phantom ______  __  __  ______  __  __  ______
 72
65
 73
6
 40
6.35
 49
3.175
 74
0
 49
-0.635
 74
0
 49
0.635
 74
0
 49
-0.635
 74
0
 49
0.635
 74
0
 49
-0.635
 74
0
  0
LTYPE
  5
36
330
2
100
AcDbSymbolTableRecord
100
AcDbLinetypeTableRecord
  2
PHANTOMX2
 70
0
  3
Phantom (2x)____________    ____    ____    ____________
 72
65
 73
6
 40
10.795
 49
6.35
 74
0
 49
-0.635
 74
0
 49
1.27
 74
0
 49
-0.635
 74
0
 49
1.27
 74
0
 49
-0.635
 74
0
  0
LTYPE
  5
37
330
2
100
AcDbSymbolTableRecord
100
AcDbLinetypeTableRecord
  2
PHANTOM2
 70
0
  3
Phantom (.5x) ___ _ _ ___ _ _ ___ _ _ ___ _ _ ___
 72
65
 73
6
 40
3.175
 49
1.587
 74
0
 49
-0.318
 74
0
 49
0.318
 74
0
 49
-0.318
 74
0
 49
0.318
 74
0
 49
-0.318
 74
0
  0
LTYPE
  5
38
330
2
100
AcDbSymbolTableRecord
100
AcDbLinetypeTableRecord
  2
DASHDOT
 70
0
  3
Dash dot __ . __ . __ . __ . __ . __ . __ . __
 72
65
 73
4
 40
3.556
 49
2.54
 74
0
 49
-0.508
 74
0
 49
0.0
 74
0
 49
-0.508
 74
0
  0
LTYPE
  5
39
330
2
100
AcDbSymbolTableRecord
100
AcDbLinetypeTableRecord
  2
DASHDOTX2
 70
0
  3
Dash dot (2x) ____  .  ____  .  ____  .  ____
 72
65
 73
4
 40
6.096
 49
5.08
 74
0
 49
-0.508
 74
0
 49
0.0
 74
0
 49
-0.508
 74
0
  0
LTYPE
  5
3A
330
2
100
AcDbSymbolTableRecord
100
AcDbLinetypeTableRecord
  2
DASHDOT2
 70
0
  3
Dash dot (.5x) _ . _ . _ . _ . _ . _ . _ . _
 72
65
 73
4
 40
1.778
 49
1.27
 74
0
 49
-0.254
 74
0
 49
0.0
 74
0
 49
-0.254
 74
0
  0
LTYPE
  5
3B
330
2
100
AcDbSymbolTableRecord
100
AcDbLinetypeTableRecord
  2
DOT
 70
0
  3
Dot .  .  .  .  .  .  .  .  .  .  .  .  .  .  .  .
 72
65
 73
2
 40
0.508
 49
0.0
 74
0
 49
-0.508
 74
0
  0
LTYPE
  5
3C
330
2
100
AcDbSymbolTableRecord
100
AcDbLinetypeTableRecord
  2
DOTX2
 70
0
  3
Dot (2x) .    .    .    .    .    .    .    . 
 72
65
 73
2
 40
1.016
 49
0.0
 74
0
 49
-1.016
 74
0
  0
LTYPE
  5
3D
330
2
100
AcDbSymbolTableRecord
100
AcDbLinetypeTableRecord
  2
DOT2
 70
0
  3
Dot (.5) . . . . . . . . . . . . . . . . . . . 
 72
65
 73
2
 40
0.254
 49
0.0
 74
0
 49
-0.254
 74
0
  0
LTYPE
  5
3E
330
2
100
AcDbSymbolTableRecord
100
AcDbLinetypeTableRecord
  2
DIVIDE
 70
0
  3
Divide __ . . __ . . __ . . __ . . __ . . __
 72
65
 73
6
 40
4.064
 49
2.54
 74
0
 49
-0.508
 74
0
 49
0.0
 74
0
 49
-0.508
 74
0
 49
0.0
 74
0
 49
-0.508
 74
0
  0
LTYPE
  5
3F
330
2
100
AcDbSymbolTableRecord
100
AcDbLinetypeTableRecord
  2
DIVIDEX2
 70
0
  3
Divide (2x) ____  . .  ____  . .  ____  . .  ____
 72
65
 73
6
 40
6.604
 49
5.08
 74
0
 49
-0.508
 74
0
 49
0.0
 74
0
 49
-0.508
 74
0
 49
0.0
 74
0
 49
-0.508
 74
0
  0
LTYPE
  5
40
330
2
100
AcDbSymbolTableRecord
100
AcDbLinetypeTableRecord
  2
DIVIDE2
 70
0
  3
Divide(.5x) _ . _ . _ . _ . _ . _ . _ . _
 72
65
 73
6
 40
2.032
 49
1.27
 74
0
 49
-0.254
 74
0
 49
0.0
 74
0
 49
-0.254
 74
0
 49
0.0
 74
0
 49
-0.254
 74
0
  0
ENDTAB
  0
TABLE
  2
LAYER
  5
1
330
0
100
AcDbSymbolTable
 70
18
  0
LAYER
  5
27
330
1
100
AcDbSymbolTableRecord
100
AcDbLayerTableRecord
  2
0
 70
0
 62
7
  6
Continuous
370
-3
390
13
347
21
  0
LAYER
  5
28
330
1
100
AcDbSymbolTableRecord
100
AcDbLayerTableRecord
  2
Defpoints
 70
0
 62
7
  6
Continuous
290
0
370
-3
390
13
347
21
  0
LAYER
  5
8A
330
1
100
AcDbSymbolTableRecord
100
AcDbLayerTableRecord
  2
FRAME
 70
0
 62
7
  6
Continuous
370
-3
390
13
347
21
  0
LAYER
  5
8B
330
1
100
AcDbSymbolTableRecord
100
AcDbLayerTableRecord
  2
LEG
 70
0
 62
1
  6
Continuous
370
-3
390
13
347
21
  0
LAYER
  5
8C
330
1
100
AcDbSymbolTableRecord
100
AcDbLayerTableRecord
  2
HORIZ
 70
0
 62
3
  6
Continuous
370
-3
390
13
347
21
  0
LAYER
  5
8D
330
1
100
AcDbSymbolTableRecord
100
AcDbLayerTableRecord
  2
DIAG
 70
0
 62
5
  6
Continuous
370
-3
390
13
347
21
  0
LAYER
  5
8E
330
1
100
AcDbSymbolTableRecord
100
AcDbLayerTableRecord
  2
CROSS
 70
0
 62
6
  6
Continuous
370
-3
390
13
347
21
  0
LAYER
  5
8F
330
1
100
AcDbSymbolTableRecord
100
AcDbLayerTableRecord
  2
HEAD
 70
0
 62
4
  6
Continuous
370
-3
390
13
347
21
  0
LAYER
  5
90
330
1
100
AcDbSymbolTableRecord
100
AcDbLayerTableRecord
  2
KNEE
 70
0
 62
30
  6
Continuous
370
-3
390
13
347
21
  0
LAYER
  5
91
330
1
100
AcDbSymbolTableRecord
100
AcDbLayerTableRecord
  2
HANG
 70
0
 62
34
  6
Continuous
370
-3
390
13
347
21
  0
LAYER
  5
92
330
1
100
AcDbSymbolTableRecord
100
AcDbLayerTableRecord
  2
NODE
 70
0
 62
2
  6
Continuous
370
-3
390
13
347
21
  0
LAYER
  5
93
330
1
100
AcDbSymbolTableRecord
100
AcDbLayerTableRecord
  2
DIM
 70
0
 62
140
  6
Continuous
370
-3
390
13
347
21
  0
LAYER
  5
94
330
1
100
AcDbSymbolTableRecord
100
AcDbLayerTableRecord
  2
TEXT
 70
0
 62
8
  6
Continuous
370
-3
390
13
347
21
  0
LAYER
  5
95
330
1
100
AcDbSymbolTableRecord
100
AcDbLayerTableRecord
  2
BOM
 70
0
 62
4
  6
Continuous
370
-3
390
13
347
21
  0
LAYER
  5
96
330
1
100
AcDbSymbolTableRecord
100
AcDbLayerTableRecord
  2
TITLE
 70
0
 62
7
  6
Continuous
370
-3
390
13
347
21
  0
LAYER
  5
97
330
1
100
AcDbSymbolTableRecord
100
AcDbLayerTableRecord
  2
HIDDEN
 70
0
 62
9
  6
Continuous
370
-3
390
13
347
21
  0
LAYER
  5
98
330
1
100
AcDbSymbolTableRecord
100
AcDbLayerTableRecord
  2
DETAIL
 70
0
 62
1
  6
Continuous
370
-3
390
13
347
21
  0
LAYER
  5
99
330
1
100
AcDbSymbolTableRecord
100
AcDbLayerTableRecord
  2
PLATE
 70
0
 62
30
  6
Continuous
370
-3
390
13
347
21
  0
ENDTAB
  0
TABLE
  2
STYLE
  5
5
330
0
100
AcDbSymbolTable
 70
26
  0
STYLE
  5
29
330
5
100
AcDbSymbolTableRecord
100
AcDbTextStyleTableRecord
  2
Standard
 70
0
 40
0.0
 41
1.0
 50
0.0
 71
0
 42
2.5
  3
txt
  4

  0
STYLE
  5
41
330
5
100
AcDbSymbolTableRecord
100
AcDbTextStyleTableRecord
  2
OpenSans-Light
 70
0
 40
0.0
 41
1.0
 50
0.0
 71
0
 42
2.5
  3
OpenSans-Light.ttf
  4

  0
STYLE
  5
42
330
5
100
AcDbSymbolTableRecord
100
AcDbTextStyleTableRecord
  2
OpenSans-Light-Italic
 70
0
 40
0.0
 41
1.0
 50
0.0
 71
0
 42
2.5
  3
OpenSans-LightItalic.ttf
  4

  0
STYLE
  5
43
330
5
100
AcDbSymbolTableRecord
100
AcDbTextStyleTableRecord
  2
OpenSans
 70
0
 40
0.0
 41
1.0
 50
0.0
 71
0
 42
2.5
  3
OpenSans-Regular.ttf
  4

  0
STYLE
  5
44
330
5
100
AcDbSymbolTableRecord
100
AcDbTextStyleTableRecord
  2
OpenSans-Italic
 70
0
 40
0.0
 41
1.0
 50
0.0
 71
0
 42
2.5
  3
OpenSans-Italic.ttf
  4

  0
STYLE
  5
45
330
5
100
AcDbSymbolTableRecord
100
AcDbTextStyleTableRecord
  2
OpenSans-SemiBold
 70
0
 40
0.0
 41
1.0
 50
0.0
 71
0
 42
2.5
  3
OpenSans-SemiBold.ttf
  4

  0
STYLE
  5
46
330
5
100
AcDbSymbolTableRecord
100
AcDbTextStyleTableRecord
  2
OpenSans-SemiBoldItalic
 70
0
 40
0.0
 41
1.0
 50
0.0
 71
0
 42
2.5
  3
OpenSans-SemiBoldItalic.ttf
  4

  0
STYLE
  5
47
330
5
100
AcDbSymbolTableRecord
100
AcDbTextStyleTableRecord
  2
OpenSans-Bold
 70
0
 40
0.0
 41
1.0
 50
0.0
 71
0
 42
2.5
  3
OpenSans-Bold.ttf
  4

  0
STYLE
  5
48
330
5
100
AcDbSymbolTableRecord
100
AcDbTextStyleTableRecord
  2
OpenSans-BoldItalic
 70
0
 40
0.0
 41
1.0
 50
0.0
 71
0
 42
2.5
  3
OpenSans-BoldItalic.ttf
  4

  0
STYLE
  5
49
330
5
100
AcDbSymbolTableRecord
100
AcDbTextStyleTableRecord
  2
OpenSans-ExtraBold
 70
0
 40
0.0
 41
1.0
 50
0.0
 71
0
 42
2.5
  3
OpenSans-ExtraBold.ttf
  4

  0
STYLE
  5
4A
330
5
100
AcDbSymbolTableRecord
100
AcDbTextStyleTableRecord
  2
OpenSans-ExtraBoldItalic
 70
0
 40
0.0
 41
1.0
 50
0.0
 71
0
 42
2.5
  3
OpenSans-ExtraBoldItalic.ttf
  4

  0
STYLE
  5
4B
330
5
100
AcDbSymbolTableRecord
100
AcDbTextStyleTableRecord
  2
OpenSansCondensed-Bold
 70
0
 40
0.0
 41
1.0
 50
0.0
 71
0
 42
2.5
  3
OpenSansCondensed-Bold.ttf
  4

  0
STYLE
  5
4C
330
5
100
AcDbSymbolTableRecord
100
AcDbTextStyleTableRecord
  2
OpenSansCondensed-Light
 70
0
 40
0.0
 41
1.0
 50
0.0
 71
0
 42
2.5
  3
OpenSansCondensed-Light.ttf
  4

  0
STYLE
  5
4D
330
5
100
AcDbSymbolTableRecord
100
AcDbTextStyleTableRecord
  2
OpenSansCondensed-Italic
 70
0
 40
0.0
 41
1.0
 50
0.0
 71
0
 42
2.5
  3
OpenSansCondensed-LightItalic.ttf
  4

  0
STYLE
  5
4E
330
5
100
AcDbSymbolTableRecord
100
AcDbTextStyleTableRecord
  2
LiberationSans
 70
0
 40
0.0
 41
1.0
 50
0.0
 71
0
 42
2.5
  3
LiberationSans-Regular.ttf
  4

  0
STYLE
  5
4F
330
5
100
AcDbSymbolTableRecord
100
AcDbTextStyleTableRecord
  2
LiberationSans-Bold
 70
0
 40
0.0
 41
1.0
 50
0.0
 71
0
 42
2.5
  3
LiberationSans-Bold.ttf
  4

  0
STYLE
  5
50
330
5
100
AcDbSymbolTableRecord
100
AcDbTextStyleTableRecord
  2
LiberationSans-BoldItalic
 70
0
 40
0.0
 41
1.0
 50
0.0
 71
0
 42
2.5
  3
LiberationSans-BoldItalic.ttf
  4

  0
STYLE
  5
51
330
5
100
AcDbSymbolTableRecord
100
AcDbTextStyleTableRecord
  2
LiberationSans-Italic
 70
0
 40
0.0
 41
1.0
 50
0.0
 71
0
 42
2.5
  3
LiberationSans-Italic.ttf
  4

  0
STYLE
  5
52
330
5
100
AcDbSymbolTableRecord
100
AcDbTextStyleTableRecord
  2
LiberationSerif
 70
0
 40
0.0
 41
1.0
 50
0.0
 71
0
 42
2.5
  3
LiberationSerif-Regular.ttf
  4

  0
STYLE
  5
53
330
5
100
AcDbSymbolTableRecord
100
AcDbTextStyleTableRecord
  2
LiberationSerif-Bold
 70
0
 40
0.0
 41
1.0
 50
0.0
 71
0
 42
2.5
  3
LiberationSerif-Bold.ttf
  4

  0
STYLE
  5
54
330
5
100
AcDbSymbolTableRecord
100
AcDbTextStyleTableRecord
  2
LiberationSerif-BoldItalic
 70
0
 40
0.0
 41
1.0
 50
0.0
 71
0
 42
2.5
  3
LiberationSerif-BoldItalic.ttf
  4

  0
STYLE
  5
55
330
5
100
AcDbSymbolTableRecord
100
AcDbTextStyleTableRecord
  2
LiberationSerif-Italic
 70
0
 40
0.0
 41
1.0
 50
0.0
 71
0
 42
2.5
  3
LiberationSerif-Italic.ttf
  4

  0
STYLE
  5
56
330
5
100
AcDbSymbolTableRecord
100
AcDbTextStyleTableRecord
  2
LiberationMono
 70
0
 40
0.0
 41
1.0
 50
0.0
 71
0
 42
2.5
  3
LiberationMono-Regular.ttf
  4

  0
STYLE
  5
57
330
5
100
AcDbSymbolTableRecord
100
AcDbTextStyleTableRecord
  2
LiberationMono-Bold
 70
0
 40
0.0
 41
1.0
 50
0.0
 71
0
 42
2.5
  3
LiberationMono-Bold.ttf
  4

  0
STYLE
  5
58
330
5
100
AcDbSymbolTableRecord
100
AcDbTextStyleTableRecord
  2
LiberationMono-BoldItalic
 70
0
 40
0.0
 41
1.0
 50
0.0
 71
0
 42
2.5
  3
LiberationMono-BoldItalic.ttf
  4

  0
STYLE
  5
59
330
5
100
AcDbSymbolTableRecord
100
AcDbTextStyleTableRecord
  2
LiberationMono-Italic
 70
0
 40
0.0
 41
1.0
 50
0.0
 71
0
 42
2.5
  3
LiberationMono-Italic.ttf
  4

  0
ENDTAB
  0
TABLE
  2
VIEW
  5
7
330
0
100
AcDbSymbolTable
 70
0
  0
ENDTAB
  0
TABLE
  2
UCS
  5
6
330
0
100
AcDbSymbolTable
 70
0
  0
ENDTAB
  0
TABLE
  2
APPID
  5
3
330
0
100
AcDbSymbolTable
 70
3
  0
APPID
  5
2A
330
3
100
AcDbSymbolTableRecord
100
AcDbRegAppTableRecord
  2
ACAD
 70
0
  0
APPID
  5
A02
330
3
100
AcDbSymbolTableRecord
100
AcDbRegAppTableRecord
  2
HATCHBACKGROUNDCOLOR
 70
0
  0
APPID
  5
A03
330
3
100
AcDbSymbolTableRecord
100
AcDbRegAppTableRecord
  2
EZDXF
 70
0
  0
ENDTAB
  0
TABLE
  2
DIMSTYLE
  5
4
330
0
100
AcDbSymbolTable
 70
12
100
AcDbDimStyleTable
  0
DIMSTYLE
105
2B
330
4
100
AcDbSymbolTableRecord
100
AcDbDimStyleTableRecord
  2
Standard
 70
0
 40
1.0
 41
2.5
 42
0.625
 43
3.75
 44
1.25
 45
0.0
 46
0.0
 47
0.0
 48
0.0
 49
2.5
140
2.5
141
2.5
142
0.0
143
0.03937007874
144
1.0
145
0.0
146
1.0
147
0.625
148
0.0
 69
0
 70
0
 71
0
 72
0
 73
0
 74
0
 75
0
 76
0
 77
1
 78
8
 79
3
170
0
171
3
172
1
173
0
174
0
175
0
176
0
177
0
178
0
179
2
271
2
272
2
273
2
274
3
275
0
276
0
277
2
278
44
279
0
280
0
281
0
282
0
283
0
284
8
285
0
286
0
288
0
289
3
290
0
371
-2
372
-2
  0
DIMSTYLE
105
73
330
4
100
AcDbSymbolTableRecord
100
AcDbDimStyleTableRecord
  2
EZDXF
 70
0
 40
1.0
 41
0.175
 42
0.125
 43
3.75
 44
0.375
 45
0.0
 46
0.0
 47
0.0
 48
0.0
 49
2.5
140
0.25
141
2.5
142
0.0
143
0.03937007874
144
100.0
145
0.0
146
0.5
147
0.1
148
0.0
 69
0
 70
0
 71
0
 72
0
 73
0
 74
0
 75
0
 76
0
 77
1
 78
12
 79
3
170
0
171
3
172
1
173
0
174
0
175
0
176
0
177
0
178
0
179
2
271
2
272
2
273
2
274
3
275
0
276
0
277
2
278
46
279
2
280
0
281
0
282
0
283
0
284
8
285
0
286
0
288
1
289
3
290
0
340
4C
342
74
371
-2
372
-2
  0
DIMSTYLE
105
7C
330
4
100
AcDbSymbolTableRecord
100
AcDbDimStyleTableRecord
  2
EZ_M_100_H25_CM
 70
0
 40
1.0
 41
0.25
 42
0.125
 43
3.75
 44
0.375
 45
0.0
 46
0.0
 47
0.0
 48
0.0
 49
2.5
140
0.25
141
2.5
142
0.125
143
0.03937007874
144
100.0
145
0.0
146
0.5
147
0.1
148
0.0
 69
0
 70
0
 71
0
 72
0
 73
0
 74
0
 75
0
 76
0
 77
1
 78
12
 79
3
170
0
171
3
172
1
173
0
174
0
175
0
176
0
177
0
178
0
179
2
271
2
272
2
273
2
274
3
275
0
276
0
277
2
278
46
279
2
280
0
281
0
282
0
283
0
284
8
285
0
286
0
288
1
289
3
290
0
340
4C
371
-2
372
-2
  0
DIMSTYLE
105
7D
330
4
100
AcDbSymbolTableRecord
100
AcDbDimStyleTableRecord
  2
EZ_M_50_H25_CM
 70
0
 40
1.0
 41
0.125
 42
0.0625
 43
3.75
 44
0.1875
 45
0.0
 46
0.0
 47
0.0
 48
0.0
 49
2.5
140
0.125
141
2.5
142
0.0625
143
0.03937007874
144
100.0
145
0.0
146
0.5
147
0.05
148
0.0
 69
0
 70
0
 71
0
 72
0
 73
0
 74
0
 75
0
 76
0
 77
1
 78
12
 79
3
170
0
171
3
172
1
173
0
174
0
175
0
176
0
177
0
178
0
179
2
271
2
272
2
273
2
274
3
275
0
276
0
277
2
278
46
279
2
280
0
281
0
282
0
283
0
284
8
285
0
286
0
288
1
289
3
290
0
340
4C
371
-2
372
-2
  0
DIMSTYLE
105
7E
330
4
100
AcDbSymbolTableRecord
100
AcDbDimStyleTableRecord
  2
EZ_M_25_H25_CM
 70
0
 40
1.0
 41
0.0625
 42
0.03125
 43
3.75
 44
0.09375
 45
0.0
 46
0.0
 47
0.0
 48
0.0
 49
2.5
140
0.0625
141
2.5
142
0.03125
143
0.03937007874
144
100.0
145
0.0
146
0.5
147
0.025
148
0.0
 69
0
 70
0
 71
0
 72
0
 73
0
 74
0
 75
0
 76
0
 77
1
 78
12
 79
3
170
0
171
3
172
1
173
0
174
0
175
0
176
0
177
0
178
0
179
2
271
2
272
2
273
2
274
3
275
0
276
0
277
2
278
46
279
2
280
0
281
0
282
0
283
0
284
8
285
0
286
0
288
1
289
3
290
0
340
4C
371
-2
372
-2
  0
DIMSTYLE
105
7F
330
4
100
AcDbSymbolTableRecord
100
AcDbDimStyleTableRecord
  2
EZ_M_20_H25_CM
 70
0
 40
1.0
 41
0.05
 42
0.025
 43
3.75
 44
0.07500000000000001
 45
0.0
 46
0.0
 47
0.0
 48
0.0
 49
2.5
140
0.05
141
2.5
142
0.025
143
0.03937007874
144
100.0
145
0.0
146
0.5
147
0.020000000000000004
148
0.0
 69
0
 70
0
 71
0
 72
0
 73
0
 74
0
 75
0
 76
0
 77
1
 78
12
 79
3
170
0
171
3
172
1
173
0
174
0
175
0
176
0
177
0
178
0
179
2
271
2
272
2
273
2
274
3
275
0
276
0
277
2
278
46
279
2
280
0
281
0
282
0
283
0
284
8
285
0
286
0
288
1
289
3
290
0
340
4C
371
-2
372
-2
  0
DIMSTYLE
105
80
330
4
100
AcDbSymbolTableRecord
100
AcDbDimStyleTableRecord
  2
EZ_M_10_H25_CM
 70
0
 40
1.0
 41
0.025
 42
0.0125
 43
3.75
 44
0.037500000000000006
 45
0.0
 46
0.0
 47
0.0
 48
0.0
 49
2.5
140
0.025
141
2.5
142
0.0125
143
0.03937007874
144
100.0
145
0.0
146
0.5
147
0.010000000000000002
148
0.0
 69
0
 70
0
 71
0
 72
0
 73
0
 74
0
 75
0
 76
0
 77
1
 78
12
 79
3
170
0
171
3
172
1
173
0
174
0
175
0
176
0
177
0
178
0
179
2
271
2
272
2
273
2
274
3
275
0
276
0
277
2
278
46
279
2
280
0
281
0
282
0
283
0
284
8
285
0
286
0
288
1
289
3
290
0
340
4C
371
-2
372
-2
  0
DIMSTYLE
105
81
330
4
100
AcDbSymbolTableRecord
100
AcDbDimStyleTableRecord
  2
EZ_M_5_H25_CM
 70
0
 40
1.0
 41
0.0125
 42
0.00625
 43
3.75
 44
0.018750000000000003
 45
0.0
 46
0.0
 47
0.0
 48
0.0
 49
2.5
140
0.0125
141
2.5
142
0.00625
143
0.03937007874
144
100.0
145
0.0
146
0.5
147
0.005000000000000001
148
0.0
 69
0
 70
0
 71
0
 72
0
 73
0
 74
0
 75
0
 76
0
 77
1
 78
12
 79
3
170
0
171
3
172
1
173
0
174
0
175
0
176
0
177
0
178
0
179
2
271
2
272
2
273
2
274
3
275
0
276
0
277
2
278
46
279
2
280
0
281
0
282
0
283
0
284
8
285
0
286
0
288
1
289
3
290
0
340
4C
371
-2
372
-2
  0
DIMSTYLE
105
82
330
4
100
AcDbSymbolTableRecord
100
AcDbDimStyleTableRecord
  2
EZ_M_1_H25_CM
 70
0
 40
1.0
 41
0.0025
 42
0.00125
 43
3.75
 44
0.00375
 45
0.0
 46
0.0
 47
0.0
 48
0.0
 49
2.5
140
0.0025
141
2.5
142
0.00125
143
0.03937007874
144
100.0
145
0.0
146
0.5
147
0.001
148
0.0
 69
0
 70
0
 71
0
 72
0
 73
0
 74
0
 75
0
 76
0
 77
1
 78
12
 79
3
170
0
171
3
172
1
173
0
174
0
175
0
176
0
177
0
178
0
179
2
271
2
272
2
273
2
274
3
275
0
276
0
277
2
278
46
279
2
280
0
281
0
282
0
283
0
284
8
285
0
286
0
288
1
289
3
290
0
340
4C
371
-2
372
-2
  0
DIMSTYLE
105
83
330
4
100
AcDbSymbolTableRecord
100
AcDbDimStyleTableRecord
  2
EZ_RADIUS
 70
0
 40
1.0
 41
0.25
 42
0.125
 43
3.75
 44
0.375
 45
0.0
 46
0.0
 47
0.0
 48
0.0
 49
2.5
140
0.25
141
0.0
142
0.0
143
0.03937007874
144
100.0
145
0.0
146
0.5
147
0.1
148
0.0
 69
0
 70
0
 71
0
 72
0
 73
0
 74
0
 75
0
 76
0
 77
1
 78
12
 79
3
170
0
171
3
172
0
173
0
174
0
175
0
176
0
177
0
178
0
179
2
271
2
272
2
273
2
274
3
275
0
276
0
277
2
278
46
279
1
280
0
281
0
282
0
283
0
284
8
285
0
286
0
288
1
289
3
290
0
340
4C
342
84
371
-2
372
-2
  0
DIMSTYLE
105
88
330
4
100
AcDbSymbolTableRecord
100
AcDbDimStyleTableRecord
  2
EZ_RADIUS_INSIDE
 70
0
 40
1.0
 41
0.25
 42
0.125
 43
3.75
 44
0.375
 45
0.0
 46
0.0
 47
0.0
 48
0.0
 49
2.5
140
0.25
141
0.0
142
0.0
143
0.03937007874
144
100.0
145
0.0
146
0.5
147
0.1
148
0.0
 69
0
 70
0
 71
0
 72
0
 73
0
 74
0
 75
0
 76
0
 77
0
 78
12
 79
3
170
0
171
3
172
0
173
0
174
1
175
0
176
0
177
0
178
0
179
2
271
2
272
2
273
2
274
3
275
0
276
0
277
2
278
46
279
0
280
0
281
0
282
0
283
0
284
8
285
0
286
0
288
1
289
0
290
0
340
4C
342
84
371
-2
372
-2
  0
DIMSTYLE
105
89
330
4
100
AcDbSymbolTableRecord
100
AcDbDimStyleTableRecord
  2
EZ_CURVED
 70
0
 40
1.0
 41
0.25
 42
0.125
 43
3.75
 44
0.375
 45
0.0
 46
0.0
 47
0.0
 48
0.0
 49
2.5
140
0.25
141
2.5
142
0.0
143
0.03937007874
144
100.0
145
0.0
146
0.5
147
0.1
148
0.0
 69
0
 70
0
 71
0
 72
0
 73
0
 74
0
 75
0
 76
0
 77
1
 78
12
 79
2
 90
2
170
0
171
3
172
1
173
0
174
0
175
0
176
0
177
0
178
0
179
2
271
2
272
2
273
2
274
3
275
0
276
0
277
2
278
46
279
2
280
0
281
0
282
0
283
0
284
8
285
0
286
0
288
1
289
3
290
0
340
4C
371
-2
372
-2
  0
ENDTAB
  0
TABLE
  2
BLOCK_RECORD
  5
9
330
0
100
AcDbSymbolTable
 70
5
  0
BLOCK_RECORD
  5
17
330
9
100
AcDbSymbolTableRecord
100
AcDbBlockTableRecord
  2
*Model_Space
340
1A
 70
0
280
1
281
0
  0
BLOCK_RECORD
  5
1B
330
9
100
AcDbSymbolTableRecord
100
AcDbBlockTableRecord
  2
*Paper_Space
340
1E
 70
0
280
1
281
0
  0
BLOCK_RECORD
  5
74
330
9
100
AcDbSymbolTableRecord
100
AcDbBlockTableRecord
  2
_ARCHTICK
340
0
 70
0
280
1
281
0
  0
BLOCK_RECORD
  5
78
330
9
100
AcDbSymbolTableRecord
100
AcDbBlockTableRecord
  2
_CLOSEDFILLED
340
0
 70
0
280
1
281
0
  0
BLOCK_RECORD
  5
84
330
9
100
AcDbSymbolTableRecord
100
AcDbBlockTableRecord
  2
_CLOSEDBLANK
340
0
 70
0
280
1
281
0
  0
ENDTAB
  0
ENDSEC
  0
SECTION
  2
BLOCKS
  0
BLOCK
  5
18
330
17
100
AcDbEntity
  8
0
100
AcDbBlockBegin
  2
*Model_Space
 70
0
 10
0.0
 20
0.0
 30
0.0
  3
*Model_Space
  1

  0
ENDBLK
  5
19
330
17
100
AcDbEntity
  8
0
100
AcDbBlockEnd
  0
BLOCK
  5
1C
330
1B
100
AcDbEntity
  8
0
100
AcDbBlockBegin
  2
*Paper_Space
 70
0
 10
0.0
 20
0.0
 30
0.0
  3
*Paper_Space
  1

  0
ENDBLK
  5
1D
330
1B
100
AcDbEntity
  8
0
100
AcDbBlockEnd
  0
BLOCK
  5
75
330
74
100
AcDbEntity
  8
0
100
AcDbBlockBegin
  2
_ARCHTICK
 70
0
 10
0.0
 20
0.0
 30
0.0
  3
_ARCHTICK
  1

  0
LWPOLYLINE
  5
77
330
74
100
AcDbEntity
  8
0
  6
BYBLOCK
 62
0
100
AcDbPolyline
 90
2
 70
0
 43
0.15
 10
-0.5
 20
-0.5
 10
0.5
 20
0.5
  0
ENDBLK
  5
76
330
74
100
AcDbEntity
  8
0
100
AcDbBlockEnd
  0
BLOCK
  5
79
330
78
100
AcDbEntity
  8
0
100
AcDbBlockBegin
  2
_CLOSEDFILLED
 70
0
 10
0.0
 20
0.0
 30
0.0
  3
_CLOSEDFILLED
  1

  0
SOLID
  5
7B
330
78
100
AcDbEntity
  8
0
  6
BYBLOCK
 62
0
100
AcDbTrace
 10
-1.0
 20
0.16439898372402537
 30
0.0
 11
0.0
 21
0.0
 31
0.0
 12
-1.0
 22
-0.16439898372402537
 32
0.0
 13
-1.0
 23
-0.16439898372402537
 33
0.0
  0
ENDBLK
  5
7A
330
78
100
AcDbEntity
  8
0
100
AcDbBlockEnd
  0
BLOCK
  5
85
330
84
100
AcDbEntity
  8
0
100
AcDbBlockBegin
  2
_CLOSEDBLANK
 70
0
 10
0.0
 20
0.0
 30
0.0
  3
_CLOSEDBLANK
  1

  0
LWPOLYLINE
  5
87
330
84
100
AcDbEntity
  8
0
  6
BYBLOCK
 62
0
100
AcDbPolyline
 90
3
 70
1
 10
-1.0
 20
0.16439898372402537
 10
0.0
 20
0.0
 10
-1.0
 20
-0.16439898372402537
  0
ENDBLK
  5
86
330
84
100
AcDbEntity
  8
0
100
AcDbBlockEnd
  0
ENDSEC
  0
SECTION
  2
ENTITIES
  0
LWPOLYLINE
  5
9A
330
17
100
AcDbEntity
  8
FRAME
100
AcDbPolyline
 90
4
 70
1
 10
2000.0
 20
2000.0
 10
118000.0
 20
2000.0
 10
118000.0
 20
84000.0
 10
2000.0
 20
84000.0
  0
TEXT
  5
9B
330
17
100
AcDbEntity
  8
TITLE
100
AcDbText
 10
4000.0
 20
3500.0
 30
0.0
 40
280.0
  1
A0 1:50
 11
4000.0
 21
3500.0
 31
0.0
100
AcDbText
  0
TEXT
  5
9C
330
17
100
AcDbEntity
  8
TEXT
100
AcDbText
 10
6000.0
 20
6500.0
 30
0.0
 40
400.0
  1
正立面 ELEVATION (正面)
 11
6000.0
 21
6500.0
 31
0.0
100
AcDbText
  0
LINE
  5
9D
330
17
100
AcDbEntity
  8
LEG
100
AcDbLine
 10
8829.6
 20
8000.0
 30
0.0
 11
8680.061538461538
 21
9246.153846153846
 31
0.0
  0
TEXT
  5
9E
330
17
100
AcDbEntity
  8
TEXT
100
AcDbText
 10
8754.830769230768
 20
8677.076923076922
 30
0.0
 40
90.0
  1
M0001
 72
1
 11
8754.830769230768
 21
8677.076923076922
 31
0.0
100
AcDbText
 73
2
  0
LINE
  5
9F
330
17
100
AcDbEntity
  8
LEG
100
AcDbLine
 10
8680.061538461538
 20
9246.153846153846
 30
0.0
 11
8530.523076923077
 21
10492.307692307691
 31
0.0
  0
TEXT
  5
A0
330
17
100
AcDbEntity
  8
TEXT
100
AcDbText
 10
8605.292307692307
 20
9923.23076923077
 30
0.0
 40
90.0
  1
M0002
 72
1
 11
8605.292307692307
 21
9923.23076923077
 31
0.0
100
AcDbText
 73
2
  0
LINE
  5
A1
330
17
100
AcDbEntity
  8
LEG
100
AcDbLine
 10
8530.523076923077
 20
10492.307692307691
 30
0.0
 11
8380.984615384616
 21
11738.461538461539
 31
0.0
  0
TEXT
  5
A2
330
17
100
AcDbEntity
  8
TEXT
100
AcDbText
 10
8455.753846153846
 20
11169.384615384615
 30
0.0
 40
90.0
  1
M0003
 72
1
 11
8455.753846153846
 21
11169.384615384615
 31
0.0
100
AcDbText
 73
2
  0
LINE
  5
A3
330
17
100
AcDbEntity
  8
LEG
100
AcDbLine
 10
8380.984615384616
 20
11738.461538461539
 30
0.0
 11
8231.446153846153
 21
12984.615384615385
 31
0.0
  0
TEXT
  5
A4
330
17
100
AcDbEntity
  8
TEXT
100
AcDbText
 10
8306.215384615385
 20
12415.538461538461
 30
0.0
 40
90.0
  1
M0004
 72
1
 11
8306.215384615385
 21
12415.538461538461
 31
0.0
100
AcDbText
 73
2
  0
LINE
  5
A5
330
17
100
AcDbEntity
  8
LEG
100
AcDbLine
 10
8231.446153846153
 20
12984.615384615385
 30
0.0
 11
8081.907692307692
 21
14230.76923076923
 31
0.0
  0
TEXT
  5
A6
330
17
100
AcDbEntity
  8
TEXT
100
AcDbText
 10
8156.676923076922
 20
13661.692307692309
 30
0.0
 40
90.0
  1
M0005
 72
1
 11
8156.676923076922
 21
13661.692307692309
 31
0.0
100
AcDbText
 73
2
  0
LINE
  5
A7
330
17
100
AcDbEntity
  8
LEG
100
AcDbLine
 10
8081.907692307692
 20
14230.76923076923
 30
0.0
 11
7932.369230769231
 21
15476.923076923078
 31
0.0
  0
TEXT
  5
A8
330
17
100
AcDbEntity
  8
TEXT
100
AcDbText
 10
8007.138461538461
 20
14907.846153846154
 30
0.0
 40
90.0
  1
M0006
 72
1
 11
8007.138461538461
 21
14907.846153846154
 31
0.0
100
AcDbText
 73
2
  0
LINE
  5
A9
330
17
100
AcDbEntity
  8
LEG
100
AcDbLine
 10
7932.369230769231
 20
15476.923076923078
 30
0.0
 11
7782.830769230769
 21
16723.076923076922
 31
0.0
  0
TEXT
  5
AA
330
17
100
AcDbEntity
  8
TEXT
100
AcDbText
 10
7857.6
 20
16154.0
 30
0.0
 40
90.0
  1
M0007
 72
1
 11
7857.6
 21
16154.0
 31
0.0
100
AcDbText
 73
2
  0
LINE
  5
AB
330
17
100
AcDbEntity
  8
LEG
100
AcDbLine
 10
7782.830769230769
 20
16723.076923076922
 30
0.0
 11
7633.292307692308
 21
17969.23076923077
 31
0.0
  0
TEXT
  5
AC
330
17
100
AcDbEntity
  8
TEXT
100
AcDbText
 10
7708.0615384615385
 20
17400.153846153844
 30
0.0
 40
90.0
  1
M0008
 72
1
 11
7708.0615384615385
 21
17400.153846153844
 31
0.0
100
AcDbText
 73
2
  0
LINE
  5
AD
330
17
100
AcDbEntity
  8
LEG
100
AcDbLine
 10
7633.292307692308
 20
17969.23076923077
 30
0.0
 11
7483.753846153847
 21
19215.384615384617
 31
0.0
  0
TEXT
  5
AE
330
17
100
AcDbEntity
  8
TEXT
100
AcDbText
 10
7558.5230769230775
 20
18646.307692307695
 30
0.0
 40
90.0
  1
M0009
 72
1
 11
7558.5230769230775
 21
18646.307692307695
 31
0.0
100
AcDbText
 73
2
  0
LINE
  5
AF
330
17
100
AcDbEntity
  8
LEG
100
AcDbLine
 10
7483.753846153847
 20
19215.384615384617
 30
0.0
 11
7334.215384615384
 21
20461.53846153846
 31
0.0
  0
TEXT
  5
B0
330
17
100
AcDbEntity
  8
TEXT
100
AcDbText
 10
7408.984615384616
 20
19892.46153846154
 30
0.0
 40
90.0
  1
M0010
 72
1
 11
7408.984615384616
 21
19892.46153846154
 31
0.0
100
AcDbText
 73
2
  0
LINE
  5
B1
330
17
100
AcDbEntity
  8
LEG
100
AcDbLine
 10
7334.215384615384
 20
20461.53846153846
 30
0.0
 11
7184.676923076922
 21
21707.69230769231
 31
0.0
  0
TEXT
  5
B2
330
17
100
AcDbEntity
  8
TEXT
100
AcDbText
 10
7259.446153846153
 20
21138.615384615383
 30
0.0
 40
90.0
  1
M0011
 72
1
 11
7259.446153846153
 21
21138.615384615383
 31
0.0
100
AcDbText
 73
2
  0
LINE
  5
B3
330
17
100
AcDbEntity
  8
LEG
100
AcDbLine
 10
7184.676923076922
 20
21707.69230769231
 30
0.0
 11
7035.138461538461
 21
22953.846153846156
 31
0.0
  0
TEXT
  5
B4
330
17
100
AcDbEntity
  8
TEXT
100
AcDbText
 10
7109.907692307692
 20
22384.769230769234
 30
0.0
 40
90.0
  1
M0012
 72
1
 11
7109.907692307692
 21
22384.769230769234
 31
0.0
100
AcDbText
 73
2
  0
LINE
  5
B5
330
17
100
AcDbEntity
  8
LEG
100
AcDbLine
 10
7035.138461538461
 20
22953.846153846156
 30
0.0
 11
6885.6
 21
24200.0
 31
0.0
  0
TEXT
  5
B6
330
17
100
AcDbEntity
  8
TEXT
100
AcDbText
 10
6960.369230769231
 20
23630.923076923078
 30
0.0
 40
90.0
  1
M0013
 72
1
 11
6960.369230769231
 21
23630.923076923078
 31
0.0
100
AcDbText
 73
2
  0
LINE
  5
B7
330
17
100
AcDbEntity
  8
LEG
100
AcDbLine
 10
3589.6
 20
8000.0
 30
0.0
 11
3716.9846153846156
 21
9246.153846153846
 31
0.0
  0
TEXT
  5
B8
330
17
100
AcDbEntity
  8
TEXT
100
AcDbText
 10
3653.292307692308
 20
8677.076923076922
 30
0.0
 40
90.0
  1
M0014
 72
1
 11
3653.292307692308
 21
8677.076923076922
 31
0.0
100
AcDbText
 73
2
  0
LINE
  5
B9
330
17
100
AcDbEntity
  8
LEG
100
AcDbLine
 10
3716.9846153846156
 20
9246.153846153846
 30
0.0
 11
3844.369230769231
 21
10492.307692307691
 31
0.0
  0
TEXT
  5
BA
330
17
100
AcDbEntity
  8
TEXT
100
AcDbText
 10
3780.6769230769232
 20
9923.23076923077
 30
0.0
 40
90.0
  1
M0015
 72
1
 11
3780.6769230769232
 21
9923.23076923077
 31
0.0
100
AcDbText
 73
2
  0
LINE
  5
BB
330
17
100
AcDbEntity
  8
LEG
100
AcDbLine
 10
3844.369230769231
 20
10492.307692307691
 30
0.0
 11
3971.753846153846
 21
11738.461538461539
 31
0.0
  0
TEXT
  5
BC
330
17
100
AcDbEntity
  8
TEXT
100
AcDbText
 10
3908.0615384615385
 20
11169.384615384615
 30
0.0
 40
90.0
  1
M0016
 72
1
 11
3908.0615384615385
 21
11169.384615384615
 31
0.0
100
AcDbText
 73
2
  0
LINE
  5
BD
330
17
100
AcDbEntity
  8
LEG
100
AcDbLine
 10
3971.753846153846
 20
11738.461538461539
 30
0.0
 11
4099.138461538461
 21
12984.615384615385
 31
0.0
  0
TEXT
  5
BE
330
17
100
AcDbEntity
  8
TEXT
100
AcDbText
 10
4035.4461538461537
 20
12415.538461538461
 30
0.0
 40
90.0
  1
M0017
 72
1
 11
4035.4461538461537
 21
12415.538461538461
 31
0.0
100
AcDbText
 73
2
  0
LINE
  5
BF
330
17
100
AcDbEntity
  8
LEG
100
AcDbLine
 10
4099.138461538461
 20
12984.615384615385
 30
0.0
 11
4226.523076923077
 21
14230.76923076923
 31
0.0
  0
TEXT
  5
C0
330
17
100
AcDbEntity
  8
TEXT
100
AcDbText
 10
4162.830769230769
 20
13661.692307692309
 30
0.0
 40
90.0
  1
M0018
 72
1
 11
4162.830769230769
 21
13661.692307692309
 31
0.0
100
AcDbText
 73
2
  0
LINE
  5
C1
330
17
100
AcDbEntity
  8
LEG
100
AcDbLine
 10
4226.523076923077
 20
14230.76923076923
 30
0.0
 11
4353.907692307692
 21
15476.923076923078
 31
0.0
  0
TEXT
  5
C2
330
17
100
AcDbEntity
  8
TEXT
100
AcDbText
 10
4290.215384615384
 20
14907.846153846154
 30
0.0
 40
90.0
  1
M0019
 72
1
 11
4290.215384615384
 21
14907.846153846154
 31
0.0
100
AcDbText
 73
2
  0
LINE
  5
C3
330
17
100
AcDbEntity
  8
LEG
100
AcDbLine
 10
4353.907692307692
 20
15476.923076923078
 30
0.0
 11
4481.292307692308
 21
16723.076923076922
 31
0.0
  0
TEXT
  5
C4
330
17
100
AcDbEntity
  8
TEXT
100
AcDbText
 10
4417.6
 20
16154.0
 30
0.0
 40
90.0
  1
M0020
 72
1
 11
4417.6
 21
16154.0
 31
0.0
100
AcDbText
 73
2
  0
LINE
  5
C5
330
17
100
AcDbEntity
  8
LEG
100
AcDbLine
 10
4481.292307692308
 20
16723.076923076922
 30
0.0
 11
4608.676923076923
 21
17969.23076923077
 31
0.0
  0
TEXT
  5
C6
330
17
100
AcDbEntity
  8
TEXT
100
AcDbText
 10
4544.984615384616
 20
17400.153846153844
 30
0.0
 40
90.0
  1
M0021
 72
1
 11
4544.984615384616
 21
17400.153846153844
 31
0.0
100
AcDbText
 73
2
  0
LINE
  5
C7
330
17
100
AcDbEntity
  8
LEG
100
AcDbLine
 10
4608.676923076923
 20
17969.23076923077
 30
0.0
 11
4736.0615384615385
 21
19215.384615384617
 31
0.0
  0
TEXT
  5
C8
330
17
100
AcDbEntity
  8
TEXT
100
AcDbText
 10
4672.369230769231
 20
18646.307692307695
 30
0.0
 40
90.0
  1
M0022
 72
1
 11
4672.369230769231
 21
18646.307692307695
 31
0.0
100
AcDbText
 73
2
  0
LINE
  5
C9
330
17
100
AcDbEntity
  8
LEG
100
AcDbLine
 10
4736.0615384615385
 20
19215.384615384617
 30
0.0
 11
4863.446153846154
 21
20461.53846153846
 31
0.0
  0
TEXT
  5
CA
330
17
100
AcDbEntity
  8
TEXT
100
AcDbText
 10
4799.753846153846
 20
19892.46153846154
 30
0.0
 40
90.0
  1
M0023
 72
1
 11
4799.753846153846
 21
19892.46153846154
 31
0.0
100
AcDbText
 73
2
  0
LINE
  5
CB
330
17
100
AcDbEntity
  8
LEG
100
AcDbLine
 10
4863.446153846154
 20
20461.53846153846
 30
0.0
 11
4990.83076923077
 21
21707.69230769231
 31
0.0
  0
TEXT
  5
CC
330
17
100
AcDbEntity
  8
TEXT
100
AcDbText
 10
4927.138461538461
 20
21138.615384615383
 30
0.0
 40
90.0
  1
M0024
 72
1
 11
4927.138461538461
 21
21138.615384615383
 31
0.0
100
AcDbText
 73
2
  0
LINE
  5
CD
330
17
100
AcDbEntity
  8
LEG
100
AcDbLine
 10
4990.83076923077
 20
21707.69230769231
 30
0.0
 11
5118.215384615385
 21
22953.846153846156
 31
0.0
  0
TEXT
  5
CE
330
17
100
AcDbEntity
  8
TEXT
100
AcDbText
 10
5054.5230769230775
 20
22384.769230769234
 30
0.0
 40
90.0
  1
M0025
 72
1
 11
5054.5230769230775
 21
22384.769230769234
 31
0.0
100
AcDbText
 73
2
  0
LINE
  5
CF
330
17
100
AcDbEntity
  8
LEG
100
AcDbLine
 10
5118.215384615385
 20
22953.846153846156
 30
0.0
 11
5245.6
 21
24200.0
 31
0.0
  0
TEXT
  5
D0
330
17
100
AcDbEntity
  8
TEXT
100
AcDbText
 10
5181.907692307693
 20
23630.923076923078
 30
0.0
 40
90.0
  1
M0026
 72
1
 11
5181.907692307693
 21
23630.923076923078
 31
0.0
100
AcDbText
 73
2
  0
LINE
  5
D1
330
17
100
AcDbEntity
  8
LEG
100
AcDbLine
 10
3170.4
 20
8000.0
 30
0.0
 11
3319.9384615384615
 21
9246.153846153846
 31
0.0
  0
TEXT
  5
D2
330
17
100
AcDbEntity
  8
TEXT
100
AcDbText
 10
3245.169230769231
 20
8677.076923076922
 30
0.0
 40
90.0
  1
M0027
 72
1
 11
3245.169230769231
 21
8677.076923076922
 31
0.0
100
AcDbText
 73
2
  0
LINE
  5
D3
330
17
100
AcDbEntity
  8
LEG
100
AcDbLine
 10
3319.9384615384615
 20
9246.153846153846
 30
0.0
 11
3469.4769230769234
 21
10492.307692307691
 31
0.0
  0
TEXT
  5
D4
330
17
100
AcDbEntity
  8
TEXT
100
AcDbText
 10
3394.7076923076925
 20
9923.23076923077
 30
0.0
 40
90.0
  1
M0028
 72
1
 11
3394.7076923076925
 21
9923.23076923077
 31
0.0
100
AcDbText
 73
2
  0
LINE
  5
D5
330
17
100
AcDbEntity
  8
LEG
100
AcDbLine
 10
3469.4769230769234
 20
10492.307692307691
 30
0.0
 11
3619.0153846153844
 21
11738.461538461539
 31
0.0
  0
TEXT
  5
D6
330
17
100
AcDbEntity
  8
TEXT
100
AcDbText
 10
3544.246153846154
 20
11169.384615384615
 30
0.0
 40
90.0
  1
M0029
 72
1
 11
3544.246153846154
 21
11169.384615384615
 31
0.0
100
AcDbText
 73
2
  0
LINE
  5
D7
330
17
100
AcDbEntity
  8
LEG
100
AcDbLine
 10
3619.0153846153844
 20
11738.461538461539
 30
0.0
 11
3768.5538461538463
 21
12984.615384615385
 31
0.0
  0
TEXT
  5
D8
330
17
100
AcDbEntity
  8
TEXT
100
AcDbText
 10
3693.7846153846153
 20
12415.538461538461
 30
0.0
 40
90.0
  1
M0030
 72
1
 11
3693.7846153846153
 21
12415.538461538461
 31
0.0
100
AcDbText
 73
2
  0
LINE
  5
D9
330
17
100
AcDbEntity
  8
LEG
100
AcDbLine
 10
3768.5538461538463
 20
12984.615384615385
 30
0.0
 11
3918.0923076923077
 21
14230.76923076923
 31
0.0
  0
TEXT
  5
DA
330
17
100
AcDbEntity
  8
TEXT
100
AcDbText
 10
3843.3230769230768
 20
13661.692307692309
 30
0.0
 40
90.0
  1
M0031
 72
1
 11
3843.3230769230768
 21
13661.692307692309
 31
0.0
100
AcDbText
 73
2
  0
LINE
  5
DB
330
17
100
AcDbEntity
  8
LEG
100
AcDbLine
 10
3918.0923076923077
 20
14230.76923076923
 30
0.0
 11
4067.630769230769
 21
15476.923076923078
 31
0.0
  0
TEXT
  5
DC
330
17
100
AcDbEntity
  8
TEXT
100
AcDbText
 10
3992.8615384615387
 20
14907.846153846154
 30
0.0
 40
90.0
  1
M0032
 72
1
 11
3992.8615384615387
 21
14907.846153846154
 31
0.0
100
AcDbText
 73
2
  0
LINE
  5
DD
330
17
100
AcDbEntity
  8
LEG
100
AcDbLine
 10
4067.630769230769
 20
15476.923076923078
 30
0.0
 11
4217.169230769231
 21
16723.076923076922
 31
0.0
  0
TEXT
  5
DE
330
17
100
AcDbEntity
  8
TEXT
100
AcDbText
 10
4142.4
 20
16154.0
 30
0.0
 40
90.0
  1
M0033
 72
1
 11
4142.4
 21
16154.0
 31
0.0
100
AcDbText
 73
2
  0
LINE
  5
DF
330
17
100
AcDbEntity
  8
LEG
100
AcDbLine
 10
4217.169230769231
 20
16723.076923076922
 30
0.0
 11
4366.707692307692
 21
17969.23076923077
 31
0.0
  0
TEXT
  5
E0
330
17
100
AcDbEntity
  8
TEXT
100
AcDbText
 10
4291.9384615384615
 20
17400.153846153844
 30
0.0
 40
90.0
  1
M0034
 72
1
 11
4291.9384615384615
 21
17400.153846153844
 31
0.0
100
AcDbText
 73
2
  0
LINE
  5
E1
330
17
100
AcDbEntity
  8
LEG
100
AcDbLine
 10
4366.707692307692
 20
17969.23076923077
 30
0.0
 11
4516.246153846153
 21
19215.384615384617
 31
0.0
  0
TEXT
  5
E2
330
17
100
AcDbEntity
  8
TEXT
100
AcDbText
 10
4441.4769230769225
 20
18646.307692307695
 30
0.0
 40
90.0
  1
M0035
 72
1
 11
4441.4769230769225
 21
18646.307692307695
 31
0.0
100
AcDbText
 73
2
  0
LINE
  5
E3
330
17
100
AcDbEntity
  8
LEG
100
AcDbLine
 10
4516.246153846153
 20
19215.384615384617
 30
0.0
 11
4665.784615384616
 21
20461.53846153846
 31
0.0
  0
TEXT
  5
E4
330
17
100
AcDbEntity
  8
TEXT
100
AcDbText
 10
4591.015384615384
 20
19892.46153846154
 30
0.0
 40
90.0
  1
M0036
 72
1
 11
4591.015384615384
 21
19892.46153846154
 31
0.0
100
AcDbText
 73
2
  0
LINE
  5
E5
330
17
100
AcDbEntity
  8
LEG
100
AcDbLine
 10
4665.784615384616
 20
20461.53846153846
 30
0.0
 11
4815.323076923078
 21
21707.69230769231
 31
0.0
  0
TEXT
  5
E6
330
17
100
AcDbEntity
  8
TEXT
100
AcDbText
 10
4740.553846153847
 20
21138.615384615383
 30
0.0
 40
90.0
  1
M0037
 72
1
 11
4740.553846153847
 21
21138.615384615383
 31
0.0
100
AcDbText
 73
2
  0
LINE
  5
E7
330
17
100
AcDbEntity
  8
LEG
100
AcDbLine
 10
4815.323076923078
 20
21707.69230769231
 30
0.0
 11
4964.861538461539
 21
22953.846153846156
 31
0.0
  0
TEXT
  5
E8
330
17
100
AcDbEntity
  8
TEXT
100
AcDbText
 10
4890.092307692308
 20
22384.769230769234
 30
0.0
 40
90.0
  1
M0038
 72
1
 11
4890.092307692308
 21
22384.769230769234
 31
0.0
100
AcDbText
 73
2
  0
LINE
  5
E9
330
17
100
AcDbEntity
  8
LEG
100
AcDbLine
 10
4964.861538461539
 20
22953.846153846156
 30
0.0
 11
5114.4
 21
24200.0
 31
0.0
  0
TEXT
  5
EA
330
17
100
AcDbEntity
  8
TEXT
100
AcDbText
 10
5039.630769230769
 20
23630.923076923078
 30
0.0
 40
90.0
  1
M0039
 72
1
 11
5039.630769230769
 21
23630.923076923078
 31
0.0
100
AcDbText
 73
2
  0
LINE
  5
EB
330
17
100
AcDbEntity
  8
LEG
100
AcDbLine
 10
8410.4
 20
8000.0
 30
0.0
 11
8283.015384615384
 21
9246.153846153846
 31
0.0
  0
TEXT
  5
EC
330
17
100
AcDbEntity
  8
TEXT
100
AcDbText
 10
8346.707692307693
 20
8677.076923076922
 30
0.0
 40
90.0
  1
M0040
 72
1
 11
8346.707692307693
 21
8677.076923076922
 31
0.0
100
AcDbText
 73
2
  0
LINE
  5
ED
330
17
100
AcDbEntity
  8
LEG
100
AcDbLine
 10
8283.015384615384
 20
9246.153846153846
 30
0.0
 11
8155.630769230768
 21
10492.307692307691
 31
0.0
  0
TEXT
  5
EE
330
17
100
AcDbEntity
  8
TEXT
100
AcDbText
 10
8219.323076923076
 20
9923.23076923077
 30
0.0
 40
90.0
  1
M0041
 72
1
 11
8219.323076923076
 21
9923.23076923077
 31
0.0
100
AcDbText
 73
2
  0
LINE
  5
EF
330
17
100
AcDbEntity
  8
LEG
100
AcDbLine
 10
8155.630769230768
 20
10492.307692307691
 30
0.0
 11
8028.246153846154
 21
11738.461538461539
 31
0.0
  0
TEXT
  5
F0
330
17
100
AcDbEntity
  8
TEXT
100
AcDbText
 10
8091.938461538461
 20
11169.384615384615
 30
0.0
 40
90.0
  1
M0042
 72
1
 11
8091.938461538461
 21
11169.384615384615
 31
0.0
100
AcDbText
 73
2
  0
LINE
  5
F1
330
17
100
AcDbEntity
  8
LEG
100
AcDbLine
 10
8028.246153846154
 20
11738.461538461539
 30
0.0
 11
7900.861538461538
 21
12984.615384615385
 31
0.0
  0
TEXT
  5
F2
330
17
100
AcDbEntity
  8
TEXT
100
AcDbText
 10
7964.553846153845
 20
12415.538461538461
 30
0.0
 40
90.0
  1
M0043
 72
1
 11
7964.553846153845
 21
12415.538461538461
 31
0.0
100
AcDbText
 73
2
  0
LINE
  5
F3
330
17
100
AcDbEntity
  8
LEG
100
AcDbLine
 10
7900.861538461538
 20
12984.615384615385
 30
0.0
 11
7773.476923076923
 21
14230.76923076923
 31
0.0
  0
TEXT
  5
F4
330
17
100
AcDbEntity
  8
TEXT
100
AcDbText
 10
7837.16923076923
 20
13661.692307692309
 30
0.0
 40
90.0
  1
M0044
 72
1
 11
7837.16923076923
 21
13661.692307692309
 31
0.0
100
AcDbText
 73
2
  0
LINE
  5
F5
330
17
100
AcDbEntity
  8
LEG
100
AcDbLine
 10
7773.476923076923
 20
14230.76923076923
 30
0.0
 11
7646.092307692308
 21
15476.923076923078
 31
0.0
  0
TEXT
  5
F6
330
17
100
AcDbEntity
  8
TEXT
100
AcDbText
 10
7709.784615384616
 20
14907.846153846154
 30
0.0
 40
90.0
  1
M0045
 72
1
 11
7709.784615384616
 21
14907.846153846154
 31
0.0
100
AcDbText
 73
2
  0
LINE
  5
F7
330
17
100
AcDbEntity
  8
LEG
100
AcDbLine
 10
7646.092307692308
 20
15476.923076923078
 30
0.0
 11
7518.707692307692
 21
16723.076923076922
 31
0.0
  0
TEXT
  5
F8
330
17
100
AcDbEntity
  8
TEXT
100
AcDbText
 10
7582.4
 20
16154.0
 30
0.0
 40
90.0
  1
M0046
 72
1
 11
7582.4
 21
16154.0
 31
0.0
100
AcDbText
 73
2
  0
LINE
  5
F9
330
17
100
AcDbEntity
  8
LEG
100
AcDbLine
 10
7518.707692307692
 20
16723.076923076922
 30
0.0
 11
7391.323076923077
 21
17969.23076923077
 31
0.0
  0
TEXT
  5
FA
330
17
100
AcDbEntity
  8
TEXT
100
AcDbText
 10
7455.015384615384
 20
17400.153846153844
 30
0.0
 40
90.0
  1
M0047
 72
1
 11
7455.015384615384
 21
17400.153846153844
 31
0.0
100
AcDbText
 73
2
  0
LINE
  5
FB
330
17
100
AcDbEntity
  8
LEG
100
AcDbLine
 10
7391.323076923077
 20
17969.23076923077
 30
0.0
 11
7263.9384615384615
 21
19215.384615384617
 31
0.0
  0
TEXT
  5
FC
330
17
100
AcDbEntity
  8
TEXT
100
AcDbText
 10
7327.630769230769
 20
18646.307692307695
 30
0.0
 40
90.0
  1
M0048
 72
1
 11
7327.630769230769
 21
18646.307692307695
 31
0.0
100
AcDbText
 73
2
  0
LINE
  5
FD
330
17
100
AcDbEntity
  8
LEG
100
AcDbLine
 10
7263.9384615384615
 20
19215.384615384617
 30
0.0
 11
7136.553846153846
 21
20461.53846153846
 31
0.0
  0
TEXT
  5
FE
330
17
100
AcDbEntity
  8
TEXT
100
AcDbText
 10
7200.246153846154
 20
19892.46153846154
 30
0.0
 40
90.0
  1
M0049
 72
1
 11
7200.246153846154
 21
19892.46153846154
 31
0.0
100
AcDbText
 73
2
  0
LINE
  5
FF
330
17
100
AcDbEntity
  8
LEG
100
AcDbLine
 10
7136.553846153846
 20
20461.53846153846
 30
0.0
 11
7009.16923076923
 21
21707.69230769231
 31
0.0
  0
TEXT
  5
100
330
17
100
AcDbEntity
  8
TEXT
100
AcDbText
 10
7072.861538461539
 20
21138.615384615383
 30
0.0
 40
90.0
  1
M0050
 72
1
 11
7072.861538461539
 21
21138.615384615383
 31
0.0
100
AcDbText
 73
2
  0
LINE
  5
101
330
17
100
AcDbEntity
  8
LEG
100
AcDbLine
 10
7009.16923076923
 20
21707.69230769231
 30
0.0
 11
6881.784615384615
 21
22953.846153846156
 31
0.0
  0
TEXT
  5
102
330
17
100
AcDbEntity
  8
TEXT
100
AcDbText
 10
6945.4769230769225
 20
22384.769230769234
 30
0.0
 40
90.0
  1
M0051
 72
1
 11
6945.4769230769225
 21
22384.769230769234
 31
0.0
100
AcDbText
 73
2
  0
LINE
  5
103
330
17
100
AcDbEntity
  8
LEG
100
AcDbLine
 10
6881.784615384615
 20
22953.846153846156
 30
0.0
 11
6754.4
 21
24200.0
 31
0.0
  0
TEXT
  5
104
330
17
100
AcDbEntity
  8
TEXT
100
AcDbText
 10
6818.092307692307
 20
23630.923076923078
 30
0.0
 40
90.0
  1
M0052
 72
1
 11
6818.092307692307
 21
23630.923076923078
 31
0.0
100
AcDbText
 73
2
  0
LINE
  5
105
330
17
100
AcDbEntity
  8
HORIZ
100
AcDbLine
 10
8829.6
 20
8000.0
 30
0.0
 11
3589.6
 21
8000.0
 31
0.0
  0
TEXT
  5
106
330
17
100
AcDbEntity
  8
TEXT
100
AcDbText
 10
6209.6
 20
8054.0
 30
0.0
 40
90.0
  1
M0053
 72
1
 11
6209.6
 21
8054.0
 31
0.0
100
AcDbText
 73
2
  0
LINE
  5
107
330
17
100
AcDbEntity
  8
HORIZ
100
AcDbLine
 10
3589.6
 20
8000.0
 30
0.0
 11
3170.4
 21
8000.0
 31
0.0
  0
TEXT
  5
108
330
17
100
AcDbEntity
  8
TEXT
100
AcDbText
 10
3380.0
 20
8054.0
 30
0.0
 40
90.0
  1
M0054
 72
1
 11
3380.0
 21
8054.0
 31
0.0
100
AcDbText
 73
2
  0
LINE
  5
109
330
17
100
AcDbEntity
  8
HORIZ
100
AcDbLine
 10
3170.4
 20
8000.0
 30
0.0
 11
8410.4
 21
8000.0
 31
0.0
  0
TEXT
  5
10A
330
17
100
AcDbEntity
  8
TEXT
100
AcDbText
 10
5790.4
 20
8054.0
 30
0.0
 40
90.0
  1
M0055
 72
1
 11
5790.4
 21
8054.0
 31
0.0
100
AcDbText
 73
2
  0
LINE
  5
10B
330
17
100
AcDbEntity
  8
HORIZ
100
AcDbLine
 10
8410.4
 20
8000.0
 30
0.0
 11
8829.6
 21
8000.0
 31
0.0
  0
TEXT
  5
10C
330
17
100
AcDbEntity
  8
TEXT
100
AcDbText
 10
8620.0
 20
8054.0
 30
0.0
 40
90.0
  1
M0056
 72
1
 11
8620.0
 21
8054.0
 31
0.0
100
AcDbText
 73
2
  0
LINE
  5
10D
330
17
100
AcDbEntity
  8
HORIZ
100
AcDbLine
 10
8680.061538461538
 20
9246.153846153846
 30
0.0
 11
3716.9846153846156
 21
9246.153846153846
 31
0.0
  0
TEXT
  5
10E
330
17
100
AcDbEntity
  8
TEXT
100
AcDbText
 10
6198.523076923077
 20
9300.153846153846
 30
0.0
 40
90.0
  1
M0057
 72
1
 11
6198.523076923077
 21
9300.153846153846
 31
0.0
100
AcDbText
 73
2
  0
LINE
  5
10F
330
17
100
AcDbEntity
  8
HORIZ
100
AcDbLine
 10
3716.9846153846156
 20
9246.153846153846
 30
0.0
 11
3319.9384615384615
 21
9246.153846153846
 31
0.0
  0
TEXT
  5
110
330
17
100
AcDbEntity
  8
TEXT
100
AcDbText
 10
3518.4615384615386
 20
9300.153846153846
 30
0.0
 40
90.0
  1
M0058
 72
1
 11
3518.4615384615386
 21
9300.153846153846
 31
0.0
100
AcDbText
 73
2
  0
LINE
  5
111
330
17
100
AcDbEntity
  8
HORIZ
100
AcDbLine
 10
3319.9384615384615
 20
9246.153846153846
 30
0.0
 11
8283.015384615384
 21
9246.153846153846
 31
0.0
  0
TEXT
  5
112
330
17
100
AcDbEntity
  8
TEXT
100
AcDbText
 10
5801.476923076923
 20
9300.153846153846
 30
0.0
 40
90.0
  1
M0059
 72
1
 11
5801.476923076923
 21
9300.153846153846
 31
0.0
100
AcDbText
 73
2
  0
LINE
  5
113
330
17
100
AcDbEntity
  8
HORIZ
100
AcDbLine
 10
8283.015384615384
 20
9246.153846153846
 30
0.0
 11
8680.061538461538
 21
9246.153846153846
 31
0.0
  0
TEXT
  5
114
330
17
100
AcDbEntity
  8
TEXT
100
AcDbText
 10
8481.538461538461
 20
9300.153846153846
 30
0.0
 40
90.0
  1
M0060
 72
1
 11
8481.538461538461
 21
9300.153846153846
 31
0.0
100
AcDbText
 73
2
  0
LINE
  5
115
330
17
100
AcDbEntity
  8
HORIZ
100
AcDbLine
 10
8530.523076923077
 20
10492.307692307691
 30
0.0
 11
3844.369230769231
 21
10492.307692307691
 31
0.0
  0
TEXT
  5
116
330
17
100
AcDbEntity
  8
TEXT
100
AcDbText
 10
6187.446153846154
 20
10546.307692307691
 30
0.0
 40
90.0
  1
M0061
 72
1
 11
6187.446153846154
 21
10546.307692307691
 31
0.0
100
AcDbText
 73
2
  0
LINE
  5
117
330
17
100
AcDbEntity
  8
HORIZ
100
AcDbLine
 10
3844.369230769231
 20
10492.307692307691
 30
0.0
 11
3469.4769230769234
 21
10492.307692307691
 31
0.0
  0
TEXT
  5
118
330
17
100
AcDbEntity
  8
TEXT
100
AcDbText
 10
3656.923076923077
 20
10546.307692307691
 30
0.0
 40
90.0
  1
M0062
 72
1
 11
3656.923076923077
 21
10546.307692307691
 31
0.0
100
AcDbText
 73
2
  0
LINE
  5
119
330
17
100
AcDbEntity
  8
HORIZ
100
AcDbLine
 10
3469.4769230769234
 20
10492.307692307691
 30
0.0
 11
8155.630769230768
 21
10492.307692307691
 31
0.0
  0
TEXT
  5
11A
330
17
100
AcDbEntity
  8
TEXT
100
AcDbText
 10
5812.553846153845
 20
10546.307692307691
 30
0.0
 40
90.0
  1
M0063
 72
1
 11
5812.553846153845
 21
10546.307692307691
 31
0.0
100
AcDbText
 73
2
  0
LINE
  5
11B
330
17
100
AcDbEntity
  8
HORIZ
100
AcDbLine
 10
8155.630769230768
 20
10492.307692307691
 30
0.0
 11
8530.523076923077
 21
10492.307692307691
 31
0.0
  0
TEXT
  5
11C
330
17
100
AcDbEntity
  8
TEXT
100
AcDbText
 10
8343.076923076922
 20
10546.307692307691
 30
0.0
 40
90.0
  1
M0064
 72
1
 11
8343.076923076922
 21
10546.307692307691
 31
0.0
100
AcDbText
 73
2
  0
LINE
  5
11D
330
17
100
AcDbEntity
  8
HORIZ
100
AcDbLine
 10
8380.984615384616
 20
11738.461538461539
 30
0.0
 11
3971.753846153846
 21
11738.461538461539
 31
0.0
  0
TEXT
  5
11E
330
17
100
AcDbEntity
  8
TEXT
100
AcDbText
 10
6176.369230769231
 20
11792.461538461539
 30
0.0
 40
90.0
  1
M0065
 72
1
 11
6176.369230769231
 21
11792.461538461539
 31
0.0
100
AcDbText
 73
2
  0
LINE
  5
11F
330
17
100
AcDbEntity
  8
HORIZ
100
AcDbLine
 10
3971.753846153846
 20
11738.461538461539
 30
0.0
 11
3619.0153846153844
 21
11738.461538461539
 31
0.0
  0
TEXT
  5
120
330
17
100
AcDbEntity
  8
TEXT
100
AcDbText
 10
3795.3846153846152
 20
11792.461538461539
 30
0.0
 40
90.0
  1
M0066
 72
1
 11
3795.3846153846152
 21
11792.461538461539
 31
0.0
100
AcDbText
 73
2
  0
LINE
  5
121
330
17
100
AcDbEntity
  8
HORIZ
100
AcDbLine
 10
3619.0153846153844
 20
11738.461538461539
 30
0.0
 11
8028.246153846154
 21
11738.461538461539
 31
0.0
  0
TEXT
  5
122
330
17
100
AcDbEntity
  8
TEXT
100
AcDbText
 10
5823.630769230769
 20
11792.461538461539
 30
0.0
 40
90.0
  1
M0067
 72
1
 11
5823.630769230769
 21
11792.461538461539
 31
0.0
100
AcDbText
 73
2
  0
LINE
  5
123
330
17
100
AcDbEntity
  8
HORIZ
100
AcDbLine
 10
8028.246153846154
 20
11738.461538461539
 30
0.0
 11
8380.984615384616
 21
11738.461538461539
 31
0.0
  0
TEXT
  5
124
330
17
100
AcDbEntity
  8
TEXT
100
AcDbText
 10
8204.615384615385
 20
11792.461538461539
 30
0.0
 40
90.0
  1
M0068
 72
1
 11
8204.615384615385
 21
11792.461538461539
 31
0.0
100
AcDbText
 73
2
  0
LINE
  5
125
330
17
100
AcDbEntity
  8
HORIZ
100
AcDbLine
 10
8231.446153846153
 20
12984.615384615385
 30
0.0
 11
4099.138461538461
 21
12984.615384615385
 31
0.0
  0
TEXT
  5
126
330
17
100
AcDbEntity
  8
TEXT
100
AcDbText
 10
6165.292307692307
 20
13038.615384615385
 30
0.0
 40
90.0
  1
M0069
 72
1
 11
6165.292307692307
 21
13038.615384615385
 31
0.0
100
AcDbText
 73
2
  0
LINE
  5
127
330
17
100
AcDbEntity
  8
HORIZ
100
AcDbLine
 10
4099.138461538461
 20
12984.615384615385
 30
0.0
 11
3768.5538461538463
 21
12984.615384615385
 31
0.0
  0
TEXT
  5
128
330
17
100
AcDbEntity
  8
TEXT
100
AcDbText
 10
3933.846153846154
 20
13038.615384615385
 30
0.0
 40
90.0
  1
M0070
 72
1
 11
3933.846153846154
 21
13038.615384615385
 31
0.0
100
AcDbText
 73
2
  0
LINE
  5
129
330
17
100
AcDbEntity
  8
HORIZ
100
AcDbLine
 10
3768.5538461538463
 20
12984.615384615385
 30
0.0
 11
7900.861538461538
 21
12984.615384615385
 31
0.0
  0
TEXT
  5
12A
330
17
100
AcDbEntity
  8
TEXT
100
AcDbText
 10
5834.707692307692
 20
13038.615384615385
 30
0.0
 40
90.0
  1
M0071
 72
1
 11
5834.707692307692
 21
13038.615384615385
 31
0.0
100
AcDbText
 73
2
  0
LINE
  5
12B
330
17
100
AcDbEntity
  8
HORIZ
100
AcDbLine
 10
7900.861538461538
 20
12984.615384615385
 30
0.0
 11
8231.446153846153
 21
12984.615384615385
 31
0.0
  0
TEXT
  5
12C
330
17
100
AcDbEntity
  8
TEXT
100
AcDbText
 10
8066.153846153846
 20
13038.615384615385
 30
0.0
 40
90.0
  1
M0072
 72
1
 11
8066.153846153846
 21
13038.615384615385
 31
0.0
100
AcDbText
 73
2
  0
LINE
  5
12D
330
17
100
AcDbEntity
  8
HORIZ
100
AcDbLine
 10
8081.907692307692
 20
14230.76923076923
 30
0.0
 11
4226.523076923077
 21
14230.76923076923
 31
0.0
  0
TEXT
  5
12E
330
17
100
AcDbEntity
  8
TEXT
100
AcDbText
 10
6154.215384615384
 20
14284.76923076923
 30
0.0
 40
90.0
  1
M0073
 72
1
 11
6154.215384615384
 21
14284.76923076923
 31
0.0
100
AcDbText
 73
2
  0
LINE
  5
12F
330
17
100
AcDbEntity
  8
HORIZ
100
AcDbLine
 10
4226.523076923077
 20
14230.76923076923
 30
0.0
 11
3918.0923076923077
 21
14230.76923076923
 31
0.0
  0
TEXT
  5
130
330
17
100
AcDbEntity
  8
TEXT
100
AcDbText
 10
4072.3076923076924
 20
14284.76923076923
 30
0.0
 40
90.0
  1
M0074
 72
1
 11
4072.3076923076924
 21
14284.76923076923
 31
0.0
100
AcDbText
 73
2
  0
LINE
  5
131
330
17
100
AcDbEntity
  8
HORIZ
100
AcDbLine
 10
3918.0923076923077
 20
14230.76923076923
 30
0.0
 11
7773.476923076923
 21
14230.76923076923
 31
0.0
  0
TEXT
  5
132
330
17
100
AcDbEntity
  8
TEXT
100
AcDbText
 10
5845.784615384616
 20
14284.76923076923
 30
0.0
 40
90.0
  1
M0075
 72
1
 11
5845.784615384616
 21
14284.76923076923
 31
0.0
100
AcDbText
 73
2
  0
LINE
  5
133
330
17
100
AcDbEntity
  8
HORIZ
100
AcDbLine
 10
7773.476923076923
 20
14230.76923076923
 30
0.0
 11
8081.907692307692
 21
14230.76923076923
 31
0.0
  0
TEXT
  5
134
330
17
100
AcDbEntity
  8
TEXT
100
AcDbText
 10
7927.692307692308
 20
14284.76923076923
 30
0.0
 40
90.0
  1
M0076
 72
1
 11
7927.692307692308
 21
14284.76923076923
 31
0.0
100
AcDbText
 73
2
  0
LINE
  5
135
330
17
100
AcDbEntity
  8
HORIZ
100
AcDbLine
 10
7932.369230769231
 20
15476.923076923078
 30
0.0
 11
4353.907692307692
 21
15476.923076923078
 31
0.0
  0
TEXT
  5
136
330
17
100
AcDbEntity
  8
TEXT
100
AcDbText
 10
6143.138461538461
 20
15530.923076923078
 30
0.0
 40
90.0
  1
M0077
 72
1
 11
6143.138461538461
 21
15530.923076923078
 31
0.0
100
AcDbText
 73
2
  0
LINE
  5
137
330
17
100
AcDbEntity
  8
HORIZ
100
AcDbLine
 10
4353.907692307692
 20
15476.923076923078
 30
0.0
 11
4067.630769230769
 21
15476.923076923078
 31
0.0
  0
TEXT
  5
138
330
17
100
AcDbEntity
  8
TEXT
100
AcDbText
 10
4210.7692307692305
 20
15530.923076923078
 30
0.0
 40
90.0
  1
M0078
 72
1
 11
4210.7692307692305
 21
15530.923076923078
 31
0.0
100
AcDbText
 73
2
  0
LINE
  5
139
330
17
100
AcDbEntity
  8
HORIZ
100
AcDbLine
 10
4067.630769230769
 20
15476.923076923078
 30
0.0
 11
7646.092307692308
 21
15476.923076923078
 31
0.0
  0
TEXT
  5
13A
330
17
100
AcDbEntity
  8
TEXT
100
AcDbText
 10
5856.861538461539
 20
15530.923076923078
 30
0.0
 40
90.0
  1
M0079
 72
1
 11
5856.861538461539
 21
15530.923076923078
 31
0.0
100
AcDbText
 73
2
  0
LINE
  5
13B
330
17
100
AcDbEntity
  8
HORIZ
100
AcDbLine
 10
7646.092307692308
 20
15476.923076923078
 30
0.0
 11
7932.369230769231
 21
15476.923076923078
 31
0.0
  0
TEXT
  5
13C
330
17
100
AcDbEntity
  8
TEXT
100
AcDbText
 10
7789.2307692307695
 20
15530.923076923078
 30
0.0
 40
90.0
  1
M0080
 72
1
 11
7789.2307692307695
 21
15530.923076923078
 31
0.0
100
AcDbText
 73
2
  0
LINE
  5
13D
330
17
100
AcDbEntity
  8
HORIZ
100
AcDbLine
 10
7782.830769230769
 20
16723.076923076922
 30
0.0
 11
4481.292307692308
 21
16723.076923076922
 31
0.0
  0
TEXT
  5
13E
330
17
100
AcDbEntity
  8
TEXT
100
AcDbText
 10
6132.0615384615385
 20
16777.076923076922
 30
0.0
 40
90.0
  1
M0081
 72
1
 11
6132.0615384615385
 21
16777.076923076922
 31
0.0
100
AcDbText
 73
2
  0
LINE
  5
13F
330
17
100
AcDbEntity
  8
HORIZ
100
AcDbLine
 10
4481.292307692308
 20
16723.076923076922
 30
0.0
 11
4217.169230769231
 21
16723.076923076922
 31
0.0
  0
TEXT
  5
140
330
17
100
AcDbEntity
  8
TEXT
100
AcDbText
 10
4349.2307692307695
 20
16777.076923076922
 30
0.0
 40
90.0
  1
M0082
 72
1
 11
4349.2307692307695
 21
16777.076923076922
 31
0.0
100
AcDbText
 73
2
  0
LINE
  5
141
330
17
100
AcDbEntity
  8
HORIZ
100
AcDbLine
 10
4217.169230769231
 20
16723.076923076922
 30
0.0
 11
7518.707692307692
 21
16723.076923076922
 31
0.0
  0
TEXT
  5
142
330
17
100
AcDbEntity
  8
TEXT
100
AcDbText
 10
5867.9384615384615
 20
16777.076923076922
 30
0.0
 40
90.0
  1
M0083
 72
1
 11
5867.9384615384615
 21
16777.076923076922
 31
0.0
100
AcDbText
 73
2
  0
LINE
  5
143
330
17
100
AcDbEntity
  8
HORIZ
100
AcDbLine
 10
7518.707692307692
 20
16723.076923076922
 30
0.0
 11
7782.830769230769
 21
16723.076923076922
 31
0.0
  0
TEXT
  5
144
330
17
100
AcDbEntity
  8
TEXT
100
AcDbText
 10
7650.7692307692305
 20
16777.076923076922
 30
0.0
 40
90.0
  1
M0084
 72
1
 11
7650.7692307692305
 21
16777.076923076922
 31
0.0
100
AcDbText
 73
2
  0
LINE
  5
145
330
17
100
AcDbEntity
  8
HORIZ
100
AcDbLine
 10
7633.292307692308
 20
17969.23076923077
 30
0.0
 11
4608.676923076923
 21
17969.23076923077
 31
0.0
  0
TEXT
  5
146
330
17
100
AcDbEntity
  8
TEXT
100
AcDbText
 10
6120.984615384616
 20
18023.23076923077
 30
0.0
 40
90.0
  1
M0085
 72
1
 11
6120.984615384616
 21
18023.23076923077
 31
0.0
100
AcDbText
 73
2
  0
LINE
  5
147
330
17
100
AcDbEntity
  8
HORIZ
100
AcDbLine
 10
4608.676923076923
 20
17969.23076923077
 30
0.0
 11
4366.707692307692
 21
17969.23076923077
 31
0.0
  0
TEXT
  5
148
330
17
100
AcDbEntity
  8
TEXT
100
AcDbText
 10
4487.692307692308
 20
18023.23076923077
 30
0.0
 40
90.0
  1
M0086
 72
1
 11
4487.692307692308
 21
18023.23076923077
 31
0.0
100
AcDbText
 73
2
  0
LINE
  5
149
330
17
100
AcDbEntity
  8
HORIZ
100
AcDbLine
 10
4366.707692307692
 20
17969.23076923077
 30
0.0
 11
7391.323076923077
 21
17969.23076923077
 31
0.0
  0
TEXT
  5
14A
330
17
100
AcDbEntity
  8
TEXT
100
AcDbText
 10
5879.015384615384
 20
18023.23076923077
 30
0.0
 40
90.0
  1
M0087
 72
1
 11
5879.015384615384
 21
18023.23076923077
 31
0.0
100
AcDbText
 73
2
  0
LINE
  5
14B
330
17
100
AcDbEntity
  8
HORIZ
100
AcDbLine
 10
7391.323076923077
 20
17969.23076923077
 30
0.0
 11
7633.292307692308
 21
17969.23076923077
 31
0.0
  0
TEXT
  5
14C
330
17
100
AcDbEntity
  8
TEXT
100
AcDbText
 10
7512.307692307692
 20
18023.23076923077
 30
0.0
 40
90.0
  1
M0088
 72
1
 11
7512.307692307692
 21
18023.23076923077
 31
0.0
100
AcDbText
 73
2
  0
LINE
  5
14D
330
17
100
AcDbEntity
  8
HORIZ
100
AcDbLine
 10
7483.753846153847
 20
19215.384615384617
 30
0.0
 11
4736.0615384615385
 21
19215.384615384617
 31
0.0
  0
TEXT
  5
14E
330
17
100
AcDbEntity
  8
TEXT
100
AcDbText
 10
6109.907692307693
 20
19269.384615384617
 30
0.0
 40
90.0
  1
M0089
 72
1
 11
6109.907692307693
 21
19269.384615384617
 31
0.0
100
AcDbText
 73
2
  0
LINE
  5
14F
330
17
100
AcDbEntity
  8
HORIZ
100
AcDbLine
 10
4736.0615384615385
 20
19215.384615384617
 30
0.0
 11
4516.246153846153
 21
19215.384615384617
 31
0.0
  0
TEXT
  5
150
330
17
100
AcDbEntity
  8
TEXT
100
AcDbText
 10
4626.153846153846
 20
19269.384615384617
 30
0.0
 40
90.0
  1
M0090
 72
1
 11
4626.153846153846
 21
19269.384615384617
 31
0.0
100
AcDbText
 73
2
  0
LINE
  5
151
330
17
100
AcDbEntity
  8
HORIZ
100
AcDbLine
 10
4516.246153846153
 20
19215.384615384617
 30
0.0
 11
7263.9384615384615
 21
19215.384615384617
 31
0.0
  0
TEXT
  5
152
330
17
100
AcDbEntity
  8
TEXT
100
AcDbText
 10
5890.092307692307
 20
19269.384615384617
 30
0.0
 40
90.0
  1
M0091
 72
1
 11
5890.092307692307
 21
19269.384615384617
 31
0.0
100
AcDbText
 73
2
  0
LINE
  5
153
330
17
100
AcDbEntity
  8
HORIZ
100
AcDbLine
 10
7263.9384615384615
 20
19215.384615384617
 30
0.0
 11
7483.753846153847
 21
19215.384615384617
 31
0.0
  0
TEXT
  5
154
330
17
100
AcDbEntity
  8
TEXT
100
AcDbText
 10
7373.846153846154
 20
19269.384615384617
 30
0.0
 40
90.0
  1
M0092
 72
1
 11
7373.846153846154
 21
19269.384615384617
 31
0.0
100
AcDbText
 73
2
  0
LINE
  5
155
330
17
100
AcDbEntity
  8
HORIZ
100
AcDbLine
 10
7334.215384615384
 20
20461.53846153846
 30
0.0
 11
4863.446153846154
 21
20461.53846153846
 31
0.0
  0
TEXT
  5
156
330
17
100
AcDbEntity
  8
TEXT
100
AcDbText
 10
6098.830769230769
 20
20515.53846153846
 30
0.0
 40
90.0
  1
M0093
 72
1
 11
6098.830769230769
 21
20515.53846153846
 31
0.0
100
AcDbText
 73
2
  0
LINE
  5
157
330
17
100
AcDbEntity
  8
HORIZ
100
AcDbLine
 10
4863.446153846154
 20
20461.53846153846
 30
0.0
 11
4665.784615384616
 21
20461.53846153846
 31
0.0
  0
TEXT
  5
158
330
17
100
AcDbEntity
  8
TEXT
100
AcDbText
 10
4764.615384615385
 20
20515.53846153846
 30
0.0
 40
90.0
  1
M0094
 72
1
 11
4764.615384615385
 21
20515.53846153846
 31
0.0
100
AcDbText
 73
2
  0
LINE
  5
159
330
17
100
AcDbEntity
  8
HORIZ
100
AcDbLine
 10
4665.784615384616
 20
20461.53846153846
 30
0.0
 11
7136.553846153846
 21
20461.53846153846
 31
0.0
  0
TEXT
  5
15A
330
17
100
AcDbEntity
  8
TEXT
100
AcDbText
 10
5901.169230769231
 20
20515.53846153846
 30
0.0
 40
90.0
  1
M0095
 72
1
 11
5901.169230769231
 21
20515.53846153846
 31
0.0
100
AcDbText
 73
2
  0
LINE
  5
15B
330
17
100
AcDbEntity
  8
HORIZ
100
AcDbLine
 10
7136.553846153846
 20
20461.53846153846
 30
0.0
 11
7334.215384615384
 21
20461.53846153846
 31
0.0
  0
TEXT
  5
15C
330
17
100
AcDbEntity
  8
TEXT
100
AcDbText
 10
7235.384615384615
 20
20515.53846153846
 30
0.0
 40
90.0
  1
M0096
 72
1
 11
7235.384615384615
 21
20515.53846153846
 31
0.0
100
AcDbText
 73
2
  0
LINE
  5
15D
330
17
100
AcDbEntity
  8
HORIZ
100
AcDbLine
 10
7184.676923076922
 20
21707.69230769231
 30
0.0
 11
4990.83076923077
 21
21707.69230769231
 31
0.0
  0
TEXT
  5
15E
330
17
100
AcDbEntity
  8
TEXT
100
AcDbText
 10
6087.753846153846
 20
21761.69230769231
 30
0.0
 40
90.0
  1
M0097
 72
1
 11
6087.753846153846
 21
21761.69230769231
 31
0.0
100
AcDbText
 73
2
  0
LINE
  5
15F
330
17
100
AcDbEntity
  8
HORIZ
100
AcDbLine
 10
4990.83076923077
 20
21707.69230769231
 30
0.0
 11
4815.323076923078
 21
21707.69230769231
 31
0.0
  0
TEXT
  5
160
330
17
100
AcDbEntity
  8
TEXT
100
AcDbText
 10
4903.076923076924
 20
21761.69230769231
 30
0.0
 40
90.0
  1
M0098
 72
1
 11
4903.076923076924
 21
21761.69230769231
 31
0.0
100
AcDbText
 73
2
  0
LINE
  5
161
330
17
100
AcDbEntity
  8
HORIZ
100
AcDbLine
 10
4815.323076923078
 20
21707.69230769231
 30
0.0
 11
7009.16923076923
 21
21707.69230769231
 31
0.0
  0
TEXT
  5
162
330
17
100
AcDbEntity
  8
TEXT
100
AcDbText
 10
5912.246153846154
 20
21761.69230769231
 30
0.0
 40
90.0
  1
M0099
 72
1
 11
5912.246153846154
 21
21761.69230769231
 31
0.0
100
AcDbText
 73
2
  0
LINE
  5
163
330
17
100
AcDbEntity
  8
HORIZ
100
AcDbLine
 10
7009.16923076923
 20
21707.69230769231
 30
0.0
 11
7184.676923076922
 21
21707.69230769231
 31
0.0
  0
TEXT
  5
164
330
17
100
AcDbEntity
  8
TEXT
100
AcDbText
 10
7096.923076923076
 20
21761.69230769231
 30
0.0
 40
90.0
  1
M0100
 72
1
 11
7096.923076923076
 21
21761.69230769231
 31
0.0
100
AcDbText
 73
2
  0
LINE
  5
165
330
17
100
AcDbEntity
  8
HORIZ
100
AcDbLine
 10
7035.138461538461
 20
22953.846153846156
 30
0.0
 11
5118.215384615385
 21
22953.846153846156
 31
0.0
  0
TEXT
  5
166
330
17
100
AcDbEntity
  8
TEXT
100
AcDbText
 10
6076.676923076923
 20
23007.846153846156
 30
0.0
 40
90.0
  1
M0101
 72
1
 11
6076.676923076923
 21
23007.846153846156
 31
0.0
100
AcDbText
 73
2
  0
LINE
  5
167
330
17
100
AcDbEntity
  8
HORIZ
100
AcDbLine
 10
5118.215384615385
 20
22953.846153846156
 30
0.0
 11
4964.861538461539
 21
22953.846153846156
 31
0.0
  0
TEXT
  5
168
330
17
100
AcDbEntity
  8
TEXT
100
AcDbText
 10
5041.538461538462
 20
23007.846153846156
 30
0.0
 40
90.0
  1
M0102
 72
1
 11
5041.538461538462
 21
23007.846153846156
 31
0.0
100
AcDbText
 73
2
  0
LINE
  5
169
330
17
100
AcDbEntity
  8
HORIZ
100
AcDbLine
 10
4964.861538461539
 20
22953.846153846156
 30
0.0
 11
6881.784615384615
 21
22953.846153846156
 31
0.0
  0
TEXT
  5
16A
330
17
100
AcDbEntity
  8
TEXT
100
AcDbText
 10
5923.323076923077
 20
23007.846153846156
 30
0.0
 40
90.0
  1
M0103
 72
1
 11
5923.323076923077
 21
23007.846153846156
 31
0.0
100
AcDbText
 73
2
  0
LINE
  5
16B
330
17
100
AcDbEntity
  8
HORIZ
100
AcDbLine
 10
6881.784615384615
 20
22953.846153846156
 30
0.0
 11
7035.138461538461
 21
22953.846153846156
 31
0.0
  0
TEXT
  5
16C
330
17
100
AcDbEntity
  8
TEXT
100
AcDbText
 10
6958.461538461538
 20
23007.846153846156
 30
0.0
 40
90.0
  1
M0104
 72
1
 11
6958.461538461538
 21
23007.846153846156
 31
0.0
100
AcDbText
 73
2
  0
LINE
  5
16D
330
17
100
AcDbEntity
  8
HORIZ
100
AcDbLine
 10
6885.6
 20
24200.0
 30
0.0
 11
5245.6
 21
24200.0
 31
0.0
  0
TEXT
  5
16E
330
17
100
AcDbEntity
  8
TEXT
100
AcDbText
 10
6065.6
 20
24254.0
 30
0.0
 40
90.0
  1
M0105
 72
1
 11
6065.6
 21
24254.0
 31
0.0
100
AcDbText
 73
2
  0
LINE
  5
16F
330
17
100
AcDbEntity
  8
HORIZ
100
AcDbLine
 10
5245.6
 20
24200.0
 30
0.0
 11
5114.4
 21
24200.0
 31
0.0
  0
TEXT
  5
170
330
17
100
AcDbEntity
  8
TEXT
100
AcDbText
 10
5180.0
 20
24254.0
 30
0.0
 40
90.0
  1
M0106
 72
1
 11
5180.0
 21
24254.0
 31
0.0
100
AcDbText
 73
2
  0
LINE
  5
171
330
17
100
AcDbEntity
  8
HORIZ
100
AcDbLine
 10
5114.4
 20
24200.0
 30
0.0
 11
6754.4
 21
24200.0
 31
0.0
  0
TEXT
  5
172
330
17
100
AcDbEntity
  8
TEXT
100
AcDbText
 10
5934.4
 20
24254.0
 30
0.0
 40
90.0
  1
M0107
 72
1
 11
5934.4
 21
24254.0
 31
0.0
100
AcDbText
 73
2
  0
LINE
  5
173
330
17
100
AcDbEntity
  8
HORIZ
100
AcDbLine
 10
6754.4
 20
24200.0
 30
0.0
 11
6885.6
 21
24200.0
 31
0.0
  0
TEXT
  5
174
330
17
100
AcDbEntity
  8
TEXT
100
AcDbText
 10
6820.0
 20
24254.0
 30
0.0
 40
90.0
  1
M0108
 72
1
 11
6820.0
 21
24254.0
 31
0.0
100
AcDbText
 73
2
  0
LINE
  5
175
330
17
100
AcDbEntity
  8
DIAG
100
AcDbLine
 10
8829.6
 20
8000.0
 30
0.0
 11
3716.9846153846156
 21
9246.153846153846
 31
0.0
  0
TEXT
  5
176
330
17
100
AcDbEntity
  8
TEXT
100
AcDbText
 10
6273.292307692308
 20
8677.076923076922
 30
0.0
 40
90.0
  1
M0109
 72
1
 11
6273.292307692308
 21
8677.076923076922
 31
0.0
100
AcDbText
 73
2
  0
LINE
  5
177
330
17
100
AcDbEntity
  8
DIAG
100
AcDbLine
 10
3589.6
 20
8000.0
 30
0.0
 11
8680.061538461538
 21
9246.153846153846
 31
0.0
  0
TEXT
  5
178
330
17
100
AcDbEntity
  8
TEXT
100
AcDbText
 10
6134.830769230769
 20
8677.076923076922
 30
0.0
 40
90.0
  1
M0110
 72
1
 11
6134.830769230769
 21
8677.076923076922
 31
0.0
100
AcDbText
 73
2
  0
LINE
  5
179
330
17
100
AcDbEntity
  8
DIAG
100
AcDbLine
 10
3589.6
 20
8000.0
 30
0.0
 11
3319.9384615384615
 21
9246.153846153846
 31
0.0
  0
TEXT
  5
17A
330
17
100
AcDbEntity
  8
TEXT
100
AcDbText
 10
3454.7692307692305
 20
8677.076923076922
 30
0.0
 40
90.0
  1
M0111
 72
1
 11
3454.7692307692305
 21
8677.076923076922
 31
0.0
100
AcDbText
 73
2
  0
LINE
  5
17B
330
17
100
AcDbEntity
  8
DIAG
100
AcDbLine
 10
3170.4
 20
8000.0
 30
0.0
 11
3716.9846153846156
 21
9246.153846153846
 31
0.0
  0
TEXT
  5
17C
330
17
100
AcDbEntity
  8
TEXT
100
AcDbText
 10
3443.6923076923076
 20
8677.076923076922
 30
0.0
 40
90.0
  1
M0112
 72
1
 11
3443.6923076923076
 21
8677.076923076922
 31
0.0
100
AcDbText
 73
2
  0
LINE
  5
17D
330
17
100
AcDbEntity
  8
DIAG
100
AcDbLine
 10
3170.4
 20
8000.0
 30
0.0
 11
8283.015384615384
 21
9246.153846153846
 31
0.0
  0
TEXT
  5
17E
330
17
100
AcDbEntity
  8
TEXT
100
AcDbText
 10
5726.707692307692
 20
8677.076923076922
 30
0.0
 40
90.0
  1
M0113
 72
1
 11
5726.707692307692
 21
8677.076923076922
 31
0.0
100
AcDbText
 73
2
  0
LINE
  5
17F
330
17
100
AcDbEntity
  8
DIAG
100
AcDbLine
 10
8410.4
 20
8000.0
 30
0.0
 11
3319.9384615384615
 21
9246.153846153846
 31
0.0
  0
TEXT
  5
180
330
17
100
AcDbEntity
  8
TEXT
100
AcDbText
 10
5865.16923076923
 20
8677.076923076922
 30
0.0
 40
90.0
  1
M0114
 72
1
 11
5865.16923076923
 21
8677.076923076922
 31
0.0
100
AcDbText
 73
2
  0
LINE
  5
181
330
17
100
AcDbEntity
  8
DIAG
100
AcDbLine
 10
8410.4
 20
8000.0
 30
0.0
 11
8680.061538461538
 21
9246.153846153846
 31
0.0
  0
TEXT
  5
182
330
17
100
AcDbEntity
  8
TEXT
100
AcDbText
 10
8545.23076923077
 20
8677.076923076922
 30
0.0
 40
90.0
  1
M0115
 72
1
 11
8545.23076923077
 21
8677.076923076922
 31
0.0
100
AcDbText
 73
2
  0
LINE
  5
183
330
17
100
AcDbEntity
  8
DIAG
100
AcDbLine
 10
8829.6
 20
8000.0
 30
0.0
 11
8283.015384615384
 21
9246.153846153846
 31
0.0
  0
TEXT
  5
184
330
17
100
AcDbEntity
  8
TEXT
100
AcDbText
 10
8556.307692307691
 20
8677.076923076922
 30
0.0
 40
90.0
  1
M0116
 72
1
 11
8556.307692307691
 21
8677.076923076922
 31
0.0
100
AcDbText
 73
2
  0
LINE
  5
185
330
17
100
AcDbEntity
  8
DIAG
100
AcDbLine
 10
8680.061538461538
 20
9246.153846153846
 30
0.0
 11
3844.369230769231
 21
10492.307692307691
 31
0.0
  0
TEXT
  5
186
330
17
100
AcDbEntity
  8
TEXT
100
AcDbText
 10
6262.215384615384
 20
9923.23076923077
 30
0.0
 40
90.0
  1
M0117
 72
1
 11
6262.215384615384
 21
9923.23076923077
 31
0.0
100
AcDbText
 73
2
  0
LINE
  5
187
330
17
100
AcDbEntity
  8
DIAG
100
AcDbLine
 10
3716.9846153846156
 20
9246.153846153846
 30
0.0
 11
8530.523076923077
 21
10492.307692307691
 31
0.0
  0
TEXT
  5
188
330
17
100
AcDbEntity
  8
TEXT
100
AcDbText
 10
6123.753846153846
 20
9923.23076923077
 30
0.0
 40
90.0
  1
M0118
 72
1
 11
6123.753846153846
 21
9923.23076923077
 31
0.0
100
AcDbText
 73
2
  0
LINE
  5
189
330
17
100
AcDbEntity
  8
DIAG
100
AcDbLine
 10
3716.9846153846156
 20
9246.153846153846
 30
0.0
 11
3469.4769230769234
 21
10492.307692307691
 31
0.0
  0
TEXT
  5
18A
330
17
100
AcDbEntity
  8
TEXT
100
AcDbText
 10
3593.2307692307695
 20
9923.23076923077
 30
0.0
 40
90.0
  1
M0119
 72
1
 11
3593.2307692307695
 21
9923.23076923077
 31
0.0
100
AcDbText
 73
2
  0
LINE
  5
18B
330
17
100
AcDbEntity
  8
DIAG
100
AcDbLine
 10
3319.9384615384615
 20
9246.153846153846
 30
0.0
 11
3844.369230769231
 21
10492.307692307691
 31
0.0
  0
TEXT
  5
18C
330
17
100
AcDbEntity
  8
TEXT
100
AcDbText
 10
3582.153846153846
 20
9923.23076923077
 30
0.0
 40
90.0
  1
M0120
 72
1
 11
3582.153846153846
 21
9923.23076923077
 31
0.0
100
AcDbText
 73
2
  0
LINE
  5
18D
330
17
100
AcDbEntity
  8
DIAG
100
AcDbLine
 10
3319.9384615384615
 20
9246.153846153846
 30
0.0
 11
8155.630769230768
 21
10492.307692307691
 31
0.0
  0
TEXT
  5
18E
330
17
100
AcDbEntity
  8
TEXT
100
AcDbText
 10
5737.784615384615
 20
9923.23076923077
 30
0.0
 40
90.0
  1
M0121
 72
1
 11
5737.784615384615
 21
9923.23076923077
 31
0.0
100
AcDbText
 73
2
  0
LINE
  5
18F
330
17
100
AcDbEntity
  8
DIAG
100
AcDbLine
 10
8283.015384615384
 20
9246.153846153846
 30
0.0
 11
3469.4769230769234
 21
10492.307692307691
 31
0.0
  0
TEXT
  5
190
330
17
100
AcDbEntity
  8
TEXT
100
AcDbText
 10
5876.246153846154
 20
9923.23076923077
 30
0.0
 40
90.0
  1
M0122
 72
1
 11
5876.246153846154
 21
9923.23076923077
 31
0.0
100
AcDbText
 73
2
  0
LINE
  5
191
330
17
100
AcDbEntity
  8
DIAG
100
AcDbLine
 10
8283.015384615384
 20
9246.153846153846
 30
0.0
 11
8530.523076923077
 21
10492.307692307691
 31
0.0
  0
TEXT
  5
192
330
17
100
AcDbEntity
  8
TEXT
100
AcDbText
 10
8406.76923076923
 20
9923.23076923077
 30
0.0
 40
90.0
  1
M0123
 72
1
 11
8406.76923076923
 21
9923.23076923077
 31
0.0
100
AcDbText
 73
2
  0
LINE
  5
193
330
17
100
AcDbEntity
  8
DIAG
100
AcDbLine
 10
8680.061538461538
 20
9246.153846153846
 30
0.0
 11
8155.630769230768
 21
10492.307692307691
 31
0.0
  0
TEXT
  5
194
330
17
100
AcDbEntity
  8
TEXT
100
AcDbText
 10
8417.846153846152
 20
9923.23076923077
 30
0.0
 40
90.0
  1
M0124
 72
1
 11
8417.846153846152
 21
9923.23076923077
 31
0.0
100
AcDbText
 73
2
  0
LINE
  5
195
330
17
100
AcDbEntity
  8
DIAG
100
AcDbLine
 10
8530.523076923077
 20
10492.307692307691
 30
0.0
 11
3971.753846153846
 21
11738.461538461539
 31
0.0
  0
TEXT
  5
196
330
17
100
AcDbEntity
  8
TEXT
100
AcDbText
 10
6251.138461538461
 20
11169.384615384615
 30
0.0
 40
90.0
  1
M0125
 72
1
 11
6251.138461538461
 21
11169.384615384615
 31
0.0
100
AcDbText
 73
2
  0
LINE
  5
197
330
17
100
AcDbEntity
  8
DIAG
100
AcDbLine
 10
3844.369230769231
 20
10492.307692307691
 30
0.0
 11
8380.984615384616
 21
11738.461538461539
 31
0.0
  0
TEXT
  5
198
330
17
100
AcDbEntity
  8
TEXT
100
AcDbText
 10
6112.676923076923
 20
11169.384615384615
 30
0.0
 40
90.0
  1
M0126
 72
1
 11
6112.676923076923
 21
11169.384615384615
 31
0.0
100
AcDbText
 73
2
  0
LINE
  5
199
330
17
100
AcDbEntity
  8
DIAG
100
AcDbLine
 10
3844.369230769231
 20
10492.307692307691
 30
0.0
 11
3619.0153846153844
 21
11738.461538461539
 31
0.0
  0
TEXT
  5
19A
330
17
100
AcDbEntity
  8
TEXT
100
AcDbText
 10
3731.6923076923076
 20
11169.384615384615
 30
0.0
 40
90.0
  1
M0127
 72
1
 11
3731.6923076923076
 21
11169.384615384615
 31
0.0
100
AcDbText
 73
2
  0
LINE
  5
19B
330
17
100
AcDbEntity
  8
DIAG
100
AcDbLine
 10
3469.4769230769234
 20
10492.307692307691
 30
0.0
 11
3971.753846153846
 21
11738.461538461539
 31
0.0
  0
TEXT
  5
19C
330
17
100
AcDbEntity
  8
TEXT
100
AcDbText
 10
3720.6153846153848
 20
11169.384615384615
 30
0.0
 40
90.0
  1
M0128
 72
1
 11
3720.6153846153848
 21
11169.384615384615
 31
0.0
100
AcDbText
 73
2
  0
LINE
  5
19D
330
17
100
AcDbEntity
  8
DIAG
100
AcDbLine
 10
3469.4769230769234
 20
10492.307692307691
 30
0.0
 11
8028.246153846154
 21
11738.461538461539
 31
0.0
  0
TEXT
  5
19E
330
17
100
AcDbEntity
  8
TEXT
100
AcDbText
 10
5748.861538461539
 20
11169.384615384615
 30
0.0
 40
90.0
  1
M0129
 72
1
 11
5748.861538461539
 21
11169.384615384615
 31
0.0
100
AcDbText
 73
2
  0
LINE
  5
19F
330
17
100
AcDbEntity
  8
DIAG
100
AcDbLine
 10
8155.630769230768
 20
10492.307692307691
 30
0.0
 11
3619.0153846153844
 21
11738.461538461539
 31
0.0
  0
TEXT
  5
1A0
330
17
100
AcDbEntity
  8
TEXT
100
AcDbText
 10
5887.323076923076
 20
11169.384615384615
 30
0.0
 40
90.0
  1
M0130
 72
1
 11
5887.323076923076
 21
11169.384615384615
 31
0.0
100
AcDbText
 73
2
  0
LINE
  5
1A1
330
17
100
AcDbEntity
  8
DIAG
100
AcDbLine
 10
8155.630769230768
 20
10492.307692307691
 30
0.0
 11
8380.984615384616
 21
11738.461538461539
 31
0.0
  0
TEXT
  5
1A2
330
17
100
AcDbEntity
  8
TEXT
100
AcDbText
 10
8268.307692307691
 20
11169.384615384615
 30
0.0
 40
90.0
  1
M0131
 72
1
 11
8268.307692307691
 21
11169.384615384615
 31
0.0
100
AcDbText
 73
2
  0
LINE
  5
1A3
330
17
100
AcDbEntity
  8
DIAG
100
AcDbLine
 10
8530.523076923077
 20
10492.307692307691
 30
0.0
 11
8028.246153846154
 21
11738.461538461539
 31
0.0
  0
TEXT
  5
1A4
330
17
100
AcDbEntity
  8
TEXT
100
AcDbText
 10
8279.384615384615
 20
11169.384615384615
 30
0.0
 40
90.0
  1
M0132
 72
1
 11
8279.384615384615
 21
11169.384615384615
 31
0.0
100
AcDbText
 73
2
  0
LINE
  5
1A5
330
17
100
AcDbEntity
  8
DIAG
100
AcDbLine
 10
8380.984615384616
 20
11738.461538461539
 30
0.0
 11
4099.138461538461
 21
12984.615384615385
 31
0.0
  0
TEXT
  5
1A6
330
17
100
AcDbEntity
  8
TEXT
100
AcDbText
 10
6240.0615384615385
 20
12415.538461538461
 30
0.0
 40
90.0
  1
M0133
 72
1
 11
6240.0615384615385
 21
12415.538461538461
 31
0.0
100
AcDbText
 73
2
  0
LINE
  5
1A7
330
17
100
AcDbEntity
  8
DIAG
100
AcDbLine
 10
3971.753846153846
 20
11738.461538461539
 30
0.0
 11
8231.446153846153
 21
12984.615384615385
 31
0.0
  0
TEXT
  5
1A8
330
17
100
AcDbEntity
  8
TEXT
100
AcDbText
 10
6101.599999999999
 20
12415.538461538461
 30
0.0
 40
90.0
  1
M0134
 72
1
 11
6101.599999999999
 21
12415.538461538461
 31
0.0
100
AcDbText
 73
2
  0
LINE
  5
1A9
330
17
100
AcDbEntity
  8
DIAG
100
AcDbLine
 10
3971.753846153846
 20
11738.461538461539
 30
0.0
 11
3768.5538461538463
 21
12984.615384615385
 31
0.0
  0
TEXT
  5
1AA
330
17
100
AcDbEntity
  8
TEXT
100
AcDbText
 10
3870.153846153846
 20
12415.538461538461
 30
0.0
 40
90.0
  1
M0135
 72
1
 11
3870.153846153846
 21
12415.538461538461
 31
0.0
100
AcDbText
 73
2
  0
LINE
  5
1AB
330
17
100
AcDbEntity
  8
DIAG
100
AcDbLine
 10
3619.0153846153844
 20
11738.461538461539
 30
0.0
 11
4099.138461538461
 21
12984.615384615385
 31
0.0
  0
TEXT
  5
1AC
330
17
100
AcDbEntity
  8
TEXT
100
AcDbText
 10
3859.076923076923
 20
12415.538461538461
 30
0.0
 40
90.0
  1
M0136
 72
1
 11
3859.076923076923
 21
12415.538461538461
 31
0.0
100
AcDbText
 73
2
  0
LINE
  5
1AD
330
17
100
AcDbEntity
  8
DIAG
100
AcDbLine
 10
3619.0153846153844
 20
11738.461538461539
 30
0.0
 11
7900.861538461538
 21
12984.615384615385
 31
0.0
  0
TEXT
  5
1AE
330
17
100
AcDbEntity
  8
TEXT
100
AcDbText
 10
5759.938461538461
 20
12415.538461538461
 30
0.0
 40
90.0
  1
M0137
 72
1
 11
5759.938461538461
 21
12415.538461538461
 31
0.0
100
AcDbText
 73
2
  0
LINE
  5
1AF
330
17
100
AcDbEntity
  8
DIAG
100
AcDbLine
 10
8028.246153846154
 20
11738.461538461539
 30
0.0
 11
3768.5538461538463
 21
12984.615384615385
 31
0.0
  0
TEXT
  5
1B0
330
17
100
AcDbEntity
  8
TEXT
100
AcDbText
 10
5898.4
 20
12415.538461538461
 30
0.0
 40
90.0
  1
M0138
 72
1
 11
5898.4
 21
12415.538461538461
 31
0.0
100
AcDbText
 73
2
  0
LINE
  5
1B1
330
17
100
AcDbEntity
  8
DIAG
100
AcDbLine
 10
8028.246153846154
 20
11738.461538461539
 30
0.0
 11
8231.446153846153
 21
12984.615384615385
 31
0.0
  0
TEXT
  5
1B2
330
17
100
AcDbEntity
  8
TEXT
100
AcDbText
 10
8129.846153846153
 20
12415.538461538461
 30
0.0
 40
90.0
  1
M0139
 72
1
 11
8129.846153846153
 21
12415.538461538461
 31
0.0
100
AcDbText
 73
2
  0
LINE
  5
1B3
330
17
100
AcDbEntity
  8
DIAG
100
AcDbLine
 10
8380.984615384616
 20
11738.461538461539
 30
0.0
 11
7900.861538461538
 21
12984.615384615385
 31
0.0
  0
TEXT
  5
1B4
330
17
100
AcDbEntity
  8
TEXT
100
AcDbText
 10
8140.923076923076
 20
12415.538461538461
 30
0.0
 40
90.0
  1
M0140
 72
1
 11
8140.923076923076
 21
12415.538461538461
 31
0.0
100
AcDbText
 73
2
  0
LINE
  5
1B5
330
17
100
AcDbEntity
  8
DIAG
100
AcDbLine
 10
8231.446153846153
 20
12984.615384615385
 30
0.0
 11
4226.523076923077
 21
14230.76923076923
 31
0.0
  0
TEXT
  5
1B6
330
17
100
AcDbEntity
  8
TEXT
100
AcDbText
 10
6228.984615384615
 20
13661.692307692309
 30
0.0
 40
90.0
  1
M0141
 72
1
 11
6228.984615384615
 21
13661.692307692309
 31
0.0
100
AcDbText
 73
2
  0
LINE
  5
1B7
330
17
100
AcDbEntity
  8
DIAG
100
AcDbLine
 10
4099.138461538461
 20
12984.615384615385
 30
0.0
 11
8081.907692307692
 21
14230.76923076923
 31
0.0
  0
TEXT
  5
1B8
330
17
100
AcDbEntity
  8
TEXT
100
AcDbText
 10
6090.523076923077
 20
13661.692307692309
 30
0.0
 40
90.0
  1
M0142
 72
1
 11
6090.523076923077
 21
13661.692307692309
 31
0.0
100
AcDbText
 73
2
  0
LINE
  5
1B9
330
17
100
AcDbEntity
  8
DIAG
100
AcDbLine
 10
4099.138461538461
 20
12984.615384615385
 30
0.0
 11
3918.0923076923077
 21
14230.76923076923
 31
0.0
  0
TEXT
  5
1BA
330
17
100
AcDbEntity
  8
TEXT
100
AcDbText
 10
4008.6153846153848
 20
13661.692307692309
 30
0.0
 40
90.0
  1
M0143
 72
1
 11
4008.6153846153848
 21
13661.692307692309
 31
0.0
100
AcDbText
 73
2
  0
LINE
  5
1BB
330
17
100
AcDbEntity
  8
DIAG
100
AcDbLine
 10
3768.5538461538463
 20
12984.615384615385
 30
0.0
 11
4226.523076923077
 21
14230.76923076923
 31
0.0
  0
TEXT
  5
1BC
330
17
100
AcDbEntity
  8
TEXT
100
AcDbText
 10
3997.5384615384614
 20
13661.692307692309
 30
0.0
 40
90.0
  1
M0144
 72
1
 11
3997.5384615384614
 21
13661.692307692309
 31
0.0
100
AcDbText
 73
2
  0
LINE
  5
1BD
330
17
100
AcDbEntity
  8
DIAG
100
AcDbLine
 10
3768.5538461538463
 20
12984.615384615385
 30
0.0
 11
7773.476923076923
 21
14230.76923076923
 31
0.0
  0
TEXT
  5
1BE
330
17
100
AcDbEntity
  8
TEXT
100
AcDbText
 10
5771.015384615384
 20
13661.692307692309
 30
0.0
 40
90.0
  1
M0145
 72
1
 11
5771.015384615384
 21
13661.692307692309
 31
0.0
100
AcDbText
 73
2
  0
LINE
  5
1BF
330
17
100
AcDbEntity
  8
DIAG
100
AcDbLine
 10
7900.861538461538
 20
12984.615384615385
 30
0.0
 11
3918.0923076923077
 21
14230.76923076923
 31
0.0
  0
TEXT
  5
1C0
330
17
100
AcDbEntity
  8
TEXT
100
AcDbText
 10
5909.4769230769225
 20
13661.692307692309
 30
0.0
 40
90.0
  1
M0146
 72
1
 11
5909.4769230769225
 21
13661.692307692309
 31
0.0
100
AcDbText
 73
2
  0
LINE
  5
1C1
330
17
100
AcDbEntity
  8
DIAG
100
AcDbLine
 10
7900.861538461538
 20
12984.615384615385
 30
0.0
 11
8081.907692307692
 21
14230.76923076923
 31
0.0
  0
TEXT
  5
1C2
330
17
100
AcDbEntity
  8
TEXT
100
AcDbText
 10
7991.384615384615
 20
13661.692307692309
 30
0.0
 40
90.0
  1
M0147
 72
1
 11
7991.384615384615
 21
13661.692307692309
 31
0.0
100
AcDbText
 73
2
  0
LINE
  5
1C3
330
17
100
AcDbEntity
  8
DIAG
100
AcDbLine
 10
8231.446153846153
 20
12984.615384615385
 30
0.0
 11
7773.476923076923
 21
14230.76923076923
 31
0.0
  0
TEXT
  5
1C4
330
17
100
AcDbEntity
  8
TEXT
100
AcDbText
 10
8002.461538461538
 20
13661.692307692309
 30
0.0
 40
90.0
  1
M0148
 72
1
 11
8002.461538461538
 21
13661.692307692309
 31
0.0
100
AcDbText
 73
2
  0
LINE
  5
1C5
330
17
100
AcDbEntity
  8
DIAG
100
AcDbLine
 10
8081.907692307692
 20
14230.76923076923
 30
0.0
 11
4353.907692307692
 21
15476.923076923078
 31
0.0
  0
TEXT
  5
1C6
330
17
100
AcDbEntity
  8
TEXT
100
AcDbText
 10
6217.907692307692
 20
14907.846153846154
 30
0.0
 40
90.0
  1
M0149
 72
1
 11
6217.907692307692
 21
14907.846153846154
 31
0.0
100
AcDbText
 73
2
  0
LINE
  5
1C7
330
17
100
AcDbEntity
  8
DIAG
100
AcDbLine
 10
4226.523076923077
 20
14230.76923076923
 30
0.0
 11
7932.369230769231
 21
15476.923076923078
 31
0.0
  0
TEXT
  5
1C8
330
17
100
AcDbEntity
  8
TEXT
100
AcDbText
 10
6079.446153846154
 20
14907.846153846154
 30
0.0
 40
90.0
  1
M0150
 72
1
 11
6079.446153846154
 21
14907.846153846154
 31
0.0
100
AcDbText
 73
2
  0
LINE
  5
1C9
330
17
100
AcDbEntity
  8
DIAG
100
AcDbLine
 10
4226.523076923077
 20
14230.76923076923
 30
0.0
 11
4067.630769230769
 21
15476.923076923078
 31
0.0
  0
TEXT
  5
1CA
330
17
100
AcDbEntity
  8
TEXT
100
AcDbText
 10
4147.076923076923
 20
14907.846153846154
 30
0.0
 40
90.0
  1
M0151
 72
1
 11
4147.076923076923
 21
14907.846153846154
 31
0.0
100
AcDbText
 73
2
  0
LINE
  5
1CB
330
17
100
AcDbEntity
  8
DIAG
100
AcDbLine
 10
3918.0923076923077
 20
14230.76923076923
 30
0.0
 11
4353.907692307692
 21
15476.923076923078
 31
0.0
  0
TEXT
  5
1CC
330
17
100
AcDbEntity
  8
TEXT
100
AcDbText
 10
4136.0
 20
14907.846153846154
 30
0.0
 40
90.0
  1
M0152
 72
1
 11
4136.0
 21
14907.846153846154
 31
0.0
100
AcDbText
 73
2
  0
LINE
  5
1CD
330
17
100
AcDbEntity
  8
DIAG
100
AcDbLine
 10
3918.0923076923077
 20
14230.76923076923
 30
0.0
 11
7646.092307692308
 21
15476.923076923078
 31
0.0
  0
TEXT
  5
1CE
330
17
100
AcDbEntity
  8
TEXT
100
AcDbText
 10
5782.092307692308
 20
14907.846153846154
 30
0.0
 40
90.0
  1
M0153
 72
1
 11
5782.092307692308
 21
14907.846153846154
 31
0.0
100
AcDbText
 73
2
  0
LINE
  5
1CF
330
17
100
AcDbEntity
  8
DIAG
100
AcDbLine
 10
7773.476923076923
 20
14230.76923076923
 30
0.0
 11
4067.630769230769
 21
15476.923076923078
 31
0.0
  0
TEXT
  5
1D0
330
17
100
AcDbEntity
  8
TEXT
100
AcDbText
 10
5920.553846153846
 20
14907.846153846154
 30
0.0
 40
90.0
  1
M0154
 72
1
 11
5920.553846153846
 21
14907.846153846154
 31
0.0
100
AcDbText
 73
2
  0
LINE
  5
1D1
330
17
100
AcDbEntity
  8
DIAG
100
AcDbLine
 10
7773.476923076923
 20
14230.76923076923
 30
0.0
 11
7932.369230769231
 21
15476.923076923078
 31
0.0
  0
TEXT
  5
1D2
330
17
100
AcDbEntity
  8
TEXT
100
AcDbText
 10
7852.923076923077
 20
14907.846153846154
 30
0.0
 40
90.0
  1
M0155
 72
1
 11
7852.923076923077
 21
14907.846153846154
 31
0.0
100
AcDbText
 73
2
  0
LINE
  5
1D3
330
17
100
AcDbEntity
  8
DIAG
100
AcDbLine
 10
8081.907692307692
 20
14230.76923076923
 30
0.0
 11
7646.092307692308
 21
15476.923076923078
 31
0.0
  0
TEXT
  5
1D4
330
17
100
AcDbEntity
  8
TEXT
100
AcDbText
 10
7864.0
 20
14907.846153846154
 30
0.0
 40
90.0
  1
M0156
 72
1
 11
7864.0
 21
14907.846153846154
 31
0.0
100
AcDbText
 73
2
  0
LINE
  5
1D5
330
17
100
AcDbEntity
  8
DIAG
100
AcDbLine
 10
7932.369230769231
 20
15476.923076923078
 30
0.0
 11
4481.292307692308
 21
16723.076923076922
 31
0.0
  0
TEXT
  5
1D6
330
17
100
AcDbEntity
  8
TEXT
100
AcDbText
 10
6206.83076923077
 20
16154.0
 30
0.0
 40
90.0
  1
M0157
 72
1
 11
6206.83076923077
 21
16154.0
 31
0.0
100
AcDbText
 73
2
  0
LINE
  5
1D7
330
17
100
AcDbEntity
  8
DIAG
100
AcDbLine
 10
4353.907692307692
 20
15476.923076923078
 30
0.0
 11
7782.830769230769
 21
16723.076923076922
 31
0.0
  0
TEXT
  5
1D8
330
17
100
AcDbEntity
  8
TEXT
100
AcDbText
 10
6068.369230769231
 20
16154.0
 30
0.0
 40
90.0
  1
M0158
 72
1
 11
6068.369230769231
 21
16154.0
 31
0.0
100
AcDbText
 73
2
  0
LINE
  5
1D9
330
17
100
AcDbEntity
  8
DIAG
100
AcDbLine
 10
4353.907692307692
 20
15476.923076923078
 30
0.0
 11
4217.169230769231
 21
16723.076923076922
 31
0.0
  0
TEXT
  5
1DA
330
17
100
AcDbEntity
  8
TEXT
100
AcDbText
 10
4285.538461538461
 20
16154.0
 30
0.0
 40
90.0
  1
M0159
 72
1
 11
4285.538461538461
 21
16154.0
 31
0.0
100
AcDbText
 73
2
  0
LINE
  5
1DB
330
17
100
AcDbEntity
  8
DIAG
100
AcDbLine
 10
4067.630769230769
 20
15476.923076923078
 30
0.0
 11
4481.292307692308
 21
16723.076923076922
 31
0.0
  0
TEXT
  5
1DC
330
17
100
AcDbEntity
  8
TEXT
100
AcDbText
 10
4274.461538461539
 20
16154.0
 30
0.0
 40
90.0
  1
M0160
 72
1
 11
4274.461538461539
 21
16154.0
 31
0.0
100
AcDbText
 73
2
  0
LINE
  5
1DD
330
17
100
AcDbEntity
  8
DIAG
100
AcDbLine
 10
4067.630769230769
 20
15476.923076923078
 30
0.0
 11
7518.707692307692
 21
16723.076923076922
 31
0.0
  0
TEXT
  5
1DE
330
17
100
AcDbEntity
  8
TEXT
100
AcDbText
 10
5793.16923076923
 20
16154.0
 30
0.0
 40
90.0
  1
M0161
 72
1
 11
5793.16923076923
 21
16154.0
 31
0.0
100
AcDbText
 73
2
  0
LINE
  5
1DF
330
17
100
AcDbEntity
  8
DIAG
100
AcDbLine
 10
7646.092307692308
 20
15476.923076923078
 30
0.0
 11
4217.169230769231
 21
16723.076923076922
 31
0.0
  0
TEXT
  5
1E0
330
17
100
AcDbEntity
  8
TEXT
100
AcDbText
 10
5931.630769230769
 20
16154.0
 30
0.0
 40
90.0
  1
M0162
 72
1
 11
5931.630769230769
 21
16154.0
 31
0.0
100
AcDbText
 73
2
  0
LINE
  5
1E1
330
17
100
AcDbEntity
  8
DIAG
100
AcDbLine
 10
7646.092307692308
 20
15476.923076923078
 30
0.0
 11
7782.830769230769
 21
16723.076923076922
 31
0.0
  0
TEXT
  5
1E2
330
17
100
AcDbEntity
  8
TEXT
100
AcDbText
 10
7714.461538461539
 20
16154.0
 30
0.0
 40
90.0
  1
M0163
 72
1
 11
7714.461538461539
 21
16154.0
 31
0.0
100
AcDbText
 73
2
  0
LINE
  5
1E3
330
17
100
AcDbEntity
  8
DIAG
100
AcDbLine
 10
7932.369230769231
 20
15476.923076923078
 30
0.0
 11
7518.707692307692
 21
16723.076923076922
 31
0.0
  0
TEXT
  5
1E4
330
17
100
AcDbEntity
  8
TEXT
100
AcDbText
 10
7725.538461538461
 20
16154.0
 30
0.0
 40
90.0
  1
M0164
 72
1
 11
7725.538461538461
 21
16154.0
 31
0.0
100
AcDbText
 73
2
  0
LINE
  5
1E5
330
17
100
AcDbEntity
  8
DIAG
100
AcDbLine
 10
7782.830769230769
 20
16723.076923076922
 30
0.0
 11
4608.676923076923
 21
17969.23076923077
 31
0.0
  0
TEXT
  5
1E6
330
17
100
AcDbEntity
  8
TEXT
100
AcDbText
 10
6195.753846153846
 20
17400.153846153844
 30
0.0
 40
90.0
  1
M0165
 72
1
 11
6195.753846153846
 21
17400.153846153844
 31
0.0
100
AcDbText
 73
2
  0
LINE
  5
1E7
330
17
100
AcDbEntity
  8
DIAG
100
AcDbLine
 10
4481.292307692308
 20
16723.076923076922
 30
0.0
 11
7633.292307692308
 21
17969.23076923077
 31
0.0
  0
TEXT
  5
1E8
330
17
100
AcDbEntity
  8
TEXT
100
AcDbText
 10
6057.292307692308
 20
17400.153846153844
 30
0.0
 40
90.0
  1
M0166
 72
1
 11
6057.292307692308
 21
17400.153846153844
 31
0.0
100
AcDbText
 73
2
  0
LINE
  5
1E9
330
17
100
AcDbEntity
  8
DIAG
100
AcDbLine
 10
4481.292307692308
 20
16723.076923076922
 30
0.0
 11
4366.707692307692
 21
17969.23076923077
 31
0.0
  0
TEXT
  5
1EA
330
17
100
AcDbEntity
  8
TEXT
100
AcDbText
 10
4424.0
 20
17400.153846153844
 30
0.0
 40
90.0
  1
M0167
 72
1
 11
4424.0
 21
17400.153846153844
 31
0.0
100
AcDbText
 73
2
  0
LINE
  5
1EB
330
17
100
AcDbEntity
  8
DIAG
100
AcDbLine
 10
4217.169230769231
 20
16723.076923076922
 30
0.0
 11
4608.676923076923
 21
17969.23076923077
 31
0.0
  0
TEXT
  5
1EC
330
17
100
AcDbEntity
  8
TEXT
100
AcDbText
 10
4412.923076923077
 20
17400.153846153844
 30
0.0
 40
90.0
  1
M0168
 72
1
 11
4412.923076923077
 21
17400.153846153844
 31
0.0
100
AcDbText
 73
2
  0
LINE
  5
1ED
330
17
100
AcDbEntity
  8
DIAG
100
AcDbLine
 10
4217.169230769231
 20
16723.076923076922
 30
0.0
 11
7391.323076923077
 21
17969.23076923077
 31
0.0
  0
TEXT
  5
1EE
330
17
100
AcDbEntity
  8
TEXT
100
AcDbText
 10
5804.246153846154
 20
17400.153846153844
 30
0.0
 40
90.0
  1
M0169
 72
1
 11
5804.246153846154
 21
17400.153846153844
 31
0.0
100
AcDbText
 73
2
  0
LINE
  5
1EF
330
17
100
AcDbEntity
  8
DIAG
100
AcDbLine
 10
7518.707692307692
 20
16723.076923076922
 30
0.0
 11
4366.707692307692
 21
17969.23076923077
 31
0.0
  0
TEXT
  5
1F0
330
17
100
AcDbEntity
  8
TEXT
100
AcDbText
 10
5942.707692307692
 20
17400.153846153844
 30
0.0
 40
90.0
  1
M0170
 72
1
 11
5942.707692307692
 21
17400.153846153844
 31
0.0
100
AcDbText
 73
2
  0
LINE
  5
1F1
330
17
100
AcDbEntity
  8
DIAG
100
AcDbLine
 10
7518.707692307692
 20
16723.076923076922
 30
0.0
 11
7633.292307692308
 21
17969.23076923077
 31
0.0
  0
TEXT
  5
1F2
330
17
100
AcDbEntity
  8
TEXT
100
AcDbText
 10
7576.0
 20
17400.153846153844
 30
0.0
 40
90.0
  1
M0171
 72
1
 11
7576.0
 21
17400.153846153844
 31
0.0
100
AcDbText
 73
2
  0
LINE
  5
1F3
330
17
100
AcDbEntity
  8
DIAG
100
AcDbLine
 10
7782.830769230769
 20
16723.076923076922
 30
0.0
 11
7391.323076923077
 21
17969.23076923077
 31
0.0
  0
TEXT
  5
1F4
330
17
100
AcDbEntity
  8
TEXT
100
AcDbText
 10
7587.076923076923
 20
17400.153846153844
 30
0.0
 40
90.0
  1
M0172
 72
1
 11
7587.076923076923
 21
17400.153846153844
 31
0.0
100
AcDbText
 73
2
  0
LINE
  5
1F5
330
17
100
AcDbEntity
  8
DIAG
100
AcDbLine
 10
7633.292307692308
 20
17969.23076923077
 30
0.0
 11
4736.0615384615385
 21
19215.384615384617
 31
0.0
  0
TEXT
  5
1F6
330
17
100
AcDbEntity
  8
TEXT
100
AcDbText
 10
6184.676923076923
 20
18646.307692307695
 30
0.0
 40
90.0
  1
M0173
 72
1
 11
6184.676923076923
 21
18646.307692307695
 31
0.0
100
AcDbText
 73
2
  0
LINE
  5
1F7
330
17
100
AcDbEntity
  8
DIAG
100
AcDbLine
 10
4608.676923076923
 20
17969.23076923077
 30
0.0
 11
7483.753846153847
 21
19215.384615384617
 31
0.0
  0
TEXT
  5
1F8
330
17
100
AcDbEntity
  8
TEXT
100
AcDbText
 10
6046.215384615385
 20
18646.307692307695
 30
0.0
 40
90.0
  1
M0174
 72
1
 11
6046.215384615385
 21
18646.307692307695
 31
0.0
100
AcDbText
 73
2
  0
LINE
  5
1F9
330
17
100
AcDbEntity
  8
DIAG
100
AcDbLine
 10
4608.676923076923
 20
17969.23076923077
 30
0.0
 11
4516.246153846153
 21
19215.384615384617
 31
0.0
  0
TEXT
  5
1FA
330
17
100
AcDbEntity
  8
TEXT
100
AcDbText
 10
4562.461538461538
 20
18646.307692307695
 30
0.0
 40
90.0
  1
M0175
 72
1
 11
4562.461538461538
 21
18646.307692307695
 31
0.0
100
AcDbText
 73
2
  0
LINE
  5
1FB
330
17
100
AcDbEntity
  8
DIAG
100
AcDbLine
 10
4366.707692307692
 20
17969.23076923077
 30
0.0
 11
4736.0615384615385
 21
19215.384615384617
 31
0.0
  0
TEXT
  5
1FC
330
17
100
AcDbEntity
  8
TEXT
100
AcDbText
 10
4551.384615384615
 20
18646.307692307695
 30
0.0
 40
90.0
  1
M0176
 72
1
 11
4551.384615384615
 21
18646.307692307695
 31
0.0
100
AcDbText
 73
2
  0
LINE
  5
1FD
330
17
100
AcDbEntity
  8
DIAG
100
AcDbLine
 10
4366.707692307692
 20
17969.23076923077
 30
0.0
 11
7263.9384615384615
 21
19215.384615384617
 31
0.0
  0
TEXT
  5
1FE
330
17
100
AcDbEntity
  8
TEXT
100
AcDbText
 10
5815.323076923077
 20
18646.307692307695
 30
0.0
 40
90.0
  1
M0177
 72
1
 11
5815.323076923077
 21
18646.307692307695
 31
0.0
100
AcDbText
 73
2
  0
LINE
  5
1FF
330
17
100
AcDbEntity
  8
DIAG
100
AcDbLine
 10
7391.323076923077
 20
17969.23076923077
 30
0.0
 11
4516.246153846153
 21
19215.384615384617
 31
0.0
  0
TEXT
  5
200
330
17
100
AcDbEntity
  8
TEXT
100
AcDbText
 10
5953.784615384615
 20
18646.307692307695
 30
0.0
 40
90.0
  1
M0178
 72
1
 11
5953.784615384615
 21
18646.307692307695
 31
0.0
100
AcDbText
 73
2
  0
LINE
  5
201
330
17
100
AcDbEntity
  8
DIAG
100
AcDbLine
 10
7391.323076923077
 20
17969.23076923077
 30
0.0
 11
7483.753846153847
 21
19215.384615384617
 31
0.0
  0
TEXT
  5
202
330
17
100
AcDbEntity
  8
TEXT
100
AcDbText
 10
7437.538461538462
 20
18646.307692307695
 30
0.0
 40
90.0
  1
M0179
 72
1
 11
7437.538461538462
 21
18646.307692307695
 31
0.0
100
AcDbText
 73
2
  0
LINE
  5
203
330
17
100
AcDbEntity
  8
DIAG
100
AcDbLine
 10
7633.292307692308
 20
17969.23076923077
 30
0.0
 11
7263.9384615384615
 21
19215.384615384617
 31
0.0
  0
TEXT
  5
204
330
17
100
AcDbEntity
  8
TEXT
100
AcDbText
 10
7448.615384615385
 20
18646.307692307695
 30
0.0
 40
90.0
  1
M0180
 72
1
 11
7448.615384615385
 21
18646.307692307695
 31
0.0
100
AcDbText
 73
2
  0
LINE
  5
205
330
17
100
AcDbEntity
  8
DIAG
100
AcDbLine
 10
7483.753846153847
 20
19215.384615384617
 30
0.0
 11
4863.446153846154
 21
20461.53846153846
 31
0.0
  0
TEXT
  5
206
330
17
100
AcDbEntity
  8
TEXT
100
AcDbText
 10
6173.6
 20
19892.46153846154
 30
0.0
 40
90.0
  1
M0181
 72
1
 11
6173.6
 21
19892.46153846154
 31
0.0
100
AcDbText
 73
2
  0
LINE
  5
207
330
17
100
AcDbEntity
  8
DIAG
100
AcDbLine
 10
4736.0615384615385
 20
19215.384615384617
 30
0.0
 11
7334.215384615384
 21
20461.53846153846
 31
0.0
  0
TEXT
  5
208
330
17
100
AcDbEntity
  8
TEXT
100
AcDbText
 10
6035.138461538461
 20
19892.46153846154
 30
0.0
 40
90.0
  1
M0182
 72
1
 11
6035.138461538461
 21
19892.46153846154
 31
0.0
100
AcDbText
 73
2
  0
LINE
  5
209
330
17
100
AcDbEntity
  8
DIAG
100
AcDbLine
 10
4736.0615384615385
 20
19215.384615384617
 30
0.0
 11
4665.784615384616
 21
20461.53846153846
 31
0.0
  0
TEXT
  5
20A
330
17
100
AcDbEntity
  8
TEXT
100
AcDbText
 10
4700.923076923077
 20
19892.46153846154
 30
0.0
 40
90.0
  1
M0183
 72
1
 11
4700.923076923077
 21
19892.46153846154
 31
0.0
100
AcDbText
 73
2
  0
LINE
  5
20B
330
17
100
AcDbEntity
  8
DIAG
100
AcDbLine
 10
4516.246153846153
 20
19215.384615384617
 30
0.0
 11
4863.446153846154
 21
20461.53846153846
 31
0.0
  0
TEXT
  5
20C
330
17
100
AcDbEntity
  8
TEXT
100
AcDbText
 10
4689.846153846153
 20
19892.46153846154
 30
0.0
 40
90.0
  1
M0184
 72
1
 11
4689.846153846153
 21
19892.46153846154
 31
0.0
100
AcDbText
 73
2
  0
LINE
  5
20D
330
17
100
AcDbEntity
  8
DIAG
100
AcDbLine
 10
4516.246153846153
 20
19215.384615384617
 30
0.0
 11
7136.553846153846
 21
20461.53846153846
 31
0.0
  0
TEXT
  5
20E
330
17
100
AcDbEntity
  8
TEXT
100
AcDbText
 10
5826.4
 20
19892.46153846154
 30
0.0
 40
90.0
  1
M0185
 72
1
 11
5826.4
 21
19892.46153846154
 31
0.0
100
AcDbText
 73
2
  0
LINE
  5
20F
330
17
100
AcDbEntity
  8
DIAG
100
AcDbLine
 10
7263.9384615384615
 20
19215.384615384617
 30
0.0
 11
4665.784615384616
 21
20461.53846153846
 31
0.0
  0
TEXT
  5
210
330
17
100
AcDbEntity
  8
TEXT
100
AcDbText
 10
5964.861538461539
 20
19892.46153846154
 30
0.0
 40
90.0
  1
M0186
 72
1
 11
5964.861538461539
 21
19892.46153846154
 31
0.0
100
AcDbText
 73
2
  0
LINE
  5
211
330
17
100
AcDbEntity
  8
DIAG
100
AcDbLine
 10
7263.9384615384615
 20
19215.384615384617
 30
0.0
 11
7334.215384615384
 21
20461.53846153846
 31
0.0
  0
TEXT
  5
212
330
17
100
AcDbEntity
  8
TEXT
100
AcDbText
 10
7299.076923076923
 20
19892.46153846154
 30
0.0
 40
90.0
  1
M0187
 72
1
 11
7299.076923076923
 21
19892.46153846154
 31
0.0
100
AcDbText
 73
2
  0
LINE
  5
213
330
17
100
AcDbEntity
  8
DIAG
100
AcDbLine
 10
7483.753846153847
 20
19215.384615384617
 30
0.0
 11
7136.553846153846
 21
20461.53846153846
 31
0.0
  0
TEXT
  5
214
330
17
100
AcDbEntity
  8
TEXT
100
AcDbText
 10
7310.153846153847
 20
19892.46153846154
 30
0.0
 40
90.0
  1
M0188
 72
1
 11
7310.153846153847
 21
19892.46153846154
 31
0.0
100
AcDbText
 73
2
  0
LINE
  5
215
330
17
100
AcDbEntity
  8
DIAG
100
AcDbLine
 10
7334.215384615384
 20
20461.53846153846
 30
0.0
 11
4990.83076923077
 21
21707.69230769231
 31
0.0
  0
TEXT
  5
216
330
17
100
AcDbEntity
  8
TEXT
100
AcDbText
 10
6162.523076923077
 20
21138.615384615383
 30
0.0
 40
90.0
  1
M0189
 72
1
 11
6162.523076923077
 21
21138.615384615383
 31
0.0
100
AcDbText
 73
2
  0
LINE
  5
217
330
17
100
AcDbEntity
  8
DIAG
100
AcDbLine
 10
4863.446153846154
 20
20461.53846153846
 30
0.0
 11
7184.676923076922
 21
21707.69230769231
 31
0.0
  0
TEXT
  5
218
330
17
100
AcDbEntity
  8
TEXT
100
AcDbText
 10
6024.061538461538
 20
21138.615384615383
 30
0.0
 40
90.0
  1
M0190
 72
1
 11
6024.061538461538
 21
21138.615384615383
 31
0.0
100
AcDbText
 73
2
  0
LINE
  5
219
330
17
100
AcDbEntity
  8
DIAG
100
AcDbLine
 10
4863.446153846154
 20
20461.53846153846
 30
0.0
 11
4815.323076923078
 21
21707.69230769231
 31
0.0
  0
TEXT
  5
21A
330
17
100
AcDbEntity
  8
TEXT
100
AcDbText
 10
4839.384615384615
 20
21138.615384615383
 30
0.0
 40
90.0
  1
M0191
 72
1
 11
4839.384615384615
 21
21138.615384615383
 31
0.0
100
AcDbText
 73
2
  0
LINE
  5
21B
330
17
100
AcDbEntity
  8
DIAG
100
AcDbLine
 10
4665.784615384616
 20
20461.53846153846
 30
0.0
 11
4990.83076923077
 21
21707.69230769231
 31
0.0
  0
TEXT
  5
21C
330
17
100
AcDbEntity
  8
TEXT
100
AcDbText
 10
4828.307692307693
 20
21138.615384615383
 30
0.0
 40
90.0
  1
M0192
 72
1
 11
4828.307692307693
 21
21138.615384615383
 31
0.0
100
AcDbText
 73
2
  0
LINE
  5
21D
330
17
100
AcDbEntity
  8
DIAG
100
AcDbLine
 10
4665.784615384616
 20
20461.53846153846
 30
0.0
 11
7009.16923076923
 21
21707.69230769231
 31
0.0
  0
TEXT
  5
21E
330
17
100
AcDbEntity
  8
TEXT
100
AcDbText
 10
5837.476923076923
 20
21138.615384615383
 30
0.0
 40
90.0
  1
M0193
 72
1
 11
5837.476923076923
 21
21138.615384615383
 31
0.0
100
AcDbText
 73
2
  0
LINE
  5
21F
330
17
100
AcDbEntity
  8
DIAG
100
AcDbLine
 10
7136.553846153846
 20
20461.53846153846
 30
0.0
 11
4815.323076923078
 21
21707.69230769231
 31
0.0
  0
TEXT
  5
220
330
17
100
AcDbEntity
  8
TEXT
100
AcDbText
 10
5975.938461538462
 20
21138.615384615383
 30
0.0
 40
90.0
  1
M0194
 72
1
 11
5975.938461538462
 21
21138.615384615383
 31
0.0
100
AcDbText
 73
2
  0
LINE
  5
221
330
17
100
AcDbEntity
  8
DIAG
100
AcDbLine
 10
7136.553846153846
 20
20461.53846153846
 30
0.0
 11
7184.676923076922
 21
21707.69230769231
 31
0.0
  0
TEXT
  5
222
330
17
100
AcDbEntity
  8
TEXT
100
AcDbText
 10
7160.615384615385
 20
21138.615384615383
 30
0.0
 40
90.0
  1
M0195
 72
1
 11
7160.615384615385
 21
21138.615384615383
 31
0.0
100
AcDbText
 73
2
  0
LINE
  5
223
330
17
100
AcDbEntity
  8
DIAG
100
AcDbLine
 10
7334.215384615384
 20
20461.53846153846
 30
0.0
 11
7009.16923076923
 21
21707.69230769231
 31
0.0
  0
TEXT
  5
224
330
17
100
AcDbEntity
  8
TEXT
100
AcDbText
 10
7171.692307692307
 20
21138.615384615383
 30
0.0
 40
90.0
  1
M0196
 72
1
 11
7171.692307692307
 21
21138.615384615383
 31
0.0
100
AcDbText
 73
2
  0
LINE
  5
225
330
17
100
AcDbEntity
  8
DIAG
100
AcDbLine
 10
7184.676923076922
 20
21707.69230769231
 30
0.0
 11
5118.215384615385
 21
22953.846153846156
 31
0.0
  0
TEXT
  5
226
330
17
100
AcDbEntity
  8
TEXT
100
AcDbText
 10
6151.446153846154
 20
22384.769230769234
 30
0.0
 40
90.0
  1
M0197
 72
1
 11
6151.446153846154
 21
22384.769230769234
 31
0.0
100
AcDbText
 73
2
  0
LINE
  5
227
330
17
100
AcDbEntity
  8
DIAG
100
AcDbLine
 10
4990.83076923077
 20
21707.69230769231
 30
0.0
 11
7035.138461538461
 21
22953.846153846156
 31
0.0
  0
TEXT
  5
228
330
17
100
AcDbEntity
  8
TEXT
100
AcDbText
 10
6012.984615384616
 20
22384.769230769234
 30
0.0
 40
90.0
  1
M0198
 72
1
 11
6012.984615384616
 21
22384.769230769234
 31
0.0
100
AcDbText
 73
2
  0
LINE
  5
229
330
17
100
AcDbEntity
  8
DIAG
100
AcDbLine
 10
4990.83076923077
 20
21707.69230769231
 30
0.0
 11
4964.861538461539
 21
22953.846153846156
 31
0.0
  0
TEXT
  5
22A
330
17
100
AcDbEntity
  8
TEXT
100
AcDbText
 10
4977.846153846154
 20
22384.769230769234
 30
0.0
 40
90.0
  1
M0199
 72
1
 11
4977.846153846154
 21
22384.769230769234
 31
0.0
100
AcDbText
 73
2
  0
LINE
  5
22B
330
17
100
AcDbEntity
  8
DIAG
100
AcDbLine
 10
4815.323076923078
 20
21707.69230769231
 30
0.0
 11
5118.215384615385
 21
22953.846153846156
 31
0.0
  0
TEXT
  5
22C
330
17
100
AcDbEntity
  8
TEXT
100
AcDbText
 10
4966.769230769231
 20
22384.769230769234
 30
0.0
 40
90.0
  1
M0200
 72
1
 11
4966.769230769231
 21
22384.769230769234
 31
0.0
100
AcDbText
 73
2
  0
LINE
  5
22D
330
17
100
AcDbEntity
  8
DIAG
100
AcDbLine
 10
4815.323076923078
 20
21707.69230769231
 30
0.0
 11
6881.784615384615
 21
22953.846153846156
 31
0.0
  0
TEXT
  5
22E
330
17
100
AcDbEntity
  8
TEXT
100
AcDbText
 10
5848.553846153846
 20
22384.769230769234
 30
0.0
 40
90.0
  1
M0201
 72
1
 11
5848.553846153846
 21
22384.769230769234
 31
0.0
100
AcDbText
 73
2
  0
LINE
  5
22F
330
17
100
AcDbEntity
  8
DIAG
100
AcDbLine
 10
7009.16923076923
 20
21707.69230769231
 30
0.0
 11
4964.861538461539
 21
22953.846153846156
 31
0.0
  0
TEXT
  5
230
330
17
100
AcDbEntity
  8
TEXT
100
AcDbText
 10
5987.015384615384
 20
22384.769230769234
 30
0.0
 40
90.0
  1
M0202
 72
1
 11
5987.015384615384
 21
22384.769230769234
 31
0.0
100
AcDbText
 73
2
  0
LINE
  5
231
330
17
100
AcDbEntity
  8
DIAG
100
AcDbLine
 10
7009.16923076923
 20
21707.69230769231
 30
0.0
 11
7035.138461538461
 21
22953.846153846156
 31
0.0
  0
TEXT
  5
232
330
17
100
AcDbEntity
  8
TEXT
100
AcDbText
 10
7022.153846153846
 20
22384.769230769234
 30
0.0
 40
90.0
  1
M0203
 72
1
 11
7022.153846153846
 21
22384.769230769234
 31
0.0
100
AcDbText
 73
2
  0
LINE
  5
233
330
17
100
AcDbEntity
  8
DIAG
100
AcDbLine
 10
7184.676923076922
 20
21707.69230769231
 30
0.0
 11
6881.784615384615
 21
22953.846153846156
 31
0.0
  0
TEXT
  5
234
330
17
100
AcDbEntity
  8
TEXT
100
AcDbText
 10
7033.230769230769
 20
22384.769230769234
 30
0.0
 40
90.0
  1
M0204
 72
1
 11
7033.230769230769
 21
22384.769230769234
 31
0.0
100
AcDbText
 73
2
  0
LINE
  5
235
330
17
100
AcDbEntity
  8
DIAG
100
AcDbLine
 10
7035.138461538461
 20
22953.846153846156
 30
0.0
 11
5245.6
 21
24200.0
 31
0.0
  0
TEXT
  5
236
330
17
100
AcDbEntity
  8
TEXT
100
AcDbText
 10
6140.369230769231
 20
23630.923076923078
 30
0.0
 40
90.0
  1
M0205
 72
1
 11
6140.369230769231
 21
23630.923076923078
 31
0.0
100
AcDbText
 73
2
  0
LINE
  5
237
330
17
100
AcDbEntity
  8
DIAG
100
AcDbLine
 10
5118.215384615385
 20
22953.846153846156
 30
0.0
 11
6885.6
 21
24200.0
 31
0.0
  0
TEXT
  5
238
330
17
100
AcDbEntity
  8
TEXT
100
AcDbText
 10
6001.907692307693
 20
23630.923076923078
 30
0.0
 40
90.0
  1
M0206
 72
1
 11
6001.907692307693
 21
23630.923076923078
 31
0.0
100
AcDbText
 73
2
  0
LINE
  5
239
330
17
100
AcDbEntity
  8
DIAG
100
AcDbLine
 10
5118.215384615385
 20
22953.846153846156
 30
0.0
 11
5114.4
 21
24200.0
 31
0.0
  0
TEXT
  5
23A
330
17
100
AcDbEntity
  8
TEXT
100
AcDbText
 10
5116.307692307692
 20
23630.923076923078
 30
0.0
 40
90.0
  1
M0207
 72
1
 11
5116.307692307692
 21
23630.923076923078
 31
0.0
100
AcDbText
 73
2
  0
LINE
  5
23B
330
17
100
AcDbEntity
  8
DIAG
100
AcDbLine
 10
4964.861538461539
 20
22953.846153846156
 30
0.0
 11
5245.6
 21
24200.0
 31
0.0
  0
TEXT
  5
23C
330
17
100
AcDbEntity
  8
TEXT
100
AcDbText
 10
5105.2307692307695
 20
23630.923076923078
 30
0.0
 40
90.0
  1
M0208
 72
1
 11
5105.2307692307695
 21
23630.923076923078
 31
0.0
100
AcDbText
 73
2
  0
LINE
  5
23D
330
17
100
AcDbEntity
  8
DIAG
100
AcDbLine
 10
4964.861538461539
 20
22953.846153846156
 30
0.0
 11
6754.4
 21
24200.0
 31
0.0
  0
TEXT
  5
23E
330
17
100
AcDbEntity
  8
TEXT
100
AcDbText
 10
5859.630769230769
 20
23630.923076923078
 30
0.0
 40
90.0
  1
M0209
 72
1
 11
5859.630769230769
 21
23630.923076923078
 31
0.0
100
AcDbText
 73
2
  0
LINE
  5
23F
330
17
100
AcDbEntity
  8
DIAG
100
AcDbLine
 10
6881.784615384615
 20
22953.846153846156
 30
0.0
 11
5114.4
 21
24200.0
 31
0.0
  0
TEXT
  5
240
330
17
100
AcDbEntity
  8
TEXT
100
AcDbText
 10
5998.092307692307
 20
23630.923076923078
 30
0.0
 40
90.0
  1
M0210
 72
1
 11
5998.092307692307
 21
23630.923076923078
 31
0.0
100
AcDbText
 73
2
  0
LINE
  5
241
330
17
100
AcDbEntity
  8
DIAG
100
AcDbLine
 10
6881.784615384615
 20
22953.846153846156
 30
0.0
 11
6885.6
 21
24200.0
 31
0.0
  0
TEXT
  5
242
330
17
100
AcDbEntity
  8
TEXT
100
AcDbText
 10
6883.692307692308
 20
23630.923076923078
 30
0.0
 40
90.0
  1
M0211
 72
1
 11
6883.692307692308
 21
23630.923076923078
 31
0.0
100
AcDbText
 73
2
  0
LINE
  5
243
330
17
100
AcDbEntity
  8
DIAG
100
AcDbLine
 10
7035.138461538461
 20
22953.846153846156
 30
0.0
 11
6754.4
 21
24200.0
 31
0.0
  0
TEXT
  5
244
330
17
100
AcDbEntity
  8
TEXT
100
AcDbText
 10
6894.7692307692305
 20
23630.923076923078
 30
0.0
 40
90.0
  1
M0212
 72
1
 11
6894.7692307692305
 21
23630.923076923078
 31
0.0
100
AcDbText
 73
2
  0
LINE
  5
245
330
17
100
AcDbEntity
  8
HORIZ
100
AcDbLine
 10
8829.6
 20
8000.0
 30
0.0
 11
3170.4
 21
8000.0
 31
0.0
  0
TEXT
  5
246
330
17
100
AcDbEntity
  8
TEXT
100
AcDbText
 10
6000.0
 20
8054.0
 30
0.0
 40
90.0
  1
M0213
 72
1
 11
6000.0
 21
8054.0
 31
0.0
100
AcDbText
 73
2
  0
LINE
  5
247
330
17
100
AcDbEntity
  8
HORIZ
100
AcDbLine
 10
3589.6
 20
8000.0
 30
0.0
 11
8410.4
 21
8000.0
 31
0.0
  0
TEXT
  5
248
330
17
100
AcDbEntity
  8
TEXT
100
AcDbText
 10
6000.0
 20
8054.0
 30
0.0
 40
90.0
  1
M0214
 72
1
 11
6000.0
 21
8054.0
 31
0.0
100
AcDbText
 73
2
  0
LINE
  5
249
330
17
100
AcDbEntity
  8
HORIZ
100
AcDbLine
 10
8680.061538461538
 20
9246.153846153846
 30
0.0
 11
3319.9384615384615
 21
9246.153846153846
 31
0.0
  0
TEXT
  5
24A
330
17
100
AcDbEntity
  8
TEXT
100
AcDbText
 10
6000.0
 20
9300.153846153846
 30
0.0
 40
90.0
  1
M0215
 72
1
 11
6000.0
 21
9300.153846153846
 31
0.0
100
AcDbText
 73
2
  0
LINE
  5
24B
330
17
100
AcDbEntity
  8
HORIZ
100
AcDbLine
 10
3716.9846153846156
 20
9246.153846153846
 30
0.0
 11
8283.015384615384
 21
9246.153846153846
 31
0.0
  0
TEXT
  5
24C
330
17
100
AcDbEntity
  8
TEXT
100
AcDbText
 10
6000.0
 20
9300.153846153846
 30
0.0
 40
90.0
  1
M0216
 72
1
 11
6000.0
 21
9300.153846153846
 31
0.0
100
AcDbText
 73
2
  0
LINE
  5
24D
330
17
100
AcDbEntity
  8
HORIZ
100
AcDbLine
 10
8530.523076923077
 20
10492.307692307691
 30
0.0
 11
3469.4769230769234
 21
10492.307692307691
 31
0.0
  0
TEXT
  5
24E
330
17
100
AcDbEntity
  8
TEXT
100
AcDbText
 10
6000.0
 20
10546.307692307691
 30
0.0
 40
90.0
  1
M0217
 72
1
 11
6000.0
 21
10546.307692307691
 31
0.0
100
AcDbText
 73
2
  0
LINE
  5
24F
330
17
100
AcDbEntity
  8
HORIZ
100
AcDbLine
 10
3844.369230769231
 20
10492.307692307691
 30
0.0
 11
8155.630769230768
 21
10492.307692307691
 31
0.0
  0
TEXT
  5
250
330
17
100
AcDbEntity
  8
TEXT
100
AcDbText
 10
6000.0
 20
10546.307692307691
 30
0.0
 40
90.0
  1
M0218
 72
1
 11
6000.0
 21
10546.307692307691
 31
0.0
100
AcDbText
 73
2
  0
LINE
  5
251
330
17
100
AcDbEntity
  8
HORIZ
100
AcDbLine
 10
8380.984615384616
 20
11738.461538461539
 30
0.0
 11
3619.0153846153844
 21
11738.461538461539
 31
0.0
  0
TEXT
  5
252
330
17
100
AcDbEntity
  8
TEXT
100
AcDbText
 10
6000.0
 20
11792.461538461539
 30
0.0
 40
90.0
  1
M0219
 72
1
 11
6000.0
 21
11792.461538461539
 31
0.0
100
AcDbText
 73
2
  0
LINE
  5
253
330
17
100
AcDbEntity
  8
HORIZ
100
AcDbLine
 10
3971.753846153846
 20
11738.461538461539
 30
0.0
 11
8028.246153846154
 21
11738.461538461539
 31
0.0
  0
TEXT
  5
254
330
17
100
AcDbEntity
  8
TEXT
100
AcDbText
 10
6000.0
 20
11792.461538461539
 30
0.0
 40
90.0
  1
M0220
 72
1
 11
6000.0
 21
11792.461538461539
 31
0.0
100
AcDbText
 73
2
  0
LINE
  5
255
330
17
100
AcDbEntity
  8
HORIZ
100
AcDbLine
 10
8231.446153846153
 20
12984.615384615385
 30
0.0
 11
3768.5538461538463
 21
12984.615384615385
 31
0.0
  0
TEXT
  5
256
330
17
100
AcDbEntity
  8
TEXT
100
AcDbText
 10
6000.0
 20
13038.615384615385
 30
0.0
 40
90.0
  1
M0221
 72
1
 11
6000.0
 21
13038.615384615385
 31
0.0
100
AcDbText
 73
2
  0
LINE
  5
257
330
17
100
AcDbEntity
  8
HORIZ
100
AcDbLine
 10
4099.138461538461
 20
12984.615384615385
 30
0.0
 11
7900.861538461538
 21
12984.615384615385
 31
0.0
  0
TEXT
  5
258
330
17
100
AcDbEntity
  8
TEXT
100
AcDbText
 10
6000.0
 20
13038.615384615385
 30
0.0
 40
90.0
  1
M0222
 72
1
 11
6000.0
 21
13038.615384615385
 31
0.0
100
AcDbText
 73
2
  0
LINE
  5
259
330
17
100
AcDbEntity
  8
HORIZ
100
AcDbLine
 10
8081.907692307692
 20
14230.76923076923
 30
0.0
 11
3918.0923076923077
 21
14230.76923076923
 31
0.0
  0
TEXT
  5
25A
330
17
100
AcDbEntity
  8
TEXT
100
AcDbText
 10
6000.0
 20
14284.76923076923
 30
0.0
 40
90.0
  1
M0223
 72
1
 11
6000.0
 21
14284.76923076923
 31
0.0
100
AcDbText
 73
2
  0
LINE
  5
25B
330
17
100
AcDbEntity
  8
HORIZ
100
AcDbLine
 10
4226.523076923077
 20
14230.76923076923
 30
0.0
 11
7773.476923076923
 21
14230.76923076923
 31
0.0
  0
TEXT
  5
25C
330
17
100
AcDbEntity
  8
TEXT
100
AcDbText
 10
6000.0
 20
14284.76923076923
 30
0.0
 40
90.0
  1
M0224
 72
1
 11
6000.0
 21
14284.76923076923
 31
0.0
100
AcDbText
 73
2
  0
LINE
  5
25D
330
17
100
AcDbEntity
  8
HORIZ
100
AcDbLine
 10
7932.369230769231
 20
15476.923076923078
 30
0.0
 11
4067.630769230769
 21
15476.923076923078
 31
0.0
  0
TEXT
  5
25E
330
17
100
AcDbEntity
  8
TEXT
100
AcDbText
 10
6000.0
 20
15530.923076923078
 30
0.0
 40
90.0
  1
M0225
 72
1
 11
6000.0
 21
15530.923076923078
 31
0.0
100
AcDbText
 73
2
  0
LINE
  5
25F
330
17
100
AcDbEntity
  8
HORIZ
100
AcDbLine
 10
4353.907692307692
 20
15476.923076923078
 30
0.0
 11
7646.092307692308
 21
15476.923076923078
 31
0.0
  0
TEXT
  5
260
330
17
100
AcDbEntity
  8
TEXT
100
AcDbText
 10
6000.0
 20
15530.923076923078
 30
0.0
 40
90.0
  1
M0226
 72
1
 11
6000.0
 21
15530.923076923078
 31
0.0
100
AcDbText
 73
2
  0
LINE
  5
261
330
17
100
AcDbEntity
  8
HORIZ
100
AcDbLine
 10
7782.830769230769
 20
16723.076923076922
 30
0.0
 11
4217.169230769231
 21
16723.076923076922
 31
0.0
  0
TEXT
  5
262
330
17
100
AcDbEntity
  8
TEXT
100
AcDbText
 10
6000.0
 20
16777.076923076922
 30
0.0
 40
90.0
  1
M0227
 72
1
 11
6000.0
 21
16777.076923076922
 31
0.0
100
AcDbText
 73
2
  0
LINE
  5
263
330
17
100
AcDbEntity
  8
HORIZ
100
AcDbLine
 10
4481.292307692308
 20
16723.076923076922
 30
0.0
 11
7518.707692307692
 21
16723.076923076922
 31
0.0
  0
TEXT
  5
264
330
17
100
AcDbEntity
  8
TEXT
100
AcDbText
 10
6000.0
 20
16777.076923076922
 30
0.0
 40
90.0
  1
M0228
 72
1
 11
6000.0
 21
16777.076923076922
 31
0.0
100
AcDbText
 73
2
  0
LINE
  5
265
330
17
100
AcDbEntity
  8
HORIZ
100
AcDbLine
 10
7633.292307692308
 20
17969.23076923077
 30
0.0
 11
4366.707692307692
 21
17969.23076923077
 31
0.0
  0
TEXT
  5
266
330
17
100
AcDbEntity
  8
TEXT
100
AcDbText
 10
6000.0
 20
18023.23076923077
 30
0.0
 40
90.0
  1
M0229
 72
1
 11
6000.0
 21
18023.23076923077
 31
0.0
100
AcDbText
 73
2
  0
LINE
  5
267
330
17
100
AcDbEntity
  8
HORIZ
100
AcDbLine
 10
4608.676923076923
 20
17969.23076923077
 30
0.0
 11
7391.323076923077
 21
17969.23076923077
 31
0.0
  0
TEXT
  5
268
330
17
100
AcDbEntity
  8
TEXT
100
AcDbText
 10
6000.0
 20
18023.23076923077
 30
0.0
 40
90.0
  1
M0230
 72
1
 11
6000.0
 21
18023.23076923077
 31
0.0
100
AcDbText
 73
2
  0
LINE
  5
269
330
17
100
AcDbEntity
  8
HORIZ
100
AcDbLine
 10
7483.753846153847
 20
19215.384615384617
 30
0.0
 11
4516.246153846153
 21
19215.384615384617
 31
0.0
  0
TEXT
  5
26A
330
17
100
AcDbEntity
  8
TEXT
100
AcDbText
 10
6000.0
 20
19269.384615384617
 30
0.0
 40
90.0
  1
M0231
 72
1
 11
6000.0
 21
19269.384615384617
 31
0.0
100
AcDbText
 73
2
  0
LINE
  5
26B
330
17
100
AcDbEntity
  8
HORIZ
100
AcDbLine
 10
4736.0615384615385
 20
19215.384615384617
 30
0.0
 11
7263.9384615384615
 21
19215.384615384617
 31
0.0
  0
TEXT
  5
26C
330
17
100
AcDbEntity
  8
TEXT
100
AcDbText
 10
6000.0
 20
19269.384615384617
 30
0.0
 40
90.0
  1
M0232
 72
1
 11
6000.0
 21
19269.384615384617
 31
0.0
100
AcDbText
 73
2
  0
LINE
  5
26D
330
17
100
AcDbEntity
  8
HORIZ
100
AcDbLine
 10
7334.215384615384
 20
20461.53846153846
 30
0.0
 11
4665.784615384616
 21
20461.53846153846
 31
0.0
  0
TEXT
  5
26E
330
17
100
AcDbEntity
  8
TEXT
100
AcDbText
 10
6000.0
 20
20515.53846153846
 30
0.0
 40
90.0
  1
M0233
 72
1
 11
6000.0
 21
20515.53846153846
 31
0.0
100
AcDbText
 73
2
  0
LINE
  5
26F
330
17
100
AcDbEntity
  8
HORIZ
100
AcDbLine
 10
4863.446153846154
 20
20461.53846153846
 30
0.0
 11
7136.553846153846
 21
20461.53846153846
 31
0.0
  0
TEXT
  5
270
330
17
100
AcDbEntity
  8
TEXT
100
AcDbText
 10
6000.0
 20
20515.53846153846
 30
0.0
 40
90.0
  1
M0234
 72
1
 11
6000.0
 21
20515.53846153846
 31
0.0
100
AcDbText
 73
2
  0
LINE
  5
271
330
17
100
AcDbEntity
  8
HORIZ
100
AcDbLine
 10
7184.676923076922
 20
21707.69230769231
 30
0.0
 11
4815.323076923078
 21
21707.69230769231
 31
0.0
  0
TEXT
  5
272
330
17
100
AcDbEntity
  8
TEXT
100
AcDbText
 10
6000.0
 20
21761.69230769231
 30
0.0
 40
90.0
  1
M0235
 72
1
 11
6000.0
 21
21761.69230769231
 31
0.0
100
AcDbText
 73
2
  0
LINE
  5
273
330
17
100
AcDbEntity
  8
HORIZ
100
AcDbLine
 10
4990.83076923077
 20
21707.69230769231
 30
0.0
 11
7009.16923076923
 21
21707.69230769231
 31
0.0
  0
TEXT
  5
274
330
17
100
AcDbEntity
  8
TEXT
100
AcDbText
 10
6000.0
 20
21761.69230769231
 30
0.0
 40
90.0
  1
M0236
 72
1
 11
6000.0
 21
21761.69230769231
 31
0.0
100
AcDbText
 73
2
  0
LINE
  5
275
330
17
100
AcDbEntity
  8
HORIZ
100
AcDbLine
 10
7035.138461538461
 20
22953.846153846156
 30
0.0
 11
4964.861538461539
 21
22953.846153846156
 31
0.0
  0
TEXT
  5
276
330
17
100
AcDbEntity
  8
TEXT
100
AcDbText
 10
6000.0
 20
23007.846153846156
 30
0.0
 40
90.0
  1
M0237
 72
1
 11
6000.0
 21
23007.846153846156
 31
0.0
100
AcDbText
 73
2
  0
LINE
  5
277
330
17
100
AcDbEntity
  8
HORIZ
100
AcDbLine
 10
5118.215384615385
 20
22953.846153846156
 30
0.0
 11
6881.784615384615
 21
22953.846153846156
 31
0.0
  0
TEXT
  5
278
330
17
100
AcDbEntity
  8
TEXT
100
AcDbText
 10
6000.0
 20
23007.846153846156
 30
0.0
 40
90.0
  1
M0238
 72
1
 11
6000.0
 21
23007.846153846156
 31
0.0
100
AcDbText
 73
2
  0
LINE
  5
279
330
17
100
AcDbEntity
  8
HORIZ
100
AcDbLine
 10
6885.6
 20
24200.0
 30
0.0
 11
5114.4
 21
24200.0
 31
0.0
  0
TEXT
  5
27A
330
17
100
AcDbEntity
  8
TEXT
100
AcDbText
 10
6000.0
 20
24254.0
 30
0.0
 40
90.0
  1
M0239
 72
1
 11
6000.0
 21
24254.0
 31
0.0
100
AcDbText
 73
2
  0
LINE
  5
27B
330
17
100
AcDbEntity
  8
HORIZ
100
AcDbLine
 10
5245.6
 20
24200.0
 30
0.0
 11
6754.4
 21
24200.0
 31
0.0
  0
TEXT
  5
27C
330
17
100
AcDbEntity
  8
TEXT
100
AcDbText
 10
6000.0
 20
24254.0
 30
0.0
 40
90.0
  1
M0240
 72
1
 11
6000.0
 21
24254.0
 31
0.0
100
AcDbText
 73
2
  0
LINE
  5
27D
330
17
100
AcDbEntity
  8
KNEE
100
AcDbLine
 10
8829.6
 20
8000.0
 30
0.0
 11
8603.232
 21
8685.384615384615
 31
0.0
  0
TEXT
  5
27E
330
17
100
AcDbEntity
  8
TEXT
100
AcDbText
 10
8716.416000000001
 20
8396.692307692309
 30
0.0
 40
90.0
  1
M0241
 72
1
 11
8716.416000000001
 21
8396.692307692309
 31
0.0
100
AcDbText
 73
2
  0
LINE
  5
27F
330
17
100
AcDbEntity
  8
KNEE
100
AcDbLine
 10
8603.232
 20
8685.384615384615
 30
0.0
 11
8680.061538461538
 21
9246.153846153846
 31
0.0
  0
TEXT
  5
280
330
17
100
AcDbEntity
  8
TEXT
100
AcDbText
 10
8641.646769230769
 20
9019.76923076923
 30
0.0
 40
90.0
  1
M0242
 72
1
 11
8641.646769230769
 21
9019.76923076923
 31
0.0
100
AcDbText
 73
2
  0
LINE
  5
281
330
17
100
AcDbEntity
  8
KNEE
100
AcDbLine
 10
3589.6
 20
8000.0
 30
0.0
 11
3782.432
 21
8685.384615384615
 31
0.0
  0
TEXT
  5
282
330
17
100
AcDbEntity
  8
TEXT
100
AcDbText
 10
3686.0159999999996
 20
8396.692307692309
 30
0.0
 40
90.0
  1
M0243
 72
1
 11
3686.0159999999996
 21
8396.692307692309
 31
0.0
100
AcDbText
 73
2
  0
LINE
  5
283
330
17
100
AcDbEntity
  8
KNEE
100
AcDbLine
 10
3782.432
 20
8685.384615384615
 30
0.0
 11
3716.9846153846156
 21
9246.153846153846
 31
0.0
  0
TEXT
  5
284
330
17
100
AcDbEntity
  8
TEXT
100
AcDbText
 10
3749.7083076923077
 20
9019.76923076923
 30
0.0
 40
90.0
  1
M0244
 72
1
 11
3749.7083076923077
 21
9019.76923076923
 31
0.0
100
AcDbText
 73
2
  0
LINE
  5
285
330
17
100
AcDbEntity
  8
KNEE
100
AcDbLine
 10
3170.4
 20
8000.0
 30
0.0
 11
3396.768
 21
8685.384615384615
 31
0.0
  0
TEXT
  5
286
330
17
100
AcDbEntity
  8
TEXT
100
AcDbText
 10
3283.584
 20
8396.692307692309
 30
0.0
 40
90.0
  1
M0245
 72
1
 11
3283.584
 21
8396.692307692309
 31
0.0
100
AcDbText
 73
2
  0
LINE
  5
287
330
17
100
AcDbEntity
  8
KNEE
100
AcDbLine
 10
3396.768
 20
8685.384615384615
 30
0.0
 11
3319.9384615384615
 21
9246.153846153846
 31
0.0
  0
TEXT
  5
288
330
17
100
AcDbEntity
  8
TEXT
100
AcDbText
 10
3358.353230769231
 20
9019.76923076923
 30
0.0
 40
90.0
  1
M0246
 72
1
 11
3358.353230769231
 21
9019.76923076923
 31
0.0
100
AcDbText
 73
2
  0
LINE
  5
289
330
17
100
AcDbEntity
  8
KNEE
100
AcDbLine
 10
8410.4
 20
8000.0
 30
0.0
 11
8217.568
 21
8685.384615384615
 31
0.0
  0
TEXT
  5
28A
330
17
100
AcDbEntity
  8
TEXT
100
AcDbText
 10
8313.984
 20
8396.692307692309
 30
0.0
 40
90.0
  1
M0247
 72
1
 11
8313.984
 21
8396.692307692309
 31
0.0
100
AcDbText
 73
2
  0
LINE
  5
28B
330
17
100
AcDbEntity
  8
KNEE
100
AcDbLine
 10
8217.568
 20
8685.384615384615
 30
0.0
 11
8283.015384615384
 21
9246.153846153846
 31
0.0
  0
TEXT
  5
28C
330
17
100
AcDbEntity
  8
TEXT
100
AcDbText
 10
8250.291692307692
 20
9019.76923076923
 30
0.0
 40
90.0
  1
M0248
 72
1
 11
8250.291692307692
 21
9019.76923076923
 31
0.0
100
AcDbText
 73
2
  0
LINE
  5
28D
330
17
100
AcDbEntity
  8
CROSS
100
AcDbLine
 10
6885.6
 20
24200.0
 30
0.0
 11
6820.0
 21
24200.0
 31
0.0
  0
TEXT
  5
28E
330
17
100
AcDbEntity
  8
TEXT
100
AcDbText
 10
6852.8
 20
24254.0
 30
0.0
 40
90.0
  1
M0249
 72
1
 11
6852.8
 21
24254.0
 31
0.0
100
AcDbText
 73
2
  0
LINE
  5
28F
330
17
100
AcDbEntity
  8
CROSS
100
AcDbLine
 10
6754.4
 20
24200.0
 30
0.0
 11
6820.0
 21
24200.0
 31
0.0
  0
TEXT
  5
290
330
17
100
AcDbEntity
  8
TEXT
100
AcDbText
 10
6787.2
 20
24254.0
 30
0.0
 40
90.0
  1
M0250
 72
1
 11
6787.2
 21
24254.0
 31
0.0
100
AcDbText
 73
2
  0
LINE
  5
291
330
17
100
AcDbEntity
  8
CROSS
100
AcDbLine
 10
5245.6
 20
24200.0
 30
0.0
 11
5180.0
 21
24200.0
 31
0.0
  0
TEXT
  5
292
330
17
100
AcDbEntity
  8
TEXT
100
AcDbText
 10
5212.8
 20
24254.0
 30
0.0
 40
90.0
  1
M0251
 72
1
 11
5212.8
 21
24254.0
 31
0.0
100
AcDbText
 73
2
  0
LINE
  5
293
330
17
100
AcDbEntity
  8
CROSS
100
AcDbLine
 10
5114.4
 20
24200.0
 30
0.0
 11
5180.0
 21
24200.0
 31
0.0
  0
TEXT
  5
294
330
17
100
AcDbEntity
  8
TEXT
100
AcDbText
 10
5147.2
 20
24254.0
 30
0.0
 40
90.0
  1
M0252
 72
1
 11
5147.2
 21
24254.0
 31
0.0
100
AcDbText
 73
2
  0
LINE
  5
295
330
17
100
AcDbEntity
  8
CROSS
100
AcDbLine
 10
5180.0
 20
24200.0
 30
0.0
 11
1500.0
 21
24200.0
 31
0.0
  0
TEXT
  5
296
330
17
100
AcDbEntity
  8
TEXT
100
AcDbText
 10
3340.0
 20
24254.0
 30
0.0
 40
90.0
  1
M0253
 72
1
 11
3340.0
 21
24254.0
 31
0.0
100
AcDbText
 73
2
  0
LINE
  5
297
330
17
100
AcDbEntity
  8
CROSS
100
AcDbLine
 10
1500.0
 20
24200.0
 30
0.0
 11
-500.0
 21
24200.0
 31
0.0
  0
TEXT
  5
298
330
17
100
AcDbEntity
  8
TEXT
100
AcDbText
 10
500.0
 20
24254.0
 30
0.0
 40
90.0
  1
M0254
 72
1
 11
500.0
 21
24254.0
 31
0.0
100
AcDbText
 73
2
  0
LINE
  5
299
330
17
100
AcDbEntity
  8
CROSS
100
AcDbLine
 10
6820.0
 20
24200.0
 30
0.0
 11
10500.0
 21
24200.0
 31
0.0
  0
TEXT
  5
29A
330
17
100
AcDbEntity
  8
TEXT
100
AcDbText
 10
8660.0
 20
24254.0
 30
0.0
 40
90.0
  1
M0255
 72
1
 11
8660.0
 21
24254.0
 31
0.0
100
AcDbText
 73
2
  0
LINE
  5
29B
330
17
100
AcDbEntity
  8
CROSS
100
AcDbLine
 10
10500.0
 20
24200.0
 30
0.0
 11
12500.0
 21
24200.0
 31
0.0
  0
TEXT
  5
29C
330
17
100
AcDbEntity
  8
TEXT
100
AcDbText
 10
11500.0
 20
24254.0
 30
0.0
 40
90.0
  1
M0256
 72
1
 11
11500.0
 21
24254.0
 31
0.0
100
AcDbText
 73
2
  0
LINE
  5
29D
330
17
100
AcDbEntity
  8
DIAG
100
AcDbLine
 10
7035.138461538461
 20
22953.846153846156
 30
0.0
 11
10500.0
 21
24200.0
 31
0.0
  0
TEXT
  5
29E
330
17
100
AcDbEntity
  8
TEXT
100
AcDbText
 10
8767.56923076923
 20
23630.923076923078
 30
0.0
 40
90.0
  1
M0257
 72
1
 11
8767.56923076923
 21
23630.923076923078
 31
0.0
100
AcDbText
 73
2
  0
LINE
  5
29F
330
17
100
AcDbEntity
  8
DIAG
100
AcDbLine
 10
6881.784615384615
 20
22953.846153846156
 30
0.0
 11
10500.0
 21
24200.0
 31
0.0
  0
TEXT
  5
2A0
330
17
100
AcDbEntity
  8
TEXT
100
AcDbText
 10
8690.892307692307
 20
23630.923076923078
 30
0.0
 40
90.0
  1
M0258
 72
1
 11
8690.892307692307
 21
23630.923076923078
 31
0.0
100
AcDbText
 73
2
  0
LINE
  5
2A1
330
17
100
AcDbEntity
  8
DIAG
100
AcDbLine
 10
5118.215384615385
 20
22953.846153846156
 30
0.0
 11
1500.0
 21
24200.0
 31
0.0
  0
TEXT
  5
2A2
330
17
100
AcDbEntity
  8
TEXT
100
AcDbText
 10
3309.1076923076926
 20
23630.923076923078
 30
0.0
 40
90.0
  1
M0259
 72
1
 11
3309.1076923076926
 21
23630.923076923078
 31
0.0
100
AcDbText
 73
2
  0
LINE
  5
2A3
330
17
100
AcDbEntity
  8
DIAG
100
AcDbLine
 10
4964.861538461539
 20
22953.846153846156
 30
0.0
 11
1500.0
 21
24200.0
 31
0.0
  0
TEXT
  5
2A4
330
17
100
AcDbEntity
  8
TEXT
100
AcDbText
 10
3232.4307692307693
 20
23630.923076923078
 30
0.0
 40
90.0
  1
M0260
 72
1
 11
3232.4307692307693
 21
23630.923076923078
 31
0.0
100
AcDbText
 73
2
  0
LINE
  5
2A5
330
17
100
AcDbEntity
  8
DIAG
100
AcDbLine
 10
1500.0
 20
24200.0
 30
0.0
 11
-500.0
 21
24200.0
 31
0.0
  0
TEXT
  5
2A6
330
17
100
AcDbEntity
  8
TEXT
100
AcDbText
 10
500.0
 20
24254.0
 30
0.0
 40
90.0
  1
M0261
 72
1
 11
500.0
 21
24254.0
 31
0.0
100
AcDbText
 73
2
  0
LINE
  5
2A7
330
17
100
AcDbEntity
  8
DIAG
100
AcDbLine
 10
5180.0
 20
24200.0
 30
0.0
 11
-500.0
 21
24200.0
 31
0.0
  0
TEXT
  5
2A8
330
17
100
AcDbEntity
  8
TEXT
100
AcDbText
 10
2340.0
 20
24254.0
 30
0.0
 40
90.0
  1
M0262
 72
1
 11
2340.0
 21
24254.0
 31
0.0
100
AcDbText
 73
2
  0
LINE
  5
2A9
330
17
100
AcDbEntity
  8
DIAG
100
AcDbLine
 10
10500.0
 20
24200.0
 30
0.0
 11
12500.0
 21
24200.0
 31
0.0
  0
TEXT
  5
2AA
330
17
100
AcDbEntity
  8
TEXT
100
AcDbText
 10
11500.0
 20
24254.0
 30
0.0
 40
90.0
  1
M0263
 72
1
 11
11500.0
 21
24254.0
 31
0.0
100
AcDbText
 73
2
  0
LINE
  5
2AB
330
17
100
AcDbEntity
  8
DIAG
100
AcDbLine
 10
6820.0
 20
24200.0
 30
0.0
 11
12500.0
 21
24200.0
 31
0.0
  0
TEXT
  5
2AC
330
17
100
AcDbEntity
  8
TEXT
100
AcDbText
 10
9660.0
 20
24254.0
 30
0.0
 40
90.0
  1
M0264
 72
1
 11
9660.0
 21
24254.0
 31
0.0
100
AcDbText
 73
2
  0
LINE
  5
2AD
330
17
100
AcDbEntity
  8
CROSS
100
AcDbLine
 10
-500.0
 20
24200.0
 30
0.0
 11
500.0
 21
22400.0
 31
0.0
  0
TEXT
  5
2AE
330
17
100
AcDbEntity
  8
TEXT
100
AcDbText
 10
0.0
 20
23354.0
 30
0.0
 40
90.0
  1
M0265
 72
1
 11
0.0
 21
23354.0
 31
0.0
100
AcDbText
 73
2
  0
LINE
  5
2AF
330
17
100
AcDbEntity
  8
CROSS
100
AcDbLine
 10
500.0
 20
22400.0
 30
0.0
 11
1500.0
 21
24200.0
 31
0.0
  0
TEXT
  5
2B0
330
17
100
AcDbEntity
  8
TEXT
100
AcDbText
 10
1000.0
 20
23354.0
 30
0.0
 40
90.0
  1
M0266
 72
1
 11
1000.0
 21
23354.0
 31
0.0
100
AcDbText
 73
2
  0
LINE
  5
2B1
330
17
100
AcDbEntity
  8
CROSS
100
AcDbLine
 10
12500.0
 20
24200.0
 30
0.0
 11
11500.0
 21
22400.0
 31
0.0
  0
TEXT
  5
2B2
330
17
100
AcDbEntity
  8
TEXT
100
AcDbText
 10
12000.0
 20
23354.0
 30
0.0
 40
90.0
  1
M0267
 72
1
 11
12000.0
 21
23354.0
 31
0.0
100
AcDbText
 73
2
  0
LINE
  5
2B3
330
17
100
AcDbEntity
  8
CROSS
100
AcDbLine
 10
11500.0
 20
22400.0
 30
0.0
 11
10500.0
 21
24200.0
 31
0.0
  0
TEXT
  5
2B4
330
17
100
AcDbEntity
  8
TEXT
100
AcDbText
 10
11000.0
 20
23354.0
 30
0.0
 40
90.0
  1
M0268
 72
1
 11
11000.0
 21
23354.0
 31
0.0
100
AcDbText
 73
2
  0
LINE
  5
2B5
330
17
100
AcDbEntity
  8
HEAD
100
AcDbLine
 10
6885.6
 20
24200.0
 30
0.0
 11
6702.0
 21
25500.0
 31
0.0
  0
TEXT
  5
2B6
330
17
100
AcDbEntity
  8
TEXT
100
AcDbText
 10
6793.8
 20
24904.0
 30
0.0
 40
90.0
  1
M0269
 72
1
 11
6793.8
 21
24904.0
 31
0.0
100
AcDbText
 73
2
  0
LINE
  5
2B7
330
17
100
AcDbEntity
  8
HEAD
100
AcDbLine
 10
5245.6
 20
24200.0
 30
0.0
 11
5402.0
 21
25500.0
 31
0.0
  0
TEXT
  5
2B8
330
17
100
AcDbEntity
  8
TEXT
100
AcDbText
 10
5323.8
 20
24904.0
 30
0.0
 40
90.0
  1
M0270
 72
1
 11
5323.8
 21
24904.0
 31
0.0
100
AcDbText
 73
2
  0
LINE
  5
2B9
330
17
100
AcDbEntity
  8
HEAD
100
AcDbLine
 10
5114.4
 20
24200.0
 30
0.0
 11
5298.0
 21
25500.0
 31
0.0
  0
TEXT
  5
2BA
330
17
100
AcDbEntity
  8
TEXT
100
AcDbText
 10
5206.2
 20
24904.0
 30
0.0
 40
90.0
  1
M0271
 72
1
 11
5206.2
 21
24904.0
 31
0.0
100
AcDbText
 73
2
  0
LINE
  5
2BB
330
17
100
AcDbEntity
  8
HEAD
100
AcDbLine
 10
6754.4
 20
24200.0
 30
0.0
 11
6598.0
 21
25500.0
 31
0.0
  0
TEXT
  5
2BC
330
17
100
AcDbEntity
  8
TEXT
100
AcDbText
 10
6676.2
 20
24904.0
 30
0.0
 40
90.0
  1
M0272
 72
1
 11
6676.2
 21
24904.0
 31
0.0
100
AcDbText
 73
2
  0
LINE
  5
2BD
330
17
100
AcDbEntity
  8
HEAD
100
AcDbLine
 10
6702.0
 20
25500.0
 30
0.0
 11
6518.4
 21
26800.0
 31
0.0
  0
TEXT
  5
2BE
330
17
100
AcDbEntity
  8
TEXT
100
AcDbText
 10
6610.2
 20
26204.0
 30
0.0
 40
90.0
  1
M0273
 72
1
 11
6610.2
 21
26204.0
 31
0.0
100
AcDbText
 73
2
  0
LINE
  5
2BF
330
17
100
AcDbEntity
  8
HEAD
100
AcDbLine
 10
5402.0
 20
25500.0
 30
0.0
 11
5558.4
 21
26800.0
 31
0.0
  0
TEXT
  5
2C0
330
17
100
AcDbEntity
  8
TEXT
100
AcDbText
 10
5480.2
 20
26204.0
 30
0.0
 40
90.0
  1
M0274
 72
1
 11
5480.2
 21
26204.0
 31
0.0
100
AcDbText
 73
2
  0
LINE
  5
2C1
330
17
100
AcDbEntity
  8
HEAD
100
AcDbLine
 10
5298.0
 20
25500.0
 30
0.0
 11
5481.6
 21
26800.0
 31
0.0
  0
TEXT
  5
2C2
330
17
100
AcDbEntity
  8
TEXT
100
AcDbText
 10
5389.8
 20
26204.0
 30
0.0
 40
90.0
  1
M0275
 72
1
 11
5389.8
 21
26204.0
 31
0.0
100
AcDbText
 73
2
  0
LINE
  5
2C3
330
17
100
AcDbEntity
  8
HEAD
100
AcDbLine
 10
6598.0
 20
25500.0
 30
0.0
 11
6441.6
 21
26800.0
 31
0.0
  0
TEXT
  5
2C4
330
17
100
AcDbEntity
  8
TEXT
100
AcDbText
 10
6519.8
 20
26204.0
 30
0.0
 40
90.0
  1
M0276
 72
1
 11
6519.8
 21
26204.0
 31
0.0
100
AcDbText
 73
2
  0
LINE
  5
2C5
330
17
100
AcDbEntity
  8
HEAD
100
AcDbLine
 10
6518.4
 20
26800.0
 30
0.0
 11
6345.6
 21
27500.0
 31
0.0
  0
TEXT
  5
2C6
330
17
100
AcDbEntity
  8
TEXT
100
AcDbText
 10
6432.0
 20
27204.0
 30
0.0
 40
90.0
  1
M0277
 72
1
 11
6432.0
 21
27204.0
 31
0.0
100
AcDbText
 73
2
  0
LINE
  5
2C7
330
17
100
AcDbEntity
  8
HEAD
100
AcDbLine
 10
5558.4
 20
26800.0
 30
0.0
 11
5705.6
 21
27500.0
 31
0.0
  0
TEXT
  5
2C8
330
17
100
AcDbEntity
  8
TEXT
100
AcDbText
 10
5632.0
 20
27204.0
 30
0.0
 40
90.0
  1
M0278
 72
1
 11
5632.0
 21
27204.0
 31
0.0
100
AcDbText
 73
2
  0
LINE
  5
2C9
330
17
100
AcDbEntity
  8
HEAD
100
AcDbLine
 10
5481.6
 20
26800.0
 30
0.0
 11
5654.4
 21
27500.0
 31
0.0
  0
TEXT
  5
2CA
330
17
100
AcDbEntity
  8
TEXT
100
AcDbText
 10
5568.0
 20
27204.0
 30
0.0
 40
90.0
  1
M0279
 72
1
 11
5568.0
 21
27204.0
 31
0.0
100
AcDbText
 73
2
  0
LINE
  5
2CB
330
17
100
AcDbEntity
  8
HEAD
100
AcDbLine
 10
6441.6
 20
26800.0
 30
0.0
 11
6294.4
 21
27500.0
 31
0.0
  0
TEXT
  5
2CC
330
17
100
AcDbEntity
  8
TEXT
100
AcDbText
 10
6368.0
 20
27204.0
 30
0.0
 40
90.0
  1
M0280
 72
1
 11
6368.0
 21
27204.0
 31
0.0
100
AcDbText
 73
2
  0
LINE
  5
2CD
330
17
100
AcDbEntity
  8
DIAG
100
AcDbLine
 10
6702.0
 20
25500.0
 30
0.0
 11
5402.0
 21
25500.0
 31
0.0
  0
TEXT
  5
2CE
330
17
100
AcDbEntity
  8
TEXT
100
AcDbText
 10
6052.0
 20
25554.0
 30
0.0
 40
90.0
  1
M0281
 72
1
 11
6052.0
 21
25554.0
 31
0.0
100
AcDbText
 73
2
  0
LINE
  5
2CF
330
17
100
AcDbEntity
  8
DIAG
100
AcDbLine
 10
5402.0
 20
25500.0
 30
0.0
 11
5298.0
 21
25500.0
 31
0.0
  0
TEXT
  5
2D0
330
17
100
AcDbEntity
  8
TEXT
100
AcDbText
 10
5350.0
 20
25554.0
 30
0.0
 40
90.0
  1
M0282
 72
1
 11
5350.0
 21
25554.0
 31
0.0
100
AcDbText
 73
2
  0
LINE
  5
2D1
330
17
100
AcDbEntity
  8
DIAG
100
AcDbLine
 10
5298.0
 20
25500.0
 30
0.0
 11
6598.0
 21
25500.0
 31
0.0
  0
TEXT
  5
2D2
330
17
100
AcDbEntity
  8
TEXT
100
AcDbText
 10
5948.0
 20
25554.0
 30
0.0
 40
90.0
  1
M0283
 72
1
 11
5948.0
 21
25554.0
 31
0.0
100
AcDbText
 73
2
  0
LINE
  5
2D3
330
17
100
AcDbEntity
  8
DIAG
100
AcDbLine
 10
6598.0
 20
25500.0
 30
0.0
 11
6702.0
 21
25500.0
 31
0.0
  0
TEXT
  5
2D4
330
17
100
AcDbEntity
  8
TEXT
100
AcDbText
 10
6650.0
 20
25554.0
 30
0.0
 40
90.0
  1
M0284
 72
1
 11
6650.0
 21
25554.0
 31
0.0
100
AcDbText
 73
2
  0
LINE
  5
2D5
330
17
100
AcDbEntity
  8
DIAG
100
AcDbLine
 10
6518.4
 20
26800.0
 30
0.0
 11
5558.4
 21
26800.0
 31
0.0
  0
TEXT
  5
2D6
330
17
100
AcDbEntity
  8
TEXT
100
AcDbText
 10
6038.4
 20
26854.0
 30
0.0
 40
90.0
  1
M0285
 72
1
 11
6038.4
 21
26854.0
 31
0.0
100
AcDbText
 73
2
  0
LINE
  5
2D7
330
17
100
AcDbEntity
  8
DIAG
100
AcDbLine
 10
5558.4
 20
26800.0
 30
0.0
 11
5481.6
 21
26800.0
 31
0.0
  0
TEXT
  5
2D8
330
17
100
AcDbEntity
  8
TEXT
100
AcDbText
 10
5520.0
 20
26854.0
 30
0.0
 40
90.0
  1
M0286
 72
1
 11
5520.0
 21
26854.0
 31
0.0
100
AcDbText
 73
2
  0
LINE
  5
2D9
330
17
100
AcDbEntity
  8
DIAG
100
AcDbLine
 10
5481.6
 20
26800.0
 30
0.0
 11
6441.6
 21
26800.0
 31
0.0
  0
TEXT
  5
2DA
330
17
100
AcDbEntity
  8
TEXT
100
AcDbText
 10
5961.6
 20
26854.0
 30
0.0
 40
90.0
  1
M0287
 72
1
 11
5961.6
 21
26854.0
 31
0.0
100
AcDbText
 73
2
  0
LINE
  5
2DB
330
17
100
AcDbEntity
  8
DIAG
100
AcDbLine
 10
6441.6
 20
26800.0
 30
0.0
 11
6518.4
 21
26800.0
 31
0.0
  0
TEXT
  5
2DC
330
17
100
AcDbEntity
  8
TEXT
100
AcDbText
 10
6480.0
 20
26854.0
 30
0.0
 40
90.0
  1
M0288
 72
1
 11
6480.0
 21
26854.0
 31
0.0
100
AcDbText
 73
2
  0
LINE
  5
2DD
330
17
100
AcDbEntity
  8
DIAG
100
AcDbLine
 10
6345.6
 20
27500.0
 30
0.0
 11
5705.6
 21
27500.0
 31
0.0
  0
TEXT
  5
2DE
330
17
100
AcDbEntity
  8
TEXT
100
AcDbText
 10
6025.6
 20
27554.0
 30
0.0
 40
90.0
  1
M0289
 72
1
 11
6025.6
 21
27554.0
 31
0.0
100
AcDbText
 73
2
  0
LINE
  5
2DF
330
17
100
AcDbEntity
  8
DIAG
100
AcDbLine
 10
5705.6
 20
27500.0
 30
0.0
 11
5654.4
 21
27500.0
 31
0.0
  0
TEXT
  5
2E0
330
17
100
AcDbEntity
  8
TEXT
100
AcDbText
 10
5680.0
 20
27554.0
 30
0.0
 40
90.0
  1
M0290
 72
1
 11
5680.0
 21
27554.0
 31
0.0
100
AcDbText
 73
2
  0
LINE
  5
2E1
330
17
100
AcDbEntity
  8
DIAG
100
AcDbLine
 10
5654.4
 20
27500.0
 30
0.0
 11
6294.4
 21
27500.0
 31
0.0
  0
TEXT
  5
2E2
330
17
100
AcDbEntity
  8
TEXT
100
AcDbText
 10
5974.4
 20
27554.0
 30
0.0
 40
90.0
  1
M0291
 72
1
 11
5974.4
 21
27554.0
 31
0.0
100
AcDbText
 73
2
  0
LINE
  5
2E3
330
17
100
AcDbEntity
  8
DIAG
100
AcDbLine
 10
6294.4
 20
27500.0
 30
0.0
 11
6345.6
 21
27500.0
 31
0.0
  0
TEXT
  5
2E4
330
17
100
AcDbEntity
  8
TEXT
100
AcDbText
 10
6320.0
 20
27554.0
 30
0.0
 40
90.0
  1
M0292
 72
1
 11
6320.0
 21
27554.0
 31
0.0
100
AcDbText
 73
2
  0
LINE
  5
2E5
330
17
100
AcDbEntity
  8
DIAG
100
AcDbLine
 10
6702.0
 20
25500.0
 30
0.0
 11
5558.4
 21
26800.0
 31
0.0
  0
TEXT
  5
2E6
330
17
100
AcDbEntity
  8
TEXT
100
AcDbText
 10
6130.2
 20
26204.0
 30
0.0
 40
90.0
  1
M0293
 72
1
 11
6130.2
 21
26204.0
 31
0.0
100
AcDbText
 73
2
  0
LINE
  5
2E7
330
17
100
AcDbEntity
  8
DIAG
100
AcDbLine
 10
5402.0
 20
25500.0
 30
0.0
 11
6518.4
 21
26800.0
 31
0.0
  0
TEXT
  5
2E8
330
17
100
AcDbEntity
  8
TEXT
100
AcDbText
 10
5960.2
 20
26204.0
 30
0.0
 40
90.0
  1
M0294
 72
1
 11
5960.2
 21
26204.0
 31
0.0
100
AcDbText
 73
2
  0
LINE
  5
2E9
330
17
100
AcDbEntity
  8
DIAG
100
AcDbLine
 10
5402.0
 20
25500.0
 30
0.0
 11
5481.6
 21
26800.0
 31
0.0
  0
TEXT
  5
2EA
330
17
100
AcDbEntity
  8
TEXT
100
AcDbText
 10
5441.8
 20
26204.0
 30
0.0
 40
90.0
  1
M0295
 72
1
 11
5441.8
 21
26204.0
 31
0.0
100
AcDbText
 73
2
  0
LINE
  5
2EB
330
17
100
AcDbEntity
  8
DIAG
100
AcDbLine
 10
5298.0
 20
25500.0
 30
0.0
 11
5558.4
 21
26800.0
 31
0.0
  0
TEXT
  5
2EC
330
17
100
AcDbEntity
  8
TEXT
100
AcDbText
 10
5428.2
 20
26204.0
 30
0.0
 40
90.0
  1
M0296
 72
1
 11
5428.2
 21
26204.0
 31
0.0
100
AcDbText
 73
2
  0
LINE
  5
2ED
330
17
100
AcDbEntity
  8
DIAG
100
AcDbLine
 10
5298.0
 20
25500.0
 30
0.0
 11
6441.6
 21
26800.0
 31
0.0
  0
TEXT
  5
2EE
330
17
100
AcDbEntity
  8
TEXT
100
AcDbText
 10
5869.8
 20
26204.0
 30
0.0
 40
90.0
  1
M0297
 72
1
 11
5869.8
 21
26204.0
 31
0.0
100
AcDbText
 73
2
  0
LINE
  5
2EF
330
17
100
AcDbEntity
  8
DIAG
100
AcDbLine
 10
6598.0
 20
25500.0
 30
0.0
 11
5481.6
 21
26800.0
 31
0.0
  0
TEXT
  5
2F0
330
17
100
AcDbEntity
  8
TEXT
100
AcDbText
 10
6039.8
 20
26204.0
 30
0.0
 40
90.0
  1
M0298
 72
1
 11
6039.8
 21
26204.0
 31
0.0
100
AcDbText
 73
2
  0
LINE
  5
2F1
330
17
100
AcDbEntity
  8
DIAG
100
AcDbLine
 10
6598.0
 20
25500.0
 30
0.0
 11
6518.4
 21
26800.0
 31
0.0
  0
TEXT
  5
2F2
330
17
100
AcDbEntity
  8
TEXT
100
AcDbText
 10
6558.2
 20
26204.0
 30
0.0
 40
90.0
  1
M0299
 72
1
 11
6558.2
 21
26204.0
 31
0.0
100
AcDbText
 73
2
  0
LINE
  5
2F3
330
17
100
AcDbEntity
  8
DIAG
100
AcDbLine
 10
6702.0
 20
25500.0
 30
0.0
 11
6441.6
 21
26800.0
 31
0.0
  0
TEXT
  5
2F4
330
17
100
AcDbEntity
  8
TEXT
100
AcDbText
 10
6571.8
 20
26204.0
 30
0.0
 40
90.0
  1
M0300
 72
1
 11
6571.8
 21
26204.0
 31
0.0
100
AcDbText
 73
2
  0
LINE
  5
2F5
330
17
100
AcDbEntity
  8
DIAG
100
AcDbLine
 10
6518.4
 20
26800.0
 30
0.0
 11
5705.6
 21
27500.0
 31
0.0
  0
TEXT
  5
2F6
330
17
100
AcDbEntity
  8
TEXT
100
AcDbText
 10
6112.0
 20
27204.0
 30
0.0
 40
90.0
  1
M0301
 72
1
 11
6112.0
 21
27204.0
 31
0.0
100
AcDbText
 73
2
  0
LINE
  5
2F7
330
17
100
AcDbEntity
  8
DIAG
100
AcDbLine
 10
5558.4
 20
26800.0
 30
0.0
 11
6345.6
 21
27500.0
 31
0.0
  0
TEXT
  5
2F8
330
17
100
AcDbEntity
  8
TEXT
100
AcDbText
 10
5952.0
 20
27204.0
 30
0.0
 40
90.0
  1
M0302
 72
1
 11
5952.0
 21
27204.0
 31
0.0
100
AcDbText
 73
2
  0
LINE
  5
2F9
330
17
100
AcDbEntity
  8
DIAG
100
AcDbLine
 10
5558.4
 20
26800.0
 30
0.0
 11
5654.4
 21
27500.0
 31
0.0
  0
TEXT
  5
2FA
330
17
100
AcDbEntity
  8
TEXT
100
AcDbText
 10
5606.4
 20
27204.0
 30
0.0
 40
90.0
  1
M0303
 72
1
 11
5606.4
 21
27204.0
 31
0.0
100
AcDbText
 73
2
  0
LINE
  5
2FB
330
17
100
AcDbEntity
  8
DIAG
100
AcDbLine
 10
5481.6
 20
26800.0
 30
0.0
 11
5705.6
 21
27500.0
 31
0.0
  0
TEXT
  5
2FC
330
17
100
AcDbEntity
  8
TEXT
100
AcDbText
 10
5593.6
 20
27204.0
 30
0.0
 40
90.0
  1
M0304
 72
1
 11
5593.6
 21
27204.0
 31
0.0
100
AcDbText
 73
2
  0
LINE
  5
2FD
330
17
100
AcDbEntity
  8
DIAG
100
AcDbLine
 10
5481.6
 20
26800.0
 30
0.0
 11
6294.4
 21
27500.0
 31
0.0
  0
TEXT
  5
2FE
330
17
100
AcDbEntity
  8
TEXT
100
AcDbText
 10
5888.0
 20
27204.0
 30
0.0
 40
90.0
  1
M0305
 72
1
 11
5888.0
 21
27204.0
 31
0.0
100
AcDbText
 73
2
  0
LINE
  5
2FF
330
17
100
AcDbEntity
  8
DIAG
100
AcDbLine
 10
6441.6
 20
26800.0
 30
0.0
 11
5654.4
 21
27500.0
 31
0.0
  0
TEXT
  5
300
330
17
100
AcDbEntity
  8
TEXT
100
AcDbText
 10
6048.0
 20
27204.0
 30
0.0
 40
90.0
  1
M0306
 72
1
 11
6048.0
 21
27204.0
 31
0.0
100
AcDbText
 73
2
  0
LINE
  5
301
330
17
100
AcDbEntity
  8
DIAG
100
AcDbLine
 10
6441.6
 20
26800.0
 30
0.0
 11
6345.6
 21
27500.0
 31
0.0
  0
TEXT
  5
302
330
17
100
AcDbEntity
  8
TEXT
100
AcDbText
 10
6393.6
 20
27204.0
 30
0.0
 40
90.0
  1
M0307
 72
1
 11
6393.6
 21
27204.0
 31
0.0
100
AcDbText
 73
2
  0
LINE
  5
303
330
17
100
AcDbEntity
  8
DIAG
100
AcDbLine
 10
6518.4
 20
26800.0
 30
0.0
 11
6294.4
 21
27500.0
 31
0.0
  0
TEXT
  5
304
330
17
100
AcDbEntity
  8
TEXT
100
AcDbText
 10
6406.4
 20
27204.0
 30
0.0
 40
90.0
  1
M0308
 72
1
 11
6406.4
 21
27204.0
 31
0.0
100
AcDbText
 73
2
  0
LINE
  5
305
330
17
100
AcDbEntity
  8
DIAG
100
AcDbLine
 10
6345.6
 20
27500.0
 30
0.0
 11
7400.0
 21
27500.0
 31
0.0
  0
TEXT
  5
306
330
17
100
AcDbEntity
  8
TEXT
100
AcDbText
 10
6872.8
 20
27554.0
 30
0.0
 40
90.0
  1
M0309
 72
1
 11
6872.8
 21
27554.0
 31
0.0
100
AcDbText
 73
2
  0
LINE
  5
307
330
17
100
AcDbEntity
  8
DIAG
100
AcDbLine
 10
5705.6
 20
27500.0
 30
0.0
 11
4600.0
 21
27500.0
 31
0.0
  0
TEXT
  5
308
330
17
100
AcDbEntity
  8
TEXT
100
AcDbText
 10
5152.8
 20
27554.0
 30
0.0
 40
90.0
  1
M0310
 72
1
 11
5152.8
 21
27554.0
 31
0.0
100
AcDbText
 73
2
  0
LINE
  5
309
330
17
100
AcDbEntity
  8
DIAG
100
AcDbLine
 10
4600.0
 20
27500.0
 30
0.0
 11
5100.0
 21
28200.0
 31
0.0
  0
TEXT
  5
30A
330
17
100
AcDbEntity
  8
TEXT
100
AcDbText
 10
4850.0
 20
27904.0
 30
0.0
 40
90.0
  1
M0311
 72
1
 11
4850.0
 21
27904.0
 31
0.0
100
AcDbText
 73
2
  0
LINE
  5
30B
330
17
100
AcDbEntity
  8
DIAG
100
AcDbLine
 10
7400.0
 20
27500.0
 30
0.0
 11
6900.0
 21
28200.0
 31
0.0
  0
TEXT
  5
30C
330
17
100
AcDbEntity
  8
TEXT
100
AcDbText
 10
7150.0
 20
27904.0
 30
0.0
 40
90.0
  1
M0312
 72
1
 11
7150.0
 21
27904.0
 31
0.0
100
AcDbText
 73
2
  0
LINE
  5
30D
330
17
100
AcDbEntity
  8
DIAG
100
AcDbLine
 10
5100.0
 20
28200.0
 30
0.0
 11
6000.0
 21
29000.0
 31
0.0
  0
TEXT
  5
30E
330
17
100
AcDbEntity
  8
TEXT
100
AcDbText
 10
5550.0
 20
28654.0
 30
0.0
 40
90.0
  1
M0313
 72
1
 11
5550.0
 21
28654.0
 31
0.0
100
AcDbText
 73
2
  0
LINE
  5
30F
330
17
100
AcDbEntity
  8
DIAG
100
AcDbLine
 10
6900.0
 20
28200.0
 30
0.0
 11
6000.0
 21
29000.0
 31
0.0
  0
TEXT
  5
310
330
17
100
AcDbEntity
  8
TEXT
100
AcDbText
 10
6450.0
 20
28654.0
 30
0.0
 40
90.0
  1
M0314
 72
1
 11
6450.0
 21
28654.0
 31
0.0
100
AcDbText
 73
2
  0
LINE
  5
311
330
17
100
AcDbEntity
  8
DIAG
100
AcDbLine
 10
6345.6
 20
27500.0
 30
0.0
 11
6900.0
 21
28200.0
 31
0.0
  0
TEXT
  5
312
330
17
100
AcDbEntity
  8
TEXT
100
AcDbText
 10
6622.8
 20
27904.0
 30
0.0
 40
90.0
  1
M0315
 72
1
 11
6622.8
 21
27904.0
 31
0.0
100
AcDbText
 73
2
  0
LINE
  5
313
330
17
100
AcDbEntity
  8
DIAG
100
AcDbLine
 10
5705.6
 20
27500.0
 30
0.0
 11
5100.0
 21
28200.0
 31
0.0
  0
TEXT
  5
314
330
17
100
AcDbEntity
  8
TEXT
100
AcDbText
 10
5402.8
 20
27904.0
 30
0.0
 40
90.0
  1
M0316
 72
1
 11
5402.8
 21
27904.0
 31
0.0
100
AcDbText
 73
2
  0
CIRCLE
  5
315
330
17
100
AcDbEntity
  8
NODE
100
AcDbCircle
 10
8829.6
 20
8000.0
 30
0.0
 40
40.0
  0
CIRCLE
  5
316
330
17
100
AcDbEntity
  8
NODE
100
AcDbCircle
 10
3589.6
 20
8000.0
 30
0.0
 40
40.0
  0
CIRCLE
  5
317
330
17
100
AcDbEntity
  8
NODE
100
AcDbCircle
 10
3170.4
 20
8000.0
 30
0.0
 40
40.0
  0
CIRCLE
  5
318
330
17
100
AcDbEntity
  8
NODE
100
AcDbCircle
 10
8410.4
 20
8000.0
 30
0.0
 40
40.0
  0
CIRCLE
  5
319
330
17
100
AcDbEntity
  8
NODE
100
AcDbCircle
 10
8680.061538461538
 20
9246.153846153846
 30
0.0
 40
40.0
  0
CIRCLE
  5
31A
330
17
100
AcDbEntity
  8
NODE
100
AcDbCircle
 10
3716.9846153846156
 20
9246.153846153846
 30
0.0
 40
40.0
  0
CIRCLE
  5
31B
330
17
100
AcDbEntity
  8
NODE
100
AcDbCircle
 10
3319.9384615384615
 20
9246.153846153846
 30
0.0
 40
40.0
  0
CIRCLE
  5
31C
330
17
100
AcDbEntity
  8
NODE
100
AcDbCircle
 10
8283.015384615384
 20
9246.153846153846
 30
0.0
 40
40.0
  0
CIRCLE
  5
31D
330
17
100
AcDbEntity
  8
NODE
100
AcDbCircle
 10
8530.523076923077
 20
10492.307692307691
 30
0.0
 40
40.0
  0
CIRCLE
  5
31E
330
17
100
AcDbEntity
  8
NODE
100
AcDbCircle
 10
3844.369230769231
 20
10492.307692307691
 30
0.0
 40
40.0
  0
CIRCLE
  5
31F
330
17
100
AcDbEntity
  8
NODE
100
AcDbCircle
 10
3469.4769230769234
 20
10492.307692307691
 30
0.0
 40
40.0
  0
CIRCLE
  5
320
330
17
100
AcDbEntity
  8
NODE
100
AcDbCircle
 10
8155.630769230768
 20
10492.307692307691
 30
0.0
 40
40.0
  0
CIRCLE
  5
321
330
17
100
AcDbEntity
  8
NODE
100
AcDbCircle
 10
8380.984615384616
 20
11738.461538461539
 30
0.0
 40
40.0
  0
CIRCLE
  5
322
330
17
100
AcDbEntity
  8
NODE
100
AcDbCircle
 10
3971.753846153846
 20
11738.461538461539
 30
0.0
 40
40.0
  0
CIRCLE
  5
323
330
17
100
AcDbEntity
  8
NODE
100
AcDbCircle
 10
3619.0153846153844
 20
11738.461538461539
 30
0.0
 40
40.0
  0
CIRCLE
  5
324
330
17
100
AcDbEntity
  8
NODE
100
AcDbCircle
 10
8028.246153846154
 20
11738.461538461539
 30
0.0
 40
40.0
  0
CIRCLE
  5
325
330
17
100
AcDbEntity
  8
NODE
100
AcDbCircle
 10
8231.446153846153
 20
12984.615384615385
 30
0.0
 40
40.0
  0
CIRCLE
  5
326
330
17
100
AcDbEntity
  8
NODE
100
AcDbCircle
 10
4099.138461538461
 20
12984.615384615385
 30
0.0
 40
40.0
  0
CIRCLE
  5
327
330
17
100
AcDbEntity
  8
NODE
100
AcDbCircle
 10
3768.5538461538463
 20
12984.615384615385
 30
0.0
 40
40.0
  0
CIRCLE
  5
328
330
17
100
AcDbEntity
  8
NODE
100
AcDbCircle
 10
7900.861538461538
 20
12984.615384615385
 30
0.0
 40
40.0
  0
CIRCLE
  5
329
330
17
100
AcDbEntity
  8
NODE
100
AcDbCircle
 10
8081.907692307692
 20
14230.76923076923
 30
0.0
 40
40.0
  0
CIRCLE
  5
32A
330
17
100
AcDbEntity
  8
NODE
100
AcDbCircle
 10
4226.523076923077
 20
14230.76923076923
 30
0.0
 40
40.0
  0
CIRCLE
  5
32B
330
17
100
AcDbEntity
  8
NODE
100
AcDbCircle
 10
3918.0923076923077
 20
14230.76923076923
 30
0.0
 40
40.0
  0
CIRCLE
  5
32C
330
17
100
AcDbEntity
  8
NODE
100
AcDbCircle
 10
7773.476923076923
 20
14230.76923076923
 30
0.0
 40
40.0
  0
CIRCLE
  5
32D
330
17
100
AcDbEntity
  8
NODE
100
AcDbCircle
 10
7932.369230769231
 20
15476.923076923078
 30
0.0
 40
40.0
  0
CIRCLE
  5
32E
330
17
100
AcDbEntity
  8
NODE
100
AcDbCircle
 10
4353.907692307692
 20
15476.923076923078
 30
0.0
 40
40.0
  0
CIRCLE
  5
32F
330
17
100
AcDbEntity
  8
NODE
100
AcDbCircle
 10
4067.630769230769
 20
15476.923076923078
 30
0.0
 40
40.0
  0
CIRCLE
  5
330
330
17
100
AcDbEntity
  8
NODE
100
AcDbCircle
 10
7646.092307692308
 20
15476.923076923078
 30
0.0
 40
40.0
  0
CIRCLE
  5
331
330
17
100
AcDbEntity
  8
NODE
100
AcDbCircle
 10
7782.830769230769
 20
16723.076923076922
 30
0.0
 40
40.0
  0
CIRCLE
  5
332
330
17
100
AcDbEntity
  8
NODE
100
AcDbCircle
 10
4481.292307692308
 20
16723.076923076922
 30
0.0
 40
40.0
  0
CIRCLE
  5
333
330
17
100
AcDbEntity
  8
NODE
100
AcDbCircle
 10
4217.169230769231
 20
16723.076923076922
 30
0.0
 40
40.0
  0
CIRCLE
  5
334
330
17
100
AcDbEntity
  8
NODE
100
AcDbCircle
 10
7518.707692307692
 20
16723.076923076922
 30
0.0
 40
40.0
  0
CIRCLE
  5
335
330
17
100
AcDbEntity
  8
NODE
100
AcDbCircle
 10
7633.292307692308
 20
17969.23076923077
 30
0.0
 40
40.0
  0
CIRCLE
  5
336
330
17
100
AcDbEntity
  8
NODE
100
AcDbCircle
 10
4608.676923076923
 20
17969.23076923077
 30
0.0
 40
40.0
  0
CIRCLE
  5
337
330
17
100
AcDbEntity
  8
NODE
100
AcDbCircle
 10
4366.707692307692
 20
17969.23076923077
 30
0.0
 40
40.0
  0
CIRCLE
  5
338
330
17
100
AcDbEntity
  8
NODE
100
AcDbCircle
 10
7391.323076923077
 20
17969.23076923077
 30
0.0
 40
40.0
  0
CIRCLE
  5
339
330
17
100
AcDbEntity
  8
NODE
100
AcDbCircle
 10
7483.753846153847
 20
19215.384615384617
 30
0.0
 40
40.0
  0
CIRCLE
  5
33A
330
17
100
AcDbEntity
  8
NODE
100
AcDbCircle
 10
4736.0615384615385
 20
19215.384615384617
 30
0.0
 40
40.0
  0
CIRCLE
  5
33B
330
17
100
AcDbEntity
  8
NODE
100
AcDbCircle
 10
4516.246153846153
 20
19215.384615384617
 30
0.0
 40
40.0
  0
CIRCLE
  5
33C
330
17
100
AcDbEntity
  8
NODE
100
AcDbCircle
 10
7263.9384615384615
 20
19215.384615384617
 30
0.0
 40
40.0
  0
CIRCLE
  5
33D
330
17
100
AcDbEntity
  8
NODE
100
AcDbCircle
 10
7334.215384615384
 20
20461.53846153846
 30
0.0
 40
40.0
  0
CIRCLE
  5
33E
330
17
100
AcDbEntity
  8
NODE
100
AcDbCircle
 10
4863.446153846154
 20
20461.53846153846
 30
0.0
 40
40.0
  0
CIRCLE
  5
33F
330
17
100
AcDbEntity
  8
NODE
100
AcDbCircle
 10
4665.784615384616
 20
20461.53846153846
 30
0.0
 40
40.0
  0
CIRCLE
  5
340
330
17
100
AcDbEntity
  8
NODE
100
AcDbCircle
 10
7136.553846153846
 20
20461.53846153846
 30
0.0
 40
40.0
  0
CIRCLE
  5
341
330
17
100
AcDbEntity
  8
NODE
100
AcDbCircle
 10
7184.676923076922
 20
21707.69230769231
 30
0.0
 40
40.0
  0
CIRCLE
  5
342
330
17
100
AcDbEntity
  8
NODE
100
AcDbCircle
 10
4990.83076923077
 20
21707.69230769231
 30
0.0
 40
40.0
  0
CIRCLE
  5
343
330
17
100
AcDbEntity
  8
NODE
100
AcDbCircle
 10
4815.323076923078
 20
21707.69230769231
 30
0.0
 40
40.0
  0
CIRCLE
  5
344
330
17
100
AcDbEntity
  8
NODE
100
AcDbCircle
 10
7009.16923076923
 20
21707.69230769231
 30
0.0
 40
40.0
  0
CIRCLE
  5
345
330
17
100
AcDbEntity
  8
NODE
100
AcDbCircle
 10
7035.138461538461
 20
22953.846153846156
 30
0.0
 40
40.0
  0
CIRCLE
  5
346
330
17
100
AcDbEntity
  8
NODE
100
AcDbCircle
 10
5118.215384615385
 20
22953.846153846156
 30
0.0
 40
40.0
  0
CIRCLE
  5
347
330
17
100
AcDbEntity
  8
NODE
100
AcDbCircle
 10
4964.861538461539
 20
22953.846153846156
 30
0.0
 40
40.0
  0
CIRCLE
  5
348
330
17
100
AcDbEntity
  8
NODE
100
AcDbCircle
 10
6881.784615384615
 20
22953.846153846156
 30
0.0
 40
40.0
  0
CIRCLE
  5
349
330
17
100
AcDbEntity
  8
NODE
100
AcDbCircle
 10
6885.6
 20
24200.0
 30
0.0
 40
40.0
  0
CIRCLE
  5
34A
330
17
100
AcDbEntity
  8
NODE
100
AcDbCircle
 10
5245.6
 20
24200.0
 30
0.0
 40
40.0
  0
CIRCLE
  5
34B
330
17
100
AcDbEntity
  8
NODE
100
AcDbCircle
 10
5114.4
 20
24200.0
 30
0.0
 40
40.0
  0
CIRCLE
  5
34C
330
17
100
AcDbEntity
  8
NODE
100
AcDbCircle
 10
6754.4
 20
24200.0
 30
0.0
 40
40.0
  0
CIRCLE
  5
34D
330
17
100
AcDbEntity
  8
NODE
100
AcDbCircle
 10
8603.232
 20
8685.384615384615
 30
0.0
 40
40.0
  0
CIRCLE
  5
34E
330
17
100
AcDbEntity
  8
NODE
100
AcDbCircle
 10
3782.432
 20
8685.384615384615
 30
0.0
 40
40.0
  0
CIRCLE
  5
34F
330
17
100
AcDbEntity
  8
NODE
100
AcDbCircle
 10
3396.768
 20
8685.384615384615
 30
0.0
 40
40.0
  0
CIRCLE
  5
350
330
17
100
AcDbEntity
  8
NODE
100
AcDbCircle
 10
8217.568
 20
8685.384615384615
 30
0.0
 40
40.0
  0
CIRCLE
  5
351
330
17
100
AcDbEntity
  8
NODE
100
AcDbCircle
 10
5180.0
 20
24200.0
 30
0.0
 40
40.0
  0
CIRCLE
  5
352
330
17
100
AcDbEntity
  8
NODE
100
AcDbCircle
 10
1500.0
 20
24200.0
 30
0.0
 40
40.0
  0
CIRCLE
  5
353
330
17
100
AcDbEntity
  8
NODE
100
AcDbCircle
 10
-500.0
 20
24200.0
 30
0.0
 40
40.0
  0
CIRCLE
  5
354
330
17
100
AcDbEntity
  8
NODE
100
AcDbCircle
 10
6820.0
 20
24200.0
 30
0.0
 40
40.0
  0
CIRCLE
  5
355
330
17
100
AcDbEntity
  8
NODE
100
AcDbCircle
 10
10500.0
 20
24200.0
 30
0.0
 40
40.0
  0
CIRCLE
  5
356
330
17
100
AcDbEntity
  8
NODE
100
AcDbCircle
 10
12500.0
 20
24200.0
 30
0.0
 40
40.0
  0
CIRCLE
  5
357
330
17
100
AcDbEntity
  8
NODE
100
AcDbCircle
 10
500.0
 20
22400.0
 30
0.0
 40
40.0
  0
CIRCLE
  5
358
330
17
100
AcDbEntity
  8
NODE
100
AcDbCircle
 10
11500.0
 20
22400.0
 30
0.0
 40
40.0
  0
CIRCLE
  5
359
330
17
100
AcDbEntity
  8
NODE
100
AcDbCircle
 10
6702.0
 20
25500.0
 30
0.0
 40
40.0
  0
CIRCLE
  5
35A
330
17
100
AcDbEntity
  8
NODE
100
AcDbCircle
 10
5402.0
 20
25500.0
 30
0.0
 40
40.0
  0
CIRCLE
  5
35B
330
17
100
AcDbEntity
  8
NODE
100
AcDbCircle
 10
5298.0
 20
25500.0
 30
0.0
 40
40.0
  0
CIRCLE
  5
35C
330
17
100
AcDbEntity
  8
NODE
100
AcDbCircle
 10
6598.0
 20
25500.0
 30
0.0
 40
40.0
  0
CIRCLE
  5
35D
330
17
100
AcDbEntity
  8
NODE
100
AcDbCircle
 10
6518.4
 20
26800.0
 30
0.0
 40
40.0
  0
CIRCLE
  5
35E
330
17
100
AcDbEntity
  8
NODE
100
AcDbCircle
 10
5558.4
 20
26800.0
 30
0.0
 40
40.0
  0
CIRCLE
  5
35F
330
17
100
AcDbEntity
  8
NODE
100
AcDbCircle
 10
5481.6
 20
26800.0
 30
0.0
 40
40.0
  0
CIRCLE
  5
360
330
17
100
AcDbEntity
  8
NODE
100
AcDbCircle
 10
6441.6
 20
26800.0
 30
0.0
 40
40.0
  0
CIRCLE
  5
361
330
17
100
AcDbEntity
  8
NODE
100
AcDbCircle
 10
6345.6
 20
27500.0
 30
0.0
 40
40.0
  0
CIRCLE
  5
362
330
17
100
AcDbEntity
  8
NODE
100
AcDbCircle
 10
5705.6
 20
27500.0
 30
0.0
 40
40.0
  0
CIRCLE
  5
363
330
17
100
AcDbEntity
  8
NODE
100
AcDbCircle
 10
5654.4
 20
27500.0
 30
0.0
 40
40.0
  0
CIRCLE
  5
364
330
17
100
AcDbEntity
  8
NODE
100
AcDbCircle
 10
6294.4
 20
27500.0
 30
0.0
 40
40.0
  0
CIRCLE
  5
365
330
17
100
AcDbEntity
  8
NODE
100
AcDbCircle
 10
4600.0
 20
27500.0
 30
0.0
 40
40.0
  0
CIRCLE
  5
366
330
17
100
AcDbEntity
  8
NODE
100
AcDbCircle
 10
7400.0
 20
27500.0
 30
0.0
 40
40.0
  0
CIRCLE
  5
367
330
17
100
AcDbEntity
  8
NODE
100
AcDbCircle
 10
6000.0
 20
29000.0
 30
0.0
 40
40.0
  0
CIRCLE
  5
368
330
17
100
AcDbEntity
  8
NODE
100
AcDbCircle
 10
5100.0
 20
28200.0
 30
0.0
 40
40.0
  0
CIRCLE
  5
369
330
17
100
AcDbEntity
  8
NODE
100
AcDbCircle
 10
6900.0
 20
28200.0
 30
0.0
 40
40.0
  0
LINE
  5
36A
330
17
100
AcDbEntity
  8
DIM
100
AcDbLine
 10
3380.0
 20
8000.0
 30
0.0
 11
3380.0
 21
7100.0
 31
0.0
  0
LINE
  5
36B
330
17
100
AcDbEntity
  8
DIM
100
AcDbLine
 10
8620.0
 20
8000.0
 30
0.0
 11
8620.0
 21
7100.0
 31
0.0
  0
LINE
  5
36C
330
17
100
AcDbEntity
  8
DIM
100
AcDbLine
 10
3380.0
 20
7100.0
 30
0.0
 11
8620.0
 21
7100.0
 31
0.0
  0
TEXT
  5
36D
330
17
100
AcDbEntity
  8
DIM
100
AcDbText
 10
6000.0
 20
6920.0
 30
0.0
 40
200.0
  1
5240
 72
1
 11
6000.0
 21
6920.0
 31
0.0
100
AcDbText
 73
2
  0
LINE
  5
36E
330
17
100
AcDbEntity
  8
DIM
100
AcDbLine
 10
3380.0
 20
8000.0
 30
0.0
 11
1980.0
 21
8000.0
 31
0.0
  0
LINE
  5
36F
330
17
100
AcDbEntity
  8
DIM
100
AcDbLine
 10
3380.0
 20
24200.0
 30
0.0
 11
1980.0
 21
24200.0
 31
0.0
  0
LINE
  5
370
330
17
100
AcDbEntity
  8
DIM
100
AcDbLine
 10
1980.0
 20
8000.0
 30
0.0
 11
1980.0
 21
24200.0
 31
0.0
  0
TEXT
  5
371
330
17
100
AcDbEntity
  8
DIM
100
AcDbText
 10
1700.0
 20
16100.0
 30
0.0
 40
200.0
  1
16200
 72
1
 11
1700.0
 21
16100.0
 31
0.0
100
AcDbText
 73
2
  0
LINE
  5
372
330
17
100
AcDbEntity
  8
DIM
100
AcDbLine
 10
3380.0
 20
24200.0
 30
0.0
 11
1980.0
 21
24200.0
 31
0.0
  0
LINE
  5
373
330
17
100
AcDbEntity
  8
DIM
100
AcDbLine
 10
3380.0
 20
29000.0
 30
0.0
 11
1980.0
 21
29000.0
 31
0.0
  0
LINE
  5
374
330
17
100
AcDbEntity
  8
DIM
100
AcDbLine
 10
1980.0
 20
24200.0
 30
0.0
 11
1980.0
 21
29000.0
 31
0.0
  0
TEXT
  5
375
330
17
100
AcDbEntity
  8
DIM
100
AcDbText
 10
1700.0
 20
26600.0
 30
0.0
 40
200.0
  1
4800
 72
1
 11
1700.0
 21
26600.0
 31
0.0
100
AcDbText
 73
2
  0
LINE
  5
376
330
17
100
AcDbEntity
  8
DIM
100
AcDbLine
 10
-500.0
 20
24200.0
 30
0.0
 11
-500.0
 21
24900.0
 31
0.0
  0
LINE
  5
377
330
17
100
AcDbEntity
  8
DIM
100
AcDbLine
 10
12500.0
 20
24200.0
 30
0.0
 11
12500.0
 21
24900.0
 31
0.0
  0
LINE
  5
378
330
17
100
AcDbEntity
  8
DIM
100
AcDbLine
 10
-500.0
 20
24900.0
 30
0.0
 11
12500.0
 21
24900.0
 31
0.0
  0
TEXT
  5
379
330
17
100
AcDbEntity
  8
DIM
100
AcDbText
 10
6000.0
 20
24720.0
 30
0.0
 40
200.0
  1
13000
 72
1
 11
6000.0
 21
24720.0
 31
0.0
100
AcDbText
 73
2
  0
LINE
  5
37A
330
17
100
AcDbEntity
  8
DIM
100
AcDbLine
 10
8620.0
 20
8000.0
 30
0.0
 11
9820.0
 21
8000.0
 31
0.0
  0
LINE
  5
37B
330
17
100
AcDbEntity
  8
DIM
100
AcDbLine
 10
8620.0
 20
29000.0
 30
0.0
 11
9820.0
 21
29000.0
 31
0.0
  0
LINE
  5
37C
330
17
100
AcDbEntity
  8
DIM
100
AcDbLine
 10
9820.0
 20
8000.0
 30
0.0
 11
9820.0
 21
29000.0
 31
0.0
  0
TEXT
  5
37D
330
17
100
AcDbEntity
  8
DIM
100
AcDbText
 10
9540.0
 20
18500.0
 30
0.0
 40
200.0
  1
21000
 72
1
 11
9540.0
 21
18500.0
 31
0.0
100
AcDbText
 73
2
  0
TEXT
  5
37E
330
17
100
AcDbEntity
  8
TEXT
100
AcDbText
 10
2500.0
 20
18000.0
 30
0.0
 40
350.0
  1
1
 72
1
 11
2500.0
 21
18000.0
 31
0.0
100
AcDbText
 73
2
  0
LINE
  5
37F
330
17
100
AcDbEntity
  8
DIM
100
AcDbLine
 10
2000.0
 20
18000.0
 30
0.0
 11
10000.0
 21
18000.0
 31
0.0
  0
TEXT
  5
380
330
17
100
AcDbEntity
  8
TEXT
100
AcDbText
 10
42000.0
 20
6500.0
 30
0.0
 40
400.0
  1
侧立面 ELEVATION (侧面)
 11
42000.0
 21
6500.0
 31
0.0
100
AcDbText
  0
LINE
  5
381
330
17
100
AcDbEntity
  8
LEG
100
AcDbLine
 10
44829.6
 20
8000.0
 30
0.0
 11
44680.06153846154
 21
9246.153846153846
 31
0.0
  0
TEXT
  5
382
330
17
100
AcDbEntity
  8
TEXT
100
AcDbText
 10
44754.83076923077
 20
8677.076923076922
 30
0.0
 40
90.0
  1
M0001
 72
1
 11
44754.83076923077
 21
8677.076923076922
 31
0.0
100
AcDbText
 73
2
  0
LINE
  5
383
330
17
100
AcDbEntity
  8
LEG
100
AcDbLine
 10
44680.06153846154
 20
9246.153846153846
 30
0.0
 11
44530.52307692308
 21
10492.307692307691
 31
0.0
  0
TEXT
  5
384
330
17
100
AcDbEntity
  8
TEXT
100
AcDbText
 10
44605.2923076923
 20
9923.23076923077
 30
0.0
 40
90.0
  1
M0002
 72
1
 11
44605.2923076923
 21
9923.23076923077
 31
0.0
100
AcDbText
 73
2
  0
LINE
  5
385
330
17
100
AcDbEntity
  8
LEG
100
AcDbLine
 10
44530.52307692308
 20
10492.307692307691
 30
0.0
 11
44380.984615384616
 21
11738.461538461539
 31
0.0
  0
TEXT
  5
386
330
17
100
AcDbEntity
  8
TEXT
100
AcDbText
 10
44455.75384615385
 20
11169.384615384615
 30
0.0
 40
90.0
  1
M0003
 72
1
 11
44455.75384615385
 21
11169.384615384615
 31
0.0
100
AcDbText
 73
2
  0
LINE
  5
387
330
17
100
AcDbEntity
  8
LEG
100
AcDbLine
 10
44380.984615384616
 20
11738.461538461539
 30
0.0
 11
44231.446153846155
 21
12984.615384615385
 31
0.0
  0
TEXT
  5
388
330
17
100
AcDbEntity
  8
TEXT
100
AcDbText
 10
44306.21538461538
 20
12415.538461538461
 30
0.0
 40
90.0
  1
M0004
 72
1
 11
44306.21538461538
 21
12415.538461538461
 31
0.0
100
AcDbText
 73
2
  0
LINE
  5
389
330
17
100
AcDbEntity
  8
LEG
100
AcDbLine
 10
44231.446153846155
 20
12984.615384615385
 30
0.0
 11
44081.90769230769
 21
14230.76923076923
 31
0.0
  0
TEXT
  5
38A
330
17
100
AcDbEntity
  8
TEXT
100
AcDbText
 10
44156.67692307692
 20
13661.692307692309
 30
0.0
 40
90.0
  1
M0005
 72
1
 11
44156.67692307692
 21
13661.692307692309
 31
0.0
100
AcDbText
 73
2
  0
LINE
  5
38B
330
17
100
AcDbEntity
  8
LEG
100
AcDbLine
 10
44081.90769230769
 20
14230.76923076923
 30
0.0
 11
43932.369230769225
 21
15476.923076923078
 31
0.0
  0
TEXT
  5
38C
330
17
100
AcDbEntity
  8
TEXT
100
AcDbText
 10
44007.13846153846
 20
14907.846153846154
 30
0.0
 40
90.0
  1
M0006
 72
1
 11
44007.13846153846
 21
14907.846153846154
 31
0.0
100
AcDbText
 73
2
  0
LINE
  5
38D
330
17
100
AcDbEntity
  8
LEG
100
AcDbLine
 10
43932.369230769225
 20
15476.923076923078
 30
0.0
 11
43782.83076923077
 21
16723.076923076922
 31
0.0
  0
TEXT
  5
38E
330
17
100
AcDbEntity
  8
TEXT
100
AcDbText
 10
43857.6
 20
16154.0
 30
0.0
 40
90.0
  1
M0007
 72
1
 11
43857.6
 21
16154.0
 31
0.0
100
AcDbText
 73
2
  0
LINE
  5
38F
330
17
100
AcDbEntity
  8
LEG
100
AcDbLine
 10
43782.83076923077
 20
16723.076923076922
 30
0.0
 11
43633.29230769231
 21
17969.23076923077
 31
0.0
  0
TEXT
  5
390
330
17
100
AcDbEntity
  8
TEXT
100
AcDbText
 10
43708.06153846154
 20
17400.153846153844
 30
0.0
 40
90.0
  1
M0008
 72
1
 11
43708.06153846154
 21
17400.153846153844
 31
0.0
100
AcDbText
 73
2
  0
LINE
  5
391
330
17
100
AcDbEntity
  8
LEG
100
AcDbLine
 10
43633.29230769231
 20
17969.23076923077
 30
0.0
 11
43483.75384615385
 21
19215.384615384617
 31
0.0
  0
TEXT
  5
392
330
17
100
AcDbEntity
  8
TEXT
100
AcDbText
 10
43558.523076923084
 20
18646.307692307695
 30
0.0
 40
90.0
  1
M0009
 72
1
 11
43558.523076923084
 21
18646.307692307695
 31
0.0
100
AcDbText
 73
2
  0
LINE
  5
393
330
17
100
AcDbEntity
  8
LEG
100
AcDbLine
 10
43483.75384615385
 20
19215.384615384617
 30
0.0
 11
43334.21538461539
 21
20461.53846153846
 31
0.0
  0
TEXT
  5
394
330
17
100
AcDbEntity
  8
TEXT
100
AcDbText
 10
43408.984615384616
 20
19892.46153846154
 30
0.0
 40
90.0
  1
M0010
 72
1
 11
43408.984615384616
 21
19892.46153846154
 31
0.0
100
AcDbText
 73
2
  0
LINE
  5
395
330
17
100
AcDbEntity
  8
LEG
100
AcDbLine
 10
43334.21538461539
 20
20461.53846153846
 30
0.0
 11
43184.67692307693
 21
21707.69230769231
 31
0.0
  0
TEXT
  5
396
330
17
100
AcDbEntity
  8
TEXT
100
AcDbText
 10
43259.44615384616
 20
21138.615384615383
 30
0.0
 40
90.0
  1
M0011
 72
1
 11
43259.44615384616
 21
21138.615384615383
 31
0.0
100
AcDbText
 73
2
  0
LINE
  5
397
330
17
100
AcDbEntity
  8
LEG
100
AcDbLine
 10
43184.67692307693
 20
21707.69230769231
 30
0.0
 11
43035.13846153846
 21
22953.846153846156
 31
0.0
  0
TEXT
  5
398
330
17
100
AcDbEntity
  8
TEXT
100
AcDbText
 10
43109.907692307694
 20
22384.769230769234
 30
0.0
 40
90.0
  1
M0012
 72
1
 11
43109.907692307694
 21
22384.769230769234
 31
0.0
100
AcDbText
 73
2
  0
LINE
  5
399
330
17
100
AcDbEntity
  8
LEG
100
AcDbLine
 10
43035.13846153846
 20
22953.846153846156
 30
0.0
 11
42885.6
 21
24200.0
 31
0.0
  0
TEXT
  5
39A
330
17
100
AcDbEntity
  8
TEXT
100
AcDbText
 10
42960.369230769225
 20
23630.923076923078
 30
0.0
 40
90.0
  1
M0013
 72
1
 11
42960.369230769225
 21
23630.923076923078
 31
0.0
100
AcDbText
 73
2
  0
LINE
  5
39B
330
17
100
AcDbEntity
  8
LEG
100
AcDbLine
 10
44410.4
 20
8000.0
 30
0.0
 11
44283.015384615384
 21
9246.153846153846
 31
0.0
  0
TEXT
  5
39C
330
17
100
AcDbEntity
  8
TEXT
100
AcDbText
 10
44346.7076923077
 20
8677.076923076922
 30
0.0
 40
90.0
  1
M0014
 72
1
 11
44346.7076923077
 21
8677.076923076922
 31
0.0
100
AcDbText
 73
2
  0
LINE
  5
39D
330
17
100
AcDbEntity
  8
LEG
100
AcDbLine
 10
44283.015384615384
 20
9246.153846153846
 30
0.0
 11
44155.63076923077
 21
10492.307692307691
 31
0.0
  0
TEXT
  5
39E
330
17
100
AcDbEntity
  8
TEXT
100
AcDbText
 10
44219.32307692307
 20
9923.23076923077
 30
0.0
 40
90.0
  1
M0015
 72
1
 11
44219.32307692307
 21
9923.23076923077
 31
0.0
100
AcDbText
 73
2
  0
LINE
  5
39F
330
17
100
AcDbEntity
  8
LEG
100
AcDbLine
 10
44155.63076923077
 20
10492.307692307691
 30
0.0
 11
44028.24615384615
 21
11738.461538461539
 31
0.0
  0
TEXT
  5
3A0
330
17
100
AcDbEntity
  8
TEXT
100
AcDbText
 10
44091.93846153846
 20
11169.384615384615
 30
0.0
 40
90.0
  1
M0016
 72
1
 11
44091.93846153846
 21
11169.384615384615
 31
0.0
100
AcDbText
 73
2
  0
LINE
  5
3A1
330
17
100
AcDbEntity
  8
LEG
100
AcDbLine
 10
44028.24615384615
 20
11738.461538461539
 30
0.0
 11
43900.86153846153
 21
12984.615384615385
 31
0.0
  0
TEXT
  5
3A2
330
17
100
AcDbEntity
  8
TEXT
100
AcDbText
 10
43964.55384615384
 20
12415.538461538461
 30
0.0
 40
90.0
  1
M0017
 72
1
 11
43964.55384615384
 21
12415.538461538461
 31
0.0
100
AcDbText
 73
2
  0
LINE
  5
3A3
330
17
100
AcDbEntity
  8
LEG
100
AcDbLine
 10
43900.86153846153
 20
12984.615384615385
 30
0.0
 11
43773.47692307692
 21
14230.76923076923
 31
0.0
  0
TEXT
  5
3A4
330
17
100
AcDbEntity
  8
TEXT
100
AcDbText
 10
43837.16923076923
 20
13661.692307692309
 30
0.0
 40
90.0
  1
M0018
 72
1
 11
43837.16923076923
 21
13661.692307692309
 31
0.0
100
AcDbText
 73
2
  0
LINE
  5
3A5
330
17
100
AcDbEntity
  8
LEG
100
AcDbLine
 10
43773.47692307692
 20
14230.76923076923
 30
0.0
 11
43646.092307692306
 21
15476.923076923078
 31
0.0
  0
TEXT
  5
3A6
330
17
100
AcDbEntity
  8
TEXT
100
AcDbText
 10
43709.78461538462
 20
14907.846153846154
 30
0.0
 40
90.0
  1
M0019
 72
1
 11
43709.78461538462
 21
14907.846153846154
 31
0.0
100
AcDbText
 73
2
  0
LINE
  5
3A7
330
17
100
AcDbEntity
  8
LEG
100
AcDbLine
 10
43646.092307692306
 20
15476.923076923078
 30
0.0
 11
43518.7076923077
 21
16723.076923076922
 31
0.0
  0
TEXT
  5
3A8
330
17
100
AcDbEntity
  8
TEXT
100
AcDbText
 10
43582.4
 20
16154.0
 30
0.0
 40
90.0
  1
M0020
 72
1
 11
43582.4
 21
16154.0
 31
0.0
100
AcDbText
 73
2
  0
LINE
  5
3A9
330
17
100
AcDbEntity
  8
LEG
100
AcDbLine
 10
43518.7076923077
 20
16723.076923076922
 30
0.0
 11
43391.32307692308
 21
17969.23076923077
 31
0.0
  0
TEXT
  5
3AA
330
17
100
AcDbEntity
  8
TEXT
100
AcDbText
 10
43455.015384615384
 20
17400.153846153844
 30
0.0
 40
90.0
  1
M0021
 72
1
 11
43455.015384615384
 21
17400.153846153844
 31
0.0
100
AcDbText
 73
2
  0
LINE
  5
3AB
330
17
100
AcDbEntity
  8
LEG
100
AcDbLine
 10
43391.32307692308
 20
17969.23076923077
 30
0.0
 11
43263.93846153846
 21
19215.384615384617
 31
0.0
  0
TEXT
  5
3AC
330
17
100
AcDbEntity
  8
TEXT
100
AcDbText
 10
43327.630769230775
 20
18646.307692307695
 30
0.0
 40
90.0
  1
M0022
 72
1
 11
43327.630769230775
 21
18646.307692307695
 31
0.0
100
AcDbText
 73
2
  0
LINE
  5
3AD
330
17
100
AcDbEntity
  8
LEG
100
AcDbLine
 10
43263.93846153846
 20
19215.384615384617
 30
0.0
 11
43136.553846153845
 21
20461.53846153846
 31
0.0
  0
TEXT
  5
3AE
330
17
100
AcDbEntity
  8
TEXT
100
AcDbText
 10
43200.24615384615
 20
19892.46153846154
 30
0.0
 40
90.0
  1
M0023
 72
1
 11
43200.24615384615
 21
19892.46153846154
 31
0.0
100
AcDbText
 73
2
  0
LINE
  5
3AF
330
17
100
AcDbEntity
  8
LEG
100
AcDbLine
 10
43136.553846153845
 20
20461.53846153846
 30
0.0
 11
43009.16923076923
 21
21707.69230769231
 31
0.0
  0
TEXT
  5
3B0
330
17
100
AcDbEntity
  8
TEXT
100
AcDbText
 10
43072.86153846154
 20
21138.615384615383
 30
0.0
 40
90.0
  1
M0024
 72
1
 11
43072.86153846154
 21
21138.615384615383
 31
0.0
100
AcDbText
 73
2
  0
LINE
  5
3B1
330
17
100
AcDbEntity
  8
LEG
100
AcDbLine
 10
43009.16923076923
 20
21707.69230769231
 30
0.0
 11
42881.78461538462
 21
22953.846153846156
 31
0.0
  0
TEXT
  5
3B2
330
17
100
AcDbEntity
  8
TEXT
100
AcDbText
 10
42945.47692307692
 20
22384.769230769234
 30
0.0
 40
90.0
  1
M0025
 72
1
 11
42945.47692307692
 21
22384.769230769234
 31
0.0
100
AcDbText
 73
2
  0
LINE
  5
3B3
330
17
100
AcDbEntity
  8
LEG
100
AcDbLine
 10
42881.78461538462
 20
22953.846153846156
 30
0.0
 11
42754.4
 21
24200.0
 31
0.0
  0
TEXT
  5
3B4
330
17
100
AcDbEntity
  8
TEXT
100
AcDbText
 10
42818.092307692306
 20
23630.923076923078
 30
0.0
 40
90.0
  1
M0026
 72
1
 11
42818.092307692306
 21
23630.923076923078
 31
0.0
100
AcDbText
 73
2
  0
LINE
  5
3B5
330
17
100
AcDbEntity
  8
LEG
100
AcDbLine
 10
39170.4
 20
8000.0
 30
0.0
 11
39319.93846153846
 21
9246.153846153846
 31
0.0
  0
TEXT
  5
3B6
330
17
100
AcDbEntity
  8
TEXT
100
AcDbText
 10
39245.16923076923
 20
8677.076923076922
 30
0.0
 40
90.0
  1
M0027
 72
1
 11
39245.16923076923
 21
8677.076923076922
 31
0.0
100
AcDbText
 73
2
  0
LINE
  5
3B7
330
17
100
AcDbEntity
  8
LEG
100
AcDbLine
 10
39319.93846153846
 20
9246.153846153846
 30
0.0
 11
39469.47692307692
 21
10492.307692307691
 31
0.0
  0
TEXT
  5
3B8
330
17
100
AcDbEntity
  8
TEXT
100
AcDbText
 10
39394.7076923077
 20
9923.23076923077
 30
0.0
 40
90.0
  1
M0028
 72
1
 11
39394.7076923077
 21
9923.23076923077
 31
0.0
100
AcDbText
 73
2
  0
LINE
  5
3B9
330
17
100
AcDbEntity
  8
LEG
100
AcDbLine
 10
39469.47692307692
 20
10492.307692307691
 30
0.0
 11
39619.015384615384
 21
11738.461538461539
 31
0.0
  0
TEXT
  5
3BA
330
17
100
AcDbEntity
  8
TEXT
100
AcDbText
 10
39544.24615384615
 20
11169.384615384615
 30
0.0
 40
90.0
  1
M0029
 72
1
 11
39544.24615384615
 21
11169.384615384615
 31
0.0
100
AcDbText
 73
2
  0
LINE
  5
3BB
330
17
100
AcDbEntity
  8
LEG
100
AcDbLine
 10
39619.015384615384
 20
11738.461538461539
 30
0.0
 11
39768.553846153845
 21
12984.615384615385
 31
0.0
  0
TEXT
  5
3BC
330
17
100
AcDbEntity
  8
TEXT
100
AcDbText
 10
39693.78461538462
 20
12415.538461538461
 30
0.0
 40
90.0
  1
M0030
 72
1
 11
39693.78461538462
 21
12415.538461538461
 31
0.0
100
AcDbText
 73
2
  0
LINE
  5
3BD
330
17
100
AcDbEntity
  8
LEG
100
AcDbLine
 10
39768.553846153845
 20
12984.615384615385
 30
0.0
 11
39918.09230769231
 21
14230.76923076923
 31
0.0
  0
TEXT
  5
3BE
330
17
100
AcDbEntity
  8
TEXT
100
AcDbText
 10
39843.32307692308
 20
13661.692307692309
 30
0.0
 40
90.0
  1
M0031
 72
1
 11
39843.32307692308
 21
13661.692307692309
 31
0.0
100
AcDbText
 73
2
  0
LINE
  5
3BF
330
17
100
AcDbEntity
  8
LEG
100
AcDbLine
 10
39918.09230769231
 20
14230.76923076923
 30
0.0
 11
40067.630769230775
 21
15476.923076923078
 31
0.0
  0
TEXT
  5
3C0
330
17
100
AcDbEntity
  8
TEXT
100
AcDbText
 10
39992.86153846154
 20
14907.846153846154
 30
0.0
 40
90.0
  1
M0032
 72
1
 11
39992.86153846154
 21
14907.846153846154
 31
0.0
100
AcDbText
 73
2
  0
LINE
  5
3C1
330
17
100
AcDbEntity
  8
LEG
100
AcDbLine
 10
40067.630769230775
 20
15476.923076923078
 30
0.0
 11
40217.16923076923
 21
16723.076923076922
 31
0.0
  0
TEXT
  5
3C2
330
17
100
AcDbEntity
  8
TEXT
100
AcDbText
 10
40142.4
 20
16154.0
 30
0.0
 40
90.0
  1
M0033
 72
1
 11
40142.4
 21
16154.0
 31
0.0
100
AcDbText
 73
2
  0
LINE
  5
3C3
330
17
100
AcDbEntity
  8
LEG
100
AcDbLine
 10
40217.16923076923
 20
16723.076923076922
 30
0.0
 11
40366.70769230769
 21
17969.23076923077
 31
0.0
  0
TEXT
  5
3C4
330
17
100
AcDbEntity
  8
TEXT
100
AcDbText
 10
40291.93846153846
 20
17400.153846153844
 30
0.0
 40
90.0
  1
M0034
 72
1
 11
40291.93846153846
 21
17400.153846153844
 31
0.0
100
AcDbText
 73
2
  0
LINE
  5
3C5
330
17
100
AcDbEntity
  8
LEG
100
AcDbLine
 10
40366.70769230769
 20
17969.23076923077
 30
0.0
 11
40516.24615384615
 21
19215.384615384617
 31
0.0
  0
TEXT
  5
3C6
330
17
100
AcDbEntity
  8
TEXT
100
AcDbText
 10
40441.476923076916
 20
18646.307692307695
 30
0.0
 40
90.0
  1
M0035
 72
1
 11
40441.476923076916
 21
18646.307692307695
 31
0.0
100
AcDbText
 73
2
  0
LINE
  5
3C7
330
17
100
AcDbEntity
  8
LEG
100
AcDbLine
 10
40516.24615384615
 20
19215.384615384617
 30
0.0
 11
40665.78461538461
 21
20461.53846153846
 31
0.0
  0
TEXT
  5
3C8
330
17
100
AcDbEntity
  8
TEXT
100
AcDbText
 10
40591.015384615384
 20
19892.46153846154
 30
0.0
 40
90.0
  1
M0036
 72
1
 11
40591.015384615384
 21
19892.46153846154
 31
0.0
100
AcDbText
 73
2
  0
LINE
  5
3C9
330
17
100
AcDbEntity
  8
LEG
100
AcDbLine
 10
40665.78461538461
 20
20461.53846153846
 30
0.0
 11
40815.32307692307
 21
21707.69230769231
 31
0.0
  0
TEXT
  5
3CA
330
17
100
AcDbEntity
  8
TEXT
100
AcDbText
 10
40740.55384615384
 20
21138.615384615383
 30
0.0
 40
90.0
  1
M0037
 72
1
 11
40740.55384615384
 21
21138.615384615383
 31
0.0
100
AcDbText
 73
2
  0
LINE
  5
3CB
330
17
100
AcDbEntity
  8
LEG
100
AcDbLine
 10
40815.32307692307
 20
21707.69230769231
 30
0.0
 11
40964.86153846154
 21
22953.846153846156
 31
0.0
  0
TEXT
  5
3CC
330
17
100
AcDbEntity
  8
TEXT
100
AcDbText
 10
40890.092307692306
 20
22384.769230769234
 30
0.0
 40
90.0
  1
M0038
 72
1
 11
40890.092307692306
 21
22384.769230769234
 31
0.0
100
AcDbText
 73
2
  0
LINE
  5
3CD
330
17
100
AcDbEntity
  8
LEG
100
AcDbLine
 10
40964.86153846154
 20
22953.846153846156
 30
0.0
 11
41114.4
 21
24200.0
 31
0.0
  0
TEXT
  5
3CE
330
17
100
AcDbEntity
  8
TEXT
100
AcDbText
 10
41039.630769230775
 20
23630.923076923078
 30
0.0
 40
90.0
  1
M0039
 72
1
 11
41039.630769230775
 21
23630.923076923078
 31
0.0
100
AcDbText
 73
2
  0
LINE
  5
3CF
330
17
100
AcDbEntity
  8
LEG
100
AcDbLine
 10
39589.6
 20
8000.0
 30
0.0
 11
39716.984615384616
 21
9246.153846153846
 31
0.0
  0
TEXT
  5
3D0
330
17
100
AcDbEntity
  8
TEXT
100
AcDbText
 10
39653.2923076923
 20
8677.076923076922
 30
0.0
 40
90.0
  1
M0040
 72
1
 11
39653.2923076923
 21
8677.076923076922
 31
0.0
100
AcDbText
 73
2
  0
LINE
  5
3D1
330
17
100
AcDbEntity
  8
LEG
100
AcDbLine
 10
39716.984615384616
 20
9246.153846153846
 30
0.0
 11
39844.36923076923
 21
10492.307692307691
 31
0.0
  0
TEXT
  5
3D2
330
17
100
AcDbEntity
  8
TEXT
100
AcDbText
 10
39780.67692307693
 20
9923.23076923077
 30
0.0
 40
90.0
  1
M0041
 72
1
 11
39780.67692307693
 21
9923.23076923077
 31
0.0
100
AcDbText
 73
2
  0
LINE
  5
3D3
330
17
100
AcDbEntity
  8
LEG
100
AcDbLine
 10
39844.36923076923
 20
10492.307692307691
 30
0.0
 11
39971.75384615385
 21
11738.461538461539
 31
0.0
  0
TEXT
  5
3D4
330
17
100
AcDbEntity
  8
TEXT
100
AcDbText
 10
39908.06153846154
 20
11169.384615384615
 30
0.0
 40
90.0
  1
M0042
 72
1
 11
39908.06153846154
 21
11169.384615384615
 31
0.0
100
AcDbText
 73
2
  0
LINE
  5
3D5
330
17
100
AcDbEntity
  8
LEG
100
AcDbLine
 10
39971.75384615385
 20
11738.461538461539
 30
0.0
 11
40099.13846153847
 21
12984.615384615385
 31
0.0
  0
TEXT
  5
3D6
330
17
100
AcDbEntity
  8
TEXT
100
AcDbText
 10
40035.44615384616
 20
12415.538461538461
 30
0.0
 40
90.0
  1
M0043
 72
1
 11
40035.44615384616
 21
12415.538461538461
 31
0.0
100
AcDbText
 73
2
  0
LINE
  5
3D7
330
17
100
AcDbEntity
  8
LEG
100
AcDbLine
 10
40099.13846153847
 20
12984.615384615385
 30
0.0
 11
40226.52307692308
 21
14230.76923076923
 31
0.0
  0
TEXT
  5
3D8
330
17
100
AcDbEntity
  8
TEXT
100
AcDbText
 10
40162.83076923077
 20
13661.692307692309
 30
0.0
 40
90.0
  1
M0044
 72
1
 11
40162.83076923077
 21
13661.692307692309
 31
0.0
100
AcDbText
 73
2
  0
LINE
  5
3D9
330
17
100
AcDbEntity
  8
LEG
100
AcDbLine
 10
40226.52307692308
 20
14230.76923076923
 30
0.0
 11
40353.907692307694
 21
15476.923076923078
 31
0.0
  0
TEXT
  5
3DA
330
17
100
AcDbEntity
  8
TEXT
100
AcDbText
 10
40290.21538461538
 20
14907.846153846154
 30
0.0
 40
90.0
  1
M0045
 72
1
 11
40290.21538461538
 21
14907.846153846154
 31
0.0
100
AcDbText
 73
2
  0
LINE
  5
3DB
330
17
100
AcDbEntity
  8
LEG
100
AcDbLine
 10
40353.907692307694
 20
15476.923076923078
 30
0.0
 11
40481.2923076923
 21
16723.076923076922
 31
0.0
  0
TEXT
  5
3DC
330
17
100
AcDbEntity
  8
TEXT
100
AcDbText
 10
40417.6
 20
16154.0
 30
0.0
 40
90.0
  1
M0046
 72
1
 11
40417.6
 21
16154.0
 31
0.0
100
AcDbText
 73
2
  0
LINE
  5
3DD
330
17
100
AcDbEntity
  8
LEG
100
AcDbLine
 10
40481.2923076923
 20
16723.076923076922
 30
0.0
 11
40608.67692307692
 21
17969.23076923077
 31
0.0
  0
TEXT
  5
3DE
330
17
100
AcDbEntity
  8
TEXT
100
AcDbText
 10
40544.984615384616
 20
17400.153846153844
 30
0.0
 40
90.0
  1
M0047
 72
1
 11
40544.984615384616
 21
17400.153846153844
 31
0.0
100
AcDbText
 73
2
  0
LINE
  5
3DF
330
17
100
AcDbEntity
  8
LEG
100
AcDbLine
 10
40608.67692307692
 20
17969.23076923077
 30
0.0
 11
40736.06153846154
 21
19215.384615384617
 31
0.0
  0
TEXT
  5
3E0
330
17
100
AcDbEntity
  8
TEXT
100
AcDbText
 10
40672.369230769225
 20
18646.307692307695
 30
0.0
 40
90.0
  1
M0048
 72
1
 11
40672.369230769225
 21
18646.307692307695
 31
0.0
100
AcDbText
 73
2
  0
LINE
  5
3E1
330
17
100
AcDbEntity
  8
LEG
100
AcDbLine
 10
40736.06153846154
 20
19215.384615384617
 30
0.0
 11
40863.446153846155
 21
20461.53846153846
 31
0.0
  0
TEXT
  5
3E2
330
17
100
AcDbEntity
  8
TEXT
100
AcDbText
 10
40799.75384615385
 20
19892.46153846154
 30
0.0
 40
90.0
  1
M0049
 72
1
 11
40799.75384615385
 21
19892.46153846154
 31
0.0
100
AcDbText
 73
2
  0
LINE
  5
3E3
330
17
100
AcDbEntity
  8
LEG
100
AcDbLine
 10
40863.446153846155
 20
20461.53846153846
 30
0.0
 11
40990.83076923077
 21
21707.69230769231
 31
0.0
  0
TEXT
  5
3E4
330
17
100
AcDbEntity
  8
TEXT
100
AcDbText
 10
40927.13846153846
 20
21138.615384615383
 30
0.0
 40
90.0
  1
M0050
 72
1
 11
40927.13846153846
 21
21138.615384615383
 31
0.0
100
AcDbText
 73
2
  0
LINE
  5
3E5
330
17
100
AcDbEntity
  8
LEG
100
AcDbLine
 10
40990.83076923077
 20
21707.69230769231
 30
0.0
 11
41118.21538461538
 21
22953.846153846156
 31
0.0
  0
TEXT
  5
3E6
330
17
100
AcDbEntity
  8
TEXT
100
AcDbText
 10
41054.52307692308
 20
22384.769230769234
 30
0.0
 40
90.0
  1
M0051
 72
1
 11
41054.52307692308
 21
22384.769230769234
 31
0.0
100
AcDbText
 73
2
  0
LINE
  5
3E7
330
17
100
AcDbEntity
  8
LEG
100
AcDbLine
 10
41118.21538461538
 20
22953.846153846156
 30
0.0
 11
41245.6
 21
24200.0
 31
0.0
  0
TEXT
  5
3E8
330
17
100
AcDbEntity
  8
TEXT
100
AcDbText
 10
41181.907692307694
 20
23630.923076923078
 30
0.0
 40
90.0
  1
M0052
 72
1
 11
41181.907692307694
 21
23630.923076923078
 31
0.0
100
AcDbText
 73
2
  0
LINE
  5
3E9
330
17
100
AcDbEntity
  8
HORIZ
100
AcDbLine
 10
44829.6
 20
8000.0
 30
0.0
 11
44410.4
 21
8000.0
 31
0.0
  0
LINE
  5
3EA
330
17
100
AcDbEntity
  8
HORIZ
100
AcDbLine
 10
44410.4
 20
8000.0
 30
0.0
 11
39170.4
 21
8000.0
 31
0.0
  0
LINE
  5
3EB
330
17
100
AcDbEntity
  8
HORIZ
100
AcDbLine
 10
39170.4
 20
8000.0
 30
0.0
 11
39589.6
 21
8000.0
 31
0.0
  0
LINE
  5
3EC
330
17
100
AcDbEntity
  8
HORIZ
100
AcDbLine
 10
39589.6
 20
8000.0
 30
0.0
 11
44829.6
 21
8000.0
 31
0.0
  0
LINE
  5
3ED
330
17
100
AcDbEntity
  8
HORIZ
100
AcDbLine
 10
44680.06153846154
 20
9246.153846153846
 30
0.0
 11
44283.015384615384
 21
9246.153846153846
 31
0.0
  0
LINE
  5
3EE
330
17
100
AcDbEntity
  8
HORIZ
100
AcDbLine
 10
44283.015384615384
 20
9246.153846153846
 30
0.0
 11
39319.93846153846
 21
9246.153846153846
 31
0.0
  0
LINE
  5
3EF
330
17
100
AcDbEntity
  8
HORIZ
100
AcDbLine
 10
39319.93846153846
 20
9246.153846153846
 30
0.0
 11
39716.984615384616
 21
9246.153846153846
 31
0.0
  0
LINE
  5
3F0
330
17
100
AcDbEntity
  8
HORIZ
100
AcDbLine
 10
39716.984615384616
 20
9246.153846153846
 30
0.0
 11
44680.06153846154
 21
9246.153846153846
 31
0.0
  0
LINE
  5
3F1
330
17
100
AcDbEntity
  8
HORIZ
100
AcDbLine
 10
44530.52307692308
 20
10492.307692307691
 30
0.0
 11
44155.63076923077
 21
10492.307692307691
 31
0.0
  0
LINE
  5
3F2
330
17
100
AcDbEntity
  8
HORIZ
100
AcDbLine
 10
44155.63076923077
 20
10492.307692307691
 30
0.0
 11
39469.47692307692
 21
10492.307692307691
 31
0.0
  0
LINE
  5
3F3
330
17
100
AcDbEntity
  8
HORIZ
100
AcDbLine
 10
39469.47692307692
 20
10492.307692307691
 30
0.0
 11
39844.36923076923
 21
10492.307692307691
 31
0.0
  0
LINE
  5
3F4
330
17
100
AcDbEntity
  8
HORIZ
100
AcDbLine
 10
39844.36923076923
 20
10492.307692307691
 30
0.0
 11
44530.52307692308
 21
10492.307692307691
 31
0.0
  0
LINE
  5
3F5
330
17
100
AcDbEntity
  8
HORIZ
100
AcDbLine
 10
44380.984615384616
 20
11738.461538461539
 30
0.0
 11
44028.24615384615
 21
11738.461538461539
 31
0.0
  0
LINE
  5
3F6
330
17
100
AcDbEntity
  8
HORIZ
100
AcDbLine
 10
44028.24615384615
 20
11738.461538461539
 30
0.0
 11
39619.015384615384
 21
11738.461538461539
 31
0.0
  0
LINE
  5
3F7
330
17
100
AcDbEntity
  8
HORIZ
100
AcDbLine
 10
39619.015384615384
 20
11738.461538461539
 30
0.0
 11
39971.75384615385
 21
11738.461538461539
 31
0.0
  0
LINE
  5
3F8
330
17
100
AcDbEntity
  8
HORIZ
100
AcDbLine
 10
39971.75384615385
 20
11738.461538461539
 30
0.0
 11
44380.984615384616
 21
11738.461538461539
 31
0.0
  0
LINE
  5
3F9
330
17
100
AcDbEntity
  8
HORIZ
100
AcDbLine
 10
44231.446153846155
 20
12984.615384615385
 30
0.0
 11
43900.86153846153
 21
12984.615384615385
 31
0.0
  0
LINE
  5
3FA
330
17
100
AcDbEntity
  8
HORIZ
100
AcDbLine
 10
43900.86153846153
 20
12984.615384615385
 30
0.0
 11
39768.553846153845
 21
12984.615384615385
 31
0.0
  0
LINE
  5
3FB
330
17
100
AcDbEntity
  8
HORIZ
100
AcDbLine
 10
39768.553846153845
 20
12984.615384615385
 30
0.0
 11
40099.13846153847
 21
12984.615384615385
 31
0.0
  0
LINE
  5
3FC
330
17
100
AcDbEntity
  8
HORIZ
100
AcDbLine
 10
40099.13846153847
 20
12984.615384615385
 30
0.0
 11
44231.446153846155
 21
12984.615384615385
 31
0.0
  0
LINE
  5
3FD
330
17
100
AcDbEntity
  8
HORIZ
100
AcDbLine
 10
44081.90769230769
 20
14230.76923076923
 30
0.0
 11
43773.47692307692
 21
14230.76923076923
 31
0.0
  0
LINE
  5
3FE
330
17
100
AcDbEntity
  8
HORIZ
100
AcDbLine
 10
43773.47692307692
 20
14230.76923076923
 30
0.0
 11
39918.09230769231
 21
14230.76923076923
 31
0.0
  0
LINE
  5
3FF
330
17
100
AcDbEntity
  8
HORIZ
100
AcDbLine
 10
39918.09230769231
 20
14230.76923076923
 30
0.0
 11
40226.52307692308
 21
14230.76923076923
 31
0.0
  0
LINE
  5
400
330
17
100
AcDbEntity
  8
HORIZ
100
AcDbLine
 10
40226.52307692308
 20
14230.76923076923
 30
0.0
 11
44081.90769230769
 21
14230.76923076923
 31
0.0
  0
LINE
  5
401
330
17
100
AcDbEntity
  8
HORIZ
100
AcDbLine
 10
43932.369230769225
 20
15476.923076923078
 30
0.0
 11
43646.092307692306
 21
15476.923076923078
 31
0.0
  0
LINE
  5
402
330
17
100
AcDbEntity
  8
HORIZ
100
AcDbLine
 10
43646.092307692306
 20
15476.923076923078
 30
0.0
 11
40067.630769230775
 21
15476.923076923078
 31
0.0
  0
LINE
  5
403
330
17
100
AcDbEntity
  8
HORIZ
100
AcDbLine
 10
40067.630769230775
 20
15476.923076923078
 30
0.0
 11
40353.907692307694
 21
15476.923076923078
 31
0.0
  0
LINE
  5
404
330
17
100
AcDbEntity
  8
HORIZ
100
AcDbLine
 10
40353.907692307694
 20
15476.923076923078
 30
0.0
 11
43932.369230769225
 21
15476.923076923078
 31
0.0
  0
LINE
  5
405
330
17
100
AcDbEntity
  8
HORIZ
100
AcDbLine
 10
43782.83076923077
 20
16723.076923076922
 30
0.0
 11
43518.7076923077
 21
16723.076923076922
 31
0.0
  0
LINE
  5
406
330
17
100
AcDbEntity
  8
HORIZ
100
AcDbLine
 10
43518.7076923077
 20
16723.076923076922
 30
0.0
 11
40217.16923076923
 21
16723.076923076922
 31
0.0
  0
LINE
  5
407
330
17
100
AcDbEntity
  8
HORIZ
100
AcDbLine
 10
40217.16923076923
 20
16723.076923076922
 30
0.0
 11
40481.2923076923
 21
16723.076923076922
 31
0.0
  0
LINE
  5
408
330
17
100
AcDbEntity
  8
HORIZ
100
AcDbLine
 10
40481.2923076923
 20
16723.076923076922
 30
0.0
 11
43782.83076923077
 21
16723.076923076922
 31
0.0
  0
LINE
  5
409
330
17
100
AcDbEntity
  8
HORIZ
100
AcDbLine
 10
43633.29230769231
 20
17969.23076923077
 30
0.0
 11
43391.32307692308
 21
17969.23076923077
 31
0.0
  0
LINE
  5
40A
330
17
100
AcDbEntity
  8
HORIZ
100
AcDbLine
 10
43391.32307692308
 20
17969.23076923077
 30
0.0
 11
40366.70769230769
 21
17969.23076923077
 31
0.0
  0
LINE
  5
40B
330
17
100
AcDbEntity
  8
HORIZ
100
AcDbLine
 10
40366.70769230769
 20
17969.23076923077
 30
0.0
 11
40608.67692307692
 21
17969.23076923077
 31
0.0
  0
LINE
  5
40C
330
17
100
AcDbEntity
  8
HORIZ
100
AcDbLine
 10
40608.67692307692
 20
17969.23076923077
 30
0.0
 11
43633.29230769231
 21
17969.23076923077
 31
0.0
  0
LINE
  5
40D
330
17
100
AcDbEntity
  8
HORIZ
100
AcDbLine
 10
43483.75384615385
 20
19215.384615384617
 30
0.0
 11
43263.93846153846
 21
19215.384615384617
 31
0.0
  0
LINE
  5
40E
330
17
100
AcDbEntity
  8
HORIZ
100
AcDbLine
 10
43263.93846153846
 20
19215.384615384617
 30
0.0
 11
40516.24615384615
 21
19215.384615384617
 31
0.0
  0
LINE
  5
40F
330
17
100
AcDbEntity
  8
HORIZ
100
AcDbLine
 10
40516.24615384615
 20
19215.384615384617
 30
0.0
 11
40736.06153846154
 21
19215.384615384617
 31
0.0
  0
LINE
  5
410
330
17
100
AcDbEntity
  8
HORIZ
100
AcDbLine
 10
40736.06153846154
 20
19215.384615384617
 30
0.0
 11
43483.75384615385
 21
19215.384615384617
 31
0.0
  0
LINE
  5
411
330
17
100
AcDbEntity
  8
HORIZ
100
AcDbLine
 10
43334.21538461539
 20
20461.53846153846
 30
0.0
 11
43136.553846153845
 21
20461.53846153846
 31
0.0
  0
LINE
  5
412
330
17
100
AcDbEntity
  8
HORIZ
100
AcDbLine
 10
43136.553846153845
 20
20461.53846153846
 30
0.0
 11
40665.78461538461
 21
20461.53846153846
 31
0.0
  0
LINE
  5
413
330
17
100
AcDbEntity
  8
HORIZ
100
AcDbLine
 10
40665.78461538461
 20
20461.53846153846
 30
0.0
 11
40863.446153846155
 21
20461.53846153846
 31
0.0
  0
LINE
  5
414
330
17
100
AcDbEntity
  8
HORIZ
100
AcDbLine
 10
40863.446153846155
 20
20461.53846153846
 30
0.0
 11
43334.21538461539
 21
20461.53846153846
 31
0.0
  0
LINE
  5
415
330
17
100
AcDbEntity
  8
HORIZ
100
AcDbLine
 10
43184.67692307693
 20
21707.69230769231
 30
0.0
 11
43009.16923076923
 21
21707.69230769231
 31
0.0
  0
LINE
  5
416
330
17
100
AcDbEntity
  8
HORIZ
100
AcDbLine
 10
43009.16923076923
 20
21707.69230769231
 30
0.0
 11
40815.32307692307
 21
21707.69230769231
 31
0.0
  0
LINE
  5
417
330
17
100
AcDbEntity
  8
HORIZ
100
AcDbLine
 10
40815.32307692307
 20
21707.69230769231
 30
0.0
 11
40990.83076923077
 21
21707.69230769231
 31
0.0
  0
LINE
  5
418
330
17
100
AcDbEntity
  8
HORIZ
100
AcDbLine
 10
40990.83076923077
 20
21707.69230769231
 30
0.0
 11
43184.67692307693
 21
21707.69230769231
 31
0.0
  0
LINE
  5
419
330
17
100
AcDbEntity
  8
HORIZ
100
AcDbLine
 10
43035.13846153846
 20
22953.846153846156
 30
0.0
 11
42881.78461538462
 21
22953.846153846156
 31
0.0
  0
LINE
  5
41A
330
17
100
AcDbEntity
  8
HORIZ
100
AcDbLine
 10
42881.78461538462
 20
22953.846153846156
 30
0.0
 11
40964.86153846154
 21
22953.846153846156
 31
0.0
  0
LINE
  5
41B
330
17
100
AcDbEntity
  8
HORIZ
100
AcDbLine
 10
40964.86153846154
 20
22953.846153846156
 30
0.0
 11
41118.21538461538
 21
22953.846153846156
 31
0.0
  0
LINE
  5
41C
330
17
100
AcDbEntity
  8
HORIZ
100
AcDbLine
 10
41118.21538461538
 20
22953.846153846156
 30
0.0
 11
43035.13846153846
 21
22953.846153846156
 31
0.0
  0
LINE
  5
41D
330
17
100
AcDbEntity
  8
HORIZ
100
AcDbLine
 10
42885.6
 20
24200.0
 30
0.0
 11
42754.4
 21
24200.0
 31
0.0
  0
LINE
  5
41E
330
17
100
AcDbEntity
  8
HORIZ
100
AcDbLine
 10
42754.4
 20
24200.0
 30
0.0
 11
41114.4
 21
24200.0
 31
0.0
  0
LINE
  5
41F
330
17
100
AcDbEntity
  8
HORIZ
100
AcDbLine
 10
41114.4
 20
24200.0
 30
0.0
 11
41245.6
 21
24200.0
 31
0.0
  0
LINE
  5
420
330
17
100
AcDbEntity
  8
HORIZ
100
AcDbLine
 10
41245.6
 20
24200.0
 30
0.0
 11
42885.6
 21
24200.0
 31
0.0
  0
LINE
  5
421
330
17
100
AcDbEntity
  8
DIAG
100
AcDbLine
 10
44829.6
 20
8000.0
 30
0.0
 11
44283.015384615384
 21
9246.153846153846
 31
0.0
  0
LINE
  5
422
330
17
100
AcDbEntity
  8
DIAG
100
AcDbLine
 10
44410.4
 20
8000.0
 30
0.0
 11
44680.06153846154
 21
9246.153846153846
 31
0.0
  0
LINE
  5
423
330
17
100
AcDbEntity
  8
DIAG
100
AcDbLine
 10
44410.4
 20
8000.0
 30
0.0
 11
39319.93846153846
 21
9246.153846153846
 31
0.0
  0
LINE
  5
424
330
17
100
AcDbEntity
  8
DIAG
100
AcDbLine
 10
39170.4
 20
8000.0
 30
0.0
 11
44283.015384615384
 21
9246.153846153846
 31
0.0
  0
LINE
  5
425
330
17
100
AcDbEntity
  8
DIAG
100
AcDbLine
 10
39170.4
 20
8000.0
 30
0.0
 11
39716.984615384616
 21
9246.153846153846
 31
0.0
  0
LINE
  5
426
330
17
100
AcDbEntity
  8
DIAG
100
AcDbLine
 10
39589.6
 20
8000.0
 30
0.0
 11
39319.93846153846
 21
9246.153846153846
 31
0.0
  0
LINE
  5
427
330
17
100
AcDbEntity
  8
DIAG
100
AcDbLine
 10
39589.6
 20
8000.0
 30
0.0
 11
44680.06153846154
 21
9246.153846153846
 31
0.0
  0
LINE
  5
428
330
17
100
AcDbEntity
  8
DIAG
100
AcDbLine
 10
44829.6
 20
8000.0
 30
0.0
 11
39716.984615384616
 21
9246.153846153846
 31
0.0
  0
LINE
  5
429
330
17
100
AcDbEntity
  8
DIAG
100
AcDbLine
 10
44680.06153846154
 20
9246.153846153846
 30
0.0
 11
44155.63076923077
 21
10492.307692307691
 31
0.0
  0
LINE
  5
42A
330
17
100
AcDbEntity
  8
DIAG
100
AcDbLine
 10
44283.015384615384
 20
9246.153846153846
 30
0.0
 11
44530.52307692308
 21
10492.307692307691
 31
0.0
  0
LINE
  5
42B
330
17
100
AcDbEntity
  8
DIAG
100
AcDbLine
 10
44283.015384615384
 20
9246.153846153846
 30
0.0
 11
39469.47692307692
 21
10492.307692307691
 31
0.0
  0
LINE
  5
42C
330
17
100
AcDbEntity
  8
DIAG
100
AcDbLine
 10
39319.93846153846
 20
9246.153846153846
 30
0.0
 11
44155.63076923077
 21
10492.307692307691
 31
0.0
  0
LINE
  5
42D
330
17
100
AcDbEntity
  8
DIAG
100
AcDbLine
 10
39319.93846153846
 20
9246.153846153846
 30
0.0
 11
39844.36923076923
 21
10492.307692307691
 31
0.0
  0
LINE
  5
42E
330
17
100
AcDbEntity
  8
DIAG
100
AcDbLine
 10
39716.984615384616
 20
9246.153846153846
 30
0.0
 11
39469.47692307692
 21
10492.307692307691
 31
0.0
  0
LINE
  5
42F
330
17
100
AcDbEntity
  8
DIAG
100
AcDbLine
 10
39716.984615384616
 20
9246.153846153846
 30
0.0
 11
44530.52307692308
 21
10492.307692307691
 31
0.0
  0
LINE
  5
430
330
17
100
AcDbEntity
  8
DIAG
100
AcDbLine
 10
44680.06153846154
 20
9246.153846153846
 30
0.0
 11
39844.36923076923
 21
10492.307692307691
 31
0.0
  0
LINE
  5
431
330
17
100
AcDbEntity
  8
DIAG
100
AcDbLine
 10
44530.52307692308
 20
10492.307692307691
 30
0.0
 11
44028.24615384615
 21
11738.461538461539
 31
0.0
  0
LINE
  5
432
330
17
100
AcDbEntity
  8
DIAG
100
AcDbLine
 10
44155.63076923077
 20
10492.307692307691
 30
0.0
 11
44380.984615384616
 21
11738.461538461539
 31
0.0
  0
LINE
  5
433
330
17
100
AcDbEntity
  8
DIAG
100
AcDbLine
 10
44155.63076923077
 20
10492.307692307691
 30
0.0
 11
39619.015384615384
 21
11738.461538461539
 31
0.0
  0
LINE
  5
434
330
17
100
AcDbEntity
  8
DIAG
100
AcDbLine
 10
39469.47692307692
 20
10492.307692307691
 30
0.0
 11
44028.24615384615
 21
11738.461538461539
 31
0.0
  0
LINE
  5
435
330
17
100
AcDbEntity
  8
DIAG
100
AcDbLine
 10
39469.47692307692
 20
10492.307692307691
 30
0.0
 11
39971.75384615385
 21
11738.461538461539
 31
0.0
  0
LINE
  5
436
330
17
100
AcDbEntity
  8
DIAG
100
AcDbLine
 10
39844.36923076923
 20
10492.307692307691
 30
0.0
 11
39619.015384615384
 21
11738.461538461539
 31
0.0
  0
LINE
  5
437
330
17
100
AcDbEntity
  8
DIAG
100
AcDbLine
 10
39844.36923076923
 20
10492.307692307691
 30
0.0
 11
44380.984615384616
 21
11738.461538461539
 31
0.0
  0
LINE
  5
438
330
17
100
AcDbEntity
  8
DIAG
100
AcDbLine
 10
44530.52307692308
 20
10492.307692307691
 30
0.0
 11
39971.75384615385
 21
11738.461538461539
 31
0.0
  0
LINE
  5
439
330
17
100
AcDbEntity
  8
DIAG
100
AcDbLine
 10
44380.984615384616
 20
11738.461538461539
 30
0.0
 11
43900.86153846153
 21
12984.615384615385
 31
0.0
  0
LINE
  5
43A
330
17
100
AcDbEntity
  8
DIAG
100
AcDbLine
 10
44028.24615384615
 20
11738.461538461539
 30
0.0
 11
44231.446153846155
 21
12984.615384615385
 31
0.0
  0
LINE
  5
43B
330
17
100
AcDbEntity
  8
DIAG
100
AcDbLine
 10
44028.24615384615
 20
11738.461538461539
 30
0.0
 11
39768.553846153845
 21
12984.615384615385
 31
0.0
  0
LINE
  5
43C
330
17
100
AcDbEntity
  8
DIAG
100
AcDbLine
 10
39619.015384615384
 20
11738.461538461539
 30
0.0
 11
43900.86153846153
 21
12984.615384615385
 31
0.0
  0
LINE
  5
43D
330
17
100
AcDbEntity
  8
DIAG
100
AcDbLine
 10
39619.015384615384
 20
11738.461538461539
 30
0.0
 11
40099.13846153847
 21
12984.615384615385
 31
0.0
  0
LINE
  5
43E
330
17
100
AcDbEntity
  8
DIAG
100
AcDbLine
 10
39971.75384615385
 20
11738.461538461539
 30
0.0
 11
39768.553846153845
 21
12984.615384615385
 31
0.0
  0
LINE
  5
43F
330
17
100
AcDbEntity
  8
DIAG
100
AcDbLine
 10
39971.75384615385
 20
11738.461538461539
 30
0.0
 11
44231.446153846155
 21
12984.615384615385
 31
0.0
  0
LINE
  5
440
330
17
100
AcDbEntity
  8
DIAG
100
AcDbLine
 10
44380.984615384616
 20
11738.461538461539
 30
0.0
 11
40099.13846153847
 21
12984.615384615385
 31
0.0
  0
LINE
  5
441
330
17
100
AcDbEntity
  8
DIAG
100
AcDbLine
 10
44231.446153846155
 20
12984.615384615385
 30
0.0
 11
43773.47692307692
 21
14230.76923076923
 31
0.0
  0
LINE
  5
442
330
17
100
AcDbEntity
  8
DIAG
100
AcDbLine
 10
43900.86153846153
 20
12984.615384615385
 30
0.0
 11
44081.90769230769
 21
14230.76923076923
 31
0.0
  0
LINE
  5
443
330
17
100
AcDbEntity
  8
DIAG
100
AcDbLine
 10
43900.86153846153
 20
12984.615384615385
 30
0.0
 11
39918.09230769231
 21
14230.76923076923
 31
0.0
  0
LINE
  5
444
330
17
100
AcDbEntity
  8
DIAG
100
AcDbLine
 10
39768.553846153845
 20
12984.615384615385
 30
0.0
 11
43773.47692307692
 21
14230.76923076923
 31
0.0
  0
LINE
  5
445
330
17
100
AcDbEntity
  8
DIAG
100
AcDbLine
 10
39768.553846153845
 20
12984.615384615385
 30
0.0
 11
40226.52307692308
 21
14230.76923076923
 31
0.0
  0
LINE
  5
446
330
17
100
AcDbEntity
  8
DIAG
100
AcDbLine
 10
40099.13846153847
 20
12984.615384615385
 30
0.0
 11
39918.09230769231
 21
14230.76923076923
 31
0.0
  0
LINE
  5
447
330
17
100
AcDbEntity
  8
DIAG
100
AcDbLine
 10
40099.13846153847
 20
12984.615384615385
 30
0.0
 11
44081.90769230769
 21
14230.76923076923
 31
0.0
  0
LINE
  5
448
330
17
100
AcDbEntity
  8
DIAG
100
AcDbLine
 10
44231.446153846155
 20
12984.615384615385
 30
0.0
 11
40226.52307692308
 21
14230.76923076923
 31
0.0
  0
LINE
  5
449
330
17
100
AcDbEntity
  8
DIAG
100
AcDbLine
 10
44081.90769230769
 20
14230.76923076923
 30
0.0
 11
43646.092307692306
 21
15476.923076923078
 31
0.0
  0
LINE
  5
44A
330
17
100
AcDbEntity
  8
DIAG
100
AcDbLine
 10
43773.47692307692
 20
14230.76923076923
 30
0.0
 11
43932.369230769225
 21
15476.923076923078
 31
0.0
  0
LINE
  5
44B
330
17
100
AcDbEntity
  8
DIAG
100
AcDbLine
 10
43773.47692307692
 20
14230.76923076923
 30
0.0
 11
40067.630769230775
 21
15476.923076923078
 31
0.0
  0
LINE
  5
44C
330
17
100
AcDbEntity
  8
DIAG
100
AcDbLine
 10
39918.09230769231
 20
14230.76923076923
 30
0.0
 11
43646.092307692306
 21
15476.923076923078
 31
0.0
  0
LINE
  5
44D
330
17
100
AcDbEntity
  8
DIAG
100
AcDbLine
 10
39918.09230769231
 20
14230.76923076923
 30
0.0
 11
40353.907692307694
 21
15476.923076923078
 31
0.0
  0
LINE
  5
44E
330
17
100
AcDbEntity
  8
DIAG
100
AcDbLine
 10
40226.52307692308
 20
14230.76923076923
 30
0.0
 11
40067.630769230775
 21
15476.923076923078
 31
0.0
  0
LINE
  5
44F
330
17
100
AcDbEntity
  8
DIAG
100
AcDbLine
 10
40226.52307692308
 20
14230.76923076923
 30
0.0
 11
43932.369230769225
 21
15476.923076923078
 31
0.0
  0
LINE
  5
450
330
17
100
AcDbEntity
  8
DIAG
100
AcDbLine
 10
44081.90769230769
 20
14230.76923076923
 30
0.0
 11
40353.907692307694
 21
15476.923076923078
 31
0.0
  0
LINE
  5
451
330
17
100
AcDbEntity
  8
DIAG
100
AcDbLine
 10
43932.369230769225
 20
15476.923076923078
 30
0.0
 11
43518.7076923077
 21
16723.076923076922
 31
0.0
  0
LINE
  5
452
330
17
100
AcDbEntity
  8
DIAG
100
AcDbLine
 10
43646.092307692306
 20
15476.923076923078
 30
0.0
 11
43782.83076923077
 21
16723.076923076922
 31
0.0
  0
LINE
  5
453
330
17
100
AcDbEntity
  8
DIAG
100
AcDbLine
 10
43646.092307692306
 20
15476.923076923078
 30
0.0
 11
40217.16923076923
 21
16723.076923076922
 31
0.0
  0
LINE
  5
454
330
17
100
AcDbEntity
  8
DIAG
100
AcDbLine
 10
40067.630769230775
 20
15476.923076923078
 30
0.0
 11
43518.7076923077
 21
16723.076923076922
 31
0.0
  0
LINE
  5
455
330
17
100
AcDbEntity
  8
DIAG
100
AcDbLine
 10
40067.630769230775
 20
15476.923076923078
 30
0.0
 11
40481.2923076923
 21
16723.076923076922
 31
0.0
  0
LINE
  5
456
330
17
100
AcDbEntity
  8
DIAG
100
AcDbLine
 10
40353.907692307694
 20
15476.923076923078
 30
0.0
 11
40217.16923076923
 21
16723.076923076922
 31
0.0
  0
LINE
  5
457
330
17
100
AcDbEntity
  8
DIAG
100
AcDbLine
 10
40353.907692307694
 20
15476.923076923078
 30
0.0
 11
43782.83076923077
 21
16723.076923076922
 31
0.0
  0
LINE
  5
458
330
17
100
AcDbEntity
  8
DIAG
100
AcDbLine
 10
43932.369230769225
 20
15476.923076923078
 30
0.0
 11
40481.2923076923
 21
16723.076923076922
 31
0.0
  0
LINE
  5
459
330
17
100
AcDbEntity
  8
DIAG
100
AcDbLine
 10
43782.83076923077
 20
16723.076923076922
 30
0.0
 11
43391.32307692308
 21
17969.23076923077
 31
0.0
  0
LINE
  5
45A
330
17
100
AcDbEntity
  8
DIAG
100
AcDbLine
 10
43518.7076923077
 20
16723.076923076922
 30
0.0
 11
43633.29230769231
 21
17969.23076923077
 31
0.0
  0
LINE
  5
45B
330
17
100
AcDbEntity
  8
DIAG
100
AcDbLine
 10
43518.7076923077
 20
16723.076923076922
 30
0.0
 11
40366.70769230769
 21
17969.23076923077
 31
0.0
  0
LINE
  5
45C
330
17
100
AcDbEntity
  8
DIAG
100
AcDbLine
 10
40217.16923076923
 20
16723.076923076922
 30
0.0
 11
43391.32307692308
 21
17969.23076923077
 31
0.0
  0
LINE
  5
45D
330
17
100
AcDbEntity
  8
DIAG
100
AcDbLine
 10
40217.16923076923
 20
16723.076923076922
 30
0.0
 11
40608.67692307692
 21
17969.23076923077
 31
0.0
  0
LINE
  5
45E
330
17
100
AcDbEntity
  8
DIAG
100
AcDbLine
 10
40481.2923076923
 20
16723.076923076922
 30
0.0
 11
40366.70769230769
 21
17969.23076923077
 31
0.0
  0
LINE
  5
45F
330
17
100
AcDbEntity
  8
DIAG
100
AcDbLine
 10
40481.2923076923
 20
16723.076923076922
 30
0.0
 11
43633.29230769231
 21
17969.23076923077
 31
0.0
  0
LINE
  5
460
330
17
100
AcDbEntity
  8
DIAG
100
AcDbLine
 10
43782.83076923077
 20
16723.076923076922
 30
0.0
 11
40608.67692307692
 21
17969.23076923077
 31
0.0
  0
LINE
  5
461
330
17
100
AcDbEntity
  8
DIAG
100
AcDbLine
 10
43633.29230769231
 20
17969.23076923077
 30
0.0
 11
43263.93846153846
 21
19215.384615384617
 31
0.0
  0
LINE
  5
462
330
17
100
AcDbEntity
  8
DIAG
100
AcDbLine
 10
43391.32307692308
 20
17969.23076923077
 30
0.0
 11
43483.75384615385
 21
19215.384615384617
 31
0.0
  0
LINE
  5
463
330
17
100
AcDbEntity
  8
DIAG
100
AcDbLine
 10
43391.32307692308
 20
17969.23076923077
 30
0.0
 11
40516.24615384615
 21
19215.384615384617
 31
0.0
  0
LINE
  5
464
330
17
100
AcDbEntity
  8
DIAG
100
AcDbLine
 10
40366.70769230769
 20
17969.23076923077
 30
0.0
 11
43263.93846153846
 21
19215.384615384617
 31
0.0
  0
LINE
  5
465
330
17
100
AcDbEntity
  8
DIAG
100
AcDbLine
 10
40366.70769230769
 20
17969.23076923077
 30
0.0
 11
40736.06153846154
 21
19215.384615384617
 31
0.0
  0
LINE
  5
466
330
17
100
AcDbEntity
  8
DIAG
100
AcDbLine
 10
40608.67692307692
 20
17969.23076923077
 30
0.0
 11
40516.24615384615
 21
19215.384615384617
 31
0.0
  0
LINE
  5
467
330
17
100
AcDbEntity
  8
DIAG
100
AcDbLine
 10
40608.67692307692
 20
17969.23076923077
 30
0.0
 11
43483.75384615385
 21
19215.384615384617
 31
0.0
  0
LINE
  5
468
330
17
100
AcDbEntity
  8
DIAG
100
AcDbLine
 10
43633.29230769231
 20
17969.23076923077
 30
0.0
 11
40736.06153846154
 21
19215.384615384617
 31
0.0
  0
LINE
  5
469
330
17
100
AcDbEntity
  8
DIAG
100
AcDbLine
 10
43483.75384615385
 20
19215.384615384617
 30
0.0
 11
43136.553846153845
 21
20461.53846153846
 31
0.0
  0
LINE
  5
46A
330
17
100
AcDbEntity
  8
DIAG
100
AcDbLine
 10
43263.93846153846
 20
19215.384615384617
 30
0.0
 11
43334.21538461539
 21
20461.53846153846
 31
0.0
  0
LINE
  5
46B
330
17
100
AcDbEntity
  8
DIAG
100
AcDbLine
 10
43263.93846153846
 20
19215.384615384617
 30
0.0
 11
40665.78461538461
 21
20461.53846153846
 31
0.0
  0
LINE
  5
46C
330
17
100
AcDbEntity
  8
DIAG
100
AcDbLine
 10
40516.24615384615
 20
19215.384615384617
 30
0.0
 11
43136.553846153845
 21
20461.53846153846
 31
0.0
  0
LINE
  5
46D
330
17
100
AcDbEntity
  8
DIAG
100
AcDbLine
 10
40516.24615384615
 20
19215.384615384617
 30
0.0
 11
40863.446153846155
 21
20461.53846153846
 31
0.0
  0
LINE
  5
46E
330
17
100
AcDbEntity
  8
DIAG
100
AcDbLine
 10
40736.06153846154
 20
19215.384615384617
 30
0.0
 11
40665.78461538461
 21
20461.53846153846
 31
0.0
  0
LINE
  5
46F
330
17
100
AcDbEntity
  8
DIAG
100
AcDbLine
 10
40736.06153846154
 20
19215.384615384617
 30
0.0
 11
43334.21538461539
 21
20461.53846153846
 31
0.0
  0
LINE
  5
470
330
17
100
AcDbEntity
  8
DIAG
100
AcDbLine
 10
43483.75384615385
 20
19215.384615384617
 30
0.0
 11
40863.446153846155
 21
20461.53846153846
 31
0.0
  0
LINE
  5
471
330
17
100
AcDbEntity
  8
DIAG
100
AcDbLine
 10
43334.21538461539
 20
20461.53846153846
 30
0.0
 11
43009.16923076923
 21
21707.69230769231
 31
0.0
  0
LINE
  5
472
330
17
100
AcDbEntity
  8
DIAG
100
AcDbLine
 10
43136.553846153845
 20
20461.53846153846
 30
0.0
 11
43184.67692307693
 21
21707.69230769231
 31
0.0
  0
LINE
  5
473
330
17
100
AcDbEntity
  8
DIAG
100
AcDbLine
 10
43136.553846153845
 20
20461.53846153846
 30
0.0
 11
40815.32307692307
 21
21707.69230769231
 31
0.0
  0
LINE
  5
474
330
17
100
AcDbEntity
  8
DIAG
100
AcDbLine
 10
40665.78461538461
 20
20461.53846153846
 30
0.0
 11
43009.16923076923
 21
21707.69230769231
 31
0.0
  0
LINE
  5
475
330
17
100
AcDbEntity
  8
DIAG
100
AcDbLine
 10
40665.78461538461
 20
20461.53846153846
 30
0.0
 11
40990.83076923077
 21
21707.69230769231
 31
0.0
  0
LINE
  5
476
330
17
100
AcDbEntity
  8
DIAG
100
AcDbLine
 10
40863.446153846155
 20
20461.53846153846
 30
0.0
 11
40815.32307692307
 21
21707.69230769231
 31
0.0
  0
LINE
  5
477
330
17
100
AcDbEntity
  8
DIAG
100
AcDbLine
 10
40863.446153846155
 20
20461.53846153846
 30
0.0
 11
43184.67692307693
 21
21707.69230769231
 31
0.0
  0
LINE
  5
478
330
17
100
AcDbEntity
  8
DIAG
100
AcDbLine
 10
43334.21538461539
 20
20461.53846153846
 30
0.0
 11
40990.83076923077
 21
21707.69230769231
 31
0.0
  0
LINE
  5
479
330
17
100
AcDbEntity
  8
DIAG
100
AcDbLine
 10
43184.67692307693
 20
21707.69230769231
 30
0.0
 11
42881.78461538462
 21
22953.846153846156
 31
0.0
  0
LINE
  5
47A
330
17
100
AcDbEntity
  8
DIAG
100
AcDbLine
 10
43009.16923076923
 20
21707.69230769231
 30
0.0
 11
43035.13846153846
 21
22953.846153846156
 31
0.0
  0
LINE
  5
47B
330
17
100
AcDbEntity
  8
DIAG
100
AcDbLine
 10
43009.16923076923
 20
21707.69230769231
 30
0.0
 11
40964.86153846154
 21
22953.846153846156
 31
0.0
  0
LINE
  5
47C
330
17
100
AcDbEntity
  8
DIAG
100
AcDbLine
 10
40815.32307692307
 20
21707.69230769231
 30
0.0
 11
42881.78461538462
 21
22953.846153846156
 31
0.0
  0
LINE
  5
47D
330
17
100
AcDbEntity
  8
DIAG
100
AcDbLine
 10
40815.32307692307
 20
21707.69230769231
 30
0.0
 11
41118.21538461538
 21
22953.846153846156
 31
0.0
  0
LINE
  5
47E
330
17
100
AcDbEntity
  8
DIAG
100
AcDbLine
 10
40990.83076923077
 20
21707.69230769231
 30
0.0
 11
40964.86153846154
 21
22953.846153846156
 31
0.0
  0
LINE
  5
47F
330
17
100
AcDbEntity
  8
DIAG
100
AcDbLine
 10
40990.83076923077
 20
21707.69230769231
 30
0.0
 11
43035.13846153846
 21
22953.846153846156
 31
0.0
  0
LINE
  5
480
330
17
100
AcDbEntity
  8
DIAG
100
AcDbLine
 10
43184.67692307693
 20
21707.69230769231
 30
0.0
 11
41118.21538461538
 21
22953.846153846156
 31
0.0
  0
LINE
  5
481
330
17
100
AcDbEntity
  8
DIAG
100
AcDbLine
 10
43035.13846153846
 20
22953.846153846156
 30
0.0
 11
42754.4
 21
24200.0
 31
0.0
  0
LINE
  5
482
330
17
100
AcDbEntity
  8
DIAG
100
AcDbLine
 10
42881.78461538462
 20
22953.846153846156
 30
0.0
 11
42885.6
 21
24200.0
 31
0.0
  0
LINE
  5
483
330
17
100
AcDbEntity
  8
DIAG
100
AcDbLine
 10
42881.78461538462
 20
22953.846153846156
 30
0.0
 11
41114.4
 21
24200.0
 31
0.0
  0
LINE
  5
484
330
17
100
AcDbEntity
  8
DIAG
100
AcDbLine
 10
40964.86153846154
 20
22953.846153846156
 30
0.0
 11
42754.4
 21
24200.0
 31
0.0
  0
LINE
  5
485
330
17
100
AcDbEntity
  8
DIAG
100
AcDbLine
 10
40964.86153846154
 20
22953.846153846156
 30
0.0
 11
41245.6
 21
24200.0
 31
0.0
  0
LINE
  5
486
330
17
100
AcDbEntity
  8
DIAG
100
AcDbLine
 10
41118.21538461538
 20
22953.846153846156
 30
0.0
 11
41114.4
 21
24200.0
 31
0.0
  0
LINE
  5
487
330
17
100
AcDbEntity
  8
DIAG
100
AcDbLine
 10
41118.21538461538
 20
22953.846153846156
 30
0.0
 11
42885.6
 21
24200.0
 31
0.0
  0
LINE
  5
488
330
17
100
AcDbEntity
  8
DIAG
100
AcDbLine
 10
43035.13846153846
 20
22953.846153846156
 30
0.0
 11
41245.6
 21
24200.0
 31
0.0
  0
LINE
  5
489
330
17
100
AcDbEntity
  8
HORIZ
100
AcDbLine
 10
44829.6
 20
8000.0
 30
0.0
 11
39170.4
 21
8000.0
 31
0.0
  0
LINE
  5
48A
330
17
100
AcDbEntity
  8
HORIZ
100
AcDbLine
 10
44410.4
 20
8000.0
 30
0.0
 11
39589.6
 21
8000.0
 31
0.0
  0
LINE
  5
48B
330
17
100
AcDbEntity
  8
HORIZ
100
AcDbLine
 10
44680.06153846154
 20
9246.153846153846
 30
0.0
 11
39319.93846153846
 21
9246.153846153846
 31
0.0
  0
LINE
  5
48C
330
17
100
AcDbEntity
  8
HORIZ
100
AcDbLine
 10
44283.015384615384
 20
9246.153846153846
 30
0.0
 11
39716.984615384616
 21
9246.153846153846
 31
0.0
  0
LINE
  5
48D
330
17
100
AcDbEntity
  8
HORIZ
100
AcDbLine
 10
44530.52307692308
 20
10492.307692307691
 30
0.0
 11
39469.47692307692
 21
10492.307692307691
 31
0.0
  0
LINE
  5
48E
330
17
100
AcDbEntity
  8
HORIZ
100
AcDbLine
 10
44155.63076923077
 20
10492.307692307691
 30
0.0
 11
39844.36923076923
 21
10492.307692307691
 31
0.0
  0
LINE
  5
48F
330
17
100
AcDbEntity
  8
HORIZ
100
AcDbLine
 10
44380.984615384616
 20
11738.461538461539
 30
0.0
 11
39619.015384615384
 21
11738.461538461539
 31
0.0
  0
LINE
  5
490
330
17
100
AcDbEntity
  8
HORIZ
100
AcDbLine
 10
44028.24615384615
 20
11738.461538461539
 30
0.0
 11
39971.75384615385
 21
11738.461538461539
 31
0.0
  0
LINE
  5
491
330
17
100
AcDbEntity
  8
HORIZ
100
AcDbLine
 10
44231.446153846155
 20
12984.615384615385
 30
0.0
 11
39768.553846153845
 21
12984.615384615385
 31
0.0
  0
LINE
  5
492
330
17
100
AcDbEntity
  8
HORIZ
100
AcDbLine
 10
43900.86153846153
 20
12984.615384615385
 30
0.0
 11
40099.13846153847
 21
12984.615384615385
 31
0.0
  0
LINE
  5
493
330
17
100
AcDbEntity
  8
HORIZ
100
AcDbLine
 10
44081.90769230769
 20
14230.76923076923
 30
0.0
 11
39918.09230769231
 21
14230.76923076923
 31
0.0
  0
LINE
  5
494
330
17
100
AcDbEntity
  8
HORIZ
100
AcDbLine
 10
43773.47692307692
 20
14230.76923076923
 30
0.0
 11
40226.52307692308
 21
14230.76923076923
 31
0.0
  0
LINE
  5
495
330
17
100
AcDbEntity
  8
HORIZ
100
AcDbLine
 10
43932.369230769225
 20
15476.923076923078
 30
0.0
 11
40067.630769230775
 21
15476.923076923078
 31
0.0
  0
LINE
  5
496
330
17
100
AcDbEntity
  8
HORIZ
100
AcDbLine
 10
43646.092307692306
 20
15476.923076923078
 30
0.0
 11
40353.907692307694
 21
15476.923076923078
 31
0.0
  0
LINE
  5
497
330
17
100
AcDbEntity
  8
HORIZ
100
AcDbLine
 10
43782.83076923077
 20
16723.076923076922
 30
0.0
 11
40217.16923076923
 21
16723.076923076922
 31
0.0
  0
LINE
  5
498
330
17
100
AcDbEntity
  8
HORIZ
100
AcDbLine
 10
43518.7076923077
 20
16723.076923076922
 30
0.0
 11
40481.2923076923
 21
16723.076923076922
 31
0.0
  0
LINE
  5
499
330
17
100
AcDbEntity
  8
HORIZ
100
AcDbLine
 10
43633.29230769231
 20
17969.23076923077
 30
0.0
 11
40366.70769230769
 21
17969.23076923077
 31
0.0
  0
LINE
  5
49A
330
17
100
AcDbEntity
  8
HORIZ
100
AcDbLine
 10
43391.32307692308
 20
17969.23076923077
 30
0.0
 11
40608.67692307692
 21
17969.23076923077
 31
0.0
  0
LINE
  5
49B
330
17
100
AcDbEntity
  8
HORIZ
100
AcDbLine
 10
43483.75384615385
 20
19215.384615384617
 30
0.0
 11
40516.24615384615
 21
19215.384615384617
 31
0.0
  0
LINE
  5
49C
330
17
100
AcDbEntity
  8
HORIZ
100
AcDbLine
 10
43263.93846153846
 20
19215.384615384617
 30
0.0
 11
40736.06153846154
 21
19215.384615384617
 31
0.0
  0
LINE
  5
49D
330
17
100
AcDbEntity
  8
HORIZ
100
AcDbLine
 10
43334.21538461539
 20
20461.53846153846
 30
0.0
 11
40665.78461538461
 21
20461.53846153846
 31
0.0
  0
LINE
  5
49E
330
17
100
AcDbEntity
  8
HORIZ
100
AcDbLine
 10
43136.553846153845
 20
20461.53846153846
 30
0.0
 11
40863.446153846155
 21
20461.53846153846
 31
0.0
  0
LINE
  5
49F
330
17
100
AcDbEntity
  8
HORIZ
100
AcDbLine
 10
43184.67692307693
 20
21707.69230769231
 30
0.0
 11
40815.32307692307
 21
21707.69230769231
 31
0.0
  0
LINE
  5
4A0
330
17
100
AcDbEntity
  8
HORIZ
100
AcDbLine
 10
43009.16923076923
 20
21707.69230769231
 30
0.0
 11
40990.83076923077
 21
21707.69230769231
 31
0.0
  0
LINE
  5
4A1
330
17
100
AcDbEntity
  8
HORIZ
100
AcDbLine
 10
43035.13846153846
 20
22953.846153846156
 30
0.0
 11
40964.86153846154
 21
22953.846153846156
 31
0.0
  0
LINE
  5
4A2
330
17
100
AcDbEntity
  8
HORIZ
100
AcDbLine
 10
42881.78461538462
 20
22953.846153846156
 30
0.0
 11
41118.21538461538
 21
22953.846153846156
 31
0.0
  0
LINE
  5
4A3
330
17
100
AcDbEntity
  8
HORIZ
100
AcDbLine
 10
42885.6
 20
24200.0
 30
0.0
 11
41114.4
 21
24200.0
 31
0.0
  0
LINE
  5
4A4
330
17
100
AcDbEntity
  8
HORIZ
100
AcDbLine
 10
42754.4
 20
24200.0
 30
0.0
 11
41245.6
 21
24200.0
 31
0.0
  0
LINE
  5
4A5
330
17
100
AcDbEntity
  8
KNEE
100
AcDbLine
 10
44829.6
 20
8000.0
 30
0.0
 11
44603.232
 21
8685.384615384615
 31
0.0
  0
LINE
  5
4A6
330
17
100
AcDbEntity
  8
KNEE
100
AcDbLine
 10
44603.232
 20
8685.384615384615
 30
0.0
 11
44680.06153846154
 21
9246.153846153846
 31
0.0
  0
LINE
  5
4A7
330
17
100
AcDbEntity
  8
KNEE
100
AcDbLine
 10
44410.4
 20
8000.0
 30
0.0
 11
44217.568
 21
8685.384615384615
 31
0.0
  0
LINE
  5
4A8
330
17
100
AcDbEntity
  8
KNEE
100
AcDbLine
 10
44217.568
 20
8685.384615384615
 30
0.0
 11
44283.015384615384
 21
9246.153846153846
 31
0.0
  0
LINE
  5
4A9
330
17
100
AcDbEntity
  8
KNEE
100
AcDbLine
 10
39170.4
 20
8000.0
 30
0.0
 11
39396.768
 21
8685.384615384615
 31
0.0
  0
LINE
  5
4AA
330
17
100
AcDbEntity
  8
KNEE
100
AcDbLine
 10
39396.768
 20
8685.384615384615
 30
0.0
 11
39319.93846153846
 21
9246.153846153846
 31
0.0
  0
LINE
  5
4AB
330
17
100
AcDbEntity
  8
KNEE
100
AcDbLine
 10
39589.6
 20
8000.0
 30
0.0
 11
39782.432
 21
8685.384615384615
 31
0.0
  0
LINE
  5
4AC
330
17
100
AcDbEntity
  8
KNEE
100
AcDbLine
 10
39782.432
 20
8685.384615384615
 30
0.0
 11
39716.984615384616
 21
9246.153846153846
 31
0.0
  0
LINE
  5
4AD
330
17
100
AcDbEntity
  8
CROSS
100
AcDbLine
 10
42885.6
 20
24200.0
 30
0.0
 11
42065.6
 21
24200.0
 31
0.0
  0
TEXT
  5
4AE
330
17
100
AcDbEntity
  8
TEXT
100
AcDbText
 10
42475.6
 20
24254.0
 30
0.0
 40
90.0
  1
M0249
 72
1
 11
42475.6
 21
24254.0
 31
0.0
100
AcDbText
 73
2
  0
LINE
  5
4AF
330
17
100
AcDbEntity
  8
CROSS
100
AcDbLine
 10
41245.6
 20
24200.0
 30
0.0
 11
42065.6
 21
24200.0
 31
0.0
  0
TEXT
  5
4B0
330
17
100
AcDbEntity
  8
TEXT
100
AcDbText
 10
41655.6
 20
24254.0
 30
0.0
 40
90.0
  1
M0250
 72
1
 11
41655.6
 21
24254.0
 31
0.0
100
AcDbText
 73
2
  0
LINE
  5
4B1
330
17
100
AcDbEntity
  8
CROSS
100
AcDbLine
 10
42754.4
 20
24200.0
 30
0.0
 11
41934.4
 21
24200.0
 31
0.0
  0
TEXT
  5
4B2
330
17
100
AcDbEntity
  8
TEXT
100
AcDbText
 10
42344.4
 20
24254.0
 30
0.0
 40
90.0
  1
M0251
 72
1
 11
42344.4
 21
24254.0
 31
0.0
100
AcDbText
 73
2
  0
LINE
  5
4B3
330
17
100
AcDbEntity
  8
CROSS
100
AcDbLine
 10
41114.4
 20
24200.0
 30
0.0
 11
41934.4
 21
24200.0
 31
0.0
  0
TEXT
  5
4B4
330
17
100
AcDbEntity
  8
TEXT
100
AcDbText
 10
41524.4
 20
24254.0
 30
0.0
 40
90.0
  1
M0252
 72
1
 11
41524.4
 21
24254.0
 31
0.0
100
AcDbText
 73
2
  0
LINE
  5
4B5
330
17
100
AcDbEntity
  8
CROSS
100
AcDbLine
 10
41934.4
 20
24200.0
 30
0.0
 11
41640.0
 21
24200.0
 31
0.0
  0
TEXT
  5
4B6
330
17
100
AcDbEntity
  8
TEXT
100
AcDbText
 10
41787.2
 20
24254.0
 30
0.0
 40
90.0
  1
M0253
 72
1
 11
41787.2
 21
24254.0
 31
0.0
100
AcDbText
 73
2
  0
LINE
  5
4B7
330
17
100
AcDbEntity
  8
CROSS
100
AcDbLine
 10
41640.0
 20
24200.0
 30
0.0
 11
41480.0
 21
24200.0
 31
0.0
  0
TEXT
  5
4B8
330
17
100
AcDbEntity
  8
TEXT
100
AcDbText
 10
41560.0
 20
24254.0
 30
0.0
 40
90.0
  1
M0254
 72
1
 11
41560.0
 21
24254.0
 31
0.0
100
AcDbText
 73
2
  0
LINE
  5
4B9
330
17
100
AcDbEntity
  8
CROSS
100
AcDbLine
 10
42065.6
 20
24200.0
 30
0.0
 11
42360.0
 21
24200.0
 31
0.0
  0
TEXT
  5
4BA
330
17
100
AcDbEntity
  8
TEXT
100
AcDbText
 10
42212.8
 20
24254.0
 30
0.0
 40
90.0
  1
M0255
 72
1
 11
42212.8
 21
24254.0
 31
0.0
100
AcDbText
 73
2
  0
LINE
  5
4BB
330
17
100
AcDbEntity
  8
CROSS
100
AcDbLine
 10
42360.0
 20
24200.0
 30
0.0
 11
42520.0
 21
24200.0
 31
0.0
  0
TEXT
  5
4BC
330
17
100
AcDbEntity
  8
TEXT
100
AcDbText
 10
42440.0
 20
24254.0
 30
0.0
 40
90.0
  1
M0256
 72
1
 11
42440.0
 21
24254.0
 31
0.0
100
AcDbText
 73
2
  0
LINE
  5
4BD
330
17
100
AcDbEntity
  8
DIAG
100
AcDbLine
 10
43035.13846153846
 20
22953.846153846156
 30
0.0
 11
42360.0
 21
24200.0
 31
0.0
  0
LINE
  5
4BE
330
17
100
AcDbEntity
  8
DIAG
100
AcDbLine
 10
41118.21538461538
 20
22953.846153846156
 30
0.0
 11
42360.0
 21
24200.0
 31
0.0
  0
LINE
  5
4BF
330
17
100
AcDbEntity
  8
DIAG
100
AcDbLine
 10
42881.78461538462
 20
22953.846153846156
 30
0.0
 11
41640.0
 21
24200.0
 31
0.0
  0
LINE
  5
4C0
330
17
100
AcDbEntity
  8
DIAG
100
AcDbLine
 10
40964.86153846154
 20
22953.846153846156
 30
0.0
 11
41640.0
 21
24200.0
 31
0.0
  0
LINE
  5
4C1
330
17
100
AcDbEntity
  8
DIAG
100
AcDbLine
 10
41640.0
 20
24200.0
 30
0.0
 11
41480.0
 21
24200.0
 31
0.0
  0
LINE
  5
4C2
330
17
100
AcDbEntity
  8
DIAG
100
AcDbLine
 10
41934.4
 20
24200.0
 30
0.0
 11
41480.0
 21
24200.0
 31
0.0
  0
LINE
  5
4C3
330
17
100
AcDbEntity
  8
DIAG
100
AcDbLine
 10
42360.0
 20
24200.0
 30
0.0
 11
42520.0
 21
24200.0
 31
0.0
  0
LINE
  5
4C4
330
17
100
AcDbEntity
  8
DIAG
100
AcDbLine
 10
42065.6
 20
24200.0
 30
0.0
 11
42520.0
 21
24200.0
 31
0.0
  0
LINE
  5
4C5
330
17
100
AcDbEntity
  8
CROSS
100
AcDbLine
 10
41480.0
 20
24200.0
 30
0.0
 11
41560.0
 21
22400.0
 31
0.0
  0
LINE
  5
4C6
330
17
100
AcDbEntity
  8
CROSS
100
AcDbLine
 10
41560.0
 20
22400.0
 30
0.0
 11
41640.0
 21
24200.0
 31
0.0
  0
LINE
  5
4C7
330
17
100
AcDbEntity
  8
CROSS
100
AcDbLine
 10
42520.0
 20
24200.0
 30
0.0
 11
42440.0
 21
22400.0
 31
0.0
  0
LINE
  5
4C8
330
17
100
AcDbEntity
  8
CROSS
100
AcDbLine
 10
42440.0
 20
22400.0
 30
0.0
 11
42360.0
 21
24200.0
 31
0.0
  0
LINE
  5
4C9
330
17
100
AcDbEntity
  8
HEAD
100
AcDbLine
 10
42885.6
 20
24200.0
 30
0.0
 11
42702.0
 21
25500.0
 31
0.0
  0
TEXT
  5
4CA
330
17
100
AcDbEntity
  8
TEXT
100
AcDbText
 10
42793.8
 20
24904.0
 30
0.0
 40
90.0
  1
M0269
 72
1
 11
42793.8
 21
24904.0
 31
0.0
100
AcDbText
 73
2
  0
LINE
  5
4CB
330
17
100
AcDbEntity
  8
HEAD
100
AcDbLine
 10
42754.4
 20
24200.0
 30
0.0
 11
42598.0
 21
25500.0
 31
0.0
  0
TEXT
  5
4CC
330
17
100
AcDbEntity
  8
TEXT
100
AcDbText
 10
42676.2
 20
24904.0
 30
0.0
 40
90.0
  1
M0270
 72
1
 11
42676.2
 21
24904.0
 31
0.0
100
AcDbText
 73
2
  0
LINE
  5
4CD
330
17
100
AcDbEntity
  8
HEAD
100
AcDbLine
 10
41114.4
 20
24200.0
 30
0.0
 11
41298.0
 21
25500.0
 31
0.0
  0
TEXT
  5
4CE
330
17
100
AcDbEntity
  8
TEXT
100
AcDbText
 10
41206.2
 20
24904.0
 30
0.0
 40
90.0
  1
M0271
 72
1
 11
41206.2
 21
24904.0
 31
0.0
100
AcDbText
 73
2
  0
LINE
  5
4CF
330
17
100
AcDbEntity
  8
HEAD
100
AcDbLine
 10
41245.6
 20
24200.0
 30
0.0
 11
41402.0
 21
25500.0
 31
0.0
  0
TEXT
  5
4D0
330
17
100
AcDbEntity
  8
TEXT
100
AcDbText
 10
41323.8
 20
24904.0
 30
0.0
 40
90.0
  1
M0272
 72
1
 11
41323.8
 21
24904.0
 31
0.0
100
AcDbText
 73
2
  0
LINE
  5
4D1
330
17
100
AcDbEntity
  8
HEAD
100
AcDbLine
 10
42702.0
 20
25500.0
 30
0.0
 11
42518.4
 21
26800.0
 31
0.0
  0
TEXT
  5
4D2
330
17
100
AcDbEntity
  8
TEXT
100
AcDbText
 10
42610.2
 20
26204.0
 30
0.0
 40
90.0
  1
M0273
 72
1
 11
42610.2
 21
26204.0
 31
0.0
100
AcDbText
 73
2
  0
LINE
  5
4D3
330
17
100
AcDbEntity
  8
HEAD
100
AcDbLine
 10
42598.0
 20
25500.0
 30
0.0
 11
42441.6
 21
26800.0
 31
0.0
  0
TEXT
  5
4D4
330
17
100
AcDbEntity
  8
TEXT
100
AcDbText
 10
42519.8
 20
26204.0
 30
0.0
 40
90.0
  1
M0274
 72
1
 11
42519.8
 21
26204.0
 31
0.0
100
AcDbText
 73
2
  0
LINE
  5
4D5
330
17
100
AcDbEntity
  8
HEAD
100
AcDbLine
 10
41298.0
 20
25500.0
 30
0.0
 11
41481.6
 21
26800.0
 31
0.0
  0
TEXT
  5
4D6
330
17
100
AcDbEntity
  8
TEXT
100
AcDbText
 10
41389.8
 20
26204.0
 30
0.0
 40
90.0
  1
M0275
 72
1
 11
41389.8
 21
26204.0
 31
0.0
100
AcDbText
 73
2
  0
LINE
  5
4D7
330
17
100
AcDbEntity
  8
HEAD
100
AcDbLine
 10
41402.0
 20
25500.0
 30
0.0
 11
41558.4
 21
26800.0
 31
0.0
  0
TEXT
  5
4D8
330
17
100
AcDbEntity
  8
TEXT
100
AcDbText
 10
41480.2
 20
26204.0
 30
0.0
 40
90.0
  1
M0276
 72
1
 11
41480.2
 21
26204.0
 31
0.0
100
AcDbText
 73
2
  0
LINE
  5
4D9
330
17
100
AcDbEntity
  8
HEAD
100
AcDbLine
 10
42518.4
 20
26800.0
 30
0.0
 11
42345.6
 21
27500.0
 31
0.0
  0
TEXT
  5
4DA
330
17
100
AcDbEntity
  8
TEXT
100
AcDbText
 10
42432.0
 20
27204.0
 30
0.0
 40
90.0
  1
M0277
 72
1
 11
42432.0
 21
27204.0
 31
0.0
100
AcDbText
 73
2
  0
LINE
  5
4DB
330
17
100
AcDbEntity
  8
HEAD
100
AcDbLine
 10
42441.6
 20
26800.0
 30
0.0
 11
42294.4
 21
27500.0
 31
0.0
  0
TEXT
  5
4DC
330
17
100
AcDbEntity
  8
TEXT
100
AcDbText
 10
42368.0
 20
27204.0
 30
0.0
 40
90.0
  1
M0278
 72
1
 11
42368.0
 21
27204.0
 31
0.0
100
AcDbText
 73
2
  0
LINE
  5
4DD
330
17
100
AcDbEntity
  8
HEAD
100
AcDbLine
 10
41481.6
 20
26800.0
 30
0.0
 11
41654.4
 21
27500.0
 31
0.0
  0
TEXT
  5
4DE
330
17
100
AcDbEntity
  8
TEXT
100
AcDbText
 10
41568.0
 20
27204.0
 30
0.0
 40
90.0
  1
M0279
 72
1
 11
41568.0
 21
27204.0
 31
0.0
100
AcDbText
 73
2
  0
LINE
  5
4DF
330
17
100
AcDbEntity
  8
HEAD
100
AcDbLine
 10
41558.4
 20
26800.0
 30
0.0
 11
41705.6
 21
27500.0
 31
0.0
  0
TEXT
  5
4E0
330
17
100
AcDbEntity
  8
TEXT
100
AcDbText
 10
41632.0
 20
27204.0
 30
0.0
 40
90.0
  1
M0280
 72
1
 11
41632.0
 21
27204.0
 31
0.0
100
AcDbText
 73
2
  0
LINE
  5
4E1
330
17
100
AcDbEntity
  8
DIAG
100
AcDbLine
 10
42702.0
 20
25500.0
 30
0.0
 11
42598.0
 21
25500.0
 31
0.0
  0
LINE
  5
4E2
330
17
100
AcDbEntity
  8
DIAG
100
AcDbLine
 10
42598.0
 20
25500.0
 30
0.0
 11
41298.0
 21
25500.0
 31
0.0
  0
LINE
  5
4E3
330
17
100
AcDbEntity
  8
DIAG
100
AcDbLine
 10
41298.0
 20
25500.0
 30
0.0
 11
41402.0
 21
25500.0
 31
0.0
  0
LINE
  5
4E4
330
17
100
AcDbEntity
  8
DIAG
100
AcDbLine
 10
41402.0
 20
25500.0
 30
0.0
 11
42702.0
 21
25500.0
 31
0.0
  0
LINE
  5
4E5
330
17
100
AcDbEntity
  8
DIAG
100
AcDbLine
 10
42518.4
 20
26800.0
 30
0.0
 11
42441.6
 21
26800.0
 31
0.0
  0
LINE
  5
4E6
330
17
100
AcDbEntity
  8
DIAG
100
AcDbLine
 10
42441.6
 20
26800.0
 30
0.0
 11
41481.6
 21
26800.0
 31
0.0
  0
LINE
  5
4E7
330
17
100
AcDbEntity
  8
DIAG
100
AcDbLine
 10
41481.6
 20
26800.0
 30
0.0
 11
41558.4
 21
26800.0
 31
0.0
  0
LINE
  5
4E8
330
17
100
AcDbEntity
  8
DIAG
100
AcDbLine
 10
41558.4
 20
26800.0
 30
0.0
 11
42518.4
 21
26800.0
 31
0.0
  0
LINE
  5
4E9
330
17
100
AcDbEntity
  8
DIAG
100
AcDbLine
 10
42345.6
 20
27500.0
 30
0.0
 11
42294.4
 21
27500.0
 31
0.0
  0
LINE
  5
4EA
330
17
100
AcDbEntity
  8
DIAG
100
AcDbLine
 10
42294.4
 20
27500.0
 30
0.0
 11
41654.4
 21
27500.0
 31
0.0
  0
LINE
  5
4EB
330
17
100
AcDbEntity
  8
DIAG
100
AcDbLine
 10
41654.4
 20
27500.0
 30
0.0
 11
41705.6
 21
27500.0
 31
0.0
  0
LINE
  5
4EC
330
17
100
AcDbEntity
  8
DIAG
100
AcDbLine
 10
41705.6
 20
27500.0
 30
0.0
 11
42345.6
 21
27500.0
 31
0.0
  0
LINE
  5
4ED
330
17
100
AcDbEntity
  8
DIAG
100
AcDbLine
 10
42702.0
 20
25500.0
 30
0.0
 11
42441.6
 21
26800.0
 31
0.0
  0
LINE
  5
4EE
330
17
100
AcDbEntity
  8
DIAG
100
AcDbLine
 10
42598.0
 20
25500.0
 30
0.0
 11
42518.4
 21
26800.0
 31
0.0
  0
LINE
  5
4EF
330
17
100
AcDbEntity
  8
DIAG
100
AcDbLine
 10
42598.0
 20
25500.0
 30
0.0
 11
41481.6
 21
26800.0
 31
0.0
  0
LINE
  5
4F0
330
17
100
AcDbEntity
  8
DIAG
100
AcDbLine
 10
41298.0
 20
25500.0
 30
0.0
 11
42441.6
 21
26800.0
 31
0.0
  0
LINE
  5
4F1
330
17
100
AcDbEntity
  8
DIAG
100
AcDbLine
 10
41298.0
 20
25500.0
 30
0.0
 11
41558.4
 21
26800.0
 31
0.0
  0
LINE
  5
4F2
330
17
100
AcDbEntity
  8
DIAG
100
AcDbLine
 10
41402.0
 20
25500.0
 30
0.0
 11
41481.6
 21
26800.0
 31
0.0
  0
LINE
  5
4F3
330
17
100
AcDbEntity
  8
DIAG
100
AcDbLine
 10
41402.0
 20
25500.0
 30
0.0
 11
42518.4
 21
26800.0
 31
0.0
  0
LINE
  5
4F4
330
17
100
AcDbEntity
  8
DIAG
100
AcDbLine
 10
42702.0
 20
25500.0
 30
0.0
 11
41558.4
 21
26800.0
 31
0.0
  0
LINE
  5
4F5
330
17
100
AcDbEntity
  8
DIAG
100
AcDbLine
 10
42518.4
 20
26800.0
 30
0.0
 11
42294.4
 21
27500.0
 31
0.0
  0
LINE
  5
4F6
330
17
100
AcDbEntity
  8
DIAG
100
AcDbLine
 10
42441.6
 20
26800.0
 30
0.0
 11
42345.6
 21
27500.0
 31
0.0
  0
LINE
  5
4F7
330
17
100
AcDbEntity
  8
DIAG
100
AcDbLine
 10
42441.6
 20
26800.0
 30
0.0
 11
41654.4
 21
27500.0
 31
0.0
  0
LINE
  5
4F8
330
17
100
AcDbEntity
  8
DIAG
100
AcDbLine
 10
41481.6
 20
26800.0
 30
0.0
 11
42294.4
 21
27500.0
 31
0.0
  0
LINE
  5
4F9
330
17
100
AcDbEntity
  8
DIAG
100
AcDbLine
 10
41481.6
 20
26800.0
 30
0.0
 11
41705.6
 21
27500.0
 31
0.0
  0
LINE
  5
4FA
330
17
100
AcDbEntity
  8
DIAG
100
AcDbLine
 10
41558.4
 20
26800.0
 30
0.0
 11
41654.4
 21
27500.0
 31
0.0
  0
LINE
  5
4FB
330
17
100
AcDbEntity
  8
DIAG
100
AcDbLine
 10
41558.4
 20
26800.0
 30
0.0
 11
42345.6
 21
27500.0
 31
0.0
  0
LINE
  5
4FC
330
17
100
AcDbEntity
  8
DIAG
100
AcDbLine
 10
42518.4
 20
26800.0
 30
0.0
 11
41705.6
 21
27500.0
 31
0.0
  0
LINE
  5
4FD
330
17
100
AcDbEntity
  8
DIAG
100
AcDbLine
 10
42345.6
 20
27500.0
 30
0.0
 11
42112.0
 21
27500.0
 31
0.0
  0
LINE
  5
4FE
330
17
100
AcDbEntity
  8
DIAG
100
AcDbLine
 10
42294.4
 20
27500.0
 30
0.0
 11
41888.0
 21
27500.0
 31
0.0
  0
LINE
  5
4FF
330
17
100
AcDbEntity
  8
DIAG
100
AcDbLine
 10
41888.0
 20
27500.0
 30
0.0
 11
41928.0
 21
28200.0
 31
0.0
  0
LINE
  5
500
330
17
100
AcDbEntity
  8
DIAG
100
AcDbLine
 10
42112.0
 20
27500.0
 30
0.0
 11
42072.0
 21
28200.0
 31
0.0
  0
LINE
  5
501
330
17
100
AcDbEntity
  8
DIAG
100
AcDbLine
 10
41928.0
 20
28200.0
 30
0.0
 11
42000.0
 21
29000.0
 31
0.0
  0
LINE
  5
502
330
17
100
AcDbEntity
  8
DIAG
100
AcDbLine
 10
42072.0
 20
28200.0
 30
0.0
 11
42000.0
 21
29000.0
 31
0.0
  0
LINE
  5
503
330
17
100
AcDbEntity
  8
DIAG
100
AcDbLine
 10
42345.6
 20
27500.0
 30
0.0
 11
42072.0
 21
28200.0
 31
0.0
  0
LINE
  5
504
330
17
100
AcDbEntity
  8
DIAG
100
AcDbLine
 10
42294.4
 20
27500.0
 30
0.0
 11
41928.0
 21
28200.0
 31
0.0
  0
CIRCLE
  5
505
330
17
100
AcDbEntity
  8
NODE
100
AcDbCircle
 10
44829.6
 20
8000.0
 30
0.0
 40
35.0
  0
CIRCLE
  5
506
330
17
100
AcDbEntity
  8
NODE
100
AcDbCircle
 10
44410.4
 20
8000.0
 30
0.0
 40
35.0
  0
CIRCLE
  5
507
330
17
100
AcDbEntity
  8
NODE
100
AcDbCircle
 10
39170.4
 20
8000.0
 30
0.0
 40
35.0
  0
CIRCLE
  5
508
330
17
100
AcDbEntity
  8
NODE
100
AcDbCircle
 10
39589.6
 20
8000.0
 30
0.0
 40
35.0
  0
CIRCLE
  5
509
330
17
100
AcDbEntity
  8
NODE
100
AcDbCircle
 10
44680.06153846154
 20
9246.153846153846
 30
0.0
 40
35.0
  0
CIRCLE
  5
50A
330
17
100
AcDbEntity
  8
NODE
100
AcDbCircle
 10
44283.015384615384
 20
9246.153846153846
 30
0.0
 40
35.0
  0
CIRCLE
  5
50B
330
17
100
AcDbEntity
  8
NODE
100
AcDbCircle
 10
39319.93846153846
 20
9246.153846153846
 30
0.0
 40
35.0
  0
CIRCLE
  5
50C
330
17
100
AcDbEntity
  8
NODE
100
AcDbCircle
 10
39716.984615384616
 20
9246.153846153846
 30
0.0
 40
35.0
  0
CIRCLE
  5
50D
330
17
100
AcDbEntity
  8
NODE
100
AcDbCircle
 10
44530.52307692308
 20
10492.307692307691
 30
0.0
 40
35.0
  0
CIRCLE
  5
50E
330
17
100
AcDbEntity
  8
NODE
100
AcDbCircle
 10
44155.63076923077
 20
10492.307692307691
 30
0.0
 40
35.0
  0
CIRCLE
  5
50F
330
17
100
AcDbEntity
  8
NODE
100
AcDbCircle
 10
39469.47692307692
 20
10492.307692307691
 30
0.0
 40
35.0
  0
CIRCLE
  5
510
330
17
100
AcDbEntity
  8
NODE
100
AcDbCircle
 10
39844.36923076923
 20
10492.307692307691
 30
0.0
 40
35.0
  0
CIRCLE
  5
511
330
17
100
AcDbEntity
  8
NODE
100
AcDbCircle
 10
44380.984615384616
 20
11738.461538461539
 30
0.0
 40
35.0
  0
CIRCLE
  5
512
330
17
100
AcDbEntity
  8
NODE
100
AcDbCircle
 10
44028.24615384615
 20
11738.461538461539
 30
0.0
 40
35.0
  0
CIRCLE
  5
513
330
17
100
AcDbEntity
  8
NODE
100
AcDbCircle
 10
39619.015384615384
 20
11738.461538461539
 30
0.0
 40
35.0
  0
CIRCLE
  5
514
330
17
100
AcDbEntity
  8
NODE
100
AcDbCircle
 10
39971.75384615385
 20
11738.461538461539
 30
0.0
 40
35.0
  0
CIRCLE
  5
515
330
17
100
AcDbEntity
  8
NODE
100
AcDbCircle
 10
44231.446153846155
 20
12984.615384615385
 30
0.0
 40
35.0
  0
CIRCLE
  5
516
330
17
100
AcDbEntity
  8
NODE
100
AcDbCircle
 10
43900.86153846153
 20
12984.615384615385
 30
0.0
 40
35.0
  0
CIRCLE
  5
517
330
17
100
AcDbEntity
  8
NODE
100
AcDbCircle
 10
39768.553846153845
 20
12984.615384615385
 30
0.0
 40
35.0
  0
CIRCLE
  5
518
330
17
100
AcDbEntity
  8
NODE
100
AcDbCircle
 10
40099.13846153847
 20
12984.615384615385
 30
0.0
 40
35.0
  0
CIRCLE
  5
519
330
17
100
AcDbEntity
  8
NODE
100
AcDbCircle
 10
44081.90769230769
 20
14230.76923076923
 30
0.0
 40
35.0
  0
CIRCLE
  5
51A
330
17
100
AcDbEntity
  8
NODE
100
AcDbCircle
 10
43773.47692307692
 20
14230.76923076923
 30
0.0
 40
35.0
  0
CIRCLE
  5
51B
330
17
100
AcDbEntity
  8
NODE
100
AcDbCircle
 10
39918.09230769231
 20
14230.76923076923
 30
0.0
 40
35.0
  0
CIRCLE
  5
51C
330
17
100
AcDbEntity
  8
NODE
100
AcDbCircle
 10
40226.52307692308
 20
14230.76923076923
 30
0.0
 40
35.0
  0
CIRCLE
  5
51D
330
17
100
AcDbEntity
  8
NODE
100
AcDbCircle
 10
43932.369230769225
 20
15476.923076923078
 30
0.0
 40
35.0
  0
CIRCLE
  5
51E
330
17
100
AcDbEntity
  8
NODE
100
AcDbCircle
 10
43646.092307692306
 20
15476.923076923078
 30
0.0
 40
35.0
  0
CIRCLE
  5
51F
330
17
100
AcDbEntity
  8
NODE
100
AcDbCircle
 10
40067.630769230775
 20
15476.923076923078
 30
0.0
 40
35.0
  0
CIRCLE
  5
520
330
17
100
AcDbEntity
  8
NODE
100
AcDbCircle
 10
40353.907692307694
 20
15476.923076923078
 30
0.0
 40
35.0
  0
CIRCLE
  5
521
330
17
100
AcDbEntity
  8
NODE
100
AcDbCircle
 10
43782.83076923077
 20
16723.076923076922
 30
0.0
 40
35.0
  0
CIRCLE
  5
522
330
17
100
AcDbEntity
  8
NODE
100
AcDbCircle
 10
43518.7076923077
 20
16723.076923076922
 30
0.0
 40
35.0
  0
CIRCLE
  5
523
330
17
100
AcDbEntity
  8
NODE
100
AcDbCircle
 10
40217.16923076923
 20
16723.076923076922
 30
0.0
 40
35.0
  0
CIRCLE
  5
524
330
17
100
AcDbEntity
  8
NODE
100
AcDbCircle
 10
40481.2923076923
 20
16723.076923076922
 30
0.0
 40
35.0
  0
CIRCLE
  5
525
330
17
100
AcDbEntity
  8
NODE
100
AcDbCircle
 10
43633.29230769231
 20
17969.23076923077
 30
0.0
 40
35.0
  0
CIRCLE
  5
526
330
17
100
AcDbEntity
  8
NODE
100
AcDbCircle
 10
43391.32307692308
 20
17969.23076923077
 30
0.0
 40
35.0
  0
CIRCLE
  5
527
330
17
100
AcDbEntity
  8
NODE
100
AcDbCircle
 10
40366.70769230769
 20
17969.23076923077
 30
0.0
 40
35.0
  0
CIRCLE
  5
528
330
17
100
AcDbEntity
  8
NODE
100
AcDbCircle
 10
40608.67692307692
 20
17969.23076923077
 30
0.0
 40
35.0
  0
CIRCLE
  5
529
330
17
100
AcDbEntity
  8
NODE
100
AcDbCircle
 10
43483.75384615385
 20
19215.384615384617
 30
0.0
 40
35.0
  0
CIRCLE
  5
52A
330
17
100
AcDbEntity
  8
NODE
100
AcDbCircle
 10
43263.93846153846
 20
19215.384615384617
 30
0.0
 40
35.0
  0
CIRCLE
  5
52B
330
17
100
AcDbEntity
  8
NODE
100
AcDbCircle
 10
40516.24615384615
 20
19215.384615384617
 30
0.0
 40
35.0
  0
CIRCLE
  5
52C
330
17
100
AcDbEntity
  8
NODE
100
AcDbCircle
 10
40736.06153846154
 20
19215.384615384617
 30
0.0
 40
35.0
  0
CIRCLE
  5
52D
330
17
100
AcDbEntity
  8
NODE
100
AcDbCircle
 10
43334.21538461539
 20
20461.53846153846
 30
0.0
 40
35.0
  0
CIRCLE
  5
52E
330
17
100
AcDbEntity
  8
NODE
100
AcDbCircle
 10
43136.553846153845
 20
20461.53846153846
 30
0.0
 40
35.0
  0
CIRCLE
  5
52F
330
17
100
AcDbEntity
  8
NODE
100
AcDbCircle
 10
40665.78461538461
 20
20461.53846153846
 30
0.0
 40
35.0
  0
CIRCLE
  5
530
330
17
100
AcDbEntity
  8
NODE
100
AcDbCircle
 10
40863.446153846155
 20
20461.53846153846
 30
0.0
 40
35.0
  0
CIRCLE
  5
531
330
17
100
AcDbEntity
  8
NODE
100
AcDbCircle
 10
43184.67692307693
 20
21707.69230769231
 30
0.0
 40
35.0
  0
CIRCLE
  5
532
330
17
100
AcDbEntity
  8
NODE
100
AcDbCircle
 10
43009.16923076923
 20
21707.69230769231
 30
0.0
 40
35.0
  0
CIRCLE
  5
533
330
17
100
AcDbEntity
  8
NODE
100
AcDbCircle
 10
40815.32307692307
 20
21707.69230769231
 30
0.0
 40
35.0
  0
CIRCLE
  5
534
330
17
100
AcDbEntity
  8
NODE
100
AcDbCircle
 10
40990.83076923077
 20
21707.69230769231
 30
0.0
 40
35.0
  0
CIRCLE
  5
535
330
17
100
AcDbEntity
  8
NODE
100
AcDbCircle
 10
43035.13846153846
 20
22953.846153846156
 30
0.0
 40
35.0
  0
CIRCLE
  5
536
330
17
100
AcDbEntity
  8
NODE
100
AcDbCircle
 10
42881.78461538462
 20
22953.846153846156
 30
0.0
 40
35.0
  0
CIRCLE
  5
537
330
17
100
AcDbEntity
  8
NODE
100
AcDbCircle
 10
40964.86153846154
 20
22953.846153846156
 30
0.0
 40
35.0
  0
CIRCLE
  5
538
330
17
100
AcDbEntity
  8
NODE
100
AcDbCircle
 10
41118.21538461538
 20
22953.846153846156
 30
0.0
 40
35.0
  0
CIRCLE
  5
539
330
17
100
AcDbEntity
  8
NODE
100
AcDbCircle
 10
42885.6
 20
24200.0
 30
0.0
 40
35.0
  0
CIRCLE
  5
53A
330
17
100
AcDbEntity
  8
NODE
100
AcDbCircle
 10
42754.4
 20
24200.0
 30
0.0
 40
35.0
  0
CIRCLE
  5
53B
330
17
100
AcDbEntity
  8
NODE
100
AcDbCircle
 10
41114.4
 20
24200.0
 30
0.0
 40
35.0
  0
CIRCLE
  5
53C
330
17
100
AcDbEntity
  8
NODE
100
AcDbCircle
 10
41245.6
 20
24200.0
 30
0.0
 40
35.0
  0
CIRCLE
  5
53D
330
17
100
AcDbEntity
  8
NODE
100
AcDbCircle
 10
44603.232
 20
8685.384615384615
 30
0.0
 40
35.0
  0
CIRCLE
  5
53E
330
17
100
AcDbEntity
  8
NODE
100
AcDbCircle
 10
44217.568
 20
8685.384615384615
 30
0.0
 40
35.0
  0
CIRCLE
  5
53F
330
17
100
AcDbEntity
  8
NODE
100
AcDbCircle
 10
39396.768
 20
8685.384615384615
 30
0.0
 40
35.0
  0
CIRCLE
  5
540
330
17
100
AcDbEntity
  8
NODE
100
AcDbCircle
 10
39782.432
 20
8685.384615384615
 30
0.0
 40
35.0
  0
CIRCLE
  5
541
330
17
100
AcDbEntity
  8
NODE
100
AcDbCircle
 10
41934.4
 20
24200.0
 30
0.0
 40
35.0
  0
CIRCLE
  5
542
330
17
100
AcDbEntity
  8
NODE
100
AcDbCircle
 10
41640.0
 20
24200.0
 30
0.0
 40
35.0
  0
CIRCLE
  5
543
330
17
100
AcDbEntity
  8
NODE
100
AcDbCircle
 10
41480.0
 20
24200.0
 30
0.0
 40
35.0
  0
CIRCLE
  5
544
330
17
100
AcDbEntity
  8
NODE
100
AcDbCircle
 10
42065.6
 20
24200.0
 30
0.0
 40
35.0
  0
CIRCLE
  5
545
330
17
100
AcDbEntity
  8
NODE
100
AcDbCircle
 10
42360.0
 20
24200.0
 30
0.0
 40
35.0
  0
CIRCLE
  5
546
330
17
100
AcDbEntity
  8
NODE
100
AcDbCircle
 10
42520.0
 20
24200.0
 30
0.0
 40
35.0
  0
CIRCLE
  5
547
330
17
100
AcDbEntity
  8
NODE
100
AcDbCircle
 10
41560.0
 20
22400.0
 30
0.0
 40
35.0
  0
CIRCLE
  5
548
330
17
100
AcDbEntity
  8
NODE
100
AcDbCircle
 10
42440.0
 20
22400.0
 30
0.0
 40
35.0
  0
CIRCLE
  5
549
330
17
100
AcDbEntity
  8
NODE
100
AcDbCircle
 10
42702.0
 20
25500.0
 30
0.0
 40
35.0
  0
CIRCLE
  5
54A
330
17
100
AcDbEntity
  8
NODE
100
AcDbCircle
 10
42598.0
 20
25500.0
 30
0.0
 40
35.0
  0
CIRCLE
  5
54B
330
17
100
AcDbEntity
  8
NODE
100
AcDbCircle
 10
41298.0
 20
25500.0
 30
0.0
 40
35.0
  0
CIRCLE
  5
54C
330
17
100
AcDbEntity
  8
NODE
100
AcDbCircle
 10
41402.0
 20
25500.0
 30
0.0
 40
35.0
  0
CIRCLE
  5
54D
330
17
100
AcDbEntity
  8
NODE
100
AcDbCircle
 10
42518.4
 20
26800.0
 30
0.0
 40
35.0
  0
CIRCLE
  5
54E
330
17
100
AcDbEntity
  8
NODE
100
AcDbCircle
 10
42441.6
 20
26800.0
 30
0.0
 40
35.0
  0
CIRCLE
  5
54F
330
17
100
AcDbEntity
  8
NODE
100
AcDbCircle
 10
41481.6
 20
26800.0
 30
0.0
 40
35.0
  0
CIRCLE
  5
550
330
17
100
AcDbEntity
  8
NODE
100
AcDbCircle
 10
41558.4
 20
26800.0
 30
0.0
 40
35.0
  0
CIRCLE
  5
551
330
17
100
AcDbEntity
  8
NODE
100
AcDbCircle
 10
42345.6
 20
27500.0
 30
0.0
 40
35.0
  0
CIRCLE
  5
552
330
17
100
AcDbEntity
  8
NODE
100
AcDbCircle
 10
42294.4
 20
27500.0
 30
0.0
 40
35.0
  0
CIRCLE
  5
553
330
17
100
AcDbEntity
  8
NODE
100
AcDbCircle
 10
41654.4
 20
27500.0
 30
0.0
 40
35.0
  0
CIRCLE
  5
554
330
17
100
AcDbEntity
  8
NODE
100
AcDbCircle
 10
41705.6
 20
27500.0
 30
0.0
 40
35.0
  0
CIRCLE
  5
555
330
17
100
AcDbEntity
  8
NODE
100
AcDbCircle
 10
41888.0
 20
27500.0
 30
0.0
 40
35.0
  0
CIRCLE
  5
556
330
17
100
AcDbEntity
  8
NODE
100
AcDbCircle
 10
42112.0
 20
27500.0
 30
0.0
 40
35.0
  0
CIRCLE
  5
557
330
17
100
AcDbEntity
  8
NODE
100
AcDbCircle
 10
42000.0
 20
29000.0
 30
0.0
 40
35.0
  0
CIRCLE
  5
558
330
17
100
AcDbEntity
  8
NODE
100
AcDbCircle
 10
41928.0
 20
28200.0
 30
0.0
 40
35.0
  0
CIRCLE
  5
559
330
17
100
AcDbEntity
  8
NODE
100
AcDbCircle
 10
42072.0
 20
28200.0
 30
0.0
 40
35.0
  0
LINE
  5
55A
330
17
100
AcDbEntity
  8
DIM
100
AcDbLine
 10
39380.0
 20
8000.0
 30
0.0
 11
39380.0
 21
7100.0
 31
0.0
  0
LINE
  5
55B
330
17
100
AcDbEntity
  8
DIM
100
AcDbLine
 10
44620.0
 20
8000.0
 30
0.0
 11
44620.0
 21
7100.0
 31
0.0
  0
LINE
  5
55C
330
17
100
AcDbEntity
  8
DIM
100
AcDbLine
 10
39380.0
 20
7100.0
 30
0.0
 11
44620.0
 21
7100.0
 31
0.0
  0
TEXT
  5
55D
330
17
100
AcDbEntity
  8
DIM
100
AcDbText
 10
42000.0
 20
6920.0
 30
0.0
 40
200.0
  1
5240
 72
1
 11
42000.0
 21
6920.0
 31
0.0
100
AcDbText
 73
2
  0
LINE
  5
55E
330
17
100
AcDbEntity
  8
DIM
100
AcDbLine
 10
44620.0
 20
8000.0
 30
0.0
 11
45820.0
 21
8000.0
 31
0.0
  0
LINE
  5
55F
330
17
100
AcDbEntity
  8
DIM
100
AcDbLine
 10
44620.0
 20
29000.0
 30
0.0
 11
45820.0
 21
29000.0
 31
0.0
  0
LINE
  5
560
330
17
100
AcDbEntity
  8
DIM
100
AcDbLine
 10
45820.0
 20
8000.0
 30
0.0
 11
45820.0
 21
29000.0
 31
0.0
  0
TEXT
  5
561
330
17
100
AcDbEntity
  8
DIM
100
AcDbText
 10
45540.0
 20
18500.0
 30
0.0
 40
200.0
  1
21000
 72
1
 11
45540.0
 21
18500.0
 31
0.0
100
AcDbText
 73
2
  0
TEXT
  5
562
330
17
100
AcDbEntity
  8
TEXT
100
AcDbText
 10
6000.0
 20
34500.0
 30
0.0
 40
350.0
  1
PLAN Z=0 基础层
 11
6000.0
 21
34500.0
 31
0.0
100
AcDbText
  0
LINE
  5
563
330
17
100
AcDbEntity
  8
LEG
100
AcDbLine
 10
8620.0
 20
40620.0
 30
0.0
 11
8481.538461538461
 21
40481.53846153846
 31
0.0
  0
LINE
  5
564
330
17
100
AcDbEntity
  8
LEG
100
AcDbLine
 10
3380.0
 20
40620.0
 30
0.0
 11
3518.4615384615386
 21
40481.53846153846
 31
0.0
  0
LINE
  5
565
330
17
100
AcDbEntity
  8
LEG
100
AcDbLine
 10
3380.0
 20
35380.0
 30
0.0
 11
3518.4615384615386
 21
35518.46153846154
 31
0.0
  0
LINE
  5
566
330
17
100
AcDbEntity
  8
LEG
100
AcDbLine
 10
8620.0
 20
35380.0
 30
0.0
 11
8481.538461538461
 21
35518.46153846154
 31
0.0
  0
LINE
  5
567
330
17
100
AcDbEntity
  8
HORIZ
100
AcDbLine
 10
8620.0
 20
40620.0
 30
0.0
 11
3380.0
 21
40620.0
 31
0.0
  0
LINE
  5
568
330
17
100
AcDbEntity
  8
HORIZ
100
AcDbLine
 10
3380.0
 20
40620.0
 30
0.0
 11
3380.0
 21
35380.0
 31
0.0
  0
LINE
  5
569
330
17
100
AcDbEntity
  8
HORIZ
100
AcDbLine
 10
3380.0
 20
35380.0
 30
0.0
 11
8620.0
 21
35380.0
 31
0.0
  0
LINE
  5
56A
330
17
100
AcDbEntity
  8
HORIZ
100
AcDbLine
 10
8620.0
 20
35380.0
 30
0.0
 11
8620.0
 21
40620.0
 31
0.0
  0
LINE
  5
56B
330
17
100
AcDbEntity
  8
DIAG
100
AcDbLine
 10
8620.0
 20
40620.0
 30
0.0
 11
3518.4615384615386
 21
40481.53846153846
 31
0.0
  0
LINE
  5
56C
330
17
100
AcDbEntity
  8
DIAG
100
AcDbLine
 10
3380.0
 20
40620.0
 30
0.0
 11
8481.538461538461
 21
40481.53846153846
 31
0.0
  0
LINE
  5
56D
330
17
100
AcDbEntity
  8
DIAG
100
AcDbLine
 10
3380.0
 20
40620.0
 30
0.0
 11
3518.4615384615386
 21
35518.46153846154
 31
0.0
  0
LINE
  5
56E
330
17
100
AcDbEntity
  8
DIAG
100
AcDbLine
 10
3380.0
 20
35380.0
 30
0.0
 11
3518.4615384615386
 21
40481.53846153846
 31
0.0
  0
LINE
  5
56F
330
17
100
AcDbEntity
  8
DIAG
100
AcDbLine
 10
3380.0
 20
35380.0
 30
0.0
 11
8481.538461538461
 21
35518.46153846154
 31
0.0
  0
LINE
  5
570
330
17
100
AcDbEntity
  8
DIAG
100
AcDbLine
 10
8620.0
 20
35380.0
 30
0.0
 11
3518.4615384615386
 21
35518.46153846154
 31
0.0
  0
LINE
  5
571
330
17
100
AcDbEntity
  8
DIAG
100
AcDbLine
 10
8620.0
 20
35380.0
 30
0.0
 11
8481.538461538461
 21
40481.53846153846
 31
0.0
  0
LINE
  5
572
330
17
100
AcDbEntity
  8
DIAG
100
AcDbLine
 10
8620.0
 20
40620.0
 30
0.0
 11
8481.538461538461
 21
35518.46153846154
 31
0.0
  0
LINE
  5
573
330
17
100
AcDbEntity
  8
HORIZ
100
AcDbLine
 10
8620.0
 20
40620.0
 30
0.0
 11
3380.0
 21
35380.0
 31
0.0
  0
LINE
  5
574
330
17
100
AcDbEntity
  8
HORIZ
100
AcDbLine
 10
3380.0
 20
40620.0
 30
0.0
 11
8620.0
 21
35380.0
 31
0.0
  0
LINE
  5
575
330
17
100
AcDbEntity
  8
KNEE
100
AcDbLine
 10
8620.0
 20
40620.0
 30
0.0
 11
8410.4
 21
40410.4
 31
0.0
  0
LINE
  5
576
330
17
100
AcDbEntity
  8
KNEE
100
AcDbLine
 10
8410.4
 20
40410.4
 30
0.0
 11
8481.538461538461
 21
40481.53846153846
 31
0.0
  0
LINE
  5
577
330
17
100
AcDbEntity
  8
KNEE
100
AcDbLine
 10
3380.0
 20
40620.0
 30
0.0
 11
3589.6
 21
40410.4
 31
0.0
  0
LINE
  5
578
330
17
100
AcDbEntity
  8
KNEE
100
AcDbLine
 10
3589.6
 20
40410.4
 30
0.0
 11
3518.4615384615386
 21
40481.53846153846
 31
0.0
  0
LINE
  5
579
330
17
100
AcDbEntity
  8
KNEE
100
AcDbLine
 10
3380.0
 20
35380.0
 30
0.0
 11
3589.6
 21
35589.6
 31
0.0
  0
LINE
  5
57A
330
17
100
AcDbEntity
  8
KNEE
100
AcDbLine
 10
3589.6
 20
35589.6
 30
0.0
 11
3518.4615384615386
 21
35518.46153846154
 31
0.0
  0
LINE
  5
57B
330
17
100
AcDbEntity
  8
KNEE
100
AcDbLine
 10
8620.0
 20
35380.0
 30
0.0
 11
8410.4
 21
35589.6
 31
0.0
  0
LINE
  5
57C
330
17
100
AcDbEntity
  8
KNEE
100
AcDbLine
 10
8410.4
 20
35589.6
 30
0.0
 11
8481.538461538461
 21
35518.46153846154
 31
0.0
  0
CIRCLE
  5
57D
330
17
100
AcDbEntity
  8
NODE
100
AcDbCircle
 10
8620.0
 20
40620.0
 30
0.0
 40
50.0
  0
CIRCLE
  5
57E
330
17
100
AcDbEntity
  8
NODE
100
AcDbCircle
 10
3380.0
 20
40620.0
 30
0.0
 40
50.0
  0
CIRCLE
  5
57F
330
17
100
AcDbEntity
  8
NODE
100
AcDbCircle
 10
3380.0
 20
35380.0
 30
0.0
 40
50.0
  0
CIRCLE
  5
580
330
17
100
AcDbEntity
  8
NODE
100
AcDbCircle
 10
8620.0
 20
35380.0
 30
0.0
 40
50.0
  0
CIRCLE
  5
581
330
17
100
AcDbEntity
  8
NODE
100
AcDbCircle
 10
8481.538461538461
 20
40481.53846153846
 30
0.0
 40
50.0
  0
CIRCLE
  5
582
330
17
100
AcDbEntity
  8
NODE
100
AcDbCircle
 10
3518.4615384615386
 20
40481.53846153846
 30
0.0
 40
50.0
  0
CIRCLE
  5
583
330
17
100
AcDbEntity
  8
NODE
100
AcDbCircle
 10
3518.4615384615386
 20
35518.46153846154
 30
0.0
 40
50.0
  0
CIRCLE
  5
584
330
17
100
AcDbEntity
  8
NODE
100
AcDbCircle
 10
8481.538461538461
 20
35518.46153846154
 30
0.0
 40
50.0
  0
CIRCLE
  5
585
330
17
100
AcDbEntity
  8
NODE
100
AcDbCircle
 10
8410.4
 20
40410.4
 30
0.0
 40
50.0
  0
CIRCLE
  5
586
330
17
100
AcDbEntity
  8
NODE
100
AcDbCircle
 10
3589.6
 20
40410.4
 30
0.0
 40
50.0
  0
CIRCLE
  5
587
330
17
100
AcDbEntity
  8
NODE
100
AcDbCircle
 10
3589.6
 20
35589.6
 30
0.0
 40
50.0
  0
CIRCLE
  5
588
330
17
100
AcDbEntity
  8
NODE
100
AcDbCircle
 10
8410.4
 20
35589.6
 30
0.0
 40
50.0
  0
LINE
  5
589
330
17
100
AcDbEntity
  8
DIM
100
AcDbLine
 10
3380.0
 20
35380.0
 30
0.0
 11
3380.0
 21
34580.0
 31
0.0
  0
LINE
  5
58A
330
17
100
AcDbEntity
  8
DIM
100
AcDbLine
 10
8620.0
 20
35380.0
 30
0.0
 11
8620.0
 21
34580.0
 31
0.0
  0
LINE
  5
58B
330
17
100
AcDbEntity
  8
DIM
100
AcDbLine
 10
3380.0
 20
34580.0
 30
0.0
 11
8620.0
 21
34580.0
 31
0.0
  0
TEXT
  5
58C
330
17
100
AcDbEntity
  8
DIM
100
AcDbText
 10
6000.0
 20
34400.0
 30
0.0
 40
200.0
  1
5240
 72
1
 11
6000.0
 21
34400.0
 31
0.0
100
AcDbText
 73
2
  0
TEXT
  5
58D
330
17
100
AcDbEntity
  8
TEXT
100
AcDbText
 10
28000.0
 20
34500.0
 30
0.0
 40
350.0
  1
PLAN Z=8100 塔身
 11
28000.0
 21
34500.0
 31
0.0
100
AcDbText
  0
LINE
  5
58E
330
17
100
AcDbEntity
  8
LEG
100
AcDbLine
 10
29927.69230769231
 20
39927.692307692305
 30
0.0
 11
29789.23076923077
 21
39789.230769230766
 31
0.0
  0
LINE
  5
58F
330
17
100
AcDbEntity
  8
LEG
100
AcDbLine
 10
29789.23076923077
 20
39789.230769230766
 30
0.0
 11
29650.76923076923
 21
39650.769230769234
 31
0.0
  0
LINE
  5
590
330
17
100
AcDbEntity
  8
LEG
100
AcDbLine
 10
29650.76923076923
 20
39650.769230769234
 30
0.0
 11
29512.30769230769
 21
39512.307692307695
 31
0.0
  0
LINE
  5
591
330
17
100
AcDbEntity
  8
LEG
100
AcDbLine
 10
26072.30769230769
 20
39927.692307692305
 30
0.0
 11
26210.76923076923
 21
39789.230769230766
 31
0.0
  0
LINE
  5
592
330
17
100
AcDbEntity
  8
LEG
100
AcDbLine
 10
26210.76923076923
 20
39789.230769230766
 30
0.0
 11
26349.23076923077
 21
39650.769230769234
 31
0.0
  0
LINE
  5
593
330
17
100
AcDbEntity
  8
LEG
100
AcDbLine
 10
26349.23076923077
 20
39650.769230769234
 30
0.0
 11
26487.69230769231
 21
39512.307692307695
 31
0.0
  0
LINE
  5
594
330
17
100
AcDbEntity
  8
LEG
100
AcDbLine
 10
26072.30769230769
 20
36072.307692307695
 30
0.0
 11
26210.76923076923
 21
36210.769230769234
 31
0.0
  0
LINE
  5
595
330
17
100
AcDbEntity
  8
LEG
100
AcDbLine
 10
26210.76923076923
 20
36210.769230769234
 30
0.0
 11
26349.23076923077
 21
36349.230769230766
 31
0.0
  0
LINE
  5
596
330
17
100
AcDbEntity
  8
LEG
100
AcDbLine
 10
26349.23076923077
 20
36349.230769230766
 30
0.0
 11
26487.69230769231
 21
36487.692307692305
 31
0.0
  0
LINE
  5
597
330
17
100
AcDbEntity
  8
LEG
100
AcDbLine
 10
29927.69230769231
 20
36072.307692307695
 30
0.0
 11
29789.23076923077
 21
36210.769230769234
 31
0.0
  0
LINE
  5
598
330
17
100
AcDbEntity
  8
LEG
100
AcDbLine
 10
29789.23076923077
 20
36210.769230769234
 30
0.0
 11
29650.76923076923
 21
36349.230769230766
 31
0.0
  0
LINE
  5
599
330
17
100
AcDbEntity
  8
LEG
100
AcDbLine
 10
29650.76923076923
 20
36349.230769230766
 30
0.0
 11
29512.30769230769
 21
36487.692307692305
 31
0.0
  0
LINE
  5
59A
330
17
100
AcDbEntity
  8
HORIZ
100
AcDbLine
 10
29789.23076923077
 20
39789.230769230766
 30
0.0
 11
26210.76923076923
 21
39789.230769230766
 31
0.0
  0
LINE
  5
59B
330
17
100
AcDbEntity
  8
HORIZ
100
AcDbLine
 10
26210.76923076923
 20
39789.230769230766
 30
0.0
 11
26210.76923076923
 21
36210.769230769234
 31
0.0
  0
LINE
  5
59C
330
17
100
AcDbEntity
  8
HORIZ
100
AcDbLine
 10
26210.76923076923
 20
36210.769230769234
 30
0.0
 11
29789.23076923077
 21
36210.769230769234
 31
0.0
  0
LINE
  5
59D
330
17
100
AcDbEntity
  8
HORIZ
100
AcDbLine
 10
29789.23076923077
 20
36210.769230769234
 30
0.0
 11
29789.23076923077
 21
39789.230769230766
 31
0.0
  0
LINE
  5
59E
330
17
100
AcDbEntity
  8
HORIZ
100
AcDbLine
 10
29650.76923076923
 20
39650.769230769234
 30
0.0
 11
26349.23076923077
 21
39650.769230769234
 31
0.0
  0
LINE
  5
59F
330
17
100
AcDbEntity
  8
HORIZ
100
AcDbLine
 10
26349.23076923077
 20
39650.769230769234
 30
0.0
 11
26349.23076923077
 21
36349.230769230766
 31
0.0
  0
LINE
  5
5A0
330
17
100
AcDbEntity
  8
HORIZ
100
AcDbLine
 10
26349.23076923077
 20
36349.230769230766
 30
0.0
 11
29650.76923076923
 21
36349.230769230766
 31
0.0
  0
LINE
  5
5A1
330
17
100
AcDbEntity
  8
HORIZ
100
AcDbLine
 10
29650.76923076923
 20
36349.230769230766
 30
0.0
 11
29650.76923076923
 21
39650.769230769234
 31
0.0
  0
LINE
  5
5A2
330
17
100
AcDbEntity
  8
DIAG
100
AcDbLine
 10
29927.69230769231
 20
39927.692307692305
 30
0.0
 11
26210.76923076923
 21
39789.230769230766
 31
0.0
  0
LINE
  5
5A3
330
17
100
AcDbEntity
  8
DIAG
100
AcDbLine
 10
26072.30769230769
 20
39927.692307692305
 30
0.0
 11
29789.23076923077
 21
39789.230769230766
 31
0.0
  0
LINE
  5
5A4
330
17
100
AcDbEntity
  8
DIAG
100
AcDbLine
 10
26072.30769230769
 20
39927.692307692305
 30
0.0
 11
26210.76923076923
 21
36210.769230769234
 31
0.0
  0
LINE
  5
5A5
330
17
100
AcDbEntity
  8
DIAG
100
AcDbLine
 10
26072.30769230769
 20
36072.307692307695
 30
0.0
 11
26210.76923076923
 21
39789.230769230766
 31
0.0
  0
LINE
  5
5A6
330
17
100
AcDbEntity
  8
DIAG
100
AcDbLine
 10
26072.30769230769
 20
36072.307692307695
 30
0.0
 11
29789.23076923077
 21
36210.769230769234
 31
0.0
  0
LINE
  5
5A7
330
17
100
AcDbEntity
  8
DIAG
100
AcDbLine
 10
29927.69230769231
 20
36072.307692307695
 30
0.0
 11
26210.76923076923
 21
36210.769230769234
 31
0.0
  0
LINE
  5
5A8
330
17
100
AcDbEntity
  8
DIAG
100
AcDbLine
 10
29927.69230769231
 20
36072.307692307695
 30
0.0
 11
29789.23076923077
 21
39789.230769230766
 31
0.0
  0
LINE
  5
5A9
330
17
100
AcDbEntity
  8
DIAG
100
AcDbLine
 10
29927.69230769231
 20
39927.692307692305
 30
0.0
 11
29789.23076923077
 21
36210.769230769234
 31
0.0
  0
LINE
  5
5AA
330
17
100
AcDbEntity
  8
DIAG
100
AcDbLine
 10
29789.23076923077
 20
39789.230769230766
 30
0.0
 11
26349.23076923077
 21
39650.769230769234
 31
0.0
  0
LINE
  5
5AB
330
17
100
AcDbEntity
  8
DIAG
100
AcDbLine
 10
26210.76923076923
 20
39789.230769230766
 30
0.0
 11
29650.76923076923
 21
39650.769230769234
 31
0.0
  0
LINE
  5
5AC
330
17
100
AcDbEntity
  8
DIAG
100
AcDbLine
 10
26210.76923076923
 20
39789.230769230766
 30
0.0
 11
26349.23076923077
 21
36349.230769230766
 31
0.0
  0
LINE
  5
5AD
330
17
100
AcDbEntity
  8
DIAG
100
AcDbLine
 10
26210.76923076923
 20
36210.769230769234
 30
0.0
 11
26349.23076923077
 21
39650.769230769234
 31
0.0
  0
LINE
  5
5AE
330
17
100
AcDbEntity
  8
DIAG
100
AcDbLine
 10
26210.76923076923
 20
36210.769230769234
 30
0.0
 11
29650.76923076923
 21
36349.230769230766
 31
0.0
  0
LINE
  5
5AF
330
17
100
AcDbEntity
  8
DIAG
100
AcDbLine
 10
29789.23076923077
 20
36210.769230769234
 30
0.0
 11
26349.23076923077
 21
36349.230769230766
 31
0.0
  0
LINE
  5
5B0
330
17
100
AcDbEntity
  8
DIAG
100
AcDbLine
 10
29789.23076923077
 20
36210.769230769234
 30
0.0
 11
29650.76923076923
 21
39650.769230769234
 31
0.0
  0
LINE
  5
5B1
330
17
100
AcDbEntity
  8
DIAG
100
AcDbLine
 10
29789.23076923077
 20
39789.230769230766
 30
0.0
 11
29650.76923076923
 21
36349.230769230766
 31
0.0
  0
LINE
  5
5B2
330
17
100
AcDbEntity
  8
DIAG
100
AcDbLine
 10
29650.76923076923
 20
39650.769230769234
 30
0.0
 11
26487.69230769231
 21
39512.307692307695
 31
0.0
  0
LINE
  5
5B3
330
17
100
AcDbEntity
  8
DIAG
100
AcDbLine
 10
26349.23076923077
 20
39650.769230769234
 30
0.0
 11
29512.30769230769
 21
39512.307692307695
 31
0.0
  0
LINE
  5
5B4
330
17
100
AcDbEntity
  8
DIAG
100
AcDbLine
 10
26349.23076923077
 20
39650.769230769234
 30
0.0
 11
26487.69230769231
 21
36487.692307692305
 31
0.0
  0
LINE
  5
5B5
330
17
100
AcDbEntity
  8
DIAG
100
AcDbLine
 10
26349.23076923077
 20
36349.230769230766
 30
0.0
 11
26487.69230769231
 21
39512.307692307695
 31
0.0
  0
LINE
  5
5B6
330
17
100
AcDbEntity
  8
DIAG
100
AcDbLine
 10
26349.23076923077
 20
36349.230769230766
 30
0.0
 11
29512.30769230769
 21
36487.692307692305
 31
0.0
  0
LINE
  5
5B7
330
17
100
AcDbEntity
  8
DIAG
100
AcDbLine
 10
29650.76923076923
 20
36349.230769230766
 30
0.0
 11
26487.69230769231
 21
36487.692307692305
 31
0.0
  0
LINE
  5
5B8
330
17
100
AcDbEntity
  8
DIAG
100
AcDbLine
 10
29650.76923076923
 20
36349.230769230766
 30
0.0
 11
29512.30769230769
 21
39512.307692307695
 31
0.0
  0
LINE
  5
5B9
330
17
100
AcDbEntity
  8
DIAG
100
AcDbLine
 10
29650.76923076923
 20
39650.769230769234
 30
0.0
 11
29512.30769230769
 21
36487.692307692305
 31
0.0
  0
LINE
  5
5BA
330
17
100
AcDbEntity
  8
HORIZ
100
AcDbLine
 10
29789.23076923077
 20
39789.230769230766
 30
0.0
 11
26210.76923076923
 21
36210.769230769234
 31
0.0
  0
LINE
  5
5BB
330
17
100
AcDbEntity
  8
HORIZ
100
AcDbLine
 10
26210.76923076923
 20
39789.230769230766
 30
0.0
 11
29789.23076923077
 21
36210.769230769234
 31
0.0
  0
LINE
  5
5BC
330
17
100
AcDbEntity
  8
HORIZ
100
AcDbLine
 10
29650.76923076923
 20
39650.769230769234
 30
0.0
 11
26349.23076923077
 21
36349.230769230766
 31
0.0
  0
LINE
  5
5BD
330
17
100
AcDbEntity
  8
HORIZ
100
AcDbLine
 10
26349.23076923077
 20
39650.769230769234
 30
0.0
 11
29650.76923076923
 21
36349.230769230766
 31
0.0
  0
CIRCLE
  5
5BE
330
17
100
AcDbEntity
  8
NODE
100
AcDbCircle
 10
29789.23076923077
 20
39789.230769230766
 30
0.0
 40
50.0
  0
CIRCLE
  5
5BF
330
17
100
AcDbEntity
  8
NODE
100
AcDbCircle
 10
26210.76923076923
 20
39789.230769230766
 30
0.0
 40
50.0
  0
CIRCLE
  5
5C0
330
17
100
AcDbEntity
  8
NODE
100
AcDbCircle
 10
26210.76923076923
 20
36210.769230769234
 30
0.0
 40
50.0
  0
CIRCLE
  5
5C1
330
17
100
AcDbEntity
  8
NODE
100
AcDbCircle
 10
29789.23076923077
 20
36210.769230769234
 30
0.0
 40
50.0
  0
CIRCLE
  5
5C2
330
17
100
AcDbEntity
  8
NODE
100
AcDbCircle
 10
29650.76923076923
 20
39650.769230769234
 30
0.0
 40
50.0
  0
CIRCLE
  5
5C3
330
17
100
AcDbEntity
  8
NODE
100
AcDbCircle
 10
26349.23076923077
 20
39650.769230769234
 30
0.0
 40
50.0
  0
CIRCLE
  5
5C4
330
17
100
AcDbEntity
  8
NODE
100
AcDbCircle
 10
26349.23076923077
 20
36349.230769230766
 30
0.0
 40
50.0
  0
CIRCLE
  5
5C5
330
17
100
AcDbEntity
  8
NODE
100
AcDbCircle
 10
29650.76923076923
 20
36349.230769230766
 30
0.0
 40
50.0
  0
LINE
  5
5C6
330
17
100
AcDbEntity
  8
DIM
100
AcDbLine
 10
25380.0
 20
35380.0
 30
0.0
 11
25380.0
 21
34580.0
 31
0.0
  0
LINE
  5
5C7
330
17
100
AcDbEntity
  8
DIM
100
AcDbLine
 10
30620.0
 20
35380.0
 30
0.0
 11
30620.0
 21
34580.0
 31
0.0
  0
LINE
  5
5C8
330
17
100
AcDbEntity
  8
DIM
100
AcDbLine
 10
25380.0
 20
34580.0
 30
0.0
 11
30620.0
 21
34580.0
 31
0.0
  0
TEXT
  5
5C9
330
17
100
AcDbEntity
  8
DIM
100
AcDbText
 10
28000.0
 20
34400.0
 30
0.0
 40
200.0
  1
5240
 72
1
 11
28000.0
 21
34400.0
 31
0.0
100
AcDbText
 73
2
  0
TEXT
  5
5CA
330
17
100
AcDbEntity
  8
TEXT
100
AcDbText
 10
50000.0
 20
34500.0
 30
0.0
 40
350.0
  1
PLAN Z=16200 横担层
 11
50000.0
 21
34500.0
 31
0.0
100
AcDbText
  0
LINE
  5
5CB
330
17
100
AcDbEntity
  8
LEG
100
AcDbLine
 10
50958.46153846154
 20
38958.46153846154
 30
0.0
 11
50820.0
 21
38820.0
 31
0.0
  0
LINE
  5
5CC
330
17
100
AcDbEntity
  8
LEG
100
AcDbLine
 10
49041.53846153846
 20
38958.46153846154
 30
0.0
 11
49180.0
 21
38820.0
 31
0.0
  0
LINE
  5
5CD
330
17
100
AcDbEntity
  8
LEG
100
AcDbLine
 10
49041.53846153846
 20
37041.53846153846
 30
0.0
 11
49180.0
 21
37180.0
 31
0.0
  0
LINE
  5
5CE
330
17
100
AcDbEntity
  8
LEG
100
AcDbLine
 10
50958.46153846154
 20
37041.53846153846
 30
0.0
 11
50820.0
 21
37180.0
 31
0.0
  0
LINE
  5
5CF
330
17
100
AcDbEntity
  8
HORIZ
100
AcDbLine
 10
50820.0
 20
38820.0
 30
0.0
 11
49180.0
 21
38820.0
 31
0.0
  0
LINE
  5
5D0
330
17
100
AcDbEntity
  8
HORIZ
100
AcDbLine
 10
49180.0
 20
38820.0
 30
0.0
 11
49180.0
 21
37180.0
 31
0.0
  0
LINE
  5
5D1
330
17
100
AcDbEntity
  8
HORIZ
100
AcDbLine
 10
49180.0
 20
37180.0
 30
0.0
 11
50820.0
 21
37180.0
 31
0.0
  0
LINE
  5
5D2
330
17
100
AcDbEntity
  8
HORIZ
100
AcDbLine
 10
50820.0
 20
37180.0
 30
0.0
 11
50820.0
 21
38820.0
 31
0.0
  0
LINE
  5
5D3
330
17
100
AcDbEntity
  8
DIAG
100
AcDbLine
 10
50958.46153846154
 20
38958.46153846154
 30
0.0
 11
49180.0
 21
38820.0
 31
0.0
  0
LINE
  5
5D4
330
17
100
AcDbEntity
  8
DIAG
100
AcDbLine
 10
49041.53846153846
 20
38958.46153846154
 30
0.0
 11
50820.0
 21
38820.0
 31
0.0
  0
LINE
  5
5D5
330
17
100
AcDbEntity
  8
DIAG
100
AcDbLine
 10
49041.53846153846
 20
38958.46153846154
 30
0.0
 11
49180.0
 21
37180.0
 31
0.0
  0
LINE
  5
5D6
330
17
100
AcDbEntity
  8
DIAG
100
AcDbLine
 10
49041.53846153846
 20
37041.53846153846
 30
0.0
 11
49180.0
 21
38820.0
 31
0.0
  0
LINE
  5
5D7
330
17
100
AcDbEntity
  8
DIAG
100
AcDbLine
 10
49041.53846153846
 20
37041.53846153846
 30
0.0
 11
50820.0
 21
37180.0
 31
0.0
  0
LINE
  5
5D8
330
17
100
AcDbEntity
  8
DIAG
100
AcDbLine
 10
50958.46153846154
 20
37041.53846153846
 30
0.0
 11
49180.0
 21
37180.0
 31
0.0
  0
LINE
  5
5D9
330
17
100
AcDbEntity
  8
DIAG
100
AcDbLine
 10
50958.46153846154
 20
37041.53846153846
 30
0.0
 11
50820.0
 21
38820.0
 31
0.0
  0
LINE
  5
5DA
330
17
100
AcDbEntity
  8
DIAG
100
AcDbLine
 10
50958.46153846154
 20
38958.46153846154
 30
0.0
 11
50820.0
 21
37180.0
 31
0.0
  0
LINE
  5
5DB
330
17
100
AcDbEntity
  8
HORIZ
100
AcDbLine
 10
50820.0
 20
38820.0
 30
0.0
 11
49180.0
 21
37180.0
 31
0.0
  0
LINE
  5
5DC
330
17
100
AcDbEntity
  8
HORIZ
100
AcDbLine
 10
49180.0
 20
38820.0
 30
0.0
 11
50820.0
 21
37180.0
 31
0.0
  0
LINE
  5
5DD
330
17
100
AcDbEntity
  8
CROSS
100
AcDbLine
 10
50820.0
 20
38820.0
 30
0.0
 11
50820.0
 21
38000.0
 31
0.0
  0
LINE
  5
5DE
330
17
100
AcDbEntity
  8
CROSS
100
AcDbLine
 10
50820.0
 20
37180.0
 30
0.0
 11
50820.0
 21
38000.0
 31
0.0
  0
LINE
  5
5DF
330
17
100
AcDbEntity
  8
CROSS
100
AcDbLine
 10
49180.0
 20
38820.0
 30
0.0
 11
49180.0
 21
38000.0
 31
0.0
  0
LINE
  5
5E0
330
17
100
AcDbEntity
  8
CROSS
100
AcDbLine
 10
49180.0
 20
37180.0
 30
0.0
 11
49180.0
 21
38000.0
 31
0.0
  0
LINE
  5
5E1
330
17
100
AcDbEntity
  8
CROSS
100
AcDbLine
 10
49180.0
 20
38000.0
 30
0.0
 11
45500.0
 21
38000.0
 31
0.0
  0
LINE
  5
5E2
330
17
100
AcDbEntity
  8
CROSS
100
AcDbLine
 10
45500.0
 20
38000.0
 30
0.0
 11
43500.0
 21
38000.0
 31
0.0
  0
LINE
  5
5E3
330
17
100
AcDbEntity
  8
CROSS
100
AcDbLine
 10
50820.0
 20
38000.0
 30
0.0
 11
54500.0
 21
38000.0
 31
0.0
  0
LINE
  5
5E4
330
17
100
AcDbEntity
  8
CROSS
100
AcDbLine
 10
54500.0
 20
38000.0
 30
0.0
 11
56500.0
 21
38000.0
 31
0.0
  0
LINE
  5
5E5
330
17
100
AcDbEntity
  8
DIAG
100
AcDbLine
 10
50958.46153846154
 20
38958.46153846154
 30
0.0
 11
54500.0
 21
38000.0
 31
0.0
  0
LINE
  5
5E6
330
17
100
AcDbEntity
  8
DIAG
100
AcDbLine
 10
50958.46153846154
 20
37041.53846153846
 30
0.0
 11
54500.0
 21
38000.0
 31
0.0
  0
LINE
  5
5E7
330
17
100
AcDbEntity
  8
DIAG
100
AcDbLine
 10
49041.53846153846
 20
38958.46153846154
 30
0.0
 11
45500.0
 21
38000.0
 31
0.0
  0
LINE
  5
5E8
330
17
100
AcDbEntity
  8
DIAG
100
AcDbLine
 10
49041.53846153846
 20
37041.53846153846
 30
0.0
 11
45500.0
 21
38000.0
 31
0.0
  0
LINE
  5
5E9
330
17
100
AcDbEntity
  8
DIAG
100
AcDbLine
 10
45500.0
 20
38000.0
 30
0.0
 11
43500.0
 21
38000.0
 31
0.0
  0
LINE
  5
5EA
330
17
100
AcDbEntity
  8
DIAG
100
AcDbLine
 10
49180.0
 20
38000.0
 30
0.0
 11
43500.0
 21
38000.0
 31
0.0
  0
LINE
  5
5EB
330
17
100
AcDbEntity
  8
DIAG
100
AcDbLine
 10
54500.0
 20
38000.0
 30
0.0
 11
56500.0
 21
38000.0
 31
0.0
  0
LINE
  5
5EC
330
17
100
AcDbEntity
  8
DIAG
100
AcDbLine
 10
50820.0
 20
38000.0
 30
0.0
 11
56500.0
 21
38000.0
 31
0.0
  0
LINE
  5
5ED
330
17
100
AcDbEntity
  8
CROSS
100
AcDbLine
 10
43500.0
 20
38000.0
 30
0.0
 11
44500.0
 21
38000.0
 31
0.0
  0
LINE
  5
5EE
330
17
100
AcDbEntity
  8
CROSS
100
AcDbLine
 10
44500.0
 20
38000.0
 30
0.0
 11
45500.0
 21
38000.0
 31
0.0
  0
LINE
  5
5EF
330
17
100
AcDbEntity
  8
CROSS
100
AcDbLine
 10
56500.0
 20
38000.0
 30
0.0
 11
55500.0
 21
38000.0
 31
0.0
  0
LINE
  5
5F0
330
17
100
AcDbEntity
  8
CROSS
100
AcDbLine
 10
55500.0
 20
38000.0
 30
0.0
 11
54500.0
 21
38000.0
 31
0.0
  0
LINE
  5
5F1
330
17
100
AcDbEntity
  8
HEAD
100
AcDbLine
 10
50820.0
 20
38820.0
 30
0.0
 11
50650.0
 21
38650.0
 31
0.0
  0
LINE
  5
5F2
330
17
100
AcDbEntity
  8
HEAD
100
AcDbLine
 10
49180.0
 20
38820.0
 30
0.0
 11
49350.0
 21
38650.0
 31
0.0
  0
LINE
  5
5F3
330
17
100
AcDbEntity
  8
HEAD
100
AcDbLine
 10
49180.0
 20
37180.0
 30
0.0
 11
49350.0
 21
37350.0
 31
0.0
  0
LINE
  5
5F4
330
17
100
AcDbEntity
  8
HEAD
100
AcDbLine
 10
50820.0
 20
37180.0
 30
0.0
 11
50650.0
 21
37350.0
 31
0.0
  0
CIRCLE
  5
5F5
330
17
100
AcDbEntity
  8
NODE
100
AcDbCircle
 10
50958.46153846154
 20
38958.46153846154
 30
0.0
 40
50.0
  0
CIRCLE
  5
5F6
330
17
100
AcDbEntity
  8
NODE
100
AcDbCircle
 10
49041.53846153846
 20
38958.46153846154
 30
0.0
 40
50.0
  0
CIRCLE
  5
5F7
330
17
100
AcDbEntity
  8
NODE
100
AcDbCircle
 10
49041.53846153846
 20
37041.53846153846
 30
0.0
 40
50.0
  0
CIRCLE
  5
5F8
330
17
100
AcDbEntity
  8
NODE
100
AcDbCircle
 10
50958.46153846154
 20
37041.53846153846
 30
0.0
 40
50.0
  0
CIRCLE
  5
5F9
330
17
100
AcDbEntity
  8
NODE
100
AcDbCircle
 10
50820.0
 20
38820.0
 30
0.0
 40
50.0
  0
CIRCLE
  5
5FA
330
17
100
AcDbEntity
  8
NODE
100
AcDbCircle
 10
49180.0
 20
38820.0
 30
0.0
 40
50.0
  0
CIRCLE
  5
5FB
330
17
100
AcDbEntity
  8
NODE
100
AcDbCircle
 10
49180.0
 20
37180.0
 30
0.0
 40
50.0
  0
CIRCLE
  5
5FC
330
17
100
AcDbEntity
  8
NODE
100
AcDbCircle
 10
50820.0
 20
37180.0
 30
0.0
 40
50.0
  0
CIRCLE
  5
5FD
330
17
100
AcDbEntity
  8
NODE
100
AcDbCircle
 10
49180.0
 20
38000.0
 30
0.0
 40
50.0
  0
CIRCLE
  5
5FE
330
17
100
AcDbEntity
  8
NODE
100
AcDbCircle
 10
45500.0
 20
38000.0
 30
0.0
 40
50.0
  0
CIRCLE
  5
5FF
330
17
100
AcDbEntity
  8
NODE
100
AcDbCircle
 10
43500.0
 20
38000.0
 30
0.0
 40
50.0
  0
CIRCLE
  5
600
330
17
100
AcDbEntity
  8
NODE
100
AcDbCircle
 10
50820.0
 20
38000.0
 30
0.0
 40
50.0
  0
CIRCLE
  5
601
330
17
100
AcDbEntity
  8
NODE
100
AcDbCircle
 10
54500.0
 20
38000.0
 30
0.0
 40
50.0
  0
CIRCLE
  5
602
330
17
100
AcDbEntity
  8
NODE
100
AcDbCircle
 10
56500.0
 20
38000.0
 30
0.0
 40
50.0
  0
CIRCLE
  5
603
330
17
100
AcDbEntity
  8
NODE
100
AcDbCircle
 10
50650.0
 20
38650.0
 30
0.0
 40
50.0
  0
CIRCLE
  5
604
330
17
100
AcDbEntity
  8
NODE
100
AcDbCircle
 10
49350.0
 20
38650.0
 30
0.0
 40
50.0
  0
CIRCLE
  5
605
330
17
100
AcDbEntity
  8
NODE
100
AcDbCircle
 10
49350.0
 20
37350.0
 30
0.0
 40
50.0
  0
CIRCLE
  5
606
330
17
100
AcDbEntity
  8
NODE
100
AcDbCircle
 10
50650.0
 20
37350.0
 30
0.0
 40
50.0
  0
LINE
  5
607
330
17
100
AcDbEntity
  8
DIM
100
AcDbLine
 10
47380.0
 20
35380.0
 30
0.0
 11
47380.0
 21
34580.0
 31
0.0
  0
LINE
  5
608
330
17
100
AcDbEntity
  8
DIM
100
AcDbLine
 10
52620.0
 20
35380.0
 30
0.0
 11
52620.0
 21
34580.0
 31
0.0
  0
LINE
  5
609
330
17
100
AcDbEntity
  8
DIM
100
AcDbLine
 10
47380.0
 20
34580.0
 30
0.0
 11
52620.0
 21
34580.0
 31
0.0
  0
TEXT
  5
60A
330
17
100
AcDbEntity
  8
DIM
100
AcDbText
 10
50000.0
 20
34400.0
 30
0.0
 40
200.0
  1
5240
 72
1
 11
50000.0
 21
34400.0
 31
0.0
100
AcDbText
 73
2
  0
TEXT
  5
60B
330
17
100
AcDbEntity
  8
TEXT
100
AcDbText
 10
72000.0
 20
34500.0
 30
0.0
 40
350.0
  1
1-1 剖面 SECTION
 11
72000.0
 21
34500.0
 31
0.0
100
AcDbText
  0
LINE
  5
60C
330
17
100
AcDbEntity
  8
LEG
100
AcDbLine
 10
74620.0
 20
38000.0
 30
0.0
 11
74481.53846153847
 21
39246.153846153844
 31
0.0
  0
TEXT
  5
60D
330
17
100
AcDbEntity
  8
TEXT
100
AcDbText
 10
74550.76923076923
 20
38674.07692307692
 30
0.0
 40
85.0
  1
M0001
 72
1
 11
74550.76923076923
 21
38674.07692307692
 31
0.0
100
AcDbText
 73
2
  0
LINE
  5
60E
330
17
100
AcDbEntity
  8
LEG
100
AcDbLine
 10
74481.53846153847
 20
39246.153846153844
 30
0.0
 11
74343.07692307692
 21
40492.307692307695
 31
0.0
  0
TEXT
  5
60F
330
17
100
AcDbEntity
  8
TEXT
100
AcDbText
 10
74412.30769230769
 20
39920.230769230766
 30
0.0
 40
85.0
  1
M0002
 72
1
 11
74412.30769230769
 21
39920.230769230766
 31
0.0
100
AcDbText
 73
2
  0
LINE
  5
610
330
17
100
AcDbEntity
  8
LEG
100
AcDbLine
 10
74343.07692307692
 20
40492.307692307695
 30
0.0
 11
74204.61538461539
 21
41738.46153846154
 31
0.0
  0
TEXT
  5
611
330
17
100
AcDbEntity
  8
TEXT
100
AcDbText
 10
74273.84615384616
 20
41166.38461538462
 30
0.0
 40
85.0
  1
M0003
 72
1
 11
74273.84615384616
 21
41166.38461538462
 31
0.0
100
AcDbText
 73
2
  0
LINE
  5
612
330
17
100
AcDbEntity
  8
LEG
100
AcDbLine
 10
74204.61538461539
 20
41738.46153846154
 30
0.0
 11
74066.15384615384
 21
42984.61538461538
 31
0.0
  0
TEXT
  5
613
330
17
100
AcDbEntity
  8
TEXT
100
AcDbText
 10
74135.38461538462
 20
42412.53846153846
 30
0.0
 40
85.0
  1
M0004
 72
1
 11
74135.38461538462
 21
42412.53846153846
 31
0.0
100
AcDbText
 73
2
  0
LINE
  5
614
330
17
100
AcDbEntity
  8
LEG
100
AcDbLine
 10
74066.15384615384
 20
42984.61538461538
 30
0.0
 11
73927.69230769231
 21
44230.769230769234
 31
0.0
  0
TEXT
  5
615
330
17
100
AcDbEntity
  8
TEXT
100
AcDbText
 10
73996.92307692308
 20
43658.69230769231
 30
0.0
 40
85.0
  1
M0005
 72
1
 11
73996.92307692308
 21
43658.69230769231
 31
0.0
100
AcDbText
 73
2
  0
LINE
  5
616
330
17
100
AcDbEntity
  8
LEG
100
AcDbLine
 10
73927.69230769231
 20
44230.769230769234
 30
0.0
 11
73789.23076923077
 21
45476.92307692308
 31
0.0
  0
TEXT
  5
617
330
17
100
AcDbEntity
  8
TEXT
100
AcDbText
 10
73858.46153846153
 20
44904.846153846156
 30
0.0
 40
85.0
  1
M0006
 72
1
 11
73858.46153846153
 21
44904.846153846156
 31
0.0
100
AcDbText
 73
2
  0
LINE
  5
618
330
17
100
AcDbEntity
  8
LEG
100
AcDbLine
 10
73789.23076923077
 20
45476.92307692308
 30
0.0
 11
73650.76923076923
 21
46723.07692307692
 31
0.0
  0
TEXT
  5
619
330
17
100
AcDbEntity
  8
TEXT
100
AcDbText
 10
73720.0
 20
46151.0
 30
0.0
 40
85.0
  1
M0007
 72
1
 11
73720.0
 21
46151.0
 31
0.0
100
AcDbText
 73
2
  0
LINE
  5
61A
330
17
100
AcDbEntity
  8
LEG
100
AcDbLine
 10
73650.76923076923
 20
46723.07692307692
 30
0.0
 11
73512.30769230769
 21
47969.230769230766
 31
0.0
  0
TEXT
  5
61B
330
17
100
AcDbEntity
  8
TEXT
100
AcDbText
 10
73581.53846153847
 20
47397.153846153844
 30
0.0
 40
85.0
  1
M0008
 72
1
 11
73581.53846153847
 21
47397.153846153844
 31
0.0
100
AcDbText
 73
2
  0
LINE
  5
61C
330
17
100
AcDbEntity
  8
LEG
100
AcDbLine
 10
73512.30769230769
 20
47969.230769230766
 30
0.0
 11
73373.84615384616
 21
49215.38461538462
 31
0.0
  0
TEXT
  5
61D
330
17
100
AcDbEntity
  8
TEXT
100
AcDbText
 10
73443.07692307692
 20
48643.30769230769
 30
0.0
 40
85.0
  1
M0009
 72
1
 11
73443.07692307692
 21
48643.30769230769
 31
0.0
100
AcDbText
 73
2
  0
LINE
  5
61E
330
17
100
AcDbEntity
  8
LEG
100
AcDbLine
 10
73373.84615384616
 20
49215.38461538462
 30
0.0
 11
73235.38461538461
 21
50461.53846153846
 31
0.0
  0
TEXT
  5
61F
330
17
100
AcDbEntity
  8
TEXT
100
AcDbText
 10
73304.61538461538
 20
49889.46153846154
 30
0.0
 40
85.0
  1
M0010
 72
1
 11
73304.61538461538
 21
49889.46153846154
 31
0.0
100
AcDbText
 73
2
  0
LINE
  5
620
330
17
100
AcDbEntity
  8
LEG
100
AcDbLine
 10
73235.38461538461
 20
50461.53846153846
 30
0.0
 11
73096.92307692308
 21
51707.69230769231
 31
0.0
  0
TEXT
  5
621
330
17
100
AcDbEntity
  8
TEXT
100
AcDbText
 10
73166.15384615384
 20
51135.61538461539
 30
0.0
 40
85.0
  1
M0011
 72
1
 11
73166.15384615384
 21
51135.61538461539
 31
0.0
100
AcDbText
 73
2
  0
LINE
  5
622
330
17
100
AcDbEntity
  8
LEG
100
AcDbLine
 10
73096.92307692308
 20
51707.69230769231
 30
0.0
 11
72958.46153846153
 21
52953.846153846156
 31
0.0
  0
TEXT
  5
623
330
17
100
AcDbEntity
  8
TEXT
100
AcDbText
 10
73027.69230769231
 20
52381.769230769234
 30
0.0
 40
85.0
  1
M0012
 72
1
 11
73027.69230769231
 21
52381.769230769234
 31
0.0
100
AcDbText
 73
2
  0
LINE
  5
624
330
17
100
AcDbEntity
  8
LEG
100
AcDbLine
 10
72958.46153846153
 20
52953.846153846156
 30
0.0
 11
72820.0
 21
54200.0
 31
0.0
  0
TEXT
  5
625
330
17
100
AcDbEntity
  8
TEXT
100
AcDbText
 10
72889.23076923077
 20
53627.92307692308
 30
0.0
 40
85.0
  1
M0013
 72
1
 11
72889.23076923077
 21
53627.92307692308
 31
0.0
100
AcDbText
 73
2
  0
LINE
  5
626
330
17
100
AcDbEntity
  8
LEG
100
AcDbLine
 10
69380.0
 20
38000.0
 30
0.0
 11
69518.46153846153
 21
39246.153846153844
 31
0.0
  0
TEXT
  5
627
330
17
100
AcDbEntity
  8
TEXT
100
AcDbText
 10
69449.23076923077
 20
38674.07692307692
 30
0.0
 40
85.0
  1
M0014
 72
1
 11
69449.23076923077
 21
38674.07692307692
 31
0.0
100
AcDbText
 73
2
  0
LINE
  5
628
330
17
100
AcDbEntity
  8
LEG
100
AcDbLine
 10
69518.46153846153
 20
39246.153846153844
 30
0.0
 11
69656.92307692308
 21
40492.307692307695
 31
0.0
  0
TEXT
  5
629
330
17
100
AcDbEntity
  8
TEXT
100
AcDbText
 10
69587.69230769231
 20
39920.230769230766
 30
0.0
 40
85.0
  1
M0015
 72
1
 11
69587.69230769231
 21
39920.230769230766
 31
0.0
100
AcDbText
 73
2
  0
LINE
  5
62A
330
17
100
AcDbEntity
  8
LEG
100
AcDbLine
 10
69656.92307692308
 20
40492.307692307695
 30
0.0
 11
69795.38461538461
 21
41738.46153846154
 31
0.0
  0
TEXT
  5
62B
330
17
100
AcDbEntity
  8
TEXT
100
AcDbText
 10
69726.15384615384
 20
41166.38461538462
 30
0.0
 40
85.0
  1
M0016
 72
1
 11
69726.15384615384
 21
41166.38461538462
 31
0.0
100
AcDbText
 73
2
  0
LINE
  5
62C
330
17
100
AcDbEntity
  8
LEG
100
AcDbLine
 10
69795.38461538461
 20
41738.46153846154
 30
0.0
 11
69933.84615384616
 21
42984.61538461538
 31
0.0
  0
TEXT
  5
62D
330
17
100
AcDbEntity
  8
TEXT
100
AcDbText
 10
69864.61538461538
 20
42412.53846153846
 30
0.0
 40
85.0
  1
M0017
 72
1
 11
69864.61538461538
 21
42412.53846153846
 31
0.0
100
AcDbText
 73
2
  0
LINE
  5
62E
330
17
100
AcDbEntity
  8
LEG
100
AcDbLine
 10
69933.84615384616
 20
42984.61538461538
 30
0.0
 11
70072.30769230769
 21
44230.769230769234
 31
0.0
  0
TEXT
  5
62F
330
17
100
AcDbEntity
  8
TEXT
100
AcDbText
 10
70003.07692307692
 20
43658.69230769231
 30
0.0
 40
85.0
  1
M0018
 72
1
 11
70003.07692307692
 21
43658.69230769231
 31
0.0
100
AcDbText
 73
2
  0
LINE
  5
630
330
17
100
AcDbEntity
  8
LEG
100
AcDbLine
 10
70072.30769230769
 20
44230.769230769234
 30
0.0
 11
70210.76923076923
 21
45476.92307692308
 31
0.0
  0
TEXT
  5
631
330
17
100
AcDbEntity
  8
TEXT
100
AcDbText
 10
70141.53846153847
 20
44904.846153846156
 30
0.0
 40
85.0
  1
M0019
 72
1
 11
70141.53846153847
 21
44904.846153846156
 31
0.0
100
AcDbText
 73
2
  0
LINE
  5
632
330
17
100
AcDbEntity
  8
LEG
100
AcDbLine
 10
70210.76923076923
 20
45476.92307692308
 30
0.0
 11
70349.23076923077
 21
46723.07692307692
 31
0.0
  0
TEXT
  5
633
330
17
100
AcDbEntity
  8
TEXT
100
AcDbText
 10
70280.0
 20
46151.0
 30
0.0
 40
85.0
  1
M0020
 72
1
 11
70280.0
 21
46151.0
 31
0.0
100
AcDbText
 73
2
  0
LINE
  5
634
330
17
100
AcDbEntity
  8
LEG
100
AcDbLine
 10
70349.23076923077
 20
46723.07692307692
 30
0.0
 11
70487.69230769231
 21
47969.230769230766
 31
0.0
  0
TEXT
  5
635
330
17
100
AcDbEntity
  8
TEXT
100
AcDbText
 10
70418.46153846153
 20
47397.153846153844
 30
0.0
 40
85.0
  1
M0021
 72
1
 11
70418.46153846153
 21
47397.153846153844
 31
0.0
100
AcDbText
 73
2
  0
LINE
  5
636
330
17
100
AcDbEntity
  8
LEG
100
AcDbLine
 10
70487.69230769231
 20
47969.230769230766
 30
0.0
 11
70626.15384615384
 21
49215.38461538462
 31
0.0
  0
TEXT
  5
637
330
17
100
AcDbEntity
  8
TEXT
100
AcDbText
 10
70556.92307692308
 20
48643.30769230769
 30
0.0
 40
85.0
  1
M0022
 72
1
 11
70556.92307692308
 21
48643.30769230769
 31
0.0
100
AcDbText
 73
2
  0
LINE
  5
638
330
17
100
AcDbEntity
  8
LEG
100
AcDbLine
 10
70626.15384615384
 20
49215.38461538462
 30
0.0
 11
70764.61538461539
 21
50461.53846153846
 31
0.0
  0
TEXT
  5
639
330
17
100
AcDbEntity
  8
TEXT
100
AcDbText
 10
70695.38461538462
 20
49889.46153846154
 30
0.0
 40
85.0
  1
M0023
 72
1
 11
70695.38461538462
 21
49889.46153846154
 31
0.0
100
AcDbText
 73
2
  0
LINE
  5
63A
330
17
100
AcDbEntity
  8
LEG
100
AcDbLine
 10
70764.61538461539
 20
50461.53846153846
 30
0.0
 11
70903.07692307692
 21
51707.69230769231
 31
0.0
  0
TEXT
  5
63B
330
17
100
AcDbEntity
  8
TEXT
100
AcDbText
 10
70833.84615384616
 20
51135.61538461539
 30
0.0
 40
85.0
  1
M0024
 72
1
 11
70833.84615384616
 21
51135.61538461539
 31
0.0
100
AcDbText
 73
2
  0
LINE
  5
63C
330
17
100
AcDbEntity
  8
LEG
100
AcDbLine
 10
70903.07692307692
 20
51707.69230769231
 30
0.0
 11
71041.53846153847
 21
52953.846153846156
 31
0.0
  0
TEXT
  5
63D
330
17
100
AcDbEntity
  8
TEXT
100
AcDbText
 10
70972.30769230769
 20
52381.769230769234
 30
0.0
 40
85.0
  1
M0025
 72
1
 11
70972.30769230769
 21
52381.769230769234
 31
0.0
100
AcDbText
 73
2
  0
LINE
  5
63E
330
17
100
AcDbEntity
  8
LEG
100
AcDbLine
 10
71041.53846153847
 20
52953.846153846156
 30
0.0
 11
71180.0
 21
54200.0
 31
0.0
  0
TEXT
  5
63F
330
17
100
AcDbEntity
  8
TEXT
100
AcDbText
 10
71110.76923076923
 20
53627.92307692308
 30
0.0
 40
85.0
  1
M0026
 72
1
 11
71110.76923076923
 21
53627.92307692308
 31
0.0
100
AcDbText
 73
2
  0
LINE
  5
640
330
17
100
AcDbEntity
  8
LEG
100
AcDbLine
 10
69380.0
 20
38000.0
 30
0.0
 11
69518.46153846153
 21
39246.153846153844
 31
0.0
  0
TEXT
  5
641
330
17
100
AcDbEntity
  8
TEXT
100
AcDbText
 10
69449.23076923077
 20
38674.07692307692
 30
0.0
 40
85.0
  1
M0027
 72
1
 11
69449.23076923077
 21
38674.07692307692
 31
0.0
100
AcDbText
 73
2
  0
LINE
  5
642
330
17
100
AcDbEntity
  8
LEG
100
AcDbLine
 10
69518.46153846153
 20
39246.153846153844
 30
0.0
 11
69656.92307692308
 21
40492.307692307695
 31
0.0
  0
TEXT
  5
643
330
17
100
AcDbEntity
  8
TEXT
100
AcDbText
 10
69587.69230769231
 20
39920.230769230766
 30
0.0
 40
85.0
  1
M0028
 72
1
 11
69587.69230769231
 21
39920.230769230766
 31
0.0
100
AcDbText
 73
2
  0
LINE
  5
644
330
17
100
AcDbEntity
  8
LEG
100
AcDbLine
 10
69656.92307692308
 20
40492.307692307695
 30
0.0
 11
69795.38461538461
 21
41738.46153846154
 31
0.0
  0
TEXT
  5
645
330
17
100
AcDbEntity
  8
TEXT
100
AcDbText
 10
69726.15384615384
 20
41166.38461538462
 30
0.0
 40
85.0
  1
M0029
 72
1
 11
69726.15384615384
 21
41166.38461538462
 31
0.0
100
AcDbText
 73
2
  0
LINE
  5
646
330
17
100
AcDbEntity
  8
LEG
100
AcDbLine
 10
69795.38461538461
 20
41738.46153846154
 30
0.0
 11
69933.84615384616
 21
42984.61538461538
 31
0.0
  0
TEXT
  5
647
330
17
100
AcDbEntity
  8
TEXT
100
AcDbText
 10
69864.61538461538
 20
42412.53846153846
 30
0.0
 40
85.0
  1
M0030
 72
1
 11
69864.61538461538
 21
42412.53846153846
 31
0.0
100
AcDbText
 73
2
  0
LINE
  5
648
330
17
100
AcDbEntity
  8
LEG
100
AcDbLine
 10
69933.84615384616
 20
42984.61538461538
 30
0.0
 11
70072.30769230769
 21
44230.769230769234
 31
0.0
  0
TEXT
  5
649
330
17
100
AcDbEntity
  8
TEXT
100
AcDbText
 10
70003.07692307692
 20
43658.69230769231
 30
0.0
 40
85.0
  1
M0031
 72
1
 11
70003.07692307692
 21
43658.69230769231
 31
0.0
100
AcDbText
 73
2
  0
LINE
  5
64A
330
17
100
AcDbEntity
  8
LEG
100
AcDbLine
 10
70072.30769230769
 20
44230.769230769234
 30
0.0
 11
70210.76923076923
 21
45476.92307692308
 31
0.0
  0
TEXT
  5
64B
330
17
100
AcDbEntity
  8
TEXT
100
AcDbText
 10
70141.53846153847
 20
44904.846153846156
 30
0.0
 40
85.0
  1
M0032
 72
1
 11
70141.53846153847
 21
44904.846153846156
 31
0.0
100
AcDbText
 73
2
  0
LINE
  5
64C
330
17
100
AcDbEntity
  8
LEG
100
AcDbLine
 10
70210.76923076923
 20
45476.92307692308
 30
0.0
 11
70349.23076923077
 21
46723.07692307692
 31
0.0
  0
TEXT
  5
64D
330
17
100
AcDbEntity
  8
TEXT
100
AcDbText
 10
70280.0
 20
46151.0
 30
0.0
 40
85.0
  1
M0033
 72
1
 11
70280.0
 21
46151.0
 31
0.0
100
AcDbText
 73
2
  0
LINE
  5
64E
330
17
100
AcDbEntity
  8
LEG
100
AcDbLine
 10
70349.23076923077
 20
46723.07692307692
 30
0.0
 11
70487.69230769231
 21
47969.230769230766
 31
0.0
  0
TEXT
  5
64F
330
17
100
AcDbEntity
  8
TEXT
100
AcDbText
 10
70418.46153846153
 20
47397.153846153844
 30
0.0
 40
85.0
  1
M0034
 72
1
 11
70418.46153846153
 21
47397.153846153844
 31
0.0
100
AcDbText
 73
2
  0
LINE
  5
650
330
17
100
AcDbEntity
  8
LEG
100
AcDbLine
 10
70487.69230769231
 20
47969.230769230766
 30
0.0
 11
70626.15384615384
 21
49215.38461538462
 31
0.0
  0
TEXT
  5
651
330
17
100
AcDbEntity
  8
TEXT
100
AcDbText
 10
70556.92307692308
 20
48643.30769230769
 30
0.0
 40
85.0
  1
M0035
 72
1
 11
70556.92307692308
 21
48643.30769230769
 31
0.0
100
AcDbText
 73
2
  0
LINE
  5
652
330
17
100
AcDbEntity
  8
LEG
100
AcDbLine
 10
70626.15384615384
 20
49215.38461538462
 30
0.0
 11
70764.61538461539
 21
50461.53846153846
 31
0.0
  0
TEXT
  5
653
330
17
100
AcDbEntity
  8
TEXT
100
AcDbText
 10
70695.38461538462
 20
49889.46153846154
 30
0.0
 40
85.0
  1
M0036
 72
1
 11
70695.38461538462
 21
49889.46153846154
 31
0.0
100
AcDbText
 73
2
  0
LINE
  5
654
330
17
100
AcDbEntity
  8
LEG
100
AcDbLine
 10
70764.61538461539
 20
50461.53846153846
 30
0.0
 11
70903.07692307692
 21
51707.69230769231
 31
0.0
  0
TEXT
  5
655
330
17
100
AcDbEntity
  8
TEXT
100
AcDbText
 10
70833.84615384616
 20
51135.61538461539
 30
0.0
 40
85.0
  1
M0037
 72
1
 11
70833.84615384616
 21
51135.61538461539
 31
0.0
100
AcDbText
 73
2
  0
LINE
  5
656
330
17
100
AcDbEntity
  8
LEG
100
AcDbLine
 10
70903.07692307692
 20
51707.69230769231
 30
0.0
 11
71041.53846153847
 21
52953.846153846156
 31
0.0
  0
TEXT
  5
657
330
17
100
AcDbEntity
  8
TEXT
100
AcDbText
 10
70972.30769230769
 20
52381.769230769234
 30
0.0
 40
85.0
  1
M0038
 72
1
 11
70972.30769230769
 21
52381.769230769234
 31
0.0
100
AcDbText
 73
2
  0
LINE
  5
658
330
17
100
AcDbEntity
  8
LEG
100
AcDbLine
 10
71041.53846153847
 20
52953.846153846156
 30
0.0
 11
71180.0
 21
54200.0
 31
0.0
  0
TEXT
  5
659
330
17
100
AcDbEntity
  8
TEXT
100
AcDbText
 10
71110.76923076923
 20
53627.92307692308
 30
0.0
 40
85.0
  1
M0039
 72
1
 11
71110.76923076923
 21
53627.92307692308
 31
0.0
100
AcDbText
 73
2
  0
LINE
  5
65A
330
17
100
AcDbEntity
  8
LEG
100
AcDbLine
 10
74620.0
 20
38000.0
 30
0.0
 11
74481.53846153847
 21
39246.153846153844
 31
0.0
  0
TEXT
  5
65B
330
17
100
AcDbEntity
  8
TEXT
100
AcDbText
 10
74550.76923076923
 20
38674.07692307692
 30
0.0
 40
85.0
  1
M0040
 72
1
 11
74550.76923076923
 21
38674.07692307692
 31
0.0
100
AcDbText
 73
2
  0
LINE
  5
65C
330
17
100
AcDbEntity
  8
LEG
100
AcDbLine
 10
74481.53846153847
 20
39246.153846153844
 30
0.0
 11
74343.07692307692
 21
40492.307692307695
 31
0.0
  0
TEXT
  5
65D
330
17
100
AcDbEntity
  8
TEXT
100
AcDbText
 10
74412.30769230769
 20
39920.230769230766
 30
0.0
 40
85.0
  1
M0041
 72
1
 11
74412.30769230769
 21
39920.230769230766
 31
0.0
100
AcDbText
 73
2
  0
LINE
  5
65E
330
17
100
AcDbEntity
  8
LEG
100
AcDbLine
 10
74343.07692307692
 20
40492.307692307695
 30
0.0
 11
74204.61538461539
 21
41738.46153846154
 31
0.0
  0
TEXT
  5
65F
330
17
100
AcDbEntity
  8
TEXT
100
AcDbText
 10
74273.84615384616
 20
41166.38461538462
 30
0.0
 40
85.0
  1
M0042
 72
1
 11
74273.84615384616
 21
41166.38461538462
 31
0.0
100
AcDbText
 73
2
  0
LINE
  5
660
330
17
100
AcDbEntity
  8
LEG
100
AcDbLine
 10
74204.61538461539
 20
41738.46153846154
 30
0.0
 11
74066.15384615384
 21
42984.61538461538
 31
0.0
  0
TEXT
  5
661
330
17
100
AcDbEntity
  8
TEXT
100
AcDbText
 10
74135.38461538462
 20
42412.53846153846
 30
0.0
 40
85.0
  1
M0043
 72
1
 11
74135.38461538462
 21
42412.53846153846
 31
0.0
100
AcDbText
 73
2
  0
LINE
  5
662
330
17
100
AcDbEntity
  8
LEG
100
AcDbLine
 10
74066.15384615384
 20
42984.61538461538
 30
0.0
 11
73927.69230769231
 21
44230.769230769234
 31
0.0
  0
TEXT
  5
663
330
17
100
AcDbEntity
  8
TEXT
100
AcDbText
 10
73996.92307692308
 20
43658.69230769231
 30
0.0
 40
85.0
  1
M0044
 72
1
 11
73996.92307692308
 21
43658.69230769231
 31
0.0
100
AcDbText
 73
2
  0
LINE
  5
664
330
17
100
AcDbEntity
  8
LEG
100
AcDbLine
 10
73927.69230769231
 20
44230.769230769234
 30
0.0
 11
73789.23076923077
 21
45476.92307692308
 31
0.0
  0
TEXT
  5
665
330
17
100
AcDbEntity
  8
TEXT
100
AcDbText
 10
73858.46153846153
 20
44904.846153846156
 30
0.0
 40
85.0
  1
M0045
 72
1
 11
73858.46153846153
 21
44904.846153846156
 31
0.0
100
AcDbText
 73
2
  0
LINE
  5
666
330
17
100
AcDbEntity
  8
LEG
100
AcDbLine
 10
73789.23076923077
 20
45476.92307692308
 30
0.0
 11
73650.76923076923
 21
46723.07692307692
 31
0.0
  0
TEXT
  5
667
330
17
100
AcDbEntity
  8
TEXT
100
AcDbText
 10
73720.0
 20
46151.0
 30
0.0
 40
85.0
  1
M0046
 72
1
 11
73720.0
 21
46151.0
 31
0.0
100
AcDbText
 73
2
  0
LINE
  5
668
330
17
100
AcDbEntity
  8
LEG
100
AcDbLine
 10
73650.76923076923
 20
46723.07692307692
 30
0.0
 11
73512.30769230769
 21
47969.230769230766
 31
0.0
  0
TEXT
  5
669
330
17
100
AcDbEntity
  8
TEXT
100
AcDbText
 10
73581.53846153847
 20
47397.153846153844
 30
0.0
 40
85.0
  1
M0047
 72
1
 11
73581.53846153847
 21
47397.153846153844
 31
0.0
100
AcDbText
 73
2
  0
LINE
  5
66A
330
17
100
AcDbEntity
  8
LEG
100
AcDbLine
 10
73512.30769230769
 20
47969.230769230766
 30
0.0
 11
73373.84615384616
 21
49215.38461538462
 31
0.0
  0
TEXT
  5
66B
330
17
100
AcDbEntity
  8
TEXT
100
AcDbText
 10
73443.07692307692
 20
48643.30769230769
 30
0.0
 40
85.0
  1
M0048
 72
1
 11
73443.07692307692
 21
48643.30769230769
 31
0.0
100
AcDbText
 73
2
  0
LINE
  5
66C
330
17
100
AcDbEntity
  8
LEG
100
AcDbLine
 10
73373.84615384616
 20
49215.38461538462
 30
0.0
 11
73235.38461538461
 21
50461.53846153846
 31
0.0
  0
TEXT
  5
66D
330
17
100
AcDbEntity
  8
TEXT
100
AcDbText
 10
73304.61538461538
 20
49889.46153846154
 30
0.0
 40
85.0
  1
M0049
 72
1
 11
73304.61538461538
 21
49889.46153846154
 31
0.0
100
AcDbText
 73
2
  0
LINE
  5
66E
330
17
100
AcDbEntity
  8
LEG
100
AcDbLine
 10
73235.38461538461
 20
50461.53846153846
 30
0.0
 11
73096.92307692308
 21
51707.69230769231
 31
0.0
  0
TEXT
  5
66F
330
17
100
AcDbEntity
  8
TEXT
100
AcDbText
 10
73166.15384615384
 20
51135.61538461539
 30
0.0
 40
85.0
  1
M0050
 72
1
 11
73166.15384615384
 21
51135.61538461539
 31
0.0
100
AcDbText
 73
2
  0
LINE
  5
670
330
17
100
AcDbEntity
  8
LEG
100
AcDbLine
 10
73096.92307692308
 20
51707.69230769231
 30
0.0
 11
72958.46153846153
 21
52953.846153846156
 31
0.0
  0
TEXT
  5
671
330
17
100
AcDbEntity
  8
TEXT
100
AcDbText
 10
73027.69230769231
 20
52381.769230769234
 30
0.0
 40
85.0
  1
M0051
 72
1
 11
73027.69230769231
 21
52381.769230769234
 31
0.0
100
AcDbText
 73
2
  0
LINE
  5
672
330
17
100
AcDbEntity
  8
LEG
100
AcDbLine
 10
72958.46153846153
 20
52953.846153846156
 30
0.0
 11
72820.0
 21
54200.0
 31
0.0
  0
TEXT
  5
673
330
17
100
AcDbEntity
  8
TEXT
100
AcDbText
 10
72889.23076923077
 20
53627.92307692308
 30
0.0
 40
85.0
  1
M0052
 72
1
 11
72889.23076923077
 21
53627.92307692308
 31
0.0
100
AcDbText
 73
2
  0
LINE
  5
674
330
17
100
AcDbEntity
  8
HORIZ
100
AcDbLine
 10
74620.0
 20
38000.0
 30
0.0
 11
69380.0
 21
38000.0
 31
0.0
  0
LINE
  5
675
330
17
100
AcDbEntity
  8
HORIZ
100
AcDbLine
 10
69380.0
 20
38000.0
 30
0.0
 11
69380.0
 21
38000.0
 31
0.0
  0
LINE
  5
676
330
17
100
AcDbEntity
  8
HORIZ
100
AcDbLine
 10
69380.0
 20
38000.0
 30
0.0
 11
74620.0
 21
38000.0
 31
0.0
  0
LINE
  5
677
330
17
100
AcDbEntity
  8
HORIZ
100
AcDbLine
 10
74620.0
 20
38000.0
 30
0.0
 11
74620.0
 21
38000.0
 31
0.0
  0
LINE
  5
678
330
17
100
AcDbEntity
  8
HORIZ
100
AcDbLine
 10
74481.53846153847
 20
39246.153846153844
 30
0.0
 11
69518.46153846153
 21
39246.153846153844
 31
0.0
  0
LINE
  5
679
330
17
100
AcDbEntity
  8
HORIZ
100
AcDbLine
 10
69518.46153846153
 20
39246.153846153844
 30
0.0
 11
69518.46153846153
 21
39246.153846153844
 31
0.0
  0
LINE
  5
67A
330
17
100
AcDbEntity
  8
HORIZ
100
AcDbLine
 10
69518.46153846153
 20
39246.153846153844
 30
0.0
 11
74481.53846153847
 21
39246.153846153844
 31
0.0
  0
LINE
  5
67B
330
17
100
AcDbEntity
  8
HORIZ
100
AcDbLine
 10
74481.53846153847
 20
39246.153846153844
 30
0.0
 11
74481.53846153847
 21
39246.153846153844
 31
0.0
  0
LINE
  5
67C
330
17
100
AcDbEntity
  8
HORIZ
100
AcDbLine
 10
74343.07692307692
 20
40492.307692307695
 30
0.0
 11
69656.92307692308
 21
40492.307692307695
 31
0.0
  0
LINE
  5
67D
330
17
100
AcDbEntity
  8
HORIZ
100
AcDbLine
 10
69656.92307692308
 20
40492.307692307695
 30
0.0
 11
69656.92307692308
 21
40492.307692307695
 31
0.0
  0
LINE
  5
67E
330
17
100
AcDbEntity
  8
HORIZ
100
AcDbLine
 10
69656.92307692308
 20
40492.307692307695
 30
0.0
 11
74343.07692307692
 21
40492.307692307695
 31
0.0
  0
LINE
  5
67F
330
17
100
AcDbEntity
  8
HORIZ
100
AcDbLine
 10
74343.07692307692
 20
40492.307692307695
 30
0.0
 11
74343.07692307692
 21
40492.307692307695
 31
0.0
  0
LINE
  5
680
330
17
100
AcDbEntity
  8
HORIZ
100
AcDbLine
 10
74204.61538461539
 20
41738.46153846154
 30
0.0
 11
69795.38461538461
 21
41738.46153846154
 31
0.0
  0
LINE
  5
681
330
17
100
AcDbEntity
  8
HORIZ
100
AcDbLine
 10
69795.38461538461
 20
41738.46153846154
 30
0.0
 11
69795.38461538461
 21
41738.46153846154
 31
0.0
  0
LINE
  5
682
330
17
100
AcDbEntity
  8
HORIZ
100
AcDbLine
 10
69795.38461538461
 20
41738.46153846154
 30
0.0
 11
74204.61538461539
 21
41738.46153846154
 31
0.0
  0
LINE
  5
683
330
17
100
AcDbEntity
  8
HORIZ
100
AcDbLine
 10
74204.61538461539
 20
41738.46153846154
 30
0.0
 11
74204.61538461539
 21
41738.46153846154
 31
0.0
  0
LINE
  5
684
330
17
100
AcDbEntity
  8
HORIZ
100
AcDbLine
 10
74066.15384615384
 20
42984.61538461538
 30
0.0
 11
69933.84615384616
 21
42984.61538461538
 31
0.0
  0
LINE
  5
685
330
17
100
AcDbEntity
  8
HORIZ
100
AcDbLine
 10
69933.84615384616
 20
42984.61538461538
 30
0.0
 11
69933.84615384616
 21
42984.61538461538
 31
0.0
  0
LINE
  5
686
330
17
100
AcDbEntity
  8
HORIZ
100
AcDbLine
 10
69933.84615384616
 20
42984.61538461538
 30
0.0
 11
74066.15384615384
 21
42984.61538461538
 31
0.0
  0
LINE
  5
687
330
17
100
AcDbEntity
  8
HORIZ
100
AcDbLine
 10
74066.15384615384
 20
42984.61538461538
 30
0.0
 11
74066.15384615384
 21
42984.61538461538
 31
0.0
  0
LINE
  5
688
330
17
100
AcDbEntity
  8
HORIZ
100
AcDbLine
 10
73927.69230769231
 20
44230.769230769234
 30
0.0
 11
70072.30769230769
 21
44230.769230769234
 31
0.0
  0
LINE
  5
689
330
17
100
AcDbEntity
  8
HORIZ
100
AcDbLine
 10
70072.30769230769
 20
44230.769230769234
 30
0.0
 11
70072.30769230769
 21
44230.769230769234
 31
0.0
  0
LINE
  5
68A
330
17
100
AcDbEntity
  8
HORIZ
100
AcDbLine
 10
70072.30769230769
 20
44230.769230769234
 30
0.0
 11
73927.69230769231
 21
44230.769230769234
 31
0.0
  0
LINE
  5
68B
330
17
100
AcDbEntity
  8
HORIZ
100
AcDbLine
 10
73927.69230769231
 20
44230.769230769234
 30
0.0
 11
73927.69230769231
 21
44230.769230769234
 31
0.0
  0
LINE
  5
68C
330
17
100
AcDbEntity
  8
HORIZ
100
AcDbLine
 10
73789.23076923077
 20
45476.92307692308
 30
0.0
 11
70210.76923076923
 21
45476.92307692308
 31
0.0
  0
LINE
  5
68D
330
17
100
AcDbEntity
  8
HORIZ
100
AcDbLine
 10
70210.76923076923
 20
45476.92307692308
 30
0.0
 11
70210.76923076923
 21
45476.92307692308
 31
0.0
  0
LINE
  5
68E
330
17
100
AcDbEntity
  8
HORIZ
100
AcDbLine
 10
70210.76923076923
 20
45476.92307692308
 30
0.0
 11
73789.23076923077
 21
45476.92307692308
 31
0.0
  0
LINE
  5
68F
330
17
100
AcDbEntity
  8
HORIZ
100
AcDbLine
 10
73789.23076923077
 20
45476.92307692308
 30
0.0
 11
73789.23076923077
 21
45476.92307692308
 31
0.0
  0
LINE
  5
690
330
17
100
AcDbEntity
  8
HORIZ
100
AcDbLine
 10
73650.76923076923
 20
46723.07692307692
 30
0.0
 11
70349.23076923077
 21
46723.07692307692
 31
0.0
  0
LINE
  5
691
330
17
100
AcDbEntity
  8
HORIZ
100
AcDbLine
 10
70349.23076923077
 20
46723.07692307692
 30
0.0
 11
70349.23076923077
 21
46723.07692307692
 31
0.0
  0
LINE
  5
692
330
17
100
AcDbEntity
  8
HORIZ
100
AcDbLine
 10
70349.23076923077
 20
46723.07692307692
 30
0.0
 11
73650.76923076923
 21
46723.07692307692
 31
0.0
  0
LINE
  5
693
330
17
100
AcDbEntity
  8
HORIZ
100
AcDbLine
 10
73650.76923076923
 20
46723.07692307692
 30
0.0
 11
73650.76923076923
 21
46723.07692307692
 31
0.0
  0
LINE
  5
694
330
17
100
AcDbEntity
  8
HORIZ
100
AcDbLine
 10
73512.30769230769
 20
47969.230769230766
 30
0.0
 11
70487.69230769231
 21
47969.230769230766
 31
0.0
  0
LINE
  5
695
330
17
100
AcDbEntity
  8
HORIZ
100
AcDbLine
 10
70487.69230769231
 20
47969.230769230766
 30
0.0
 11
70487.69230769231
 21
47969.230769230766
 31
0.0
  0
LINE
  5
696
330
17
100
AcDbEntity
  8
HORIZ
100
AcDbLine
 10
70487.69230769231
 20
47969.230769230766
 30
0.0
 11
73512.30769230769
 21
47969.230769230766
 31
0.0
  0
LINE
  5
697
330
17
100
AcDbEntity
  8
HORIZ
100
AcDbLine
 10
73512.30769230769
 20
47969.230769230766
 30
0.0
 11
73512.30769230769
 21
47969.230769230766
 31
0.0
  0
LINE
  5
698
330
17
100
AcDbEntity
  8
HORIZ
100
AcDbLine
 10
73373.84615384616
 20
49215.38461538462
 30
0.0
 11
70626.15384615384
 21
49215.38461538462
 31
0.0
  0
LINE
  5
699
330
17
100
AcDbEntity
  8
HORIZ
100
AcDbLine
 10
70626.15384615384
 20
49215.38461538462
 30
0.0
 11
70626.15384615384
 21
49215.38461538462
 31
0.0
  0
LINE
  5
69A
330
17
100
AcDbEntity
  8
HORIZ
100
AcDbLine
 10
70626.15384615384
 20
49215.38461538462
 30
0.0
 11
73373.84615384616
 21
49215.38461538462
 31
0.0
  0
LINE
  5
69B
330
17
100
AcDbEntity
  8
HORIZ
100
AcDbLine
 10
73373.84615384616
 20
49215.38461538462
 30
0.0
 11
73373.84615384616
 21
49215.38461538462
 31
0.0
  0
LINE
  5
69C
330
17
100
AcDbEntity
  8
HORIZ
100
AcDbLine
 10
73235.38461538461
 20
50461.53846153846
 30
0.0
 11
70764.61538461539
 21
50461.53846153846
 31
0.0
  0
LINE
  5
69D
330
17
100
AcDbEntity
  8
HORIZ
100
AcDbLine
 10
70764.61538461539
 20
50461.53846153846
 30
0.0
 11
70764.61538461539
 21
50461.53846153846
 31
0.0
  0
LINE
  5
69E
330
17
100
AcDbEntity
  8
HORIZ
100
AcDbLine
 10
70764.61538461539
 20
50461.53846153846
 30
0.0
 11
73235.38461538461
 21
50461.53846153846
 31
0.0
  0
LINE
  5
69F
330
17
100
AcDbEntity
  8
HORIZ
100
AcDbLine
 10
73235.38461538461
 20
50461.53846153846
 30
0.0
 11
73235.38461538461
 21
50461.53846153846
 31
0.0
  0
LINE
  5
6A0
330
17
100
AcDbEntity
  8
HORIZ
100
AcDbLine
 10
73096.92307692308
 20
51707.69230769231
 30
0.0
 11
70903.07692307692
 21
51707.69230769231
 31
0.0
  0
LINE
  5
6A1
330
17
100
AcDbEntity
  8
HORIZ
100
AcDbLine
 10
70903.07692307692
 20
51707.69230769231
 30
0.0
 11
70903.07692307692
 21
51707.69230769231
 31
0.0
  0
LINE
  5
6A2
330
17
100
AcDbEntity
  8
HORIZ
100
AcDbLine
 10
70903.07692307692
 20
51707.69230769231
 30
0.0
 11
73096.92307692308
 21
51707.69230769231
 31
0.0
  0
LINE
  5
6A3
330
17
100
AcDbEntity
  8
HORIZ
100
AcDbLine
 10
73096.92307692308
 20
51707.69230769231
 30
0.0
 11
73096.92307692308
 21
51707.69230769231
 31
0.0
  0
LINE
  5
6A4
330
17
100
AcDbEntity
  8
HORIZ
100
AcDbLine
 10
72958.46153846153
 20
52953.846153846156
 30
0.0
 11
71041.53846153847
 21
52953.846153846156
 31
0.0
  0
LINE
  5
6A5
330
17
100
AcDbEntity
  8
HORIZ
100
AcDbLine
 10
71041.53846153847
 20
52953.846153846156
 30
0.0
 11
71041.53846153847
 21
52953.846153846156
 31
0.0
  0
LINE
  5
6A6
330
17
100
AcDbEntity
  8
HORIZ
100
AcDbLine
 10
71041.53846153847
 20
52953.846153846156
 30
0.0
 11
72958.46153846153
 21
52953.846153846156
 31
0.0
  0
LINE
  5
6A7
330
17
100
AcDbEntity
  8
HORIZ
100
AcDbLine
 10
72958.46153846153
 20
52953.846153846156
 30
0.0
 11
72958.46153846153
 21
52953.846153846156
 31
0.0
  0
LINE
  5
6A8
330
17
100
AcDbEntity
  8
HORIZ
100
AcDbLine
 10
72820.0
 20
54200.0
 30
0.0
 11
71180.0
 21
54200.0
 31
0.0
  0
LINE
  5
6A9
330
17
100
AcDbEntity
  8
HORIZ
100
AcDbLine
 10
71180.0
 20
54200.0
 30
0.0
 11
71180.0
 21
54200.0
 31
0.0
  0
LINE
  5
6AA
330
17
100
AcDbEntity
  8
HORIZ
100
AcDbLine
 10
71180.0
 20
54200.0
 30
0.0
 11
72820.0
 21
54200.0
 31
0.0
  0
LINE
  5
6AB
330
17
100
AcDbEntity
  8
HORIZ
100
AcDbLine
 10
72820.0
 20
54200.0
 30
0.0
 11
72820.0
 21
54200.0
 31
0.0
  0
LINE
  5
6AC
330
17
100
AcDbEntity
  8
DIAG
100
AcDbLine
 10
74620.0
 20
38000.0
 30
0.0
 11
69518.46153846153
 21
39246.153846153844
 31
0.0
  0
LINE
  5
6AD
330
17
100
AcDbEntity
  8
DIAG
100
AcDbLine
 10
69380.0
 20
38000.0
 30
0.0
 11
74481.53846153847
 21
39246.153846153844
 31
0.0
  0
LINE
  5
6AE
330
17
100
AcDbEntity
  8
DIAG
100
AcDbLine
 10
69380.0
 20
38000.0
 30
0.0
 11
69518.46153846153
 21
39246.153846153844
 31
0.0
  0
LINE
  5
6AF
330
17
100
AcDbEntity
  8
DIAG
100
AcDbLine
 10
69380.0
 20
38000.0
 30
0.0
 11
69518.46153846153
 21
39246.153846153844
 31
0.0
  0
LINE
  5
6B0
330
17
100
AcDbEntity
  8
DIAG
100
AcDbLine
 10
69380.0
 20
38000.0
 30
0.0
 11
74481.53846153847
 21
39246.153846153844
 31
0.0
  0
LINE
  5
6B1
330
17
100
AcDbEntity
  8
DIAG
100
AcDbLine
 10
74620.0
 20
38000.0
 30
0.0
 11
69518.46153846153
 21
39246.153846153844
 31
0.0
  0
LINE
  5
6B2
330
17
100
AcDbEntity
  8
DIAG
100
AcDbLine
 10
74620.0
 20
38000.0
 30
0.0
 11
74481.53846153847
 21
39246.153846153844
 31
0.0
  0
LINE
  5
6B3
330
17
100
AcDbEntity
  8
DIAG
100
AcDbLine
 10
74620.0
 20
38000.0
 30
0.0
 11
74481.53846153847
 21
39246.153846153844
 31
0.0
  0
LINE
  5
6B4
330
17
100
AcDbEntity
  8
DIAG
100
AcDbLine
 10
74481.53846153847
 20
39246.153846153844
 30
0.0
 11
69656.92307692308
 21
40492.307692307695
 31
0.0
  0
LINE
  5
6B5
330
17
100
AcDbEntity
  8
DIAG
100
AcDbLine
 10
69518.46153846153
 20
39246.153846153844
 30
0.0
 11
74343.07692307692
 21
40492.307692307695
 31
0.0
  0
LINE
  5
6B6
330
17
100
AcDbEntity
  8
DIAG
100
AcDbLine
 10
69518.46153846153
 20
39246.153846153844
 30
0.0
 11
69656.92307692308
 21
40492.307692307695
 31
0.0
  0
LINE
  5
6B7
330
17
100
AcDbEntity
  8
DIAG
100
AcDbLine
 10
69518.46153846153
 20
39246.153846153844
 30
0.0
 11
69656.92307692308
 21
40492.307692307695
 31
0.0
  0
LINE
  5
6B8
330
17
100
AcDbEntity
  8
DIAG
100
AcDbLine
 10
69518.46153846153
 20
39246.153846153844
 30
0.0
 11
74343.07692307692
 21
40492.307692307695
 31
0.0
  0
LINE
  5
6B9
330
17
100
AcDbEntity
  8
DIAG
100
AcDbLine
 10
74481.53846153847
 20
39246.153846153844
 30
0.0
 11
69656.92307692308
 21
40492.307692307695
 31
0.0
  0
LINE
  5
6BA
330
17
100
AcDbEntity
  8
DIAG
100
AcDbLine
 10
74481.53846153847
 20
39246.153846153844
 30
0.0
 11
74343.07692307692
 21
40492.307692307695
 31
0.0
  0
LINE
  5
6BB
330
17
100
AcDbEntity
  8
DIAG
100
AcDbLine
 10
74481.53846153847
 20
39246.153846153844
 30
0.0
 11
74343.07692307692
 21
40492.307692307695
 31
0.0
  0
LINE
  5
6BC
330
17
100
AcDbEntity
  8
DIAG
100
AcDbLine
 10
74343.07692307692
 20
40492.307692307695
 30
0.0
 11
69795.38461538461
 21
41738.46153846154
 31
0.0
  0
LINE
  5
6BD
330
17
100
AcDbEntity
  8
DIAG
100
AcDbLine
 10
69656.92307692308
 20
40492.307692307695
 30
0.0
 11
74204.61538461539
 21
41738.46153846154
 31
0.0
  0
LINE
  5
6BE
330
17
100
AcDbEntity
  8
DIAG
100
AcDbLine
 10
69656.92307692308
 20
40492.307692307695
 30
0.0
 11
69795.38461538461
 21
41738.46153846154
 31
0.0
  0
LINE
  5
6BF
330
17
100
AcDbEntity
  8
DIAG
100
AcDbLine
 10
69656.92307692308
 20
40492.307692307695
 30
0.0
 11
69795.38461538461
 21
41738.46153846154
 31
0.0
  0
LINE
  5
6C0
330
17
100
AcDbEntity
  8
DIAG
100
AcDbLine
 10
69656.92307692308
 20
40492.307692307695
 30
0.0
 11
74204.61538461539
 21
41738.46153846154
 31
0.0
  0
LINE
  5
6C1
330
17
100
AcDbEntity
  8
DIAG
100
AcDbLine
 10
74343.07692307692
 20
40492.307692307695
 30
0.0
 11
69795.38461538461
 21
41738.46153846154
 31
0.0
  0
LINE
  5
6C2
330
17
100
AcDbEntity
  8
DIAG
100
AcDbLine
 10
74343.07692307692
 20
40492.307692307695
 30
0.0
 11
74204.61538461539
 21
41738.46153846154
 31
0.0
  0
LINE
  5
6C3
330
17
100
AcDbEntity
  8
DIAG
100
AcDbLine
 10
74343.07692307692
 20
40492.307692307695
 30
0.0
 11
74204.61538461539
 21
41738.46153846154
 31
0.0
  0
LINE
  5
6C4
330
17
100
AcDbEntity
  8
DIAG
100
AcDbLine
 10
74204.61538461539
 20
41738.46153846154
 30
0.0
 11
69933.84615384616
 21
42984.61538461538
 31
0.0
  0
LINE
  5
6C5
330
17
100
AcDbEntity
  8
DIAG
100
AcDbLine
 10
69795.38461538461
 20
41738.46153846154
 30
0.0
 11
74066.15384615384
 21
42984.61538461538
 31
0.0
  0
LINE
  5
6C6
330
17
100
AcDbEntity
  8
DIAG
100
AcDbLine
 10
69795.38461538461
 20
41738.46153846154
 30
0.0
 11
69933.84615384616
 21
42984.61538461538
 31
0.0
  0
LINE
  5
6C7
330
17
100
AcDbEntity
  8
DIAG
100
AcDbLine
 10
69795.38461538461
 20
41738.46153846154
 30
0.0
 11
69933.84615384616
 21
42984.61538461538
 31
0.0
  0
LINE
  5
6C8
330
17
100
AcDbEntity
  8
DIAG
100
AcDbLine
 10
69795.38461538461
 20
41738.46153846154
 30
0.0
 11
74066.15384615384
 21
42984.61538461538
 31
0.0
  0
LINE
  5
6C9
330
17
100
AcDbEntity
  8
DIAG
100
AcDbLine
 10
74204.61538461539
 20
41738.46153846154
 30
0.0
 11
69933.84615384616
 21
42984.61538461538
 31
0.0
  0
LINE
  5
6CA
330
17
100
AcDbEntity
  8
DIAG
100
AcDbLine
 10
74204.61538461539
 20
41738.46153846154
 30
0.0
 11
74066.15384615384
 21
42984.61538461538
 31
0.0
  0
LINE
  5
6CB
330
17
100
AcDbEntity
  8
DIAG
100
AcDbLine
 10
74204.61538461539
 20
41738.46153846154
 30
0.0
 11
74066.15384615384
 21
42984.61538461538
 31
0.0
  0
LINE
  5
6CC
330
17
100
AcDbEntity
  8
DIAG
100
AcDbLine
 10
74066.15384615384
 20
42984.61538461538
 30
0.0
 11
70072.30769230769
 21
44230.769230769234
 31
0.0
  0
LINE
  5
6CD
330
17
100
AcDbEntity
  8
DIAG
100
AcDbLine
 10
69933.84615384616
 20
42984.61538461538
 30
0.0
 11
73927.69230769231
 21
44230.769230769234
 31
0.0
  0
LINE
  5
6CE
330
17
100
AcDbEntity
  8
DIAG
100
AcDbLine
 10
69933.84615384616
 20
42984.61538461538
 30
0.0
 11
70072.30769230769
 21
44230.769230769234
 31
0.0
  0
LINE
  5
6CF
330
17
100
AcDbEntity
  8
DIAG
100
AcDbLine
 10
69933.84615384616
 20
42984.61538461538
 30
0.0
 11
70072.30769230769
 21
44230.769230769234
 31
0.0
  0
LINE
  5
6D0
330
17
100
AcDbEntity
  8
DIAG
100
AcDbLine
 10
69933.84615384616
 20
42984.61538461538
 30
0.0
 11
73927.69230769231
 21
44230.769230769234
 31
0.0
  0
LINE
  5
6D1
330
17
100
AcDbEntity
  8
DIAG
100
AcDbLine
 10
74066.15384615384
 20
42984.61538461538
 30
0.0
 11
70072.30769230769
 21
44230.769230769234
 31
0.0
  0
LINE
  5
6D2
330
17
100
AcDbEntity
  8
DIAG
100
AcDbLine
 10
74066.15384615384
 20
42984.61538461538
 30
0.0
 11
73927.69230769231
 21
44230.769230769234
 31
0.0
  0
LINE
  5
6D3
330
17
100
AcDbEntity
  8
DIAG
100
AcDbLine
 10
74066.15384615384
 20
42984.61538461538
 30
0.0
 11
73927.69230769231
 21
44230.769230769234
 31
0.0
  0
LINE
  5
6D4
330
17
100
AcDbEntity
  8
DIAG
100
AcDbLine
 10
73927.69230769231
 20
44230.769230769234
 30
0.0
 11
70210.76923076923
 21
45476.92307692308
 31
0.0
  0
LINE
  5
6D5
330
17
100
AcDbEntity
  8
DIAG
100
AcDbLine
 10
70072.30769230769
 20
44230.769230769234
 30
0.0
 11
73789.23076923077
 21
45476.92307692308
 31
0.0
  0
LINE
  5
6D6
330
17
100
AcDbEntity
  8
DIAG
100
AcDbLine
 10
70072.30769230769
 20
44230.769230769234
 30
0.0
 11
70210.76923076923
 21
45476.92307692308
 31
0.0
  0
LINE
  5
6D7
330
17
100
AcDbEntity
  8
DIAG
100
AcDbLine
 10
70072.30769230769
 20
44230.769230769234
 30
0.0
 11
70210.76923076923
 21
45476.92307692308
 31
0.0
  0
LINE
  5
6D8
330
17
100
AcDbEntity
  8
DIAG
100
AcDbLine
 10
70072.30769230769
 20
44230.769230769234
 30
0.0
 11
73789.23076923077
 21
45476.92307692308
 31
0.0
  0
LINE
  5
6D9
330
17
100
AcDbEntity
  8
DIAG
100
AcDbLine
 10
73927.69230769231
 20
44230.769230769234
 30
0.0
 11
70210.76923076923
 21
45476.92307692308
 31
0.0
  0
LINE
  5
6DA
330
17
100
AcDbEntity
  8
DIAG
100
AcDbLine
 10
73927.69230769231
 20
44230.769230769234
 30
0.0
 11
73789.23076923077
 21
45476.92307692308
 31
0.0
  0
LINE
  5
6DB
330
17
100
AcDbEntity
  8
DIAG
100
AcDbLine
 10
73927.69230769231
 20
44230.769230769234
 30
0.0
 11
73789.23076923077
 21
45476.92307692308
 31
0.0
  0
LINE
  5
6DC
330
17
100
AcDbEntity
  8
DIAG
100
AcDbLine
 10
73789.23076923077
 20
45476.92307692308
 30
0.0
 11
70349.23076923077
 21
46723.07692307692
 31
0.0
  0
LINE
  5
6DD
330
17
100
AcDbEntity
  8
DIAG
100
AcDbLine
 10
70210.76923076923
 20
45476.92307692308
 30
0.0
 11
73650.76923076923
 21
46723.07692307692
 31
0.0
  0
LINE
  5
6DE
330
17
100
AcDbEntity
  8
DIAG
100
AcDbLine
 10
70210.76923076923
 20
45476.92307692308
 30
0.0
 11
70349.23076923077
 21
46723.07692307692
 31
0.0
  0
LINE
  5
6DF
330
17
100
AcDbEntity
  8
DIAG
100
AcDbLine
 10
70210.76923076923
 20
45476.92307692308
 30
0.0
 11
70349.23076923077
 21
46723.07692307692
 31
0.0
  0
LINE
  5
6E0
330
17
100
AcDbEntity
  8
DIAG
100
AcDbLine
 10
70210.76923076923
 20
45476.92307692308
 30
0.0
 11
73650.76923076923
 21
46723.07692307692
 31
0.0
  0
LINE
  5
6E1
330
17
100
AcDbEntity
  8
DIAG
100
AcDbLine
 10
73789.23076923077
 20
45476.92307692308
 30
0.0
 11
70349.23076923077
 21
46723.07692307692
 31
0.0
  0
LINE
  5
6E2
330
17
100
AcDbEntity
  8
DIAG
100
AcDbLine
 10
73789.23076923077
 20
45476.92307692308
 30
0.0
 11
73650.76923076923
 21
46723.07692307692
 31
0.0
  0
LINE
  5
6E3
330
17
100
AcDbEntity
  8
DIAG
100
AcDbLine
 10
73789.23076923077
 20
45476.92307692308
 30
0.0
 11
73650.76923076923
 21
46723.07692307692
 31
0.0
  0
LINE
  5
6E4
330
17
100
AcDbEntity
  8
DIAG
100
AcDbLine
 10
73650.76923076923
 20
46723.07692307692
 30
0.0
 11
70487.69230769231
 21
47969.230769230766
 31
0.0
  0
LINE
  5
6E5
330
17
100
AcDbEntity
  8
DIAG
100
AcDbLine
 10
70349.23076923077
 20
46723.07692307692
 30
0.0
 11
73512.30769230769
 21
47969.230769230766
 31
0.0
  0
LINE
  5
6E6
330
17
100
AcDbEntity
  8
DIAG
100
AcDbLine
 10
70349.23076923077
 20
46723.07692307692
 30
0.0
 11
70487.69230769231
 21
47969.230769230766
 31
0.0
  0
LINE
  5
6E7
330
17
100
AcDbEntity
  8
DIAG
100
AcDbLine
 10
70349.23076923077
 20
46723.07692307692
 30
0.0
 11
70487.69230769231
 21
47969.230769230766
 31
0.0
  0
LINE
  5
6E8
330
17
100
AcDbEntity
  8
DIAG
100
AcDbLine
 10
70349.23076923077
 20
46723.07692307692
 30
0.0
 11
73512.30769230769
 21
47969.230769230766
 31
0.0
  0
LINE
  5
6E9
330
17
100
AcDbEntity
  8
DIAG
100
AcDbLine
 10
73650.76923076923
 20
46723.07692307692
 30
0.0
 11
70487.69230769231
 21
47969.230769230766
 31
0.0
  0
LINE
  5
6EA
330
17
100
AcDbEntity
  8
DIAG
100
AcDbLine
 10
73650.76923076923
 20
46723.07692307692
 30
0.0
 11
73512.30769230769
 21
47969.230769230766
 31
0.0
  0
LINE
  5
6EB
330
17
100
AcDbEntity
  8
DIAG
100
AcDbLine
 10
73650.76923076923
 20
46723.07692307692
 30
0.0
 11
73512.30769230769
 21
47969.230769230766
 31
0.0
  0
LINE
  5
6EC
330
17
100
AcDbEntity
  8
DIAG
100
AcDbLine
 10
73512.30769230769
 20
47969.230769230766
 30
0.0
 11
70626.15384615384
 21
49215.38461538462
 31
0.0
  0
LINE
  5
6ED
330
17
100
AcDbEntity
  8
DIAG
100
AcDbLine
 10
70487.69230769231
 20
47969.230769230766
 30
0.0
 11
73373.84615384616
 21
49215.38461538462
 31
0.0
  0
LINE
  5
6EE
330
17
100
AcDbEntity
  8
DIAG
100
AcDbLine
 10
70487.69230769231
 20
47969.230769230766
 30
0.0
 11
70626.15384615384
 21
49215.38461538462
 31
0.0
  0
LINE
  5
6EF
330
17
100
AcDbEntity
  8
DIAG
100
AcDbLine
 10
70487.69230769231
 20
47969.230769230766
 30
0.0
 11
70626.15384615384
 21
49215.38461538462
 31
0.0
  0
LINE
  5
6F0
330
17
100
AcDbEntity
  8
DIAG
100
AcDbLine
 10
70487.69230769231
 20
47969.230769230766
 30
0.0
 11
73373.84615384616
 21
49215.38461538462
 31
0.0
  0
LINE
  5
6F1
330
17
100
AcDbEntity
  8
DIAG
100
AcDbLine
 10
73512.30769230769
 20
47969.230769230766
 30
0.0
 11
70626.15384615384
 21
49215.38461538462
 31
0.0
  0
LINE
  5
6F2
330
17
100
AcDbEntity
  8
DIAG
100
AcDbLine
 10
73512.30769230769
 20
47969.230769230766
 30
0.0
 11
73373.84615384616
 21
49215.38461538462
 31
0.0
  0
LINE
  5
6F3
330
17
100
AcDbEntity
  8
DIAG
100
AcDbLine
 10
73512.30769230769
 20
47969.230769230766
 30
0.0
 11
73373.84615384616
 21
49215.38461538462
 31
0.0
  0
LINE
  5
6F4
330
17
100
AcDbEntity
  8
DIAG
100
AcDbLine
 10
73373.84615384616
 20
49215.38461538462
 30
0.0
 11
70764.61538461539
 21
50461.53846153846
 31
0.0
  0
LINE
  5
6F5
330
17
100
AcDbEntity
  8
DIAG
100
AcDbLine
 10
70626.15384615384
 20
49215.38461538462
 30
0.0
 11
73235.38461538461
 21
50461.53846153846
 31
0.0
  0
LINE
  5
6F6
330
17
100
AcDbEntity
  8
DIAG
100
AcDbLine
 10
70626.15384615384
 20
49215.38461538462
 30
0.0
 11
70764.61538461539
 21
50461.53846153846
 31
0.0
  0
LINE
  5
6F7
330
17
100
AcDbEntity
  8
DIAG
100
AcDbLine
 10
70626.15384615384
 20
49215.38461538462
 30
0.0
 11
70764.61538461539
 21
50461.53846153846
 31
0.0
  0
LINE
  5
6F8
330
17
100
AcDbEntity
  8
DIAG
100
AcDbLine
 10
70626.15384615384
 20
49215.38461538462
 30
0.0
 11
73235.38461538461
 21
50461.53846153846
 31
0.0
  0
LINE
  5
6F9
330
17
100
AcDbEntity
  8
DIAG
100
AcDbLine
 10
73373.84615384616
 20
49215.38461538462
 30
0.0
 11
70764.61538461539
 21
50461.53846153846
 31
0.0
  0
LINE
  5
6FA
330
17
100
AcDbEntity
  8
DIAG
100
AcDbLine
 10
73373.84615384616
 20
49215.38461538462
 30
0.0
 11
73235.38461538461
 21
50461.53846153846
 31
0.0
  0
LINE
  5
6FB
330
17
100
AcDbEntity
  8
DIAG
100
AcDbLine
 10
73373.84615384616
 20
49215.38461538462
 30
0.0
 11
73235.38461538461
 21
50461.53846153846
 31
0.0
  0
LINE
  5
6FC
330
17
100
AcDbEntity
  8
DIAG
100
AcDbLine
 10
73235.38461538461
 20
50461.53846153846
 30
0.0
 11
70903.07692307692
 21
51707.69230769231
 31
0.0
  0
LINE
  5
6FD
330
17
100
AcDbEntity
  8
DIAG
100
AcDbLine
 10
70764.61538461539
 20
50461.53846153846
 30
0.0
 11
73096.92307692308
 21
51707.69230769231
 31
0.0
  0
LINE
  5
6FE
330
17
100
AcDbEntity
  8
DIAG
100
AcDbLine
 10
70764.61538461539
 20
50461.53846153846
 30
0.0
 11
70903.07692307692
 21
51707.69230769231
 31
0.0
  0
LINE
  5
6FF
330
17
100
AcDbEntity
  8
DIAG
100
AcDbLine
 10
70764.61538461539
 20
50461.53846153846
 30
0.0
 11
70903.07692307692
 21
51707.69230769231
 31
0.0
  0
LINE
  5
700
330
17
100
AcDbEntity
  8
DIAG
100
AcDbLine
 10
70764.61538461539
 20
50461.53846153846
 30
0.0
 11
73096.92307692308
 21
51707.69230769231
 31
0.0
  0
LINE
  5
701
330
17
100
AcDbEntity
  8
DIAG
100
AcDbLine
 10
73235.38461538461
 20
50461.53846153846
 30
0.0
 11
70903.07692307692
 21
51707.69230769231
 31
0.0
  0
LINE
  5
702
330
17
100
AcDbEntity
  8
DIAG
100
AcDbLine
 10
73235.38461538461
 20
50461.53846153846
 30
0.0
 11
73096.92307692308
 21
51707.69230769231
 31
0.0
  0
LINE
  5
703
330
17
100
AcDbEntity
  8
DIAG
100
AcDbLine
 10
73235.38461538461
 20
50461.53846153846
 30
0.0
 11
73096.92307692308
 21
51707.69230769231
 31
0.0
  0
LINE
  5
704
330
17
100
AcDbEntity
  8
DIAG
100
AcDbLine
 10
73096.92307692308
 20
51707.69230769231
 30
0.0
 11
71041.53846153847
 21
52953.846153846156
 31
0.0
  0
LINE
  5
705
330
17
100
AcDbEntity
  8
DIAG
100
AcDbLine
 10
70903.07692307692
 20
51707.69230769231
 30
0.0
 11
72958.46153846153
 21
52953.846153846156
 31
0.0
  0
LINE
  5
706
330
17
100
AcDbEntity
  8
DIAG
100
AcDbLine
 10
70903.07692307692
 20
51707.69230769231
 30
0.0
 11
71041.53846153847
 21
52953.846153846156
 31
0.0
  0
LINE
  5
707
330
17
100
AcDbEntity
  8
DIAG
100
AcDbLine
 10
70903.07692307692
 20
51707.69230769231
 30
0.0
 11
71041.53846153847
 21
52953.846153846156
 31
0.0
  0
LINE
  5
708
330
17
100
AcDbEntity
  8
DIAG
100
AcDbLine
 10
70903.07692307692
 20
51707.69230769231
 30
0.0
 11
72958.46153846153
 21
52953.846153846156
 31
0.0
  0
LINE
  5
709
330
17
100
AcDbEntity
  8
DIAG
100
AcDbLine
 10
73096.92307692308
 20
51707.69230769231
 30
0.0
 11
71041.53846153847
 21
52953.846153846156
 31
0.0
  0
LINE
  5
70A
330
17
100
AcDbEntity
  8
DIAG
100
AcDbLine
 10
73096.92307692308
 20
51707.69230769231
 30
0.0
 11
72958.46153846153
 21
52953.846153846156
 31
0.0
  0
LINE
  5
70B
330
17
100
AcDbEntity
  8
DIAG
100
AcDbLine
 10
73096.92307692308
 20
51707.69230769231
 30
0.0
 11
72958.46153846153
 21
52953.846153846156
 31
0.0
  0
LINE
  5
70C
330
17
100
AcDbEntity
  8
DIAG
100
AcDbLine
 10
72958.46153846153
 20
52953.846153846156
 30
0.0
 11
71180.0
 21
54200.0
 31
0.0
  0
LINE
  5
70D
330
17
100
AcDbEntity
  8
DIAG
100
AcDbLine
 10
71041.53846153847
 20
52953.846153846156
 30
0.0
 11
72820.0
 21
54200.0
 31
0.0
  0
LINE
  5
70E
330
17
100
AcDbEntity
  8
DIAG
100
AcDbLine
 10
71041.53846153847
 20
52953.846153846156
 30
0.0
 11
71180.0
 21
54200.0
 31
0.0
  0
LINE
  5
70F
330
17
100
AcDbEntity
  8
DIAG
100
AcDbLine
 10
71041.53846153847
 20
52953.846153846156
 30
0.0
 11
71180.0
 21
54200.0
 31
0.0
  0
LINE
  5
710
330
17
100
AcDbEntity
  8
DIAG
100
AcDbLine
 10
71041.53846153847
 20
52953.846153846156
 30
0.0
 11
72820.0
 21
54200.0
 31
0.0
  0
LINE
  5
711
330
17
100
AcDbEntity
  8
DIAG
100
AcDbLine
 10
72958.46153846153
 20
52953.846153846156
 30
0.0
 11
71180.0
 21
54200.0
 31
0.0
  0
LINE
  5
712
330
17
100
AcDbEntity
  8
DIAG
100
AcDbLine
 10
72958.46153846153
 20
52953.846153846156
 30
0.0
 11
72820.0
 21
54200.0
 31
0.0
  0
LINE
  5
713
330
17
100
AcDbEntity
  8
DIAG
100
AcDbLine
 10
72958.46153846153
 20
52953.846153846156
 30
0.0
 11
72820.0
 21
54200.0
 31
0.0
  0
LINE
  5
714
330
17
100
AcDbEntity
  8
HORIZ
100
AcDbLine
 10
74620.0
 20
38000.0
 30
0.0
 11
69380.0
 21
38000.0
 31
0.0
  0
LINE
  5
715
330
17
100
AcDbEntity
  8
HORIZ
100
AcDbLine
 10
69380.0
 20
38000.0
 30
0.0
 11
74620.0
 21
38000.0
 31
0.0
  0
LINE
  5
716
330
17
100
AcDbEntity
  8
HORIZ
100
AcDbLine
 10
74481.53846153847
 20
39246.153846153844
 30
0.0
 11
69518.46153846153
 21
39246.153846153844
 31
0.0
  0
LINE
  5
717
330
17
100
AcDbEntity
  8
HORIZ
100
AcDbLine
 10
69518.46153846153
 20
39246.153846153844
 30
0.0
 11
74481.53846153847
 21
39246.153846153844
 31
0.0
  0
LINE
  5
718
330
17
100
AcDbEntity
  8
HORIZ
100
AcDbLine
 10
74343.07692307692
 20
40492.307692307695
 30
0.0
 11
69656.92307692308
 21
40492.307692307695
 31
0.0
  0
LINE
  5
719
330
17
100
AcDbEntity
  8
HORIZ
100
AcDbLine
 10
69656.92307692308
 20
40492.307692307695
 30
0.0
 11
74343.07692307692
 21
40492.307692307695
 31
0.0
  0
LINE
  5
71A
330
17
100
AcDbEntity
  8
HORIZ
100
AcDbLine
 10
74204.61538461539
 20
41738.46153846154
 30
0.0
 11
69795.38461538461
 21
41738.46153846154
 31
0.0
  0
LINE
  5
71B
330
17
100
AcDbEntity
  8
HORIZ
100
AcDbLine
 10
69795.38461538461
 20
41738.46153846154
 30
0.0
 11
74204.61538461539
 21
41738.46153846154
 31
0.0
  0
LINE
  5
71C
330
17
100
AcDbEntity
  8
HORIZ
100
AcDbLine
 10
74066.15384615384
 20
42984.61538461538
 30
0.0
 11
69933.84615384616
 21
42984.61538461538
 31
0.0
  0
LINE
  5
71D
330
17
100
AcDbEntity
  8
HORIZ
100
AcDbLine
 10
69933.84615384616
 20
42984.61538461538
 30
0.0
 11
74066.15384615384
 21
42984.61538461538
 31
0.0
  0
LINE
  5
71E
330
17
100
AcDbEntity
  8
HORIZ
100
AcDbLine
 10
73927.69230769231
 20
44230.769230769234
 30
0.0
 11
70072.30769230769
 21
44230.769230769234
 31
0.0
  0
LINE
  5
71F
330
17
100
AcDbEntity
  8
HORIZ
100
AcDbLine
 10
70072.30769230769
 20
44230.769230769234
 30
0.0
 11
73927.69230769231
 21
44230.769230769234
 31
0.0
  0
LINE
  5
720
330
17
100
AcDbEntity
  8
HORIZ
100
AcDbLine
 10
73789.23076923077
 20
45476.92307692308
 30
0.0
 11
70210.76923076923
 21
45476.92307692308
 31
0.0
  0
LINE
  5
721
330
17
100
AcDbEntity
  8
HORIZ
100
AcDbLine
 10
70210.76923076923
 20
45476.92307692308
 30
0.0
 11
73789.23076923077
 21
45476.92307692308
 31
0.0
  0
LINE
  5
722
330
17
100
AcDbEntity
  8
HORIZ
100
AcDbLine
 10
73650.76923076923
 20
46723.07692307692
 30
0.0
 11
70349.23076923077
 21
46723.07692307692
 31
0.0
  0
LINE
  5
723
330
17
100
AcDbEntity
  8
HORIZ
100
AcDbLine
 10
70349.23076923077
 20
46723.07692307692
 30
0.0
 11
73650.76923076923
 21
46723.07692307692
 31
0.0
  0
LINE
  5
724
330
17
100
AcDbEntity
  8
HORIZ
100
AcDbLine
 10
73512.30769230769
 20
47969.230769230766
 30
0.0
 11
70487.69230769231
 21
47969.230769230766
 31
0.0
  0
LINE
  5
725
330
17
100
AcDbEntity
  8
HORIZ
100
AcDbLine
 10
70487.69230769231
 20
47969.230769230766
 30
0.0
 11
73512.30769230769
 21
47969.230769230766
 31
0.0
  0
LINE
  5
726
330
17
100
AcDbEntity
  8
HORIZ
100
AcDbLine
 10
73373.84615384616
 20
49215.38461538462
 30
0.0
 11
70626.15384615384
 21
49215.38461538462
 31
0.0
  0
LINE
  5
727
330
17
100
AcDbEntity
  8
HORIZ
100
AcDbLine
 10
70626.15384615384
 20
49215.38461538462
 30
0.0
 11
73373.84615384616
 21
49215.38461538462
 31
0.0
  0
LINE
  5
728
330
17
100
AcDbEntity
  8
HORIZ
100
AcDbLine
 10
73235.38461538461
 20
50461.53846153846
 30
0.0
 11
70764.61538461539
 21
50461.53846153846
 31
0.0
  0
LINE
  5
729
330
17
100
AcDbEntity
  8
HORIZ
100
AcDbLine
 10
70764.61538461539
 20
50461.53846153846
 30
0.0
 11
73235.38461538461
 21
50461.53846153846
 31
0.0
  0
LINE
  5
72A
330
17
100
AcDbEntity
  8
HORIZ
100
AcDbLine
 10
73096.92307692308
 20
51707.69230769231
 30
0.0
 11
70903.07692307692
 21
51707.69230769231
 31
0.0
  0
LINE
  5
72B
330
17
100
AcDbEntity
  8
HORIZ
100
AcDbLine
 10
70903.07692307692
 20
51707.69230769231
 30
0.0
 11
73096.92307692308
 21
51707.69230769231
 31
0.0
  0
LINE
  5
72C
330
17
100
AcDbEntity
  8
HORIZ
100
AcDbLine
 10
72958.46153846153
 20
52953.846153846156
 30
0.0
 11
71041.53846153847
 21
52953.846153846156
 31
0.0
  0
LINE
  5
72D
330
17
100
AcDbEntity
  8
HORIZ
100
AcDbLine
 10
71041.53846153847
 20
52953.846153846156
 30
0.0
 11
72958.46153846153
 21
52953.846153846156
 31
0.0
  0
LINE
  5
72E
330
17
100
AcDbEntity
  8
HORIZ
100
AcDbLine
 10
72820.0
 20
54200.0
 30
0.0
 11
71180.0
 21
54200.0
 31
0.0
  0
LINE
  5
72F
330
17
100
AcDbEntity
  8
HORIZ
100
AcDbLine
 10
71180.0
 20
54200.0
 30
0.0
 11
72820.0
 21
54200.0
 31
0.0
  0
LINE
  5
730
330
17
100
AcDbEntity
  8
KNEE
100
AcDbLine
 10
74620.0
 20
38000.0
 30
0.0
 11
74410.4
 21
38685.38461538462
 31
0.0
  0
LINE
  5
731
330
17
100
AcDbEntity
  8
KNEE
100
AcDbLine
 10
74410.4
 20
38685.38461538462
 30
0.0
 11
74481.53846153847
 21
39246.153846153844
 31
0.0
  0
LINE
  5
732
330
17
100
AcDbEntity
  8
KNEE
100
AcDbLine
 10
69380.0
 20
38000.0
 30
0.0
 11
69589.6
 21
38685.38461538462
 31
0.0
  0
LINE
  5
733
330
17
100
AcDbEntity
  8
KNEE
100
AcDbLine
 10
69589.6
 20
38685.38461538462
 30
0.0
 11
69518.46153846153
 21
39246.153846153844
 31
0.0
  0
LINE
  5
734
330
17
100
AcDbEntity
  8
KNEE
100
AcDbLine
 10
69380.0
 20
38000.0
 30
0.0
 11
69589.6
 21
38685.38461538462
 31
0.0
  0
LINE
  5
735
330
17
100
AcDbEntity
  8
KNEE
100
AcDbLine
 10
69589.6
 20
38685.38461538462
 30
0.0
 11
69518.46153846153
 21
39246.153846153844
 31
0.0
  0
LINE
  5
736
330
17
100
AcDbEntity
  8
KNEE
100
AcDbLine
 10
74620.0
 20
38000.0
 30
0.0
 11
74410.4
 21
38685.38461538462
 31
0.0
  0
LINE
  5
737
330
17
100
AcDbEntity
  8
KNEE
100
AcDbLine
 10
74410.4
 20
38685.38461538462
 30
0.0
 11
74481.53846153847
 21
39246.153846153844
 31
0.0
  0
LINE
  5
738
330
17
100
AcDbEntity
  8
CROSS
100
AcDbLine
 10
72820.0
 20
54200.0
 30
0.0
 11
72820.0
 21
54200.0
 31
0.0
  0
TEXT
  5
739
330
17
100
AcDbEntity
  8
TEXT
100
AcDbText
 10
72820.0
 20
54251.0
 30
0.0
 40
85.0
  1
M0249
 72
1
 11
72820.0
 21
54251.0
 31
0.0
100
AcDbText
 73
2
  0
LINE
  5
73A
330
17
100
AcDbEntity
  8
CROSS
100
AcDbLine
 10
72820.0
 20
54200.0
 30
0.0
 11
72820.0
 21
54200.0
 31
0.0
  0
TEXT
  5
73B
330
17
100
AcDbEntity
  8
TEXT
100
AcDbText
 10
72820.0
 20
54251.0
 30
0.0
 40
85.0
  1
M0250
 72
1
 11
72820.0
 21
54251.0
 31
0.0
100
AcDbText
 73
2
  0
LINE
  5
73C
330
17
100
AcDbEntity
  8
CROSS
100
AcDbLine
 10
71180.0
 20
54200.0
 30
0.0
 11
71180.0
 21
54200.0
 31
0.0
  0
TEXT
  5
73D
330
17
100
AcDbEntity
  8
TEXT
100
AcDbText
 10
71180.0
 20
54251.0
 30
0.0
 40
85.0
  1
M0251
 72
1
 11
71180.0
 21
54251.0
 31
0.0
100
AcDbText
 73
2
  0
LINE
  5
73E
330
17
100
AcDbEntity
  8
CROSS
100
AcDbLine
 10
71180.0
 20
54200.0
 30
0.0
 11
71180.0
 21
54200.0
 31
0.0
  0
TEXT
  5
73F
330
17
100
AcDbEntity
  8
TEXT
100
AcDbText
 10
71180.0
 20
54251.0
 30
0.0
 40
85.0
  1
M0252
 72
1
 11
71180.0
 21
54251.0
 31
0.0
100
AcDbText
 73
2
  0
LINE
  5
740
330
17
100
AcDbEntity
  8
CROSS
100
AcDbLine
 10
71180.0
 20
54200.0
 30
0.0
 11
67500.0
 21
54200.0
 31
0.0
  0
TEXT
  5
741
330
17
100
AcDbEntity
  8
TEXT
100
AcDbText
 10
69340.0
 20
54251.0
 30
0.0
 40
85.0
  1
M0253
 72
1
 11
69340.0
 21
54251.0
 31
0.0
100
AcDbText
 73
2
  0
LINE
  5
742
330
17
100
AcDbEntity
  8
CROSS
100
AcDbLine
 10
67500.0
 20
54200.0
 30
0.0
 11
65500.0
 21
54200.0
 31
0.0
  0
TEXT
  5
743
330
17
100
AcDbEntity
  8
TEXT
100
AcDbText
 10
66500.0
 20
54251.0
 30
0.0
 40
85.0
  1
M0254
 72
1
 11
66500.0
 21
54251.0
 31
0.0
100
AcDbText
 73
2
  0
LINE
  5
744
330
17
100
AcDbEntity
  8
CROSS
100
AcDbLine
 10
72820.0
 20
54200.0
 30
0.0
 11
76500.0
 21
54200.0
 31
0.0
  0
TEXT
  5
745
330
17
100
AcDbEntity
  8
TEXT
100
AcDbText
 10
74660.0
 20
54251.0
 30
0.0
 40
85.0
  1
M0255
 72
1
 11
74660.0
 21
54251.0
 31
0.0
100
AcDbText
 73
2
  0
LINE
  5
746
330
17
100
AcDbEntity
  8
CROSS
100
AcDbLine
 10
76500.0
 20
54200.0
 30
0.0
 11
78500.0
 21
54200.0
 31
0.0
  0
TEXT
  5
747
330
17
100
AcDbEntity
  8
TEXT
100
AcDbText
 10
77500.0
 20
54251.0
 30
0.0
 40
85.0
  1
M0256
 72
1
 11
77500.0
 21
54251.0
 31
0.0
100
AcDbText
 73
2
  0
LINE
  5
748
330
17
100
AcDbEntity
  8
DIAG
100
AcDbLine
 10
72958.46153846153
 20
52953.846153846156
 30
0.0
 11
76500.0
 21
54200.0
 31
0.0
  0
LINE
  5
749
330
17
100
AcDbEntity
  8
DIAG
100
AcDbLine
 10
72958.46153846153
 20
52953.846153846156
 30
0.0
 11
76500.0
 21
54200.0
 31
0.0
  0
LINE
  5
74A
330
17
100
AcDbEntity
  8
DIAG
100
AcDbLine
 10
71041.53846153847
 20
52953.846153846156
 30
0.0
 11
67500.0
 21
54200.0
 31
0.0
  0
LINE
  5
74B
330
17
100
AcDbEntity
  8
DIAG
100
AcDbLine
 10
71041.53846153847
 20
52953.846153846156
 30
0.0
 11
67500.0
 21
54200.0
 31
0.0
  0
LINE
  5
74C
330
17
100
AcDbEntity
  8
DIAG
100
AcDbLine
 10
67500.0
 20
54200.0
 30
0.0
 11
65500.0
 21
54200.0
 31
0.0
  0
LINE
  5
74D
330
17
100
AcDbEntity
  8
DIAG
100
AcDbLine
 10
71180.0
 20
54200.0
 30
0.0
 11
65500.0
 21
54200.0
 31
0.0
  0
LINE
  5
74E
330
17
100
AcDbEntity
  8
DIAG
100
AcDbLine
 10
76500.0
 20
54200.0
 30
0.0
 11
78500.0
 21
54200.0
 31
0.0
  0
LINE
  5
74F
330
17
100
AcDbEntity
  8
DIAG
100
AcDbLine
 10
72820.0
 20
54200.0
 30
0.0
 11
78500.0
 21
54200.0
 31
0.0
  0
LINE
  5
750
330
17
100
AcDbEntity
  8
CROSS
100
AcDbLine
 10
65500.0
 20
54200.0
 30
0.0
 11
66500.0
 21
52400.0
 31
0.0
  0
LINE
  5
751
330
17
100
AcDbEntity
  8
CROSS
100
AcDbLine
 10
66500.0
 20
52400.0
 30
0.0
 11
67500.0
 21
54200.0
 31
0.0
  0
LINE
  5
752
330
17
100
AcDbEntity
  8
CROSS
100
AcDbLine
 10
78500.0
 20
54200.0
 30
0.0
 11
77500.0
 21
52400.0
 31
0.0
  0
LINE
  5
753
330
17
100
AcDbEntity
  8
CROSS
100
AcDbLine
 10
77500.0
 20
52400.0
 30
0.0
 11
76500.0
 21
54200.0
 31
0.0
  0
LINE
  5
754
330
17
100
AcDbEntity
  8
HEAD
100
AcDbLine
 10
72820.0
 20
54200.0
 30
0.0
 11
72650.0
 21
55500.0
 31
0.0
  0
TEXT
  5
755
330
17
100
AcDbEntity
  8
TEXT
100
AcDbText
 10
72735.0
 20
54901.0
 30
0.0
 40
85.0
  1
M0269
 72
1
 11
72735.0
 21
54901.0
 31
0.0
100
AcDbText
 73
2
  0
LINE
  5
756
330
17
100
AcDbEntity
  8
HEAD
100
AcDbLine
 10
71180.0
 20
54200.0
 30
0.0
 11
71350.0
 21
55500.0
 31
0.0
  0
TEXT
  5
757
330
17
100
AcDbEntity
  8
TEXT
100
AcDbText
 10
71265.0
 20
54901.0
 30
0.0
 40
85.0
  1
M0270
 72
1
 11
71265.0
 21
54901.0
 31
0.0
100
AcDbText
 73
2
  0
LINE
  5
758
330
17
100
AcDbEntity
  8
HEAD
100
AcDbLine
 10
71180.0
 20
54200.0
 30
0.0
 11
71350.0
 21
55500.0
 31
0.0
  0
TEXT
  5
759
330
17
100
AcDbEntity
  8
TEXT
100
AcDbText
 10
71265.0
 20
54901.0
 30
0.0
 40
85.0
  1
M0271
 72
1
 11
71265.0
 21
54901.0
 31
0.0
100
AcDbText
 73
2
  0
LINE
  5
75A
330
17
100
AcDbEntity
  8
HEAD
100
AcDbLine
 10
72820.0
 20
54200.0
 30
0.0
 11
72650.0
 21
55500.0
 31
0.0
  0
TEXT
  5
75B
330
17
100
AcDbEntity
  8
TEXT
100
AcDbText
 10
72735.0
 20
54901.0
 30
0.0
 40
85.0
  1
M0272
 72
1
 11
72735.0
 21
54901.0
 31
0.0
100
AcDbText
 73
2
  0
LINE
  5
75C
330
17
100
AcDbEntity
  8
HEAD
100
AcDbLine
 10
72650.0
 20
55500.0
 30
0.0
 11
72480.0
 21
56800.0
 31
0.0
  0
TEXT
  5
75D
330
17
100
AcDbEntity
  8
TEXT
100
AcDbText
 10
72565.0
 20
56201.0
 30
0.0
 40
85.0
  1
M0273
 72
1
 11
72565.0
 21
56201.0
 31
0.0
100
AcDbText
 73
2
  0
LINE
  5
75E
330
17
100
AcDbEntity
  8
HEAD
100
AcDbLine
 10
71350.0
 20
55500.0
 30
0.0
 11
71520.0
 21
56800.0
 31
0.0
  0
TEXT
  5
75F
330
17
100
AcDbEntity
  8
TEXT
100
AcDbText
 10
71435.0
 20
56201.0
 30
0.0
 40
85.0
  1
M0274
 72
1
 11
71435.0
 21
56201.0
 31
0.0
100
AcDbText
 73
2
  0
LINE
  5
760
330
17
100
AcDbEntity
  8
HEAD
100
AcDbLine
 10
71350.0
 20
55500.0
 30
0.0
 11
71520.0
 21
56800.0
 31
0.0
  0
TEXT
  5
761
330
17
100
AcDbEntity
  8
TEXT
100
AcDbText
 10
71435.0
 20
56201.0
 30
0.0
 40
85.0
  1
M0275
 72
1
 11
71435.0
 21
56201.0
 31
0.0
100
AcDbText
 73
2
  0
LINE
  5
762
330
17
100
AcDbEntity
  8
HEAD
100
AcDbLine
 10
72650.0
 20
55500.0
 30
0.0
 11
72480.0
 21
56800.0
 31
0.0
  0
TEXT
  5
763
330
17
100
AcDbEntity
  8
TEXT
100
AcDbText
 10
72565.0
 20
56201.0
 30
0.0
 40
85.0
  1
M0276
 72
1
 11
72565.0
 21
56201.0
 31
0.0
100
AcDbText
 73
2
  0
LINE
  5
764
330
17
100
AcDbEntity
  8
HEAD
100
AcDbLine
 10
72480.0
 20
56800.0
 30
0.0
 11
72320.0
 21
57500.0
 31
0.0
  0
TEXT
  5
765
330
17
100
AcDbEntity
  8
TEXT
100
AcDbText
 10
72400.0
 20
57201.0
 30
0.0
 40
85.0
  1
M0277
 72
1
 11
72400.0
 21
57201.0
 31
0.0
100
AcDbText
 73
2
  0
LINE
  5
766
330
17
100
AcDbEntity
  8
HEAD
100
AcDbLine
 10
71520.0
 20
56800.0
 30
0.0
 11
71680.0
 21
57500.0
 31
0.0
  0
TEXT
  5
767
330
17
100
AcDbEntity
  8
TEXT
100
AcDbText
 10
71600.0
 20
57201.0
 30
0.0
 40
85.0
  1
M0278
 72
1
 11
71600.0
 21
57201.0
 31
0.0
100
AcDbText
 73
2
  0
LINE
  5
768
330
17
100
AcDbEntity
  8
HEAD
100
AcDbLine
 10
71520.0
 20
56800.0
 30
0.0
 11
71680.0
 21
57500.0
 31
0.0
  0
TEXT
  5
769
330
17
100
AcDbEntity
  8
TEXT
100
AcDbText
 10
71600.0
 20
57201.0
 30
0.0
 40
85.0
  1
M0279
 72
1
 11
71600.0
 21
57201.0
 31
0.0
100
AcDbText
 73
2
  0
LINE
  5
76A
330
17
100
AcDbEntity
  8
HEAD
100
AcDbLine
 10
72480.0
 20
56800.0
 30
0.0
 11
72320.0
 21
57500.0
 31
0.0
  0
TEXT
  5
76B
330
17
100
AcDbEntity
  8
TEXT
100
AcDbText
 10
72400.0
 20
57201.0
 30
0.0
 40
85.0
  1
M0280
 72
1
 11
72400.0
 21
57201.0
 31
0.0
100
AcDbText
 73
2
  0
LINE
  5
76C
330
17
100
AcDbEntity
  8
DIAG
100
AcDbLine
 10
72650.0
 20
55500.0
 30
0.0
 11
71350.0
 21
55500.0
 31
0.0
  0
LINE
  5
76D
330
17
100
AcDbEntity
  8
DIAG
100
AcDbLine
 10
71350.0
 20
55500.0
 30
0.0
 11
71350.0
 21
55500.0
 31
0.0
  0
LINE
  5
76E
330
17
100
AcDbEntity
  8
DIAG
100
AcDbLine
 10
71350.0
 20
55500.0
 30
0.0
 11
72650.0
 21
55500.0
 31
0.0
  0
LINE
  5
76F
330
17
100
AcDbEntity
  8
DIAG
100
AcDbLine
 10
72650.0
 20
55500.0
 30
0.0
 11
72650.0
 21
55500.0
 31
0.0
  0
LINE
  5
770
330
17
100
AcDbEntity
  8
DIAG
100
AcDbLine
 10
72480.0
 20
56800.0
 30
0.0
 11
71520.0
 21
56800.0
 31
0.0
  0
LINE
  5
771
330
17
100
AcDbEntity
  8
DIAG
100
AcDbLine
 10
71520.0
 20
56800.0
 30
0.0
 11
71520.0
 21
56800.0
 31
0.0
  0
LINE
  5
772
330
17
100
AcDbEntity
  8
DIAG
100
AcDbLine
 10
71520.0
 20
56800.0
 30
0.0
 11
72480.0
 21
56800.0
 31
0.0
  0
LINE
  5
773
330
17
100
AcDbEntity
  8
DIAG
100
AcDbLine
 10
72480.0
 20
56800.0
 30
0.0
 11
72480.0
 21
56800.0
 31
0.0
  0
LINE
  5
774
330
17
100
AcDbEntity
  8
DIAG
100
AcDbLine
 10
72320.0
 20
57500.0
 30
0.0
 11
71680.0
 21
57500.0
 31
0.0
  0
LINE
  5
775
330
17
100
AcDbEntity
  8
DIAG
100
AcDbLine
 10
71680.0
 20
57500.0
 30
0.0
 11
71680.0
 21
57500.0
 31
0.0
  0
LINE
  5
776
330
17
100
AcDbEntity
  8
DIAG
100
AcDbLine
 10
71680.0
 20
57500.0
 30
0.0
 11
72320.0
 21
57500.0
 31
0.0
  0
LINE
  5
777
330
17
100
AcDbEntity
  8
DIAG
100
AcDbLine
 10
72320.0
 20
57500.0
 30
0.0
 11
72320.0
 21
57500.0
 31
0.0
  0
LINE
  5
778
330
17
100
AcDbEntity
  8
DIAG
100
AcDbLine
 10
72650.0
 20
55500.0
 30
0.0
 11
71520.0
 21
56800.0
 31
0.0
  0
LINE
  5
779
330
17
100
AcDbEntity
  8
DIAG
100
AcDbLine
 10
71350.0
 20
55500.0
 30
0.0
 11
72480.0
 21
56800.0
 31
0.0
  0
LINE
  5
77A
330
17
100
AcDbEntity
  8
DIAG
100
AcDbLine
 10
71350.0
 20
55500.0
 30
0.0
 11
71520.0
 21
56800.0
 31
0.0
  0
LINE
  5
77B
330
17
100
AcDbEntity
  8
DIAG
100
AcDbLine
 10
71350.0
 20
55500.0
 30
0.0
 11
71520.0
 21
56800.0
 31
0.0
  0
LINE
  5
77C
330
17
100
AcDbEntity
  8
DIAG
100
AcDbLine
 10
71350.0
 20
55500.0
 30
0.0
 11
72480.0
 21
56800.0
 31
0.0
  0
LINE
  5
77D
330
17
100
AcDbEntity
  8
DIAG
100
AcDbLine
 10
72650.0
 20
55500.0
 30
0.0
 11
71520.0
 21
56800.0
 31
0.0
  0
LINE
  5
77E
330
17
100
AcDbEntity
  8
DIAG
100
AcDbLine
 10
72650.0
 20
55500.0
 30
0.0
 11
72480.0
 21
56800.0
 31
0.0
  0
LINE
  5
77F
330
17
100
AcDbEntity
  8
DIAG
100
AcDbLine
 10
72650.0
 20
55500.0
 30
0.0
 11
72480.0
 21
56800.0
 31
0.0
  0
LINE
  5
780
330
17
100
AcDbEntity
  8
DIAG
100
AcDbLine
 10
72480.0
 20
56800.0
 30
0.0
 11
71680.0
 21
57500.0
 31
0.0
  0
LINE
  5
781
330
17
100
AcDbEntity
  8
DIAG
100
AcDbLine
 10
71520.0
 20
56800.0
 30
0.0
 11
72320.0
 21
57500.0
 31
0.0
  0
LINE
  5
782
330
17
100
AcDbEntity
  8
DIAG
100
AcDbLine
 10
71520.0
 20
56800.0
 30
0.0
 11
71680.0
 21
57500.0
 31
0.0
  0
LINE
  5
783
330
17
100
AcDbEntity
  8
DIAG
100
AcDbLine
 10
71520.0
 20
56800.0
 30
0.0
 11
71680.0
 21
57500.0
 31
0.0
  0
LINE
  5
784
330
17
100
AcDbEntity
  8
DIAG
100
AcDbLine
 10
71520.0
 20
56800.0
 30
0.0
 11
72320.0
 21
57500.0
 31
0.0
  0
LINE
  5
785
330
17
100
AcDbEntity
  8
DIAG
100
AcDbLine
 10
72480.0
 20
56800.0
 30
0.0
 11
71680.0
 21
57500.0
 31
0.0
  0
LINE
  5
786
330
17
100
AcDbEntity
  8
DIAG
100
AcDbLine
 10
72480.0
 20
56800.0
 30
0.0
 11
72320.0
 21
57500.0
 31
0.0
  0
LINE
  5
787
330
17
100
AcDbEntity
  8
DIAG
100
AcDbLine
 10
72480.0
 20
56800.0
 30
0.0
 11
72320.0
 21
57500.0
 31
0.0
  0
LINE
  5
788
330
17
100
AcDbEntity
  8
DIAG
100
AcDbLine
 10
72320.0
 20
57500.0
 30
0.0
 11
73400.0
 21
57500.0
 31
0.0
  0
LINE
  5
789
330
17
100
AcDbEntity
  8
DIAG
100
AcDbLine
 10
71680.0
 20
57500.0
 30
0.0
 11
70600.0
 21
57500.0
 31
0.0
  0
LINE
  5
78A
330
17
100
AcDbEntity
  8
DIAG
100
AcDbLine
 10
70600.0
 20
57500.0
 30
0.0
 11
71100.0
 21
58200.0
 31
0.0
  0
LINE
  5
78B
330
17
100
AcDbEntity
  8
DIAG
100
AcDbLine
 10
73400.0
 20
57500.0
 30
0.0
 11
72900.0
 21
58200.0
 31
0.0
  0
LINE
  5
78C
330
17
100
AcDbEntity
  8
DIAG
100
AcDbLine
 10
71100.0
 20
58200.0
 30
0.0
 11
72000.0
 21
59000.0
 31
0.0
  0
LINE
  5
78D
330
17
100
AcDbEntity
  8
DIAG
100
AcDbLine
 10
72900.0
 20
58200.0
 30
0.0
 11
72000.0
 21
59000.0
 31
0.0
  0
LINE
  5
78E
330
17
100
AcDbEntity
  8
DIAG
100
AcDbLine
 10
72320.0
 20
57500.0
 30
0.0
 11
72900.0
 21
58200.0
 31
0.0
  0
LINE
  5
78F
330
17
100
AcDbEntity
  8
DIAG
100
AcDbLine
 10
71680.0
 20
57500.0
 30
0.0
 11
71100.0
 21
58200.0
 31
0.0
  0
LINE
  5
790
330
17
100
AcDbEntity
  8
DIM
100
AcDbLine
 10
74620.0
 20
38000.0
 30
0.0
 11
75620.0
 21
38000.0
 31
0.0
  0
LINE
  5
791
330
17
100
AcDbEntity
  8
DIM
100
AcDbLine
 10
74620.0
 20
54200.0
 30
0.0
 11
75620.0
 21
54200.0
 31
0.0
  0
LINE
  5
792
330
17
100
AcDbEntity
  8
DIM
100
AcDbLine
 10
75620.0
 20
38000.0
 30
0.0
 11
75620.0
 21
54200.0
 31
0.0
  0
TEXT
  5
793
330
17
100
AcDbEntity
  8
DIM
100
AcDbText
 10
75340.0
 20
46100.0
 30
0.0
 40
200.0
  1
16200
 72
1
 11
75340.0
 21
46100.0
 31
0.0
100
AcDbText
 73
2
  0
TEXT
  5
794
330
17
100
AcDbEntity
  8
TEXT
100
AcDbText
 10
72000.0
 20
11200.0
 30
0.0
 40
300.0
  1
节点大样 K1 (1:5) 主材-斜材螺栓节点
 11
72000.0
 21
11200.0
 31
0.0
100
AcDbText
  0
LWPOLYLINE
  5
795
330
17
100
AcDbEntity
  8
PLATE
100
AcDbPolyline
 90
4
 70
1
 10
72000.0
 20
8000.0
 10
75200.0
 20
8000.0
 10
75200.0
 20
10800.0
 10
72000.0
 20
10800.0
  0
TEXT
  5
796
330
17
100
AcDbEntity
  8
TEXT
100
AcDbText
 10
73600.0
 20
11000.0
 30
0.0
 40
220.0
  1
节点板 δ=10
 72
1
 11
73600.0
 21
11000.0
 31
0.0
100
AcDbText
 73
2
  0
LINE
  5
797
330
17
100
AcDbEntity
  8
LEG
100
AcDbLine
 10
70720.0
 20
9400.0
 30
0.0
 11
75584.0
 21
9400.0
 31
0.0
  0
LINE
  5
798
330
17
100
AcDbEntity
  8
LEG
100
AcDbLine
 10
70720.0
 20
9480.0
 30
0.0
 11
75584.0
 21
9480.0
 31
0.0
  0
TEXT
  5
799
330
17
100
AcDbEntity
  8
TEXT
100
AcDbText
 10
70520.0
 20
9440.0
 30
0.0
 40
200.0
  1
L160×12
 72
1
 11
70520.0
 21
9440.0
 31
0.0
100
AcDbText
 73
2
  0
LINE
  5
79A
330
17
100
AcDbEntity
  8
DIAG
100
AcDbLine
 10
72640.0
 20
7360.0
 30
0.0
 11
74400.0
 21
11184.0
 31
0.0
  0
TEXT
  5
79B
330
17
100
AcDbEntity
  8
TEXT
100
AcDbText
 10
74880.0
 20
11440.0
 30
0.0
 40
200.0
  1
L75×6
 11
74880.0
 21
11440.0
 31
0.0
100
AcDbText
  0
CIRCLE
  5
79C
330
17
100
AcDbEntity
  8
DETAIL
100
AcDbCircle
 10
73120.0
 20
8980.0
 30
0.0
 40
200.0
  0
CIRCLE
  5
79D
330
17
100
AcDbEntity
  8
DETAIL
100
AcDbCircle
 10
74080.0
 20
8980.0
 30
0.0
 40
200.0
  0
CIRCLE
  5
79E
330
17
100
AcDbEntity
  8
DETAIL
100
AcDbCircle
 10
73120.0
 20
9820.0
 30
0.0
 40
200.0
  0
CIRCLE
  5
79F
330
17
100
AcDbEntity
  8
DETAIL
100
AcDbCircle
 10
74080.0
 20
9820.0
 30
0.0
 40
200.0
  0
TEXT
  5
7A0
330
17
100
AcDbEntity
  8
TEXT
100
AcDbText
 10
73600.0
 20
7600.0
 30
0.0
 40
200.0
  1
4-M20 高强螺栓
 72
1
 11
73600.0
 21
7600.0
 31
0.0
100
AcDbText
 73
2
  0
LINE
  5
7A1
330
17
100
AcDbEntity
  8
DIM
100
AcDbLine
 10
72000.0
 20
8000.0
 30
0.0
 11
72000.0
 21
7650.0
 31
0.0
  0
LINE
  5
7A2
330
17
100
AcDbEntity
  8
DIM
100
AcDbLine
 10
75200.0
 20
8000.0
 30
0.0
 11
75200.0
 21
7650.0
 31
0.0
  0
LINE
  5
7A3
330
17
100
AcDbEntity
  8
DIM
100
AcDbLine
 10
72000.0
 20
7650.0
 30
0.0
 11
75200.0
 21
7650.0
 31
0.0
  0
TEXT
  5
7A4
330
17
100
AcDbEntity
  8
DIM
100
AcDbText
 10
73600.0
 20
7470.0
 30
0.0
 40
200.0
  1
400
 72
1
 11
73600.0
 21
7470.0
 31
0.0
100
AcDbText
 73
2
  0
LINE
  5
7A5
330
17
100
AcDbEntity
  8
DIM
100
AcDbLine
 10
72000.0
 20
8000.0
 30
0.0
 11
71500.0
 21
8000.0
 31
0.0
  0
LINE
  5
7A6
330
17
100
AcDbEntity
  8
DIM
100
AcDbLine
 10
72000.0
 20
10800.0
 30
0.0
 11
71500.0
 21
10800.0
 31
0.0
  0
LINE
  5
7A7
330
17
100
AcDbEntity
  8
DIM
100
AcDbLine
 10
71500.0
 20
8000.0
 30
0.0
 11
71500.0
 21
10800.0
 31
0.0
  0
TEXT
  5
7A8
330
17
100
AcDbEntity
  8
DIM
100
AcDbText
 10
71220.0
 20
9400.0
 30
0.0
 40
200.0
  1
350
 72
1
 11
71220.0
 21
9400.0
 31
0.0
100
AcDbText
 73
2
  0
LINE
  5
7A9
330
17
100
AcDbEntity
  8
DIM
100
AcDbLine
 10
73120.0
 20
8980.0
 30
0.0
 11
73120.0
 21
9380.0
 31
0.0
  0
LINE
  5
7AA
330
17
100
AcDbEntity
  8
DIM
100
AcDbLine
 10
74080.0
 20
8980.0
 30
0.0
 11
74080.0
 21
9380.0
 31
0.0
  0
LINE
  5
7AB
330
17
100
AcDbEntity
  8
DIM
100
AcDbLine
 10
73120.0
 20
9380.0
 30
0.0
 11
74080.0
 21
9380.0
 31
0.0
  0
TEXT
  5
7AC
330
17
100
AcDbEntity
  8
DIM
100
AcDbText
 10
73600.0
 20
9200.0
 30
0.0
 40
200.0
  1
120
 72
1
 11
73600.0
 21
9200.0
 31
0.0
100
AcDbText
 73
2
  0
TEXT
  5
7AD
330
17
100
AcDbEntity
  8
BOM
100
AcDbText
 10
6000.0
 20
72600.0
 30
0.0
 40
350.0
  1
构件明细表 BOM
 11
6000.0
 21
72600.0
 31
0.0
100
AcDbText
  0
LWPOLYLINE
  5
7AE
330
17
100
AcDbEntity
  8
BOM
100
AcDbPolyline
 90
4
 70
1
 10
6000.0
 20
72000.0
 10
7100.0
 20
72000.0
 10
7100.0
 20
72380.0
 10
6000.0
 20
72380.0
  0
TEXT
  5
7AF
330
17
100
AcDbEntity
  8
BOM
100
AcDbText
 10
6550.0
 20
72190.0
 30
0.0
 40
220.0
  1
件号
 72
1
 11
6550.0
 21
72190.0
 31
0.0
100
AcDbText
 73
2
  0
LWPOLYLINE
  5
7B0
330
17
100
AcDbEntity
  8
BOM
100
AcDbPolyline
 90
4
 70
1
 10
7100.0
 20
72000.0
 10
8400.0
 20
72000.0
 10
8400.0
 20
72380.0
 10
7100.0
 20
72380.0
  0
TEXT
  5
7B1
330
17
100
AcDbEntity
  8
BOM
100
AcDbText
 10
7750.0
 20
72190.0
 30
0.0
 40
220.0
  1
截面
 72
1
 11
7750.0
 21
72190.0
 31
0.0
100
AcDbText
 73
2
  0
LWPOLYLINE
  5
7B2
330
17
100
AcDbEntity
  8
BOM
100
AcDbPolyline
 90
4
 70
1
 10
8400.0
 20
72000.0
 10
9900.0
 20
72000.0
 10
9900.0
 20
72380.0
 10
8400.0
 20
72380.0
  0
TEXT
  5
7B3
330
17
100
AcDbEntity
  8
BOM
100
AcDbText
 10
9150.0
 20
72190.0
 30
0.0
 40
220.0
  1
长度
 72
1
 11
9150.0
 21
72190.0
 31
0.0
100
AcDbText
 73
2
  0
LWPOLYLINE
  5
7B4
330
17
100
AcDbEntity
  8
BOM
100
AcDbPolyline
 90
4
 70
1
 10
9900.0
 20
72000.0
 10
10600.0
 20
72000.0
 10
10600.0
 20
72380.0
 10
9900.0
 20
72380.0
  0
TEXT
  5
7B5
330
17
100
AcDbEntity
  8
BOM
100
AcDbText
 10
10250.0
 20
72190.0
 30
0.0
 40
220.0
  1
数量
 72
1
 11
10250.0
 21
72190.0
 31
0.0
100
AcDbText
 73
2
  0
LWPOLYLINE
  5
7B6
330
17
100
AcDbEntity
  8
BOM
100
AcDbPolyline
 90
4
 70
1
 10
10600.0
 20
72000.0
 10
11500.0
 20
72000.0
 10
11500.0
 20
72380.0
 10
10600.0
 20
72380.0
  0
TEXT
  5
7B7
330
17
100
AcDbEntity
  8
BOM
100
AcDbText
 10
11050.0
 20
72190.0
 30
0.0
 40
220.0
  1
类别
 72
1
 11
11050.0
 21
72190.0
 31
0.0
100
AcDbText
 73
2
  0
LWPOLYLINE
  5
7B8
330
17
100
AcDbEntity
  8
BOM
100
AcDbPolyline
 90
4
 70
1
 10
6000.0
 20
71620.0
 10
7100.0
 20
71620.0
 10
7100.0
 20
72000.0
 10
6000.0
 20
72000.0
  0
TEXT
  5
7B9
330
17
100
AcDbEntity
  8
BOM
100
AcDbText
 10
6550.0
 20
71810.0
 30
0.0
 40
180.0
  1
M0001
 72
1
 11
6550.0
 21
71810.0
 31
0.0
100
AcDbText
 73
2
  0
LWPOLYLINE
  5
7BA
330
17
100
AcDbEntity
  8
BOM
100
AcDbPolyline
 90
4
 70
1
 10
7100.0
 20
71620.0
 10
8400.0
 20
71620.0
 10
8400.0
 20
72000.0
 10
7100.0
 20
72000.0
  0
TEXT
  5
7BB
330
17
100
AcDbEntity
  8
BOM
100
AcDbText
 10
7750.0
 20
71810.0
 30
0.0
 40
180.0
  1
L160×12
 72
1
 11
7750.0
 21
71810.0
 31
0.0
100
AcDbText
 73
2
  0
LWPOLYLINE
  5
7BC
330
17
100
AcDbEntity
  8
BOM
100
AcDbPolyline
 90
4
 70
1
 10
8400.0
 20
71620.0
 10
9900.0
 20
71620.0
 10
9900.0
 20
72000.0
 10
8400.0
 20
72000.0
  0
TEXT
  5
7BD
330
17
100
AcDbEntity
  8
BOM
100
AcDbText
 10
9150.0
 20
71810.0
 30
0.0
 40
180.0
  1
1261
 72
1
 11
9150.0
 21
71810.0
 31
0.0
100
AcDbText
 73
2
  0
LWPOLYLINE
  5
7BE
330
17
100
AcDbEntity
  8
BOM
100
AcDbPolyline
 90
4
 70
1
 10
9900.0
 20
71620.0
 10
10600.0
 20
71620.0
 10
10600.0
 20
72000.0
 10
9900.0
 20
72000.0
  0
TEXT
  5
7BF
330
17
100
AcDbEntity
  8
BOM
100
AcDbText
 10
10250.0
 20
71810.0
 30
0.0
 40
180.0
  1
1
 72
1
 11
10250.0
 21
71810.0
 31
0.0
100
AcDbText
 73
2
  0
LWPOLYLINE
  5
7C0
330
17
100
AcDbEntity
  8
BOM
100
AcDbPolyline
 90
4
 70
1
 10
10600.0
 20
71620.0
 10
11500.0
 20
71620.0
 10
11500.0
 20
72000.0
 10
10600.0
 20
72000.0
  0
TEXT
  5
7C1
330
17
100
AcDbEntity
  8
BOM
100
AcDbText
 10
11050.0
 20
71810.0
 30
0.0
 40
180.0
  1
LEG
 72
1
 11
11050.0
 21
71810.0
 31
0.0
100
AcDbText
 73
2
  0
LWPOLYLINE
  5
7C2
330
17
100
AcDbEntity
  8
BOM
100
AcDbPolyline
 90
4
 70
1
 10
6000.0
 20
71240.0
 10
7100.0
 20
71240.0
 10
7100.0
 20
71620.0
 10
6000.0
 20
71620.0
  0
TEXT
  5
7C3
330
17
100
AcDbEntity
  8
BOM
100
AcDbText
 10
6550.0
 20
71430.0
 30
0.0
 40
180.0
  1
M0002
 72
1
 11
6550.0
 21
71430.0
 31
0.0
100
AcDbText
 73
2
  0
LWPOLYLINE
  5
7C4
330
17
100
AcDbEntity
  8
BOM
100
AcDbPolyline
 90
4
 70
1
 10
7100.0
 20
71240.0
 10
8400.0
 20
71240.0
 10
8400.0
 20
71620.0
 10
7100.0
 20
71620.0
  0
TEXT
  5
7C5
330
17
100
AcDbEntity
  8
BOM
100
AcDbText
 10
7750.0
 20
71430.0
 30
0.0
 40
180.0
  1
L160×12
 72
1
 11
7750.0
 21
71430.0
 31
0.0
100
AcDbText
 73
2
  0
LWPOLYLINE
  5
7C6
330
17
100
AcDbEntity
  8
BOM
100
AcDbPolyline
 90
4
 70
1
 10
8400.0
 20
71240.0
 10
9900.0
 20
71240.0
 10
9900.0
 20
71620.0
 10
8400.0
 20
71620.0
  0
TEXT
  5
7C7
330
17
100
AcDbEntity
  8
BOM
100
AcDbText
 10
9150.0
 20
71430.0
 30
0.0
 40
180.0
  1
1261
 72
1
 11
9150.0
 21
71430.0
 31
0.0
100
AcDbText
 73
2
  0
LWPOLYLINE
  5
7C8
330
17
100
AcDbEntity
  8
BOM
100
AcDbPolyline
 90
4
 70
1
 10
9900.0
 20
71240.0
 10
10600.0
 20
71240.0
 10
10600.0
 20
71620.0
 10
9900.0
 20
71620.0
  0
TEXT
  5
7C9
330
17
100
AcDbEntity
  8
BOM
100
AcDbText
 10
10250.0
 20
71430.0
 30
0.0
 40
180.0
  1
1
 72
1
 11
10250.0
 21
71430.0
 31
0.0
100
AcDbText
 73
2
  0
LWPOLYLINE
  5
7CA
330
17
100
AcDbEntity
  8
BOM
100
AcDbPolyline
 90
4
 70
1
 10
10600.0
 20
71240.0
 10
11500.0
 20
71240.0
 10
11500.0
 20
71620.0
 10
10600.0
 20
71620.0
  0
TEXT
  5
7CB
330
17
100
AcDbEntity
  8
BOM
100
AcDbText
 10
11050.0
 20
71430.0
 30
0.0
 40
180.0
  1
LEG
 72
1
 11
11050.0
 21
71430.0
 31
0.0
100
AcDbText
 73
2
  0
LWPOLYLINE
  5
7CC
330
17
100
AcDbEntity
  8
BOM
100
AcDbPolyline
 90
4
 70
1
 10
6000.0
 20
70860.0
 10
7100.0
 20
70860.0
 10
7100.0
 20
71240.0
 10
6000.0
 20
71240.0
  0
TEXT
  5
7CD
330
17
100
AcDbEntity
  8
BOM
100
AcDbText
 10
6550.0
 20
71050.0
 30
0.0
 40
180.0
  1
M0003
 72
1
 11
6550.0
 21
71050.0
 31
0.0
100
AcDbText
 73
2
  0
LWPOLYLINE
  5
7CE
330
17
100
AcDbEntity
  8
BOM
100
AcDbPolyline
 90
4
 70
1
 10
7100.0
 20
70860.0
 10
8400.0
 20
70860.0
 10
8400.0
 20
71240.0
 10
7100.0
 20
71240.0
  0
TEXT
  5
7CF
330
17
100
AcDbEntity
  8
BOM
100
AcDbText
 10
7750.0
 20
71050.0
 30
0.0
 40
180.0
  1
L160×12
 72
1
 11
7750.0
 21
71050.0
 31
0.0
100
AcDbText
 73
2
  0
LWPOLYLINE
  5
7D0
330
17
100
AcDbEntity
  8
BOM
100
AcDbPolyline
 90
4
 70
1
 10
8400.0
 20
70860.0
 10
9900.0
 20
70860.0
 10
9900.0
 20
71240.0
 10
8400.0
 20
71240.0
  0
TEXT
  5
7D1
330
17
100
AcDbEntity
  8
BOM
100
AcDbText
 10
9150.0
 20
71050.0
 30
0.0
 40
180.0
  1
1261
 72
1
 11
9150.0
 21
71050.0
 31
0.0
100
AcDbText
 73
2
  0
LWPOLYLINE
  5
7D2
330
17
100
AcDbEntity
  8
BOM
100
AcDbPolyline
 90
4
 70
1
 10
9900.0
 20
70860.0
 10
10600.0
 20
70860.0
 10
10600.0
 20
71240.0
 10
9900.0
 20
71240.0
  0
TEXT
  5
7D3
330
17
100
AcDbEntity
  8
BOM
100
AcDbText
 10
10250.0
 20
71050.0
 30
0.0
 40
180.0
  1
1
 72
1
 11
10250.0
 21
71050.0
 31
0.0
100
AcDbText
 73
2
  0
LWPOLYLINE
  5
7D4
330
17
100
AcDbEntity
  8
BOM
100
AcDbPolyline
 90
4
 70
1
 10
10600.0
 20
70860.0
 10
11500.0
 20
70860.0
 10
11500.0
 20
71240.0
 10
10600.0
 20
71240.0
  0
TEXT
  5
7D5
330
17
100
AcDbEntity
  8
BOM
100
AcDbText
 10
11050.0
 20
71050.0
 30
0.0
 40
180.0
  1
LEG
 72
1
 11
11050.0
 21
71050.0
 31
0.0
100
AcDbText
 73
2
  0
LWPOLYLINE
  5
7D6
330
17
100
AcDbEntity
  8
BOM
100
AcDbPolyline
 90
4
 70
1
 10
6000.0
 20
70480.0
 10
7100.0
 20
70480.0
 10
7100.0
 20
70860.0
 10
6000.0
 20
70860.0
  0
TEXT
  5
7D7
330
17
100
AcDbEntity
  8
BOM
100
AcDbText
 10
6550.0
 20
70670.0
 30
0.0
 40
180.0
  1
M0004
 72
1
 11
6550.0
 21
70670.0
 31
0.0
100
AcDbText
 73
2
  0
LWPOLYLINE
  5
7D8
330
17
100
AcDbEntity
  8
BOM
100
AcDbPolyline
 90
4
 70
1
 10
7100.0
 20
70480.0
 10
8400.0
 20
70480.0
 10
8400.0
 20
70860.0
 10
7100.0
 20
70860.0
  0
TEXT
  5
7D9
330
17
100
AcDbEntity
  8
BOM
100
AcDbText
 10
7750.0
 20
70670.0
 30
0.0
 40
180.0
  1
L160×12
 72
1
 11
7750.0
 21
70670.0
 31
0.0
100
AcDbText
 73
2
  0
LWPOLYLINE
  5
7DA
330
17
100
AcDbEntity
  8
BOM
100
AcDbPolyline
 90
4
 70
1
 10
8400.0
 20
70480.0
 10
9900.0
 20
70480.0
 10
9900.0
 20
70860.0
 10
8400.0
 20
70860.0
  0
TEXT
  5
7DB
330
17
100
AcDbEntity
  8
BOM
100
AcDbText
 10
9150.0
 20
70670.0
 30
0.0
 40
180.0
  1
1261
 72
1
 11
9150.0
 21
70670.0
 31
0.0
100
AcDbText
 73
2
  0
LWPOLYLINE
  5
7DC
330
17
100
AcDbEntity
  8
BOM
100
AcDbPolyline
 90
4
 70
1
 10
9900.0
 20
70480.0
 10
10600.0
 20
70480.0
 10
10600.0
 20
70860.0
 10
9900.0
 20
70860.0
  0
TEXT
  5
7DD
330
17
100
AcDbEntity
  8
BOM
100
AcDbText
 10
10250.0
 20
70670.0
 30
0.0
 40
180.0
  1
1
 72
1
 11
10250.0
 21
70670.0
 31
0.0
100
AcDbText
 73
2
  0
LWPOLYLINE
  5
7DE
330
17
100
AcDbEntity
  8
BOM
100
AcDbPolyline
 90
4
 70
1
 10
10600.0
 20
70480.0
 10
11500.0
 20
70480.0
 10
11500.0
 20
70860.0
 10
10600.0
 20
70860.0
  0
TEXT
  5
7DF
330
17
100
AcDbEntity
  8
BOM
100
AcDbText
 10
11050.0
 20
70670.0
 30
0.0
 40
180.0
  1
LEG
 72
1
 11
11050.0
 21
70670.0
 31
0.0
100
AcDbText
 73
2
  0
LWPOLYLINE
  5
7E0
330
17
100
AcDbEntity
  8
BOM
100
AcDbPolyline
 90
4
 70
1
 10
6000.0
 20
70100.0
 10
7100.0
 20
70100.0
 10
7100.0
 20
70480.0
 10
6000.0
 20
70480.0
  0
TEXT
  5
7E1
330
17
100
AcDbEntity
  8
BOM
100
AcDbText
 10
6550.0
 20
70290.0
 30
0.0
 40
180.0
  1
M0005
 72
1
 11
6550.0
 21
70290.0
 31
0.0
100
AcDbText
 73
2
  0
LWPOLYLINE
  5
7E2
330
17
100
AcDbEntity
  8
BOM
100
AcDbPolyline
 90
4
 70
1
 10
7100.0
 20
70100.0
 10
8400.0
 20
70100.0
 10
8400.0
 20
70480.0
 10
7100.0
 20
70480.0
  0
TEXT
  5
7E3
330
17
100
AcDbEntity
  8
BOM
100
AcDbText
 10
7750.0
 20
70290.0
 30
0.0
 40
180.0
  1
L160×12
 72
1
 11
7750.0
 21
70290.0
 31
0.0
100
AcDbText
 73
2
  0
LWPOLYLINE
  5
7E4
330
17
100
AcDbEntity
  8
BOM
100
AcDbPolyline
 90
4
 70
1
 10
8400.0
 20
70100.0
 10
9900.0
 20
70100.0
 10
9900.0
 20
70480.0
 10
8400.0
 20
70480.0
  0
TEXT
  5
7E5
330
17
100
AcDbEntity
  8
BOM
100
AcDbText
 10
9150.0
 20
70290.0
 30
0.0
 40
180.0
  1
1261
 72
1
 11
9150.0
 21
70290.0
 31
0.0
100
AcDbText
 73
2
  0
LWPOLYLINE
  5
7E6
330
17
100
AcDbEntity
  8
BOM
100
AcDbPolyline
 90
4
 70
1
 10
9900.0
 20
70100.0
 10
10600.0
 20
70100.0
 10
10600.0
 20
70480.0
 10
9900.0
 20
70480.0
  0
TEXT
  5
7E7
330
17
100
AcDbEntity
  8
BOM
100
AcDbText
 10
10250.0
 20
70290.0
 30
0.0
 40
180.0
  1
1
 72
1
 11
10250.0
 21
70290.0
 31
0.0
100
AcDbText
 73
2
  0
LWPOLYLINE
  5
7E8
330
17
100
AcDbEntity
  8
BOM
100
AcDbPolyline
 90
4
 70
1
 10
10600.0
 20
70100.0
 10
11500.0
 20
70100.0
 10
11500.0
 20
70480.0
 10
10600.0
 20
70480.0
  0
TEXT
  5
7E9
330
17
100
AcDbEntity
  8
BOM
100
AcDbText
 10
11050.0
 20
70290.0
 30
0.0
 40
180.0
  1
LEG
 72
1
 11
11050.0
 21
70290.0
 31
0.0
100
AcDbText
 73
2
  0
LWPOLYLINE
  5
7EA
330
17
100
AcDbEntity
  8
BOM
100
AcDbPolyline
 90
4
 70
1
 10
6000.0
 20
69720.0
 10
7100.0
 20
69720.0
 10
7100.0
 20
70100.0
 10
6000.0
 20
70100.0
  0
TEXT
  5
7EB
330
17
100
AcDbEntity
  8
BOM
100
AcDbText
 10
6550.0
 20
69910.0
 30
0.0
 40
180.0
  1
M0006
 72
1
 11
6550.0
 21
69910.0
 31
0.0
100
AcDbText
 73
2
  0
LWPOLYLINE
  5
7EC
330
17
100
AcDbEntity
  8
BOM
100
AcDbPolyline
 90
4
 70
1
 10
7100.0
 20
69720.0
 10
8400.0
 20
69720.0
 10
8400.0
 20
70100.0
 10
7100.0
 20
70100.0
  0
TEXT
  5
7ED
330
17
100
AcDbEntity
  8
BOM
100
AcDbText
 10
7750.0
 20
69910.0
 30
0.0
 40
180.0
  1
L125×10
 72
1
 11
7750.0
 21
69910.0
 31
0.0
100
AcDbText
 73
2
  0
LWPOLYLINE
  5
7EE
330
17
100
AcDbEntity
  8
BOM
100
AcDbPolyline
 90
4
 70
1
 10
8400.0
 20
69720.0
 10
9900.0
 20
69720.0
 10
9900.0
 20
70100.0
 10
8400.0
 20
70100.0
  0
TEXT
  5
7EF
330
17
100
AcDbEntity
  8
BOM
100
AcDbText
 10
9150.0
 20
69910.0
 30
0.0
 40
180.0
  1
1261
 72
1
 11
9150.0
 21
69910.0
 31
0.0
100
AcDbText
 73
2
  0
LWPOLYLINE
  5
7F0
330
17
100
AcDbEntity
  8
BOM
100
AcDbPolyline
 90
4
 70
1
 10
9900.0
 20
69720.0
 10
10600.0
 20
69720.0
 10
10600.0
 20
70100.0
 10
9900.0
 20
70100.0
  0
TEXT
  5
7F1
330
17
100
AcDbEntity
  8
BOM
100
AcDbText
 10
10250.0
 20
69910.0
 30
0.0
 40
180.0
  1
1
 72
1
 11
10250.0
 21
69910.0
 31
0.0
100
AcDbText
 73
2
  0
LWPOLYLINE
  5
7F2
330
17
100
AcDbEntity
  8
BOM
100
AcDbPolyline
 90
4
 70
1
 10
10600.0
 20
69720.0
 10
11500.0
 20
69720.0
 10
11500.0
 20
70100.0
 10
10600.0
 20
70100.0
  0
TEXT
  5
7F3
330
17
100
AcDbEntity
  8
BOM
100
AcDbText
 10
11050.0
 20
69910.0
 30
0.0
 40
180.0
  1
LEG
 72
1
 11
11050.0
 21
69910.0
 31
0.0
100
AcDbText
 73
2
  0
LWPOLYLINE
  5
7F4
330
17
100
AcDbEntity
  8
BOM
100
AcDbPolyline
 90
4
 70
1
 10
6000.0
 20
69340.0
 10
7100.0
 20
69340.0
 10
7100.0
 20
69720.0
 10
6000.0
 20
69720.0
  0
TEXT
  5
7F5
330
17
100
AcDbEntity
  8
BOM
100
AcDbText
 10
6550.0
 20
69530.0
 30
0.0
 40
180.0
  1
M0007
 72
1
 11
6550.0
 21
69530.0
 31
0.0
100
AcDbText
 73
2
  0
LWPOLYLINE
  5
7F6
330
17
100
AcDbEntity
  8
BOM
100
AcDbPolyline
 90
4
 70
1
 10
7100.0
 20
69340.0
 10
8400.0
 20
69340.0
 10
8400.0
 20
69720.0
 10
7100.0
 20
69720.0
  0
TEXT
  5
7F7
330
17
100
AcDbEntity
  8
BOM
100
AcDbText
 10
7750.0
 20
69530.0
 30
0.0
 40
180.0
  1
L125×10
 72
1
 11
7750.0
 21
69530.0
 31
0.0
100
AcDbText
 73
2
  0
LWPOLYLINE
  5
7F8
330
17
100
AcDbEntity
  8
BOM
100
AcDbPolyline
 90
4
 70
1
 10
8400.0
 20
69340.0
 10
9900.0
 20
69340.0
 10
9900.0
 20
69720.0
 10
8400.0
 20
69720.0
  0
TEXT
  5
7F9
330
17
100
AcDbEntity
  8
BOM
100
AcDbText
 10
9150.0
 20
69530.0
 30
0.0
 40
180.0
  1
1261
 72
1
 11
9150.0
 21
69530.0
 31
0.0
100
AcDbText
 73
2
  0
LWPOLYLINE
  5
7FA
330
17
100
AcDbEntity
  8
BOM
100
AcDbPolyline
 90
4
 70
1
 10
9900.0
 20
69340.0
 10
10600.0
 20
69340.0
 10
10600.0
 20
69720.0
 10
9900.0
 20
69720.0
  0
TEXT
  5
7FB
330
17
100
AcDbEntity
  8
BOM
100
AcDbText
 10
10250.0
 20
69530.0
 30
0.0
 40
180.0
  1
1
 72
1
 11
10250.0
 21
69530.0
 31
0.0
100
AcDbText
 73
2
  0
LWPOLYLINE
  5
7FC
330
17
100
AcDbEntity
  8
BOM
100
AcDbPolyline
 90
4
 70
1
 10
10600.0
 20
69340.0
 10
11500.0
 20
69340.0
 10
11500.0
 20
69720.0
 10
10600.0
 20
69720.0
  0
TEXT
  5
7FD
330
17
100
AcDbEntity
  8
BOM
100
AcDbText
 10
11050.0
 20
69530.0
 30
0.0
 40
180.0
  1
LEG
 72
1
 11
11050.0
 21
69530.0
 31
0.0
100
AcDbText
 73
2
  0
LWPOLYLINE
  5
7FE
330
17
100
AcDbEntity
  8
BOM
100
AcDbPolyline
 90
4
 70
1
 10
6000.0
 20
68960.0
 10
7100.0
 20
68960.0
 10
7100.0
 20
69340.0
 10
6000.0
 20
69340.0
  0
TEXT
  5
7FF
330
17
100
AcDbEntity
  8
BOM
100
AcDbText
 10
6550.0
 20
69150.0
 30
0.0
 40
180.0
  1
M0008
 72
1
 11
6550.0
 21
69150.0
 31
0.0
100
AcDbText
 73
2
  0
LWPOLYLINE
  5
800
330
17
100
AcDbEntity
  8
BOM
100
AcDbPolyline
 90
4
 70
1
 10
7100.0
 20
68960.0
 10
8400.0
 20
68960.0
 10
8400.0
 20
69340.0
 10
7100.0
 20
69340.0
  0
TEXT
  5
801
330
17
100
AcDbEntity
  8
BOM
100
AcDbText
 10
7750.0
 20
69150.0
 30
0.0
 40
180.0
  1
L125×10
 72
1
 11
7750.0
 21
69150.0
 31
0.0
100
AcDbText
 73
2
  0
LWPOLYLINE
  5
802
330
17
100
AcDbEntity
  8
BOM
100
AcDbPolyline
 90
4
 70
1
 10
8400.0
 20
68960.0
 10
9900.0
 20
68960.0
 10
9900.0
 20
69340.0
 10
8400.0
 20
69340.0
  0
TEXT
  5
803
330
17
100
AcDbEntity
  8
BOM
100
AcDbText
 10
9150.0
 20
69150.0
 30
0.0
 40
180.0
  1
1261
 72
1
 11
9150.0
 21
69150.0
 31
0.0
100
AcDbText
 73
2
  0
LWPOLYLINE
  5
804
330
17
100
AcDbEntity
  8
BOM
100
AcDbPolyline
 90
4
 70
1
 10
9900.0
 20
68960.0
 10
10600.0
 20
68960.0
 10
10600.0
 20
69340.0
 10
9900.0
 20
69340.0
  0
TEXT
  5
805
330
17
100
AcDbEntity
  8
BOM
100
AcDbText
 10
10250.0
 20
69150.0
 30
0.0
 40
180.0
  1
1
 72
1
 11
10250.0
 21
69150.0
 31
0.0
100
AcDbText
 73
2
  0
LWPOLYLINE
  5
806
330
17
100
AcDbEntity
  8
BOM
100
AcDbPolyline
 90
4
 70
1
 10
10600.0
 20
68960.0
 10
11500.0
 20
68960.0
 10
11500.0
 20
69340.0
 10
10600.0
 20
69340.0
  0
TEXT
  5
807
330
17
100
AcDbEntity
  8
BOM
100
AcDbText
 10
11050.0
 20
69150.0
 30
0.0
 40
180.0
  1
LEG
 72
1
 11
11050.0
 21
69150.0
 31
0.0
100
AcDbText
 73
2
  0
LWPOLYLINE
  5
808
330
17
100
AcDbEntity
  8
BOM
100
AcDbPolyline
 90
4
 70
1
 10
6000.0
 20
68580.0
 10
7100.0
 20
68580.0
 10
7100.0
 20
68960.0
 10
6000.0
 20
68960.0
  0
TEXT
  5
809
330
17
100
AcDbEntity
  8
BOM
100
AcDbText
 10
6550.0
 20
68770.0
 30
0.0
 40
180.0
  1
M0009
 72
1
 11
6550.0
 21
68770.0
 31
0.0
100
AcDbText
 73
2
  0
LWPOLYLINE
  5
80A
330
17
100
AcDbEntity
  8
BOM
100
AcDbPolyline
 90
4
 70
1
 10
7100.0
 20
68580.0
 10
8400.0
 20
68580.0
 10
8400.0
 20
68960.0
 10
7100.0
 20
68960.0
  0
TEXT
  5
80B
330
17
100
AcDbEntity
  8
BOM
100
AcDbText
 10
7750.0
 20
68770.0
 30
0.0
 40
180.0
  1
L125×10
 72
1
 11
7750.0
 21
68770.0
 31
0.0
100
AcDbText
 73
2
  0
LWPOLYLINE
  5
80C
330
17
100
AcDbEntity
  8
BOM
100
AcDbPolyline
 90
4
 70
1
 10
8400.0
 20
68580.0
 10
9900.0
 20
68580.0
 10
9900.0
 20
68960.0
 10
8400.0
 20
68960.0
  0
TEXT
  5
80D
330
17
100
AcDbEntity
  8
BOM
100
AcDbText
 10
9150.0
 20
68770.0
 30
0.0
 40
180.0
  1
1261
 72
1
 11
9150.0
 21
68770.0
 31
0.0
100
AcDbText
 73
2
  0
LWPOLYLINE
  5
80E
330
17
100
AcDbEntity
  8
BOM
100
AcDbPolyline
 90
4
 70
1
 10
9900.0
 20
68580.0
 10
10600.0
 20
68580.0
 10
10600.0
 20
68960.0
 10
9900.0
 20
68960.0
  0
TEXT
  5
80F
330
17
100
AcDbEntity
  8
BOM
100
AcDbText
 10
10250.0
 20
68770.0
 30
0.0
 40
180.0
  1
1
 72
1
 11
10250.0
 21
68770.0
 31
0.0
100
AcDbText
 73
2
  0
LWPOLYLINE
  5
810
330
17
100
AcDbEntity
  8
BOM
100
AcDbPolyline
 90
4
 70
1
 10
10600.0
 20
68580.0
 10
11500.0
 20
68580.0
 10
11500.0
 20
68960.0
 10
10600.0
 20
68960.0
  0
TEXT
  5
811
330
17
100
AcDbEntity
  8
BOM
100
AcDbText
 10
11050.0
 20
68770.0
 30
0.0
 40
180.0
  1
LEG
 72
1
 11
11050.0
 21
68770.0
 31
0.0
100
AcDbText
 73
2
  0
LWPOLYLINE
  5
812
330
17
100
AcDbEntity
  8
BOM
100
AcDbPolyline
 90
4
 70
1
 10
6000.0
 20
68200.0
 10
7100.0
 20
68200.0
 10
7100.0
 20
68580.0
 10
6000.0
 20
68580.0
  0
TEXT
  5
813
330
17
100
AcDbEntity
  8
BOM
100
AcDbText
 10
6550.0
 20
68390.0
 30
0.0
 40
180.0
  1
M0010
 72
1
 11
6550.0
 21
68390.0
 31
0.0
100
AcDbText
 73
2
  0
LWPOLYLINE
  5
814
330
17
100
AcDbEntity
  8
BOM
100
AcDbPolyline
 90
4
 70
1
 10
7100.0
 20
68200.0
 10
8400.0
 20
68200.0
 10
8400.0
 20
68580.0
 10
7100.0
 20
68580.0
  0
TEXT
  5
815
330
17
100
AcDbEntity
  8
BOM
100
AcDbText
 10
7750.0
 20
68390.0
 30
0.0
 40
180.0
  1
L100×8
 72
1
 11
7750.0
 21
68390.0
 31
0.0
100
AcDbText
 73
2
  0
LWPOLYLINE
  5
816
330
17
100
AcDbEntity
  8
BOM
100
AcDbPolyline
 90
4
 70
1
 10
8400.0
 20
68200.0
 10
9900.0
 20
68200.0
 10
9900.0
 20
68580.0
 10
8400.0
 20
68580.0
  0
TEXT
  5
817
330
17
100
AcDbEntity
  8
BOM
100
AcDbText
 10
9150.0
 20
68390.0
 30
0.0
 40
180.0
  1
1261
 72
1
 11
9150.0
 21
68390.0
 31
0.0
100
AcDbText
 73
2
  0
LWPOLYLINE
  5
818
330
17
100
AcDbEntity
  8
BOM
100
AcDbPolyline
 90
4
 70
1
 10
9900.0
 20
68200.0
 10
10600.0
 20
68200.0
 10
10600.0
 20
68580.0
 10
9900.0
 20
68580.0
  0
TEXT
  5
819
330
17
100
AcDbEntity
  8
BOM
100
AcDbText
 10
10250.0
 20
68390.0
 30
0.0
 40
180.0
  1
1
 72
1
 11
10250.0
 21
68390.0
 31
0.0
100
AcDbText
 73
2
  0
LWPOLYLINE
  5
81A
330
17
100
AcDbEntity
  8
BOM
100
AcDbPolyline
 90
4
 70
1
 10
10600.0
 20
68200.0
 10
11500.0
 20
68200.0
 10
11500.0
 20
68580.0
 10
10600.0
 20
68580.0
  0
TEXT
  5
81B
330
17
100
AcDbEntity
  8
BOM
100
AcDbText
 10
11050.0
 20
68390.0
 30
0.0
 40
180.0
  1
LEG
 72
1
 11
11050.0
 21
68390.0
 31
0.0
100
AcDbText
 73
2
  0
LWPOLYLINE
  5
81C
330
17
100
AcDbEntity
  8
BOM
100
AcDbPolyline
 90
4
 70
1
 10
6000.0
 20
67820.0
 10
7100.0
 20
67820.0
 10
7100.0
 20
68200.0
 10
6000.0
 20
68200.0
  0
TEXT
  5
81D
330
17
100
AcDbEntity
  8
BOM
100
AcDbText
 10
6550.0
 20
68010.0
 30
0.0
 40
180.0
  1
M0011
 72
1
 11
6550.0
 21
68010.0
 31
0.0
100
AcDbText
 73
2
  0
LWPOLYLINE
  5
81E
330
17
100
AcDbEntity
  8
BOM
100
AcDbPolyline
 90
4
 70
1
 10
7100.0
 20
67820.0
 10
8400.0
 20
67820.0
 10
8400.0
 20
68200.0
 10
7100.0
 20
68200.0
  0
TEXT
  5
81F
330
17
100
AcDbEntity
  8
BOM
100
AcDbText
 10
7750.0
 20
68010.0
 30
0.0
 40
180.0
  1
L100×8
 72
1
 11
7750.0
 21
68010.0
 31
0.0
100
AcDbText
 73
2
  0
LWPOLYLINE
  5
820
330
17
100
AcDbEntity
  8
BOM
100
AcDbPolyline
 90
4
 70
1
 10
8400.0
 20
67820.0
 10
9900.0
 20
67820.0
 10
9900.0
 20
68200.0
 10
8400.0
 20
68200.0
  0
TEXT
  5
821
330
17
100
AcDbEntity
  8
BOM
100
AcDbText
 10
9150.0
 20
68010.0
 30
0.0
 40
180.0
  1
1261
 72
1
 11
9150.0
 21
68010.0
 31
0.0
100
AcDbText
 73
2
  0
LWPOLYLINE
  5
822
330
17
100
AcDbEntity
  8
BOM
100
AcDbPolyline
 90
4
 70
1
 10
9900.0
 20
67820.0
 10
10600.0
 20
67820.0
 10
10600.0
 20
68200.0
 10
9900.0
 20
68200.0
  0
TEXT
  5
823
330
17
100
AcDbEntity
  8
BOM
100
AcDbText
 10
10250.0
 20
68010.0
 30
0.0
 40
180.0
  1
1
 72
1
 11
10250.0
 21
68010.0
 31
0.0
100
AcDbText
 73
2
  0
LWPOLYLINE
  5
824
330
17
100
AcDbEntity
  8
BOM
100
AcDbPolyline
 90
4
 70
1
 10
10600.0
 20
67820.0
 10
11500.0
 20
67820.0
 10
11500.0
 20
68200.0
 10
10600.0
 20
68200.0
  0
TEXT
  5
825
330
17
100
AcDbEntity
  8
BOM
100
AcDbText
 10
11050.0
 20
68010.0
 30
0.0
 40
180.0
  1
LEG
 72
1
 11
11050.0
 21
68010.0
 31
0.0
100
AcDbText
 73
2
  0
LWPOLYLINE
  5
826
330
17
100
AcDbEntity
  8
BOM
100
AcDbPolyline
 90
4
 70
1
 10
6000.0
 20
67440.0
 10
7100.0
 20
67440.0
 10
7100.0
 20
67820.0
 10
6000.0
 20
67820.0
  0
TEXT
  5
827
330
17
100
AcDbEntity
  8
BOM
100
AcDbText
 10
6550.0
 20
67630.0
 30
0.0
 40
180.0
  1
M0012
 72
1
 11
6550.0
 21
67630.0
 31
0.0
100
AcDbText
 73
2
  0
LWPOLYLINE
  5
828
330
17
100
AcDbEntity
  8
BOM
100
AcDbPolyline
 90
4
 70
1
 10
7100.0
 20
67440.0
 10
8400.0
 20
67440.0
 10
8400.0
 20
67820.0
 10
7100.0
 20
67820.0
  0
TEXT
  5
829
330
17
100
AcDbEntity
  8
BOM
100
AcDbText
 10
7750.0
 20
67630.0
 30
0.0
 40
180.0
  1
L100×8
 72
1
 11
7750.0
 21
67630.0
 31
0.0
100
AcDbText
 73
2
  0
LWPOLYLINE
  5
82A
330
17
100
AcDbEntity
  8
BOM
100
AcDbPolyline
 90
4
 70
1
 10
8400.0
 20
67440.0
 10
9900.0
 20
67440.0
 10
9900.0
 20
67820.0
 10
8400.0
 20
67820.0
  0
TEXT
  5
82B
330
17
100
AcDbEntity
  8
BOM
100
AcDbText
 10
9150.0
 20
67630.0
 30
0.0
 40
180.0
  1
1261
 72
1
 11
9150.0
 21
67630.0
 31
0.0
100
AcDbText
 73
2
  0
LWPOLYLINE
  5
82C
330
17
100
AcDbEntity
  8
BOM
100
AcDbPolyline
 90
4
 70
1
 10
9900.0
 20
67440.0
 10
10600.0
 20
67440.0
 10
10600.0
 20
67820.0
 10
9900.0
 20
67820.0
  0
TEXT
  5
82D
330
17
100
AcDbEntity
  8
BOM
100
AcDbText
 10
10250.0
 20
67630.0
 30
0.0
 40
180.0
  1
1
 72
1
 11
10250.0
 21
67630.0
 31
0.0
100
AcDbText
 73
2
  0
LWPOLYLINE
  5
82E
330
17
100
AcDbEntity
  8
BOM
100
AcDbPolyline
 90
4
 70
1
 10
10600.0
 20
67440.0
 10
11500.0
 20
67440.0
 10
11500.0
 20
67820.0
 10
10600.0
 20
67820.0
  0
TEXT
  5
82F
330
17
100
AcDbEntity
  8
BOM
100
AcDbText
 10
11050.0
 20
67630.0
 30
0.0
 40
180.0
  1
LEG
 72
1
 11
11050.0
 21
67630.0
 31
0.0
100
AcDbText
 73
2
  0
LWPOLYLINE
  5
830
330
17
100
AcDbEntity
  8
BOM
100
AcDbPolyline
 90
4
 70
1
 10
6000.0
 20
67060.0
 10
7100.0
 20
67060.0
 10
7100.0
 20
67440.0
 10
6000.0
 20
67440.0
  0
TEXT
  5
831
330
17
100
AcDbEntity
  8
BOM
100
AcDbText
 10
6550.0
 20
67250.0
 30
0.0
 40
180.0
  1
M0013
 72
1
 11
6550.0
 21
67250.0
 31
0.0
100
AcDbText
 73
2
  0
LWPOLYLINE
  5
832
330
17
100
AcDbEntity
  8
BOM
100
AcDbPolyline
 90
4
 70
1
 10
7100.0
 20
67060.0
 10
8400.0
 20
67060.0
 10
8400.0
 20
67440.0
 10
7100.0
 20
67440.0
  0
TEXT
  5
833
330
17
100
AcDbEntity
  8
BOM
100
AcDbText
 10
7750.0
 20
67250.0
 30
0.0
 40
180.0
  1
L100×8
 72
1
 11
7750.0
 21
67250.0
 31
0.0
100
AcDbText
 73
2
  0
LWPOLYLINE
  5
834
330
17
100
AcDbEntity
  8
BOM
100
AcDbPolyline
 90
4
 70
1
 10
8400.0
 20
67060.0
 10
9900.0
 20
67060.0
 10
9900.0
 20
67440.0
 10
8400.0
 20
67440.0
  0
TEXT
  5
835
330
17
100
AcDbEntity
  8
BOM
100
AcDbText
 10
9150.0
 20
67250.0
 30
0.0
 40
180.0
  1
1261
 72
1
 11
9150.0
 21
67250.0
 31
0.0
100
AcDbText
 73
2
  0
LWPOLYLINE
  5
836
330
17
100
AcDbEntity
  8
BOM
100
AcDbPolyline
 90
4
 70
1
 10
9900.0
 20
67060.0
 10
10600.0
 20
67060.0
 10
10600.0
 20
67440.0
 10
9900.0
 20
67440.0
  0
TEXT
  5
837
330
17
100
AcDbEntity
  8
BOM
100
AcDbText
 10
10250.0
 20
67250.0
 30
0.0
 40
180.0
  1
1
 72
1
 11
10250.0
 21
67250.0
 31
0.0
100
AcDbText
 73
2
  0
LWPOLYLINE
  5
838
330
17
100
AcDbEntity
  8
BOM
100
AcDbPolyline
 90
4
 70
1
 10
10600.0
 20
67060.0
 10
11500.0
 20
67060.0
 10
11500.0
 20
67440.0
 10
10600.0
 20
67440.0
  0
TEXT
  5
839
330
17
100
AcDbEntity
  8
BOM
100
AcDbText
 10
11050.0
 20
67250.0
 30
0.0
 40
180.0
  1
LEG
 72
1
 11
11050.0
 21
67250.0
 31
0.0
100
AcDbText
 73
2
  0
LWPOLYLINE
  5
83A
330
17
100
AcDbEntity
  8
BOM
100
AcDbPolyline
 90
4
 70
1
 10
6000.0
 20
66680.0
 10
7100.0
 20
66680.0
 10
7100.0
 20
67060.0
 10
6000.0
 20
67060.0
  0
TEXT
  5
83B
330
17
100
AcDbEntity
  8
BOM
100
AcDbText
 10
6550.0
 20
66870.0
 30
0.0
 40
180.0
  1
M0014
 72
1
 11
6550.0
 21
66870.0
 31
0.0
100
AcDbText
 73
2
  0
LWPOLYLINE
  5
83C
330
17
100
AcDbEntity
  8
BOM
100
AcDbPolyline
 90
4
 70
1
 10
7100.0
 20
66680.0
 10
8400.0
 20
66680.0
 10
8400.0
 20
67060.0
 10
7100.0
 20
67060.0
  0
TEXT
  5
83D
330
17
100
AcDbEntity
  8
BOM
100
AcDbText
 10
7750.0
 20
66870.0
 30
0.0
 40
180.0
  1
L160×12
 72
1
 11
7750.0
 21
66870.0
 31
0.0
100
AcDbText
 73
2
  0
LWPOLYLINE
  5
83E
330
17
100
AcDbEntity
  8
BOM
100
AcDbPolyline
 90
4
 70
1
 10
8400.0
 20
66680.0
 10
9900.0
 20
66680.0
 10
9900.0
 20
67060.0
 10
8400.0
 20
67060.0
  0
TEXT
  5
83F
330
17
100
AcDbEntity
  8
BOM
100
AcDbText
 10
9150.0
 20
66870.0
 30
0.0
 40
180.0
  1
1261
 72
1
 11
9150.0
 21
66870.0
 31
0.0
100
AcDbText
 73
2
  0
LWPOLYLINE
  5
840
330
17
100
AcDbEntity
  8
BOM
100
AcDbPolyline
 90
4
 70
1
 10
9900.0
 20
66680.0
 10
10600.0
 20
66680.0
 10
10600.0
 20
67060.0
 10
9900.0
 20
67060.0
  0
TEXT
  5
841
330
17
100
AcDbEntity
  8
BOM
100
AcDbText
 10
10250.0
 20
66870.0
 30
0.0
 40
180.0
  1
1
 72
1
 11
10250.0
 21
66870.0
 31
0.0
100
AcDbText
 73
2
  0
LWPOLYLINE
  5
842
330
17
100
AcDbEntity
  8
BOM
100
AcDbPolyline
 90
4
 70
1
 10
10600.0
 20
66680.0
 10
11500.0
 20
66680.0
 10
11500.0
 20
67060.0
 10
10600.0
 20
67060.0
  0
TEXT
  5
843
330
17
100
AcDbEntity
  8
BOM
100
AcDbText
 10
11050.0
 20
66870.0
 30
0.0
 40
180.0
  1
LEG
 72
1
 11
11050.0
 21
66870.0
 31
0.0
100
AcDbText
 73
2
  0
LWPOLYLINE
  5
844
330
17
100
AcDbEntity
  8
BOM
100
AcDbPolyline
 90
4
 70
1
 10
6000.0
 20
66300.0
 10
7100.0
 20
66300.0
 10
7100.0
 20
66680.0
 10
6000.0
 20
66680.0
  0
TEXT
  5
845
330
17
100
AcDbEntity
  8
BOM
100
AcDbText
 10
6550.0
 20
66490.0
 30
0.0
 40
180.0
  1
M0015
 72
1
 11
6550.0
 21
66490.0
 31
0.0
100
AcDbText
 73
2
  0
LWPOLYLINE
  5
846
330
17
100
AcDbEntity
  8
BOM
100
AcDbPolyline
 90
4
 70
1
 10
7100.0
 20
66300.0
 10
8400.0
 20
66300.0
 10
8400.0
 20
66680.0
 10
7100.0
 20
66680.0
  0
TEXT
  5
847
330
17
100
AcDbEntity
  8
BOM
100
AcDbText
 10
7750.0
 20
66490.0
 30
0.0
 40
180.0
  1
L160×12
 72
1
 11
7750.0
 21
66490.0
 31
0.0
100
AcDbText
 73
2
  0
LWPOLYLINE
  5
848
330
17
100
AcDbEntity
  8
BOM
100
AcDbPolyline
 90
4
 70
1
 10
8400.0
 20
66300.0
 10
9900.0
 20
66300.0
 10
9900.0
 20
66680.0
 10
8400.0
 20
66680.0
  0
TEXT
  5
849
330
17
100
AcDbEntity
  8
BOM
100
AcDbText
 10
9150.0
 20
66490.0
 30
0.0
 40
180.0
  1
1261
 72
1
 11
9150.0
 21
66490.0
 31
0.0
100
AcDbText
 73
2
  0
LWPOLYLINE
  5
84A
330
17
100
AcDbEntity
  8
BOM
100
AcDbPolyline
 90
4
 70
1
 10
9900.0
 20
66300.0
 10
10600.0
 20
66300.0
 10
10600.0
 20
66680.0
 10
9900.0
 20
66680.0
  0
TEXT
  5
84B
330
17
100
AcDbEntity
  8
BOM
100
AcDbText
 10
10250.0
 20
66490.0
 30
0.0
 40
180.0
  1
1
 72
1
 11
10250.0
 21
66490.0
 31
0.0
100
AcDbText
 73
2
  0
LWPOLYLINE
  5
84C
330
17
100
AcDbEntity
  8
BOM
100
AcDbPolyline
 90
4
 70
1
 10
10600.0
 20
66300.0
 10
11500.0
 20
66300.0
 10
11500.0
 20
66680.0
 10
10600.0
 20
66680.0
  0
TEXT
  5
84D
330
17
100
AcDbEntity
  8
BOM
100
AcDbText
 10
11050.0
 20
66490.0
 30
0.0
 40
180.0
  1
LEG
 72
1
 11
11050.0
 21
66490.0
 31
0.0
100
AcDbText
 73
2
  0
LWPOLYLINE
  5
84E
330
17
100
AcDbEntity
  8
BOM
100
AcDbPolyline
 90
4
 70
1
 10
6000.0
 20
65920.0
 10
7100.0
 20
65920.0
 10
7100.0
 20
66300.0
 10
6000.0
 20
66300.0
  0
TEXT
  5
84F
330
17
100
AcDbEntity
  8
BOM
100
AcDbText
 10
6550.0
 20
66110.0
 30
0.0
 40
180.0
  1
M0016
 72
1
 11
6550.0
 21
66110.0
 31
0.0
100
AcDbText
 73
2
  0
LWPOLYLINE
  5
850
330
17
100
AcDbEntity
  8
BOM
100
AcDbPolyline
 90
4
 70
1
 10
7100.0
 20
65920.0
 10
8400.0
 20
65920.0
 10
8400.0
 20
66300.0
 10
7100.0
 20
66300.0
  0
TEXT
  5
851
330
17
100
AcDbEntity
  8
BOM
100
AcDbText
 10
7750.0
 20
66110.0
 30
0.0
 40
180.0
  1
L160×12
 72
1
 11
7750.0
 21
66110.0
 31
0.0
100
AcDbText
 73
2
  0
LWPOLYLINE
  5
852
330
17
100
AcDbEntity
  8
BOM
100
AcDbPolyline
 90
4
 70
1
 10
8400.0
 20
65920.0
 10
9900.0
 20
65920.0
 10
9900.0
 20
66300.0
 10
8400.0
 20
66300.0
  0
TEXT
  5
853
330
17
100
AcDbEntity
  8
BOM
100
AcDbText
 10
9150.0
 20
66110.0
 30
0.0
 40
180.0
  1
1261
 72
1
 11
9150.0
 21
66110.0
 31
0.0
100
AcDbText
 73
2
  0
LWPOLYLINE
  5
854
330
17
100
AcDbEntity
  8
BOM
100
AcDbPolyline
 90
4
 70
1
 10
9900.0
 20
65920.0
 10
10600.0
 20
65920.0
 10
10600.0
 20
66300.0
 10
9900.0
 20
66300.0
  0
TEXT
  5
855
330
17
100
AcDbEntity
  8
BOM
100
AcDbText
 10
10250.0
 20
66110.0
 30
0.0
 40
180.0
  1
1
 72
1
 11
10250.0
 21
66110.0
 31
0.0
100
AcDbText
 73
2
  0
LWPOLYLINE
  5
856
330
17
100
AcDbEntity
  8
BOM
100
AcDbPolyline
 90
4
 70
1
 10
10600.0
 20
65920.0
 10
11500.0
 20
65920.0
 10
11500.0
 20
66300.0
 10
10600.0
 20
66300.0
  0
TEXT
  5
857
330
17
100
AcDbEntity
  8
BOM
100
AcDbText
 10
11050.0
 20
66110.0
 30
0.0
 40
180.0
  1
LEG
 72
1
 11
11050.0
 21
66110.0
 31
0.0
100
AcDbText
 73
2
  0
LWPOLYLINE
  5
858
330
17
100
AcDbEntity
  8
BOM
100
AcDbPolyline
 90
4
 70
1
 10
6000.0
 20
65540.0
 10
7100.0
 20
65540.0
 10
7100.0
 20
65920.0
 10
6000.0
 20
65920.0
  0
TEXT
  5
859
330
17
100
AcDbEntity
  8
BOM
100
AcDbText
 10
6550.0
 20
65730.0
 30
0.0
 40
180.0
  1
M0017
 72
1
 11
6550.0
 21
65730.0
 31
0.0
100
AcDbText
 73
2
  0
LWPOLYLINE
  5
85A
330
17
100
AcDbEntity
  8
BOM
100
AcDbPolyline
 90
4
 70
1
 10
7100.0
 20
65540.0
 10
8400.0
 20
65540.0
 10
8400.0
 20
65920.0
 10
7100.0
 20
65920.0
  0
TEXT
  5
85B
330
17
100
AcDbEntity
  8
BOM
100
AcDbText
 10
7750.0
 20
65730.0
 30
0.0
 40
180.0
  1
L160×12
 72
1
 11
7750.0
 21
65730.0
 31
0.0
100
AcDbText
 73
2
  0
LWPOLYLINE
  5
85C
330
17
100
AcDbEntity
  8
BOM
100
AcDbPolyline
 90
4
 70
1
 10
8400.0
 20
65540.0
 10
9900.0
 20
65540.0
 10
9900.0
 20
65920.0
 10
8400.0
 20
65920.0
  0
TEXT
  5
85D
330
17
100
AcDbEntity
  8
BOM
100
AcDbText
 10
9150.0
 20
65730.0
 30
0.0
 40
180.0
  1
1261
 72
1
 11
9150.0
 21
65730.0
 31
0.0
100
AcDbText
 73
2
  0
LWPOLYLINE
  5
85E
330
17
100
AcDbEntity
  8
BOM
100
AcDbPolyline
 90
4
 70
1
 10
9900.0
 20
65540.0
 10
10600.0
 20
65540.0
 10
10600.0
 20
65920.0
 10
9900.0
 20
65920.0
  0
TEXT
  5
85F
330
17
100
AcDbEntity
  8
BOM
100
AcDbText
 10
10250.0
 20
65730.0
 30
0.0
 40
180.0
  1
1
 72
1
 11
10250.0
 21
65730.0
 31
0.0
100
AcDbText
 73
2
  0
LWPOLYLINE
  5
860
330
17
100
AcDbEntity
  8
BOM
100
AcDbPolyline
 90
4
 70
1
 10
10600.0
 20
65540.0
 10
11500.0
 20
65540.0
 10
11500.0
 20
65920.0
 10
10600.0
 20
65920.0
  0
TEXT
  5
861
330
17
100
AcDbEntity
  8
BOM
100
AcDbText
 10
11050.0
 20
65730.0
 30
0.0
 40
180.0
  1
LEG
 72
1
 11
11050.0
 21
65730.0
 31
0.0
100
AcDbText
 73
2
  0
LWPOLYLINE
  5
862
330
17
100
AcDbEntity
  8
BOM
100
AcDbPolyline
 90
4
 70
1
 10
6000.0
 20
65160.0
 10
7100.0
 20
65160.0
 10
7100.0
 20
65540.0
 10
6000.0
 20
65540.0
  0
TEXT
  5
863
330
17
100
AcDbEntity
  8
BOM
100
AcDbText
 10
6550.0
 20
65350.0
 30
0.0
 40
180.0
  1
M0018
 72
1
 11
6550.0
 21
65350.0
 31
0.0
100
AcDbText
 73
2
  0
LWPOLYLINE
  5
864
330
17
100
AcDbEntity
  8
BOM
100
AcDbPolyline
 90
4
 70
1
 10
7100.0
 20
65160.0
 10
8400.0
 20
65160.0
 10
8400.0
 20
65540.0
 10
7100.0
 20
65540.0
  0
TEXT
  5
865
330
17
100
AcDbEntity
  8
BOM
100
AcDbText
 10
7750.0
 20
65350.0
 30
0.0
 40
180.0
  1
L160×12
 72
1
 11
7750.0
 21
65350.0
 31
0.0
100
AcDbText
 73
2
  0
LWPOLYLINE
  5
866
330
17
100
AcDbEntity
  8
BOM
100
AcDbPolyline
 90
4
 70
1
 10
8400.0
 20
65160.0
 10
9900.0
 20
65160.0
 10
9900.0
 20
65540.0
 10
8400.0
 20
65540.0
  0
TEXT
  5
867
330
17
100
AcDbEntity
  8
BOM
100
AcDbText
 10
9150.0
 20
65350.0
 30
0.0
 40
180.0
  1
1261
 72
1
 11
9150.0
 21
65350.0
 31
0.0
100
AcDbText
 73
2
  0
LWPOLYLINE
  5
868
330
17
100
AcDbEntity
  8
BOM
100
AcDbPolyline
 90
4
 70
1
 10
9900.0
 20
65160.0
 10
10600.0
 20
65160.0
 10
10600.0
 20
65540.0
 10
9900.0
 20
65540.0
  0
TEXT
  5
869
330
17
100
AcDbEntity
  8
BOM
100
AcDbText
 10
10250.0
 20
65350.0
 30
0.0
 40
180.0
  1
1
 72
1
 11
10250.0
 21
65350.0
 31
0.0
100
AcDbText
 73
2
  0
LWPOLYLINE
  5
86A
330
17
100
AcDbEntity
  8
BOM
100
AcDbPolyline
 90
4
 70
1
 10
10600.0
 20
65160.0
 10
11500.0
 20
65160.0
 10
11500.0
 20
65540.0
 10
10600.0
 20
65540.0
  0
TEXT
  5
86B
330
17
100
AcDbEntity
  8
BOM
100
AcDbText
 10
11050.0
 20
65350.0
 30
0.0
 40
180.0
  1
LEG
 72
1
 11
11050.0
 21
65350.0
 31
0.0
100
AcDbText
 73
2
  0
LWPOLYLINE
  5
86C
330
17
100
AcDbEntity
  8
BOM
100
AcDbPolyline
 90
4
 70
1
 10
6000.0
 20
64780.0
 10
7100.0
 20
64780.0
 10
7100.0
 20
65160.0
 10
6000.0
 20
65160.0
  0
TEXT
  5
86D
330
17
100
AcDbEntity
  8
BOM
100
AcDbText
 10
6550.0
 20
64970.0
 30
0.0
 40
180.0
  1
M0019
 72
1
 11
6550.0
 21
64970.0
 31
0.0
100
AcDbText
 73
2
  0
LWPOLYLINE
  5
86E
330
17
100
AcDbEntity
  8
BOM
100
AcDbPolyline
 90
4
 70
1
 10
7100.0
 20
64780.0
 10
8400.0
 20
64780.0
 10
8400.0
 20
65160.0
 10
7100.0
 20
65160.0
  0
TEXT
  5
86F
330
17
100
AcDbEntity
  8
BOM
100
AcDbText
 10
7750.0
 20
64970.0
 30
0.0
 40
180.0
  1
L125×10
 72
1
 11
7750.0
 21
64970.0
 31
0.0
100
AcDbText
 73
2
  0
LWPOLYLINE
  5
870
330
17
100
AcDbEntity
  8
BOM
100
AcDbPolyline
 90
4
 70
1
 10
8400.0
 20
64780.0
 10
9900.0
 20
64780.0
 10
9900.0
 20
65160.0
 10
8400.0
 20
65160.0
  0
TEXT
  5
871
330
17
100
AcDbEntity
  8
BOM
100
AcDbText
 10
9150.0
 20
64970.0
 30
0.0
 40
180.0
  1
1261
 72
1
 11
9150.0
 21
64970.0
 31
0.0
100
AcDbText
 73
2
  0
LWPOLYLINE
  5
872
330
17
100
AcDbEntity
  8
BOM
100
AcDbPolyline
 90
4
 70
1
 10
9900.0
 20
64780.0
 10
10600.0
 20
64780.0
 10
10600.0
 20
65160.0
 10
9900.0
 20
65160.0
  0
TEXT
  5
873
330
17
100
AcDbEntity
  8
BOM
100
AcDbText
 10
10250.0
 20
64970.0
 30
0.0
 40
180.0
  1
1
 72
1
 11
10250.0
 21
64970.0
 31
0.0
100
AcDbText
 73
2
  0
LWPOLYLINE
  5
874
330
17
100
AcDbEntity
  8
BOM
100
AcDbPolyline
 90
4
 70
1
 10
10600.0
 20
64780.0
 10
11500.0
 20
64780.0
 10
11500.0
 20
65160.0
 10
10600.0
 20
65160.0
  0
TEXT
  5
875
330
17
100
AcDbEntity
  8
BOM
100
AcDbText
 10
11050.0
 20
64970.0
 30
0.0
 40
180.0
  1
LEG
 72
1
 11
11050.0
 21
64970.0
 31
0.0
100
AcDbText
 73
2
  0
LWPOLYLINE
  5
876
330
17
100
AcDbEntity
  8
BOM
100
AcDbPolyline
 90
4
 70
1
 10
6000.0
 20
64400.0
 10
7100.0
 20
64400.0
 10
7100.0
 20
64780.0
 10
6000.0
 20
64780.0
  0
TEXT
  5
877
330
17
100
AcDbEntity
  8
BOM
100
AcDbText
 10
6550.0
 20
64590.0
 30
0.0
 40
180.0
  1
M0020
 72
1
 11
6550.0
 21
64590.0
 31
0.0
100
AcDbText
 73
2
  0
LWPOLYLINE
  5
878
330
17
100
AcDbEntity
  8
BOM
100
AcDbPolyline
 90
4
 70
1
 10
7100.0
 20
64400.0
 10
8400.0
 20
64400.0
 10
8400.0
 20
64780.0
 10
7100.0
 20
64780.0
  0
TEXT
  5
879
330
17
100
AcDbEntity
  8
BOM
100
AcDbText
 10
7750.0
 20
64590.0
 30
0.0
 40
180.0
  1
L125×10
 72
1
 11
7750.0
 21
64590.0
 31
0.0
100
AcDbText
 73
2
  0
LWPOLYLINE
  5
87A
330
17
100
AcDbEntity
  8
BOM
100
AcDbPolyline
 90
4
 70
1
 10
8400.0
 20
64400.0
 10
9900.0
 20
64400.0
 10
9900.0
 20
64780.0
 10
8400.0
 20
64780.0
  0
TEXT
  5
87B
330
17
100
AcDbEntity
  8
BOM
100
AcDbText
 10
9150.0
 20
64590.0
 30
0.0
 40
180.0
  1
1261
 72
1
 11
9150.0
 21
64590.0
 31
0.0
100
AcDbText
 73
2
  0
LWPOLYLINE
  5
87C
330
17
100
AcDbEntity
  8
BOM
100
AcDbPolyline
 90
4
 70
1
 10
9900.0
 20
64400.0
 10
10600.0
 20
64400.0
 10
10600.0
 20
64780.0
 10
9900.0
 20
64780.0
  0
TEXT
  5
87D
330
17
100
AcDbEntity
  8
BOM
100
AcDbText
 10
10250.0
 20
64590.0
 30
0.0
 40
180.0
  1
1
 72
1
 11
10250.0
 21
64590.0
 31
0.0
100
AcDbText
 73
2
  0
LWPOLYLINE
  5
87E
330
17
100
AcDbEntity
  8
BOM
100
AcDbPolyline
 90
4
 70
1
 10
10600.0
 20
64400.0
 10
11500.0
 20
64400.0
 10
11500.0
 20
64780.0
 10
10600.0
 20
64780.0
  0
TEXT
  5
87F
330
17
100
AcDbEntity
  8
BOM
100
AcDbText
 10
11050.0
 20
64590.0
 30
0.0
 40
180.0
  1
LEG
 72
1
 11
11050.0
 21
64590.0
 31
0.0
100
AcDbText
 73
2
  0
LWPOLYLINE
  5
880
330
17
100
AcDbEntity
  8
BOM
100
AcDbPolyline
 90
4
 70
1
 10
6000.0
 20
64020.0
 10
7100.0
 20
64020.0
 10
7100.0
 20
64400.0
 10
6000.0
 20
64400.0
  0
TEXT
  5
881
330
17
100
AcDbEntity
  8
BOM
100
AcDbText
 10
6550.0
 20
64210.0
 30
0.0
 40
180.0
  1
M0021
 72
1
 11
6550.0
 21
64210.0
 31
0.0
100
AcDbText
 73
2
  0
LWPOLYLINE
  5
882
330
17
100
AcDbEntity
  8
BOM
100
AcDbPolyline
 90
4
 70
1
 10
7100.0
 20
64020.0
 10
8400.0
 20
64020.0
 10
8400.0
 20
64400.0
 10
7100.0
 20
64400.0
  0
TEXT
  5
883
330
17
100
AcDbEntity
  8
BOM
100
AcDbText
 10
7750.0
 20
64210.0
 30
0.0
 40
180.0
  1
L125×10
 72
1
 11
7750.0
 21
64210.0
 31
0.0
100
AcDbText
 73
2
  0
LWPOLYLINE
  5
884
330
17
100
AcDbEntity
  8
BOM
100
AcDbPolyline
 90
4
 70
1
 10
8400.0
 20
64020.0
 10
9900.0
 20
64020.0
 10
9900.0
 20
64400.0
 10
8400.0
 20
64400.0
  0
TEXT
  5
885
330
17
100
AcDbEntity
  8
BOM
100
AcDbText
 10
9150.0
 20
64210.0
 30
0.0
 40
180.0
  1
1261
 72
1
 11
9150.0
 21
64210.0
 31
0.0
100
AcDbText
 73
2
  0
LWPOLYLINE
  5
886
330
17
100
AcDbEntity
  8
BOM
100
AcDbPolyline
 90
4
 70
1
 10
9900.0
 20
64020.0
 10
10600.0
 20
64020.0
 10
10600.0
 20
64400.0
 10
9900.0
 20
64400.0
  0
TEXT
  5
887
330
17
100
AcDbEntity
  8
BOM
100
AcDbText
 10
10250.0
 20
64210.0
 30
0.0
 40
180.0
  1
1
 72
1
 11
10250.0
 21
64210.0
 31
0.0
100
AcDbText
 73
2
  0
LWPOLYLINE
  5
888
330
17
100
AcDbEntity
  8
BOM
100
AcDbPolyline
 90
4
 70
1
 10
10600.0
 20
64020.0
 10
11500.0
 20
64020.0
 10
11500.0
 20
64400.0
 10
10600.0
 20
64400.0
  0
TEXT
  5
889
330
17
100
AcDbEntity
  8
BOM
100
AcDbText
 10
11050.0
 20
64210.0
 30
0.0
 40
180.0
  1
LEG
 72
1
 11
11050.0
 21
64210.0
 31
0.0
100
AcDbText
 73
2
  0
LWPOLYLINE
  5
88A
330
17
100
AcDbEntity
  8
BOM
100
AcDbPolyline
 90
4
 70
1
 10
6000.0
 20
63640.0
 10
7100.0
 20
63640.0
 10
7100.0
 20
64020.0
 10
6000.0
 20
64020.0
  0
TEXT
  5
88B
330
17
100
AcDbEntity
  8
BOM
100
AcDbText
 10
6550.0
 20
63830.0
 30
0.0
 40
180.0
  1
M0022
 72
1
 11
6550.0
 21
63830.0
 31
0.0
100
AcDbText
 73
2
  0
LWPOLYLINE
  5
88C
330
17
100
AcDbEntity
  8
BOM
100
AcDbPolyline
 90
4
 70
1
 10
7100.0
 20
63640.0
 10
8400.0
 20
63640.0
 10
8400.0
 20
64020.0
 10
7100.0
 20
64020.0
  0
TEXT
  5
88D
330
17
100
AcDbEntity
  8
BOM
100
AcDbText
 10
7750.0
 20
63830.0
 30
0.0
 40
180.0
  1
L125×10
 72
1
 11
7750.0
 21
63830.0
 31
0.0
100
AcDbText
 73
2
  0
LWPOLYLINE
  5
88E
330
17
100
AcDbEntity
  8
BOM
100
AcDbPolyline
 90
4
 70
1
 10
8400.0
 20
63640.0
 10
9900.0
 20
63640.0
 10
9900.0
 20
64020.0
 10
8400.0
 20
64020.0
  0
TEXT
  5
88F
330
17
100
AcDbEntity
  8
BOM
100
AcDbText
 10
9150.0
 20
63830.0
 30
0.0
 40
180.0
  1
1261
 72
1
 11
9150.0
 21
63830.0
 31
0.0
100
AcDbText
 73
2
  0
LWPOLYLINE
  5
890
330
17
100
AcDbEntity
  8
BOM
100
AcDbPolyline
 90
4
 70
1
 10
9900.0
 20
63640.0
 10
10600.0
 20
63640.0
 10
10600.0
 20
64020.0
 10
9900.0
 20
64020.0
  0
TEXT
  5
891
330
17
100
AcDbEntity
  8
BOM
100
AcDbText
 10
10250.0
 20
63830.0
 30
0.0
 40
180.0
  1
1
 72
1
 11
10250.0
 21
63830.0
 31
0.0
100
AcDbText
 73
2
  0
LWPOLYLINE
  5
892
330
17
100
AcDbEntity
  8
BOM
100
AcDbPolyline
 90
4
 70
1
 10
10600.0
 20
63640.0
 10
11500.0
 20
63640.0
 10
11500.0
 20
64020.0
 10
10600.0
 20
64020.0
  0
TEXT
  5
893
330
17
100
AcDbEntity
  8
BOM
100
AcDbText
 10
11050.0
 20
63830.0
 30
0.0
 40
180.0
  1
LEG
 72
1
 11
11050.0
 21
63830.0
 31
0.0
100
AcDbText
 73
2
  0
LWPOLYLINE
  5
894
330
17
100
AcDbEntity
  8
BOM
100
AcDbPolyline
 90
4
 70
1
 10
6000.0
 20
63260.0
 10
7100.0
 20
63260.0
 10
7100.0
 20
63640.0
 10
6000.0
 20
63640.0
  0
TEXT
  5
895
330
17
100
AcDbEntity
  8
BOM
100
AcDbText
 10
6550.0
 20
63450.0
 30
0.0
 40
180.0
  1
M0023
 72
1
 11
6550.0
 21
63450.0
 31
0.0
100
AcDbText
 73
2
  0
LWPOLYLINE
  5
896
330
17
100
AcDbEntity
  8
BOM
100
AcDbPolyline
 90
4
 70
1
 10
7100.0
 20
63260.0
 10
8400.0
 20
63260.0
 10
8400.0
 20
63640.0
 10
7100.0
 20
63640.0
  0
TEXT
  5
897
330
17
100
AcDbEntity
  8
BOM
100
AcDbText
 10
7750.0
 20
63450.0
 30
0.0
 40
180.0
  1
L100×8
 72
1
 11
7750.0
 21
63450.0
 31
0.0
100
AcDbText
 73
2
  0
LWPOLYLINE
  5
898
330
17
100
AcDbEntity
  8
BOM
100
AcDbPolyline
 90
4
 70
1
 10
8400.0
 20
63260.0
 10
9900.0
 20
63260.0
 10
9900.0
 20
63640.0
 10
8400.0
 20
63640.0
  0
TEXT
  5
899
330
17
100
AcDbEntity
  8
BOM
100
AcDbText
 10
9150.0
 20
63450.0
 30
0.0
 40
180.0
  1
1261
 72
1
 11
9150.0
 21
63450.0
 31
0.0
100
AcDbText
 73
2
  0
LWPOLYLINE
  5
89A
330
17
100
AcDbEntity
  8
BOM
100
AcDbPolyline
 90
4
 70
1
 10
9900.0
 20
63260.0
 10
10600.0
 20
63260.0
 10
10600.0
 20
63640.0
 10
9900.0
 20
63640.0
  0
TEXT
  5
89B
330
17
100
AcDbEntity
  8
BOM
100
AcDbText
 10
10250.0
 20
63450.0
 30
0.0
 40
180.0
  1
1
 72
1
 11
10250.0
 21
63450.0
 31
0.0
100
AcDbText
 73
2
  0
LWPOLYLINE
  5
89C
330
17
100
AcDbEntity
  8
BOM
100
AcDbPolyline
 90
4
 70
1
 10
10600.0
 20
63260.0
 10
11500.0
 20
63260.0
 10
11500.0
 20
63640.0
 10
10600.0
 20
63640.0
  0
TEXT
  5
89D
330
17
100
AcDbEntity
  8
BOM
100
AcDbText
 10
11050.0
 20
63450.0
 30
0.0
 40
180.0
  1
LEG
 72
1
 11
11050.0
 21
63450.0
 31
0.0
100
AcDbText
 73
2
  0
LWPOLYLINE
  5
89E
330
17
100
AcDbEntity
  8
BOM
100
AcDbPolyline
 90
4
 70
1
 10
6000.0
 20
62880.0
 10
7100.0
 20
62880.0
 10
7100.0
 20
63260.0
 10
6000.0
 20
63260.0
  0
TEXT
  5
89F
330
17
100
AcDbEntity
  8
BOM
100
AcDbText
 10
6550.0
 20
63070.0
 30
0.0
 40
180.0
  1
M0024
 72
1
 11
6550.0
 21
63070.0
 31
0.0
100
AcDbText
 73
2
  0
LWPOLYLINE
  5
8A0
330
17
100
AcDbEntity
  8
BOM
100
AcDbPolyline
 90
4
 70
1
 10
7100.0
 20
62880.0
 10
8400.0
 20
62880.0
 10
8400.0
 20
63260.0
 10
7100.0
 20
63260.0
  0
TEXT
  5
8A1
330
17
100
AcDbEntity
  8
BOM
100
AcDbText
 10
7750.0
 20
63070.0
 30
0.0
 40
180.0
  1
L100×8
 72
1
 11
7750.0
 21
63070.0
 31
0.0
100
AcDbText
 73
2
  0
LWPOLYLINE
  5
8A2
330
17
100
AcDbEntity
  8
BOM
100
AcDbPolyline
 90
4
 70
1
 10
8400.0
 20
62880.0
 10
9900.0
 20
62880.0
 10
9900.0
 20
63260.0
 10
8400.0
 20
63260.0
  0
TEXT
  5
8A3
330
17
100
AcDbEntity
  8
BOM
100
AcDbText
 10
9150.0
 20
63070.0
 30
0.0
 40
180.0
  1
1261
 72
1
 11
9150.0
 21
63070.0
 31
0.0
100
AcDbText
 73
2
  0
LWPOLYLINE
  5
8A4
330
17
100
AcDbEntity
  8
BOM
100
AcDbPolyline
 90
4
 70
1
 10
9900.0
 20
62880.0
 10
10600.0
 20
62880.0
 10
10600.0
 20
63260.0
 10
9900.0
 20
63260.0
  0
TEXT
  5
8A5
330
17
100
AcDbEntity
  8
BOM
100
AcDbText
 10
10250.0
 20
63070.0
 30
0.0
 40
180.0
  1
1
 72
1
 11
10250.0
 21
63070.0
 31
0.0
100
AcDbText
 73
2
  0
LWPOLYLINE
  5
8A6
330
17
100
AcDbEntity
  8
BOM
100
AcDbPolyline
 90
4
 70
1
 10
10600.0
 20
62880.0
 10
11500.0
 20
62880.0
 10
11500.0
 20
63260.0
 10
10600.0
 20
63260.0
  0
TEXT
  5
8A7
330
17
100
AcDbEntity
  8
BOM
100
AcDbText
 10
11050.0
 20
63070.0
 30
0.0
 40
180.0
  1
LEG
 72
1
 11
11050.0
 21
63070.0
 31
0.0
100
AcDbText
 73
2
  0
LWPOLYLINE
  5
8A8
330
17
100
AcDbEntity
  8
BOM
100
AcDbPolyline
 90
4
 70
1
 10
6000.0
 20
62500.0
 10
7100.0
 20
62500.0
 10
7100.0
 20
62880.0
 10
6000.0
 20
62880.0
  0
TEXT
  5
8A9
330
17
100
AcDbEntity
  8
BOM
100
AcDbText
 10
6550.0
 20
62690.0
 30
0.0
 40
180.0
  1
M0025
 72
1
 11
6550.0
 21
62690.0
 31
0.0
100
AcDbText
 73
2
  0
LWPOLYLINE
  5
8AA
330
17
100
AcDbEntity
  8
BOM
100
AcDbPolyline
 90
4
 70
1
 10
7100.0
 20
62500.0
 10
8400.0
 20
62500.0
 10
8400.0
 20
62880.0
 10
7100.0
 20
62880.0
  0
TEXT
  5
8AB
330
17
100
AcDbEntity
  8
BOM
100
AcDbText
 10
7750.0
 20
62690.0
 30
0.0
 40
180.0
  1
L100×8
 72
1
 11
7750.0
 21
62690.0
 31
0.0
100
AcDbText
 73
2
  0
LWPOLYLINE
  5
8AC
330
17
100
AcDbEntity
  8
BOM
100
AcDbPolyline
 90
4
 70
1
 10
8400.0
 20
62500.0
 10
9900.0
 20
62500.0
 10
9900.0
 20
62880.0
 10
8400.0
 20
62880.0
  0
TEXT
  5
8AD
330
17
100
AcDbEntity
  8
BOM
100
AcDbText
 10
9150.0
 20
62690.0
 30
0.0
 40
180.0
  1
1261
 72
1
 11
9150.0
 21
62690.0
 31
0.0
100
AcDbText
 73
2
  0
LWPOLYLINE
  5
8AE
330
17
100
AcDbEntity
  8
BOM
100
AcDbPolyline
 90
4
 70
1
 10
9900.0
 20
62500.0
 10
10600.0
 20
62500.0
 10
10600.0
 20
62880.0
 10
9900.0
 20
62880.0
  0
TEXT
  5
8AF
330
17
100
AcDbEntity
  8
BOM
100
AcDbText
 10
10250.0
 20
62690.0
 30
0.0
 40
180.0
  1
1
 72
1
 11
10250.0
 21
62690.0
 31
0.0
100
AcDbText
 73
2
  0
LWPOLYLINE
  5
8B0
330
17
100
AcDbEntity
  8
BOM
100
AcDbPolyline
 90
4
 70
1
 10
10600.0
 20
62500.0
 10
11500.0
 20
62500.0
 10
11500.0
 20
62880.0
 10
10600.0
 20
62880.0
  0
TEXT
  5
8B1
330
17
100
AcDbEntity
  8
BOM
100
AcDbText
 10
11050.0
 20
62690.0
 30
0.0
 40
180.0
  1
LEG
 72
1
 11
11050.0
 21
62690.0
 31
0.0
100
AcDbText
 73
2
  0
LWPOLYLINE
  5
8B2
330
17
100
AcDbEntity
  8
BOM
100
AcDbPolyline
 90
4
 70
1
 10
6000.0
 20
62120.0
 10
7100.0
 20
62120.0
 10
7100.0
 20
62500.0
 10
6000.0
 20
62500.0
  0
TEXT
  5
8B3
330
17
100
AcDbEntity
  8
BOM
100
AcDbText
 10
6550.0
 20
62310.0
 30
0.0
 40
180.0
  1
M0026
 72
1
 11
6550.0
 21
62310.0
 31
0.0
100
AcDbText
 73
2
  0
LWPOLYLINE
  5
8B4
330
17
100
AcDbEntity
  8
BOM
100
AcDbPolyline
 90
4
 70
1
 10
7100.0
 20
62120.0
 10
8400.0
 20
62120.0
 10
8400.0
 20
62500.0
 10
7100.0
 20
62500.0
  0
TEXT
  5
8B5
330
17
100
AcDbEntity
  8
BOM
100
AcDbText
 10
7750.0
 20
62310.0
 30
0.0
 40
180.0
  1
L100×8
 72
1
 11
7750.0
 21
62310.0
 31
0.0
100
AcDbText
 73
2
  0
LWPOLYLINE
  5
8B6
330
17
100
AcDbEntity
  8
BOM
100
AcDbPolyline
 90
4
 70
1
 10
8400.0
 20
62120.0
 10
9900.0
 20
62120.0
 10
9900.0
 20
62500.0
 10
8400.0
 20
62500.0
  0
TEXT
  5
8B7
330
17
100
AcDbEntity
  8
BOM
100
AcDbText
 10
9150.0
 20
62310.0
 30
0.0
 40
180.0
  1
1261
 72
1
 11
9150.0
 21
62310.0
 31
0.0
100
AcDbText
 73
2
  0
LWPOLYLINE
  5
8B8
330
17
100
AcDbEntity
  8
BOM
100
AcDbPolyline
 90
4
 70
1
 10
9900.0
 20
62120.0
 10
10600.0
 20
62120.0
 10
10600.0
 20
62500.0
 10
9900.0
 20
62500.0
  0
TEXT
  5
8B9
330
17
100
AcDbEntity
  8
BOM
100
AcDbText
 10
10250.0
 20
62310.0
 30
0.0
 40
180.0
  1
1
 72
1
 11
10250.0
 21
62310.0
 31
0.0
100
AcDbText
 73
2
  0
LWPOLYLINE
  5
8BA
330
17
100
AcDbEntity
  8
BOM
100
AcDbPolyline
 90
4
 70
1
 10
10600.0
 20
62120.0
 10
11500.0
 20
62120.0
 10
11500.0
 20
62500.0
 10
10600.0
 20
62500.0
  0
TEXT
  5
8BB
330
17
100
AcDbEntity
  8
BOM
100
AcDbText
 10
11050.0
 20
62310.0
 30
0.0
 40
180.0
  1
LEG
 72
1
 11
11050.0
 21
62310.0
 31
0.0
100
AcDbText
 73
2
  0
LWPOLYLINE
  5
8BC
330
17
100
AcDbEntity
  8
BOM
100
AcDbPolyline
 90
4
 70
1
 10
6000.0
 20
61740.0
 10
7100.0
 20
61740.0
 10
7100.0
 20
62120.0
 10
6000.0
 20
62120.0
  0
TEXT
  5
8BD
330
17
100
AcDbEntity
  8
BOM
100
AcDbText
 10
6550.0
 20
61930.0
 30
0.0
 40
180.0
  1
M0027
 72
1
 11
6550.0
 21
61930.0
 31
0.0
100
AcDbText
 73
2
  0
LWPOLYLINE
  5
8BE
330
17
100
AcDbEntity
  8
BOM
100
AcDbPolyline
 90
4
 70
1
 10
7100.0
 20
61740.0
 10
8400.0
 20
61740.0
 10
8400.0
 20
62120.0
 10
7100.0
 20
62120.0
  0
TEXT
  5
8BF
330
17
100
AcDbEntity
  8
BOM
100
AcDbText
 10
7750.0
 20
61930.0
 30
0.0
 40
180.0
  1
L160×12
 72
1
 11
7750.0
 21
61930.0
 31
0.0
100
AcDbText
 73
2
  0
LWPOLYLINE
  5
8C0
330
17
100
AcDbEntity
  8
BOM
100
AcDbPolyline
 90
4
 70
1
 10
8400.0
 20
61740.0
 10
9900.0
 20
61740.0
 10
9900.0
 20
62120.0
 10
8400.0
 20
62120.0
  0
TEXT
  5
8C1
330
17
100
AcDbEntity
  8
BOM
100
AcDbText
 10
9150.0
 20
61930.0
 30
0.0
 40
180.0
  1
1261
 72
1
 11
9150.0
 21
61930.0
 31
0.0
100
AcDbText
 73
2
  0
LWPOLYLINE
  5
8C2
330
17
100
AcDbEntity
  8
BOM
100
AcDbPolyline
 90
4
 70
1
 10
9900.0
 20
61740.0
 10
10600.0
 20
61740.0
 10
10600.0
 20
62120.0
 10
9900.0
 20
62120.0
  0
TEXT
  5
8C3
330
17
100
AcDbEntity
  8
BOM
100
AcDbText
 10
10250.0
 20
61930.0
 30
0.0
 40
180.0
  1
1
 72
1
 11
10250.0
 21
61930.0
 31
0.0
100
AcDbText
 73
2
  0
LWPOLYLINE
  5
8C4
330
17
100
AcDbEntity
  8
BOM
100
AcDbPolyline
 90
4
 70
1
 10
10600.0
 20
61740.0
 10
11500.0
 20
61740.0
 10
11500.0
 20
62120.0
 10
10600.0
 20
62120.0
  0
TEXT
  5
8C5
330
17
100
AcDbEntity
  8
BOM
100
AcDbText
 10
11050.0
 20
61930.0
 30
0.0
 40
180.0
  1
LEG
 72
1
 11
11050.0
 21
61930.0
 31
0.0
100
AcDbText
 73
2
  0
LWPOLYLINE
  5
8C6
330
17
100
AcDbEntity
  8
BOM
100
AcDbPolyline
 90
4
 70
1
 10
6000.0
 20
61360.0
 10
7100.0
 20
61360.0
 10
7100.0
 20
61740.0
 10
6000.0
 20
61740.0
  0
TEXT
  5
8C7
330
17
100
AcDbEntity
  8
BOM
100
AcDbText
 10
6550.0
 20
61550.0
 30
0.0
 40
180.0
  1
M0028
 72
1
 11
6550.0
 21
61550.0
 31
0.0
100
AcDbText
 73
2
  0
LWPOLYLINE
  5
8C8
330
17
100
AcDbEntity
  8
BOM
100
AcDbPolyline
 90
4
 70
1
 10
7100.0
 20
61360.0
 10
8400.0
 20
61360.0
 10
8400.0
 20
61740.0
 10
7100.0
 20
61740.0
  0
TEXT
  5
8C9
330
17
100
AcDbEntity
  8
BOM
100
AcDbText
 10
7750.0
 20
61550.0
 30
0.0
 40
180.0
  1
L160×12
 72
1
 11
7750.0
 21
61550.0
 31
0.0
100
AcDbText
 73
2
  0
LWPOLYLINE
  5
8CA
330
17
100
AcDbEntity
  8
BOM
100
AcDbPolyline
 90
4
 70
1
 10
8400.0
 20
61360.0
 10
9900.0
 20
61360.0
 10
9900.0
 20
61740.0
 10
8400.0
 20
61740.0
  0
TEXT
  5
8CB
330
17
100
AcDbEntity
  8
BOM
100
AcDbText
 10
9150.0
 20
61550.0
 30
0.0
 40
180.0
  1
1261
 72
1
 11
9150.0
 21
61550.0
 31
0.0
100
AcDbText
 73
2
  0
LWPOLYLINE
  5
8CC
330
17
100
AcDbEntity
  8
BOM
100
AcDbPolyline
 90
4
 70
1
 10
9900.0
 20
61360.0
 10
10600.0
 20
61360.0
 10
10600.0
 20
61740.0
 10
9900.0
 20
61740.0
  0
TEXT
  5
8CD
330
17
100
AcDbEntity
  8
BOM
100
AcDbText
 10
10250.0
 20
61550.0
 30
0.0
 40
180.0
  1
1
 72
1
 11
10250.0
 21
61550.0
 31
0.0
100
AcDbText
 73
2
  0
LWPOLYLINE
  5
8CE
330
17
100
AcDbEntity
  8
BOM
100
AcDbPolyline
 90
4
 70
1
 10
10600.0
 20
61360.0
 10
11500.0
 20
61360.0
 10
11500.0
 20
61740.0
 10
10600.0
 20
61740.0
  0
TEXT
  5
8CF
330
17
100
AcDbEntity
  8
BOM
100
AcDbText
 10
11050.0
 20
61550.0
 30
0.0
 40
180.0
  1
LEG
 72
1
 11
11050.0
 21
61550.0
 31
0.0
100
AcDbText
 73
2
  0
TEXT
  5
8D0
330
17
100
AcDbEntity
  8
BOM
100
AcDbText
 10
36000.0
 20
72600.0
 30
0.0
 40
350.0
  1
构件明细表 BOM
 11
36000.0
 21
72600.0
 31
0.0
100
AcDbText
  0
LWPOLYLINE
  5
8D1
330
17
100
AcDbEntity
  8
BOM
100
AcDbPolyline
 90
4
 70
1
 10
36000.0
 20
72000.0
 10
37100.0
 20
72000.0
 10
37100.0
 20
72380.0
 10
36000.0
 20
72380.0
  0
TEXT
  5
8D2
330
17
100
AcDbEntity
  8
BOM
100
AcDbText
 10
36550.0
 20
72190.0
 30
0.0
 40
220.0
  1
件号
 72
1
 11
36550.0
 21
72190.0
 31
0.0
100
AcDbText
 73
2
  0
LWPOLYLINE
  5
8D3
330
17
100
AcDbEntity
  8
BOM
100
AcDbPolyline
 90
4
 70
1
 10
37100.0
 20
72000.0
 10
38400.0
 20
72000.0
 10
38400.0
 20
72380.0
 10
37100.0
 20
72380.0
  0
TEXT
  5
8D4
330
17
100
AcDbEntity
  8
BOM
100
AcDbText
 10
37750.0
 20
72190.0
 30
0.0
 40
220.0
  1
截面
 72
1
 11
37750.0
 21
72190.0
 31
0.0
100
AcDbText
 73
2
  0
LWPOLYLINE
  5
8D5
330
17
100
AcDbEntity
  8
BOM
100
AcDbPolyline
 90
4
 70
1
 10
38400.0
 20
72000.0
 10
39900.0
 20
72000.0
 10
39900.0
 20
72380.0
 10
38400.0
 20
72380.0
  0
TEXT
  5
8D6
330
17
100
AcDbEntity
  8
BOM
100
AcDbText
 10
39150.0
 20
72190.0
 30
0.0
 40
220.0
  1
长度
 72
1
 11
39150.0
 21
72190.0
 31
0.0
100
AcDbText
 73
2
  0
LWPOLYLINE
  5
8D7
330
17
100
AcDbEntity
  8
BOM
100
AcDbPolyline
 90
4
 70
1
 10
39900.0
 20
72000.0
 10
40600.0
 20
72000.0
 10
40600.0
 20
72380.0
 10
39900.0
 20
72380.0
  0
TEXT
  5
8D8
330
17
100
AcDbEntity
  8
BOM
100
AcDbText
 10
40250.0
 20
72190.0
 30
0.0
 40
220.0
  1
数量
 72
1
 11
40250.0
 21
72190.0
 31
0.0
100
AcDbText
 73
2
  0
LWPOLYLINE
  5
8D9
330
17
100
AcDbEntity
  8
BOM
100
AcDbPolyline
 90
4
 70
1
 10
40600.0
 20
72000.0
 10
41500.0
 20
72000.0
 10
41500.0
 20
72380.0
 10
40600.0
 20
72380.0
  0
TEXT
  5
8DA
330
17
100
AcDbEntity
  8
BOM
100
AcDbText
 10
41050.0
 20
72190.0
 30
0.0
 40
220.0
  1
类别
 72
1
 11
41050.0
 21
72190.0
 31
0.0
100
AcDbText
 73
2
  0
LWPOLYLINE
  5
8DB
330
17
100
AcDbEntity
  8
BOM
100
AcDbPolyline
 90
4
 70
1
 10
36000.0
 20
71620.0
 10
37100.0
 20
71620.0
 10
37100.0
 20
72000.0
 10
36000.0
 20
72000.0
  0
TEXT
  5
8DC
330
17
100
AcDbEntity
  8
BOM
100
AcDbText
 10
36550.0
 20
71810.0
 30
0.0
 40
180.0
  1
M0029
 72
1
 11
36550.0
 21
71810.0
 31
0.0
100
AcDbText
 73
2
  0
LWPOLYLINE
  5
8DD
330
17
100
AcDbEntity
  8
BOM
100
AcDbPolyline
 90
4
 70
1
 10
37100.0
 20
71620.0
 10
38400.0
 20
71620.0
 10
38400.0
 20
72000.0
 10
37100.0
 20
72000.0
  0
TEXT
  5
8DE
330
17
100
AcDbEntity
  8
BOM
100
AcDbText
 10
37750.0
 20
71810.0
 30
0.0
 40
180.0
  1
L160×12
 72
1
 11
37750.0
 21
71810.0
 31
0.0
100
AcDbText
 73
2
  0
LWPOLYLINE
  5
8DF
330
17
100
AcDbEntity
  8
BOM
100
AcDbPolyline
 90
4
 70
1
 10
38400.0
 20
71620.0
 10
39900.0
 20
71620.0
 10
39900.0
 20
72000.0
 10
38400.0
 20
72000.0
  0
TEXT
  5
8E0
330
17
100
AcDbEntity
  8
BOM
100
AcDbText
 10
39150.0
 20
71810.0
 30
0.0
 40
180.0
  1
1261
 72
1
 11
39150.0
 21
71810.0
 31
0.0
100
AcDbText
 73
2
  0
LWPOLYLINE
  5
8E1
330
17
100
AcDbEntity
  8
BOM
100
AcDbPolyline
 90
4
 70
1
 10
39900.0
 20
71620.0
 10
40600.0
 20
71620.0
 10
40600.0
 20
72000.0
 10
39900.0
 20
72000.0
  0
TEXT
  5
8E2
330
17
100
AcDbEntity
  8
BOM
100
AcDbText
 10
40250.0
 20
71810.0
 30
0.0
 40
180.0
  1
1
 72
1
 11
40250.0
 21
71810.0
 31
0.0
100
AcDbText
 73
2
  0
LWPOLYLINE
  5
8E3
330
17
100
AcDbEntity
  8
BOM
100
AcDbPolyline
 90
4
 70
1
 10
40600.0
 20
71620.0
 10
41500.0
 20
71620.0
 10
41500.0
 20
72000.0
 10
40600.0
 20
72000.0
  0
TEXT
  5
8E4
330
17
100
AcDbEntity
  8
BOM
100
AcDbText
 10
41050.0
 20
71810.0
 30
0.0
 40
180.0
  1
LEG
 72
1
 11
41050.0
 21
71810.0
 31
0.0
100
AcDbText
 73
2
  0
LWPOLYLINE
  5
8E5
330
17
100
AcDbEntity
  8
BOM
100
AcDbPolyline
 90
4
 70
1
 10
36000.0
 20
71240.0
 10
37100.0
 20
71240.0
 10
37100.0
 20
71620.0
 10
36000.0
 20
71620.0
  0
TEXT
  5
8E6
330
17
100
AcDbEntity
  8
BOM
100
AcDbText
 10
36550.0
 20
71430.0
 30
0.0
 40
180.0
  1
M0030
 72
1
 11
36550.0
 21
71430.0
 31
0.0
100
AcDbText
 73
2
  0
LWPOLYLINE
  5
8E7
330
17
100
AcDbEntity
  8
BOM
100
AcDbPolyline
 90
4
 70
1
 10
37100.0
 20
71240.0
 10
38400.0
 20
71240.0
 10
38400.0
 20
71620.0
 10
37100.0
 20
71620.0
  0
TEXT
  5
8E8
330
17
100
AcDbEntity
  8
BOM
100
AcDbText
 10
37750.0
 20
71430.0
 30
0.0
 40
180.0
  1
L160×12
 72
1
 11
37750.0
 21
71430.0
 31
0.0
100
AcDbText
 73
2
  0
LWPOLYLINE
  5
8E9
330
17
100
AcDbEntity
  8
BOM
100
AcDbPolyline
 90
4
 70
1
 10
38400.0
 20
71240.0
 10
39900.0
 20
71240.0
 10
39900.0
 20
71620.0
 10
38400.0
 20
71620.0
  0
TEXT
  5
8EA
330
17
100
AcDbEntity
  8
BOM
100
AcDbText
 10
39150.0
 20
71430.0
 30
0.0
 40
180.0
  1
1261
 72
1
 11
39150.0
 21
71430.0
 31
0.0
100
AcDbText
 73
2
  0
LWPOLYLINE
  5
8EB
330
17
100
AcDbEntity
  8
BOM
100
AcDbPolyline
 90
4
 70
1
 10
39900.0
 20
71240.0
 10
40600.0
 20
71240.0
 10
40600.0
 20
71620.0
 10
39900.0
 20
71620.0
  0
TEXT
  5
8EC
330
17
100
AcDbEntity
  8
BOM
100
AcDbText
 10
40250.0
 20
71430.0
 30
0.0
 40
180.0
  1
1
 72
1
 11
40250.0
 21
71430.0
 31
0.0
100
AcDbText
 73
2
  0
LWPOLYLINE
  5
8ED
330
17
100
AcDbEntity
  8
BOM
100
AcDbPolyline
 90
4
 70
1
 10
40600.0
 20
71240.0
 10
41500.0
 20
71240.0
 10
41500.0
 20
71620.0
 10
40600.0
 20
71620.0
  0
TEXT
  5
8EE
330
17
100
AcDbEntity
  8
BOM
100
AcDbText
 10
41050.0
 20
71430.0
 30
0.0
 40
180.0
  1
LEG
 72
1
 11
41050.0
 21
71430.0
 31
0.0
100
AcDbText
 73
2
  0
LWPOLYLINE
  5
8EF
330
17
100
AcDbEntity
  8
BOM
100
AcDbPolyline
 90
4
 70
1
 10
36000.0
 20
70860.0
 10
37100.0
 20
70860.0
 10
37100.0
 20
71240.0
 10
36000.0
 20
71240.0
  0
TEXT
  5
8F0
330
17
100
AcDbEntity
  8
BOM
100
AcDbText
 10
36550.0
 20
71050.0
 30
0.0
 40
180.0
  1
M0031
 72
1
 11
36550.0
 21
71050.0
 31
0.0
100
AcDbText
 73
2
  0
LWPOLYLINE
  5
8F1
330
17
100
AcDbEntity
  8
BOM
100
AcDbPolyline
 90
4
 70
1
 10
37100.0
 20
70860.0
 10
38400.0
 20
70860.0
 10
38400.0
 20
71240.0
 10
37100.0
 20
71240.0
  0
TEXT
  5
8F2
330
17
100
AcDbEntity
  8
BOM
100
AcDbText
 10
37750.0
 20
71050.0
 30
0.0
 40
180.0
  1
L160×12
 72
1
 11
37750.0
 21
71050.0
 31
0.0
100
AcDbText
 73
2
  0
LWPOLYLINE
  5
8F3
330
17
100
AcDbEntity
  8
BOM
100
AcDbPolyline
 90
4
 70
1
 10
38400.0
 20
70860.0
 10
39900.0
 20
70860.0
 10
39900.0
 20
71240.0
 10
38400.0
 20
71240.0
  0
TEXT
  5
8F4
330
17
100
AcDbEntity
  8
BOM
100
AcDbText
 10
39150.0
 20
71050.0
 30
0.0
 40
180.0
  1
1261
 72
1
 11
39150.0
 21
71050.0
 31
0.0
100
AcDbText
 73
2
  0
LWPOLYLINE
  5
8F5
330
17
100
AcDbEntity
  8
BOM
100
AcDbPolyline
 90
4
 70
1
 10
39900.0
 20
70860.0
 10
40600.0
 20
70860.0
 10
40600.0
 20
71240.0
 10
39900.0
 20
71240.0
  0
TEXT
  5
8F6
330
17
100
AcDbEntity
  8
BOM
100
AcDbText
 10
40250.0
 20
71050.0
 30
0.0
 40
180.0
  1
1
 72
1
 11
40250.0
 21
71050.0
 31
0.0
100
AcDbText
 73
2
  0
LWPOLYLINE
  5
8F7
330
17
100
AcDbEntity
  8
BOM
100
AcDbPolyline
 90
4
 70
1
 10
40600.0
 20
70860.0
 10
41500.0
 20
70860.0
 10
41500.0
 20
71240.0
 10
40600.0
 20
71240.0
  0
TEXT
  5
8F8
330
17
100
AcDbEntity
  8
BOM
100
AcDbText
 10
41050.0
 20
71050.0
 30
0.0
 40
180.0
  1
LEG
 72
1
 11
41050.0
 21
71050.0
 31
0.0
100
AcDbText
 73
2
  0
LWPOLYLINE
  5
8F9
330
17
100
AcDbEntity
  8
BOM
100
AcDbPolyline
 90
4
 70
1
 10
36000.0
 20
70480.0
 10
37100.0
 20
70480.0
 10
37100.0
 20
70860.0
 10
36000.0
 20
70860.0
  0
TEXT
  5
8FA
330
17
100
AcDbEntity
  8
BOM
100
AcDbText
 10
36550.0
 20
70670.0
 30
0.0
 40
180.0
  1
M0032
 72
1
 11
36550.0
 21
70670.0
 31
0.0
100
AcDbText
 73
2
  0
LWPOLYLINE
  5
8FB
330
17
100
AcDbEntity
  8
BOM
100
AcDbPolyline
 90
4
 70
1
 10
37100.0
 20
70480.0
 10
38400.0
 20
70480.0
 10
38400.0
 20
70860.0
 10
37100.0
 20
70860.0
  0
TEXT
  5
8FC
330
17
100
AcDbEntity
  8
BOM
100
AcDbText
 10
37750.0
 20
70670.0
 30
0.0
 40
180.0
  1
L125×10
 72
1
 11
37750.0
 21
70670.0
 31
0.0
100
AcDbText
 73
2
  0
LWPOLYLINE
  5
8FD
330
17
100
AcDbEntity
  8
BOM
100
AcDbPolyline
 90
4
 70
1
 10
38400.0
 20
70480.0
 10
39900.0
 20
70480.0
 10
39900.0
 20
70860.0
 10
38400.0
 20
70860.0
  0
TEXT
  5
8FE
330
17
100
AcDbEntity
  8
BOM
100
AcDbText
 10
39150.0
 20
70670.0
 30
0.0
 40
180.0
  1
1261
 72
1
 11
39150.0
 21
70670.0
 31
0.0
100
AcDbText
 73
2
  0
LWPOLYLINE
  5
8FF
330
17
100
AcDbEntity
  8
BOM
100
AcDbPolyline
 90
4
 70
1
 10
39900.0
 20
70480.0
 10
40600.0
 20
70480.0
 10
40600.0
 20
70860.0
 10
39900.0
 20
70860.0
  0
TEXT
  5
900
330
17
100
AcDbEntity
  8
BOM
100
AcDbText
 10
40250.0
 20
70670.0
 30
0.0
 40
180.0
  1
1
 72
1
 11
40250.0
 21
70670.0
 31
0.0
100
AcDbText
 73
2
  0
LWPOLYLINE
  5
901
330
17
100
AcDbEntity
  8
BOM
100
AcDbPolyline
 90
4
 70
1
 10
40600.0
 20
70480.0
 10
41500.0
 20
70480.0
 10
41500.0
 20
70860.0
 10
40600.0
 20
70860.0
  0
TEXT
  5
902
330
17
100
AcDbEntity
  8
BOM
100
AcDbText
 10
41050.0
 20
70670.0
 30
0.0
 40
180.0
  1
LEG
 72
1
 11
41050.0
 21
70670.0
 31
0.0
100
AcDbText
 73
2
  0
LWPOLYLINE
  5
903
330
17
100
AcDbEntity
  8
BOM
100
AcDbPolyline
 90
4
 70
1
 10
36000.0
 20
70100.0
 10
37100.0
 20
70100.0
 10
37100.0
 20
70480.0
 10
36000.0
 20
70480.0
  0
TEXT
  5
904
330
17
100
AcDbEntity
  8
BOM
100
AcDbText
 10
36550.0
 20
70290.0
 30
0.0
 40
180.0
  1
M0033
 72
1
 11
36550.0
 21
70290.0
 31
0.0
100
AcDbText
 73
2
  0
LWPOLYLINE
  5
905
330
17
100
AcDbEntity
  8
BOM
100
AcDbPolyline
 90
4
 70
1
 10
37100.0
 20
70100.0
 10
38400.0
 20
70100.0
 10
38400.0
 20
70480.0
 10
37100.0
 20
70480.0
  0
TEXT
  5
906
330
17
100
AcDbEntity
  8
BOM
100
AcDbText
 10
37750.0
 20
70290.0
 30
0.0
 40
180.0
  1
L125×10
 72
1
 11
37750.0
 21
70290.0
 31
0.0
100
AcDbText
 73
2
  0
LWPOLYLINE
  5
907
330
17
100
AcDbEntity
  8
BOM
100
AcDbPolyline
 90
4
 70
1
 10
38400.0
 20
70100.0
 10
39900.0
 20
70100.0
 10
39900.0
 20
70480.0
 10
38400.0
 20
70480.0
  0
TEXT
  5
908
330
17
100
AcDbEntity
  8
BOM
100
AcDbText
 10
39150.0
 20
70290.0
 30
0.0
 40
180.0
  1
1261
 72
1
 11
39150.0
 21
70290.0
 31
0.0
100
AcDbText
 73
2
  0
LWPOLYLINE
  5
909
330
17
100
AcDbEntity
  8
BOM
100
AcDbPolyline
 90
4
 70
1
 10
39900.0
 20
70100.0
 10
40600.0
 20
70100.0
 10
40600.0
 20
70480.0
 10
39900.0
 20
70480.0
  0
TEXT
  5
90A
330
17
100
AcDbEntity
  8
BOM
100
AcDbText
 10
40250.0
 20
70290.0
 30
0.0
 40
180.0
  1
1
 72
1
 11
40250.0
 21
70290.0
 31
0.0
100
AcDbText
 73
2
  0
LWPOLYLINE
  5
90B
330
17
100
AcDbEntity
  8
BOM
100
AcDbPolyline
 90
4
 70
1
 10
40600.0
 20
70100.0
 10
41500.0
 20
70100.0
 10
41500.0
 20
70480.0
 10
40600.0
 20
70480.0
  0
TEXT
  5
90C
330
17
100
AcDbEntity
  8
BOM
100
AcDbText
 10
41050.0
 20
70290.0
 30
0.0
 40
180.0
  1
LEG
 72
1
 11
41050.0
 21
70290.0
 31
0.0
100
AcDbText
 73
2
  0
LWPOLYLINE
  5
90D
330
17
100
AcDbEntity
  8
BOM
100
AcDbPolyline
 90
4
 70
1
 10
36000.0
 20
69720.0
 10
37100.0
 20
69720.0
 10
37100.0
 20
70100.0
 10
36000.0
 20
70100.0
  0
TEXT
  5
90E
330
17
100
AcDbEntity
  8
BOM
100
AcDbText
 10
36550.0
 20
69910.0
 30
0.0
 40
180.0
  1
M0034
 72
1
 11
36550.0
 21
69910.0
 31
0.0
100
AcDbText
 73
2
  0
LWPOLYLINE
  5
90F
330
17
100
AcDbEntity
  8
BOM
100
AcDbPolyline
 90
4
 70
1
 10
37100.0
 20
69720.0
 10
38400.0
 20
69720.0
 10
38400.0
 20
70100.0
 10
37100.0
 20
70100.0
  0
TEXT
  5
910
330
17
100
AcDbEntity
  8
BOM
100
AcDbText
 10
37750.0
 20
69910.0
 30
0.0
 40
180.0
  1
L125×10
 72
1
 11
37750.0
 21
69910.0
 31
0.0
100
AcDbText
 73
2
  0
LWPOLYLINE
  5
911
330
17
100
AcDbEntity
  8
BOM
100
AcDbPolyline
 90
4
 70
1
 10
38400.0
 20
69720.0
 10
39900.0
 20
69720.0
 10
39900.0
 20
70100.0
 10
38400.0
 20
70100.0
  0
TEXT
  5
912
330
17
100
AcDbEntity
  8
BOM
100
AcDbText
 10
39150.0
 20
69910.0
 30
0.0
 40
180.0
  1
1261
 72
1
 11
39150.0
 21
69910.0
 31
0.0
100
AcDbText
 73
2
  0
LWPOLYLINE
  5
913
330
17
100
AcDbEntity
  8
BOM
100
AcDbPolyline
 90
4
 70
1
 10
39900.0
 20
69720.0
 10
40600.0
 20
69720.0
 10
40600.0
 20
70100.0
 10
39900.0
 20
70100.0
  0
TEXT
  5
914
330
17
100
AcDbEntity
  8
BOM
100
AcDbText
 10
40250.0
 20
69910.0
 30
0.0
 40
180.0
  1
1
 72
1
 11
40250.0
 21
69910.0
 31
0.0
100
AcDbText
 73
2
  0
LWPOLYLINE
  5
915
330
17
100
AcDbEntity
  8
BOM
100
AcDbPolyline
 90
4
 70
1
 10
40600.0
 20
69720.0
 10
41500.0
 20
69720.0
 10
41500.0
 20
70100.0
 10
40600.0
 20
70100.0
  0
TEXT
  5
916
330
17
100
AcDbEntity
  8
BOM
100
AcDbText
 10
41050.0
 20
69910.0
 30
0.0
 40
180.0
  1
LEG
 72
1
 11
41050.0
 21
69910.0
 31
0.0
100
AcDbText
 73
2
  0
LWPOLYLINE
  5
917
330
17
100
AcDbEntity
  8
BOM
100
AcDbPolyline
 90
4
 70
1
 10
36000.0
 20
69340.0
 10
37100.0
 20
69340.0
 10
37100.0
 20
69720.0
 10
36000.0
 20
69720.0
  0
TEXT
  5
918
330
17
100
AcDbEntity
  8
BOM
100
AcDbText
 10
36550.0
 20
69530.0
 30
0.0
 40
180.0
  1
M0035
 72
1
 11
36550.0
 21
69530.0
 31
0.0
100
AcDbText
 73
2
  0
LWPOLYLINE
  5
919
330
17
100
AcDbEntity
  8
BOM
100
AcDbPolyline
 90
4
 70
1
 10
37100.0
 20
69340.0
 10
38400.0
 20
69340.0
 10
38400.0
 20
69720.0
 10
37100.0
 20
69720.0
  0
TEXT
  5
91A
330
17
100
AcDbEntity
  8
BOM
100
AcDbText
 10
37750.0
 20
69530.0
 30
0.0
 40
180.0
  1
L125×10
 72
1
 11
37750.0
 21
69530.0
 31
0.0
100
AcDbText
 73
2
  0
LWPOLYLINE
  5
91B
330
17
100
AcDbEntity
  8
BOM
100
AcDbPolyline
 90
4
 70
1
 10
38400.0
 20
69340.0
 10
39900.0
 20
69340.0
 10
39900.0
 20
69720.0
 10
38400.0
 20
69720.0
  0
TEXT
  5
91C
330
17
100
AcDbEntity
  8
BOM
100
AcDbText
 10
39150.0
 20
69530.0
 30
0.0
 40
180.0
  1
1261
 72
1
 11
39150.0
 21
69530.0
 31
0.0
100
AcDbText
 73
2
  0
LWPOLYLINE
  5
91D
330
17
100
AcDbEntity
  8
BOM
100
AcDbPolyline
 90
4
 70
1
 10
39900.0
 20
69340.0
 10
40600.0
 20
69340.0
 10
40600.0
 20
69720.0
 10
39900.0
 20
69720.0
  0
TEXT
  5
91E
330
17
100
AcDbEntity
  8
BOM
100
AcDbText
 10
40250.0
 20
69530.0
 30
0.0
 40
180.0
  1
1
 72
1
 11
40250.0
 21
69530.0
 31
0.0
100
AcDbText
 73
2
  0
LWPOLYLINE
  5
91F
330
17
100
AcDbEntity
  8
BOM
100
AcDbPolyline
 90
4
 70
1
 10
40600.0
 20
69340.0
 10
41500.0
 20
69340.0
 10
41500.0
 20
69720.0
 10
40600.0
 20
69720.0
  0
TEXT
  5
920
330
17
100
AcDbEntity
  8
BOM
100
AcDbText
 10
41050.0
 20
69530.0
 30
0.0
 40
180.0
  1
LEG
 72
1
 11
41050.0
 21
69530.0
 31
0.0
100
AcDbText
 73
2
  0
LWPOLYLINE
  5
921
330
17
100
AcDbEntity
  8
BOM
100
AcDbPolyline
 90
4
 70
1
 10
36000.0
 20
68960.0
 10
37100.0
 20
68960.0
 10
37100.0
 20
69340.0
 10
36000.0
 20
69340.0
  0
TEXT
  5
922
330
17
100
AcDbEntity
  8
BOM
100
AcDbText
 10
36550.0
 20
69150.0
 30
0.0
 40
180.0
  1
M0036
 72
1
 11
36550.0
 21
69150.0
 31
0.0
100
AcDbText
 73
2
  0
LWPOLYLINE
  5
923
330
17
100
AcDbEntity
  8
BOM
100
AcDbPolyline
 90
4
 70
1
 10
37100.0
 20
68960.0
 10
38400.0
 20
68960.0
 10
38400.0
 20
69340.0
 10
37100.0
 20
69340.0
  0
TEXT
  5
924
330
17
100
AcDbEntity
  8
BOM
100
AcDbText
 10
37750.0
 20
69150.0
 30
0.0
 40
180.0
  1
L100×8
 72
1
 11
37750.0
 21
69150.0
 31
0.0
100
AcDbText
 73
2
  0
LWPOLYLINE
  5
925
330
17
100
AcDbEntity
  8
BOM
100
AcDbPolyline
 90
4
 70
1
 10
38400.0
 20
68960.0
 10
39900.0
 20
68960.0
 10
39900.0
 20
69340.0
 10
38400.0
 20
69340.0
  0
TEXT
  5
926
330
17
100
AcDbEntity
  8
BOM
100
AcDbText
 10
39150.0
 20
69150.0
 30
0.0
 40
180.0
  1
1261
 72
1
 11
39150.0
 21
69150.0
 31
0.0
100
AcDbText
 73
2
  0
LWPOLYLINE
  5
927
330
17
100
AcDbEntity
  8
BOM
100
AcDbPolyline
 90
4
 70
1
 10
39900.0
 20
68960.0
 10
40600.0
 20
68960.0
 10
40600.0
 20
69340.0
 10
39900.0
 20
69340.0
  0
TEXT
  5
928
330
17
100
AcDbEntity
  8
BOM
100
AcDbText
 10
40250.0
 20
69150.0
 30
0.0
 40
180.0
  1
1
 72
1
 11
40250.0
 21
69150.0
 31
0.0
100
AcDbText
 73
2
  0
LWPOLYLINE
  5
929
330
17
100
AcDbEntity
  8
BOM
100
AcDbPolyline
 90
4
 70
1
 10
40600.0
 20
68960.0
 10
41500.0
 20
68960.0
 10
41500.0
 20
69340.0
 10
40600.0
 20
69340.0
  0
TEXT
  5
92A
330
17
100
AcDbEntity
  8
BOM
100
AcDbText
 10
41050.0
 20
69150.0
 30
0.0
 40
180.0
  1
LEG
 72
1
 11
41050.0
 21
69150.0
 31
0.0
100
AcDbText
 73
2
  0
LWPOLYLINE
  5
92B
330
17
100
AcDbEntity
  8
BOM
100
AcDbPolyline
 90
4
 70
1
 10
36000.0
 20
68580.0
 10
37100.0
 20
68580.0
 10
37100.0
 20
68960.0
 10
36000.0
 20
68960.0
  0
TEXT
  5
92C
330
17
100
AcDbEntity
  8
BOM
100
AcDbText
 10
36550.0
 20
68770.0
 30
0.0
 40
180.0
  1
M0037
 72
1
 11
36550.0
 21
68770.0
 31
0.0
100
AcDbText
 73
2
  0
LWPOLYLINE
  5
92D
330
17
100
AcDbEntity
  8
BOM
100
AcDbPolyline
 90
4
 70
1
 10
37100.0
 20
68580.0
 10
38400.0
 20
68580.0
 10
38400.0
 20
68960.0
 10
37100.0
 20
68960.0
  0
TEXT
  5
92E
330
17
100
AcDbEntity
  8
BOM
100
AcDbText
 10
37750.0
 20
68770.0
 30
0.0
 40
180.0
  1
L100×8
 72
1
 11
37750.0
 21
68770.0
 31
0.0
100
AcDbText
 73
2
  0
LWPOLYLINE
  5
92F
330
17
100
AcDbEntity
  8
BOM
100
AcDbPolyline
 90
4
 70
1
 10
38400.0
 20
68580.0
 10
39900.0
 20
68580.0
 10
39900.0
 20
68960.0
 10
38400.0
 20
68960.0
  0
TEXT
  5
930
330
17
100
AcDbEntity
  8
BOM
100
AcDbText
 10
39150.0
 20
68770.0
 30
0.0
 40
180.0
  1
1261
 72
1
 11
39150.0
 21
68770.0
 31
0.0
100
AcDbText
 73
2
  0
LWPOLYLINE
  5
931
330
17
100
AcDbEntity
  8
BOM
100
AcDbPolyline
 90
4
 70
1
 10
39900.0
 20
68580.0
 10
40600.0
 20
68580.0
 10
40600.0
 20
68960.0
 10
39900.0
 20
68960.0
  0
TEXT
  5
932
330
17
100
AcDbEntity
  8
BOM
100
AcDbText
 10
40250.0
 20
68770.0
 30
0.0
 40
180.0
  1
1
 72
1
 11
40250.0
 21
68770.0
 31
0.0
100
AcDbText
 73
2
  0
LWPOLYLINE
  5
933
330
17
100
AcDbEntity
  8
BOM
100
AcDbPolyline
 90
4
 70
1
 10
40600.0
 20
68580.0
 10
41500.0
 20
68580.0
 10
41500.0
 20
68960.0
 10
40600.0
 20
68960.0
  0
TEXT
  5
934
330
17
100
AcDbEntity
  8
BOM
100
AcDbText
 10
41050.0
 20
68770.0
 30
0.0
 40
180.0
  1
LEG
 72
1
 11
41050.0
 21
68770.0
 31
0.0
100
AcDbText
 73
2
  0
LWPOLYLINE
  5
935
330
17
100
AcDbEntity
  8
BOM
100
AcDbPolyline
 90
4
 70
1
 10
36000.0
 20
68200.0
 10
37100.0
 20
68200.0
 10
37100.0
 20
68580.0
 10
36000.0
 20
68580.0
  0
TEXT
  5
936
330
17
100
AcDbEntity
  8
BOM
100
AcDbText
 10
36550.0
 20
68390.0
 30
0.0
 40
180.0
  1
M0038
 72
1
 11
36550.0
 21
68390.0
 31
0.0
100
AcDbText
 73
2
  0
LWPOLYLINE
  5
937
330
17
100
AcDbEntity
  8
BOM
100
AcDbPolyline
 90
4
 70
1
 10
37100.0
 20
68200.0
 10
38400.0
 20
68200.0
 10
38400.0
 20
68580.0
 10
37100.0
 20
68580.0
  0
TEXT
  5
938
330
17
100
AcDbEntity
  8
BOM
100
AcDbText
 10
37750.0
 20
68390.0
 30
0.0
 40
180.0
  1
L100×8
 72
1
 11
37750.0
 21
68390.0
 31
0.0
100
AcDbText
 73
2
  0
LWPOLYLINE
  5
939
330
17
100
AcDbEntity
  8
BOM
100
AcDbPolyline
 90
4
 70
1
 10
38400.0
 20
68200.0
 10
39900.0
 20
68200.0
 10
39900.0
 20
68580.0
 10
38400.0
 20
68580.0
  0
TEXT
  5
93A
330
17
100
AcDbEntity
  8
BOM
100
AcDbText
 10
39150.0
 20
68390.0
 30
0.0
 40
180.0
  1
1261
 72
1
 11
39150.0
 21
68390.0
 31
0.0
100
AcDbText
 73
2
  0
LWPOLYLINE
  5
93B
330
17
100
AcDbEntity
  8
BOM
100
AcDbPolyline
 90
4
 70
1
 10
39900.0
 20
68200.0
 10
40600.0
 20
68200.0
 10
40600.0
 20
68580.0
 10
39900.0
 20
68580.0
  0
TEXT
  5
93C
330
17
100
AcDbEntity
  8
BOM
100
AcDbText
 10
40250.0
 20
68390.0
 30
0.0
 40
180.0
  1
1
 72
1
 11
40250.0
 21
68390.0
 31
0.0
100
AcDbText
 73
2
  0
LWPOLYLINE
  5
93D
330
17
100
AcDbEntity
  8
BOM
100
AcDbPolyline
 90
4
 70
1
 10
40600.0
 20
68200.0
 10
41500.0
 20
68200.0
 10
41500.0
 20
68580.0
 10
40600.0
 20
68580.0
  0
TEXT
  5
93E
330
17
100
AcDbEntity
  8
BOM
100
AcDbText
 10
41050.0
 20
68390.0
 30
0.0
 40
180.0
  1
LEG
 72
1
 11
41050.0
 21
68390.0
 31
0.0
100
AcDbText
 73
2
  0
LWPOLYLINE
  5
93F
330
17
100
AcDbEntity
  8
BOM
100
AcDbPolyline
 90
4
 70
1
 10
36000.0
 20
67820.0
 10
37100.0
 20
67820.0
 10
37100.0
 20
68200.0
 10
36000.0
 20
68200.0
  0
TEXT
  5
940
330
17
100
AcDbEntity
  8
BOM
100
AcDbText
 10
36550.0
 20
68010.0
 30
0.0
 40
180.0
  1
M0039
 72
1
 11
36550.0
 21
68010.0
 31
0.0
100
AcDbText
 73
2
  0
LWPOLYLINE
  5
941
330
17
100
AcDbEntity
  8
BOM
100
AcDbPolyline
 90
4
 70
1
 10
37100.0
 20
67820.0
 10
38400.0
 20
67820.0
 10
38400.0
 20
68200.0
 10
37100.0
 20
68200.0
  0
TEXT
  5
942
330
17
100
AcDbEntity
  8
BOM
100
AcDbText
 10
37750.0
 20
68010.0
 30
0.0
 40
180.0
  1
L100×8
 72
1
 11
37750.0
 21
68010.0
 31
0.0
100
AcDbText
 73
2
  0
LWPOLYLINE
  5
943
330
17
100
AcDbEntity
  8
BOM
100
AcDbPolyline
 90
4
 70
1
 10
38400.0
 20
67820.0
 10
39900.0
 20
67820.0
 10
39900.0
 20
68200.0
 10
38400.0
 20
68200.0
  0
TEXT
  5
944
330
17
100
AcDbEntity
  8
BOM
100
AcDbText
 10
39150.0
 20
68010.0
 30
0.0
 40
180.0
  1
1261
 72
1
 11
39150.0
 21
68010.0
 31
0.0
100
AcDbText
 73
2
  0
LWPOLYLINE
  5
945
330
17
100
AcDbEntity
  8
BOM
100
AcDbPolyline
 90
4
 70
1
 10
39900.0
 20
67820.0
 10
40600.0
 20
67820.0
 10
40600.0
 20
68200.0
 10
39900.0
 20
68200.0
  0
TEXT
  5
946
330
17
100
AcDbEntity
  8
BOM
100
AcDbText
 10
40250.0
 20
68010.0
 30
0.0
 40
180.0
  1
1
 72
1
 11
40250.0
 21
68010.0
 31
0.0
100
AcDbText
 73
2
  0
LWPOLYLINE
  5
947
330
17
100
AcDbEntity
  8
BOM
100
AcDbPolyline
 90
4
 70
1
 10
40600.0
 20
67820.0
 10
41500.0
 20
67820.0
 10
41500.0
 20
68200.0
 10
40600.0
 20
68200.0
  0
TEXT
  5
948
330
17
100
AcDbEntity
  8
BOM
100
AcDbText
 10
41050.0
 20
68010.0
 30
0.0
 40
180.0
  1
LEG
 72
1
 11
41050.0
 21
68010.0
 31
0.0
100
AcDbText
 73
2
  0
LWPOLYLINE
  5
949
330
17
100
AcDbEntity
  8
BOM
100
AcDbPolyline
 90
4
 70
1
 10
36000.0
 20
67440.0
 10
37100.0
 20
67440.0
 10
37100.0
 20
67820.0
 10
36000.0
 20
67820.0
  0
TEXT
  5
94A
330
17
100
AcDbEntity
  8
BOM
100
AcDbText
 10
36550.0
 20
67630.0
 30
0.0
 40
180.0
  1
M0040
 72
1
 11
36550.0
 21
67630.0
 31
0.0
100
AcDbText
 73
2
  0
LWPOLYLINE
  5
94B
330
17
100
AcDbEntity
  8
BOM
100
AcDbPolyline
 90
4
 70
1
 10
37100.0
 20
67440.0
 10
38400.0
 20
67440.0
 10
38400.0
 20
67820.0
 10
37100.0
 20
67820.0
  0
TEXT
  5
94C
330
17
100
AcDbEntity
  8
BOM
100
AcDbText
 10
37750.0
 20
67630.0
 30
0.0
 40
180.0
  1
L160×12
 72
1
 11
37750.0
 21
67630.0
 31
0.0
100
AcDbText
 73
2
  0
LWPOLYLINE
  5
94D
330
17
100
AcDbEntity
  8
BOM
100
AcDbPolyline
 90
4
 70
1
 10
38400.0
 20
67440.0
 10
39900.0
 20
67440.0
 10
39900.0
 20
67820.0
 10
38400.0
 20
67820.0
  0
TEXT
  5
94E
330
17
100
AcDbEntity
  8
BOM
100
AcDbText
 10
39150.0
 20
67630.0
 30
0.0
 40
180.0
  1
1261
 72
1
 11
39150.0
 21
67630.0
 31
0.0
100
AcDbText
 73
2
  0
LWPOLYLINE
  5
94F
330
17
100
AcDbEntity
  8
BOM
100
AcDbPolyline
 90
4
 70
1
 10
39900.0
 20
67440.0
 10
40600.0
 20
67440.0
 10
40600.0
 20
67820.0
 10
39900.0
 20
67820.0
  0
TEXT
  5
950
330
17
100
AcDbEntity
  8
BOM
100
AcDbText
 10
40250.0
 20
67630.0
 30
0.0
 40
180.0
  1
1
 72
1
 11
40250.0
 21
67630.0
 31
0.0
100
AcDbText
 73
2
  0
LWPOLYLINE
  5
951
330
17
100
AcDbEntity
  8
BOM
100
AcDbPolyline
 90
4
 70
1
 10
40600.0
 20
67440.0
 10
41500.0
 20
67440.0
 10
41500.0
 20
67820.0
 10
40600.0
 20
67820.0
  0
TEXT
  5
952
330
17
100
AcDbEntity
  8
BOM
100
AcDbText
 10
41050.0
 20
67630.0
 30
0.0
 40
180.0
  1
LEG
 72
1
 11
41050.0
 21
67630.0
 31
0.0
100
AcDbText
 73
2
  0
LWPOLYLINE
  5
953
330
17
100
AcDbEntity
  8
BOM
100
AcDbPolyline
 90
4
 70
1
 10
36000.0
 20
67060.0
 10
37100.0
 20
67060.0
 10
37100.0
 20
67440.0
 10
36000.0
 20
67440.0
  0
TEXT
  5
954
330
17
100
AcDbEntity
  8
BOM
100
AcDbText
 10
36550.0
 20
67250.0
 30
0.0
 40
180.0
  1
M0041
 72
1
 11
36550.0
 21
67250.0
 31
0.0
100
AcDbText
 73
2
  0
LWPOLYLINE
  5
955
330
17
100
AcDbEntity
  8
BOM
100
AcDbPolyline
 90
4
 70
1
 10
37100.0
 20
67060.0
 10
38400.0
 20
67060.0
 10
38400.0
 20
67440.0
 10
37100.0
 20
67440.0
  0
TEXT
  5
956
330
17
100
AcDbEntity
  8
BOM
100
AcDbText
 10
37750.0
 20
67250.0
 30
0.0
 40
180.0
  1
L160×12
 72
1
 11
37750.0
 21
67250.0
 31
0.0
100
AcDbText
 73
2
  0
LWPOLYLINE
  5
957
330
17
100
AcDbEntity
  8
BOM
100
AcDbPolyline
 90
4
 70
1
 10
38400.0
 20
67060.0
 10
39900.0
 20
67060.0
 10
39900.0
 20
67440.0
 10
38400.0
 20
67440.0
  0
TEXT
  5
958
330
17
100
AcDbEntity
  8
BOM
100
AcDbText
 10
39150.0
 20
67250.0
 30
0.0
 40
180.0
  1
1261
 72
1
 11
39150.0
 21
67250.0
 31
0.0
100
AcDbText
 73
2
  0
LWPOLYLINE
  5
959
330
17
100
AcDbEntity
  8
BOM
100
AcDbPolyline
 90
4
 70
1
 10
39900.0
 20
67060.0
 10
40600.0
 20
67060.0
 10
40600.0
 20
67440.0
 10
39900.0
 20
67440.0
  0
TEXT
  5
95A
330
17
100
AcDbEntity
  8
BOM
100
AcDbText
 10
40250.0
 20
67250.0
 30
0.0
 40
180.0
  1
1
 72
1
 11
40250.0
 21
67250.0
 31
0.0
100
AcDbText
 73
2
  0
LWPOLYLINE
  5
95B
330
17
100
AcDbEntity
  8
BOM
100
AcDbPolyline
 90
4
 70
1
 10
40600.0
 20
67060.0
 10
41500.0
 20
67060.0
 10
41500.0
 20
67440.0
 10
40600.0
 20
67440.0
  0
TEXT
  5
95C
330
17
100
AcDbEntity
  8
BOM
100
AcDbText
 10
41050.0
 20
67250.0
 30
0.0
 40
180.0
  1
LEG
 72
1
 11
41050.0
 21
67250.0
 31
0.0
100
AcDbText
 73
2
  0
LWPOLYLINE
  5
95D
330
17
100
AcDbEntity
  8
BOM
100
AcDbPolyline
 90
4
 70
1
 10
36000.0
 20
66680.0
 10
37100.0
 20
66680.0
 10
37100.0
 20
67060.0
 10
36000.0
 20
67060.0
  0
TEXT
  5
95E
330
17
100
AcDbEntity
  8
BOM
100
AcDbText
 10
36550.0
 20
66870.0
 30
0.0
 40
180.0
  1
M0042
 72
1
 11
36550.0
 21
66870.0
 31
0.0
100
AcDbText
 73
2
  0
LWPOLYLINE
  5
95F
330
17
100
AcDbEntity
  8
BOM
100
AcDbPolyline
 90
4
 70
1
 10
37100.0
 20
66680.0
 10
38400.0
 20
66680.0
 10
38400.0
 20
67060.0
 10
37100.0
 20
67060.0
  0
TEXT
  5
960
330
17
100
AcDbEntity
  8
BOM
100
AcDbText
 10
37750.0
 20
66870.0
 30
0.0
 40
180.0
  1
L160×12
 72
1
 11
37750.0
 21
66870.0
 31
0.0
100
AcDbText
 73
2
  0
LWPOLYLINE
  5
961
330
17
100
AcDbEntity
  8
BOM
100
AcDbPolyline
 90
4
 70
1
 10
38400.0
 20
66680.0
 10
39900.0
 20
66680.0
 10
39900.0
 20
67060.0
 10
38400.0
 20
67060.0
  0
TEXT
  5
962
330
17
100
AcDbEntity
  8
BOM
100
AcDbText
 10
39150.0
 20
66870.0
 30
0.0
 40
180.0
  1
1261
 72
1
 11
39150.0
 21
66870.0
 31
0.0
100
AcDbText
 73
2
  0
LWPOLYLINE
  5
963
330
17
100
AcDbEntity
  8
BOM
100
AcDbPolyline
 90
4
 70
1
 10
39900.0
 20
66680.0
 10
40600.0
 20
66680.0
 10
40600.0
 20
67060.0
 10
39900.0
 20
67060.0
  0
TEXT
  5
964
330
17
100
AcDbEntity
  8
BOM
100
AcDbText
 10
40250.0
 20
66870.0
 30
0.0
 40
180.0
  1
1
 72
1
 11
40250.0
 21
66870.0
 31
0.0
100
AcDbText
 73
2
  0
LWPOLYLINE
  5
965
330
17
100
AcDbEntity
  8
BOM
100
AcDbPolyline
 90
4
 70
1
 10
40600.0
 20
66680.0
 10
41500.0
 20
66680.0
 10
41500.0
 20
67060.0
 10
40600.0
 20
67060.0
  0
TEXT
  5
966
330
17
100
AcDbEntity
  8
BOM
100
AcDbText
 10
41050.0
 20
66870.0
 30
0.0
 40
180.0
  1
LEG
 72
1
 11
41050.0
 21
66870.0
 31
0.0
100
AcDbText
 73
2
  0
LWPOLYLINE
  5
967
330
17
100
AcDbEntity
  8
BOM
100
AcDbPolyline
 90
4
 70
1
 10
36000.0
 20
66300.0
 10
37100.0
 20
66300.0
 10
37100.0
 20
66680.0
 10
36000.0
 20
66680.0
  0
TEXT
  5
968
330
17
100
AcDbEntity
  8
BOM
100
AcDbText
 10
36550.0
 20
66490.0
 30
0.0
 40
180.0
  1
M0043
 72
1
 11
36550.0
 21
66490.0
 31
0.0
100
AcDbText
 73
2
  0
LWPOLYLINE
  5
969
330
17
100
AcDbEntity
  8
BOM
100
AcDbPolyline
 90
4
 70
1
 10
37100.0
 20
66300.0
 10
38400.0
 20
66300.0
 10
38400.0
 20
66680.0
 10
37100.0
 20
66680.0
  0
TEXT
  5
96A
330
17
100
AcDbEntity
  8
BOM
100
AcDbText
 10
37750.0
 20
66490.0
 30
0.0
 40
180.0
  1
L160×12
 72
1
 11
37750.0
 21
66490.0
 31
0.0
100
AcDbText
 73
2
  0
LWPOLYLINE
  5
96B
330
17
100
AcDbEntity
  8
BOM
100
AcDbPolyline
 90
4
 70
1
 10
38400.0
 20
66300.0
 10
39900.0
 20
66300.0
 10
39900.0
 20
66680.0
 10
38400.0
 20
66680.0
  0
TEXT
  5
96C
330
17
100
AcDbEntity
  8
BOM
100
AcDbText
 10
39150.0
 20
66490.0
 30
0.0
 40
180.0
  1
1261
 72
1
 11
39150.0
 21
66490.0
 31
0.0
100
AcDbText
 73
2
  0
LWPOLYLINE
  5
96D
330
17
100
AcDbEntity
  8
BOM
100
AcDbPolyline
 90
4
 70
1
 10
39900.0
 20
66300.0
 10
40600.0
 20
66300.0
 10
40600.0
 20
66680.0
 10
39900.0
 20
66680.0
  0
TEXT
  5
96E
330
17
100
AcDbEntity
  8
BOM
100
AcDbText
 10
40250.0
 20
66490.0
 30
0.0
 40
180.0
  1
1
 72
1
 11
40250.0
 21
66490.0
 31
0.0
100
AcDbText
 73
2
  0
LWPOLYLINE
  5
96F
330
17
100
AcDbEntity
  8
BOM
100
AcDbPolyline
 90
4
 70
1
 10
40600.0
 20
66300.0
 10
41500.0
 20
66300.0
 10
41500.0
 20
66680.0
 10
40600.0
 20
66680.0
  0
TEXT
  5
970
330
17
100
AcDbEntity
  8
BOM
100
AcDbText
 10
41050.0
 20
66490.0
 30
0.0
 40
180.0
  1
LEG
 72
1
 11
41050.0
 21
66490.0
 31
0.0
100
AcDbText
 73
2
  0
LWPOLYLINE
  5
971
330
17
100
AcDbEntity
  8
BOM
100
AcDbPolyline
 90
4
 70
1
 10
36000.0
 20
65920.0
 10
37100.0
 20
65920.0
 10
37100.0
 20
66300.0
 10
36000.0
 20
66300.0
  0
TEXT
  5
972
330
17
100
AcDbEntity
  8
BOM
100
AcDbText
 10
36550.0
 20
66110.0
 30
0.0
 40
180.0
  1
M0044
 72
1
 11
36550.0
 21
66110.0
 31
0.0
100
AcDbText
 73
2
  0
LWPOLYLINE
  5
973
330
17
100
AcDbEntity
  8
BOM
100
AcDbPolyline
 90
4
 70
1
 10
37100.0
 20
65920.0
 10
38400.0
 20
65920.0
 10
38400.0
 20
66300.0
 10
37100.0
 20
66300.0
  0
TEXT
  5
974
330
17
100
AcDbEntity
  8
BOM
100
AcDbText
 10
37750.0
 20
66110.0
 30
0.0
 40
180.0
  1
L160×12
 72
1
 11
37750.0
 21
66110.0
 31
0.0
100
AcDbText
 73
2
  0
LWPOLYLINE
  5
975
330
17
100
AcDbEntity
  8
BOM
100
AcDbPolyline
 90
4
 70
1
 10
38400.0
 20
65920.0
 10
39900.0
 20
65920.0
 10
39900.0
 20
66300.0
 10
38400.0
 20
66300.0
  0
TEXT
  5
976
330
17
100
AcDbEntity
  8
BOM
100
AcDbText
 10
39150.0
 20
66110.0
 30
0.0
 40
180.0
  1
1261
 72
1
 11
39150.0
 21
66110.0
 31
0.0
100
AcDbText
 73
2
  0
LWPOLYLINE
  5
977
330
17
100
AcDbEntity
  8
BOM
100
AcDbPolyline
 90
4
 70
1
 10
39900.0
 20
65920.0
 10
40600.0
 20
65920.0
 10
40600.0
 20
66300.0
 10
39900.0
 20
66300.0
  0
TEXT
  5
978
330
17
100
AcDbEntity
  8
BOM
100
AcDbText
 10
40250.0
 20
66110.0
 30
0.0
 40
180.0
  1
1
 72
1
 11
40250.0
 21
66110.0
 31
0.0
100
AcDbText
 73
2
  0
LWPOLYLINE
  5
979
330
17
100
AcDbEntity
  8
BOM
100
AcDbPolyline
 90
4
 70
1
 10
40600.0
 20
65920.0
 10
41500.0
 20
65920.0
 10
41500.0
 20
66300.0
 10
40600.0
 20
66300.0
  0
TEXT
  5
97A
330
17
100
AcDbEntity
  8
BOM
100
AcDbText
 10
41050.0
 20
66110.0
 30
0.0
 40
180.0
  1
LEG
 72
1
 11
41050.0
 21
66110.0
 31
0.0
100
AcDbText
 73
2
  0
LWPOLYLINE
  5
97B
330
17
100
AcDbEntity
  8
BOM
100
AcDbPolyline
 90
4
 70
1
 10
36000.0
 20
65540.0
 10
37100.0
 20
65540.0
 10
37100.0
 20
65920.0
 10
36000.0
 20
65920.0
  0
TEXT
  5
97C
330
17
100
AcDbEntity
  8
BOM
100
AcDbText
 10
36550.0
 20
65730.0
 30
0.0
 40
180.0
  1
M0045
 72
1
 11
36550.0
 21
65730.0
 31
0.0
100
AcDbText
 73
2
  0
LWPOLYLINE
  5
97D
330
17
100
AcDbEntity
  8
BOM
100
AcDbPolyline
 90
4
 70
1
 10
37100.0
 20
65540.0
 10
38400.0
 20
65540.0
 10
38400.0
 20
65920.0
 10
37100.0
 20
65920.0
  0
TEXT
  5
97E
330
17
100
AcDbEntity
  8
BOM
100
AcDbText
 10
37750.0
 20
65730.0
 30
0.0
 40
180.0
  1
L125×10
 72
1
 11
37750.0
 21
65730.0
 31
0.0
100
AcDbText
 73
2
  0
LWPOLYLINE
  5
97F
330
17
100
AcDbEntity
  8
BOM
100
AcDbPolyline
 90
4
 70
1
 10
38400.0
 20
65540.0
 10
39900.0
 20
65540.0
 10
39900.0
 20
65920.0
 10
38400.0
 20
65920.0
  0
TEXT
  5
980
330
17
100
AcDbEntity
  8
BOM
100
AcDbText
 10
39150.0
 20
65730.0
 30
0.0
 40
180.0
  1
1261
 72
1
 11
39150.0
 21
65730.0
 31
0.0
100
AcDbText
 73
2
  0
LWPOLYLINE
  5
981
330
17
100
AcDbEntity
  8
BOM
100
AcDbPolyline
 90
4
 70
1
 10
39900.0
 20
65540.0
 10
40600.0
 20
65540.0
 10
40600.0
 20
65920.0
 10
39900.0
 20
65920.0
  0
TEXT
  5
982
330
17
100
AcDbEntity
  8
BOM
100
AcDbText
 10
40250.0
 20
65730.0
 30
0.0
 40
180.0
  1
1
 72
1
 11
40250.0
 21
65730.0
 31
0.0
100
AcDbText
 73
2
  0
LWPOLYLINE
  5
983
330
17
100
AcDbEntity
  8
BOM
100
AcDbPolyline
 90
4
 70
1
 10
40600.0
 20
65540.0
 10
41500.0
 20
65540.0
 10
41500.0
 20
65920.0
 10
40600.0
 20
65920.0
  0
TEXT
  5
984
330
17
100
AcDbEntity
  8
BOM
100
AcDbText
 10
41050.0
 20
65730.0
 30
0.0
 40
180.0
  1
LEG
 72
1
 11
41050.0
 21
65730.0
 31
0.0
100
AcDbText
 73
2
  0
LWPOLYLINE
  5
985
330
17
100
AcDbEntity
  8
BOM
100
AcDbPolyline
 90
4
 70
1
 10
36000.0
 20
65160.0
 10
37100.0
 20
65160.0
 10
37100.0
 20
65540.0
 10
36000.0
 20
65540.0
  0
TEXT
  5
986
330
17
100
AcDbEntity
  8
BOM
100
AcDbText
 10
36550.0
 20
65350.0
 30
0.0
 40
180.0
  1
M0046
 72
1
 11
36550.0
 21
65350.0
 31
0.0
100
AcDbText
 73
2
  0
LWPOLYLINE
  5
987
330
17
100
AcDbEntity
  8
BOM
100
AcDbPolyline
 90
4
 70
1
 10
37100.0
 20
65160.0
 10
38400.0
 20
65160.0
 10
38400.0
 20
65540.0
 10
37100.0
 20
65540.0
  0
TEXT
  5
988
330
17
100
AcDbEntity
  8
BOM
100
AcDbText
 10
37750.0
 20
65350.0
 30
0.0
 40
180.0
  1
L125×10
 72
1
 11
37750.0
 21
65350.0
 31
0.0
100
AcDbText
 73
2
  0
LWPOLYLINE
  5
989
330
17
100
AcDbEntity
  8
BOM
100
AcDbPolyline
 90
4
 70
1
 10
38400.0
 20
65160.0
 10
39900.0
 20
65160.0
 10
39900.0
 20
65540.0
 10
38400.0
 20
65540.0
  0
TEXT
  5
98A
330
17
100
AcDbEntity
  8
BOM
100
AcDbText
 10
39150.0
 20
65350.0
 30
0.0
 40
180.0
  1
1261
 72
1
 11
39150.0
 21
65350.0
 31
0.0
100
AcDbText
 73
2
  0
LWPOLYLINE
  5
98B
330
17
100
AcDbEntity
  8
BOM
100
AcDbPolyline
 90
4
 70
1
 10
39900.0
 20
65160.0
 10
40600.0
 20
65160.0
 10
40600.0
 20
65540.0
 10
39900.0
 20
65540.0
  0
TEXT
  5
98C
330
17
100
AcDbEntity
  8
BOM
100
AcDbText
 10
40250.0
 20
65350.0
 30
0.0
 40
180.0
  1
1
 72
1
 11
40250.0
 21
65350.0
 31
0.0
100
AcDbText
 73
2
  0
LWPOLYLINE
  5
98D
330
17
100
AcDbEntity
  8
BOM
100
AcDbPolyline
 90
4
 70
1
 10
40600.0
 20
65160.0
 10
41500.0
 20
65160.0
 10
41500.0
 20
65540.0
 10
40600.0
 20
65540.0
  0
TEXT
  5
98E
330
17
100
AcDbEntity
  8
BOM
100
AcDbText
 10
41050.0
 20
65350.0
 30
0.0
 40
180.0
  1
LEG
 72
1
 11
41050.0
 21
65350.0
 31
0.0
100
AcDbText
 73
2
  0
LWPOLYLINE
  5
98F
330
17
100
AcDbEntity
  8
BOM
100
AcDbPolyline
 90
4
 70
1
 10
36000.0
 20
64780.0
 10
37100.0
 20
64780.0
 10
37100.0
 20
65160.0
 10
36000.0
 20
65160.0
  0
TEXT
  5
990
330
17
100
AcDbEntity
  8
BOM
100
AcDbText
 10
36550.0
 20
64970.0
 30
0.0
 40
180.0
  1
M0047
 72
1
 11
36550.0
 21
64970.0
 31
0.0
100
AcDbText
 73
2
  0
LWPOLYLINE
  5
991
330
17
100
AcDbEntity
  8
BOM
100
AcDbPolyline
 90
4
 70
1
 10
37100.0
 20
64780.0
 10
38400.0
 20
64780.0
 10
38400.0
 20
65160.0
 10
37100.0
 20
65160.0
  0
TEXT
  5
992
330
17
100
AcDbEntity
  8
BOM
100
AcDbText
 10
37750.0
 20
64970.0
 30
0.0
 40
180.0
  1
L125×10
 72
1
 11
37750.0
 21
64970.0
 31
0.0
100
AcDbText
 73
2
  0
LWPOLYLINE
  5
993
330
17
100
AcDbEntity
  8
BOM
100
AcDbPolyline
 90
4
 70
1
 10
38400.0
 20
64780.0
 10
39900.0
 20
64780.0
 10
39900.0
 20
65160.0
 10
38400.0
 20
65160.0
  0
TEXT
  5
994
330
17
100
AcDbEntity
  8
BOM
100
AcDbText
 10
39150.0
 20
64970.0
 30
0.0
 40
180.0
  1
1261
 72
1
 11
39150.0
 21
64970.0
 31
0.0
100
AcDbText
 73
2
  0
LWPOLYLINE
  5
995
330
17
100
AcDbEntity
  8
BOM
100
AcDbPolyline
 90
4
 70
1
 10
39900.0
 20
64780.0
 10
40600.0
 20
64780.0
 10
40600.0
 20
65160.0
 10
39900.0
 20
65160.0
  0
TEXT
  5
996
330
17
100
AcDbEntity
  8
BOM
100
AcDbText
 10
40250.0
 20
64970.0
 30
0.0
 40
180.0
  1
1
 72
1
 11
40250.0
 21
64970.0
 31
0.0
100
AcDbText
 73
2
  0
LWPOLYLINE
  5
997
330
17
100
AcDbEntity
  8
BOM
100
AcDbPolyline
 90
4
 70
1
 10
40600.0
 20
64780.0
 10
41500.0
 20
64780.0
 10
41500.0
 20
65160.0
 10
40600.0
 20
65160.0
  0
TEXT
  5
998
330
17
100
AcDbEntity
  8
BOM
100
AcDbText
 10
41050.0
 20
64970.0
 30
0.0
 40
180.0
  1
LEG
 72
1
 11
41050.0
 21
64970.0
 31
0.0
100
AcDbText
 73
2
  0
LWPOLYLINE
  5
999
330
17
100
AcDbEntity
  8
BOM
100
AcDbPolyline
 90
4
 70
1
 10
36000.0
 20
64400.0
 10
37100.0
 20
64400.0
 10
37100.0
 20
64780.0
 10
36000.0
 20
64780.0
  0
TEXT
  5
99A
330
17
100
AcDbEntity
  8
BOM
100
AcDbText
 10
36550.0
 20
64590.0
 30
0.0
 40
180.0
  1
M0048
 72
1
 11
36550.0
 21
64590.0
 31
0.0
100
AcDbText
 73
2
  0
LWPOLYLINE
  5
99B
330
17
100
AcDbEntity
  8
BOM
100
AcDbPolyline
 90
4
 70
1
 10
37100.0
 20
64400.0
 10
38400.0
 20
64400.0
 10
38400.0
 20
64780.0
 10
37100.0
 20
64780.0
  0
TEXT
  5
99C
330
17
100
AcDbEntity
  8
BOM
100
AcDbText
 10
37750.0
 20
64590.0
 30
0.0
 40
180.0
  1
L125×10
 72
1
 11
37750.0
 21
64590.0
 31
0.0
100
AcDbText
 73
2
  0
LWPOLYLINE
  5
99D
330
17
100
AcDbEntity
  8
BOM
100
AcDbPolyline
 90
4
 70
1
 10
38400.0
 20
64400.0
 10
39900.0
 20
64400.0
 10
39900.0
 20
64780.0
 10
38400.0
 20
64780.0
  0
TEXT
  5
99E
330
17
100
AcDbEntity
  8
BOM
100
AcDbText
 10
39150.0
 20
64590.0
 30
0.0
 40
180.0
  1
1261
 72
1
 11
39150.0
 21
64590.0
 31
0.0
100
AcDbText
 73
2
  0
LWPOLYLINE
  5
99F
330
17
100
AcDbEntity
  8
BOM
100
AcDbPolyline
 90
4
 70
1
 10
39900.0
 20
64400.0
 10
40600.0
 20
64400.0
 10
40600.0
 20
64780.0
 10
39900.0
 20
64780.0
  0
TEXT
  5
9A0
330
17
100
AcDbEntity
  8
BOM
100
AcDbText
 10
40250.0
 20
64590.0
 30
0.0
 40
180.0
  1
1
 72
1
 11
40250.0
 21
64590.0
 31
0.0
100
AcDbText
 73
2
  0
LWPOLYLINE
  5
9A1
330
17
100
AcDbEntity
  8
BOM
100
AcDbPolyline
 90
4
 70
1
 10
40600.0
 20
64400.0
 10
41500.0
 20
64400.0
 10
41500.0
 20
64780.0
 10
40600.0
 20
64780.0
  0
TEXT
  5
9A2
330
17
100
AcDbEntity
  8
BOM
100
AcDbText
 10
41050.0
 20
64590.0
 30
0.0
 40
180.0
  1
LEG
 72
1
 11
41050.0
 21
64590.0
 31
0.0
100
AcDbText
 73
2
  0
LWPOLYLINE
  5
9A3
330
17
100
AcDbEntity
  8
BOM
100
AcDbPolyline
 90
4
 70
1
 10
36000.0
 20
64020.0
 10
37100.0
 20
64020.0
 10
37100.0
 20
64400.0
 10
36000.0
 20
64400.0
  0
TEXT
  5
9A4
330
17
100
AcDbEntity
  8
BOM
100
AcDbText
 10
36550.0
 20
64210.0
 30
0.0
 40
180.0
  1
M0049
 72
1
 11
36550.0
 21
64210.0
 31
0.0
100
AcDbText
 73
2
  0
LWPOLYLINE
  5
9A5
330
17
100
AcDbEntity
  8
BOM
100
AcDbPolyline
 90
4
 70
1
 10
37100.0
 20
64020.0
 10
38400.0
 20
64020.0
 10
38400.0
 20
64400.0
 10
37100.0
 20
64400.0
  0
TEXT
  5
9A6
330
17
100
AcDbEntity
  8
BOM
100
AcDbText
 10
37750.0
 20
64210.0
 30
0.0
 40
180.0
  1
L100×8
 72
1
 11
37750.0
 21
64210.0
 31
0.0
100
AcDbText
 73
2
  0
LWPOLYLINE
  5
9A7
330
17
100
AcDbEntity
  8
BOM
100
AcDbPolyline
 90
4
 70
1
 10
38400.0
 20
64020.0
 10
39900.0
 20
64020.0
 10
39900.0
 20
64400.0
 10
38400.0
 20
64400.0
  0
TEXT
  5
9A8
330
17
100
AcDbEntity
  8
BOM
100
AcDbText
 10
39150.0
 20
64210.0
 30
0.0
 40
180.0
  1
1261
 72
1
 11
39150.0
 21
64210.0
 31
0.0
100
AcDbText
 73
2
  0
LWPOLYLINE
  5
9A9
330
17
100
AcDbEntity
  8
BOM
100
AcDbPolyline
 90
4
 70
1
 10
39900.0
 20
64020.0
 10
40600.0
 20
64020.0
 10
40600.0
 20
64400.0
 10
39900.0
 20
64400.0
  0
TEXT
  5
9AA
330
17
100
AcDbEntity
  8
BOM
100
AcDbText
 10
40250.0
 20
64210.0
 30
0.0
 40
180.0
  1
1
 72
1
 11
40250.0
 21
64210.0
 31
0.0
100
AcDbText
 73
2
  0
LWPOLYLINE
  5
9AB
330
17
100
AcDbEntity
  8
BOM
100
AcDbPolyline
 90
4
 70
1
 10
40600.0
 20
64020.0
 10
41500.0
 20
64020.0
 10
41500.0
 20
64400.0
 10
40600.0
 20
64400.0
  0
TEXT
  5
9AC
330
17
100
AcDbEntity
  8
BOM
100
AcDbText
 10
41050.0
 20
64210.0
 30
0.0
 40
180.0
  1
LEG
 72
1
 11
41050.0
 21
64210.0
 31
0.0
100
AcDbText
 73
2
  0
LWPOLYLINE
  5
9AD
330
17
100
AcDbEntity
  8
BOM
100
AcDbPolyline
 90
4
 70
1
 10
36000.0
 20
63640.0
 10
37100.0
 20
63640.0
 10
37100.0
 20
64020.0
 10
36000.0
 20
64020.0
  0
TEXT
  5
9AE
330
17
100
AcDbEntity
  8
BOM
100
AcDbText
 10
36550.0
 20
63830.0
 30
0.0
 40
180.0
  1
M0050
 72
1
 11
36550.0
 21
63830.0
 31
0.0
100
AcDbText
 73
2
  0
LWPOLYLINE
  5
9AF
330
17
100
AcDbEntity
  8
BOM
100
AcDbPolyline
 90
4
 70
1
 10
37100.0
 20
63640.0
 10
38400.0
 20
63640.0
 10
38400.0
 20
64020.0
 10
37100.0
 20
64020.0
  0
TEXT
  5
9B0
330
17
100
AcDbEntity
  8
BOM
100
AcDbText
 10
37750.0
 20
63830.0
 30
0.0
 40
180.0
  1
L100×8
 72
1
 11
37750.0
 21
63830.0
 31
0.0
100
AcDbText
 73
2
  0
LWPOLYLINE
  5
9B1
330
17
100
AcDbEntity
  8
BOM
100
AcDbPolyline
 90
4
 70
1
 10
38400.0
 20
63640.0
 10
39900.0
 20
63640.0
 10
39900.0
 20
64020.0
 10
38400.0
 20
64020.0
  0
TEXT
  5
9B2
330
17
100
AcDbEntity
  8
BOM
100
AcDbText
 10
39150.0
 20
63830.0
 30
0.0
 40
180.0
  1
1261
 72
1
 11
39150.0
 21
63830.0
 31
0.0
100
AcDbText
 73
2
  0
LWPOLYLINE
  5
9B3
330
17
100
AcDbEntity
  8
BOM
100
AcDbPolyline
 90
4
 70
1
 10
39900.0
 20
63640.0
 10
40600.0
 20
63640.0
 10
40600.0
 20
64020.0
 10
39900.0
 20
64020.0
  0
TEXT
  5
9B4
330
17
100
AcDbEntity
  8
BOM
100
AcDbText
 10
40250.0
 20
63830.0
 30
0.0
 40
180.0
  1
1
 72
1
 11
40250.0
 21
63830.0
 31
0.0
100
AcDbText
 73
2
  0
LWPOLYLINE
  5
9B5
330
17
100
AcDbEntity
  8
BOM
100
AcDbPolyline
 90
4
 70
1
 10
40600.0
 20
63640.0
 10
41500.0
 20
63640.0
 10
41500.0
 20
64020.0
 10
40600.0
 20
64020.0
  0
TEXT
  5
9B6
330
17
100
AcDbEntity
  8
BOM
100
AcDbText
 10
41050.0
 20
63830.0
 30
0.0
 40
180.0
  1
LEG
 72
1
 11
41050.0
 21
63830.0
 31
0.0
100
AcDbText
 73
2
  0
LWPOLYLINE
  5
9B7
330
17
100
AcDbEntity
  8
BOM
100
AcDbPolyline
 90
4
 70
1
 10
36000.0
 20
63260.0
 10
37100.0
 20
63260.0
 10
37100.0
 20
63640.0
 10
36000.0
 20
63640.0
  0
TEXT
  5
9B8
330
17
100
AcDbEntity
  8
BOM
100
AcDbText
 10
36550.0
 20
63450.0
 30
0.0
 40
180.0
  1
M0051
 72
1
 11
36550.0
 21
63450.0
 31
0.0
100
AcDbText
 73
2
  0
LWPOLYLINE
  5
9B9
330
17
100
AcDbEntity
  8
BOM
100
AcDbPolyline
 90
4
 70
1
 10
37100.0
 20
63260.0
 10
38400.0
 20
63260.0
 10
38400.0
 20
63640.0
 10
37100.0
 20
63640.0
  0
TEXT
  5
9BA
330
17
100
AcDbEntity
  8
BOM
100
AcDbText
 10
37750.0
 20
63450.0
 30
0.0
 40
180.0
  1
L100×8
 72
1
 11
37750.0
 21
63450.0
 31
0.0
100
AcDbText
 73
2
  0
LWPOLYLINE
  5
9BB
330
17
100
AcDbEntity
  8
BOM
100
AcDbPolyline
 90
4
 70
1
 10
38400.0
 20
63260.0
 10
39900.0
 20
63260.0
 10
39900.0
 20
63640.0
 10
38400.0
 20
63640.0
  0
TEXT
  5
9BC
330
17
100
AcDbEntity
  8
BOM
100
AcDbText
 10
39150.0
 20
63450.0
 30
0.0
 40
180.0
  1
1261
 72
1
 11
39150.0
 21
63450.0
 31
0.0
100
AcDbText
 73
2
  0
LWPOLYLINE
  5
9BD
330
17
100
AcDbEntity
  8
BOM
100
AcDbPolyline
 90
4
 70
1
 10
39900.0
 20
63260.0
 10
40600.0
 20
63260.0
 10
40600.0
 20
63640.0
 10
39900.0
 20
63640.0
  0
TEXT
  5
9BE
330
17
100
AcDbEntity
  8
BOM
100
AcDbText
 10
40250.0
 20
63450.0
 30
0.0
 40
180.0
  1
1
 72
1
 11
40250.0
 21
63450.0
 31
0.0
100
AcDbText
 73
2
  0
LWPOLYLINE
  5
9BF
330
17
100
AcDbEntity
  8
BOM
100
AcDbPolyline
 90
4
 70
1
 10
40600.0
 20
63260.0
 10
41500.0
 20
63260.0
 10
41500.0
 20
63640.0
 10
40600.0
 20
63640.0
  0
TEXT
  5
9C0
330
17
100
AcDbEntity
  8
BOM
100
AcDbText
 10
41050.0
 20
63450.0
 30
0.0
 40
180.0
  1
LEG
 72
1
 11
41050.0
 21
63450.0
 31
0.0
100
AcDbText
 73
2
  0
LWPOLYLINE
  5
9C1
330
17
100
AcDbEntity
  8
BOM
100
AcDbPolyline
 90
4
 70
1
 10
36000.0
 20
62880.0
 10
37100.0
 20
62880.0
 10
37100.0
 20
63260.0
 10
36000.0
 20
63260.0
  0
TEXT
  5
9C2
330
17
100
AcDbEntity
  8
BOM
100
AcDbText
 10
36550.0
 20
63070.0
 30
0.0
 40
180.0
  1
M0052
 72
1
 11
36550.0
 21
63070.0
 31
0.0
100
AcDbText
 73
2
  0
LWPOLYLINE
  5
9C3
330
17
100
AcDbEntity
  8
BOM
100
AcDbPolyline
 90
4
 70
1
 10
37100.0
 20
62880.0
 10
38400.0
 20
62880.0
 10
38400.0
 20
63260.0
 10
37100.0
 20
63260.0
  0
TEXT
  5
9C4
330
17
100
AcDbEntity
  8
BOM
100
AcDbText
 10
37750.0
 20
63070.0
 30
0.0
 40
180.0
  1
L100×8
 72
1
 11
37750.0
 21
63070.0
 31
0.0
100
AcDbText
 73
2
  0
LWPOLYLINE
  5
9C5
330
17
100
AcDbEntity
  8
BOM
100
AcDbPolyline
 90
4
 70
1
 10
38400.0
 20
62880.0
 10
39900.0
 20
62880.0
 10
39900.0
 20
63260.0
 10
38400.0
 20
63260.0
  0
TEXT
  5
9C6
330
17
100
AcDbEntity
  8
BOM
100
AcDbText
 10
39150.0
 20
63070.0
 30
0.0
 40
180.0
  1
1261
 72
1
 11
39150.0
 21
63070.0
 31
0.0
100
AcDbText
 73
2
  0
LWPOLYLINE
  5
9C7
330
17
100
AcDbEntity
  8
BOM
100
AcDbPolyline
 90
4
 70
1
 10
39900.0
 20
62880.0
 10
40600.0
 20
62880.0
 10
40600.0
 20
63260.0
 10
39900.0
 20
63260.0
  0
TEXT
  5
9C8
330
17
100
AcDbEntity
  8
BOM
100
AcDbText
 10
40250.0
 20
63070.0
 30
0.0
 40
180.0
  1
1
 72
1
 11
40250.0
 21
63070.0
 31
0.0
100
AcDbText
 73
2
  0
LWPOLYLINE
  5
9C9
330
17
100
AcDbEntity
  8
BOM
100
AcDbPolyline
 90
4
 70
1
 10
40600.0
 20
62880.0
 10
41500.0
 20
62880.0
 10
41500.0
 20
63260.0
 10
40600.0
 20
63260.0
  0
TEXT
  5
9CA
330
17
100
AcDbEntity
  8
BOM
100
AcDbText
 10
41050.0
 20
63070.0
 30
0.0
 40
180.0
  1
LEG
 72
1
 11
41050.0
 21
63070.0
 31
0.0
100
AcDbText
 73
2
  0
LWPOLYLINE
  5
9CB
330
17
100
AcDbEntity
  8
BOM
100
AcDbPolyline
 90
4
 70
1
 10
36000.0
 20
62500.0
 10
37100.0
 20
62500.0
 10
37100.0
 20
62880.0
 10
36000.0
 20
62880.0
  0
TEXT
  5
9CC
330
17
100
AcDbEntity
  8
BOM
100
AcDbText
 10
36550.0
 20
62690.0
 30
0.0
 40
180.0
  1
M0053
 72
1
 11
36550.0
 21
62690.0
 31
0.0
100
AcDbText
 73
2
  0
LWPOLYLINE
  5
9CD
330
17
100
AcDbEntity
  8
BOM
100
AcDbPolyline
 90
4
 70
1
 10
37100.0
 20
62500.0
 10
38400.0
 20
62500.0
 10
38400.0
 20
62880.0
 10
37100.0
 20
62880.0
  0
TEXT
  5
9CE
330
17
100
AcDbEntity
  8
BOM
100
AcDbText
 10
37750.0
 20
62690.0
 30
0.0
 40
180.0
  1
L90×8
 72
1
 11
37750.0
 21
62690.0
 31
0.0
100
AcDbText
 73
2
  0
LWPOLYLINE
  5
9CF
330
17
100
AcDbEntity
  8
BOM
100
AcDbPolyline
 90
4
 70
1
 10
38400.0
 20
62500.0
 10
39900.0
 20
62500.0
 10
39900.0
 20
62880.0
 10
38400.0
 20
62880.0
  0
TEXT
  5
9D0
330
17
100
AcDbEntity
  8
BOM
100
AcDbText
 10
39150.0
 20
62690.0
 30
0.0
 40
180.0
  1
5240
 72
1
 11
39150.0
 21
62690.0
 31
0.0
100
AcDbText
 73
2
  0
LWPOLYLINE
  5
9D1
330
17
100
AcDbEntity
  8
BOM
100
AcDbPolyline
 90
4
 70
1
 10
39900.0
 20
62500.0
 10
40600.0
 20
62500.0
 10
40600.0
 20
62880.0
 10
39900.0
 20
62880.0
  0
TEXT
  5
9D2
330
17
100
AcDbEntity
  8
BOM
100
AcDbText
 10
40250.0
 20
62690.0
 30
0.0
 40
180.0
  1
1
 72
1
 11
40250.0
 21
62690.0
 31
0.0
100
AcDbText
 73
2
  0
LWPOLYLINE
  5
9D3
330
17
100
AcDbEntity
  8
BOM
100
AcDbPolyline
 90
4
 70
1
 10
40600.0
 20
62500.0
 10
41500.0
 20
62500.0
 10
41500.0
 20
62880.0
 10
40600.0
 20
62880.0
  0
TEXT
  5
9D4
330
17
100
AcDbEntity
  8
BOM
100
AcDbText
 10
41050.0
 20
62690.0
 30
0.0
 40
180.0
  1
HORIZ
 72
1
 11
41050.0
 21
62690.0
 31
0.0
100
AcDbText
 73
2
  0
LWPOLYLINE
  5
9D5
330
17
100
AcDbEntity
  8
BOM
100
AcDbPolyline
 90
4
 70
1
 10
36000.0
 20
62120.0
 10
37100.0
 20
62120.0
 10
37100.0
 20
62500.0
 10
36000.0
 20
62500.0
  0
TEXT
  5
9D6
330
17
100
AcDbEntity
  8
BOM
100
AcDbText
 10
36550.0
 20
62310.0
 30
0.0
 40
180.0
  1
M0054
 72
1
 11
36550.0
 21
62310.0
 31
0.0
100
AcDbText
 73
2
  0
LWPOLYLINE
  5
9D7
330
17
100
AcDbEntity
  8
BOM
100
AcDbPolyline
 90
4
 70
1
 10
37100.0
 20
62120.0
 10
38400.0
 20
62120.0
 10
38400.0
 20
62500.0
 10
37100.0
 20
62500.0
  0
TEXT
  5
9D8
330
17
100
AcDbEntity
  8
BOM
100
AcDbText
 10
37750.0
 20
62310.0
 30
0.0
 40
180.0
  1
L90×8
 72
1
 11
37750.0
 21
62310.0
 31
0.0
100
AcDbText
 73
2
  0
LWPOLYLINE
  5
9D9
330
17
100
AcDbEntity
  8
BOM
100
AcDbPolyline
 90
4
 70
1
 10
38400.0
 20
62120.0
 10
39900.0
 20
62120.0
 10
39900.0
 20
62500.0
 10
38400.0
 20
62500.0
  0
TEXT
  5
9DA
330
17
100
AcDbEntity
  8
BOM
100
AcDbText
 10
39150.0
 20
62310.0
 30
0.0
 40
180.0
  1
5240
 72
1
 11
39150.0
 21
62310.0
 31
0.0
100
AcDbText
 73
2
  0
LWPOLYLINE
  5
9DB
330
17
100
AcDbEntity
  8
BOM
100
AcDbPolyline
 90
4
 70
1
 10
39900.0
 20
62120.0
 10
40600.0
 20
62120.0
 10
40600.0
 20
62500.0
 10
39900.0
 20
62500.0
  0
TEXT
  5
9DC
330
17
100
AcDbEntity
  8
BOM
100
AcDbText
 10
40250.0
 20
62310.0
 30
0.0
 40
180.0
  1
1
 72
1
 11
40250.0
 21
62310.0
 31
0.0
100
AcDbText
 73
2
  0
LWPOLYLINE
  5
9DD
330
17
100
AcDbEntity
  8
BOM
100
AcDbPolyline
 90
4
 70
1
 10
40600.0
 20
62120.0
 10
41500.0
 20
62120.0
 10
41500.0
 20
62500.0
 10
40600.0
 20
62500.0
  0
TEXT
  5
9DE
330
17
100
AcDbEntity
  8
BOM
100
AcDbText
 10
41050.0
 20
62310.0
 30
0.0
 40
180.0
  1
HORIZ
 72
1
 11
41050.0
 21
62310.0
 31
0.0
100
AcDbText
 73
2
  0
LWPOLYLINE
  5
9DF
330
17
100
AcDbEntity
  8
BOM
100
AcDbPolyline
 90
4
 70
1
 10
36000.0
 20
61740.0
 10
37100.0
 20
61740.0
 10
37100.0
 20
62120.0
 10
36000.0
 20
62120.0
  0
TEXT
  5
9E0
330
17
100
AcDbEntity
  8
BOM
100
AcDbText
 10
36550.0
 20
61930.0
 30
0.0
 40
180.0
  1
M0055
 72
1
 11
36550.0
 21
61930.0
 31
0.0
100
AcDbText
 73
2
  0
LWPOLYLINE
  5
9E1
330
17
100
AcDbEntity
  8
BOM
100
AcDbPolyline
 90
4
 70
1
 10
37100.0
 20
61740.0
 10
38400.0
 20
61740.0
 10
38400.0
 20
62120.0
 10
37100.0
 20
62120.0
  0
TEXT
  5
9E2
330
17
100
AcDbEntity
  8
BOM
100
AcDbText
 10
37750.0
 20
61930.0
 30
0.0
 40
180.0
  1
L90×8
 72
1
 11
37750.0
 21
61930.0
 31
0.0
100
AcDbText
 73
2
  0
LWPOLYLINE
  5
9E3
330
17
100
AcDbEntity
  8
BOM
100
AcDbPolyline
 90
4
 70
1
 10
38400.0
 20
61740.0
 10
39900.0
 20
61740.0
 10
39900.0
 20
62120.0
 10
38400.0
 20
62120.0
  0
TEXT
  5
9E4
330
17
100
AcDbEntity
  8
BOM
100
AcDbText
 10
39150.0
 20
61930.0
 30
0.0
 40
180.0
  1
5240
 72
1
 11
39150.0
 21
61930.0
 31
0.0
100
AcDbText
 73
2
  0
LWPOLYLINE
  5
9E5
330
17
100
AcDbEntity
  8
BOM
100
AcDbPolyline
 90
4
 70
1
 10
39900.0
 20
61740.0
 10
40600.0
 20
61740.0
 10
40600.0
 20
62120.0
 10
39900.0
 20
62120.0
  0
TEXT
  5
9E6
330
17
100
AcDbEntity
  8
BOM
100
AcDbText
 10
40250.0
 20
61930.0
 30
0.0
 40
180.0
  1
1
 72
1
 11
40250.0
 21
61930.0
 31
0.0
100
AcDbText
 73
2
  0
LWPOLYLINE
  5
9E7
330
17
100
AcDbEntity
  8
BOM
100
AcDbPolyline
 90
4
 70
1
 10
40600.0
 20
61740.0
 10
41500.0
 20
61740.0
 10
41500.0
 20
62120.0
 10
40600.0
 20
62120.0
  0
TEXT
  5
9E8
330
17
100
AcDbEntity
  8
BOM
100
AcDbText
 10
41050.0
 20
61930.0
 30
0.0
 40
180.0
  1
HORIZ
 72
1
 11
41050.0
 21
61930.0
 31
0.0
100
AcDbText
 73
2
  0
LWPOLYLINE
  5
9E9
330
17
100
AcDbEntity
  8
BOM
100
AcDbPolyline
 90
4
 70
1
 10
36000.0
 20
61360.0
 10
37100.0
 20
61360.0
 10
37100.0
 20
61740.0
 10
36000.0
 20
61740.0
  0
TEXT
  5
9EA
330
17
100
AcDbEntity
  8
BOM
100
AcDbText
 10
36550.0
 20
61550.0
 30
0.0
 40
180.0
  1
M0056
 72
1
 11
36550.0
 21
61550.0
 31
0.0
100
AcDbText
 73
2
  0
LWPOLYLINE
  5
9EB
330
17
100
AcDbEntity
  8
BOM
100
AcDbPolyline
 90
4
 70
1
 10
37100.0
 20
61360.0
 10
38400.0
 20
61360.0
 10
38400.0
 20
61740.0
 10
37100.0
 20
61740.0
  0
TEXT
  5
9EC
330
17
100
AcDbEntity
  8
BOM
100
AcDbText
 10
37750.0
 20
61550.0
 30
0.0
 40
180.0
  1
L90×8
 72
1
 11
37750.0
 21
61550.0
 31
0.0
100
AcDbText
 73
2
  0
LWPOLYLINE
  5
9ED
330
17
100
AcDbEntity
  8
BOM
100
AcDbPolyline
 90
4
 70
1
 10
38400.0
 20
61360.0
 10
39900.0
 20
61360.0
 10
39900.0
 20
61740.0
 10
38400.0
 20
61740.0
  0
TEXT
  5
9EE
330
17
100
AcDbEntity
  8
BOM
100
AcDbText
 10
39150.0
 20
61550.0
 30
0.0
 40
180.0
  1
5240
 72
1
 11
39150.0
 21
61550.0
 31
0.0
100
AcDbText
 73
2
  0
LWPOLYLINE
  5
9EF
330
17
100
AcDbEntity
  8
BOM
100
AcDbPolyline
 90
4
 70
1
 10
39900.0
 20
61360.0
 10
40600.0
 20
61360.0
 10
40600.0
 20
61740.0
 10
39900.0
 20
61740.0
  0
TEXT
  5
9F0
330
17
100
AcDbEntity
  8
BOM
100
AcDbText
 10
40250.0
 20
61550.0
 30
0.0
 40
180.0
  1
1
 72
1
 11
40250.0
 21
61550.0
 31
0.0
100
AcDbText
 73
2
  0
LWPOLYLINE
  5
9F1
330
17
100
AcDbEntity
  8
BOM
100
AcDbPolyline
 90
4
 70
1
 10
40600.0
 20
61360.0
 10
41500.0
 20
61360.0
 10
41500.0
 20
61740.0
 10
40600.0
 20
61740.0
  0
TEXT
  5
9F2
330
17
100
AcDbEntity
  8
BOM
100
AcDbText
 10
41050.0
 20
61550.0
 30
0.0
 40
180.0
  1
HORIZ
 72
1
 11
41050.0
 21
61550.0
 31
0.0
100
AcDbText
 73
2
  0
TEXT
  5
9F3
330
17
100
AcDbEntity
  8
TEXT
100
AcDbText
 10
72000.0
 20
72000.0
 30
0.0
 40
260.0
  1
设计说明:
 11
72000.0
 21
72000.0
 31
0.0
100
AcDbText
  0
TEXT
  5
9F4
330
17
100
AcDbEntity
  8
TEXT
100
AcDbText
 10
72000.0
 20
71550.0
 30
0.0
 40
260.0
  1
1. 本图适用于 110kV 单回路猫头型直线塔，呼高 21m。
 11
72000.0
 21
71550.0
 31
0.0
100
AcDbText
  0
TEXT
  5
9F5
330
17
100
AcDbEntity
  8
TEXT
100
AcDbText
 10
72000.0
 20
71100.0
 30
0.0
 40
260.0
  1
2. 钢材 Q345B，螺栓 8.8 级高强螺栓，焊缝三级。
 11
72000.0
 21
71100.0
 31
0.0
100
AcDbText
  0
TEXT
  5
9F6
330
17
100
AcDbEntity
  8
TEXT
100
AcDbText
 10
72000.0
 20
70650.0
 30
0.0
 40
260.0
  1
3. 主材=L160×12/L125×10/L100×8，水平=L90×8，斜材=L75×6。
 11
72000.0
 21
70650.0
 31
0.0
100
AcDbText
  0
TEXT
  5
9F7
330
17
100
AcDbEntity
  8
TEXT
100
AcDbText
 10
72000.0
 20
70200.0
 30
0.0
 40
260.0
  1
4. 横担外伸 6500mm，挂点跨距 11000mm（挂点中心距）。
 11
72000.0
 21
70200.0
 31
0.0
100
AcDbText
  0
TEXT
  5
9F8
330
17
100
AcDbEntity
  8
TEXT
100
AcDbText
 10
72000.0
 20
69750.0
 30
0.0
 40
260.0
  1
5. 所有尺寸单位 mm，标高为加工基准。
 11
72000.0
 21
69750.0
 31
0.0
100
AcDbText
  0
TEXT
  5
9F9
330
17
100
AcDbEntity
  8
TEXT
100
AcDbText
 10
72000.0
 20
69300.0
 30
0.0
 40
260.0
  1
6. 全塔共计 316 根杆件，85 个节点。
 11
72000.0
 21
69300.0
 31
0.0
100
AcDbText
  0
TEXT
  5
9FA
330
17
100
AcDbEntity
  8
TEXT
100
AcDbText
 10
72000.0
 20
68850.0
 30
0.0
 40
260.0
  1
7. 未注焊缝为周围焊，焊高 hf=6。
 11
72000.0
 21
68850.0
 31
0.0
100
AcDbText
  0
LWPOLYLINE
  5
9FB
330
17
100
AcDbEntity
  8
TITLE
100
AcDbPolyline
 90
4
 70
1
 10
98000.0
 20
2500.0
 10
116000.0
 20
2500.0
 10
116000.0
 20
8500.0
 10
98000.0
 20
8500.0
  0
TEXT
  5
9FC
330
17
100
AcDbEntity
  8
TITLE
100
AcDbText
 10
107000.0
 20
7000.0
 30
0.0
 40
400.0
  1
110kV 单回路猫头型输电铁塔施工图
 72
1
 11
107000.0
 21
7000.0
 31
0.0
100
AcDbText
 73
2
  0
TEXT
  5
9FD
330
17
100
AcDbEntity
  8
TITLE
100
AcDbText
 10
107000.0
 20
6200.0
 30
0.0
 40
300.0
  1
图号: SD11-21-01
 72
1
 11
107000.0
 21
6200.0
 31
0.0
100
AcDbText
 73
2
  0
TEXT
  5
9FE
330
17
100
AcDbEntity
  8
TITLE
100
AcDbText
 10
107000.0
 20
5500.0
 30
0.0
 40
280.0
  1
比例: 1:50  单位: mm
 72
1
 11
107000.0
 21
5500.0
 31
0.0
100
AcDbText
 73
2
  0
TEXT
  5
9FF
330
17
100
AcDbEntity
  8
TITLE
100
AcDbText
 10
107000.0
 20
4800.0
 30
0.0
 40
280.0
  1
呼高: 21000  根开: 5240
 72
1
 11
107000.0
 21
4800.0
 31
0.0
100
AcDbText
 73
2
  0
TEXT
  5
A00
330
17
100
AcDbEntity
  8
TITLE
100
AcDbText
 10
107000.0
 20
4100.0
 30
0.0
 40
280.0
  1
横担高: 16200  外伸: 6500
 72
1
 11
107000.0
 21
4100.0
 31
0.0
100
AcDbText
 73
2
  0
TEXT
  5
A01
330
17
100
AcDbEntity
  8
TITLE
100
AcDbText
 10
107000.0
 20
3400.0
 30
0.0
 40
260.0
  1
杆件: 316  节点: 85
 72
1
 11
107000.0
 21
3400.0
 31
0.0
100
AcDbText
 73
2
  0
ENDSEC
  0
SECTION
  2
OBJECTS
  0
DICTIONARY
  5
A
330
0
100
AcDbDictionary
281
1
  3
ACAD_COLOR
350
B
  3
ACAD_GROUP
350
C
  3
ACAD_LAYOUT
350
D
  3
ACAD_MATERIAL
350
E
  3
ACAD_MLEADERSTYLE
350
F
  3
ACAD_MLINESTYLE
350
10
  3
ACAD_PLOTSETTINGS
350
11
  3
ACAD_PLOTSTYLENAME
350
12
  3
ACAD_SCALELIST
350
14
  3
ACAD_TABLESTYLE
350
15
  3
ACAD_VISUALSTYLE
350
16
  3
EZDXF_META
350
2D
  0
DICTIONARY
  5
B
330
A
100
AcDbDictionary
281
1
  0
DICTIONARY
  5
C
330
A
100
AcDbDictionary
281
1
  0
DICTIONARY
  5
D
330
A
100
AcDbDictionary
281
1
  3
Model
350
1A
  3
Layout1
350
1E
  0
DICTIONARY
  5
E
330
A
100
AcDbDictionary
281
1
  3
ByBlock
350
1F
  3
ByLayer
350
20
  3
Global
350
21
  0
DICTIONARY
  5
F
330
A
100
AcDbDictionary
281
1
  3
Standard
350
2C
  0
DICTIONARY
  5
10
330
A
100
AcDbDictionary
281
1
  3
Standard
350
22
  0
DICTIONARY
  5
11
330
A
100
AcDbDictionary
281
1
  0
ACDBDICTIONARYWDFLT
  5
12
330
A
100
AcDbDictionary
281
1
  3
Normal
350
13
100
AcDbDictionaryWithDefault
340
13
  0
ACDBPLACEHOLDER
  5
13
330
12
  0
DICTIONARY
  5
14
330
A
100
AcDbDictionary
281
1
  0
DICTIONARY
  5
15
330
A
100
AcDbDictionary
281
1
  0
DICTIONARY
  5
16
330
A
100
AcDbDictionary
281
1
  3
2dWireframe
350
5A
  3
Basic
350
5B
  3
Brighten
350
5C
  3
ColorChange
350
5D
  3
Conceptual
350
5E
  3
Dim
350
5F
  3
EdgeColorOff
350
60
  3
Facepattern
350
61
  3
Flat
350
62
  3
FlatWithEdges
350
63
  3
Gouraud
350
64
  3
GouraudWithEdges
350
65
  3
Hidden
350
66
  3
JitterOff
350
67
  3
Linepattern
350
68
  3
Modeling
350
69
  3
OverhangOff
350
6A
  3
Realistic
350
6B
  3
Shaded
350
6C
  3
Shaded with edges
350
6D
  3
Shades of Gray
350
6E
  3
Sketchy
350
6F
  3
Thicken
350
70
  3
Wireframe
350
71
  3
X-Ray
350
72
  0
LAYOUT
  5
1A
330
D
100
AcDbPlotSettings
  1

  4
A3
  6

 40
7.5
 41
20.0
 42
7.5
 43
20.0
 44
420.0
 45
297.0
 46
0.0
 47
0.0
 48
0.0
 49
0.0
140
0.0
141
0.0
142
1.0
143
1.0
 70
1024
 72
1
 73
0
 74
5
  7

 75
16
 76
0
 77
2
 78
300
147
1.0
148
0.0
149
0.0
100
AcDbLayout
  1
Model
 70
1
 71
0
 10
0.0
 20
0.0
 11
420.0
 21
297.0
 12
0.0
 22
0.0
 32
0.0
 14
1e+20
 24
1e+20
 34
1e+20
 15
-1e+20
 25
-1e+20
 35
-1e+20
146
0.0
 13
0.0
 23
0.0
 33
0.0
 16
1.0
 26
0.0
 36
0.0
 17
0.0
 27
1.0
 37
0.0
 76
1
330
17
  0
LAYOUT
  5
1E
330
D
100
AcDbPlotSettings
  1

  4
A3
  6

 40
7.5
 41
20.0
 42
7.5
 43
20.0
 44
420.0
 45
297.0
 46
0.0
 47
0.0
 48
0.0
 49
0.0
140
0.0
141
0.0
142
1.0
143
1.0
 70
0
 72
1
 73
0
 74
5
  7

 75
16
 76
0
 77
2
 78
300
147
1.0
148
0.0
149
0.0
100
AcDbLayout
  1
Layout1
 70
1
 71
1
 10
0.0
 20
0.0
 11
420.0
 21
297.0
 12
0.0
 22
0.0
 32
0.0
 14
1e+20
 24
1e+20
 34
1e+20
 15
-1e+20
 25
-1e+20
 35
-1e+20
146
0.0
 13
0.0
 23
0.0
 33
0.0
 16
1.0
 26
0.0
 36
0.0
 17
0.0
 27
1.0
 37
0.0
 76
1
330
1B
  0
MATERIAL
  5
1F
102
{ACAD_REACTORS
330
E
102
}
330
E
100
AcDbMaterial
  1
ByBlock
  2

 70
0
 40
1.0
 71
1
 41
1.0
 91
-1023410177
 42
1.0
 72
1
  3

 73
1
 74
1
 75
1
 44
0.5
 73
0
 45
1.0
 46
1.0
 77
1
  4

 78
1
 79
1
170
1
 48
1.0
171
1
  6

172
1
173
1
174
1
140
1.0
141
1.0
175
1
  7

176
1
177
1
178
1
143
1.0
179
1
  8

270
1
271
1
272
1
145
1.0
146
1.0
273
1
  9

274
1
275
1
276
1
 42
1.0
 72
1
  3

 73
1
 74
1
 75
1
 94
63
  0
MATERIAL
  5
20
102
{ACAD_REACTORS
330
E
102
}
330
E
100
AcDbMaterial
  1
ByLayer
  2

 70
0
 40
1.0
 71
1
 41
1.0
 91
-1023410177
 42
1.0
 72
1
  3

 73
1
 74
1
 75
1
 44
0.5
 73
0
 45
1.0
 46
1.0
 77
1
  4

 78
1
 79
1
170
1
 48
1.0
171
1
  6

172
1
173
1
174
1
140
1.0
141
1.0
175
1
  7

176
1
177
1
178
1
143
1.0
179
1
  8

270
1
271
1
272
1
145
1.0
146
1.0
273
1
  9

274
1
275
1
276
1
 42
1.0
 72
1
  3

 73
1
 74
1
 75
1
 94
63
  0
MATERIAL
  5
21
102
{ACAD_REACTORS
330
E
102
}
330
E
100
AcDbMaterial
  1
Global
  2

 70
0
 40
1.0
 71
1
 41
1.0
 91
-1023410177
 42
1.0
 72
1
  3

 73
1
 74
1
 75
1
 44
0.5
 73
0
 45
1.0
 46
1.0
 77
1
  4

 78
1
 79
1
170
1
 48
1.0
171
1
  6

172
1
173
1
174
1
140
1.0
141
1.0
175
1
  7

176
1
177
1
178
1
143
1.0
179
1
  8

270
1
271
1
272
1
145
1.0
146
1.0
273
1
  9

274
1
275
1
276
1
 42
1.0
 72
1
  3

 73
1
 74
1
 75
1
 94
63
  0
MLINESTYLE
  5
22
102
{ACAD_REACTORS
330
10
102
}
330
10
100
AcDbMlineStyle
  2
Standard
 70
0
  3

 62
256
 51
90.0
 52
90.0
 71
2
 49
0.5
 62
256
  6
BYLAYER
 49
-0.5
 62
256
  6
BYLAYER
  0
MLEADERSTYLE
  5
2C
102
{ACAD_REACTORS
330
F
102
}
330
F
100
AcDbMLeaderStyle
179
2
170
2
171
1
172
0
 90
2
 40
0.0
 41
0.0
173
1
 91
-1056964608
 92
-2
290
1
 42
2.0
291
1
 43
8.0
  3
Standard
 44
4.0
300

342
29
174
1
175
1
176
0
178
1
 93
-1056964608
 45
4.0
292
0
297
0
 46
4.0
 94
-1056964608
 47
1.0
 49
1.0
140
1.0
294
1
141
0.0
177
0
142
1.0
295
0
296
0
143
3.75
271
0
272
9
273
9
  0
DICTIONARY
  5
2D
330
A
100
AcDbDictionary
280
1
281
1
  3
CREATED_BY_EZDXF
350
2E
  3
WRITTEN_BY_EZDXF
350
A04
  0
DICTIONARYVAR
  5
2E
330
2D
100
DictionaryVariables
280
0
  1
1.4.4 @ 2026-08-27T04:13:29.626677+00:00
  0
VISUALSTYLE
  5
5A
102
{ACAD_REACTORS
330
16
102
}
330
16
100
AcDbVisualStyle
  2
2dWireframe
 70
4
 90
0
 40
0.6
 62
7
290
0
291
0
  0
VISUALSTYLE
  5
5B
102
{ACAD_REACTORS
330
16
102
}
330
16
100
AcDbVisualStyle
  2
Basic
 70
7
 90
1
 40
0.6
 62
7
290
0
291
1
  0
VISUALSTYLE
  5
5C
102
{ACAD_REACTORS
330
16
102
}
330
16
100
AcDbVisualStyle
  2
Brighten
 70
12
 90
2
 40
0.6
 62
7
290
0
291
1
  0
VISUALSTYLE
  5
5D
102
{ACAD_REACTORS
330
16
102
}
330
16
100
AcDbVisualStyle
  2
ColorChange
 70
16
 90
2
 40
0.6
 62
8
290
0
291
1
  0
VISUALSTYLE
  5
5E
102
{ACAD_REACTORS
330
16
102
}
330
16
100
AcDbVisualStyle
  2
Conceptual
 70
9
 90
3
 40
0.6
 62
7
290
0
291
0
  0
VISUALSTYLE
  5
5F
102
{ACAD_REACTORS
330
16
102
}
330
16
100
AcDbVisualStyle
  2
Dim
 70
11
 90
2
 40
0.6
 62
7
290
0
291
1
  0
VISUALSTYLE
  5
60
102
{ACAD_REACTORS
330
16
102
}
330
16
100
AcDbVisualStyle
  2
EdgeColorOff
 70
22
 90
2
 40
0.6
 62
7
290
0
291
1
  0
VISUALSTYLE
  5
61
102
{ACAD_REACTORS
330
16
102
}
330
16
100
AcDbVisualStyle
  2
Facepattern
 70
15
 90
2
 40
0.6
 62
7
290
0
291
1
  0
VISUALSTYLE
  5
62
102
{ACAD_REACTORS
330
16
102
}
330
16
100
AcDbVisualStyle
  2
Flat
 70
0
 90
2
 40
0.6
 62
7
290
0
291
1
  0
VISUALSTYLE
  5
63
102
{ACAD_REACTORS
330
16
102
}
330
16
100
AcDbVisualStyle
  2
FlatWithEdges
 70
1
 90
2
 40
0.6
 62
7
290
0
291
1
  0
VISUALSTYLE
  5
64
102
{ACAD_REACTORS
330
16
102
}
330
16
100
AcDbVisualStyle
  2
Gouraud
 70
2
 90
2
 40
0.6
 62
7
290
0
291
1
  0
VISUALSTYLE
  5
65
102
{ACAD_REACTORS
330
16
102
}
330
16
100
AcDbVisualStyle
  2
GouraudWithEdges
 70
3
 90
2
 40
0.6
 62
7
290
0
291
1
  0
VISUALSTYLE
  5
66
102
{ACAD_REACTORS
330
16
102
}
330
16
100
AcDbVisualStyle
  2
Hidden
 70
6
 90
1
 40
0.6
 62
7
290
0
291
0
  0
VISUALSTYLE
  5
67
102
{ACAD_REACTORS
330
16
102
}
330
16
100
AcDbVisualStyle
  2
JitterOff
 70
20
 90
2
 40
0.6
 62
7
290
0
291
1
  0
VISUALSTYLE
  5
68
102
{ACAD_REACTORS
330
16
102
}
330
16
100
AcDbVisualStyle
  2
Linepattern
 70
14
 90
2
 40
0.6
 62
7
290
0
291
1
  0
VISUALSTYLE
  5
69
102
{ACAD_REACTORS
330
16
102
}
330
16
100
AcDbVisualStyle
  2
Modeling
 70
10
 90
2
 40
0.6
 62
7
290
0
291
0
  0
VISUALSTYLE
  5
6A
102
{ACAD_REACTORS
330
16
102
}
330
16
100
AcDbVisualStyle
  2
OverhangOff
 70
21
 90
2
 40
0.6
 62
7
290
0
291
1
  0
VISUALSTYLE
  5
6B
102
{ACAD_REACTORS
330
16
102
}
330
16
100
AcDbVisualStyle
  2
Realistic
 70
8
 90
2
 40
0.6
 62
7
290
0
291
0
  0
VISUALSTYLE
  5
6C
102
{ACAD_REACTORS
330
16
102
}
330
16
100
AcDbVisualStyle
  2
Shaded
 70
27
 90
2
 40
0.6
 62
7
290
0
291
0
  0
VISUALSTYLE
  5
6D
102
{ACAD_REACTORS
330
16
102
}
330
16
100
AcDbVisualStyle
  2
Shaded with edges
 70
26
 90
2
 40
0.6
 62
7
290
0
291
0
  0
VISUALSTYLE
  5
6E
102
{ACAD_REACTORS
330
16
102
}
330
16
100
AcDbVisualStyle
  2
Shades of Gray
 70
23
 90
2
 40
0.6
 62
7
290
0
291
0
  0
VISUALSTYLE
  5
6F
102
{ACAD_REACTORS
330
16
102
}
330
16
100
AcDbVisualStyle
  2
Sketchy
 70
24
 90
1
 40
0.6
 62
7
290
0
291
0
  0
VISUALSTYLE
  5
70
102
{ACAD_REACTORS
330
16
102
}
330
16
100
AcDbVisualStyle
  2
Thicken
 70
13
 90
2
 40
0.6
 62
7
290
0
291
1
  0
VISUALSTYLE
  5
71
102
{ACAD_REACTORS
330
16
102
}
330
16
100
AcDbVisualStyle
  2
Wireframe
 70
5
 90
0
 40
0.6
 62
7
290
0
291
0
  0
VISUALSTYLE
  5
72
102
{ACAD_REACTORS
330
16
102
}
330
16
100
AcDbVisualStyle
  2
X-Ray
 70
25
 90
2
 40
0.5
 62
7
290
0
291
0
  0
DICTIONARYVAR
  5
A04
330
2D
100
DictionaryVariables
280
0
  1
1.4.4 @ 2026-08-27T04:13:29.664034+00:00
  0
ENDSEC
  0
EOF
